dataset,prediction,reference,duration_s,audio_id,sample_wer
labeled_linagora_cs_arabize,قمزلت مقتنع ليتي تحب تبطل جسبا يقعد معايا,و الله لا وراس لا و الله مقتنع و الله اسمعني س ديجا,7.776000022888184,amenyKH_0000006_0000006_0002012_partie0000001_0000003_chunk_0000259_06_06_2012_partie1_3_chunk_259_0,1.0
labeled_linagora_cs_arabize,stifte,استفتاء,1.2640000581741333,estefte_31640_0,1.0
labeled_linagora_cs_arabize,يكري كاربة,يكري كرهبة,0.8799999952316284,ar--2389_1.25.wav_2389_1.25_0,0.5
labeled_linagora_cs_arabize,عبضنا شيسلطفلة,عبد الله مشى سال طفلة,1.527999997138977,ar--3084_1.5.wav_3084_1.5_0,1.0
labeled_linagora_cs_arabize,هذي غالتي مش غالت,هاذي غلطتي مش غلطتك,2.2160000801086426,TunSwitchTO_0000003_0000014_0000038_d0000003f_3_14_38_d3f_0,0.75
labeled_linagora_cs_arabize,ا   ميداي على خاطر فما بيت تسمع فيك ويهمها للي تحكي فيه وكل ي كار ا يو ويخمو معناها,بودكاستينق يت ماكس ماي داي على خاطر فمة عباد تسمع فيك و يهمها لي تحكي فيه و كل و ذاي كير اباوت يو و يخمموا معناها,9.5600004196167,0000662_0000150_0000000_662_150_0_0,0.6923076923076923
labeled_linagora_cs_arabize,يطفيو الضوء خلي قطر وا إلا الإمارات تهز حتى كاسالحومه توا تشوف الدنيا كيفاش تتقلب,يطفيو الضو خلي قطر ولا الامارات تهز حتى كاس الحومة توا تشوف دنيا كيفاش تتقلب,6.423999786376953,TunSwitchTO_0000047_0000019_0000047_vc0000000_47_19_47_vc0_0,0.4666666666666667
labeled_linagora_cs_arabize,عبدالله سال لمعا في اليشي,عبد الله سال لمرا في القيشي,1.8480000495910645,ar--3098_1.5.wav_3098_1.5_0,0.6666666666666666
labeled_linagora_cs_arabize,كل كوم ه قصر العدالة الجديدة اللي تبناء كوم آخر اللي هو خوك زوكر بارق ربي فضلو بنانها القسر هذيا البلو,كله كوم و ها قصر العداله الجديد الي تبنا كوم آخر الي هو خوك زكربرك ربي يفضله بنلنا ها القصر هذايا البلو,8.711999893188477,youtube_87c6FBEaEWU_0,0.6818181818181818
labeled_linagora_cs_arabize,اللي هو فيسبوك,الي هو فيسبوك,1.055999994277954,youtube_87c6FBEaEWU_1,0.3333333333333333
labeled_linagora_cs_arabize,خويا ابني ونا قسر عدلة اسمو فيسبوك ولبسونا محامين الكل بالزرق,يا اخويا ابنونا قصر عداله اسمه فيسبوك ولبسلنا المحامين الكل بالازرق,4.439000129699707,youtube_87c6FBEaEWU_2,0.8181818181818182
labeled_linagora_cs_arabize,مع احترامتي لكل المهن أننا احترام المهن اللي كن سببتهم فقراسي,مع احتراماتي لكل المهن انا نحترم المهن الكل سبابتهم فوق راسي,4.216000080108643,youtube_87c6FBEaEWU_3,0.6363636363636364
labeled_linagora_cs_arabize,ماش دخلك بربي عىترحوما خذار ززار نجار على وزن آر كلهم هذوما شدخلكم تحب توليه قضات,اما آش دخلك بربي عطار الحومه خضار جزار نجار على وزن ار الكلهم هذوما آش دخلكم تحب تولي قضاة,6.168000221252441,youtube_87c6FBEaEWU_4,0.631578947368421
labeled_linagora_cs_arabize,ناقشوا في قضات اللي هما قارين قريت على روحكتوليد قاذي,تناقشوا في قضاه الي هوما قارين قريت على روحك وليت قاضي,3.0399999618530273,youtube_87c6FBEaEWU_5,0.6363636363636364
labeled_linagora_cs_arabize,شو امناقشضي فيسبوك يبطل تو قسر العدالة,شنوا المناقش هاذيا الفيسبوك يبطل توا قصر العداله,2.864000082015991,youtube_87c6FBEaEWU_6,0.875
labeled_linagora_cs_arabize,مدة ي عمومي ولا النيابة العمومية ولا كذا يربعو يديهم ويستناو سي زيد الزيادي وسي زعطوت منبقال,مدعي عمومي ولا النيابه العموميه ولا كذا يربع ايديهم ويستن سي زيد الزيادي وسي زعطوط ابن قال,6.6479997634887695,youtube_87c6FBEaEWU_7,0.5882352941176471
labeled_linagora_cs_arabize,في الفيسبooك,في الفيسبوك بن شكون,1.2549999952316284,youtube_87c6FBEaEWU_8,0.75
labeled_linagora_cs_arabize,البقار,يحكموا هما بن بوقال بن بوقال اي,1.6799999475479126,youtube_87c6FBEaEWU_9,1.0
labeled_linagora_cs_arabize,يحكمهميحكمذوما سذوما واحنا نسمهم,يحكموا هما اي نعم يحكموا هذوما الناس هذوما واحنا نسمعهم,3.7039999961853027,youtube_87c6FBEaEWU_10,0.9
labeled_linagora_cs_arabize,ربي نقسم المناقشات في المردية القانونية وعاش من عرف قدره وجلس دونه,بربي نقصهم من المناقشات في الامور هاذي القانونيه وعاش من عرف قدره وجلس دونه دونه انا معك,5.992000102996826,youtube_87c6FBEaEWU_11,0.5294117647058824
labeled_linagora_cs_arabize,اما بعد نقول ايا توا الجمعة هاذى مثلا هي دي في انا من اليوم نهار الثنين باش نولي ركز فالكلاس ونولي نكتب,اما بعد نقول ايا توا الجمعة هاذي مثلا ايا ديفي انا من اليوم للنهار الاثنين باش نولي نركز فال كلاس و نولي نكتب,7.072000026702881,0000027_0000080_0000001_27_80_1_0,0.4782608695652174
labeled_linagora_cs_arabize,boфriwa,بوفريوى,1.5199999809265137,boufriwa_31723_0,1.0
labeled_linagora_cs_arabize,e c'est pas par hasard on s'adresse au professionnel keritoonc rapport laخr mtaع smart capital,اي سي با بار ازار كان اون سادريس او بروفيسيونال كان ريتو يمكن ال رابور لخر متاع سمارت كابيتال,4.895999908447266,0000004_0000014_4_14_0,1.0
labeled_linagora_cs_arabize,تحبش يتجي معايا,تحبشي تجي معايا,1.656000018119812,ar--3407_0.75.wav_3407_0.75_0,0.6666666666666666
labeled_linagora_cs_arabize,مانعرفش مناها رو باهي ورو خاي بجملة حسيلو,و منعرفش شمعناها رانق باهي و رانق خايب جملة حاصيلو,3.368000030517578,0000027_0000344_0000001_27_344_1_0,0.9
labeled_linagora_cs_arabize,يخري,يقري,0.8640000224113464,ar--2327_0.75.wav_2327_0.75_0,1.0
labeled_linagora_cs_arabize,وسائل الإعلام ونشوفوا م النا,وسائل الاعلام و الي نشوفوا معناتها ناس ت ت,2.3359999656677246,amenyKH_0000006_0000006_0002012_partie0000006_chunk_0000196_06_06_2012_partie6_chunk_196_0,0.8888888888888888
labeled_linagora_cs_arabize,مشيت لحوانة السبار الكل في المدينة هاذي,مشيت لحوانت السبور الكل في المدينة هاذي,5.328000068664551,ar--3551_0.75.wav_3551_0.75_0,0.2857142857142857
labeled_linagora_cs_arabize,الصف,الصف,0.5040000081062317,ar--1289_1.wav_1289_1_0,0.0
labeled_linagora_cs_arabize,ما ب اوكاجربو ن اسي ن سي دشانجي ل شو هذيك لل ار أكثر حاجه طاف منها تنجم تسيرلك في القدمه,مي بون هوكا نجربوا اون اساي اون اساي دي شانجي لي شوز هاذيكا لي بلوس امبورطان اكثر حاجة تخاف منها تنجم تصيرلك في الخدمة,7.343999862670898,0000038_0000137_0000001_38_137_1_0,0.875
labeled_linagora_cs_arabize,الفرصة هذيا تنجمو تعملو طلع على صفحة البرد غاديك تخلو اكثر تفاصيل ومهم نحاولو كل مرة نقدمو عدد من الفرص للستارتاب اليوم اللي قاعدين في ظروف صعيبة هي اليوم متفاهمين ولكن,الفرصة هاذيا تنجمو تعملو طلة على صفحة البيرد غاديكا تاخطو اكثر تفاصيل و مهم نحاولو كل مرة نقدمو عدد من الفرص لل لي ستارتوب ليوما الي قاعدين في ظروف صعيبة هيا اليوم متفاهمين و لكن,15.031999588012695,0000011_sub_audio_chunk_0000001_11_sub_audio_chunk_1_0,0.42857142857142855
labeled_linagora_cs_arabize,ivodi,الفولاي,0.5519999861717224,ar--1584_1.5.wav_1584_1.5_0,1.0
labeled_linagora_cs_arabize,وقطعتني يومز,و قطعتني امي يا سيد,1.1920000314712524,0000021_0000203_21_203_0,1.0
labeled_linagora_cs_arabize,أي كريت بيت تحفونا غادي,اي كريت بيت تحفونة غادي,2.5199999809265137,ar--3041_1.wav_3041_1_0,0.4
labeled_linagora_cs_arabize,قاعدة يجينو الساعة تسلفية كان بالحق ولمفدلك,قعدت قعدت يجي نص ساعة تسال فيا كان بالحق ولا نفدلك و,3.0480000972747803,TunSwitchTO_0000114_0000022_0000031_hz0000007_114_22_31_hz7_0,0.8333333333333334
labeled_linagora_cs_arabize,и жiвох вашык неонто,يجيوك برشا كلييونات,2.247999906539917,ar--3505_0.75.wav_3505_0.75_0,1.3333333333333333
labeled_linagora_cs_arabize,اسمعني من اللوع خوذ الميترو,اسمعني من الاول خوذ الميترو,2.8959999084472656,ar--3573_0.75.wav_3573_0.75_0,0.2
labeled_linagora_cs_arabize,اللي موجودة على نساء السودوات في العالم ككل,الي موجودة عالنساء السودوات في العالم ككل,3.9200000762939453,0000050_0000132_0000001_50_132_1_0,0.42857142857142855
labeled_linagora_cs_arabize,بعيد,بعيد,0.6079999804496765,ar--1314_1.wav_1314_1_0,0.0
labeled_linagora_cs_arabize,بطل خويا مريش بابكااب بطل طريقه وأنا معنته ازمتيك مجرت الدخمات,بطل خويا ماللي شاف بابا هكاكة وبابا بطل تويكة وآنا معناتها من جرة الدخان هاذا ازمتيك ديجا,6.296000003814697,amenyKH_0000006_0000006_0002012_partie0000001_0000002_chunk_0000002_06_06_2012_partie1_2_chunk_2_0,0.8235294117647058
labeled_linagora_cs_arabize,يظهر اللي نجم نلقى كل شيء كان ما لقيتش توى نطلبك,يظهرلي نجم نلق كل شيء كان من القيتش توا نطلبك,4.223999977111816,ar--3582_1.wav_3582_1_0,0.6
labeled_linagora_cs_arabize,أيا  يتنفس بالب  م تجري مع العلم نقبكن جري مع الفريق قومالفريقوم,بارمي الاشياء انو الانسان ما عادش ينجم يتنفس بالباهي ما عادش تنجم تجري مع العلم اني قبل كنت نجري مع الفريق القومي وصلت نجري مع الفريق القومي,7.664000034332275,amenyKH_0000006_0000006_0002012_partie0000003_chunk_0000041_06_06_2012_partie3_chunk_41_0,0.7777777777777778
labeled_linagora_cs_arabize,نارين كاملين مننهار كتوبر ومخرجةكنهار كتبر النهار الي ملبست في حوايج عاديين بل بالعاني لبست حواي مرمدتهم ومسختهم بدلت ملامحوجها وعملت مكاش ميشبه جمل وحد,نهارين كاملين من نهار سبعة و عشرين اكتوبر وما خرجت كان نهار تسعة و عشرين اكتوبر النهار الي ما لبستش فيه حوايج عاديين بل بالعاني لبست حوايج مرمدتهم ومسختهم بدلت ملامح وجها وعملت مكياج ما يشبهاش جمله واحده عملت روحها,13.008000373840332,segment_0000707_segment_707_0,0.7
labeled_linagora_cs_arabize,وناخذوا بخاطر بعضنا في كل شيء,و ناخذو بخاطر بعضنا في كل شيء,1.6080000400543213,0000023_0000058_23_58_0,0.2857142857142857
labeled_linagora_cs_arabize,مختلفين في رؤيتكم للأشياء,مختلفين في ريتكم للاشياء,1.9919999837875366,amenyKH_Hkayet_Tounsia_S0000002_Episode_0000028_0000026_0000003_0002018_Partie_0000003_Sync0000207_no_speaker_0002012.0000043_0002014.0000042_Hkayet_Tounsia_S02_Episode_28_26_03_2018_Partie_03_Sync207_no_speaker_2012.43_2014.42_0,0.5
labeled_linagora_cs_arabize,ما غريب تجي سلاعة باش يشوف بو هومو,اما قريب تجي الصلاعة باش يشوف بوه ومو,4.736000061035156,ar--3632_0.75.wav_3632_0.75_0,0.625
labeled_linagora_cs_arabize,بربي تخيلو تخيلو معاي الخبار خمسة شباب أبطال يدرسون في معهد مون فلوري ينينقذون فتاة تم تحويل وجهتها الى دموس السيدة,بربي تخيلو معايا لخبر خمسة شباب ابطال يدرسون في معهد مونتفليوري ينقذون فتاة تم تحويل وجهتها الي داموس السيدة,9.447999954223633,0000023_0000154_23_154_0,0.47368421052631576
labeled_linagora_cs_arabize,حلف لالع,يمكن ما سمعتنيش انت,3.2160000801086426,amenyKH_MIC0000001_mod_0000011_chunk_0000013_MIC00001_mod_11_chunk_13_0,1.0
labeled_linagora_cs_arabize,المعثار,المطار,0.984000027179718,ar--1842_0.75.wav_1842_0.75_0,1.0
labeled_linagora_cs_arabize,على مصلحة بلادو مش يسانت في حزب فاسق وسارق يا باهي,على مصلحة بلادو مش يساند في حزب فاسق وسارق يا باهي,3.4639999866485596,TunSwitchTO_0000112_0000000_0000020_r0000008j_112_00_20_r8j_0,0.09090909090909091
labeled_linagora_cs_arabize,النهار قلت الها ماشينشر بقهوة وقالت لي مافماش خروج يزم يهملة دخت من البهتة يعم,نهار قلتلها ماشية نشرب قهوة قالتلي ما فماش خروج يزي من الهملة دخت من البهتة يعنى,6.248000144958496,TunSwitchTO_0000064_0000015_0000033_0000000wj_64_15_33_0wj_0,0.75
labeled_linagora_cs_arabize,يفاش الصغر الكله بيتهم يقريوهم وأنا بابا عمر لاشد,كيفاش الصغار الكل اباتهم يقريوهم و انا بابا عمرو لا شد,3.303999900817871,TunSwitchTO_0000106_0000011_0000033_uax_106_11_33_uax_0,0.8181818181818182
labeled_linagora_cs_arabize,,التاي لكحل,0.7279999852180481,ar--1380_1.5.wav_1380_1.5_0,1.0
labeled_linagora_cs_arabize,فاللي قبل الباك انا نقرا فيه وقتها,الصيف الي قبل الباك انا نقرى فيه وقتها,3.671999931335449,0000027_0000073_0000000_27_73_0_0,0.375
labeled_linagora_cs_arabize,قالك امرأة كبيرة قاعدة تحت للكليماتيزر في قلب الصيف وتعمل ي,قاللك امرا كبيره قاعده تحت لي كليماتيزور في قلب الصيف وتعمل ايهه,5.335999965667725,youtube_J5lMF7HUJIs_0,0.5833333333333334
labeled_linagora_cs_arabize,ن شاالله عظمات في الجنة ا ن كا ن,ان شاء الله عظيماتو في الجنه الي صنعه قالت لها مرة ولدها كافر الي صنعه,4.992000102996826,youtube_J5lMF7HUJIs_1,0.9333333333333333
labeled_linagora_cs_arabize,ه ن ا مقرونة جاري,قالتلها توا تدخليله انت الجنه عملتلنا مقرونه جاري في ها الشهيلي,3.421999931335449,youtube_J5lMF7HUJIs_2,0.9090909090909091
labeled_linagora_cs_arabize,ولا هكا باش ناخدو الفخص انا هوني باش نحاول نعملها كعبه كبيرة ولا ناخذو لكوتا هدوما ونلموهم هكا,بالورقه فوالا هك باش ناخذو الفاس انا هوني باش نحاول نعملها كعبه كبيره فوالا ناخذو لي كوتي هذوما ونلموهم هكة,13.760000228881836,segment_0000013_segment_13_0,0.55
labeled_linagora_cs_arabize,على خاطر انتي كي كنت تحدث طواسي محمد بالنسبه لسوايع العمل هما ربع صباح و أربعة العشياصفي ثماني سوايع كيما قبل,على خاطر انت ككنت تتحدث توا آه سي محمد ب بالنسبة لسوايع العمل هوما اربعة صباح و اربعة العشية سى فاي ثمنية سوايع كيما قبل,8.071999549865723,amenyKH_MOSAIQUEFM_FORUM_0210912_0000003_chunk_0000007_MOSAIQUEFM_FORUM_210912_3_chunk_7_0,0.6
labeled_linagora_cs_arabize,ihez,يهز,0.5600000023841858,ar--1941_1.wav_1941_1_0,1.0
labeled_linagora_cs_arabize,عملك وليدي بكيت حطانا نهارتها و بعد مشيت نسيت وتلهيت,عملك وليدي بكيت حتى انا نهارتها و بعد مشيت و نسيت و تلهيت,4.0,TunSwitchTO_0000115_0000011_0000059_oav_115_11_59_oav_0,0.38461538461538464
labeled_linagora_cs_arabize,شنو لازمني نعمل باش نشوف حالة طلب حاجتي باش كون عاوني نشوف حالة طلب عاوني نعمل مسار للطلب شنهو لازمني نعمل باش نثبت الطلب متاعي,شنو لزمني نعمل باش نشوف حالة الطلب حاشتي بشكون يعوني نشوف حالة الطلب عاوني نعمل مسار للطلب شنو لزمني نعمل باش نثبت طلب متاعي,11.944000244140625,segment_0000088_segment_88_0,0.4166666666666667
labeled_linagora_cs_arabize,ش ناقفو من باد,وين باش ناقفوا من بعد,1.6160000562667847,TunSwitchTO_0000003_0000021_0000055_kxl_3_21_55_kxl_0,0.8
labeled_linagora_cs_arabize,أجلن,انا جيت الهوني نطل على واحد كهو,1.496000051498413,ar--3388_1.5.wav_3388_1.5_0,1.0
labeled_linagora_cs_arabize,نا الي  ل ل,ايكسكتمن باهي احنا اليوم سيتي له جور ده رنتره معناتها س اون جراند دسبسيون,3.8320000171661377,amenyKH_partie0000003_chunk_0000073_partie3_chunk_73_0,1.0
labeled_linagora_cs_arabize,ح一,خايب,0.527999997138977,ar--2157_1.5.wav_2157_1.5_0,1.0
labeled_linagora_cs_arabize,yusha,يوجع,0.5680000185966492,ar--1848_1.wav_1848_1_0,1.0
labeled_linagora_cs_arabize,你tpls,من غدوة تمد عبد الله على الشط,1.6480000019073486,ar--3035_1.5.wav_3035_1.5_0,1.0
labeled_linagora_cs_arabize,يبوس حد,يبوس حد,0.9760000109672546,ar--2126_1.wav_2126_1_0,0.0
labeled_linagora_cs_arabize,وانا معناها م الليكريت الدار انه بشلي ناكل ماكلة هلتي خاطر بادني تعب من الماكلة نتاع الشيرعلي ناكل فيها والغيط نتاع الفك صعيب وكلماشي ذحاب,و انا معناها مال ريزنز الي كريت الدار انو باش نولي ناكل ماكلة هيلثي خاطر بدني تعب من الماكلة متاع الشارع الي ناكل فيها و ال ريتم مع الفاك الصعيب و كلمشي دونك حبيت,9.871999740600586,0000060_0000057_0000001_60_57_1_0,0.7058823529411765
labeled_linagora_cs_arabize,كان حاجة   كان حاج في بيتي,كان حاجة فيزيكال اكسبت يت كان حاجة في طبيعتك,3.5439999103546143,Melekher0000009_0000105_0000004_Melekher9_105_4_0,0.5555555555555556
labeled_linagora_cs_arabize,بعد الصار رب بشة والبجاج بتاعه رزين ياسر,بعد السفر تعب برشا و الباقاج متاعو رزين ياسر,3.9760000705718994,ar--3338_1.25.wav_3338_1.25_0,0.6666666666666666
labeled_linagora_cs_arabize,باش نجمو نلنصيو بكو دستارت اب بكب دبروجي على خاطر نأنا بو أفوير ون فون من عندهم,باش نجمو نلنصيو بوكو دي ستارتوب بوكو دي بروجي غلى خاطر اون ا بو افوار ان فون من عندهم,7.71999979019165,0000008_0000028_8_28_0,0.5789473684210527
labeled_linagora_cs_arabize,جزربا موريرا كانتلي في الحياة,تجربة مريرة كانت لي في الحياة,1.9279999732971191,amenyKH_0000006_0000006_0002012_partie0000001_0000003_chunk_0000214_06_06_2012_partie1_3_chunk_214_0,0.6666666666666666
labeled_linagora_cs_arabize,سسامب العالخ خاطر احنا في تونس عندنا القوانين أما أسك احنا نطبقو فيهم في المجتمع,سي سامبل عاللخر خاطر احنا في تونس عنا القوانين اما ايس كي احنا نطبقوا فيهم في المجتمع,6.007999897003174,0000052_0000088_0000001_52_88_1_0,0.47058823529411764
labeled_linagora_cs_arabize,عظيم يعيش معناها اصلو قبتي مصري وعاش فيفي انجليترا في باريز عفوا كان كل يوم يبدل السورا ما يغسلش كل يوم يشري سورا يبدلها سكن في بيتوتين لمدة خمسه وربعين سنين,يعيش معناها اصلو قبطي مصري و عاش في انقلتر في باريس عفوا كان كل يوم يبدل السورية ما يغسلش كل يوم يشري سورية يبدلها سكن في بيت اوتيل لمدة خمسة و اربعين سنه,14.887999534606934,segment_0000309_segment_309_0,0.45454545454545453
labeled_linagora_cs_arabize,عبضالله حاشدو pروس,عبد الله حاجتو بفلوس,2.1600000858306885,ar--3094_1.25.wav_3094_1.25_0,1.0
labeled_linagora_cs_arabize,defie bemon,ديفيلي دو مود,1.6799999475479126,ar--2038_0.75.wav_2038_0.75_0,1.0
labeled_linagora_cs_arabize,,ينقل,0.5040000081062317,ar--1746_1.5.wav_1746_1.5_0,1.0
labeled_linagora_cs_arabize,اتمي,التمبري,0.5839999914169312,ar--1796_1.25.wav_1796_1.25_0,1.0
labeled_linagora_cs_arabize,صلحو بدلو يعايشي,صلحه او بدله يعيشك,2.503999948501587,TunSwitchTO_0000003_0000012_0000047_l0000007u_3_12_47_l7u_0,1.0
labeled_linagora_cs_arabize,ا بحظة مراد وبدا تسجل أكيد في مراد تو تحيرة عليه روجلة وموش يصب صحابه على رغمه انه كان في حال الظعف وتحت التهديد وكان يعطي فيها في أسامي ما نخيله ونوامر بالزهر وماكانش زادة في باله بلي كل حاجة,بحذا مراد وبدات تسجل اكيد سي مراد توا تحيرت عليه رجله وما هو ش باش يصب باصحابو على رغم انه كان في حاله ضعف وتحت التهديد وكان يعطي فيها في اسامي من خيالو ونوامر بالزهر وما كان ش زادة في بالو باللي كل حاجه,12.800000190734863,segment_0000738_segment_738_0,0.5681818181818182
labeled_linagora_cs_arabize,وديما نحس روحخايف,وديما نحس روحي خايف,1.3040000200271606,amenyKH_La_Dépression_HM_0000004_denoised_Sync0000008_no_speaker_0000032.0000044_0000033.0000077_La_Dépression_HM_4_denoised_Sync008_no_speaker_32.44_33.77_0,0.5
labeled_linagora_cs_arabize,خطر بطبيعتي نسيتها القرايا وعفت كل شي كنروح نمشي طول ندوش,على خاطر بطبيعتي نسيتها القراية و عفت كل شيء كي نروح نمشي طول ندوش,3.6640000343322754,TunSwitchTO_0000062_0000022_0000017_0000003f0000004_62_22_17_3f4_0,0.5714285714285714
labeled_linagora_cs_arabize,ايربوتس نشوف الجلاصة كالم,ايربود نمشيوا لبلاصة كالم,3.2079999446868896,0000070_0000118_0000001_70_118_1_0,0.75
labeled_linagora_cs_arabize,بلادنا وعلى معناها مستقبل والأجيال الجاية,بلادنا و على معناها مستقبل الاجيال الجاية,5.335999965667725,0000049_0000192_0000001_49_192_1_0,0.42857142857142855
labeled_linagora_cs_arabize,sabura,صبورا,1.2719999551773071,sabboura_28265_0,1.0
labeled_linagora_cs_arabize,عند خو معاق ش م خو معاقا نم في معاق,عندو خوه معاق تي هو شك في مع خوه معاق الي انا نخدم في معاق,3.9679999351501465,amenyKH_0000008_chunk_0000595_008_chunk_595_0,0.8
labeled_linagora_cs_arabize,mureni,موغني,1.2640000581741333,moughenni_3635_0,1.0
labeled_linagora_cs_arabize,نأكد على أهمية أنه الإنسان اللي بطل,ناكد على اهمية انو الانسان الي يبطل,2.808000087738037,amenyKH_0000006_0000006_0002012_partie0000006_chunk_0000130_06_06_2012_partie6_chunk_130_0,0.8571428571428571
labeled_linagora_cs_arabize,الف,المطار,0.5199999809265137,ar--1861_1.5.wav_1861_1.5_0,1.0
labeled_linagora_cs_arabize,الناس العايشة قلو,الناس العايشة قلو,1.312000036239624,TunSwitchTO_0000003_0000018_0000027_r0000075_3_18_27_r75_0,0.0
labeled_linagora_cs_arabize,الشريو,الشاريو,0.7919999957084656,ar--1872_1.wav_1872_1_0,1.0
labeled_linagora_cs_arabize,أنا اللعبد يقوللي جاني بشيوني بشا صحابي كل يوم عنا بدا يزيد شتد ويحبو يعملوا حاجة تشتد ويسألوني في رايو كل شي,انا لعبد يقولي يجيوني برشا صحابي كل يوم معناها ب دي ايدي جدد و يحبوا يعملوا حاجات جدد و يسالوني في رايي و كل شيء,7.447999954223633,0000044_0000042_0000001_44_42_1_0,0.8
labeled_linagora_cs_arabize,وبتلي لجع,و بت الليلة جيعان,1.0,0000020_0000091_20_91_0,1.0
labeled_linagora_cs_arabize,yeشرi,يشري,0.6399999856948853,ar--1653_1.wav_1653_1_0,1.0
labeled_linagora_cs_arabize,موجودة في العالم كامل وليما زالت متواصلة في وسط ازمة كورونا فما برشا افكار جديدة صارت فيما يخص الهالف تاك والا التكنولوجيا الموجهة للصحة مبعد شوية,موجودة في العالم كامل و الي مازات متواصلة في وسط ازمة كورونا فمة برشا افكار جديدة صارت فيما يخص ال هيلث تيك و الا التكنولوجيا الموجهة للصحة بعد شوية,11.815999984741211,0000014_sub_audio_chunk_0000003_14_sub_audio_chunk_3_0,0.3448275862068966
labeled_linagora_cs_arabize,يجان يسئلفيما وين ينجم لقةتاكسي,مشى يسال في مرا وين ينجم يلقى تاكسي,2.6640000343322754,ar--3063_1.25.wav_3063_1.25_0,0.75
labeled_linagora_cs_arabize,نتاع تمياز عصري في لغتنا بعيدها ن عندنا برشا كلمات,متاع تمييز عنصري فلوغتنا بيدها عنا برشا كلمات,7.0879998207092285,0000051_0000147_0000000_51_147_0_0,1.0
labeled_linagora_cs_arabize,نحبو في ساعة مما نطلعو كديش منها الدولة زيد مانحبوش نتعبو,انحبو فيسع ما نطلعو كداش منها الدوله ازاد ما انحبوش نتعبو,6.776000022888184,TunSwitchTO_0000085_0000015_0000004_e0000084_85_15_04_e84_0,0.8181818181818182
labeled_linagora_cs_arabize,iji,الجنينة,0.5920000076293945,ar--1422_1.25.wav_1422_1.25_0,1.0
labeled_linagora_cs_arabize,مرا ماشي المدرسة,مرة ماشي للمدرسة,0.9279999732971191,amenyKH_Personnalité_Multiple_HM_E0000001_denoised_Sync0000056_no_speaker_0000119.0000092_0000120.0000092_Personnalité_Multiple_HM_E1_denoised_Sync056_no_speaker_119.92_120.92_0,0.6666666666666666
labeled_linagora_cs_arabize,الي هو كيما نقولو  معنا  و لعباد تشوفو الكل اللي هي البت واللي نحبو نوصلو العباد هذا الب تاع البت وأني أنا نحاربو,الي هو كيما نقولوا اسم معناها ال اوبيوس عباد تشوفوا لكل الي هيا ال بوزيتيفيتي و نحبوا لعباد هاذايا ال كونسبت متاع ال بوزيتيفيتي و اني و انا نحاربوا,12.02400016784668,0000044_0000054_0000000_44_54_0_0,0.896551724137931
labeled_linagora_cs_arabize,مع مقطع هرا الحب ولسكارة وبليغ اللي كيسكر يوالي يحكي كان,مع مقطع هل راى الحب سكارى وبليغ الي كي يسكر يولي يحكي كان,4.624000072479248,TunSwitchTO_0000029_0000009_0000005_0000002ou_29_09_05_2ou_0,0.5384615384615384
labeled_linagora_cs_arabize,معناتها يا ربي رانا حرنا,معناتها يا ربي رانا حرنا,1.7200000286102295,amenyKH_0000001_chunk_0000231_001_chunk_231_0,0.0
labeled_linagora_cs_arabize,ياسر تيارة على الاخر اللي يسمو l,ياسر طيارة عالاخر الي سام يو هاف ا فلو مايند,3.8559999465942383,0000070_0000051_0000000_70_51_0_0,0.9
labeled_linagora_cs_arabize,في كل بيت ثم راديو,في كل بيت فمة راديو,3.007999897003174,ar--3027_1.wav_3027_1_0,0.2
labeled_linagora_cs_arabize,هذا اشخص مستواه ضحل في التمثيل في الثقافة العامة والخاصة وكل,هاذا الشخص مستواه ضحل في التمثيل و في الثقافة العامة و الخاصة و كل,4.760000228881836,TunSwitchTO_0000011_0000023_0000041_0000004vu_11_23_41_4vu_0,0.5
labeled_linagora_cs_arabize,الكوشي,الكوجينة,0.7279999852180481,ar--1734_1.25.wav_1734_1.25_0,1.0
labeled_linagora_cs_arabize,سمحني أنا تلميذ ياباني انت طال في جماعة نيو يورك,سامحني انا تلميذ ياباني انت طالب في جامعة نيويورك,3.992000102996826,TunSwitchTO_0000043_0000021_0000016_t0000000e_43_21_16_t0e_0,0.6666666666666666
labeled_linagora_cs_arabize,ها  ونعمل منها حكاي  وهي الح متستهل و في الجم م حسن حاج في الجم ن تخدم طلق,هكة كومبليكي و نعملوا منها حكاية و كلماشي و هيا بالحق ما ما تستاهلش و سورتو فال جيم معناها احسن حاجة فال جيم انك تخدم تلقى,9.456000328063965,Melekher0000011_0000090_0000000_Melekher11_90_0_0,0.8846153846153846
labeled_linagora_cs_arabize,أمير المؤمنين المامون كان صاحب الشرطة بتاعه كيف ما تقولو اليوم الأمن العام صاحب,امير المؤمنين المامون كان صاحب الشرطه متاعو كيف ما تقولوا اليوم الامن العام صاحب,5.343999862670898,TunSwitchTO_0000023_0000023_0000046_l0000004n_23_23_46_l4n_0,0.35714285714285715
labeled_linagora_cs_arabize,الزوز كملو يمشيو,الزوز كملو يمشيو,1.8639999628067017,ar--3242_1.wav_3242_1_0,0.0
labeled_linagora_cs_arabize,ان افيت لبردوي اللي حياتهم قصيره برشا معناها كيما اشكاره البلاستيك للي تخذا من عاند العطار شكاره متاع البلاستيك أنتي باش تراوح بيها صيا معاش باش ستعملها جمله,اون افيت لي برودوي الي حياتهم قصيرة برشا معناها كيما الشكارة البلاستيك الي تاخذها من عند العطار شكارة متاع البلاستيك انت باش تروح بيها صاي ما عاد ش باش تستعملها جملة,8.807999610900879,0000049_0000146_0000001_49_146_1_0,0.5806451612903226
labeled_linagora_cs_arabize,وقتفش نفرها دانا ونسم طع بالدنيا,وقتاش باش نتفرهد انا و نستمتع بالدنيا,2.0399999618530273,0000019_0000154_19_154_0,0.8571428571428571
labeled_linagora_cs_arabize,方水,كومبلي,0.5920000076293945,ar--2231_1.25.wav_2231_1.25_0,1.0
labeled_linagora_cs_arabize,i will watch نo أمشننسي معني ببعض غدوة,اما باش ننساه من بعد غدوة اي ويل واتش اي نو,4.047999858856201,0000076_0000139_0000001_76_139_1_0,1.0
labeled_linagora_cs_arabize,هذا خلال قلع م,سوسة هاذا يدخل عالقلعة ماضي ساعة وربع,1.9600000381469727,amenyKH_MIC0000001_mod_0000001_chunk_0000006_MIC00001_mod_1_chunk_6_0,1.0
labeled_linagora_cs_arabize,وحكيلي ماذا بيا معناه أنك تحكيلي وتقولي شنو عملت في جمعتك,واحكيلي ماذابي معناها انك تحكيلي و تقوللي شنوا عملت في جمعتك,3.359999895095825,amenyKH_Lanxiété_Sociale_HM_0000003_denoised_Sync0000054_no_speaker_0000248.0000080_0000252.0000027_Lanxiété_Sociale_HM_3_denoised_Sync054_no_speaker_248.80_252.27_0,0.7272727272727273
labeled_linagora_cs_arabize,ن  نم,لا ما ثماش الساعتين متاع الليل,2.055999994277954,amenyKH_MIC0000001_mod_0000072_chunk_0000001_MIC00001_mod_72_chunk_1_0,1.0
labeled_linagora_cs_arabize,كيف لبهيم نجري ونجري ونركض من بلاسة البلاسة,كيف لبهيم نجري و نجري و نركض من بلاصة لبلاصة,2.7760000228881836,0000019_0000147_19_147_0,0.6
labeled_linagora_cs_arabize,ي,ال اكتيفيتي متاع عام كامل باش تعوضها في شهرين ايه هاو باش نحكي لك على هاو اي ماناج تو بي برودكتيف فال بيريود هاذيكا بون,8.064000129699707,0000027_0000049_0000000_27_49_0_0,1.0
labeled_linagora_cs_arabize,اخل فزايدلية,عيشة تخدم في صيدلية,1.527999997138977,ar--3489_1.25.wav_3489_1.25_0,1.0
labeled_linagora_cs_arabize,ز حاج,يهز حاجة معاه,0.8320000171661377,ar--1906_1.5.wav_1906_1.5_0,1.0
labeled_linagora_cs_arabize,ومش لازم تكون حاجة مادية ولا تشري حاجة,مش لازم تكون حاجة مادية ولا تشري حاجة نون و الله حكاية فارغة تنجم تكون,4.888000011444092,0000027_0000398_0000001_27_398_1_0,0.5333333333333333
labeled_linagora_cs_arabize,ر,الريح,0.527999997138977,ar--1461_1.5.wav_1461_1.5_0,1.0
labeled_linagora_cs_arabize,لا موزييك كومو على العباد اللي ماقلتو عليه ماوش فهمين لحريه ولا مانعرفشني كانسعيتم المكي طوى قاعد يشبت في الأشخاص ويتمقعر عليه,بالله يا موسيك تلوموا عالعباد الي ما يا قلتوا عليهم مش فاهمين الحرية ولا ما نعرفش شنيا كان سي هيثم المكي توا قاعد يجبد في الاشخاص ويتمقعر عليها,9.432000160217285,amenyKH_0000005_chunk_0000016_005_chunk_16_0,0.8214285714285714
labeled_linagora_cs_arabize,قاعدة تطلب فيه اش تقولو يجيبها معاه,قعدت تطلب فيه باش تقلو يجيبلها معاه,4.02400016784668,ar--3449_0.75.wav_3449_0.75_0,0.5714285714285714
labeled_linagora_cs_arabize,الجراية متاعو ما يحسبش يقولو فشجني نا لتراتنا با ميكون المدير عام ولا حاجة  كيما نقولو نكدر فيالخدمة متاعو خاف ياخرج بعد التقاعد يركى روحو الامام شارج اللي عنده كمدير مابين كرهبت ومابين ليشارج اللي عندو باترات متاعو معايش توصل,في الجرايه متاعو ما يحسبش يقلك باش اجينا روتراتناباهي معنتها يكون مدير عام ولا حاجه كيما نقولوا ان كادر في الخدمه يخرج كفائه يخرج بعد التقاعد يلقى روحه ل مام شارج الي عنده كمدير ما بين كرهبتو بين الشارج الي عندو بالروترات الي عندو معادش توصل,13.656000137329102,segment_0000918_segment_918_0,0.717391304347826
labeled_linagora_cs_arabize,كري وكرهبة باش يمشي يولهم,كراو كرهبة باش يمشيولهم,2.072000026702881,ar--3637_1.wav_3637_1_0,1.0
labeled_linagora_cs_arabize,ها  هيh hoب i هاد برشا هي hoبs,اي هاد لايك هاي هوبس اي هاد برشا هاي هوبس اند ذان اي,4.736000061035156,0000060_0000154_0000001_60_154_1_0,0.8461538461538461
labeled_linagora_cs_arabize,وما عنديش معلمين خليه للترسكولير مغير معلمين,وما عنديش معلمين نخليه لل رنتره سكولير من غير معلمين,3.752000093460083,amenyKH_Partie0000005_chunk_0000031_Partie5_chunk_31_0,0.6
labeled_linagora_cs_arabize,حب نقولرياض  ومحله تونس والله العظيم صدقني وذ,نحب نقول لرياض نقول لو شو محلاها تونس و الله العظيم صدقني توا الايامات الاولى س فريه ايامات الثورة من اللول كذا,6.168000221252441,amenyKH_0000007_chunk_0000120_007_chunk_120_0,0.8636363636363636
labeled_linagora_cs_arabize,الصاح,الصاحب,0.9200000166893005,ar--1590_0.75.wav_1590_0.75_0,1.0
labeled_linagora_cs_arabize,computr,الكمبيوتر,0.671999990940094,ar--2278_1.5.wav_2278_1.5_0,1.0
labeled_linagora_cs_arabize,الفيلم باش نحكي عليه اليوم هو فاthers,فيذرز الفيلم لي باش نحكي عليه اليوم هو,2.0799999237060547,0000076_0000008_0000002_76_8_2_0,0.375
labeled_linagora_cs_arabize,الصوط,الصوت,0.5519999861717224,ar--2144_1.5.wav_2144_1.5_0,1.0
labeled_linagora_cs_arabize,فكرة باهي نجيب فيلم أكسيون ولا فيلم يضحك,فكرة باهية نجيب فيلم اكسيون ولا فيلم اضحك,3.559999942779541,ar--3600_1.wav_3600_1_0,0.375
labeled_linagora_cs_arabize,وللي اي واحد ينجم يعملهم هما الميتود لولا اللي هي,و الي ايه واحد ينجم يعملهم هوما ميتود لولا الي هيا,3.247999906539917,0000028_0000103_0000001_28_103_1_0,0.6363636363636364
labeled_linagora_cs_arabize,اصح,الصحن,1.1360000371932983,ar--1389_0.75.wav_1389_0.75_0,1.0
labeled_linagora_cs_arabize,هل أن يرجع بالنفع على العائلة التونسية خاصةا اي يكون فيها البولم,هل انو يرجع بالنفع على العايلة التونسية خاصة الي يكون فيها البو والام,3.559999942779541,amenyKH_MOSAIQUEFM_FORUM_0210912_0000001_chunk_0000007_MOSAIQUEFM_FORUM_210912_1_chunk_7_0,0.46153846153846156
labeled_linagora_cs_arabize,عبودية والدكتاتورية ويمشي ترما في عبودية مع أكثر,آه عبودية وديكتاتورية ويمشي يترمى في عبودية ما اكثر,4.303999900817871,amenyKH_0000006_0000006_0002012_partie0000006_chunk_0000203_06_06_2012_partie6_chunk_203_0,0.5555555555555556
labeled_linagora_cs_arabize,م منا,و كل سو رايت ذي بودكاست سند مي معناها يور بوينت اوف فيو سند مي كاستيون اي ويل انسر افري,12.031999588012695,0000662_0000015_0000000_662_15_0_0,1.0
labeled_linagora_cs_arabize,م وربعين م وستين اللي هما معاهم سيمون دبفوار ولا باتي فريدان الواف الثاني جات تحكي على اندرشعار   س,تسعة مية و اربعين تسعة مية و ستين الي هوما معاهم سيمون دي بوفوار ولا بيتي فريدان ال وايف الثانية جات تحكي على اندر شعار ذي بيرسون ايز بوليتيكال,12.015999794006348,0000052_0000025_0000000_52_25_0_0,0.7586206896551724
labeled_linagora_cs_arabize,عبير وجها كانت كلها صدمة على حيرة على بهتا,تعبير وجها كانت كلها صدمة على حيرة على بهتة,3.1440000534057617,0000022_0000156_22_156_0,0.2222222222222222
labeled_linagora_cs_arabize,وفي هذ الأثناء المكينة الاقتصادية ماهيش قاعدة دور لأنه ماثما حتى شخص باش يستثمرلك في البلاد,و في هالاثناء الماكينة الاقتصادية ما هيا ش قاعدة دور لانو ما فمة حتى شخص باش يستثمر لك في البلاد,4.703999996185303,amenyKH_0000002_chunk_0000088_002_chunk_88_0,0.6
labeled_linagora_cs_arabize,你شsم,نمشيو للسينيما,1.0399999618530273,ar--3512_1.25.wav_3512_1.25_0,1.0
labeled_linagora_cs_arabize,معنته البريود هذيك راني مش نغيب ومنا نشوف من صحابي الممثلين المسرحيين اللي ما يعملو كان في الشي هذيا ما يعملو,معنتها ال بيريود هاذيكا راني باش نغيب كهو ملا نشوف من صحابي المومثلين المسرحيين لي ما يعملو كان فالشي هاذايا ما يعملو,6.935999870300293,0000043_0000050_0000001_43_50_1_0,0.5454545454545454
labeled_linagora_cs_arabize,ليلة سعيدة,ليله سعيد,1.055999994277954,tn9505_0,1.0
labeled_linagora_cs_arabize,ل تو نس شش مد,بالله تونس من وقتاش بالله تونس من وقتاش يجي من غادي,1.784000039100647,amenyKH_MIC0000001_mod_0000051_chunk_0000005_MIC00001_mod_51_chunk_5_0,1.0
labeled_linagora_cs_arabize,شتقوه في الأصر,باش تخوهم في لصفر,1.1039999723434448,ar--3562_1.25.wav_3562_1.25_0,0.75
labeled_linagora_cs_arabize,نصور صعاب ان جنرال حتى حتى في بلادك ديما معناها ال والا,نتصور صعاب ان جينيرال حتى فبلادك ديما معناها ال اكوموداسيون و ال ترانسبورتاسيون,5.9120001792907715,0000053_0000138_0000000_53_138_0_0,0.6923076923076923
labeled_linagora_cs_arabize,عربي  قالو اللي بالعاني عاملينها أنا تسلق توجه,توجه اند يتس لايك قالوا بل عاني عملينها سو عربي,5.1519999504089355,0000076_0000030_0000000_76_30_0_0,1.0
labeled_linagora_cs_arabize,المون,المعجون,0.7516000270843506,ar--1215_1.25.wav_1215_1.25_0,1.0
labeled_linagora_cs_arabize,نجم نعرف اخر الطلب ليا وينوصل ما عرفتش كيفاش نشوف مرحلة متاع طلب متاعي مستحقشكون يوريني كيفاش نتبع اخر طلب ليا ربي نحب تعانوني نثبت مرحلة طلب نتاعي,نجم نعرف اخر طلب ليا وين وصلت معرفتش كيفاش نشوف مرحله متاع الطلب متاعي مستحق شكون يوريني كيفاش نتبع اخر طلب ليا بربي نحب تعاونوني نثبت مرحله متاع طلب متاعي,13.935999870300293,segment_0000103_segment_103_0,0.43333333333333335
labeled_linagora_cs_arabize,,سو قود يو قايز اي هاد ذيس لايك ذيس مومون اوف بيس ذيس مومون اوف ريفلكسيون كاينها ا ميديتاسيون ذي سكاي لوك سو بريتي,12.015999794006348,0000662_0000006_0000000_662_6_0_0,1.0
labeled_linagora_cs_arabize,حب نبدلها بيت طلع الوادف ما زيادة,نحب نبدلها ببيت تطل على الواد فمة زيادة,3.2639999389648438,TunSwitchTO_0000133_0000001_0000036_zex_133_01_36_zex_0,0.75
labeled_linagora_cs_arabize,معناتها شنو تتنبأ نحب نحكيلك توف لاخر على,آه معناتها آه آه شنوا تتنبا نحب نحكي لك توا في الاخر على,3.5360000133514404,amenyKH_0000002_chunk_0000022_002_chunk_22_0,0.7692307692307693
labeled_linagora_cs_arabize,žěłobi,جاب ربي,0.7760000228881836,ar--2136_1.25.wav_2136_1.25_0,1.0
labeled_linagora_cs_arabize,hariش,حريف,1.25600004196167,7arif_4083_0,1.0
labeled_linagora_cs_arabize,جي لول شكون مش يجيب عشرين وهذيكا تتزراع فينا انا حسيتها تزرعت فيا مانعرفش انتوما كان  ولا لا اما حسيتها تزرعت فيا هكا ديما نحاول ان نكون خير,يجي لول شكون باش يجيب عشرين و هذاكة تتزرع فينا انا حسيتها تزرعت فيا ما نعرفش انتوما كان يو ريلايت ولا لا اما حسيتها تزرعت فيا هاك ال ديما نحاول اني نكون خير,12.02400016784668,0000072_0000077_0000000_72_77_0_0,0.36363636363636365
labeled_linagora_cs_arabize,نصب لزل,مصب الزبلة,1.7599999904632568,ar--1608_0.75.wav_1608_0.75_0,1.0
labeled_linagora_cs_arabize,حدا هب,حتى حد,0.5680000185966492,ar--1344_1.5.wav_1344_1.5_0,1.0
labeled_linagora_cs_arabize,ذ,تقص من التفاح هاذيكا على اربعة,1.2079999446868896,amenyKH_Hkayet_Tounsia_S0000001_Episode_0000017_0000020_0000003_0002017_Partie_0000003_Sync0000057_no_speaker_0000935.0000014_0000936.0000055_Hkayet_Tounsia_S01_Episode_17_20_03_2017_Partie_03_Sync057_no_speaker_935.14_936.55_0,1.0
labeled_linagora_cs_arabize,عطاالله يكتب في جوية الخوف,عبد الله يكتب في جواب الخوه,1.6720000505447388,ar--3249_1.5.wav_3249_1.5_0,0.6666666666666666
labeled_linagora_cs_arabize,وذا الوضعيه وليت معناها  ان كست فيتال معناها,و دونك الوضعية ولات معناها سي يون كاستيون فيتال معناها بور و,5.343999862670898,0000051_0000072_0000000_51_72_0_0,0.75
labeled_linagora_cs_arabize,كل واحد من روحو لو كان تستعملو بالصحيح والله طيارة الموقع,كل واحد من روحو لو كان تستعملو بالصحيح و الله طيارة الموقع,4.863999843597412,TunSwitchTO_0000081_0000020_0000013_uuy_81_20_13_uuy_0,0.16666666666666666
labeled_linagora_cs_arabize,mandو لe šiket dasal  cat tgedي,ماا عندو لا شيكات متاع سفر لا كاط دو كريدي,2.9839999675750732,ar--3095_1.5.wav_3095_1.5_0,1.0
labeled_linagora_cs_arabize,إنغليزي,انقليزي,1.0479999780654907,ar--1951_0.75.wav_1951_0.75_0,1.0
labeled_linagora_cs_arabize,نسبة انتشار وايضا سنتحدث على اهم اسبابه ما هي مضافاته كيفي تشخيصه,آه آه نسبة انتشارو ايضا سنتحدث على اهم اسبابو ماهي مضاعفاتو كيفية تشخيصو,5.783999919891357,amenyKH_0000009_chunk_0000007_009_chunk_7_0,0.7692307692307693
labeled_linagora_cs_arabize,يتفرج على التلزة,يتفرج على التلفزة,2.200000047683716,ar--2315_0.75.wav_2315_0.75_0,0.3333333333333333
labeled_linagora_cs_arabize,ياخي ماكتبتهاش قلتاسيبو اني عرفتاشني ل ماكتبتهاش خاطر  ماعينيش معناها تكتب ما تكتبش فمش فرق تنجح ماتنجحش مش تعد,ياخي ما كتبتهاش قلت سي بون هاني عرفتها شنيا ال سولوسيون ما كتبتهاش خاطر ما عينيش معناها تكتب ما تكتبش ما فماش فرق تنجح ما تنجحش باش,6.815999984741211,0000027_0000231_0000001_27_231_1_0,0.7037037037037037
labeled_linagora_cs_arabize,فترينة مدام نتاليا قررت باش نعدي ملقومة الغجر نياخو,قدام في ترينة مدام ناتاليا قررت باش نعدي من حومة الغجر ناخو,4.504000186920166,TunSwitchTO_0000132_0000001_0000036_0000004ub_132_01_36_4ub_0,0.5833333333333334
labeled_linagora_cs_arabize,دن فما برشا شانجما وفما غيتم باشطلع ساخت الما متاع قرايا دنك اللي نحاول نقولولكم ما تقتلوش رويحكم ن,دونك فمة برشا شانجمون فمة ريتم باش يطلع سيرتانمون متاع قراية دونك الي نحاول نقولهولكم ما تقتلوش رواحكم نو,9.064000129699707,0000072_0000063_0000001_72_63_1_0,0.7368421052631579
labeled_linagora_cs_arabize,وريدني ملصا صبحة على النهار هذا,ورني بلاصة سمحة على النهر هاذا يعيشك,2.5920000076293945,TunSwitchTO_0000012_0000011_0000054_0000008k0000004_12_11_54_8k4_0,0.8571428571428571
labeled_linagora_cs_arabize,الطبيب,الطبيب,0.5920000076293945,ar--2209_1.5.wav_2209_1.5_0,0.0
labeled_linagora_cs_arabize,القري مان ن,آه آه نقري م ما نجمش ناخذ جور ده كونجا,3.4000000953674316,amenyKH_partie0000003_chunk_0000041_partie3_chunk_41_0,1.0
labeled_linagora_cs_arabize,علىاأساس مثلا باش تخدم مرا باش تجي من كوديفار على أساس باش تخدم في م نعرفش أنا من في,على اساس مثلا باش تخدم مرا باش تجي مال كوت ديفوار على اساس باش تخدم في ما نعرفش انا في,9.720000267028809,0000051_0000109_0000001_51_109_1_0,0.45
labeled_linagora_cs_arabize,اسمها عايشة من الحمامات,اسمها عيشة من الحمامات,2.0480000972747803,ar--3254_1.wav_3254_1_0,0.25
labeled_linagora_cs_arabize,يسأل,يسال,0.8960000276565552,ar--2224_1.wav_2224_1_0,1.0
labeled_linagora_cs_arabize,الفلوس انكم تمشي ون ل من سي وكلما شي,الفوس انكم تمشيوا الي فو كونسولت معناها ان ساي و كلماشي,6.0960001945495605,Melekher0000011_0000024_0000002_Melekher11_24_2_0,0.9090909090909091
labeled_linagora_cs_arabize,šebopi,جاب ربي,1.2879999876022339,ar--2136_0.75.wav_2136_0.75_0,1.0
labeled_linagora_cs_arabize,ثمانية,ثمنية,0.5759999752044678,tn9853_0,1.0
labeled_linagora_cs_arabize,لامو وقتلو توا يا مراد خلينا نتأكدو من صحة المعلومات اللي اعطيتهملي باش تعاود سمعني كل المعلومات اللي عطيتهوملي على الولاد وانا باش نقارن المعلومات اللي باش تعطيهملي توا بالمعلومات اللي موجودين في تسجيلات,كلامو وقتلو توا يا مراد خلي نتاكد من صحت المعلومات الي اعطيتهملي باش تعاود تسمعني كل المعلومات الي اعطيتهملي على الولاد و انا باش نقارن المعلومات الي باش تعطيهم لي تووا بالمعلومات الي موجودين في,14.736000061035156,segment_0000741_segment_741_0,0.45714285714285713
labeled_linagora_cs_arabize,فل,فادد,0.6320000290870667,ar--2271_1.25.wav_2271_1.25_0,1.0
labeled_linagora_cs_arabize,انت خي وش你ي صلح حبك,باهي وقتاش نمشيو التونس,3.135999917984009,ar--Salah10.wav_1.25.wav_Salah10.wav_1.25_0,1.25
labeled_linagora_cs_arabize,كانت اخذ برايي يا رسول الله روحنا نعملو شيء إني نتوم ما تعملوش,كان ياخذ برايي يا رسول الله راهو احنا نعملوا شيء الي انتوما ما تعملوهش,3.671999931335449,amenyKH_0000001_chunk_0000131_001_chunk_131_0,0.5714285714285714
labeled_linagora_cs_arabize,هذا مو الشعار حملة انتخابية و لا هو الشعار حملة احتجاجية,هاذا مش شعار حملة انتخابية و لا هو شعار حملة احتجاجية,3.799999952316284,TunSwitchTO_0000003_0000023_0000035_a0000029_3_23_35_a29_0,0.36363636363636365
labeled_linagora_cs_arabize,برعيف,بعيد,0.8159999847412109,ar--1314_0.75.wav_1314_0.75_0,1.0
labeled_linagora_cs_arabize,دار المدين الكل باش يلقى علوان الصيغي,دار المدينة الكل باش يلقى عنوان الصايغي,2.9519999027252197,ar--3348_1.25.wav_3348_1.25_0,0.42857142857142855
labeled_linagora_cs_arabize,متلخرا بالحق كنت مش ناخو بم البدكا وقلت لي م    ا,ايم سو اكسايتد تو تولك اباوت ذيس ثينق و قلت لا بودكاست مل بوز الايمات اللخرة بالحق كنت باش ناخوا,6.607999801635742,0000076_0000001_0000000_76_1_0_0,1.0
labeled_linagora_cs_arabize,سيق مش على خاطر عشرة ودراشن,وير جوست ساي يت مش على خاطر عشرة و درا شنوا نو,4.28000020980835,Melekher0000008_0000107_0000000_Melekher8_107_0_0,0.6666666666666666
labeled_linagora_cs_arabize,tot,توت,1.527999997138977,toute_1353_0,1.0
labeled_linagora_cs_arabize,nihani,مهني,0.8479999899864197,ar--2443_0.75.wav_2443_0.75_0,1.0
labeled_linagora_cs_arabize,الأغرىر,الاضرار,1.3040000200271606,ar--2148_0.75.wav_2148_0.75_0,1.0
labeled_linagora_cs_arabize,ال,قالت لو مرتك ما هي ش قاعدة تمكيج لك ليك انت قاعدة تمكيج لرجال حي التضامن,3.74399995803833,amenyKH_0000008_chunk_0000583_008_chunk_583_0,1.0
labeled_linagora_cs_arabize,س,يسكر,0.5440000295639038,ar--2006_1.25.wav_2006_1.25_0,1.0
labeled_linagora_cs_arabize,يخس,يغسل,0.5120000243186951,ar--1741_1.25.wav_1741_1.25_0,1.0
labeled_linagora_cs_arabize,الكعبة حتى نكملهم ونعملهم نكحبات الكل هكايا او كمستطولينا شوية ونبعدهم على بعضهم خطر باش يخمرو ونقعد نعملهم بالكعبه بالكعبة حتى نكملهم,بالكعبه بالكعبه حتى نكملهم و نعملهم الكعيبات الكل هكايا اهوكا ميستطولين شويه ومبعدهم على بعضهم خطر باش يخمروا و نقعد نعملهم بالكعبه بالكعبه حتى نكملهم,11.996000289916992,segment_0001016_segment_1016_0,0.52
labeled_linagora_cs_arabize,بaهarli hي,ضاهرلي هايل,1.1519999504089355,TunSwitchTO_0000017_0000008_0000022_0000003t0000003_17_08_22_3t3_0,1.0
labeled_linagora_cs_arabize,شي نمعك مع تقول عليك تقولي بجاه ولديك كل حاجة متعجبكش  برسمك نحيشراب مع تقول عليه أنا نكره مثلا بربي شيسبدري ذاك لامن الشاري فمت,شنيا نعمل معاك معنتها تقول عليك تقلي بجاه و الديك كول حاجة ما تعجبكش براس امك نحي الشراب معناها تقول عليا انا نكره مثلا بربي اشريه السبيدري هذاكة لا ما ني ش شاريه فهمت,8.263999938964844,0000040_0000044_0000001_40_44_1_0,0.7647058823529411
labeled_linagora_cs_arabize,دخلت للبريبا بعد شهر ركيك نسمع في الناس كل تحكي على لاتد مات هو معروف البروف اسمو لأسود أنا بريبا م فلوري بايدوي,دخلت لل بريبا بعد شهر اكاكا نسمع في الناس الكل تحكي على ايتود ماث هو معروف ال بروف اسمو لسود انا بريبا مونتفليوري باي ذي واي,8.991999626159668,0000027_0000249_0000000_27_249_0_0,0.5384615384615384
labeled_linagora_cs_arabize,ما لعطيني تسكع الوصلب,ملا عطيني تسكرة لوسط البلاد,1.7120000123977661,ar--3070_1.25.wav_3070_1.25_0,1.0
labeled_linagora_cs_arabize,اشهر,الشهر,0.7279999852180481,ar--1543_1.wav_1543_1_0,1.0
labeled_linagora_cs_arabize,اللي هو بو روبرت البور دات عنده incام مدخول قدلد,الي هو بو روبرت ال بور داد عندو انكوم مدخول قد,4.671999931335449,0000034_0000029_0000002_34_29_2_0,0.6363636363636364
labeled_linagora_cs_arabize,نحم نكلا بلينة كسكروت نغيف ورخيص,نحب ماكلة بنينة كسكروت نظيف و رخيس,4.208000183105469,ar--Salah1.wav_0.75.wav_Salah1.wav_0.75_0,0.8571428571428571
labeled_linagora_cs_arabize,ديما نعرف سبد دست بين سو مش مش بعيده برشا نحاولو بالفلو كيف كيف منها سبور منها نكتشفو بي سو للعباد الي,ديما نعود فال ديستانس بيان سور مش بعيدة برشا نحاولوا بال لي فيلو كيف كيف منها سبور منها نكتشفوا بيان سور للعباد الي,8.97599983215332,0000053_0000046_0000001_53_46_1_0,0.6086956521739131
labeled_linagora_cs_arabize,mhim,مهم,1.25600004196167,mouhim_13502_0,1.0
labeled_linagora_cs_arabize,عاونو ولا تحسن لحضوضه وباش يتحصل على العلم,تعاونو باش ولا تسحنلو حظوظو باش يتحص على العلامة هاذي,4.208000183105469,0000003_0000012_3_12_0,0.8
labeled_linagora_cs_arabize,سرقو الليسات,سرقولي ساكي,1.0080000162124634,TunSwitchTO_0000010_0000019_0000041_cvc_10_19_41_cvc_0,1.0
labeled_linagora_cs_arabize,على الأقل باش نتعاملو,على الاقل باش نتعاملوا,1.6720000505447388,amenyKH_0000006_0000006_0002012_partie0000006_chunk_0000247_06_06_2012_partie6_chunk_247_0,0.5
labeled_linagora_cs_arabize,كنت الكمباري هالي كفحيتك اليومية,بوت ال كومباريسون هاذيكا في حياتك اليومية,4.064000129699707,Melekher0000009_0000027_0000001_Melekher9_27_1_0,0.8571428571428571
labeled_linagora_cs_arabize,وفاش عاوني اني ولي تركزت على الحوايج اللي كنت متلف,و فاش عاوني اني وليت ركزت عالحوايج الي كنت متلفهم,3.680000066757202,0000027_0000067_0000001_27_67_1_0,0.8
labeled_linagora_cs_arabize,بالله الغي نمرو الكار,بالله الغي نومرو الكارطة,1.559999942779541,TunSwitchTO_0000006_0000022_0000052_jk0000003_6_22_52_jk3_0,0.5
labeled_linagora_cs_arabize,شلو لي خليك قلت,شنوا الي خلاك قلت,1.1360000371932983,0000026_0000017_0000001_26_17_1_0,0.75
labeled_linagora_cs_arabize,خاطر السيسي خذا النيه هذيك تصعد عليه ماقولوش اسيبل تطنعها ما تصعب عليه,خاطر ال سوفي خذا ال ال الثنية هذيكة تصعب عليه ما نقولوش امبسيبل تتنحى ماي تصعب عليه,4.943999767303467,amenyKH_0000006_0000006_0002012_partie0000001_0000003_chunk_0000330_06_06_2012_partie1_3_chunk_330_0,0.7058823529411765
labeled_linagora_cs_arabize,msا خer,مس لخير,1.5199999809265137,mse_l5ir_2536_0,1.0
labeled_linagora_cs_arabize,فارد ل ديسيميناتيو دكلتور انتربرنريا نفطنو لي م بعد أربع سنين ونص أربع سنين,بور فير لا ديسيميناسيون دي كولتور اونترابرونوريال اوكي نفطنوا الي من بعد اربعة سنين و نصف اربعة سنين,5.8480000495910645,0000013_0000011_13_11_0,0.8333333333333334
labeled_linagora_cs_arabize,في الفويا لحق نتاع ربي برشا برشا,فال فوايي الحق متاع ربي برشا برشا,3.9600000381469727,0000073_0000060_0000002_73_60_2_0,0.5714285714285714
labeled_linagora_cs_arabize,ولا لخبخورجي,ولا لور بروجي,0.7839999794960022,0000013_0000030_13_30_0,0.6666666666666666
labeled_linagora_cs_arabize,اللاقة,اللقب,0.8080000281333923,ar--2299_0.75.wav_2299_0.75_0,1.0
labeled_linagora_cs_arabize,ح وزارة اطربيا ناحين الرا في   ملا كان ن النجحا نا كثمن الولاد,حسب وزارة التربية الناجحين في الدراسة فالفين و عشرين الفين و واحد و عشرين مثلا كانوا النساء الناجحين معناها نسبة النجاحات نسبة النساء اكثر البنات اكثر من الاولاد,12.031999588012695,0000052_0000075_0000000_52_75_0_0,0.9642857142857143
labeled_linagora_cs_arabize,هو مدمن على الدخال سوءا كان على مادة النيكوتين الي,هو مدمن على الدخان سواء كان على مادة النيكوتين الي,3.6480000019073486,amenyKH_0000006_0000006_0002012_partie0000005_chunk_0000024_06_06_2012_partie5_chunk_24_0,0.2
labeled_linagora_cs_arabize,اي مالا وصلهلي,باهي ملا توا ناخو السورية هاذي,1.7359999418258667,ar--3419_1.5.wav_3419_1.5_0,1.0
labeled_linagora_cs_arabize,جدو يعزف بالكمنجا كل عام,جدو يعزف بالكمنجة كل عام,3.4079999923706055,ar--3625_0.75.wav_3625_0.75_0,0.2
labeled_linagora_cs_arabize,تس لف,تسعة الاف,0.9760000109672546,tes3alef_31355_0,1.0
labeled_linagora_cs_arabize,لند حا ه   خله ه,الي عنده حاجة باهية يولي يحب يخليها ليه هو كهو,2.5199999809265137,amenyKH_Hkayet_Tounsia_S0000001_Episode_0000004_0000019_0000012_0002016_Partie_0000002_Sync0000002_no_speaker_0000047.0000000_0000049.0000052_Hkayet_Tounsia_S01_Episode_04_19_12_2016_Partie_02_Sync002_no_speaker_47.00_49.52_0,1.0
labeled_linagora_cs_arabize,مثلا يقولولي ما تخدم بزربة ولا حاجة ديدنتهبنجستي,مثلا يقولولي تخدم بزربة ولا حاجة يت ديدنت هابن جوست لايك,5.208000183105469,Melekher0000009_0000109_0000001_Melekher9_109_1_0,0.5454545454545454
labeled_linagora_cs_arabize,وقديش توم السباق البوشستر,بقداش سوم السباق لمانشستر,2.055999994277954,TunSwitchTO_0000108_0000023_0000027_mqt_108_23_27_mqt_0,0.75
labeled_linagora_cs_arabize,ي سلين   الوقت هذي يف وكل,كي الوقت هذايا في الصيف و كل ماي سليب سكيجول يتس ارلي,3.5360000133514404,0000075_0000084_0000001_75_84_1_0,1.0
labeled_linagora_cs_arabize,ن بن mant mا apladي,اي نو يتس بين ا مونث ما ابلوديتش ايف,4.056000232696533,0000071_0000003_0000001_71_3_1_0,1.0
labeled_linagora_cs_arabize,بنبدأ في سياسة إصلاحية,نبدا في سياسة اصلاحية,1.6399999856948853,amenyKH_0000002_chunk_0000144_002_chunk_144_0,0.5
labeled_linagora_cs_arabize,لب,الطالب,1.0240000486373901,ar--2325_0.75.wav_2325_0.75_0,1.0
labeled_linagora_cs_arabize,عبد ما عندو في السوق ميذوق ولا كفاش يقولوها لكلم لك,عبد ما ما عندو حتى ما عندو في السوق ما يذوق ولا كيفاش يقولوها الكلمة لايك ذيس بيرسون,6.216000080108643,Melekher0000009_0000053_0000001_Melekher9_53_1_0,0.6111111111111112
labeled_linagora_cs_arabize,قيمتو حكاية يمكن نص نهار ونص,قيمت حكاية يمكن نصف النهار و نصف,1.8960000276565552,amenyKH_Hkayet_Tounsia_S0000001_Episode_0000020_0000010_0000004_0002017_Partie_0000003_Sync0000010_no_speaker_0001402.0000022_0001404.0000017_Hkayet_Tounsia_S01_Episode_20_10_04_2017_Partie_03_Sync010_no_speaker_1402.22_1404.17_0,0.7142857142857143
labeled_linagora_cs_arabize,العبيد اللي قراو كافكا يفهمو فاش قادر نحكي ت,يتس يفهموا فاش قاعدت نحكي كافكا العباد لقراوا,3.759999990463257,0000076_0000011_0000001_76_11_1_0,1.125
labeled_linagora_cs_arabize,tiwinek,تي وينك,1.496000051498413,ti_winek_31711_0,1.0
labeled_linagora_cs_arabize,عضام الوخي نين شر,العظم المقلي بنين برشا,1.5199999809265137,ar--3050_1.5.wav_3050_1.5_0,1.0
labeled_linagora_cs_arabize,تنجم تشي الهوني في صاع,تنجم تجي لهوني فيسع,2.111999988555908,TunSwitchTO_0000084_0000019_0000006_n0000005f_84_19_06_n5f_0,1.0
labeled_linagora_cs_arabize,أن عبدالله وقاشبروم مامشسانك,اما عبد الله ملقاش البلون ما هو ش في الصاك,2.7679998874664307,ar--3081_1.5.wav_3081_1.5_0,1.0
labeled_linagora_cs_arabize,فranسa,فرانسا,0.671999990940094,ar--1952_1.wav_1952_1_0,1.0
labeled_linagora_cs_arabize,esu,الشوكة,0.6079999804496765,ar--2313_1.25.wav_2313_1.25_0,1.0
labeled_linagora_cs_arabize,مرة تعمل فيلم هرا على واحد فيالفنانين,مرة تعمل فيلم هنا على واحد من الفنانين,3.8399999141693115,ar--3238_1.25.wav_3238_1.25_0,0.375
labeled_linagora_cs_arabize,تخففيمش بر,بالتخضخيض مش المغرفة,1.3200000524520874,TunSwitchTO_0000039_0000009_0000008_0000000by_39_09_08_0by_0,1.0
labeled_linagora_cs_arabize,شفيه,شفيه,0.7680000066757202,TunSwitchTO_0000003_0000011_0000047_0000001cy_3_11_47_1cy_0,0.0
labeled_linagora_cs_arabize,ijel dus,الجال دوش,1.3040000200271606,ar--1902_0.75.wav_1902_0.75_0,1.0
labeled_linagora_cs_arabize,son veut onpeu mvv,سي اون فو اون بو نيفار قيف اب,1.8639999628067017,0000018_0000035_18_35_0,1.0
labeled_linagora_cs_arabize,وقداش نمشي للوتيل هذا بالتاكس,بقداش نمشي للوتيل هاذا بالتاكسي,2.0480000972747803,TunSwitchTO_0000097_0000022_0000026_x0000003x_97_22_26_x3x_0,0.6
labeled_linagora_cs_arabize,كينا حيتو لي أرجع كيما كنت لي البسو ساعة ساعة,كي نحيتو لا ارجع كيما كنت لا البسو ساعة ساعة,4.039999961853027,0000035_0000092_0000002_35_92_2_0,0.5
labeled_linagora_cs_arabize,لas,العصفور,0.7680000066757202,ar--2248_1.25.wav_2248_1.25_0,1.0
labeled_linagora_cs_arabize,derwiś,درويش,0.7440000176429749,derwich_17951_0,1.0
labeled_linagora_cs_arabize,فالارية تشوف برشا جوه غير اللي تقابلهم فيالبيت وجوه آخرى غريب,في اللارية تشوف برشا وجوه غير الي تقابلهم في البيت وجوه اخرى غريبة,4.039999961853027,TunSwitchTO_0000194_0000022_0000057_gok_194_22_57_gok_0,0.6153846153846154
labeled_linagora_cs_arabize,عبدالله يعرف يطيب مليح و ديما يستذعي صحابه,عبد الله يعرف يطيب مليح وديمة يستدعي صحابو,5.007999897003174,ar--3189_1.wav_3189_1_0,0.75
labeled_linagora_cs_arabize,على شنو تحب تتفرج,علاشنو تحب تتفرج,1.3359999656677246,ar--3595_1.25.wav_3595_1.25_0,0.6666666666666666
labeled_linagora_cs_arabize,حقيق سيتواصل مع خاطر الحد طوى مش فاهمين كيفاش منع هو بهذه الصفة زعمة محقين ماشين في اثنية صحيحة والا لسائق,و التحقيق سيتواصل معاه خاطر لحد توا مش فاهمين كيفاش منع هو بهذه الصفه زعما المحقين ماشيين في الثنيه صحيحه ولا السائق,13.807999610900879,segment_0000851_segment_851_0,0.5909090909090909
labeled_linagora_cs_arabize,ملي خيب ولي خلني يد تخنق أكثر ونخاف أكثر هو ني كنت حس وكأن م حاج قابل وجهي دت علي نفس وقعد تنفس معيا كنت حسبي هو قدامي لكن في نفس الوقت م قعد الرأفي ح شي,ومش وتولي اخيب و الي خليني نزيد نخنق اكثر ونخاف اكثر هو واني كنت حاس وكانه فمة حاجه مقابله وجهي سدت على نفس وقعدت تتنفس معايا كنت حاس باللي هو قدامي لكن في نفس الوقت مش قاعد راه في حتى شيء وقتها وين,14.368000030517578,segment_0000651_segment_651_0,0.7209302325581395
labeled_linagora_cs_arabize,و الكاميغا شريتها في حياتي وقتها حسلو اللحلة حبما وبابش شريولي كاميغا أنا على خاطر وقتها كنت مغرومة بتصاور على الخر كنت هاكا نمشي نخرج نصاور لاندسكاب نصاور روحي بالطبيعة,اول كاميرا شريتها في حياتي وقتها حاصيلو نلحلح بمما و با باش يشريولي كاميرا انا على خاطر وقتها كنت مغرومة بالتصاور عاللخر كنت هكة نمشي نخرج نصور لاندسكيب نصور روحي بالطبيعة,11.015999794006348,0000035_0000010_0000000_35_10_0_0,0.5806451612903226
labeled_linagora_cs_arabize,ce qui n'est pas vrai عlى aطr fot recontextualiser c'était une époque,سي كي نيست با فراي على خاطر يل فو ريكونتكستواليزي سيتاي يون ايبوك,3.496000051498413,0000039_0000063_0000001_39_63_1_0,1.0
labeled_linagora_cs_arabize,ينو يسر معناها عليهم هيب على سوشيال ميديا وكل شنيا ليفين بتاعهم وه  ش ي سكنكن روتين كان ما عندكمش سكنك روين م هر ف ي جاي أنا مه,سكين كير روتين ايم هير فور يو قايز وكان معندكمش هاو تو شوز يور سكين كير روتين متاعهم و افي و كل شنيا ال سوشيال ميديا على هايب انوا ياسر معناها عليهم,12.031999588012695,0000075_0000032_0000000_75_32_0_0,0.96875
labeled_linagora_cs_arabize,عبا الخرين بينسور مش نا نقدر العباد الكل مي عبد عمل لبريبا,عباد لخرين بيان سور مش معناها نقدر لعباد الكل مي عبد عمل بريبا,4.111999988555908,0000027_0000285_0000000_27_285_0_0,0.5384615384615384
labeled_linagora_cs_arabize,ا هو وكرهبتو وتقعت عيض وتقلو انا طفلة اللي اختصبتوني انتي وصحابك وانا هي طفلة اللي شوية بركة لحتمطولي مستقبلي فرغت قلبها وبعد مشات للسك نتاعها وجبدت قلم حمير وكتبت من تالي في البلار متاع الكرهب,هو وكرهتو وتقعد تعيط وتقولو انا طفلة الي اغتصبتني انت و صحابك و انا هيا طفله الي شويه بركه لحطمطولي مستقبلي فرغت قلبها و بعد مشات للساك متاعها وجابت قلم حمير وكتبت من تالي في البلار متاع الكهربا,14.656000137329102,segment_0000763_segment_763_0,0.631578947368421
labeled_linagora_cs_arabize,في العشية فما امكانية امطار لتفرقا,في العشية فمة امكانية امطار متفرقة,5.311999797821045,ar--3135_0.75.wav_3135_0.75_0,0.3333333333333333
labeled_linagora_cs_arabize,الى,المقال,0.7200000286102295,ar--1547_1.25.wav_1547_1.25_0,1.0
labeled_linagora_cs_arabize,يتبو,الكبوط,0.671999990940094,ar--2050_1.25.wav_2050_1.25_0,1.0
labeled_linagora_cs_arabize,أنا نمن الي تب أفير أن يديه الي تلاديفلب ما ت باس افير شاك فوي د تراس بن يدي ادفلوبيه د تيسمق تعد المرحله أخرى البير كوسري الي هو كاتب,الي توا بو افوار اون ايدي الي خمسمياة و ثمانين توا لا ديفلوب مي توا بو با افوار شاك فوا دي ترا بون ايدي ا ديفلوبي توا يلزمك تتعدا لمرحلة اخرى البرتو سيرينو هو كاتب عظيم,14.944000244140625,segment_0000308_segment_308_0,0.8888888888888888
labeled_linagora_cs_arabize,ماثماش زيادة في الوزن,ما ثماش زيادة في ال الوزن,1.503999948501587,amenyKH_0000006_0000006_0002012_partie0000003_chunk_0000115_06_06_2012_partie3_chunk_115_0,0.5
labeled_linagora_cs_arabize,معناها توسكيا جتابل عناها عند توسكيا جوتابل لباني من من مكوت,معناها تو سي كي ايست قيتابل عندي تو سي كي ايست قيتابل يل ايست باني من مون,6.248000144958496,0000049_0000118_0000001_49_118_1_0,0.8823529411764706
labeled_linagora_cs_arabize,االكابسول اسمة فكرة التوانسة خلينا نتعرفو عليها أكثر مع محمد مراد مرحبيه محمد على موزايك,ال كابسول اسمها فكرة توانسة خلينا نتعرفو عليها اكثر مع محمد مراد مرحبا محمد على موزاييك,6.015999794006348,0000017_0000002_17_2_0,0.4375
labeled_linagora_cs_arabize,جمشكلة  ا ش كلتين,جى على مشكلة لكن يبدو لي فمة مشكلتين,2.072000026702881,amenyKH_0000008_chunk_0000375_008_chunk_375_0,1.0
labeled_linagora_cs_arabize,مليون,مليون,0.9440000057220459,ar--1259_0.75.wav_1259_0.75_0,0.0
labeled_linagora_cs_arabize,مaلaكaلبsaمaحش naano,ملا كلب سمح شنوا نوعه,2.2160000801086426,TunSwitchTO_0000014_0000012_0000050_c0000002g_14_12_50_c2g_0,1.0
labeled_linagora_cs_arabize,,معناها ايف يو سي يور فريند رايت ناو,3.2960000038146973,0000073_0000059_0000000_73_59_0_0,1.0
labeled_linagora_cs_arabize,البوفريو,البوفريوة,0.7279999852180481,ar--1228_1.25.wav_1228_1.25_0,1.0
labeled_linagora_cs_arabize,تحبلك عندك واسطة ب يارك باش تقف تدخل تقابل ولي ولا معتمد ولا كذا,تي تحبلك عندك واسطة باهية راك باش توقف تدخل تقابل والي ولا معتمد ولا كذا,4.895999908447266,amenyKH_tataouine__for_acoustic_analysis_Sync0000053_no_speaker_0000603.0000035_0000608.0000029_tataouine__for_acoustic_analysis_Sync053_no_speaker_603.35_608.29_0,0.3333333333333333
labeled_linagora_cs_arabize,اليسا ولا الجامعة والآخرة اللي نروح وبابا زادا كان كيف يديما هاربي,لليسي ولا الجامعة ولاخرة الي نروح و بابا زادة كان كيف ديما هاربين و,7.440000057220459,TunSwitchTO_0000100_0000020_0000023_ofl_100_20_23_ofl_0,0.6428571428571429
labeled_linagora_cs_arabize,شنو يخ نمشي المكتبة مثلا باش تكون أنفيرنم كلي ناس كل تقرع فيه وكل,شنوا آخر نمشي للمكتبة مثلا باش تكون انفيرنمن اكاللي الناس الكل تقرا فيه و كل,5.544000148773193,amenyKH_Melekher0000010_0000228_0000000_Melekher10_228_0_0,0.6666666666666666
labeled_linagora_cs_arabize,yaقat,يقعد,0.9440000057220459,ar--1772_0.75.wav_1772_0.75_0,1.0
labeled_linagora_cs_arabize,من جنوب الصحرا في تونس معنتها فما دشيفر غالطين فمامناه فما  ن ر وني بار ر ل د سبسري,من جنوب الصحراء في تونس معنتها فمة دي شيفر غالطين فمة معناها فمة توت يون ارقومونتاسيون ايروني بار رابور ا لا سيتواسيون دي سابساهاريان,12.031999588012695,0000051_0000019_0000000_51_19_0_0,0.7083333333333334
labeled_linagora_cs_arabize,أنا دوون زاون لازم نكون,ده وقت في وقت انا نجم نكون,1.5440000295639038,amenyKH_0000007_chunk_0000111_007_chunk_111_0,0.8571428571428571
labeled_linagora_cs_arabize,امجنانوصلو خدام السيادام المواسات ا,اليوم التلامذة وصلوا قدام ليسيات قدام المؤسسات الثلاثة وروحوا,5.02400016784668,amenyKH_partie0000004_chunk_0000066_partie4_chunk_66_0,1.0
labeled_linagora_cs_arabize,وتوسي رو عنده فلوسينزم يعملك بروجير,توا التونسي راهو عندو فلوس ينجم يعمل لك برجي راهو,2.1519999504089355,amenyKH_MOSAIQUEFM_FORUM_8102012_partie0000001_0000003_chunk_0000023_MOSAIQUEFM_FORUM_08102012_partie1_3_chunk_23_0,1.0
labeled_linagora_cs_arabize,الإحساس الجوع,هاكي الاحساس بالجوع,1.7039999961853027,amenyKH_0000006_0000006_0002012_partie0000003_chunk_0000112_06_06_2012_partie3_chunk_112_0,1.0
labeled_linagora_cs_arabize,انجليزية,انقليسية,0.9599999785423279,tn9767_0,1.0
labeled_linagora_cs_arabize,كمكلم,ما زال معناتها,1.74399995803833,amenyKH_MIC0000001_mod_0000032_chunk_0000011_MIC00001_mod_32_chunk_11_0,1.0
labeled_linagora_cs_arabize,erase,الراجل,0.5680000185966492,ar--2346_1.25.wav_2346_1.25_0,1.0
labeled_linagora_cs_arabize,هلبناية هذية ولا البب هذية رول,هالبنية هاذيا ولا بيبي هذايه راهو ولدك,1.9199999570846558,amenyKH_0000008_chunk_0000423_008_chunk_423_0,0.8571428571428571
labeled_linagora_cs_arabize,عب مشكلة في الوجود أكثر وضعية,اصعب مشكله في الوجود اكثر وضعيه من عقدت,2.9079999923706055,youtube_EeH1mIG0kyM_0,0.75
labeled_linagora_cs_arabize,جم تخيله,نجم تتخيلها,0.640999972820282,youtube_EeH1mIG0kyM_1,1.0
labeled_linagora_cs_arabize,تصرف النفايات ينعم م الزبلةان,التصرف النيفيات اي نعم كما نفهموش في,2.944999933242798,youtube_EeH1mIG0kyM_2,1.0
labeled_linagora_cs_arabize,رف النفايات غدوة يكلنا الدود والأمراض,التصرف في النفايات غدوه الامراض خطرنا,3.2880001068115234,youtube_EeH1mIG0kyM_3,1.0
labeled_linagora_cs_arabize,وق بعضنا,عايشين فوق بعضنا,0.7919999957084656,youtube_EeH1mIG0kyM_4,0.6666666666666666
labeled_linagora_cs_arabize,حتى يخمم في الزبلي خطر صراحة,ولحتى يخمم في الزبده خطر بصراحه بعد نهار,3.38700008392334,youtube_EeH1mIG0kyM_5,0.625
labeled_linagora_cs_arabize,خر حاجة نحب نتعامل معا  الزب,خدمه آخر حاجه نحب نتعامل معاها هيا الزبل,2.25600004196167,youtube_EeH1mIG0kyM_6,0.75
labeled_linagora_cs_arabize,ربي متفكر,عزوز بربي ما تفكر هكاك,1.6440000534057617,youtube_EeH1mIG0kyM_7,1.0
labeled_linagora_cs_arabize,وكش هزة قداش فنصرفو عليها,باش تمشي يهزها قديش نصرفوا عليها ويمشي,2.484999895095825,youtube_EeH1mIG0kyM_8,0.8571428571428571
labeled_linagora_cs_arabize,يمك تقر حساب السوا,نحطوها من بعد يلزمك تقرا حساب السوائل,2.444999933242798,youtube_EeH1mIG0kyM_9,0.8571428571428571
labeled_linagora_cs_arabize,الغاات اللي تخرج وفي وسط هذي الكل,والغازات التي تخرج و في وسط هاذي الكل,2.2239999771118164,youtube_EeH1mIG0kyM_10,0.625
labeled_linagora_cs_arabize,الأمور في العالم وفي تونس بصفة خاصة,الامور في العالم وش في تونس بصفه خاصه,2.200000047683716,youtube_EeH1mIG0kyM_11,0.625
labeled_linagora_cs_arabize,ايتقال,فمة ما يتقال على خاطر,1.6649999618530273,youtube_EeH1mIG0kyM_12,1.0
labeled_linagora_cs_arabize,عام واحد جيت نعمل في الحسابات أنا نزن ك,في عام واحد في الحسابات انا نوزن تسعين كيلو,3.4079999923706055,youtube_EeH1mIG0kyM_13,0.7777777777777778
labeled_linagora_cs_arabize,مليون مرة محطوطين غادي ومعنا ما نعملوله,تسعة و عشرين مليون مره محطوطين غادي ومعنا منعملولو,3.627000093460083,youtube_EeH1mIG0kyM_15,0.6666666666666666
labeled_linagora_cs_arabize,د منطقتها ونجم نتفرج,تخدم ميتين و خمسين من طاقتها و النجم نتفرجوا على,3.7679998874664307,youtube_EeH1mIG0kyM_16,1.0
labeled_linagora_cs_arabize,بش نزيدوا نفهم مشكل الفضالات في بلانا,باش نزيدو نفهم مشكل الفضلات في بلادنا,1.7920000553131104,youtube_EeH1mIG0kyM_18,0.5714285714285714
labeled_linagora_cs_arabize,بخلاف أنا نكونو واعيين,كمواطنين بخلاف انا نكونوا واعيين و من,2.365999937057495,youtube_EeH1mIG0kyM_19,0.7142857142857143
labeled_linagora_cs_arabize,ميوج زبلة في القاعة,نرمين في القاعه,1.062000036239624,youtube_EeH1mIG0kyM_20,1.0
labeled_linagora_cs_arabize,يزمنا نعرفو للمعطياتوالرقام,اولا يلزمنا نعرفو للمعطيات و الارقام على,1.9240000247955322,youtube_EeH1mIG0kyM_21,0.8571428571428571
labeled_linagora_cs_arabize,ت في تونس قليلة وص,الفضلات في تونس قليله وصعيب,1.7450000047683716,youtube_EeH1mIG0kyM_22,0.6
labeled_linagora_cs_arabize,الفضالات المنزلية الي هي,في الفين و ثمنطاش الفضلات المنزليه الي هيا ثنين فاصل ستة,3.065999984741211,youtube_EeH1mIG0kyM_23,0.9090909090909091
labeled_linagora_cs_arabize,ممليون جنم,مليون طن فمة اثنين مليون جايين من العشره,2.6059999465942383,youtube_EeH1mIG0kyM_24,1.0
labeled_linagora_cs_arabize,تهف,ولايات هادو,0.6010000109672546,youtube_EeH1mIG0kyM_25,1.0
labeled_linagora_cs_arabize,ع الفضالات المنزلية متاعنا,معدل الفضلات المنزليه متاعنا نلقاو الي,2.505000114440918,youtube_EeH1mIG0kyM_26,0.8333333333333334
labeled_linagora_cs_arabize,لمناطق الرفية التونسي ينتج جرام,في المناطق الريفيه التونسي ينتج مياة و خمسين جرام,3.2860000133514404,youtube_EeH1mIG0kyM_27,0.6666666666666666
labeled_linagora_cs_arabize,في المدن وخاصة المدن الكبيرة,في النهار في المدن وخاصه المدن الكبيره,2.8459999561309814,youtube_EeH1mIG0kyM_28,0.5714285714285714
labeled_linagora_cs_arabize,تونسي ينتج أكثر من كيلو في النهار زبي,التونسي ينتج اكثر من كيلو في النهار زبي,3.6070001125335693,youtube_EeH1mIG0kyM_29,0.25
labeled_linagora_cs_arabize,نحو عن فضلات المنزلية,و نحكيو على الفضلات المنزليه نحن من مخ,2.223900079727173,youtube_EeH1mIG0kyM_30,1.0
labeled_linagora_cs_arabize,ل ناعية,الفضلات الصناعيه,0.7620999813079834,youtube_EeH1mIG0kyM_31,1.0
labeled_linagora_cs_arabize,فيي قناوة السرف الصحي,للتعدد في قنوات الصرف الصحي موضوع حلقتنا,2.505000114440918,youtube_EeH1mIG0kyM_32,0.8571428571428571
labeled_linagora_cs_arabize,هو الزبل زبلة ا,اليوم هو الزبله يعني زبله الديار,2.686000108718872,youtube_EeH1mIG0kyM_33,0.8333333333333334
labeled_linagora_cs_arabize,ئلات فضلت المدارس وليسي,و العائلات فضلت المدارس و الكليات,1.9040000438690186,youtube_EeH1mIG0kyM_34,0.6666666666666666
labeled_linagora_cs_arabize,البطارات والكلينيكات وه,وسبيتارات و الكلينيكات و هاذا هم,2.5439999103546143,youtube_EeH1mIG0kyM_35,1.0
labeled_linagora_cs_arabize,t是,في ستة و عشرين سنه,0.7419999837875366,youtube_EeH1mIG0kyM_36,1.0
labeled_linagora_cs_arabize,قل مواد عضوية واكثر بلاستيك,اقل مواد عضويه واكثر بلاستيك واقل,2.8259999752044678,youtube_EeH1mIG0kyM_37,0.5
labeled_linagora_cs_arabize,ضلتنا المنزلية بصفة عامة,الفضلاتنا المنزليه بصفه عامه مش كان,1.784999966621399,youtube_EeH1mIG0kyM_38,1.0
labeled_linagora_cs_arabize,بعد ما تخرج من ديارنا,البلاستيك بعد ما تخرج من ديارنا شنوا يصير,2.986999988555908,youtube_EeH1mIG0kyM_39,0.375
labeled_linagora_cs_arabize,嗯了,لها,2.424999952316284,youtube_EeH1mIG0kyM_40,1.0
labeled_linagora_cs_arabize,عملية مع قدة صراحةااختصار,العمليه معقده بصراحه اما باختصار عنا,2.7860000133514404,youtube_EeH1mIG0kyM_41,1.0
labeled_linagora_cs_arabize,تقريبا كاميون زبلا يخدموا في,تقريبا الف و ميتين كميون زبله يخدموا في,2.122999906539917,youtube_EeH1mIG0kyM_42,0.625
labeled_linagora_cs_arabize,ي دبوات,تونسين في الدبوات,0.8420000076293945,youtube_EeH1mIG0kyM_43,1.0
labeled_linagora_cs_arabize,خر عملية جمعالبلديت,صارت آخر عمليه جمع والبلديات الي مش دي,2.686000108718872,youtube_EeH1mIG0kyM_44,1.0
labeled_linagora_cs_arabize,عد ممكانيات,ما عندهم الامكانيات,0.8420000076293945,youtube_EeH1mIG0kyM_45,1.0
labeled_linagora_cs_arabize,خلي البلدية والبريفي الزوز مهم شراضين,ويخلي البلديه الزوج ما همش راضيين على,3.065000057220459,youtube_EeH1mIG0kyM_46,1.0
labeled_linagora_cs_arabize,يطيحو في مشاكل ع,خاطر ديما يتيحوا في مشاكل متعدده,1.7239999771118164,youtube_EeH1mIG0kyM_47,0.6666666666666666
labeled_linagora_cs_arabize,ا الواحدمن امصبات في,الي عنا الواحد من المصبات ثلطاش,2.1040000915527344,youtube_EeH1mIG0kyM_48,1.0
labeled_linagora_cs_arabize,الحاج ال,وحسب دراسات الحاجه الباهيه هو ان نسبه,2.385999917984009,youtube_EeH1mIG0kyM_49,1.0
labeled_linagora_cs_arabize,قاعدة تمشي لمصبات,الزبله الي قاعده تمشي للمصبات قاعده,2.003000020980835,youtube_EeH1mIG0kyM_50,0.8333333333333334
labeled_linagora_cs_arabize,من,تزيد من اربعة و ستين في الفين و خمسطاش ل ثنين و ثمانين في الفين و ثمنطاش لكن,6.051000118255615,youtube_EeH1mIG0kyM_51,0.9444444444444444
labeled_linagora_cs_arabize,عتبار المصابات العشوائية والحية الجديدة,الاعتبار العشوائيه والحياه الجديده,2.9270999431610107,youtube_EeH1mIG0kyM_53,1.25
labeled_linagora_cs_arabize,التجمعات السكنية اللموجودة على أرض,والتجمعات السكنيه الموجوده على الاراضي,1.74399995803833,youtube_EeH1mIG0kyM_54,0.8
labeled_linagora_cs_arabize,ي وغيرهم,الفلاحيه وغيرهم,2.4260001182556152,youtube_EeH1mIG0kyM_55,0.5
labeled_linagora_cs_arabize,دون منازعة أكبر نصب في بلادنا و,بدون منازع اكبر مصب في بلادنا و الي هو,2.2249999046325684,youtube_EeH1mIG0kyM_56,0.6666666666666666
labeled_linagora_cs_arabize,صدر حب الفلت,يستقبل بصدر الرحب الفضلات متاع ولايه,2.5250000953674316,youtube_EeH1mIG0kyM_57,1.0
labeled_linagora_cs_arabize,عاصم الكل,العاصمه الكل,0.5619999766349792,youtube_EeH1mIG0kyM_58,0.5
labeled_linagora_cs_arabize,جات الدولة وخذات هكتار,عام الف و تسعميا و تسعة و تسعين جهه الدوله و اخذت مياة و عشرين كتار,3.8469998836517334,youtube_EeH1mIG0kyM_59,1.0
labeled_linagora_cs_arabize,مزروعين زيتون ولوز وحبوب,كانوا مزروعين زيتون ولوز وحبوب وحولتهم,2.947000026702881,youtube_EeH1mIG0kyM_60,0.3333333333333333
labeled_linagora_cs_arabize,بزبلة مدة السلوحية متاعه في الأصل,المصب زبله مده الصلاحيه متاعه في الاصل,2.625,youtube_EeH1mIG0kyM_61,0.7142857142857143
labeled_linagora_cs_arabize,عد الدولة,عشرا سنين بعد عشر سنين الدوله زادت عشرا,3.4070000648498535,youtube_EeH1mIG0kyM_62,1.0
labeled_linagora_cs_arabize,ا عب,سنين اخرين من عندها وزادت عبى المصب فوق,2.2049999237060547,youtube_EeH1mIG0kyM_63,1.0
labeled_linagora_cs_arabize,لر الوضعية خايبة برشا على مستو,على خاطر الوضعيه خايبه برشا على مستوى,1.8839999437332153,youtube_EeH1mIG0kyM_65,0.7142857142857143
labeled_linagora_cs_arabize,واجتماعي,صحي واجتماعي,1.003000020980835,youtube_EeH1mIG0kyM_66,0.5
labeled_linagora_cs_arabize,وزارة البيئة تعهدة  تسكر المصب,وقتها وزاره البيئه عهدت باش تسكر المصب,2.444000005722046,youtube_EeH1mIG0kyM_67,0.7142857142857143
labeled_linagora_cs_arabize,كرتو بالعكس جات قبل تسكير بض,اما ما سكرتوش بالعكس جيت قبل تسكير بضعه,3.1459999084472656,youtube_EeH1mIG0kyM_68,0.625
labeled_linagora_cs_arabize,وطلبت من بلديت سيدي حسين,اشهر وطلبت من بلديه سيد حسين باش تزيد,2.3450000286102295,youtube_EeH1mIG0kyM_69,0.625
labeled_linagora_cs_arabize,كار خرن,تعطيها اربعين كتار اخرين يعني حابب توسع,2.505000114440918,youtube_EeH1mIG0kyM_70,1.0
labeled_linagora_cs_arabize,وبلدي تسيد أحسين رفض,المصب وبلديه سيد حسين رفضت وما زالوا,3.2049999237060547,youtube_EeH1mIG0kyM_71,1.0
labeled_linagora_cs_arabize,عاب,بطاقه استيعاب بنت عمي,1.062999963760376,youtube_EeH1mIG0kyM_72,1.0
labeled_linagora_cs_arabize,mم,في يوم يوميا,0.8019999861717224,youtube_EeH1mIG0kyM_73,1.0
labeled_linagora_cs_arabize,زبلكيتوصل غادي شنو يصير لها وشنو تولي,اما الزبله غادي شنوا يصير لها وشنو تولي,3.135999917984009,youtube_EeH1mIG0kyM_74,0.375
labeled_linagora_cs_arabize,الإجابة هي wait for it,والاجابه هيا وايد فوريت,2.384000062942505,youtube_EeH1mIG0kyM_75,1.25
labeled_linagora_cs_arabize,حتى شي مانش ندخلو في التفاصيل تقنية,حتى شيء ما ني ش تدخل في التفاصيل تقنيا,2.865999937057495,youtube_EeH1mIG0kyM_76,0.6666666666666666
labeled_linagora_cs_arabize,مقديش ننجو من سوايل وغزيت سامة,طاقه قديش ننجو من سوايل وغازات سامه من,2.484999895095825,youtube_EeH1mIG0kyM_77,0.625
labeled_linagora_cs_arabize,أما الأكيد أنه عملية الردم وهو رو,كتسه اما الاكيد انه عمليه الردم وهو راو,3.427000045776367,youtube_EeH1mIG0kyM_78,0.75
labeled_linagora_cs_arabize,حد شي,لردم لاحد شيء,0.7620000243186951,youtube_EeH1mIG0kyM_79,1.0
labeled_linagora_cs_arabize,في تلويث الهوا والما تاع الماد,كبير في تلويث الهواء و المال تاع الميدان,2.2639999389648438,youtube_EeH1mIG0kyM_80,0.625
labeled_linagora_cs_arabize,الدولة مختلف  ها مؤسساتها,علاش الدوله بمختلف هيكرها مؤسساتها عندها,2.825000047683716,youtube_EeH1mIG0kyM_81,0.8333333333333334
labeled_linagora_cs_arabize,ة مصيرية,مسؤوليه مصيريه مش معاش,1.6440000534057617,youtube_EeH1mIG0kyM_82,1.0
labeled_linagora_cs_arabize,وقت الي تسكر,الفين و واحد و عشرين وقت الي يتسكر,1.3639999628067017,youtube_EeH1mIG0kyM_83,0.75
labeled_linagora_cs_arabize,عت إلى إعلان جربة منطقة منكوبة تلمو الوضعي ي خيبت,دعت الى اعلان جربه منقوبه الوضعيه خيبت,3.4639999866485596,youtube_EeH1mIG0kyM_84,1.2857142857142858
labeled_linagora_cs_arabize,حد الانلد,والى حد الان الدوله وقت الي,1.74399995803833,youtube_EeH1mIG0kyM_85,0.8333333333333334
labeled_linagora_cs_arabize,معينة مي حا,بتوصلو في بلاصه معينه تمشي تحاول تلقى,2.424999952316284,youtube_EeH1mIG0kyM_86,1.0
labeled_linagora_cs_arabize,رم فهم الزبلة اا هذا  حل,بلايص وخرين تربيه اما هاذا مش حل الدوله,3.7079999446868896,youtube_EeH1mIG0kyM_87,0.875
labeled_linagora_cs_arabize,حسب كل المختصين,من واجبها حسب كل المختصين ونحن حكينا مع,2.484999895095825,youtube_EeH1mIG0kyM_88,0.625
labeled_linagora_cs_arabize,نهم أنا تواجه المشكل في عمكو و,ضد منهم انها تواجه المشكل في عمقه وتعترف,2.924999952316284,youtube_EeH1mIG0kyM_89,0.625
labeled_linagora_cs_arabize,نجم تلقاله حل عل مستوى مركزي,بيه باش نجم على مستوى مركزي من المهم,2.9649999141693115,youtube_EeH1mIG0kyM_90,0.75
labeled_linagora_cs_arabize,توفير اعتمادات مالية معتبرة,برشا توفير اعتمادات ماليه معتبره,2.2860000133514404,youtube_EeH1mIG0kyM_91,0.6
labeled_linagora_cs_arabize,واضحين با نتخلصم السياسة,فهذه واضحين باش نتخلصوا من السياسه,2.4049999713897705,youtube_EeH1mIG0kyM_92,0.8333333333333334
labeled_linagora_cs_arabize,الية اللي ترقد المواطن على زبلتو,الحاليه الي ترقد المواطنه على زبلته و في,2.686000108718872,youtube_EeH1mIG0kyM_93,0.75
labeled_linagora_cs_arabize,حسن الحالات تزت بعدها عليه و,احسن الحالات تهز بعدها عليه و تحطها في,2.625999927520752,youtube_EeH1mIG0kyM_94,0.5
labeled_linagora_cs_arabize,ونخر,وجه مواطن آخر,0.7200000286102295,youtube_EeH1mIG0kyM_95,1.0
labeled_linagora_cs_arabize,خاطر في الزون مينا الكل مش كا في تونس,على خاطر في الزون من الكل مشكله في تونس,1.9839999675750732,youtube_EeH1mIG0kyM_96,0.4444444444444444
labeled_linagora_cs_arabize,كرت أنه نتصرفوا في النفايات بالفلوس,فكره انه نتصرفوا في النفايات بالفلوس,2.1649999618530273,youtube_EeH1mIG0kyM_97,0.3333333333333333
labeled_linagora_cs_arabize,من ري الماي,الي جايه من ضرائب المواطنين ما هي ش فكره,2.6050000190734863,youtube_EeH1mIG0kyM_98,0.8888888888888888
labeled_linagora_cs_arabize,التمويل متاع العملية هذيي,ناجعه برشا التمويل متاع العمليه يلزم,3.365999937057495,youtube_EeH1mIG0kyM_99,0.6666666666666666
labeled_linagora_cs_arabize,أكثر نجاع وأكثر جرابي,يولي اكثر نجاعه واكثر جرى,1.9839999675750732,youtube_EeH1mIG0kyM_100,1.0
labeled_linagora_cs_arabize,كل شنون,الكل شنوا,1.0219999551773071,youtube_EeH1mIG0kyM_101,1.0
labeled_linagora_cs_arabize,المواطنين العاديين,المواطنين العاديين,1.343000054359436,youtube_EeH1mIG0kyM_102,0.0
labeled_linagora_cs_arabize,خمفيالحلق,ونخدم في الحلقه هاذي بنحكيلكمش على عدد,2.125,youtube_EeH1mIG0kyM_103,1.0
labeled_linagora_cs_arabize,تقارير دراسات لقريتهمل,التقارير والدراسات الي قريتهم و الي,1.74399995803833,youtube_EeH1mIG0kyM_104,1.0
labeled_linagora_cs_arabize,وري الوضعية الكارفية ولتقول ال,توري الوضعيه كارثيه و الي تقول لي هيا,2.4660000801086426,youtube_EeH1mIG0kyM_105,1.0
labeled_linagora_cs_arabize,لكن ديما في الاخر الروبريك الي تحك ل,كارثيه لكن ديما في الاخر الي تحكي على,3.0450000762939453,youtube_EeH1mIG0kyM_106,0.5
labeled_linagora_cs_arabize,حلول لركمنداتيون نلقاو دما للحل,الحلول واليكوموداسيون نلقاو ديما للحل هو,3.3469998836517334,youtube_EeH1mIG0kyM_107,0.6666666666666666
labeled_linagora_cs_arabize,لتوعية والتحسيس,التوعيه والتحسيس,1.0219999551773071,youtube_EeH1mIG0kyM_108,0.5
labeled_linagora_cs_arabize,نا كأفراد نجما نعملوا مخير صحيح,نحن كافراد النجم يعملوا مخير صحيح وهاو,3.444999933242798,youtube_EeH1mIG0kyM_109,0.7142857142857143
labeled_linagora_cs_arabize,يقول اولا اقرى تبع وتعلم,اغلب شنوا يقولوا اولا اقرا وتبع وتعلم,4.0269999504089355,youtube_EeH1mIG0kyM_110,0.7142857142857143
labeled_linagora_cs_arabize,كيما سمعتنا اليوم,واسمع كيما سمعتنا اليوم,1.0959999561309814,youtube_EeH1mIG0kyM_111,0.25
labeled_linagora_cs_arabize,ى الفيسبوك تطلقى مجموعات بتاع عباد,حتى على الفيسبوك تتلقى مجموعات متاعبات,2.244999885559082,youtube_EeH1mIG0kyM_112,0.8333333333333334
labeled_linagora_cs_arabize,نفس المشاغل هذير,عندهم نفس المشاكل هاذي شارك في حملات,2.125,youtube_EeH1mIG0kyM_113,0.8571428571428571
labeled_linagora_cs_arabize,فةفي التجارب متاع الفرز,النظافه في التجارب متاع الفرز,1.7430000305175781,youtube_EeH1mIG0kyM_114,0.4
labeled_linagora_cs_arabize,ل تكلم عبر,والكومبوستاج ثالثا اتكلم وعبر احكي مع,4.248000144958496,youtube_EeH1mIG0kyM_115,1.0
labeled_linagora_cs_arabize,سولين المحليين أحظر في مجال,المسؤولين المحليين احضر في المجالس,1.8639999628067017,youtube_EeH1mIG0kyM_116,0.6
labeled_linagora_cs_arabize,أعطي رايك في الموضوع,البلديه اعطي رايك في الموضوع,1.6399999856948853,youtube_EeH1mIG0kyM_117,0.4
labeled_linagora_cs_arabize,انت خم مسليك المحليين,رابعا انتخب ممثليك المحليين,2.2839999198913574,youtube_EeH1mIG0kyM_118,0.75
labeled_linagora_cs_arabize,يحسوا للمواطنين يغزرو لهم,يعملوا باش يحسوا للمواطنين يغظروا لهم,2.305000066757202,youtube_EeH1mIG0kyM_119,0.5
labeled_linagora_cs_arabize,حسبهم,ويحاسبوهم,0.5609999895095825,youtube_EeH1mIG0kyM_120,1.0
labeled_linagora_cs_arabize,أهم حاجة طبق الي تقولفيها عل روحك,واهم حاجه طبق الي تقول فيه على روحك,2.5250000953674316,youtube_EeH1mIG0kyM_121,0.625
labeled_linagora_cs_arabize,ول عل حياتك افرز زبلتك,طبق الي تقول فيه على حياتك افرز زبلتك,2.2639999389648438,youtube_EeH1mIG0kyM_122,0.625
labeled_linagora_cs_arabize,تعمل كومبوست مقسم شري لبلاستيك,حاول تعمل نقص مشاريع البلاستيك,2.384000062942505,youtube_EeH1mIG0kyM_123,1.0
labeled_linagora_cs_arabize,عمل ك  خ,وحاولت حولك باش يعملوا كيفك الخمسه خطوات,2.9860000610351562,youtube_EeH1mIG0kyM_124,1.0
labeled_linagora_cs_arabize,نجم يحسنوا الوضعية برشا,هذوما ينجموا يحسنوا الوضعيه برشا اما هاذا,2.865999937057495,youtube_EeH1mIG0kyM_125,0.7142857142857143
labeled_linagora_cs_arabize,ينفعش إذا كان الدولة والقطاع الخاص,ما ينفعش اذا كان الدوله والقطاع الخاص,2.364000082015991,youtube_EeH1mIG0kyM_126,0.42857142857142855
labeled_linagora_cs_arabize,اق ال,يقعدون مقصرين القطاع الخاص من شيرتو,2.7060000896453857,youtube_EeH1mIG0kyM_127,1.0
labeled_linagora_cs_arabize,وبرشا مصادر أخرين,للتنميه الصناعيه وبرشه مصادر اخرين,1.9639999866485596,youtube_EeH1mIG0kyM_128,0.8
labeled_linagora_cs_arabize,شركات خاصة في الدول ذات الدخل المنخفظ,الشركات خاصه في الدول التي تدخل المنخفض,2.505000114440918,youtube_EeH1mIG0kyM_129,0.7142857142857143
labeled_linagora_cs_arabize,ساعت ستعمل موار,كيما بلادنا ساعات تستعمل موارد او,2.204900026321411,youtube_EeH1mIG0kyM_130,1.0
labeled_linagora_cs_arabize,تياتها في الماركتينغق,استراتيجيتها في الماركتينج والعلاقات,1.9850000143051147,youtube_EeH1mIG0kyM_131,0.75
labeled_linagora_cs_arabize,ش تعطي على روح الصورة باهية,العامه باش تعطي على روحه صوره باهيه في,2.365000009536743,youtube_EeH1mIG0kyM_132,0.75
labeled_linagora_cs_arabize,تعش,حين ان هيا ما هيش تعمل في حتى شيء بالحق,2.1449999809265137,youtube_EeH1mIG0kyM_133,1.0
labeled_linagora_cs_arabize,من فلت,باش تنقص من فضلاتها ولا تخمم انها تحسن,2.5850000381469727,youtube_EeH1mIG0kyM_134,0.875
labeled_linagora_cs_arabize,اكجينغ متاع البرودوي متاع رك فيالحقيقة,من الباكجين متاع البرودوي في الحقيقه فمة,3.2060000896453857,youtube_EeH1mIG0kyM_135,0.7142857142857143
labeled_linagora_cs_arabize,جاتمختلفة الي تخلي المنتج والمصنع,بدرجه مختلفه الي تخلي المنتج والمصنع,2.5840001106262207,youtube_EeH1mIG0kyM_137,0.3333333333333333
labeled_linagora_cs_arabize,و عل ال ا نع,مسؤول على البرودوي يتصنع وحتى بعد ما,3.063999891281128,youtube_EeH1mIG0kyM_138,1.0
labeled_linagora_cs_arabize,هي سياسة حمل المسؤولية,يتطيش هيا سياسه حمل المسؤوليه اما زادة,2.7869999408721924,youtube_EeH1mIG0kyM_139,0.8571428571428571
labeled_linagora_cs_arabize,تحفيزات مهمة برشا للصناعين,تعطي تحفيزات مهمه ببرشا للصناعيين باش,2.5250000953674316,youtube_EeH1mIG0kyM_140,0.8333333333333334
labeled_linagora_cs_arabize,أكثر جد بجسم حج,يحطوا اكثر ج هد بجسموا حاجات,1.6440000534057617,youtube_EeH1mIG0kyM_141,1.0
labeled_linagora_cs_arabize,نيش هك معنا,ما ني ش هكة معناها فهمت,1.3760000467300415,amenyKH_Personnalité_Multiple_HM_E0000001_denoised_Sync0000074_no_speaker_0000149.0000050_0000150.0000085_Personnalité_Multiple_HM_E1_denoised_Sync074_no_speaker_149.50_150.85_0,1.0
labeled_linagora_cs_arabize,نحبك على تول,نحبك على طول,1.840000033378601,N7bek_ala_toul_31248_0,0.3333333333333333
labeled_linagora_cs_arabize,y sm进n,جولة في المدينة,1.1519999504089355,ar--3119_1.5.wav_3119_1.5_0,1.0
labeled_linagora_cs_arabize,كان تمشي عليمين تالقى روحك فاللومب بوتياج,كان تمشي على الليمين تلقى روحك في امبوتياج,4.48799991607666,ar--3274_0.75.wav_3274_0.75_0,0.625
labeled_linagora_cs_arabize,ondr institut midoك يت uن pرogrام د'اكcلراتيوn موجود في العالم الكل بداف أمريكا عام  اليوم موجود في أكثر من  مدينة في العالم خلي نقولو على sيx continent,فاوندر انستيتوت ميدوكس سي ان بروقرام داكسيليراسيون موجود في العالم الكل بدا في امريكا عام الفين و تسعة و اليوم موجود في اكثر من ميتين مدينة في العالم خلى نقولوا على سيس كونتينون,10.112000465393066,0000004_0000008_4_8_0,0.6060606060606061
labeled_linagora_cs_arabize,بس شامة,بالسلامة,0.7120000123977661,ar--3014_1.25.wav_3014_1.25_0,2.0
labeled_linagora_cs_arabize,بتبيعة,بالطبيعة,0.656000018119812,ar--1779_1.25.wav_1779_1.25_0,1.0
labeled_linagora_cs_arabize,ويشوف ون سرتاين انتربرتايون للنص هذيا اللي تخلينا تخليك تنجم تخدم دونك رلم اليوم المثال اللي عننا هنا هو ال متاع لرلم بانكايرة اللي حنا نتعاملو معها أساساللي هي معناها صعيبا,و يشوف يون سيرتان انتربريتاسيون للنص هذايا الي تخلينا تخليك تنجم تخدم دونك ريلمون اليوم المثال لي عنا هنا هو لي ريقلمونتاسيون متاع لا ريقلمونتاسيون بانكير الي حنا نتعاملو معاها اساسا الي هيا معناها صعيبة,14.968000411987305,0000010_sub_audio_chunk_0000000_10_sub_audio_chunk_0_0,0.6
labeled_linagora_cs_arabize,كسو في الباك كنت وقت ي نكمل نكون  كملت كلشي ا نقعد مخفار,كي سي سوا في الباك كنت وقتلي نكمل نكون فريمون كملت كل شيء باش نقعد مخي فارغ,5.823999881744385,0000027_0000265_0000001_27_265_1_0,0.6470588235294118
labeled_linagora_cs_arabize,إرجع,يرجع,0.9200000166893005,ar--1940_0.75.wav_1940_0.75_0,1.0
labeled_linagora_cs_arabize,مكنش نجم صداقهم وقتا,ما كنتش نجم نصدقهم وقتها,1.2719999551773071,amenyKH_Personnalité_Multiple_HM_E0000001_denoised_Sync0000040_no_speaker_0000088.0000035_0000089.0000067_Personnalité_Multiple_HM_E1_denoised_Sync040_no_speaker_88.35_89.67_0,0.8
labeled_linagora_cs_arabize,قبنا على طرف,نعقب انا على طرف,1.1019999980926514,youtube_SpnV5tVyTNE_0,0.5
labeled_linagora_cs_arabize,للمرة العاشرة,حزب لمره العاشره,2.9070000648498535,youtube_SpnV5tVyTNE_1,1.0
labeled_linagora_cs_arabize,,يقولها نضح نوضح مش نوضحه مش نوضحه مش,2.263000011444092,youtube_SpnV5tVyTNE_2,1.0
labeled_linagora_cs_arabize,ضح البرشا من الناس اللي تبع,نوضح البرشه من الناس الي تتبع,3.565000057220459,youtube_SpnV5tVyTNE_3,0.6666666666666666
labeled_linagora_cs_arabize,أنا ناصري قوم ناصري,تشت انا ناصري قومي ناصري,3.625,youtube_SpnV5tVyTNE_4,0.6
labeled_linagora_cs_arabize,مؤسس التجب الطلابية,واتشرف مؤسس التجربه الطلابيه ثلاثة و تسعين في,3.565999984741211,youtube_SpnV5tVyTNE_5,0.875
labeled_linagora_cs_arabize,سيوقت الناس,الجامعه التونسية وقت الناس هربت من,1.843000054359436,youtube_SpnV5tVyTNE_6,0.8333333333333334
labeled_linagora_cs_arabize,شركت في تأسيس العديد من الاحزا,السياسه شاركت في تاسيس العديد من الاحزاب,3.2669999599456787,youtube_SpnV5tVyTNE_7,0.5714285714285714
labeled_linagora_cs_arabize,في مجلس أمناء الجبهة الشعبية,عضو في مجلس امناء الجبهه الشعبيه الان,3.0320000648498535,youtube_SpnV5tVyTNE_9,0.7142857142857143
labeled_linagora_cs_arabize,وعندي ما يقارب  سنوات وقلت,صحفي وعندي ما يقارب ثمانيه سنوات وقلتها,4.245999813079834,youtube_SpnV5tVyTNE_10,0.42857142857142855
labeled_linagora_cs_arabize,أنا يدي قلتها وقت الي حيت,انا انا بيدي قلتها وقت الي حكيت خذت,3.1050000190734863,youtube_SpnV5tVyTNE_11,0.625
labeled_linagora_cs_arabize,السياسة مارستها أيام الدكتاتورية,مسافه السياسه مارستها ايام الدكتاتوريه,2.6480000019073486,youtube_SpnV5tVyTNE_12,0.8
labeled_linagora_cs_arabize,عد الثورة شفت القذارةلك,بعد الثوره شفت القذاره لذلك بعدت على,3.7860000133514404,youtube_SpnV5tVyTNE_13,0.8571428571428571
labeled_linagora_cs_arabize,اح نا تو صحف,السياسه واضح انا توا صحفي هاذا باش نطمن,2.364000082015991,youtube_SpnV5tVyTNE_14,1.0
labeled_linagora_cs_arabize,دلني وطدي مع احترام للوطط,العباد لاني وطن مع احترامي للوطن اعطيتكم,3.625999927520752,youtube_SpnV5tVyTNE_15,0.8571428571428571
labeled_linagora_cs_arabize,فكري ر حطها مك,مرجعيه الفكريه ارشم حطوها ثمك وش يتمص,3.1649999618530273,youtube_SpnV5tVyTNE_16,1.0
labeled_linagora_cs_arabize,نا موجود كصحفيشهر,عبد اللطيف انا موجود كصحفي شهر تسعة سامحني,3.303999900817871,youtube_SpnV5tVyTNE_17,0.875
labeled_linagora_cs_arabize,حن من الأموال ال نتقذفها,سامحني تسعين من من الاموال الي نتق فيها,4.406000137329102,youtube_SpnV5tVyTNE_18,0.875
labeled_linagora_cs_arabize,لتعريف تع الصحوفيتق,راه التعريف متاع الصحفي نتقاضى فيها من قطاع,2.884999990463257,youtube_SpnV5tVyTNE_19,1.0
labeled_linagora_cs_arabize,,الصحافه نخدم في جريده,1.1829999685287476,youtube_SpnV5tVyTNE_20,1.0
labeled_linagora_cs_arabize,ابع الاتحاب عام تنسلش,الشعب تابع لاتحاد العام التونسي للشغل,3.1649999618530273,youtube_SpnV5tVyTNE_21,1.0
labeled_linagora_cs_arabize,ق في مواليوهنا نخدم بعقد,وتقاضى في اموالي وهنا نخدم بعقد ما عنديش,3.005000114440918,youtube_SpnV5tVyTNE_22,0.625
labeled_linagora_cs_arabize,أخرى ونجيهناندور في الدولا,خدمه اخرى ونجي هنا ندور في الدولاب فهمت,3.0450000762939453,youtube_SpnV5tVyTNE_23,0.875
labeled_linagora_cs_arabize,خادمند,هذ خدمتي عندي خمسطاش سنه لا لا خمسطاش سنه في,3.1050000190734863,youtube_SpnV5tVyTNE_24,1.0
labeled_linagora_cs_arabize,نهارت العملة السياسة كنت قيادي,صحاب نهار عملت السياسه كنت قيادي وكنت,3.4649999141693115,youtube_SpnV5tVyTNE_25,0.7142857142857143
labeled_linagora_cs_arabize,يوكنت أواجه النظام وتحكمتلذلك,خطيب وكنت اواجه النظام وتحكمت لذلك لا,3.5859999656677246,youtube_SpnV5tVyTNE_26,0.8571428571428571
labeled_linagora_cs_arabize,كا  صف حبي,اخجل كان عندي صفه حزبيه نقولها وما هي ش,2.24399995803833,youtube_SpnV5tVyTNE_27,1.0
labeled_linagora_cs_arabize,ما ثم ناس تخجل من صفاتها الحزبية,عزاء ا ثم ناس تخجل من صفاتها الحزبيه,2.944999933242798,youtube_SpnV5tVyTNE_28,0.375
labeled_linagora_cs_arabize,وتوصل تتبرع حتى من احزابها وتستقيل منها,وتوصل تتبرع حتى من احزاب وتستقيل منها ما,2.6640000343322754,youtube_SpnV5tVyTNE_29,0.25
labeled_linagora_cs_arabize,غنقطة الاخير,عش ف مغ النقطه الاخيره انا في حكيت حكيت,2.7839999198913574,youtube_SpnV5tVyTNE_30,1.0
labeled_linagora_cs_arabize,ساب بعد الثورةلم اتحد,على الاحزاب بعد الثوره لم اتحدث على,2.565000057220459,youtube_SpnV5tVyTNE_31,0.8571428571428571
labeled_linagora_cs_arabize,حاب قبل الثورة أن نحكي عن الحزا,الاحزاب قبل الثوره ان نحكي على الاحزاب,1.7430000305175781,youtube_SpnV5tVyTNE_32,0.7142857142857143
labeled_linagora_cs_arabize,ما بعد ثورة وهذاي واقع أنا نحكي فيه,ما بعد الثوره و هاذا يا واقع انا نحكي فيه,3.2039999961853027,youtube_SpnV5tVyTNE_33,0.5
labeled_linagora_cs_arabize,منش نهمش في الاحساب,ما ني ش ما ني ش نهم في الحساب ولا هيا همشت,3.625999927520752,youtube_SpnV5tVyTNE_34,0.9166666666666666
labeled_linagora_cs_arabize,هي فلجة روح اعطني حزب متوحد,روحها هيا فلقت روحها اعطيني حزب متوحد انت,3.2850000858306885,youtube_SpnV5tVyTNE_35,0.75
labeled_linagora_cs_arabize,كلها استقالت من أحزابه هربت لادت بالفرار,كلها استقالت من احزاب وهربت لادت بالفرار,2.5250000953674316,youtube_SpnV5tVyTNE_36,0.2857142857142857
labeled_linagora_cs_arabize,در ف,الموضوع موضوعنا ما هو ش دور خليفه,1.9830000400543213,youtube_SpnV5tVyTNE_39,1.0
labeled_linagora_cs_arabize,ره infoprt و عطيتكم المرجعية الفكرية,شوشان شرحت انيتكم المرجعيه الفكريه وسير,2.984999895095825,youtube_SpnV5tVyTNE_40,1.0
labeled_linagora_cs_arabize,ذاتي وتحب نعطيكم مشترة نص ساعة,الذاتيه وتحب نعطيكم مش نص ساعه,1.6030000448226929,youtube_SpnV5tVyTNE_41,0.5
labeled_linagora_cs_arabize,و,واطماعه شادين في الدوره يا عزيز يا خليفه,2.4630000591278076,youtube_SpnV5tVyTNE_42,1.0
labeled_linagora_cs_arabize,تم ترذيل الأعزاب دون ذكر ما تعرض,واضح تم ترذيل الاحزاب دون ذكر ما تعرضت,3.986999988555908,youtube_SpnV5tVyTNE_43,0.375
labeled_linagora_cs_arabize,يوم إذا من طرف قي سعيد,له من اذا من طرف قيس سعيد والانظمه,1.9630000591278076,youtube_SpnV5tVyTNE_44,0.625
labeled_linagora_cs_arabize,وبدون استثنااتوبدون استثناءات,السابقه و بدون استثناءات وبدون استثناءات,3.384000062942505,youtube_SpnV5tVyTNE_45,0.8333333333333334
labeled_linagora_cs_arabize,ن كل الأهزاب كلها فيها وعليها وما ثمش,مع كل الاحزاب كلها بها وعليها وماث ما,2.884000062942505,youtube_SpnV5tVyTNE_46,0.625
labeled_linagora_cs_arabize,وهذا ترديدمي لسياس,تضامن و هاذا ترذيل اثنين ماضيك السياسي يا,3.5260000228881836,youtube_SpnV5tVyTNE_47,1.0
labeled_linagora_cs_arabize,حاضر في تدخلتك أنت تتدخل بطريق,استاذ حاضر في تدخلات انت تتدخل بطريقه,3.1050000190734863,youtube_SpnV5tVyTNE_48,0.5714285714285714
labeled_linagora_cs_arabize,انا لم اتهم,منحسه انا لم اتهمك في,1.562999963760376,youtube_SpnV5tVyTNE_49,0.6
labeled_linagora_cs_arabize,أنا سياسي لاش تقر,نكلمك سياسي علاش تقرا,1.7630000114440918,youtube_SpnV5tVyTNE_51,0.75
labeled_linagora_cs_arabize,شي مق,مباشره ماقص,1.062000036239624,youtube_SpnV5tVyTNE_55,1.0
labeled_linagora_cs_arabize,ف,حاجه خليف من فضلك عاد يا خليفه من فضلك,3.265000104904175,youtube_SpnV5tVyTNE_57,1.0
labeled_linagora_cs_arabize,و او,نحترم الضيوف الي جينا في بلاتو مهما كان,2.003000020980835,youtube_SpnV5tVyTNE_58,1.0
labeled_linagora_cs_arabize,أنا ناقجت,مه كان انا ناقشته بكل,1.6030000448226929,youtube_SpnV5tVyTNE_59,1.0
labeled_linagora_cs_arabize,,احترام هو ت الى السب,0.8009999990463257,youtube_SpnV5tVyTNE_61,1.0
labeled_linagora_cs_arabize,ظلومت وقتك قلي الحزيبة تاعك,تظل مظلومي سب وشديد وقت تقوللي الحزب متاعك,3.9260001182556152,youtube_SpnV5tVyTNE_62,1.0
labeled_linagora_cs_arabize,ق  صغير,وقت الي تقوللي حيب مازال صغير ك يكبر,2.765000104904175,youtube_SpnV5tVyTNE_63,0.875
labeled_linagora_cs_arabize,أنت تتهكب كمل,تسموه حزب حيب انت تتهكم خليني نكمل خل,3.4860000610351562,youtube_SpnV5tVyTNE_64,1.0
labeled_linagora_cs_arabize,استاذ اقا,نكمل و استاذ قادر على المقاط لا لا تفضل,2.5250000953674316,youtube_SpnV5tVyTNE_65,0.8888888888888888
labeled_linagora_cs_arabize,ا ل لمقاطعةفدليف,س عبد اللطيف المقاطعه تفضل سي عبد اللطيف,1.9639999866485596,youtube_SpnV5tVyTNE_66,1.0
labeled_linagora_cs_arabize,أنت مازال مضيك السياسي وانحياتك,خليفه خ ن مازال مضيك السياسي وانحياز,3.244999885559082,youtube_SpnV5tVyTNE_67,0.5714285714285714
labeled_linagora_cs_arabize,ياسي ليديولوجيا معينة ولفكر معين,السياسي ديولو جيا معينه ول فكر معين,2.382999897003174,youtube_SpnV5tVyTNE_68,0.8571428571428571
labeled_linagora_cs_arabize,مازال حاضرا في تدخلاته هو لا يتدخل,مازال مازال حاضرا في تدخلاته هو لا يتدخل,3.687000036239624,youtube_SpnV5tVyTNE_69,0.125
labeled_linagora_cs_arabize,ولكن لا يتدخل,بمهنيه لا يتدخل,1.0219999551773071,youtube_SpnV5tVyTNE_70,0.3333333333333333
labeled_linagora_cs_arabize,من,بمهنيه,0.5210000276565552,youtube_SpnV5tVyTNE_71,1.0
labeled_linagora_cs_arabize,غبي,فيسوك غربيه ز,0.6209999918937683,youtube_SpnV5tVyTNE_72,1.0
labeled_linagora_cs_arabize,,غير بمهنيه,0.5609999895095825,youtube_SpnV5tVyTNE_73,1.0
labeled_linagora_cs_arabize,صح دخل تفو,عنا واخل من وزير الصحه تدخل بتليفون,2.6630001068115234,youtube_SpnV5tVyTNE_74,1.0
labeled_linagora_cs_arabize,,وكلم مديره اذاعه ينحون هاذا يحكي قورنا لا,2.7039999961853027,youtube_SpnV5tVyTNE_76,1.0
labeled_linagora_cs_arabize,فاحيل,مستحيل,0.6320000290870667,youtube_SpnV5tVyTNE_77,1.0
labeled_linagora_cs_arabize,ش كمل خليفة مش معقول,الفضل سام لا خليف مش معقول يا سي عبد,2.263000011444092,youtube_SpnV5tVyTNE_80,0.7777777777777778
labeled_linagora_cs_arabize,يف مش مقول ياسع عبد ارطيف,اللطيف مش معقول يا سي عبد اللطيف يا سي,2.384999990463257,youtube_SpnV5tVyTNE_81,0.7777777777777778
labeled_linagora_cs_arabize,طيف غير معقول ياس خليفة,عبد اللطيف غير معقول يا س خليف يا خليفه,2.384000062942505,youtube_SpnV5tVyTNE_82,0.7777777777777778
labeled_linagora_cs_arabize,ش معقول ياسي عبد الطيف رنافرنا ف,مش معقول يا سي عبد اللطيف ر في برنامج,3.0450000762939453,youtube_SpnV5tVyTNE_83,0.7777777777777778
labeled_linagora_cs_arabize,ومايجيش يخليفة,فينا يجيش يا خليفه,0.9020000100135803,youtube_SpnV5tVyTNE_84,1.0
labeled_linagora_cs_arabize,كمل هك لا هذا مش معقول مش معقول,كم هك لا هاذا مش معقول مش معقول با با,5.328000068664551,youtube_SpnV5tVyTNE_85,0.4
labeled_linagora_cs_arabize,خونجيخج سبي,اعطيني اخان سبه سبه اخوانت سبه,1.6649999618530273,youtube_SpnV5tVyTNE_86,1.0
labeled_linagora_cs_arabize,غذيتفهنه,ما خذيتش الصحن هاذا,1.0880000591278076,TunSwitchTO_0000018_0000022_0000001_r0000005a_18_22_01_r5a_0,1.0
labeled_linagora_cs_arabize,هذي درجة اولى محمرتح,هاذي درجة اولى سمحة باهية بلاصة مرتاحة,1.9279999732971191,amenyKH_MIC0000001_mod_0000020_chunk_0000024_MIC00001_mod_20_chunk_24_0,0.7142857142857143
labeled_linagora_cs_arabize,العباد على محلاعم,الاعباد على محلاهم,2.072000026702881,TunSwitchTO_0000021_0000002_0000007_x0000004q_21_02_07_x4q_0,0.6666666666666666
labeled_linagora_cs_arabize,t peet جا عمري في حياتي مااستعملت جايلو معمليش إريتاتيون دييما,ديما هيريتاسيون و ما عملي ش جيل عمري في حياتي ما استعملت بيرفكت جيل,6.104000091552734,0000075_0000040_0000002_75_40_2_0,0.8571428571428571
labeled_linagora_cs_arabize,خليني نخمم,خليني نخمم,1.055999994277954,ar--3561_1.wav_3561_1_0,0.0
labeled_linagora_cs_arabize,وي زادا كيف كيف متا ل رلم نايره الي تخلي ل اداسرل معناها,و سايت زادة كيف كيف ان ميتان لا ريقلمونتاسيون نيسيسار الي تخلي لي اندستريال معناها,8.208000183105469,0000049_0000175_0000000_49_175_0_0,0.6666666666666666
labeled_linagora_cs_arabize,نخ أكثر حاجه لخ  ش فيق  مش ي,صرتو صرتو لازمنا نخدموا اكثر حاجة نركزوا عليها هيا الخدمة السنة خاطر البلاد مش وقت معناها باش تضيع الفلوس يلزمك,6.127999782562256,amenyKH_0000007_chunk_0000077_007_chunk_77_0,0.95
labeled_linagora_cs_arabize,اخوا لا لديكعرف على طفل,عندي اخبار هايل ليك تعرفت على طفلة,1.815999984741211,ar--3253_1.5.wav_3253_1.5_0,0.8571428571428571
labeled_linagora_cs_arabize,لمرا الحاجات الي عاشتهم في لنفانس متاعها مع أمها باش يعاودو يجيو في الا متاعها ذ يا تلم دشو دير,انكونسيومو المراء الحاجات الي عاشتهم فال انفانس متعها مع امها باش يعاودوا يجيوا فال انكونسيون متعها دونك يل واي ا تلمون دي شوز ا دير,8.711999893188477,0000039_0000071_0000002_39_71_2_0,0.76
labeled_linagora_cs_arabize,القانون موجود عنا الوعي متاع التونسي موجود,آه القانون موجود عندنا الوعي متاع التونسي موجود,3.7360000610351562,amenyKH_0000006_0000006_0002012_partie0000006_chunk_0000191_06_06_2012_partie6_chunk_191_0,0.25
labeled_linagora_cs_arabize,تص ببيب  حتى ون في يار لوي ر  عندك ت شعملوي سيع  معنديش ف,آه اتصلت بالطبيب ديركت آه بون حطوني في الصبيطار قال لي يلزمك ترقد خاطر عندي تيب ارسيلز ما عنديش فهمت بون,10.567999839782715,amenyKH_0000006_0000006_0002012_partie0000003_chunk_0000065_06_06_2012_partie3_chunk_65_0,0.9523809523809523
labeled_linagora_cs_arabize,واقتلا فما التليفونات ولا مساجات كيما تو,وقتها لا فمة تاليفونات لا ميساجات كيما توا,2.312000036239624,0000023_0000071_23_71_0,0.875
labeled_linagora_cs_arabize,الي بهين وخيبين في البلاصة هذيك,ميموريز الي باهين و خايبين في البلاصة هاذيكا,3.111999988555908,0000073_0000039_0000001_73_39_1_0,0.625
labeled_linagora_cs_arabize,ناخذو القوانين هذوكم ونحطوهم في intبractice باش نجمو نطبقوهم كل يوم على صغيرات نتاعنا باش إن شاء الله يا ربي نوصلو نهار نكبرو نشوفو مجتمع وقت اللي مرا حرة لمرا مع,ناخذو القوانين هاذوكم و نحطوهم في انتو براكتيس باش نجموا نطبقوهم كل يوم على الصغيرات متاعنا باش ناء الله يا ربي نوصلوا نهار نكبروا نشوفوا مجتمع وقتلي المراء حرة المراء,12.008000373840332,0000052_0000110_0000000_52_110_0_0,0.6
labeled_linagora_cs_arabize,يخرجو لبرا بالحق انا  دانس ان يبوك و يلفات رايم صغيرك تل بروتاج انتي وتعلمو كم يس بروتاج,يخرجوا البرا بالحق اون ايست دان يون دان يون ايبوك او يل فو فريمون صغيرك تو لي بروتيج انت و تعلموا كومون يل سي بروتيج,10.055999755859375,0000041_0000007_0000000_41_7_0_0,0.92
labeled_linagora_cs_arabize,والموقع للي موجود وأنه في المنطقة كالمة مافماش سباك المياه,والموقع الي الي موجود وانو في المنطقة كاملة ما ثماش شبكة المياه,4.007999897003174,amenyKH_partie0000004_chunk_0000113_partie4_chunk_113_0,0.5833333333333334
labeled_linagora_cs_arabize,الناس كيفاش تنجم تتصرف اليوم برشا ما بين الشباب عنا محلولة على العالم ويقوللك هنيراف الشي موجود في العالم الكلانا في تونس نحب نعمل كيف وخير مننكيعم فم زو حلولأما باش نكتفو دينا ونقولو هذاك هو الموجود خديم,الناس كيفاش تنجم تتصرف ليوما برشا ما بين الشباب عينيهم محلولة عالعالم و يقلك هاني نرى فالشي موجود في العام الكل انا في تونس نحب نعمل كيفو و خير منو كيفاش ينجم يعمل فمة زوز حلول يا اما باش نكتفو يدينا و نقولو هذاكة هو الموجود و هانا قاعدين مع بعضنا,15.0,0000007_sub_audio_chunk_0000000_7_sub_audio_chunk_0_0,0.6274509803921569
labeled_linagora_cs_arabize,ي واس ساين الي اتس ok را كن yoر نات productiv وكن ماكونمش قادمت أقرا وكن ضربت جمع م أولشحر ماكونمش قادمت قرا,اي واز سايينق الي يتس اوكي اهاوا كان يور نوت برودكتيف و كان ما كم ش قاعدين تقراو كان ضربتوا جمعة ولا شهر ما كم ش قاعدين تقراو,8.97599983215332,0000074_0000047_0000001_74_47_1_0,0.9642857142857143
labeled_linagora_cs_arabize,sba,ضباع,1.503999948501587,dba3_31137_0,1.0
labeled_linagora_cs_arabize,واحد,واحد,0.6240000128746033,tn9846_0,0.0
labeled_linagora_cs_arabize,لكل,بالكل,0.7440000176429749,ar--1478_1.25.wav_1478_1.25_0,1.0
labeled_linagora_cs_arabize,لا ز ستاذ الكل بي ذونك أنا مملنسا ي حكيت معهم ذونك حكيت مع إلى يوم نا هذا ما تحكيت مع نسا ف الجنوب خاصة في قابس وفي مدو,فوالا باهي دونك انا من النساء لي حكيت معاهم دونك حكيت مع الى يومنا هاذا معنتها حكيت مع النساء في الجنوب خاصة في قابس و في دوز,11.520000457763672,0000050_0000247_0000000_50_247_0_0,0.8148148148148148
labeled_linagora_cs_arabize,تراجع قناعاتك وتشك وتتبدر وتبني وتهد كانكيخراج البرا تعلمتش معناه,تراجع قناعاتك و تشك و تتبدل وتبني وتهد كان كي خرجت البرا تعلمت شمعناها,6.0,TunSwitchTO_0000077_0000000_0000008_joc_77_00_08_joc_0,0.6428571428571429
labeled_linagora_cs_arabize,خ في,قلت هاذا الدخان س فيني,1.74399995803833,amenyKH_0000006_0000006_0002012_partie0000001_0000003_chunk_0000300_06_06_2012_partie1_3_chunk_300_0,1.0
labeled_linagora_cs_arabize,هني قلتلكم والله والله ني قعدت بغيود,يت قيتس بيتر افينتشوالي هاني قلتلكم و الله و الله راني قعدت بيريود,4.624000072479248,0000074_0000063_0000001_74_63_1_0,0.8461538461538461
labeled_linagora_cs_arabize,العلامة متاع مؤسسة ناش,العلامة متاع مؤسسة ناشئة,1.9199999570846558,0000002_0000011_2_11_0,0.25
labeled_linagora_cs_arabize,日s,يرجع,0.8159999847412109,ar--1482_0.75.wav_1482_0.75_0,1.0
labeled_linagora_cs_arabize,الي متأسف برشل اللي صيرلي,قالي متاسف برشا للي صايرلي,1.871999979019165,0000020_0000075_20_75_0,1.0
labeled_linagora_cs_arabize,مثلا,مثلا,0.800000011920929,ar--1441_1.wav_1441_1_0,0.0
labeled_linagora_cs_arabize,ربي را عيب را الناس كل ولات اللواجات ناس كلو ناتهز في العباد نمشيو يشوفو باش نب السوق باش نب ورا السوقو بين المحطة اللواجات المنصف باي الصباحاومازال الصباح ثمنية ونصص,بربي راهو عيب راهو الناس الكل ولات لواجات الناس الكل ولات تهز في العباد امشيو شوفوا بجنب السوق بجنب ال ورا السوق و بين محطة اللواجات المنصف باي الصباح راهو ما زال صباح الثمنية و نصف,10.607999801635742,amenyKH_0000004_chunk_0000044_004_chunk_44_0,0.7222222222222222
labeled_linagora_cs_arabize,يامزي من برة واش حالك مندا,يا مزين من برا و آش حالك من داخل,2.2720000743865967,TunSwitchTO_0000021_0000000_0000013_ulx_21_00_13_ulx_0,0.7777777777777778
labeled_linagora_cs_arabize,وبن سو بين سور دانت أذي أهم,هاذيا اهم دونت بيان سور بيان سور,3.2639999389648438,0000075_0000047_0000003_75_47_3_0,1.0
labeled_linagora_cs_arabize,اول حاجة وت تتعلم في الكلمات,اول حاجة بدات تتعلم في الكلمات,3.631999969482422,ar--3612_0.75.wav_3612_0.75_0,0.16666666666666666
labeled_linagora_cs_arabize,الطاولة,الطاولة,0.7599999904632568,ar--1192_1.wav_1192_1_0,0.0
labeled_linagora_cs_arabize,ولا تليفون بداي تفضل,فوالا التالفون بدا تفضل,2.2639999389648438,TunSwitchTO_0000028_0000019_0000047_qxn_28_19_47_qxn_0,0.75
labeled_linagora_cs_arabize,نب نتمنال نطلبل نشاء الليربينحييبعد عليشءيركو  فراي سل رب ل,امم نبدا نتمنى لو نطلب لو ان شا الله يا ربي ينحيه ان شا الله يبعد عليه ان شا الله يا ربي يتركو آفة راهي اسال مجرب ما تسالش طبيب كيما يقولوا فيها,7.880000114440918,amenyKH_0000006_0000006_0002012_partie0000001_0000003_chunk_0000220_06_06_2012_partie1_3_chunk_220_0,1.0
labeled_linagora_cs_arabize,نشيتني عادي في لكزمام كيفاش قريد,مشيت نعدي في لي اكزامان كيفاش قريت,3.5759999752044678,Melekher0000010_0000084_0000001_Melekher10_84_1_0,0.7142857142857143
labeled_linagora_cs_arabize,الwekend,الويكاند,0.9200000166893005,ar--1706_1.wav_1706_1_0,1.0
labeled_linagora_cs_arabize,لر,انقليتيرا,0.6223000288009644,ar--1950_1.5.wav_1950_1.5_0,1.0
labeled_linagora_cs_arabize,ال   ا               ال  ل,تطوروا ولا يخدموا ديسونس والادارات توانسه مازالوا يخدموا بالاوراق قصتنا اليوم في الجو هذاكة بيان سير مش نحكي على الادارات حكايه صارت خارج تونس جمله واحده وحكايه تلم السحر الاسود سحر الفودو وال دوميا والابر والانترنيت المظلم و الدار,13.064000129699707,segment_0000572_segment_572_0,1.0
labeled_linagora_cs_arabize,ناصليكم وصوح كم,بلاصة ليكم و لصحابكم,1.399999976158142,ar--3171_1.5.wav_3171_1.5_0,1.0
labeled_linagora_cs_arabize,قاعد يستنى في عبد الله,قاعد يستنى في عبدالله,1.7280000448226929,ar--3398_1.wav_3398_1_0,0.5
labeled_linagora_cs_arabize,msltomrut,وصلت مرضت,0.6159999966621399,0000022_0000070_22_70_0,1.0
labeled_linagora_cs_arabize,يعيش المدخن في مرحلة أولى,يعيش ال المدخن في مرحلة اولى,2.7200000286102295,amenyKH_0000006_0000006_0002012_partie0000003_chunk_0000097_06_06_2012_partie3_chunk_97_0,0.3333333333333333
labeled_linagora_cs_arabize,الل,يت واز ريالي ريالي ريالي فاين من اللول,3.368000030517578,0000071_0000020_0000001_71_20_1_0,1.0
labeled_linagora_cs_arabize,معاش نجم نحرك يديل المية,معاش انجم نحرك يدي الليمين,2.5280001163482666,TunSwitchTO_0000040_0000019_0000050_ip0000006_40_19_50_ip6_0,0.6
labeled_linagora_cs_arabize,والكيات كن قل عرض كله غازون على جنام في هذا كل أكثر,و الكياس كان اقل عرض و كلو قازون عالاجناب في هاذا الكل اكثر,3.871999979019165,TunSwitchTO_0000010_0000017_0000025_hgz_10_17_25_hgz_0,0.8461538461538461
labeled_linagora_cs_arabize,جزين,ثلاثين,0.5199999809265137,ar--1250_1.5.wav_1250_1.5_0,1.0
labeled_linagora_cs_arabize,لكن الكنستا اللي عملناه أنو الشركات اللي كبرت شويا وكلي بستعمل عندك انقولو لك لدفلوبمنت ستراتيجيك من ستارت اب تولي شركة,لكن لي كونستا لي عملناه انو الشركات لي كبرت شوية واكا لي باش تعمل نقولو لي ديفلوبمون ستراتيجيك من ستارتوب تولي شريكة,9.312000274658203,0000011_0000046_11_46_0,0.7272727272727273
labeled_linagora_cs_arabize,جرب الفنكوش بالكشي يعجبك زادة,جرب الفنكوش بالكشي يعجبك زادة,6.039999961853027,ar--3054_1.25.wav_3054_1.25_0,0.0
labeled_linagora_cs_arabize,البريود الخلني الكل,ترايينق تو دو فال بيريود لخرانية الكل,2.752000093460083,0000074_0000045_0000003_74_45_3_0,0.8571428571428571
labeled_linagora_cs_arabize,ذنك هداك كيفاجتني الفكرة وذنك,دونك هذاكة كيفاش جاتني الفكرة و دونك,3.5280001163482666,0000053_0000015_0000002_53_15_2_0,0.8571428571428571
labeled_linagora_cs_arabize,لو عساب فما شكون شافو لكن نافع ربي ومن دون أدن شك عايلتو ما أيسوش وقرب أنهم يعبطو لجبل باش يلوجو عليه للا كاملة وهم يلوجو كالبدار جبل الكل وعميرة مافماش لكنهما أيسوش بي سر وقعدو يلوجو عليه ح,وعساه فمة شكون شافه لكن نافع ربي و من دون ادنى شك عائلته ما ئيسو ش وقرب انهم يهبطوا الجبل باش يلوجو عليه ليله كامله وهما يلوج كلب دار جبل الكل وعميره ما فهمش لكنهم ما سو ش بيان س وقعدوا يلجوا عليه حتى لين,14.855999946594238,segment_0000486_segment_486_0,0.7111111111111111
labeled_linagora_cs_arabize,العشرة غير درج,العشرة غير درج,1.8480000495910645,ar--1072_0.75.wav_1072_0.75_0,0.0
labeled_linagora_cs_arabize,لايا,رايع,0.5199999809265137,ar--1476_1.5.wav_1476_1.5_0,1.0
labeled_linagora_cs_arabize,معناتها العالم على خاطر الحضارة متاعنا,معنتها العالم على خاطر الحضارة متاعنا,4.760000228881836,0000050_0000031_0000002_50_31_2_0,0.16666666666666666
labeled_linagora_cs_arabize,عسلما,عالسلامة,0.7599999904632568,ar--3142_1.5.wav_3142_1.5_0,1.0
labeled_linagora_cs_arabize,تحبها طايبة مليحة,تحبها طايبة مليح,1.4320000410079956,ar--3435_1.25.wav_3435_1.25_0,0.3333333333333333
labeled_linagora_cs_arabize,الماركات العالمية الكل تتسابق باش توري انهوتي متاعها في المعرض هذيا,معنتها الماركات العالمية الكل تتسابق باش توري ال نوفوتي متعاها في المعرض هاذايا,4.5279998779296875,0000018_0000054_18_54_0,0.38461538461538464
labeled_linagora_cs_arabize,ودار حك فرغة شوية ذونك قلت خليني نسجل ابسور,و الدار هكة فارغة شوي دونك قلت خليني نسجل ايبيزود,4.599999904632568,0000074_0000001_0000001_74_1_1_0,0.7
labeled_linagora_cs_arabize,بشاقة المكلمات عديل للحماية المدانية,مشغل المكالمات عديلي الحماية المدنية,2.559999942779541,TunSwitchTO_0000121_0000015_0000009_mpc_121_15_09_mpc_0,1.0
labeled_linagora_cs_arabize,k技好计,هاذي غادي,0.6639999747276306,ar--1304_1.5.wav_1304_1.5_0,1.0
labeled_linagora_cs_arabize,اتخص هاذا ساقي الخاتم متاع ممات عايشة,الشخص هاذا سرق الخاتم متاع ممات عيشة,4.872000217437744,ar--3366_0.75.wav_3366_0.75_0,0.42857142857142855
labeled_linagora_cs_arabize,ما عادش لنجم نلبس الصندي القديم متاعي لونو ما يطلعش عليها,معادش نجم نلبس الصندال القديم متاعي لونو ميطلعش عليها,8.232000350952148,ar--3423_0.75.wav_3423_0.75_0,0.6666666666666666
labeled_linagora_cs_arabize,silir bebe,سرير ببي,1.5199999809265137,srir_bebe_2290_0,1.0
labeled_linagora_cs_arabize,tunes,تونس,1.2640000581741333,Tunese_31375_0,1.0
labeled_linagora_cs_arabize,suden,سودان,1.031999945640564,Souden_31433_0,1.0
labeled_linagora_cs_arabize,هذا الكلوعليش خاطر الجسد في مجتمعنا كخة وما لازمش نحكي,هاذا الكلو علاش خاطر الجسد في مجتمعنا كخة وما لازمناش نحكيوا,4.360000133514404,TunSwitchTO_0000106_0000023_0000027_qap_106_23_27_qap_0,0.45454545454545453
labeled_linagora_cs_arabize,كنتنا معناها,ذي ثينق ايز كنا معناها,3.247999906539917,0000073_0000112_0000001_73_112_1_0,0.8
labeled_linagora_cs_arabize,muśwys,مشمس,0.9200000166893005,ar--1156_0.75.wav_1156_0.75_0,1.0
labeled_linagora_cs_arabize,那,هنا,0.6320000290870667,ar--1126_0.75.wav_1126_0.75_0,1.0
labeled_linagora_cs_arabize,ما نعرفش كيفاش نعدي طلب ما نعرفش شنوا نعمل باش نشري حاجات كيفاش نشري حاجات عاوني نشري حاجات وين نجم نشري حاجات وين نشري شو,منعرفش كيفاش نعدي طلب منعرفش شنوا نعمل باش نشري حاجات كيفاش نشري حاجات عوني نشري حاجات وين نجم نشري حاجات وين نشري شوية حاجات,15.008000373840332,segment_0000051_segment_51_0,0.2916666666666667
labeled_linagora_cs_arabize,تبدأ م عندها حتى معانا جس محطوطة هكيكا مانفهمش عليش,محطوطة هكاكة مفهمش علاش جوست تبدا معندها حتى معنى,3.51200008392334,0000076_0000037_0000000_76_37_0_0,1.1111111111111112
labeled_linagora_cs_arabize,قداش خلاص التكسي من الوتيل محطة التريلو,بقداش خلاص التكسي من اللوتيل لمحطة الترينو,2.992000102996826,TunSwitchTO_0000016_0000023_0000001_be0000009_16_23_01_be9_0,0.5714285714285714
labeled_linagora_cs_arabize,من الحاجات اللي نقعدوا بهتين لأنه,آه من الحاجات الي نقعدوا باهتين لانو,2.368000030517578,amenyKH_0000006_0000006_0002012_partie0000005_chunk_0000084_06_06_2012_partie5_chunk_84_0,0.5714285714285714
labeled_linagora_cs_arabize,够双港时,فول دو كورسبوندنس,1.1759999990463257,ar--1868_1.5.wav_1868_1.5_0,1.0
labeled_linagora_cs_arabize,لبروكلو,لبروكلو,0.8399999737739563,ar--1658_1.wav_1658_1_0,0.0
labeled_linagora_cs_arabize,我ف,مع بعضهم,0.7440000176429749,ar--1174_1.5.wav_1174_1.5_0,1.0
labeled_linagora_cs_arabize,تقلم فيه مع الحاج يق نعي فيها ا نقر نهار بنهار قته  ممت فيه ب,تاقلم فيه مع الحاجة لي قاعدة نعيش فيها و ديجا نقراو نهار بنهار وقتها دونك اي ليت قو ما خممتش فيها برشا اي ديدنت اوفرثينك,10.02400016784668,Melekher0000010_0000047_0000000_Melekher10_47_0_0,0.8
labeled_linagora_cs_arabize,كلام واقعي بدون تحوير ولا نفاق واللي يقول أكثر من هك,كلام واقعي بدون تحوير ولا نفاق ولي قول اكثر من هك,4.888000011444092,TunSwitchTO_0000052_0000018_0000059_0000091n_52_18_59_91n_0,0.2727272727272727
labeled_linagora_cs_arabize,ففي كبيرة متاع التفزيع روفزت بتونس على خاطر,شركة فرنسية كبيرة متاع التوزيع روفزت في تونس على خاطر,3.184000015258789,TunSwitchTO_0000005_0000021_0000058_0000006qf_5_21_58_6qf_0,0.5
labeled_linagora_cs_arabize,لبولونيوم هذا موجود راو في السجارو متاعه,له بولونيوم هذايا موجود راهو في السيقارو متاعك,3.0239999294281006,amenyKH_0000006_0000006_0002012_partie0000002_chunk_0000151_06_06_2012_partie2_chunk_151_0,0.75
labeled_linagora_cs_arabize,بعد الديوانة ما عادش يحب يهز,بعد الديواتة معادش يحب يهز,2.7200000286102295,ar--3339_1.wav_3339_1_0,0.6
labeled_linagora_cs_arabize,الخلطة اللي صارو كل فلوسي كانت حل كبير البرشا من المحاصبين وخبراء محاصبين بالنسبة لدكلاراثيون اللي قامو بيهم مه اليوم فهمنا فلوسي شنو مختلف الخدمات اللي تقدمهم ولكن خليني نمشي معاك أكثر,الخلط لي صار و كل فلوسي كانت حل كبير لبرشا من المحاسبين و خبراء المحاسبين بالنسبة لل لي ديكلاراسيون لي قامو بيهم باهي ليوما فهمنا فلوسي شنوا مختلف الخدمات لي تقدمهم و لكن خليني نمشي معاك اكثر,14.055999755859375,0000010_sub_audio_chunk_0000003_10_sub_audio_chunk_3_0,0.5405405405405406
labeled_linagora_cs_arabize,بالحق   م    وهو الحاجة ي,بالحق يور سوبور مينز ذي وورلد تو مي هو الحاجة لي,3.6080000400543213,0000060_0000006_0000002_60_6_2_0,0.8181818181818182
labeled_linagora_cs_arabize,الخابة,الغابة,0.6480000019073486,ar--1438_1.wav_1438_1_0,1.0
labeled_linagora_cs_arabize,منجمشنحملو مسؤولي نقعد جادلويهل قالولكم وقتاشببيولي فما متوفر المعلم  ليقالو ن رجعو ولادكم غدوا,ما نجمش انا نحملوا المسؤلية ونقعد نتجادل انا وياه و الله آه الي الي قالوه لنا انو ر رجعوا اولادكم غدوة,11.944000244140625,amenyKH_Partie0000005_chunk_0000046_Partie5_chunk_46_0,1.0
labeled_linagora_cs_arabize,زيك معملك حتى شي  ما يتكلمش أصلا في ستريم نتاعه منا,لايك معملك حتى شيء ما بالحق ما يتكلمش اصلا فال فال ستريم متاعو معناها,5.320000171661377,Melekher0000011_0000116_0000000_Melekher11_116_0_0,0.6428571428571429
labeled_linagora_cs_arabize,kسب بشيwلهم,كراو كرهبة باش يمشيولهم,1.4079999923706055,ar--3637_1.5.wav_3637_1.5_0,1.0
labeled_linagora_cs_arabize,ال footing,الفوتنغ,1.0399999618530273,ar--1582_1.wav_1582_1_0,2.0
labeled_linagora_cs_arabize,هي نعمل يفار ش نزيدو سواي فادونخمو,ايا نعملوا ايفرت باش نزيدوا سوايع ايا نعملوا ايفرت باش نزيدوا نهير نخدموا,3.063999891281128,amenyKH_MOSAIQUEFM_FORUM_0210912_0000003_chunk_0000038_MOSAIQUEFM_FORUM_210912_3_chunk_38_0,1.0
labeled_linagora_cs_arabize,كيفاش نجم نعدي طلب كيفاش نجم نشري حاجات نحتاش نشري شوية حاجات نحب اش كون يعاونيش نشري حاجات ما نعرفش كيفاش نشري,كيفش نجم نعدي طلب كيفش نجم نشري حاجات نحتاج نشري شوية حاجات نحب شكون يعوني شنشري حاجات منعرفش كيفاش شنشري حاجات,11.640000343322754,segment_0000039_segment_39_0,0.5238095238095238
labeled_linagora_cs_arabize,yźeren,الجيران,0.9120000004768372,ar--2146_1.wav_2146_1_0,1.0
labeled_linagora_cs_arabize,قادوا يحاوسوا مع بعضهم في المدينة عتيقة,قعدو يحوسو مع بعضهم في المدينة العتيقة,4.631999969482422,ar--3232_0.75.wav_3232_0.75_0,0.42857142857142855
labeled_linagora_cs_arabize,winalqadwiras,وين نلق دواء الراس,1.496000051498413,TunSwitchTO_0000087_0000022_0000014_0000076_87_22_14_076_0,1.0
labeled_linagora_cs_arabize,rusi,روسي,0.8399999737739563,ar--1965_0.75.wav_1965_0.75_0,1.0
labeled_linagora_cs_arabize,بلا هعطيني هذي,بالله اعطيني هاذي,1.440000057220459,TunSwitchTO_0000022_0000022_0000001_0000005on_22_22_01_5on_0,1.0
labeled_linagora_cs_arabize,أول مرة ريتو عمري سنا,اول مرة ريته عمري ثلطاش سنة,1.8559999465942383,amenyKH_Hkayet_Tounsia_S0000001_Episode_0000021_0000017_0000004_0002017_Partie_0000001_Sync0000016_no_speaker_0000264.0000022_0000266.0000007_Hkayet_Tounsia_S01_Episode_21_17_04_2017_Partie_01_Sync016_no_speaker_264.22_266.07_0,0.6666666666666666
labeled_linagora_cs_arabize,نهار بالعانة باش نخليك الوقت تسلم عل الناس الكل وتلمدا بشكو,في آخر النهار بالعاني باش نخلي لك الوقت تسلم على الناس الكل و تلم دبشك و,4.104000091552734,TunSwitchTO_0000035_0000022_0000006_yw0000007_35_22_06_yw7_0,0.6875
labeled_linagora_cs_arabize,ما قصدتش الحق نجراح بكلام,مقصدتش الحق نجرحها بكلامي,1.9919999837875366,0000021_0000196_21_196_0,1.0
labeled_linagora_cs_arabize,شوف القمرق شوف القمرقة,و الله ما فمة شوف اه القمرق شوف القمرق اه,1.9839999675750732,amenyKH_MIC0000001_mod_0000037_chunk_0000002_MIC00001_mod_37_chunk_2_0,0.7
labeled_linagora_cs_arabize,lalama rabi hazimtaya,الا لما ربي هز متاعو,1.184000015258789,0000019_0000082_19_82_0,1.0
labeled_linagora_cs_arabize,hanut sbabet,حانوت صبابة,1.7920000553131104,7anout_sbabet_31769_0,1.0
labeled_linagora_cs_arabize,الشعب,الشعبة,0.5040000081062317,amenyKH_Hkayet_Tounsia_S0000001_Episode_0000017_0000020_0000003_0002017_Partie_0000003_Sync0000077_no_speaker_0000973.0000098_0000974.0000048_Hkayet_Tounsia_S01_Episode_17_20_03_2017_Partie_03_Sync077_no_speaker_973.98_974.48_0,1.0
labeled_linagora_cs_arabize,你人起,منين انت,1.5520000457763672,ar--3007_0.75.wav_3007_0.75_0,1.0
labeled_linagora_cs_arabize,السنين,السنين,1.1679999828338623,ar--2170_0.75.wav_2170_0.75_0,0.0
labeled_linagora_cs_arabize,معانا وفي لخ رجبناها على حساب غيره والجزيرة ياخي عندها قائمة بالتونسيين لليلبرا,معان و في لخر جبناه على حساب غيره و الجزيرة ياخي عندها قائمة بتونسيين الي لبرة,9.520000457763672,TunSwitchTO_0000089_0000001_0000019_e0000004_89_01_19_e04_0,0.625
labeled_linagora_cs_arabize,一是,يجي,0.5199999809265137,ar--1769_1.wav_1769_1_0,1.0
labeled_linagora_cs_arabize,يعني ليق طويل باش نوصلو الحاجة نسموها equality وإن شاء الله الفuture aquity,يعني طريق طويل باش نوصلوا لحاجة نسموها ايكوالتي و اان شاء الله ال فيتور ايكويتي,6.831999778747559,0000052_0000045_0000001_52_45_1_0,0.6
labeled_linagora_cs_arabize,ر منم ب   تحب تبدل تبدل ماليوم نا,بالرغم ما نمنش بيه ال تيرم متاع ل ريزولوشن كان تحب تبدل تبدل من الليوم معناها ما تستناش الفين و واحدة,5.728000164031982,Melekher0000012_0000117_0000001_Melekher12_117_1_0,0.8571428571428571
labeled_linagora_cs_arabize,ا,تعجبهم شنيا الحاجات لي تبكيهم شنيا تروما متاعهم اند فور مي,5.23199987411499,0000662_0000360_0000000_662_360_0_0,1.0
labeled_linagora_cs_arabize,isate,يشطب,0.8320000171661377,ar--2441_0.75.wav_2441_0.75_0,1.0
labeled_linagora_cs_arabize,البرسناج نتاع الأم ريناها معناها كيفاش,متاع الام ريناها معناها كيفاش بيرسوناج ال,3.6480000019073486,0000076_0000125_0000003_76_125_3_0,0.7142857142857143
labeled_linagora_cs_arabize,وقلت ممكن خاطر تراسي كون دام  توا يماشي  م مات معناه حتى النوت و لموين باش يتسيحو فمت,و قلت ممكن خاطر ترانزيشون كنت دوزيام ساينس توا ماشية تروازيام ماث معناها حتى لي نوت و لي موايان باش يطيحوا فهمت,8.552000045776367,Melekher0000010_0000041_0000001_Melekher10_41_1_0,0.7272727272727273
labeled_linagora_cs_arabize,كل ما حاسيت روحي هكا لي مش مانعسيش لي عندي الكل عرفت هكا لي جيش حبيتها باش تضحطلي في لسفي ماكنتش نخدم على منعرفش,و كل مي حسيت روحي هكة لي مش ما نعطيش لي عندي الكل عرفت اكاللي جوست حبيتها باش تتحطلي فال سي في ما كنتش نخدم على ما نعرفش انا,12.031999588012695,0000072_0000039_0000000_72_39_0_0,0.5862068965517241
labeled_linagora_cs_arabize,ن شل  ي   ي  ق  ا   ي م  ي,ايناف سوشيالايزينق ويذ بيبل اي واز لايك اي قوت تو ذات بوينت الي اي ام سو تايرد اوف سوشيال,6.599999904632568,0000060_0002662_0000001_60_2662_1_0,1.0
labeled_linagora_cs_arabize,يخرج مع صحابه نفرح,كي يخرج مع صحابه نفرحله,1.4079999923706055,amenyKH_Hkayet_Tounsia_S0000002_Episode_0000028_0000026_0000003_0002018_Partie_0000003_Sync0000187_no_speaker_0001760.0000073_0001762.0000014_Hkayet_Tounsia_S02_Episode_28_26_03_2018_Partie_03_Sync187_no_speaker_1760.73_1762.14_0,0.4
labeled_linagora_cs_arabize,ijuvroho,يشوف روحو,0.8880000114440918,ar--1485_1.5.wav_1485_1.5_0,1.0
labeled_linagora_cs_arabize,الكوميج,الكوميديا,1.215999960899353,ar--2309_0.75.wav_2309_0.75_0,1.0
labeled_linagora_cs_arabize,نجم نتكفلو بتنظيف بيتك,انجموا نتكفلوا بتنظيف بيتك,1.5360000133514404,TunSwitchTO_0000015_0000013_0000055_yq0000006_15_13_55_yq6_0,0.5
labeled_linagora_cs_arabize,ياخوي شرايك,يا خويا شرايك,1.128000020980835,0000019_0000164_19_164_0,0.6666666666666666
labeled_linagora_cs_arabize,إي مشكلة في راسكلت الزبلة,ايه مشكلة في رسكلت الزبلة,1.944000005722046,TunSwitchTO_0000086_0000022_0000011_g0000005q_86_22_11_g5q_0,0.4
labeled_linagora_cs_arabize,ونستنى منا في حاجة قعد طيب وكل د قلت علاش مانجيش نحكي معاكم عن سجا هذي الحق متي ك على الاخر,و نستنى معناها فال في حاجة تطيب و كل دونك علاش ما نجيش نحكي معاكم اند سوجي هاذايا الحق مي تيان ا كور عاللخر دونك,12.02400016784668,Melekher0000009_0000009_0000000_Melekher9_9_0_0,0.8
labeled_linagora_cs_arabize,باش يؤثر فيه الواعزي نجم يكون,باش ياثر فيه ال ال الواعز ينجم يكون آه,3.880000114440918,amenyKH_0000006_0000006_0002012_partie0000003_chunk_0000147_06_06_2012_partie3_chunk_147_0,0.6666666666666666
labeled_linagora_cs_arabize,شاف اللي تطوين,شاف الي تطاوين,1.159999966621399,amenyKH_tataouine__for_acoustic_analysis_Sync0000006_no_speaker_0000170.0000066_0000171.0000089_tataouine__for_acoustic_analysis_Sync006_no_speaker_170.66_171.89_0,0.6666666666666666
labeled_linagora_cs_arabize,يقول والله يلهضو با ولاد الشيه,يقولوا و الله ينحوا بيها اولاد الجاه,1.9759999513626099,amenyKH_tataouine__for_acoustic_analysis_Sync0000057_no_speaker_0000610.0000027_0000612.0000024_tataouine__for_acoustic_analysis_Sync057_no_speaker_610.27_612.24_0,1.0
labeled_linagora_cs_arabize,مش حاح,مشحاح,0.9200000166893005,mouch7a7_22405_0,2.0
labeled_linagora_cs_arabize,خ  ك حب م  مل,يور تروما و كل نو كان يو وانت تو خمم اما كان تحب تعمل تعمل هكاكة اعمل هكاكة مي دو نوت هايد,12.031999588012695,0000662_0000560_0000000_662_560_0_0,1.0
labeled_linagora_cs_arabize,معناها حاجات معناها تا سل راهم أما زادا مهمين على الاخر بور جسم ردوير دوير,معناها حاجات معناها تري سامبل راهم اما زادة مهمين عالاخر بور جوستومون ريدويير,11.46399974822998,0000049_0000105_0000000_49_105_0_0,0.6923076923076923
labeled_linagora_cs_arabize,دب نوار وإلا بلانش ولا للي هو معنتها عنا  معنته م,دو كو نوار و الا بلانش ولا لي هو معنتها عنا معنتها فمة,7.863999843597412,0000051_0000157_0000001_51_157_1_0,0.5384615384615384
labeled_linagora_cs_arabize,تزعب نهاو باس بوصة الصغيرة من الرقبة اللي نسكرت البويتة وروحو الدرعة والحاجة,تزعبن هاو باس بوسة صغيرة من الرقبة لين سكرت البواتة وروحوا للدار اول حاجة,5.888000011444092,TunSwitchTO_0000019_0000023_0000045_y0000009b_19_23_45_y9b_0,0.7857142857142857
labeled_linagora_cs_arabize,عى الخر و  ف العشر سنين لي عاداهم في الباك بالحق أي عبد اللي عندو حاجه في مخو حاس,عاللخر و ذير قرايتفول فور العشرة سنين الي عداهم فال باك بالحق ايه عبد الي عندو حاجة في مخو هاز تو وورك,10.008000373840332,Melekher0000010_0000011_0000000_Melekher10_11_0_0,0.7272727272727273
labeled_linagora_cs_arabize,وبعدين  يجيبو لومعاوزين,وبعداش يجيبوا لو معوضين,2.0320000648498535,amenyKH_Partie0000005_chunk_0000032_Partie5_chunk_32_0,1.0
labeled_linagora_cs_arabize,مالحل ره الإنسان اللي يشرب بطبيعته حتى لو بطل مدة,ملا حل راهولانسان الي يشرب بطبيعتو حتى لو بطل مدة,4.6479997634887695,TunSwitchTO_0000004_0000018_0000028_0000005p0000008_4_18_28_5p8_0,0.5
labeled_linagora_cs_arabize,ا ا,ياسر تفيدك في حياتك باش تكون برودكتيف بالرسمي كان عندك كوت في ا بارت ل برودكتيفيتي كان عندك كوت تحب تبوستيها ولا حتى تكون برودكتيف فيها مش كان لقراية,11.239999771118164,0000027_0000294_0000000_27_294_0_0,0.9655172413793104
labeled_linagora_cs_arabize,إلى عنس,العرس,0.6159999966621399,ar--2141_1.25.wav_2141_1.25_0,2.0
labeled_linagora_cs_arabize,ى  نا المهم الأولى الثان لكفمل,ما عندوش حتى رقم مشكل احنا عطيناه المهمة لولى الثاني لكافة الزملاء,4.335999965667725,amenyKH_0000003_chunk_0000080_003_chunk_80_0,1.0
labeled_linagora_cs_arabize,عبدالله يلوج على بيت,عبد الله يلوج على بيت,1.7680000066757202,ar--3018_1.wav_3018_1_0,0.4
labeled_linagora_cs_arabize,ولا يجري على احلال كيما ربي ورينا في جميع الصراق متاع بلادي,وولى يجري على الحلال كما ربي يورينا في جميع السراق متاع بلادنا,4.776000022888184,TunSwitchTO_0000008_0000008_0000056_odt_8_08_56_odt_0,0.5
labeled_linagora_cs_arabize,ال خم,على الاقل اعطيونا مثلا نخدموا من الثمانية و نصف حتى الماضي ثلاثة ولا يا سيد حتى من سبعة و نصف حتى الماضي ثلاثة,6.760000228881836,amenyKH_MOSAIQUEFM_FORUM_0210912_0000002_chunk_0000012_MOSAIQUEFM_FORUM_210912_2_chunk_12_0,1.0
labeled_linagora_cs_arabize,لفصر,القصر,0.5360000133514404,ar--1420_1.5.wav_1420_1.5_0,1.0
labeled_linagora_cs_arabize,لتونسي و ولي الحملة معنتها الأحداث الاخرى خلاتها تخرج معناش,التونسي و الي الحملة معنتها الاحداث لخرا خلاتها تخرج ما عناش,7.863999843597412,0000051_0000150_0000001_51_150_1_0,0.5454545454545454
labeled_linagora_cs_arabize,ح ر سنين,ثلاثة كبار واحدة صغيرة,2.568000078201294,amenyKH_MIC0000001_mod_0000020_chunk_0000002_MIC00001_mod_20_chunk_2_0,1.0
labeled_linagora_cs_arabize,محبوب,محبوب,0.5360000133514404,ar--1709_1.5.wav_1709_1.5_0,0.0
labeled_linagora_cs_arabize,تمشي في نهارك تمشي تكري كيفاه م فرانك قلوب وديما قاعده هكا وجو لما وكاهو ولا كيفاه دبيتود,تمشي في نهارك تمشي تكري كيفاه ميات فرنك قلوب وديما قاعدة هكة جو ولمة واكهو ولا كيفاه دهبيتيد,8.071999549865723,amenyKH_0000007_chunk_0000012_007_chunk_12_0,0.4444444444444444
labeled_linagora_cs_arabize,إلجمكون,يكون ينجم,0.8159999847412109,ar--1238_1.5.wav_1238_1.5_0,1.0
labeled_linagora_cs_arabize,إي عليش,اي علاش,0.6639999747276306,TunSwitchTO_0000107_0000022_0000020_njy_107_22_20_njy_0,1.0
labeled_linagora_cs_arabize,كنت في رحلة طيران يونايتد نور,كنت في رحلة طيران يونايتد نومرو ثمنمية و ثمنية و عشرين,3.7839999198913574,TunSwitchTO_0000052_0000022_0000005_no0000006_52_22_05_no6_0,0.5454545454545454
labeled_linagora_cs_arabize,عمل مشكلة,اما المشكلة,0.7120000123977661,amenyKH_Personnalité_Multiple_HM_E0000001_denoised_Sync0000046_no_speaker_0000106.0000030_0000107.0000015_Personnalité_Multiple_HM_E1_denoised_Sync046_no_speaker_106.30_107.15_0,1.0
labeled_linagora_cs_arabize,اجعيوني,اجريولي,1.3359999656677246,ar--2135_0.75.wav_2135_0.75_0,1.0
labeled_linagora_cs_arabize,مهم دا انحكي فيمرحل ول على   ود ي  نر لل   ن بالب  م  جال ير,اي بور لا كرياسيون دو ستركتور داكومبانيومون مهم جدا باش نحكيو في مرحلة اولي على فلاي ويل و بعد شوية باش نرجعو لل فون دي فون فلاي ويل شنوا بالظبط دايور لاسم فلاي ويل عجالي طايرة طاير برشا لحقيق,15.031999588012695,0000015_sub_audio_chunk_0000002_15_sub_audio_chunk_2_0,0.9230769230769231
labeled_linagora_cs_arabize,الجتار,القيتار,0.6480000019073486,ar--2365_1.25.wav_2365_1.25_0,1.0
labeled_linagora_cs_arabize,,الكل ويعاود فجاه يقص الضو مره اخرى ظل ما تحيس ما نرا في حتى شيء نحس في عباد يغزر لي والاحاسيس الي كنت نحس فيهم ولا بيزارمون اقوى برشا وليت نحس في اكثر حاجات يغزر لي انفس ولا رزين نتنفس بالسيف وقلبي,13.935999870300293,segment_0000635_segment_635_0,1.0
labeled_linagora_cs_arabize,أخنا منههو,اخطانا منه هو,0.800000011920929,amenyKH_Hkayet_Tounsia_S0000001_Episode_0000017_0000020_0000003_0002017_Partie_0000003_Sync0000115_no_speaker_0001493.0000070_0001494.0000048_Hkayet_Tounsia_S01_Episode_17_20_03_2017_Partie_03_Sync115_no_speaker_1493.70_1494.48_0,1.0
labeled_linagora_cs_arabize,نحبك تزنى البلايس سماح أنا سايح كماتارف,نحبك تهزني لبلايص سماح انا سايح كيما تعرف,3.25600004196167,TunSwitchTO_0000011_0000020_0000052_neo_11_20_52_neo_0,0.625
labeled_linagora_cs_arabize,على الساحة الشرقي تلقاو حتى بلايس مشهورة كيما نيو يورك واشhنgطن dيسي وبوسسن,على الساحل الشرقي تلقاو حتى بلايص مشهورة كيما نيويورك واشنطن دي سي وبوسطن,5.208000183105469,TunSwitchTO_0000076_0000022_0000012_0000072w_76_22_12_72w_0,0.5384615384615384
labeled_linagora_cs_arabize,يسل,يسلع,0.6480000019073486,ar--2225_1.25.wav_2225_1.25_0,1.0
labeled_linagora_cs_arabize,مثلا انتي مشيت باش تقدم مستايغ مثلا ولا حاجة,مثلا انت مشيت باش تقدم ماستر مثلا ولا حاجة,4.535999774932861,Melekher0000009_0000051_0000003_Melekher9_51_3_0,0.2222222222222222
labeled_linagora_cs_arabize,السن,السنة,0.6880000233650208,ar--2169_1.wav_2169_1_0,1.0
labeled_linagora_cs_arabize,ال      لك,بالرسمي ريتم ما رجعتش لل بريبا ما رجعتش نمشي لل كور و كل خاتر زايد ما ني ش باش نريكوباري مال كور معناها,5.375999927520752,0000027_0000190_0000002_27_190_2_0,1.0
labeled_linagora_cs_arabize,بابا بالحكمة متاعو ما حبنيش نتمتع به الثروة إلا لما نعرف ونتيقم ملصح,بابا بالحكمة متاععو ما حبنيش نتمتع بهالثروة الا ما نعرف و نتيقن من الصحبة,5.4720001220703125,0000020_0000177_20_177_0,0.6428571428571429
labeled_linagora_cs_arabize,heda hezi heda,هاذا هاذي هاذا,4.335999965667725,ar--1189_0.75.wav_1189_0.75_0,1.0
labeled_linagora_cs_arabize,الكياس قريب باش توصل القنطرة صرحكم فما,ال الكياس قريب باش توصل للقنطرة يفرحكم فمة رون بوان,3.48799991607666,amenyKH_0000004_chunk_0000024_004_chunk_24_0,0.6
labeled_linagora_cs_arabize,االجامع كيمن هذا ما ينجمش مخيي قبل انه يقعد في الحالة هذي لاتقلي اعتمادات ولا موش اعتمادات حاجة معلم تاريخي اولوية اولويات يلزمنا نتحرك ونلقاو لو حل حتى لو كاين ما فماش الاعتمادات,جامع كما هاذا ما ينجمش مخي يقبل انه يقعد في الحاله هاذي لا تقوللي اعتمادات ولا مش اعتمادات حاجه معلم تاريخي اولويه اولويات يلزمنا نتحرك نلقاه حل حتى لو كان ما فماش الاعتمادات,12.74899959564209,youtube_hpXwUry7Kck_0,0.45454545454545453
labeled_linagora_cs_arabize,ثما واطنين تعاون فما ناس عنده شكون توفى وناس كل عاشت هذاي يبدأ عنده فلوس,ثم مواطنين تعاون ثم ناس عندها شكون توفى وناس كل عاشت هاذا يبدا عنده فلوس,4.9710001945495605,youtube_hpXwUry7Kck_1,0.4
labeled_linagora_cs_arabize,يحب يعمله صدقة جارية وما يلقاش ككيفاش يحب يعندكي فلوس وما يلقاش يعمل ناس تحب تزكي ما تعرفش ناس تحب تحط فلوسها في الجوامع لأنه عدنا ثقافة الصدقة الجارية,يحب يعمل له صدقه جاريه وما يلقاش كيفاش يحب يعطي فلوس وما يلقاش يعمل ناس تحب تزكي ما تعرفش الناس تحب تحط فلوسها في الجوامع لانه عنا ثقافه الصدقه الجاريه,10.302000045776367,youtube_hpXwUry7Kck_2,0.4
labeled_linagora_cs_arabize,وهذيك حسنات وميزان حسنات إن شاء الله عند ربي شو نعجزوا أنو يقعد الجامع هك لسنوات وسنوات,و هاذيكه حسنات وميزان حسنات ان شاء الله عند ربي شنوا نعجز انه يقعد الجامع هك لسنوات وسنوات,5.909999847412109,youtube_hpXwUry7Kck_3,0.3333333333333333
labeled_linagora_cs_arabize,بسبب الاعتمادات جمع عقبة كيتخنالوانمحمود ظلام ووياي ثما دزترانجير راو انا شفنا زوز ثلاث ربعة من ناس منهم زنسا وراجل وكذا دزترانجير يني تسورو يشوفو فيه راو ظلام راو كالحسيرة راو حاجة تحزن,بسبب الاعتمادات جمع عقبه كي دخلنالو انا و محمود ظلام و الله و الله ثم دي ايترانجي راه انا شفنا زوز ثلاثة اربعه من الناس منهم زوز نساء و راجل و كذا دي ايترانجي جايين يتصوروا ويشوفوا فيه راه ظلام راه اكالحصيره راه حاجه تحزن,14.114999771118164,youtube_hpXwUry7Kck_4,0.7333333333333333
labeled_linagora_cs_arabize,الرك رمو تدخل قلبك يتشرحا اضو يبدا شاعر والزرابي تبدا مزيانة والدنيا في جامع عقبة ممناف يونس وعليش عليش حتى حصيرا حصيرة مزيانة معاش يم خطوا في بلادنا,الور كي نورمالمو تدخل قلبك يتشرح الضوء يبدا شاعل و الزرابي تبدا مزيانه و الدنيا في جامع عقبه ابن نافع في تونس وعلاش علاش حتى حصيره حصيره مزيانه معش نعرف نحطوها في بلادنا,11.744000434875488,youtube_hpXwUry7Kck_5,0.7272727272727273
labeled_linagora_cs_arabize,جهلmين,عجيهة لمين,0.9279999732971191,ar--1301_1.25.wav_1301_1.25_0,1.0
labeled_linagora_cs_arabize,لاتجاه,الاتجاه,0.7440000176429749,ar--1310_1.wav_1310_1_0,1.0
labeled_linagora_cs_arabize,lnin,لمين,0.9200000166893005,ar--1299_0.75.wav_1299_0.75_0,1.0
labeled_linagora_cs_arabize,اربية,الربيع,0.8960000276565552,ar--1570_0.75.wav_1570_0.75_0,1.0
labeled_linagora_cs_arabize,في الدوماين بتاع اسبور مرتاح والدوماين بتاع اسبور مخليني ديما خاطر أنا كا كوتش فري ستايل احنا عاملين فري ستايل مناش,فال دومان متاع ال سبور مرتاح و دومان متاع ال سبور مخليني ديما خاطر انا ك كوتش فريستايل احنا عاملين فريستايل ما نا ش,10.680000305175781,0000043_0000055_0000000_43_55_0_0,0.75
labeled_linagora_cs_arabize,لا أكثر ولا أقل,لا اكثر ولا اقل,1.9040000438690186,TunSwitchTO_0000066_0000019_0000003_c0000084_66_19_03_c84_0,0.5
labeled_linagora_cs_arabize,العبادات وكل صيف والإدارة التونسية بخير فيصل الصمعي للتعليق على هذا الموضوع,العبادات و كل صيف و الادارة التونسية بخير فيصل الصمعي للتعليق على هاذا الموضوع,6.079999923706055,TunSwitchTO_0000046_0000019_0000051_kqn_46_19_51_kqn_0,0.35714285714285715
labeled_linagora_cs_arabize,جي شوفها الحكاية م اما كل شي ا,تجي تشوفها ولا حكاية معناها ترانسفورماسيون و كلماشي اما,3.4159998893737793,Melekher0000011_0000075_0000000_Melekher11_75_0_0,1.0
labeled_linagora_cs_arabize,مش مجوح,مش مجروح,0.8960000276565552,ar--1850_1.25.wav_1850_1.25_0,0.5
labeled_linagora_cs_arabize,زم في ليجة للبحر ولا كيمشيو لدار الخلاعة وشرات الككوية اللي في قشرتها ملفوفة في قرطاس,زنفليقة للبحر ولا كي يمشيوا لدار الخلاعة وشرات الكاكوية الي في قشرتها ملفوفة في قرطاس,6.71999979019165,TunSwitchTO_0000075_0000015_0000035_xos_75_15_35_xos_0,0.4666666666666667
labeled_linagora_cs_arabize,الوج,الوجه,1.0,ar--2163_0.75.wav_2163_0.75_0,1.0
labeled_linagora_cs_arabize,نلقو القراع الأحمر,آه نلقاو القرع الاحمر,2.936000108718872,amenyKH_0000011_chunk_0000034_011_chunk_34_0,1.0
labeled_linagora_cs_arabize,ق لد,بعد تسعة جابت لي صغير هاه بنتي ايه,4.952000141143799,amenyKH_0000008_chunk_0000100_008_chunk_100_0,1.0
labeled_linagora_cs_arabize,قديش تحبو,قداش تحبوا,2.2079999446868896,TunSwitchTO_0000024_0000011_0000026_0000001bt_24_11_26_1bt_0,1.0
labeled_linagora_cs_arabize,شنو تحبها تموت بغصتها تموت بغصتها تحبها تاكل الخبط سباح وليل,شنوو تحبوها تموت بغصتها تموت بغصتها تحبوها تاكل الخبط صباح و ليل,8.880000114440918,youtube_0JDT9BuaAHc_0,0.5
labeled_linagora_cs_arabize,د نتوم كمجتمع تكونوا فرحانين تحبها تموت ر,باش انتم كمجتمع تكونوا فرحانين تحبوها تموت و صارت,5.711999893188477,youtube_0JDT9BuaAHc_1,0.5555555555555556
labeled_linagora_cs_arabize,تحبو يقذر راجل ماوش مرتاحا معاها,تحبوه يقذ الراجل ما هو ش مرتاح معاها,2.2960000038146973,youtube_0JDT9BuaAHc_2,0.875
labeled_linagora_cs_arabize,تحبو تزول ثيا غالطة ما هواش مرتاحة معاها طلق,تحبوا تهزولاثنيه غالطه ما هوا ش مرتاح مها طلق,4.415999889373779,youtube_0JDT9BuaAHc_3,0.8888888888888888
labeled_linagora_cs_arabize,راه رحمة راه اطلا رحمة راه بنتك يا مدام كي تبدأ في درجلة مايش مرتاحهة ره تتغصر كل يوم راه ضناك,راهو رحمه راهو الطلاق رحمه راهي بنتك يا مدام كي تبدا في دار راجلها ما هي ش مرتاحه راهي تتغصور كل يوم راهي ضناك,8.35200023651123,youtube_0JDT9BuaAHc_4,0.6666666666666666
labeled_linagora_cs_arabize,شني اصبر عليه ماذيكمغرفتك شهزت,شنيا اصبر عليه و هاذيكه مغرفتك آش هزت,2.687999963760376,youtube_0JDT9BuaAHc_5,0.75
labeled_linagora_cs_arabize,يازينا يازينا من نغط شهازت كل واحد يتحول شقولو علينا  ومعنش بنا تتطلق لا عندنا قويا,يزينه يزينه من مغرفتك آش هزت كل واحد يتح شقول علينا وما عندناش بنات تطلق لا عندنا خويا,6.48799991607666,youtube_0JDT9BuaAHc_6,0.6666666666666666
labeled_linagora_cs_arabize,لو كان مرمدة بعيد الشر كان تروحلك بمرض خطير من الغصة الي في قلبها شءاشءالل النظر تبدل,لو كان مرمده بعيد الشر كان تروح لك بمرض خطير من الغصه الي في قلبها ان شاء الله ان شاء الله ان شاء الله النظره تتبدل,7.920000076293945,youtube_0JDT9BuaAHc_7,0.5769230769230769
labeled_linagora_cs_arabize,لخ,منخفض,0.671999990940094,ar--1473_1.5.wav_1473_1.5_0,1.0
labeled_linagora_cs_arabize,من توا حسى روحي نوستالجيك لليسي باش نتوحش الليسي باش نتوحش دبروف باش نتوحش صحابي كل دونك نحس,من توا حاسة روحي نوستالجيك لل ليسي باش نتوحش ال ليسي باش نتوحش دي بروف باش نتوحش صحابي و كل دونك نحس,8.295999526977539,0000072_0000110_0000001_72_110_1_0,0.36363636363636365
labeled_linagora_cs_arabize,درجة مئوية,درجة مائوية,1.5199999809265137,ar--1455_1.wav_1455_1_0,0.5
labeled_linagora_cs_arabize,ي صحابي بين عايلتي كل شي يريد برشا بحق برشا ناتيت كينقول معناها أكتاليت اللي ماش ياسر في الناتيف نتاع البريود لكنفينم والكوفيد والبنديمي الي تعدينا بيها  فما ب,بين صحابي و بين عايلتي و كل شيء و ريت برشا بالحق برشا نيغاتيفيتي كي نقول معناها اكتواليتي الي ماشيا ياسر فال نيقاتيف متاع ال بيريود دي كونفينمون و ال كوفيد و ال بانديمي الي تعدينا بيها سيتاي فمة,12.02400016784668,0000044_0000004_0000000_44_4_0_0,0.717948717948718
labeled_linagora_cs_arabize,اسس,السوماستر,0.7200000286102295,ar--2329_1.25.wav_2329_1.25_0,1.0
labeled_linagora_cs_arabize,عبدالله يكتب في جواب الخوه,عبد الله يكتب في جواب الخوه,2.447999954223633,ar--3249_1.wav_3249_1_0,0.3333333333333333
labeled_linagora_cs_arabize,ال معن لي اليوم,ايم اورقانايزد بال سيزون معناه ريت ليوما ايم سو اورقانايزد,5.015999794006348,0000060_0000047_0000000_60_47_0_0,1.0
labeled_linagora_cs_arabize,ما نجمش نجم نجم ممكن نجم,ما نجمش نجم نجم نجم ونزيد نجم,2.7119998931884766,amenyKH_0000006_0000006_0002012_partie0000001_0000002_chunk_0000018_06_06_2012_partie1_2_chunk_18_0,0.2857142857142857
labeled_linagora_cs_arabize,باش نكون واضحه معاك مانش موال,باش نكون واضح معاك ما ني ش موافق,2.119999885559082,TunSwitchTO_0000028_0000013_0000056_f0000003i_28_13_56_f3i_0,0.625
labeled_linagora_cs_arabize,مش تحكي بجانب اقتصادي معناا سومبك دخان في الشهر معندكي تحسب انتي منعرفش نا  ما أقلش من ثلاث لاف ربعلاف فرنك دخان في النهار ليهي ما أقلش منم في الشهر,كان باش تحكي من جانب اقتصادي معناتها سوم باكو الدخان في الشهر معناتها كتحسب انت ما نعرفش انا سوا ديصن ما اقلش من ثلاثة آلاف اربعة آلاف فرنك دخان في النهار الي هيا ما اقلش من مية في الشهر,9.928000450134277,amenyKH_0000006_0000006_0002012_partie0000001_0000003_chunk_0000334_06_06_2012_partie1_3_chunk_334_0,0.6666666666666666
labeled_linagora_cs_arabize,نحبهام غلفة,نحبها مغلفة,1.1039999723434448,TunSwitchTO_0000041_0000011_0000007_0000001ms_41_11_07_1ms_0,1.0
labeled_linagora_cs_arabize,الجر الي فيهم,الشجر لي فيهم,1.0959999561309814,0000021_0000084_21_84_0,0.6666666666666666
labeled_linagora_cs_arabize,eبi,يبيع,1.0720000267028809,ar--1522_0.75.wav_1522_0.75_0,1.0
labeled_linagora_cs_arabize,مالينعطيك حرابش متعوشي عدراس,نولي نعطيك حرابش متاع وجيعة راس,2.368000030517578,ar--3498_1.5.wav_3498_1.5_0,0.8333333333333334
labeled_linagora_cs_arabize,لو الصحبي تغشش على خاطر العضويه في الأصل لهو مش بهي نغير فيها نغير فيه,لو صاحبي يتغشش على خاطر العضوية في الاصل له وموش باهي انغير فيها,5.711999893188477,TunSwitchTO_0000120_0000000_0000022_0000008r0000000_120_00_22_8r0_0,0.7692307692307693
labeled_linagora_cs_arabize,في كل صالة ثما حاوية للورق لغديم واحدة للباستي واحدة للبلار واحدة للبيقي,في كل صالة فمة حاوية للورق القديم واحدة للبلاستيك واحدة للبلار واحدة للباقي,7.71999979019165,ar--3183_1.25.wav_3183_1.25_0,0.3076923076923077
labeled_linagora_cs_arabize,حتى في الرلا تاعي نتفكر تحت بالحق تحت بالباهي في الموين نتاعي,حتى فل لي ريزولتا متاعي نتفكر تحط بالحق تحط بالباهي في ال موايان متاعي,6.776000022888184,0000027_0000126_0000000_27_126_0_0,0.6428571428571429
labeled_linagora_cs_arabize,ان روبو اللي خدمو زادا خدموه  ف inovا robotic و يcoمباs,ان روبوت الي خدمو زادة خدموه دو ان فات انوفا روبوتيك و ايكومباس,5.360000133514404,0000008_0000047_8_47_0,0.6923076923076923
labeled_linagora_cs_arabize,أنا نعتبر زيارة رئيس الجمهورية,انا نعتبر زياره رئيس الجمهوريه,2.135999917984009,youtube_qWzB8WXdi_g_0,0.6
labeled_linagora_cs_arabize,خاصة لوزارة التجارة من أهم الزيارات اللي صارت منذ تولير الرئاسة ومنم,خاصه لوزاره التجاره من اهم الزيارات الي صارت منذ توليه الرئاسه ومنذ من من من خمسة و عشرين,8.965999603271484,youtube_qWzB8WXdi_g_1,0.7777777777777778
labeled_linagora_cs_arabize,أنا نعتبرخطر وزارة اتجارة عليها برشا كلام رفيق رو عليها برشا كلام,انا نعتبر خطر وزاره التجاره عليها برشا كلام رفيق راه عليها برشا كلام,3.9149999618530273,youtube_qWzB8WXdi_g_2,0.46153846153846156
labeled_linagora_cs_arabize,احتكار يحكيوا على,احتكار يحكيوا على,1.7669999599456787,youtube_qWzB8WXdi_g_3,0.0
labeled_linagora_cs_arabize,لكمسيو نحكو على برشا ناس,لي كوميسيون يحكيوا على برشا ناس,2.927999973297119,youtube_qWzB8WXdi_g_4,0.5
labeled_linagora_cs_arabize,الرخاص تذم كل المشاكل راو اليوم,الرخص هذوما الكل المشاكل راه اليوم,2.7679998874664307,youtube_qWzB8WXdi_g_5,0.6666666666666666
labeled_linagora_cs_arabize,هي نحكو علىه وزارة التجارة لقوط التوينسا اليوم نحكو عليها هي اللي تجم تسهل ولا تصعب قوط اتوينسا,هيا نحكيو على وزاره التجاره الي قوت التوانسه اليوم نحكيو عليها هيا الي تنجم تسهل ولا تصعب قوت التوانسه,5.4079999923706055,youtube_qWzB8WXdi_g_6,0.7368421052631579
labeled_linagora_cs_arabize,ظهرلي زارة رئيس الجمهورية البارح فيها رمزية كبيرة برشا,ظهرلي زياره رئيس الجمهوريه البارح فيها رمزيه كبيره برشا,3.196000099182129,youtube_qWzB8WXdi_g_7,0.4444444444444444
labeled_linagora_cs_arabize,اللي في عينو ما يكبر حتى حد اليوم حتى كان مسؤولين في الدولة موجودين وانتم قاعدين تلعبو بخطة وانزراي حاجة نعتبرها مهمة برشا,الي في عينه ما يكبر حتى حد اليوم حتى كان مسؤولين في الدوله موجودين وانتم قاعدين تلعبوا بخطه توانسه راهي حاجه نعتبرها مهمه برشا,7.679999828338623,youtube_qWzB8WXdi_g_8,0.375
labeled_linagora_cs_arabize,وجيوني برشا أفكار راه في النهار م ثما فكرة والفرق هنا فرصة راه لعم لكل تنجم عندها أفكار,و جاوني برشا افكار في النهار مي فكرة و الفرق هنا فرصة فمة راهو العباد الكل تنجم عندها افكار,11.32800006866455,segment_0000184_segment_184_0,0.6842105263157895
labeled_linagora_cs_arabize,الدار,الدار,0.6639999747276306,ar--1717_1.wav_1717_1_0,0.0
labeled_linagora_cs_arabize,تقول شعني مخوهم مش تجربي اويشي معهم,تقولش عليهم خوهم مش تاجر يشري و يبيع معاهم,2.640000104904175,0000019_0000058_19_58_0,0.8888888888888888
labeled_linagora_cs_arabize,المرة الجية,المرة الجاية,1.4160000085830688,ar--1708_0.75.wav_1708_0.75_0,0.5
labeled_linagora_cs_arabize,pension complete,كومبلات بونسيون,1.8960000276565552,ar--1092_0.75.wav_1092_0.75_0,1.0
labeled_linagora_cs_arabize,عبدالا غالي اللي عندك صناء,عبد الله قالي الي عندك صنعة,1.9759999513626099,ar--3656_1.25.wav_3656_1.25_0,0.8333333333333334
labeled_linagora_cs_arabize,kemun,كمون,1.25600004196167,kamoune_31187_0,1.0
labeled_linagora_cs_arabize,فسنة,بالسلامة,0.5360000133514404,ar--1048_1.5.wav_1048_1.5_0,1.0
labeled_linagora_cs_arabize,عمر مطلب ذيا,عمر مطلب ضياع,1.184000015258789,TunSwitchTO_0000100_0000019_0000009_cfe_100_19_09_cfe_0,0.3333333333333333
labeled_linagora_cs_arabize,כטר די דשים מיש קין לי יגינא לאק הארד א סאמטינג איטס פר,خاطر ذاي جيم مش كان باش لايك يور قونا لوك هوت اور سامثينق يتس فور,5.320000171661377,0000071_0000031_0000000_71_31_0_0,1.0
labeled_linagora_cs_arabize,حيح الي أمور واضحه ومستقبل مضمون باش يحس بالشباب هذا,صحيح الي امورو واضحة و مستقبلوا مضمون باش يحس بالشباب هاذا,5.239999771118164,TunSwitchTO_0000034_0000019_0000048_p0000000e_34_19_48_p0e_0,0.5454545454545454
labeled_linagora_cs_arabize,الcومو,الكوموند,0.7680000066757202,ar--1492_1.25.wav_1492_1.25_0,1.0
labeled_linagora_cs_arabize,رضو  كنت له بالع,ارض وكانتلها بلاعا,1.0640000104904175,0000021_0000127_21_127_0,1.3333333333333333
labeled_linagora_cs_arabize,صور عبدي قولولي يوهازمان,يور هزبند تصور عبد يقولوا,1.5759999752044678,0000076_0000087_0000001_76_87_1_0,1.0
labeled_linagora_cs_arabize,الكرهبة المكرية,الكرهبة المكرية,1.4639999866485596,ar--2379_1.wav_2379_1_0,0.0
labeled_linagora_cs_arabize,العنصرية ولا التحرر من الأبوية ولا ديما التحرر فردي,العنصرية ولا التحرر من الابوية ولا ديما التحرر فردي,4.4720001220703125,0000050_0000153_0000002_50_153_2_0,0.1111111111111111
labeled_linagora_cs_arabize,نلقع فيه كلمساج كالمساج لمبروك,نلق في اكال ميساج اكال ميساج المبروك,4.504000186920166,Melekher0000010_0000103_0000003_Melekher10_103_3_0,1.0
labeled_linagora_cs_arabize,لنغا,لانقار,0.6079999804496765,ar--1282_1.25.wav_1282_1.25_0,1.0
labeled_linagora_cs_arabize,ednio,الكليون,0.6000000238418579,ar--1623_1.25.wav_1623_1.25_0,1.0
labeled_linagora_cs_arabize,يحل,يحل,0.5120000243186951,ar--2316_1.wav_2316_1_0,0.0
labeled_linagora_cs_arabize,个مطم,المطعم,1.1440000534057617,ar--1487_0.75.wav_1487_0.75_0,1.0
labeled_linagora_cs_arabize,العا,لل بيريود دي ريفزيون معناها مونوتون ال ريتم ايه ايه مونوتون ايه هذاكة هو ا وقتلي زادة فوسط العام من اللول نقرى ايتود كنت نقرى ايتود ماث و ايتود فيزيك,12.031999588012695,0000027_0000098_0000000_27_98_0_0,1.0
labeled_linagora_cs_arabize,elfus,الفلوس,0.5920000076293945,ar--1357_1.25.wav_1357_1.25_0,1.0
labeled_linagora_cs_arabize,riet,خيت,1.2719999551773071,5iiiit_31215_0,1.0
labeled_linagora_cs_arabize,له ي سيدي البشير,قلتلها يا سيد البشير,1.4160000085830688,0000022_0000166_22_166_0,0.75
labeled_linagora_cs_arabize,malisia,من اليزيا,1.2719999551773071,Malizia_31397_0,1.0
labeled_linagora_cs_arabize,وام قرايا يزمهم يبدو يخدمو مخر دو ما ينجموش يكونو  لانفلاي باش تشري دار توا سي بلوس بسيبل د العبد يقللك أنا كيفاش نجم نعمل هذاي سا سي ا بن ت ت مبرتا,اعوام قراية يلزمهم يبداوا يخدموا مخر دونك ما ينجموش يكونوا ال انفلاثيون باش تشري دلر توا سي بلوس بوسيب دونك لعبد يقلك انا كيفاش نجم نعمل هاذايا سا سي ان بوينت تري امبورطان,12.031999588012695,0000039_0000079_0000000_39_79_0_0,0.6363636363636364
labeled_linagora_cs_arabize,أنه شي حاجة لغيرح,انا شاهي حاجة من غير لحم,1.3680000305175781,ar--3145_1.5.wav_3145_1.5_0,0.8333333333333334
labeled_linagora_cs_arabize,فقطهو الحقيقة في البريود هذيكانا نحس,هو لحقيقى فال بيريود هاذيكا انا نحس,3.119999885559082,0000027_0000018_0000002_27_18_2_0,0.8571428571428571
labeled_linagora_cs_arabize,نصع,نص ساعة,0.8640000224113464,ar--1070_1.wav_1070_1_0,1.0
labeled_linagora_cs_arabize,أتذكرو منذ سنة تقريبا جويليا حينما اشتريت مسوب كان الغرام بهوالي دينار,اذهلني انني اتذكر منذ سنة تقريبا جويلية حينما اشتريت مصوغ كان الغرام بحوالي دينار,7.840000152587891,TunSwitchTO_0000024_0000022_0000004_f0000047_24_22_04_f47_0,0.42857142857142855
labeled_linagora_cs_arabize,اللي قال اللي ما ترتاح فيصل اصمعي للتعليق على هذا الموضوع,الي قال الي مات ارتاح فيصل الصمعي للتعليق على هاذا الموضوع,4.168000221252441,TunSwitchTO_0000037_0000012_0000058_0000092e_37_12_58_92e_0,0.5454545454545454
labeled_linagora_cs_arabize,الفراج,القاراج,0.7599999904632568,ar--1837_1.25.wav_1837_1.25_0,1.0
labeled_linagora_cs_arabize,لاي,ثلاثين,0.6000000238418579,ar--1250_1.25.wav_1250_1.25_0,1.0
labeled_linagora_cs_arabize,بلا يستعمل بيت لتبديل لغات,بالله استعمل بيت التبديل غادي,1.5759999752044678,TunSwitchTO_0000011_0000015_0000019_vba_11_15_19_vba_0,0.8
labeled_linagora_cs_arabize,هذا هذي هذا,هاذا هاذي هاذا,2.184000015258789,ar--1189_1.5.wav_1189_1.5_0,1.0
labeled_linagora_cs_arabize,إسرائيل ما عادش تصبر الصربة قريبة ولزمها تضرب قبل مروسيتبيا,اسرائيل معادش تصبر و الصربة قريبة ويلزمها تضرب قبل ما روسيا تبيع,4.992000102996826,TunSwitchTO_0000159_0000001_0000044_vg0000008_159_01_44_vg8_0,0.6666666666666666
labeled_linagora_cs_arabize,ا مزامرب مرحبا,مرحبا بيك مرحبا مرحبا سي محمد,3.328000068664551,amenyKH_0000006_0000006_0002012_partie0000001_0000003_chunk_0000029_06_06_2012_partie1_3_chunk_29_0,0.8333333333333334
labeled_linagora_cs_arabize,رفه ملي ل,نعرفها ميتين مليم العادة,2.111999988555908,amenyKH_MIC0000001_mod_0000035_chunk_0000014_MIC00001_mod_35_chunk_14_0,1.0
labeled_linagora_cs_arabize,في معتمدية الجديد بالضبط بالضبط في منطقة جبالية وينكن يسكن عميرة بن عمران هو عيلتو عائلتهم المتكونة من حداشنفرد الكلهم معروفين بسمعتهم الطيبة وطيبة أخلاقهم في عام كان عميرة عمر,معتمديه الجديد بالضبط بالضبط في منطقه جبليه وين كان يسكن عميره بن عمران هو وعائلته عائلتهم المتكونه من حداش فرد الكلهم معروفين بسمعتهم الطيبه وطيبه اخلاقهم في عام الف و تسعميا و ثمنية و تسعين كان عميره عمره سطاش,13.807999610900879,segment_0000481_segment_481_0,0.6153846153846154
labeled_linagora_cs_arabize,لبو,لبروكلو,0.6959999799728394,ar--1658_1.25.wav_1658_1.25_0,1.0
labeled_linagora_cs_arabize,نينليكهالضوق المفاجئ للرفاهية وللمطعة,منين ليك ها الذوق المفاجئ للرفاهية و للمتعة,2.9839999675750732,0000019_0000177_19_177_0,0.75
labeled_linagora_cs_arabize,وبرا عد فرج شنو السبب وهاذي العضوية ثالثة مزال تفرج,و برا عاد افرز سنوا السبب وهاذي العضوية الثالثة مازالت فرشكة,4.015999794006348,TunSwitchTO_0000045_0000009_0000009_ay0000001_45_09_09_ay1_0,0.7272727272727273
labeled_linagora_cs_arabize,الستة ونص,الستة و نص,1.4240000247955322,ar--1068_0.75.wav_1068_0.75_0,0.6666666666666666
labeled_linagora_cs_arabize,السنين,السنين,0.6959999799728394,ar--2170_1.25.wav_2170_1.25_0,0.0
labeled_linagora_cs_arabize,نهارك طيب اسمي عبدالله,نهارك طيب اسمي عبد الله,2.1600000858306885,ar--3351_1.wav_3351_1_0,0.4
labeled_linagora_cs_arabize,zatar,زعتر,1.527999997138977,ze3ter_31756_0,1.0
labeled_linagora_cs_arabize,بد من أول نهارات,وي كايندا لايك باوندد من اول نهارات و,4.464000225067139,0000073_0000028_0000000_73_28_0_0,0.75
labeled_linagora_cs_arabize,واني مفبلي بشي ي,وانا ما في باللي بشي معناها,1.2079999446868896,amenyKH_Personnalité_Multiple_HM_E0000001_denoised_Sync0000062_no_speaker_0000130.0000059_0000131.0000087_Personnalité_Multiple_HM_E1_denoised_Sync062_no_speaker_130.59_131.87_0,0.8333333333333334
labeled_linagora_cs_arabize,على خاطر الدليع في بزاية ما,على خاطر الدلاع فيه بزايد ماء,3.1040000915527344,amenyKH_0000011_chunk_0000061_011_chunk_61_0,0.6666666666666666
labeled_linagora_cs_arabize,انا نمشي معناها نخدم على الفيزيك وناخو فيه معناها مان معناها نتيارا على الخر ولي هي يا بالنسبه لينا احنا,انا نمشي معناها نخدم على ال فيزيك و ناخو فيه معناها موايان معناها نوت طيارة عاللخر و الي هيا كوايفيسيون كاتر بالنسبة لينا احنا,8.727999687194824,Melekher0000010_0000081_0000000_Melekher10_81_0_0,0.5833333333333334
labeled_linagora_cs_arabize,ال ال نق فيالا,سورتو ل ميديتاسيون بالحق ديما نقولها فال بودكاست هاذايا الي ال ميديتاسيون ايز,4.791999816894531,0000070_0000049_0000001_70_49_1_0,0.9230769230769231
labeled_linagora_cs_arabize,حربش أعطي الحمل,حرابش تعطيل الحمل,1.3359999656677246,ar--2214_1.5.wav_2214_1.5_0,0.6666666666666666
labeled_linagora_cs_arabize,المتحف,المتحف,0.7839999794960022,ar--1752_1.wav_1752_1_0,0.0
labeled_linagora_cs_arabize,яgagnог,يطلب نومرو,1.6640000343322754,ar--2118_0.75.wav_2118_0.75_0,1.0
labeled_linagora_cs_arabize,هذا الملخص انك رية مرتك بام عينيك تدخل دار دعارة وتخد,انا الي شفتو عليها يا سي امم,9.055999755859375,amenyKH_0000008_chunk_0000037_008_chunk_37_0,1.5714285714285714
labeled_linagora_cs_arabize,عاوني نسنعطلب مناش كيفاش نجم نشري حاج كيفاش نجم نشري برشا حاجات نجم تعاوني نشري برشا حاجات ما عندك عاوني نشري شوية حاجات,عوني نصنع طلب منعرفش كيفاش نجم نشري حاجة كيفاش نجم نشري برشا حاجات تنجم تعاوني نشري برشا حاجات من عندكم عوني نشري شوي حاجات من عندكم,13.031999588012695,segment_0000073_segment_73_0,0.46153846153846156
labeled_linagora_cs_arabize,s كaن youre struggling with this you're not laزy thereis nothing wrong with you بالمجدد معناها تركبو هيش لرويحكم,سو كان يور ستروقلينق ويذ ذيس يور نوت ليزي ذيرز ناثينق رونق ويذ يو بالمجد معناها ما تركبوهاش لرواحكم,8.215999603271484,0000070_0000092_0000000_70_92_0_0,0.9473684210526315
labeled_linagora_cs_arabize,يحب إيريزeلفي لسكرا بشي وجي,يحب اريزرفي تسكرة مشي و جي,2.559999942779541,ar--3285_1.25.wav_3285_1.25_0,0.8333333333333334
labeled_linagora_cs_arabize,تعدي الككور متنجحش فيه العام جاي ترجع بخمياخ لفك نتاعا,باش تعدي ال كونكور ما تنجحش فيه العام الجاي ترجع بريميير فال فاك متاعك,4.576000213623047,Melekher0000010_0000148_0000000_Melekher10_148_0_0,0.7142857142857143
labeled_linagora_cs_arabize,هو اللي يقوم بففتح درسفتح المدرسة والتنسيق ممع الأساد,هو الي يقوم بافتتاح فتح الدراسة فتح المدرسة و التنسيق مع الاساتذة,9.088000297546387,amenyKH_Partie0000005_chunk_0000096_Partie5_chunk_96_0,0.75
labeled_linagora_cs_arabize,باش نخلط لاكثر نعبع متاع عباد كان      بالحق فاش تستناو,سبوتيفاي بليز دو يت بيكوز يت هلبس مي باش نخلط لاكثر نومبر متاع عباد كان يو ديدنت سابسكرايب تو ذي بودكاست و الحق فاش تستناو معناها,9.312000274658203,0000073_0000157_0000000_73_157_0_0,0.6923076923076923
labeled_linagora_cs_arabize,taḥwisa,التحويسة,1.0080000162124634,ar--1341_0.75.wav_1341_0.75_0,1.0
labeled_linagora_cs_arabize,דאנק וצס,يتس دونك,1.9199999570846558,0000076_0000136_0000002_76_136_2_0,1.0
labeled_linagora_cs_arabize,يحب,ايحب,1.1759999990463257,i7ib_31246_0,1.0
labeled_linagora_cs_arabize,يزور حد,يزور حد,1.3680000305175781,ar--1809_0.75.wav_1809_0.75_0,0.0
labeled_linagora_cs_arabize,الم,القطن,0.7120000123977661,ar--2081_1.25.wav_2081_1.25_0,1.0
labeled_linagora_cs_arabize,من الغلوة تمدى عبدالله على الشاط,من غدوة تمد عبد الله على الشط,3.303999900817871,ar--3035_0.75.wav_3035_0.75_0,0.7142857142857143
labeled_linagora_cs_arabize,انا وقت من الجموش يتحكمو فيها,النر قوات منجموش يتحكمو فيها,2.9119999408721924,ar--3479_1.5.wav_3479_1.5_0,0.8
labeled_linagora_cs_arabize,عبد الله يستنادجا,عبد الله يستنا ديجا,1.8480000495910645,ar--3465_1.wav_3465_1_0,0.5
labeled_linagora_cs_arabize,ن دني نا تسك بعض النتايج مهما كانت,ونعترفوا بنتايجها ايا كانت انا واحد من الناس اذا كان انتخابات,7.007999897003174,amenyKH_0000002_chunk_0000166_002_chunk_166_0,1.0
labeled_linagora_cs_arabize,أطيني دخن,اعطيني دخان,1.4079999923706055,TunSwitchTO_0000009_0000023_0000000_aoy_9_23_00_aoy_0,1.0
labeled_linagora_cs_arabize,لحلية عنها غيبزتجمعات,لحكاية عندها قريب ستة جمعات,2.0959999561309814,ar--3514_1.25.wav_3514_1.25_0,1.0
labeled_linagora_cs_arabize,نحكي على حاجات اللي مش أنا كوقع نحكي عليهم ما باش نوري المشاكل راهميش كان فلوس معنتها مشك,نحكي على حاجات مش انا كهو قاعد نحكي عليهم مي باش نوري المشاكل راهي مش كان فلوس معنتها,7.288000106811523,0000042_0000023_0000001_42_23_1_0,0.4444444444444444
labeled_linagora_cs_arabize,الكرهبة الطويلة تاقف على اللول في الباب الغربي,الكرهبة الطويلة تاقف على الاول في الباب الغربي,3.3919999599456787,TunSwitchTO_0000077_0000011_0000022_0000006n0000001_77_11_22_6n1_0,0.125
labeled_linagora_cs_arabize,samac'ni,سامحني,1.25600004196167,samah_ni_19249_0,1.0
labeled_linagora_cs_arabize,معناها بالأسرن ديفي على الأقل نابسربي شوية تعم نتاع الرترن نهار آخر موجود معناها تواصل حياتي متاعه ونغم مالمو باش نقعد معمل على السناديق الاجتماعية برك وهذي كل نترج فمعناه في السالون متاعنا اللي نجم معناها بكو,بالاسيرونس دي فيي على الاقل نابسوربي شويه تعب متاع ل روتريتا نهار آخر موجود معنها تتواصل الحياه متاعو نورمالمون مش نقعد معمل على صناديق الاجتماعيه بركا وهذايا الكل يندرج في الصالون متعنا الي نجمو معنها باش تكون في,13.399999618530273,segment_0000922_segment_922_0,0.8421052631578947
labeled_linagora_cs_arabize,حنا كنجيو نحكيو على الفميزم  very simple يعنيحنا نحبو نعيشو في مجتمع,احنا كي نجيوا نحكيوا على ال فيمينيزم يتس فيري سامبل يعني انحنا نحبوا نعيشوا في مجتمع,4.1519999504089355,0000052_0000123_0000000_52_123_0_0,0.8125
labeled_linagora_cs_arabize,في شباب بطال,فاش باب بطال,1.0080000162124634,amenyKH_tataouine__for_acoustic_analysis_Sync0000023_no_speaker_0000191.0000099_0000193.0000005_tataouine__for_acoustic_analysis_Sync023_no_speaker_191.99_193.05_0,0.6666666666666666
labeled_linagora_cs_arabize,كيفاش تحسبو كمية المال يصحقها بدنك ففي النهار,كيفاش تحسبو كميه الماء الي يستحقها بدنك في النهار,3.7799999713897705,youtube_FEXMXfZXCmI_0,0.5555555555555556
labeled_linagora_cs_arabize,بي باش ناخذو وزنة معناتها إذا كان انا تنعتيكم أمثلة,باهي باش ناخذوا وزننا معناتها اذا كان انا توا نعطيكم امثله,3.9179999828338623,youtube_FEXMXfZXCmI_1,0.6363636363636364
labeled_linagora_cs_arabize,الوزن في ثلاثين يساوي كمية الما اللي يسحقها بدنك في النهار اهم الأغلاط اللي تصير وقت لي نشربو الما,الوزن في ثلاثين يساوي كميه الماء الي يسحقها بدنك في النهار اهم الاغلاط الي تصير وقت الي نشرب الماء,7.191999912261963,youtube_FEXMXfZXCmI_2,0.42105263157894735
labeled_linagora_cs_arabize,الغلطة الولانية لي هي تشرب الما فرد وقت,الغلطه الاولني الي هيا تشرب الماء فرد وقت,3.7279999256134033,youtube_FEXMXfZXCmI_3,0.625
labeled_linagora_cs_arabize,وإلا ينسى روحو وسط النهار ما يشربش ما يشرب إترا إترا ونص,ولا ينسى روحه وسط النهار ما يشربش يشرب ايترا ايترا و نص,3.871999979019165,youtube_FEXMXfZXCmI_4,0.5833333333333334
labeled_linagora_cs_arabize,فرد وقت لكلاوي متاعك راوكي تعطيها كمية كبيرة نتاع ما ما تنجمش تصفيها فرد وقت,فرد وقت الكلاوي متعك راهو كي تعطيها كميه كبيره متاع ماء ما تنجمش تصفيها فرد وقت,5.191999912261963,youtube_FEXMXfZXCmI_5,0.5
labeled_linagora_cs_arabize,حاجة أخرى راهو وقت لي نشربو كمية كبيرة متاع ما فرد وقت,حاجه اخرى راهو وقت الي نشربه كميه كبيره متاع ماء فرد وقت,4.776000022888184,youtube_FEXMXfZXCmI_6,0.5833333333333334
labeled_linagora_cs_arabize,باش يخفف من الوعاب اللي هو الثليف واللي هو معنتها اللوعاب نتاعنا هذيك عندو,باش يخفف من اللعاب الي هو الساديف والي هو معنتها اللعب متعنا هذاكة عندو,5.935999870300293,youtube_FEXMXfZXCmI_7,0.5
labeled_linagora_cs_arabize,دور مهم الغلطه الاخرى الي أنا نراها معنتها ناس تعملها اللي هو ماتشربش الماء وانتي واقف وانتي واقف يبدى بدنك هكا مشدود شويا وحاجه اخرى لكلاوي نتاعنا,دور مهم الغلطه الاخرى الي انا نراها معناتها الناس تعملها الي هو ما تشربش الماء وانت واقف وانت واقف يبد بدنك هكة مشدود شويه و حاجه اخرى الكلاوي متعنا,11.911999702453613,youtube_FEXMXfZXCmI_8,0.5172413793103449
labeled_linagora_cs_arabize,ماتخدمش بالقدا وانتي واقف معناتها هي الكلاوي باش تنظف السموم من البدن ذ انتي ركب باش تعطلها في الخدمة متاعها وماهيش باش تنظف الثموم,متخدمش بالقدي وانت واقف معناتها هيا الكليمي باش تنظف السموم من البدن دونك انت راك باش تعطلها في الخدمه متاعها ما هي ش باش تنظف السموم,9.015999794006348,youtube_FEXMXfZXCmI_9,0.5
labeled_linagora_cs_arabize,sapt,سبت,1.2719999551773071,sebt_31097_0,1.0
labeled_linagora_cs_arabize,مني ناخذ ف الف,منين ناخذ فلفل,1.7599999904632568,TunSwitchTO_0000082_0000019_0000006_ska_82_19_06_ska_0,1.0
labeled_linagora_cs_arabize,اا المجال المؤسسات نبي اسمع الحمش بالشيت,المجال المؤسساتي ما يسمحلهمش بالشي هاذايا,3.3919999599456787,0000050_0000197_0000001_50_197_1_0,1.0
labeled_linagora_cs_arabize,داي بالحشايش ينشط البدن,التاي بالحشايش ينشط البدن,2.815999984741211,TunSwitchTO_0000094_0000001_0000021_0000001v0000007_94_01_21_1v7_0,0.25
labeled_linagora_cs_arabize,من كل قطعة يكفي وصنهم معقوم ثم منهم الموديل هذا ويتبع منهم فيه,من كل قطعة يكفي و سومهم معقول فمة منهم المودال هاذا ويتباع منو في تونس,5.464000225067139,TunSwitchTO_0000045_0000019_0000028_am0000003_45_19_28_am3_0,0.6666666666666666
labeled_linagora_cs_arabize,ما تنجمش في أنفيرنمنت معين تتعلم,ما تنجمش في انفيرونمون معين تتعلمهم,2.8480000495910645,0000028_0000022_0000003_28_22_3_0,0.3333333333333333
labeled_linagora_cs_arabize,جامنت كانت شهر نتاع  أنو نفهم روح يويين و انو بالحق نبدا جست نبدا كنت نقرا ساعتين في النهار,اجستمنت كانت شهر متاع انو نفهم روحي وين و انو بالحق نبدا جوست نبدا كنت نقرا ساعتين في النهار,9.319999694824219,Melekher0000010_0000168_0000000_Melekher10_168_0_0,0.3157894736842105
labeled_linagora_cs_arabize,وين الحط يا قلبي ما حبوني فايم,وينو الحب يا قلبي ما حبونيش يا يما,3.1730000972747803,youtube_ofvZ2GE4uoc_0,0.625
labeled_linagora_cs_arabize,حب نعيش وما يحبوش يشوفوني في القمة,نحب نعيش ما يحبوش يشوفوني في القمة,3.380000114440918,youtube_ofvZ2GE4uoc_1,0.2857142857142857
labeled_linagora_cs_arabize,أحنا اللي سفرينا ومحكيناش موشبل,احنا الي سوفرينا و محكيناش مش بلاش,3.4749999046325684,youtube_ofvZ2GE4uoc_2,1.0
labeled_linagora_cs_arabize,شنا تعبو والرجلة ما خلستنا,نتعبو و الرجلة ما خلصتناش,2.489000082015991,youtube_ofvZ2GE4uoc_3,0.8
labeled_linagora_cs_arabize,شرف بنايد,لفي بينا يا دنيا,1.9869999885559082,youtube_ofvZ2GE4uoc_4,1.0
labeled_linagora_cs_arabize,غال دني,آه يا دنيا,1.3170000314712524,youtube_ofvZ2GE4uoc_5,1.0
labeled_linagora_cs_arabize,عديناها بضحكة وشكون دلك مابكينات,عديناها بضحكة و شكون قلك ما بكيناش,2.950000047683716,youtube_ofvZ2GE4uoc_6,0.7142857142857143
labeled_linagora_cs_arabize,شيديلفيا دنيا,زيدي لفي يا دنيا,2.072999954223633,youtube_ofvZ2GE4uoc_7,0.75
labeled_linagora_cs_arabize,ها يا دنيا,آه يا دنيا,1.305999994277954,youtube_ofvZ2GE4uoc_8,0.3333333333333333
labeled_linagora_cs_arabize,يلعبنا ماخرناش غير الوقت ناعبو,كي لعبنا ما نغرناش غير الوقت ينعنبوه,3.191999912261963,youtube_ofvZ2GE4uoc_9,0.7142857142857143
labeled_linagora_cs_arabize,لف بنا يدني,لفي بينا يا دنيا,1.809999942779541,youtube_ofvZ2GE4uoc_10,1.0
labeled_linagora_cs_arabize,عايا دنيا,آه يا دنيا,1.24399995803833,youtube_ofvZ2GE4uoc_11,0.6666666666666666
labeled_linagora_cs_arabize,عدي ناهافحكة وشكون جلك مابكينا,عديناها بضحكة و شكون قلك ما بكيناش,2.8559999465942383,youtube_ofvZ2GE4uoc_12,1.0
labeled_linagora_cs_arabize,شيديلفياطب,زيدي لفي يا دنيا,2.009000062942505,youtube_ofvZ2GE4uoc_13,1.0
labeled_linagora_cs_arabize,ها يا دنيا,آه يا دنيا,1.4529999494552612,youtube_ofvZ2GE4uoc_14,0.3333333333333333
labeled_linagora_cs_arabize,يلعبنا منخرناش غير الوقت نعلكو,كي لعبنا ما نغرناش غير الوقت ينعنبوه,2.9289000034332275,youtube_ofvZ2GE4uoc_15,0.7142857142857143
labeled_linagora_cs_arabize,وقتي نمبو ركيت بشنعبي,الوقت ينعنبوه ما لقيت باش نعبيه,3.114000082015991,youtube_ofvZ2GE4uoc_16,1.0
labeled_linagora_cs_arabize,عملت الخير ونسوح وماشافو ليبي,عملت الخير و نسوه و ما شافولي بيه,3.138000011444092,youtube_ofvZ2GE4uoc_17,0.75
labeled_linagora_cs_arabize,حبو يا لعبو كلبي العبو ديبي,يحبو يلعبوه قلبي لعبولي بيه,3.0339999198913574,youtube_ofvZ2GE4uoc_18,1.2
labeled_linagora_cs_arabize,تحم فحزي برزعو والعشرة موش اسنين,طحين فحليب رضعوه و العشرة مش سنين,3.2960000038146973,youtube_ofvZ2GE4uoc_19,1.0
labeled_linagora_cs_arabize,ونكن فنبني فعروكجريدسومو,و نكمي فالبنين في عروقي جرات سموم,3.36899995803833,youtube_ofvZ2GE4uoc_20,1.0
labeled_linagora_cs_arabize,كبسوموشدريم حرقا لبريديرو,كابوس و مش دريم حرقة لبلاد الروم,3.253999948501587,youtube_ofvZ2GE4uoc_21,1.0
labeled_linagora_cs_arabize,بليدريا سامين ريحتقمة ومشمور,بلاد الياسمين ريحت قمة و مشموم,3.378999948501587,youtube_ofvZ2GE4uoc_22,1.0
labeled_linagora_cs_arabize,حما كوكاين نورمال تقدام مسبوك,حومة كوكاين نورمال تقدم زبون,3.3380000591278076,youtube_ofvZ2GE4uoc_23,0.6
labeled_linagora_cs_arabize,فيبديت الماجاني حربش را تعيش مجنون,في بلاد المجانين حربش لا تعيش مجنون,3.2980000972747803,youtube_ofvZ2GE4uoc_24,0.5714285714285714
labeled_linagora_cs_arabize,ربكا يود كابرين وربي مع المظور,ربطية و تكبرين و ربي مع المظلوم,3.36299991607666,youtube_ofvZ2GE4uoc_25,0.8571428571428571
labeled_linagora_cs_arabize,تخلص في طريب في بليت كل شي مظروح,نخلص في الضريبة في بلاد كل شي مضروب,3.4079999923706055,youtube_ofvZ2GE4uoc_26,0.5
labeled_linagora_cs_arabize,حكومة تحذب مناذور الحرب,حكومة تحليبة من ناظور لحربوب,3.2300000190734863,youtube_ofvZ2GE4uoc_27,0.8
labeled_linagora_cs_arabize,خون دحين مرفوض خون كدر مفروض,هوني طحين مرفوض هوني قدر مفروض,3.569000005722046,youtube_ofvZ2GE4uoc_28,0.6666666666666666
labeled_linagora_cs_arabize,وضحو ما ما تريفش على كل شيء مظور,و الحومة ما تريض جعالة كل شي مفضوض,3.1730000972747803,youtube_ofvZ2GE4uoc_29,0.75
labeled_linagora_cs_arabize,بنيا تعطيك فوق حل يا بابا ربي,دنيا تعطي كفوف فحل يا بابا ربيت,3.319999933242798,youtube_ofvZ2GE4uoc_30,0.7142857142857143
labeled_linagora_cs_arabize,هوما قلت معروف وأنا روح يصلي,هوما قلة معروف و انا روحي سليت,3.2960000038146973,youtube_ofvZ2GE4uoc_31,0.7142857142857143
labeled_linagora_cs_arabize,بين الحط يا جلبيم حبوني ايم,وينو الحب يا قلبي ما حبونيش يا يما,3.4140000343322754,youtube_ofvZ2GE4uoc_32,0.875
labeled_linagora_cs_arabize,حب نعيش ما يحبوش يشوفوني في القمة,نحب نعيش ما يحبوش يشوفوني في القمة,3.441999912261963,youtube_ofvZ2GE4uoc_33,0.14285714285714285
labeled_linagora_cs_arabize,احنا اللي صفرينا ومحكيناش موشبل,احنا الي سوفرينا و محكيناش مش بلاش,3.3529999256134033,youtube_ofvZ2GE4uoc_34,0.8571428571428571
labeled_linagora_cs_arabize,اش نتعبو والرجلة ما خلستنا,نتعبو و الرجلة ما خلصتناش,2.5950000286102295,youtube_ofvZ2GE4uoc_35,0.8
labeled_linagora_cs_arabize,شلفبينا يدوني,لفي بينا يا دنيا,2.007999897003174,youtube_ofvZ2GE4uoc_36,1.0
labeled_linagora_cs_arabize,غالدني,آه يا دنيا,1.1699999570846558,youtube_ofvZ2GE4uoc_37,1.0
labeled_linagora_cs_arabize,معدينا هابتحكا وشكون جلك مابكينا,عديناها بضحكة و شكون قلك ما بكيناش,2.9079999923706055,youtube_ofvZ2GE4uoc_38,1.0
labeled_linagora_cs_arabize,شيديلفيادني,زيدي لفي يا دنيا,1.996999979019165,youtube_ofvZ2GE4uoc_39,1.0
labeled_linagora_cs_arabize,هايا دنيا,آه يا دنيا,1.3370000123977661,youtube_ofvZ2GE4uoc_40,0.6666666666666666
labeled_linagora_cs_arabize,يلعبنا مغرناش غير الوقتنع الو,كي لعبنا ما نغرناش غير الوقت ينعنبوه,3.0309998989105225,youtube_ofvZ2GE4uoc_41,0.8571428571428571
labeled_linagora_cs_arabize,ف لبين يادني,لفي بينا يا دنيا,1.902999997138977,youtube_ofvZ2GE4uoc_42,1.0
labeled_linagora_cs_arabize,ايا دني,آه يا دنيا,1.0169999599456787,youtube_ofvZ2GE4uoc_43,1.0
labeled_linagora_cs_arabize,عدينا هاطحكة واشكن دلك مابكينات,عديناها بضحكة و شكون قلك ما بكيناش,2.993000030517578,youtube_ofvZ2GE4uoc_44,1.0
labeled_linagora_cs_arabize,شيدي لب يا دنيا,زيدي لفي يا دنيا,1.9240000247955322,youtube_ofvZ2GE4uoc_45,0.5
labeled_linagora_cs_arabize,مايا دنيا,آه يا دنيا,1.3799999952316284,youtube_ofvZ2GE4uoc_46,0.6666666666666666
labeled_linagora_cs_arabize,يلعبنا مانخرناش غير الوقتيناعلبو,كي لعبنا ما نغرناش غير الوقت ينعنبوه,3.0230000019073486,youtube_ofvZ2GE4uoc_47,0.8571428571428571
labeled_linagora_cs_arabize,حوما خرينا فيه مكتب ليقرينافي,حومة خرينا فيه المكتب لي قرينا فيه,3.0869998931884766,youtube_ofvZ2GE4uoc_48,0.7142857142857143
labeled_linagora_cs_arabize,شيطانقرينا معا توب نمشي نافي,شيطان قرينا معاه دوبلنا مشينا فيه,3.3389999866485596,youtube_ofvZ2GE4uoc_49,1.0
labeled_linagora_cs_arabize,شي خنتير فاذا حوماتشمبيضا,شيخة نطير فضاء حومة تشم بيضاء,3.3519999980926514,youtube_ofvZ2GE4uoc_50,1.0
labeled_linagora_cs_arabize,قبمفيقش فيه يمتلبرضا,قضاء ما نثيقش فيه يما طالب رضاه,3.507999897003174,youtube_ofvZ2GE4uoc_51,0.8571428571428571
labeled_linagora_cs_arabize,دونزامايكة غريا عايقة,تونس جامايكا و ذرية عايقة,3.190999984741211,youtube_ofvZ2GE4uoc_52,0.8
labeled_linagora_cs_arabize,حكومة مذايكين يوتموجملايقة,حكومة مضايقين حيوت مش مليقة,3.371999979019165,youtube_ofvZ2GE4uoc_53,0.8
labeled_linagora_cs_arabize,妈妈منعمرشيتصر多,ماما مون امور مشيتي سان ريتور,3.265000104904175,youtube_ofvZ2GE4uoc_54,1.0
labeled_linagora_cs_arabize,ماتوحش ذحسير ماتوحش حيزوهر,متوحش سيدي حسين متوحش حي الزهور,3.380000114440918,youtube_ofvZ2GE4uoc_55,1.0
labeled_linagora_cs_arabize,تعلمت نتيح ونكم نزيدنكم ونتح,تعلمت نطيح و نقوم نزيد نقوم و نطيح,3.316999912261963,youtube_ofvZ2GE4uoc_56,0.875
labeled_linagora_cs_arabize,منفص خبرق عموما ولش كابشنفي,و نفسخ بالقوم و ما نوليش كبش نطيح,3.2880001068115234,youtube_ofvZ2GE4uoc_57,1.0
labeled_linagora_cs_arabize,صمعنا الشاب عاقر قثلتنا العقاقر,سمعنا الشاب عقيل قتلتنا العقاقير,3.305999994277954,youtube_ofvZ2GE4uoc_58,0.8
labeled_linagora_cs_arabize,ومسل مازال كرسيك هلقل,و مازال مازال كرزة ياكل القليل,3.3299999237060547,youtube_ofvZ2GE4uoc_59,0.8333333333333334
labeled_linagora_cs_arabize,جلبي فالاستين يستنى في استقلال,قلبي فلسطين يستنى في استقلال,3.305999994277954,youtube_ofvZ2GE4uoc_60,0.4
labeled_linagora_cs_arabize,تشفارخ بالستيك ضد الاحتلال,صوارخ باليستيك ضد الاحتلال,3.441999912261963,youtube_ofvZ2GE4uoc_61,0.5
labeled_linagora_cs_arabize,ميتيحجرو ككيف نقولو,ما يطيح السروال كان كيف نبولو,3.371000051498413,youtube_ofvZ2GE4uoc_62,1.0
labeled_linagora_cs_arabize,وقلو هم تبقنكل,و قالو همال تي فافانكولو,3.13100004196167,youtube_ofvZ2GE4uoc_63,1.0
labeled_linagora_cs_arabize,ون الحط يا قلبي ماحبولي سايم,وينو الحب يا قلبي ما حبونيش يا يما,3.2230000495910645,youtube_ofvZ2GE4uoc_64,0.75
labeled_linagora_cs_arabize,حب نعيش ما يحبوش يشوفوني في القمة,نحب نعيش ما يحبوش يشوفوني في القمة,3.4760000705718994,youtube_ofvZ2GE4uoc_65,0.14285714285714285
labeled_linagora_cs_arabize,أحنا اللي سفرينا ومحكيناش مو شبلا,احنا الي سوفرينا و محكيناش مش بلاش,3.434000015258789,youtube_ofvZ2GE4uoc_66,1.0
labeled_linagora_cs_arabize,شنا تعبو والرجلة ما خلستنا,نتعبو و الرجلة ما خلصتناش,2.5420000553131104,youtube_ofvZ2GE4uoc_67,0.8
labeled_linagora_cs_arabize,شلفبنا ياجني,لفي بينا يا دنيا,1.965999960899353,youtube_ofvZ2GE4uoc_68,1.0
labeled_linagora_cs_arabize,مالدلي,آه يا دنيا,1.2330000400543213,youtube_ofvZ2GE4uoc_69,1.0
labeled_linagora_cs_arabize,بعدينا هبحكا بشكون دلت مابكينا,عديناها بضحكة و شكون قلك ما بكيناش,2.7750000953674316,youtube_ofvZ2GE4uoc_70,1.0
labeled_linagora_cs_arabize,فيدي لبيا دنيا,زيدي لفي يا دنيا,1.9450000524520874,youtube_ofvZ2GE4uoc_71,0.75
labeled_linagora_cs_arabize,ايا دنيا,آه يا دنيا,1.1699999570846558,youtube_ofvZ2GE4uoc_72,0.6666666666666666
labeled_linagora_cs_arabize,يلعبنا منغرناش غير الوقتي مع الك,كي لعبنا ما نغرناش غير الوقت ينعنبوه,3.118000030517578,youtube_ofvZ2GE4uoc_73,1.0
labeled_linagora_cs_arabize,فبنيدني,لفي بينا يا دنيا,2.062999963760376,youtube_ofvZ2GE4uoc_74,1.0
labeled_linagora_cs_arabize,عيا دنيا,آه يا دنيا,1.4470000267028809,youtube_ofvZ2GE4uoc_75,0.6666666666666666
labeled_linagora_cs_arabize,عديناهافحكة وشكون جلت مابكينا,عديناها بضحكة و شكون قلك ما بكيناش,3.0350000858306885,youtube_ofvZ2GE4uoc_76,1.0
labeled_linagora_cs_arabize,شيديلباب,زيدي لفي يا دنيا,1.8819999694824219,youtube_ofvZ2GE4uoc_77,1.0
labeled_linagora_cs_arabize,ايا دنيا,آه يا دنيا,1.434999942779541,youtube_ofvZ2GE4uoc_78,0.6666666666666666
labeled_linagora_cs_arabize,يلعبنا ماغرناش خير الوقتينعلبو,كي لعبنا ما نغرناش غير الوقت ينعنبوه,3.0829999446868896,youtube_ofvZ2GE4uoc_79,1.0
labeled_linagora_cs_arabize,طفن قدست بيهرايك حومتثربي في بدايا,فافانكولو سد بيه رايك حومة تسربي في بلايك,3.434999942779541,youtube_ofvZ2GE4uoc_80,0.875
labeled_linagora_cs_arabize,تبقى الدم موش فيهم وينا نلقى الحارب بالماية,تبقى ديما مش فاهم و انا نبقى نحارب بالمايك,3.4010000228881836,youtube_ofvZ2GE4uoc_81,0.8888888888888888
labeled_linagora_cs_arabize,مادام اللي حكمنا شلايك شاباب غرجة في فلايك,ما دام الي حكمونا شلايك شبيبة غارقة في فلايك,3.256999969482422,youtube_ofvZ2GE4uoc_82,0.6666666666666666
labeled_linagora_cs_arabize,متراكممفخحنايك وسبولك مك وبايك,متراك و انفخ حنيك و سبولك امك و بيك,3.2750000953674316,youtube_ofvZ2GE4uoc_83,1.0
labeled_linagora_cs_arabize,كليبيسيقومك والطريق قدرك عهي لليما,كلاب يسبو امك و بيك قدرك عالي يا لميمة,3.309000015258789,youtube_ofvZ2GE4uoc_84,0.8888888888888888
labeled_linagora_cs_arabize,هو عاسي ولي هو ايق تبقى غالبة بديم,هو عاصي والديه و عايق تبقى غالي بابا ديما,3.1389999389648438,youtube_ofvZ2GE4uoc_85,0.7777777777777778
labeled_linagora_cs_arabize,ولا بهير شايخ ببهما جيعانو تاحبوانيما,و البهيم شايخ ببهيمة جيعان و طاح بوليمة,3.546999931335449,youtube_ofvZ2GE4uoc_86,0.875
labeled_linagora_cs_arabize,شخكم مهوشي رسولو ومرضعشيمنعنتحاليم,شيخكم ماهوشي رسول و ما رضعشي من عند حليمة,3.2950000762939453,youtube_ofvZ2GE4uoc_87,1.0
labeled_linagora_cs_arabize,زي مرتعش عنت حادمة هو العقل واليد,لا ما رضعشي عند حليمة هو الي عاق الولادة,3.4030001163482666,youtube_ofvZ2GE4uoc_88,0.8888888888888888
labeled_linagora_cs_arabize,جدودكم كانوا قويدة واحنا جدودنا كانوا فليقة,جدودكم كانو قوادة و احنا جدودنا كانو فلاقة,3.431999921798706,youtube_ofvZ2GE4uoc_89,0.75
labeled_linagora_cs_arabize,وعايشي نبسوزوجوه هارب وتلب الوجوه,و عايشين بزوز وجوه هارب و طالب اللجوء,3.1489999294281006,youtube_ofvZ2GE4uoc_90,0.875
labeled_linagora_cs_arabize,نحكوب ربي والنيدي وشفنا منهم كان الفجور,حكاو بربي و النبي و شفنا منهم كان الفجور,3.2360000610351562,youtube_ofvZ2GE4uoc_91,0.6666666666666666
labeled_linagora_cs_arabize,شفنا ميعكلخيانة حبص ولا جبان,شفنا منهم كان الخيانة حبس ولا جبانة,3.6419999599456787,youtube_ofvZ2GE4uoc_92,0.7142857142857143
labeled_linagora_cs_arabize,بجو بوس خدني أحسبكم ربي يوم القيامة,عبو جيوب بوسخ الدنيا حسيبهم ربي يوم القيامة,3.1630001068115234,youtube_ofvZ2GE4uoc_93,0.625
labeled_linagora_cs_arabize,لاد الحوم مات ف بحر ياباديش,ولاد الحومة ماتو في بحر يا بلادي شبكيتي رجال,3.2119998931884766,youtube_ofvZ2GE4uoc_94,0.8888888888888888
labeled_linagora_cs_arabize,السني طولمهدي المنتظر طلع علكم مسيح الدجاء,ستنيتو المهدي المنتظر طلعلكم المسيح الدجال,3.36899995803833,youtube_ofvZ2GE4uoc_95,1.0
labeled_linagora_cs_arabize,وين الحب يا دلبيما حبوني اي,وينو الحب يا قلبي ما حبونيش يا يما,3.0940001010894775,youtube_ofvZ2GE4uoc_96,0.75
labeled_linagora_cs_arabize,حب نعيش ما يحبوش يشوفوني في القمة,نحب نعيش ما يحبوش يشوفوني في القمة,3.4030001163482666,youtube_ofvZ2GE4uoc_97,0.14285714285714285
labeled_linagora_cs_arabize,احنا  صفرينا ومحكينش مو شب,احنا الي سوفرينا و محكيناش مش بلاش,3.4210000038146973,youtube_ofvZ2GE4uoc_98,0.8571428571428571
labeled_linagora_cs_arabize,ش نتعكو والرسلة مع خلستنا,نتعبو و الرجلة ما خلصتناش,2.625999927520752,youtube_ofvZ2GE4uoc_99,1.0
labeled_linagora_cs_arabize,شلفبينا يادني,لفي بينا يا دنيا,2.0,youtube_ofvZ2GE4uoc_100,1.0
labeled_linagora_cs_arabize,هايا دنيا,آه يا دنيا,1.3270000219345093,youtube_ofvZ2GE4uoc_101,0.6666666666666666
labeled_linagora_cs_arabize,عدينا هاضحكة وشكن دلك مابكينا,عديناها بضحكة و شكون قلك ما بكيناش,2.928999900817871,youtube_ofvZ2GE4uoc_102,1.0
labeled_linagora_cs_arabize,شيديلبيتي,زيدي لفي يا دنيا,2.052000045776367,youtube_ofvZ2GE4uoc_103,1.0
labeled_linagora_cs_arabize,يد你了,آه يا دنيا,1.3589999675750732,youtube_ofvZ2GE4uoc_104,1.0
labeled_linagora_cs_arabize,يلعبنا مانغرناش غير الوقتي مع الكور,كي لعبنا ما نغرناش غير الوقت ينعنبوه,3.0920000076293945,youtube_ofvZ2GE4uoc_105,1.0
labeled_linagora_cs_arabize,فب里,لفي بينا يا دنيا,1.996999979019165,youtube_ofvZ2GE4uoc_106,1.0
labeled_linagora_cs_arabize,اذادونو,آه يا دنيا,1.4140000343322754,youtube_ofvZ2GE4uoc_107,1.0
labeled_linagora_cs_arabize,عدي ناهابأحكا وشكون جلك مابكينات,عديناها بضحكة و شكون قلك ما بكيناش,2.931999921798706,youtube_ofvZ2GE4uoc_108,1.0
labeled_linagora_cs_arabize,شيديلفادنيا,زيدي لفي يا دنيا,1.9739999771118164,youtube_ofvZ2GE4uoc_109,1.0
labeled_linagora_cs_arabize,ايادنيا,آه يا دنيا,1.2740000486373901,youtube_ofvZ2GE4uoc_110,1.0
labeled_linagora_cs_arabize,يلعبنا منغرناش غير الوقتينعلكو,كي لعبنا ما نغرناش غير الوقت ينعنبوه,3.1600000858306885,youtube_ofvZ2GE4uoc_111,0.8571428571428571
labeled_linagora_cs_arabize,الجاير,الجاير,0.8560000061988831,ar--2203_1.wav_2203_1_0,0.0
labeled_linagora_cs_arabize,ر اي    ل ل  ي الح قاف اليف س ل   يم ول ميل,و الي هو اخبار كان طبيب ما يحبش ريما تسمعه لكن الله غالب قال لها طبيب الحل الوحيد لايقاف النزيف هو استئصال الرحم عمليه قالت ريما من الاول مستحيل تعملها بما انها باش تولي ما عاد ش قادره وانها تجيب صغار لكنها للاسف الشديد ما كانتش قادره,14.239999771118164,segment_0000432_segment_432_0,1.0
labeled_linagora_cs_arabize,isu,يشوف,0.9679999947547913,ar--1444_0.75.wav_1444_0.75_0,1.0
labeled_linagora_cs_arabize,تحس  يا vraiment du travail deriere yا vraiment une équipe,تحس الي يل واي ا فريمون دو ترافاي ديريير يل واي ا فريمون ان ايكيب,4.656000137329102,0000041_0000050_0000003_41_50_3_0,0.9333333333333333
labeled_linagora_cs_arabize,عناكريتهاالحكاية برسمة الظمط,معناها كي ريتها الحكاية بالرسمي تصدمت,1.815999984741211,amenyKH_Personnalité_Multiple_HM_E0000001_denoised_Sync0000032_no_speaker_0000057.0000096_0000059.0000082_Personnalité_Multiple_HM_E1_denoised_Sync032_no_speaker_57.96_59.82_0,1.0
labeled_linagora_cs_arabize,ونسمع,و نسمع,1.184000015258789,0000022_0000199_22_199_0,1.0
labeled_linagora_cs_arabize,كيف خايب وحتى كان خايب الحق من اخيب م الخايب عرف,سيستام ايدوكاتيف خايب و حتى كان خايب بالحق معناها اخيب من الخايب عرفت,5.576000213623047,0000072_0000010_0000000_72_10_0_0,0.6153846153846154
labeled_linagora_cs_arabize,مخلينا معن نا نخدم صحيح في نفس الخدمة,مخلينا معناتها احنا نخدموا صحيح في نفس الخدمة,2.9040000438690186,amenyKH_Hkayet_Tounsia_S0000002_Episode_0000028_0000026_0000003_0002018_Partie_0000003_Sync0000032_no_speaker_0000171.0000023_0000174.0000015_Hkayet_Tounsia_S02_Episode_28_26_03_2018_Partie_03_Sync032_no_speaker_171.23_174.15_0,0.375
labeled_linagora_cs_arabize,stop romanti sise ning toxicity mit albaul,و ستوب رومانتايزينق توكسيسيتي متاع ال باك و ال,3.9679999351501465,0000070_0000013_0000001_70_13_1_0,1.0
labeled_linagora_cs_arabize,بالسلامة وتبعوني واشتركو في قناتي بش استاذكم جديد الفيديووات,وبالسلامه و تبعوني واشتركوا في قناتي باش يصلكم جديد الفيديوهات,4.943999767303467,segment_0001001_segment_1001_0,0.7
labeled_linagora_cs_arabize,لكريs,الكريز,0.5199999809265137,ar--1998_1.5.wav_1998_1.5_0,1.0
labeled_linagora_cs_arabize,وكفاش باش خالص,و كيفاش باش تخلص,1.0,ar--3565_1.5.wav_3565_1.5_0,0.75
labeled_linagora_cs_arabize,سلمان منا آل البيت,سلمان منا آل البيت,2.74399995803833,amenyKH_0000001_chunk_0000118_001_chunk_118_0,0.0
labeled_linagora_cs_arabize,حي ياذموجود سكريتري في تونس,بالحق خويا رياض راهو موجودة السيكيرتي في تونس,2.135999917984009,amenyKH_0000007_chunk_0000126_007_chunk_126_0,0.75
labeled_linagora_cs_arabize,صحيح خسارة ما فماش الحم تجيج معاه,صحيح خسارة ما فماش لحم دجاج معاه,10.815999984741211,ar--3051_0.75.wav_3051_0.75_0,0.2857142857142857
labeled_linagora_cs_arabize,الحلن,الحلم,0.7440000176429749,ar--1999_0.75.wav_1999_0.75_0,1.0
labeled_linagora_cs_arabize,,اوديونس دونك نتعداوا لل بارتي كيو اند ا اول سؤال باش نسالهولك من عند رحمة هو,10.32800006866455,0000035_0000159_0000000_35_159_0_0,1.0
labeled_linagora_cs_arabize,الل ا معد عندي نمل  ندبر خدمةذ,يلا انا معادش عندي ما نعمل نمشي ندبر خدمة و الله نكذب عليك,3.808000087738037,0000026_0000049_0000001_26_49_1_0,0.8461538461538461
labeled_linagora_cs_arabize,نشوفو الكميات المهولة تع,كنشوفوا الكميات المهولة متاع,1.9520000219345093,amenyKH_0000006_0000006_0002012_partie0000006_chunk_0000239_06_06_2012_partie6_chunk_239_0,0.5
labeled_linagora_cs_arabize,التأمين برشا في لي اسمعو فينا قايم بال محظر معنتها التأمين نتاعو وعارف الي هو فم توجه نحو التأمين باش يحافظ على مستوى العيش للناس الي ما تعرفش وتوا قعده تبع فينا وقعده تسمع هل التأمين على الحياة,التامين برشا في الي يسمعوا فينا قايم محضر معنتها التامين متاعو وعارف الي هو فمة توجه نحو التامين باش يحافظ على مستوى العيش للناس الي ما تعرفش وتوا قاعده اتبع فينا وقعده تسمع هل التامين على الحياه هل,13.97599983215332,segment_0000896_segment_896_0,0.3684210526315789
labeled_linagora_cs_arabize,كاني فرند وجيت نحكيلكم معناها عىالإكبرنس نتاعي وشنا يخرجت منها نتمنى الي الإكبرنس نتاعي فادتكم في حاجة,كايني ا فريند و جيت نحكيلكم معناها عال اكسبيريونس متاعي و شنيا خرجت منها نتمنى الي ليكسبيريونس متاعي فادتكم في حاجة,7.440000057220459,0000072_0000156_0000000_72_156_0_0,0.6190476190476191
labeled_linagora_cs_arabize,妈这的فه,ماو عارفينها بلاد فلاحة,2.0,youtube_MkKS92uYuA4_0,1.0
labeled_linagora_cs_arabize,ديما يبقى المشرل بالخبحا,ديما يبقى المشكل في القباحة,2.4089999198913574,youtube_MkKS92uYuA4_1,0.6
labeled_linagora_cs_arabize,مخم يا شلاحة,مخي ما يعرفش الراحة,1.878000020980835,youtube_MkKS92uYuA4_2,1.0
labeled_linagora_cs_arabize,هلبكيمن يوطم بتوفيحة,محلب كيما نيوتن بالتفاحة,2.492000102996826,youtube_MkKS92uYuA4_3,1.0
labeled_linagora_cs_arabize,تبيض تبيعملمساح,عاملهم صحاح كابيبون كابي,2.6589999198913574,youtube_MkKS92uYuA4_4,1.0
labeled_linagora_cs_arabize,ديما يبفى المشغل في الاختياحة,و ديما يبق المشكل في القباحة,2.3610000610351562,youtube_MkKS92uYuA4_5,0.6666666666666666
labeled_linagora_cs_arabize,وهرمن,بات اي نو,0.7250000238418579,youtube_MkKS92uYuA4_6,1.0
labeled_linagora_cs_arabize,فيمياشاراحة,مخي ما يعرفش الراحة,2.0,youtube_MkKS92uYuA4_7,1.0
labeled_linagora_cs_arabize,علبكي مان يوتم بطفاحة,محلب كيما نيوتن بالتفاحة,2.6050000190734863,youtube_MkKS92uYuA4_8,1.0
labeled_linagora_cs_arabize,ركز عن فولونت محيفاتليبلافوم,بلافون طموحي فات فولون راكز عال,2.546999931335449,youtube_MkKS92uYuA4_9,1.0
labeled_linagora_cs_arabize,اشنافقلجالو ملبس نشلويفيت,لوي فويطون عشنا فقراء رجال و ما لبسناش,2.5399999618530273,youtube_MkKS92uYuA4_10,1.0
labeled_linagora_cs_arabize,وضح كيما الشمسه مانيشيكامليون,كامليون واضح كيما الشمس و ما نيشي,3.13700008392334,youtube_MkKS92uYuA4_11,0.8571428571428571
labeled_linagora_cs_arabize,يانا شفر صوقوانشكل بسوق متلونتش,ما نا ش فرد ذوق ما ني ش كلب سوق ما تلونتش,3.0829999446868896,youtube_MkKS92uYuA4_12,1.0
labeled_linagora_cs_arabize,شفيكم منفوق طيربيكن روحومكو,نشوف فيكم من فوق و طاير بيك نروق و ما كونتش,3.1410000324249268,youtube_MkKS92uYuA4_13,1.0
labeled_linagora_cs_arabize,فطحاننسوقوحل مخنوحوما سلمت,في الطحانة نسوق و واحل مخنوق و ما سلمتش,2.9839999675750732,youtube_MkKS92uYuA4_14,1.0
labeled_linagora_cs_arabize,ش ماتمعطش في المصر ووقلت الشقق مندد,ما طمعتش في المسروق ما كليتش حقوق ما ندمتش,3.1559998989105225,youtube_MkKS92uYuA4_15,0.8888888888888888
labeled_linagora_cs_arabize,كلاتصقسي ون سرحت ون خبرت,كلها تسقسي وين سرحت وين غبرت,2.808000087738037,youtube_MkKS92uYuA4_16,0.8333333333333334
labeled_linagora_cs_arabize,فتتفين ف اللوجايعخطدش منخب رحبرات,ندفن في الوجايع قداش من قبر حفرت,3.061000108718872,youtube_MkKS92uYuA4_17,1.0
labeled_linagora_cs_arabize,فبتشر بحث واخسارات كبد استخبارات,قداش ربحت و خسرت قداش تغدرت,3.371000051498413,youtube_MkKS92uYuA4_18,1.0
labeled_linagora_cs_arabize,لخطوة بحسابة مع عمري ما تصورت روحي هاك,كل خطوة بحساب اما عمري ما تصورت روحي هكا,3.7799999713897705,youtube_MkKS92uYuA4_19,0.5555555555555556
labeled_linagora_cs_arabize,كنتملا نشد لبغضو ومانتشاك,كي الجمل نشد البغض و ما نتشكى,2.9100000858306885,youtube_MkKS92uYuA4_20,0.8571428571428571
labeled_linagora_cs_arabize,الولد ماتو ما عنديش علاش نتاك,الوالد مات و ما عنديش علاش نتكا,2.7160000801086426,youtube_MkKS92uYuA4_21,0.5714285714285714
labeled_linagora_cs_arabize,شمعصروسيانيشوكامبرورةولفيك,نعيش مع زنوس يعيشو كان بالغورة و الفكا,2.9070000648498535,youtube_MkKS92uYuA4_22,1.0
labeled_linagora_cs_arabize,كان رجالباللي غلطنا مرنا مخرجنا عسي,رجال و بلي غلطنا عمرنا ما خرجنا عالسكة,3.056999921798706,youtube_MkKS92uYuA4_23,0.875
labeled_linagora_cs_arabize,ماعفيها بلادف رياحة,ماو عارفينها بلاد فلاحة,2.187999963760376,youtube_MkKS92uYuA4_24,1.0
labeled_linagora_cs_arabize,لما يبقى المصرف الإخباعة,ديما يبقى المشكل في القباحة,2.4639999866485596,youtube_MkKS92uYuA4_25,0.8
labeled_linagora_cs_arabize,وخميع شلاحة,مخي ما يعرفش الراحة,2.0950000286102295,youtube_MkKS92uYuA4_26,1.0
labeled_linagora_cs_arabize,علقيمانيت ابتفيحة,محلب كيما نيوتن بالتفاحة,2.5510001182556152,youtube_MkKS92uYuA4_27,1.0
labeled_linagora_cs_arabize,أفيبوك فعمل مشاحة,عاملهم صحاح كابيبون كابي,2.734999895095825,youtube_MkKS92uYuA4_28,1.0
labeled_linagora_cs_arabize,ديما يبف مشفالفلخباحة,و ديما يبق المشكل في القباحة,2.7339999675750732,youtube_MkKS92uYuA4_29,0.8333333333333334
labeled_linagora_cs_arabize,وقير يا شجاحة,مخي ما يعرفش الراحة,2.0,youtube_MkKS92uYuA4_30,1.0
labeled_linagora_cs_arabize,علبجيمانيوتم بطفاحة,محلب كيما نيوتن بالتفاحة,2.6700000762939453,youtube_MkKS92uYuA4_31,1.0
labeled_linagora_cs_arabize,وقت المورا ير ويتنا سني فلايم القتل بكتمارهين,وقت المورال زيروات انا ثنيا ضلام لقيت البييق ديمارينا,2.868000030517578,youtube_MkKS92uYuA4_32,0.8888888888888888
labeled_linagora_cs_arabize,غالون ترابشتولي شيبديدي يوقدريسمعنيينا,قالولي ترابي شتوليشي بلطي يا ولدي اقعد رايض سيب علينا,3.187999963760376,youtube_MkKS92uYuA4_33,1.0
labeled_linagora_cs_arabize,كمت فعل طوك لصحابي كلا تقدر كل تحب الجينا,توا كلها صحابي كلها تقدر كلها تحب تجينا فان كنت,3.065000057220459,youtube_MkKS92uYuA4_34,0.9
labeled_linagora_cs_arabize,ين فق سنين بلاد تعرف قلم كين,فوق العشرة سنين بلاد تعرف قلمي كي السكينة قود دام,2.9809999465942383,youtube_MkKS92uYuA4_35,0.7
labeled_linagora_cs_arabize,تموحذيف المريخنايوفليليا المستقل,طموحاتي في المريخ انا يوفا ليلي عالمستقبل نتقتل,2.86899995803833,youtube_MkKS92uYuA4_36,1.0
labeled_linagora_cs_arabize,الناريبن ن ل ور ق ب,بين اندادي فايت ظهروا سناني كي الضروف قاتلي بطل ريفولوشناري,3.5429999828338623,youtube_MkKS92uYuA4_37,1.0
labeled_linagora_cs_arabize,ل مسهور,ملة مسحورة,0.7559999823570251,youtube_MkKS92uYuA4_38,1.0
labeled_linagora_cs_arabize,تلف القاي شري ع المعدل,تتلف القراية و تجري عالمعدل,1.5820000171661377,youtube_MkKS92uYuA4_39,1.0
labeled_linagora_cs_arabize,م بالعفة تتاطل مع بنيد فقش را تبدل,تخمم بالعاطفة تتعطل مع بنادم شايفك عجالي تتهرى تتبدل,3.385999917984009,youtube_MkKS92uYuA4_40,0.8888888888888888
labeled_linagora_cs_arabize,توجا,توجعت,0.8659999966621399,youtube_MkKS92uYuA4_41,1.0
labeled_linagora_cs_arabize,منسي,ما نسيتش,0.7599999904632568,youtube_MkKS92uYuA4_42,1.0
labeled_linagora_cs_arabize,كشل,كي شعلت,0.7549999952316284,youtube_MkKS92uYuA4_43,1.0
labeled_linagora_cs_arabize,كمل,كملت,0.6330000162124634,youtube_MkKS92uYuA4_44,1.0
labeled_linagora_cs_arabize,عتفتراتي بالطحانة مانفحص اشمالزوني مث,عديت راسي بالطحانة ما نافقتش اما لزوني مثلت,3.0980000495910645,youtube_MkKS92uYuA4_45,0.875
labeled_linagora_cs_arabize,سمع,كي سمعت,0.6489999890327454,youtube_MkKS92uYuA4_46,1.0
labeled_linagora_cs_arabize,عدي,عديت,0.7490000128746033,youtube_MkKS92uYuA4_47,1.0
labeled_linagora_cs_arabize,ش我,جاوبت,0.6830000281333923,youtube_MkKS92uYuA4_48,1.0
labeled_linagora_cs_arabize,كمل,كي عملت,0.8629999756813049,youtube_MkKS92uYuA4_49,1.0
labeled_linagora_cs_arabize,تسخارج  لفف فشبن,ناس تستخايل جات بالساهل اي كيفنا ترابي باز ترابي في الجبن,2.9000000953674316,youtube_MkKS92uYuA4_50,1.0
labeled_linagora_cs_arabize,حب سرفنفق,حبو الصرف و انا نجيب في قسمي,1.4190000295639038,youtube_MkKS92uYuA4_51,1.0
labeled_linagora_cs_arabize,وقت العت الصحبة مش بالرسم,وقت العط الصحبة مش بالرسمي,1.3380000591278076,youtube_MkKS92uYuA4_52,0.4
labeled_linagora_cs_arabize,كفروبكشتولتريقي,كفروا بيا كيف طوال طريقي,1.4299999475479126,youtube_MkKS92uYuA4_53,1.0
labeled_linagora_cs_arabize,حبو نذللي اخيت مصبخشم,حبو نذل ياخي طمزت بخشمي,1.3839999437332153,youtube_MkKS92uYuA4_54,0.8
labeled_linagora_cs_arabize,ماتبدلت اجتماعات سلموش مندما نقول مندما نغلي,ما تبدلتش ديما عكس الموج ماني ديما نقول ماني ديما نغلي,3.302000045776367,youtube_MkKS92uYuA4_55,0.8181818181818182
labeled_linagora_cs_arabize,وقت لفي بنيمكالي قلت رايا سيودا ياخي تلعود,وقت الضيق مشا فيبالي مكالي قلت ورايا صيودا ياخي طلعو,2.7179999351501465,youtube_MkKS92uYuA4_56,0.7
labeled_linagora_cs_arabize,ولوص你يملوي,بابا لي وصاني ما نضويش,2.068000078201294,youtube_MkKS92uYuA4_57,1.0
labeled_linagora_cs_arabize,صرت ما تحكيش ودي فيخا وتعتي,سرك ما تحكش ولدي الثيقة ما تعطيش,2.819999933242798,youtube_MkKS92uYuA4_58,0.8571428571428571
labeled_linagora_cs_arabize,مسكيك,في بلاد ما ساهل كان الدوني و كان الطيش,2.739000082015991,youtube_MkKS92uYuA4_59,1.0
labeled_linagora_cs_arabize,شوانا اللي اختارت العيشة مشرجيق الميغاراتي,و انا لي خترت نعيش مشرجي قلمي خراطيش,3.118000030517578,youtube_MkKS92uYuA4_60,1.0
labeled_linagora_cs_arabize,ي,يا يا,0.7639999985694885,youtube_MkKS92uYuA4_61,1.0
labeled_linagora_cs_arabize,سحة البيلو ما عنديش قارش ما نفرش ونعمل في اللي ما يجيش,وسع البال و ما عنديش خارج منها فريش و نعمل فالي ما يجيش,5.238999843597412,youtube_MkKS92uYuA4_62,0.6923076923076923
labeled_linagora_cs_arabize,هيايا,يا يا,1.2920000553131104,youtube_MkKS92uYuA4_63,1.0
labeled_linagora_cs_arabize,بعرفوني تقتيش كل دورات نفتيش حنوش الصنعة دلكي,معارف هوني تقضيش كل دورة تفتيش حنوشة الصنعة تلكيش,5.26200008392334,youtube_MkKS92uYuA4_64,0.7777777777777778
labeled_linagora_cs_arabize,اي,يا يا,0.7670000195503235,youtube_MkKS92uYuA4_65,1.0
labeled_linagora_cs_arabize,سانسمع بل ماحنا حتى كلمنا تبحنا,ستانسنا بالمحنا حتا كلامنا ذبحنا,2.5439999103546143,youtube_MkKS92uYuA4_66,1.2
labeled_linagora_cs_arabize,شارع اللي نصحنا ما نهزوش الطحنا,الشارع الي نصحنا ما نهزوش الطحنة,2.5969998836517334,youtube_MkKS92uYuA4_67,0.5
labeled_linagora_cs_arabize,لاشكرنا لمدح رفيغلدنا صلح,لا شكرنا لا مدحنا و كي غلطنا صلحنا,2.1419999599456787,youtube_MkKS92uYuA4_68,1.0
labeled_linagora_cs_arabize,نا مصتحمنا الي تكسحنانحن تب,وسط حومنا لي تكسحنا نحنا تعبنا و جبنا اطراحنا,2.5169999599456787,youtube_MkKS92uYuA4_69,1.0
labeled_linagora_cs_arabize,,ماو عارفينها بلاد فلاحة,2.0,youtube_MkKS92uYuA4_70,1.0
labeled_linagora_cs_arabize,يبيما المشكل فلخبيحا,يبقى ديما المشكل في القباحة,2.187000036239624,youtube_MkKS92uYuA4_71,0.8
labeled_linagora_cs_arabize,لالله مخي ما ياربش الراحة,مخي ما يعرفش الراحة بات اي نو,2.569000005722046,youtube_MkKS92uYuA4_72,0.7142857142857143
labeled_linagora_cs_arabize,حلبكمنيوطم بالطفيحة,محلب كيما نيوتن بالتفاحة,2.371999979019165,youtube_MkKS92uYuA4_73,1.0
labeled_linagora_cs_arabize,قبيب قبي عملمصراحة,عاملهم صحاح كابيبون كابي,2.61299991607666,youtube_MkKS92uYuA4_74,1.0
labeled_linagora_cs_arabize,يبغى أديم المشكل فلغبيحا,يبقى ديما المشكل في القباحة,2.194999933242798,youtube_MkKS92uYuA4_75,0.8
labeled_linagora_cs_arabize,ر نخ ما يعرفش الراحة,مخي ما يعرفش الراحة بات اي نو,2.5739998817443848,youtube_MkKS92uYuA4_76,0.7142857142857143
labeled_linagora_cs_arabize,حلبكيمنيوتم بالطفاحة,محلب كيما نيوتن بالتفاحة,2.4660000801086426,youtube_MkKS92uYuA4_77,1.0
labeled_linagora_cs_arabize,مريقرين واحدة واحدة تلقى عرفتك لي صاعت يضربك الذنب تحس بالذنب ومخدمتش كل,مريقلين واحدة واحدة تلقى عرفت اكاللي ساعات يضربك الذنب تحس بالذنب و ما خدمتش و كل,5.863999843597412,0000027_0000380_0000001_27_380_1_0,0.5
labeled_linagora_cs_arabize,三ي,يطيب,0.7360000014305115,ar--1687_1.25.wav_1687_1.25_0,1.0
labeled_linagora_cs_arabize,ey stana ana beش njibuwelе,ايه استنى انا باش نجيبهولك,2.359999895095825,TunSwitchTO_0000041_0000019_0000027_fkm_41_19_27_fkm_0,1.0
labeled_linagora_cs_arabize,ونشاوروا فيه ونتناقشو فيه ونستبطنوه ونستملكوه ناخذوا فيهوق,ونتشاوروا فيه ونتناقشوا فيه ونستبطنوه ونستملكوه وناخذوا فيه الوقت,3.7279999256134033,amenyKH_0000002_chunk_0000104_002_chunk_104_0,0.5555555555555556
labeled_linagora_cs_arabize,الخاتم,الخاتم,1.0160000324249268,ar--1919_0.75.wav_1919_0.75_0,0.0
labeled_linagora_cs_arabize,الز,الكنيسية,0.6079999804496765,ar--1416_1.5.wav_1416_1.5_0,1.0
labeled_linagora_cs_arabize,الانتخابات و التجمع بداو يقذيو عليه و إن شاء الله تونس تقعد عز البلدان,الانتخابات و التجمع بداو يقضيو عليه و ان شاء الله تونس تقعد عز البلدان,4.808000087738037,TunSwitchTO_0000058_0000019_0000059_0000007w0000005_58_19_59_7w5_0,0.14285714285714285
labeled_linagora_cs_arabize,والكاتجوري متاع السوداء الصود معمولة على الرجل أسوادنك,و ال كاتيغوري متاع السوداء السود معمولة على الراجل الاسود دونك,5.056000232696533,0000050_0000128_0000000_50_128_0_0,0.6363636363636364
labeled_linagora_cs_arabize,الدراش,الترانش,0.7120000123977661,ar--2104_1.25.wav_2104_1.25_0,1.0
labeled_linagora_cs_arabize,نحب كويس جاك دانيات,نحب كويس جاك دانيالز,1.6480000019073486,TunSwitchTO_0000055_0000014_0000025_xr0000007_55_14_25_xr7_0,0.25
labeled_linagora_cs_arabize,توا مقا كاي باش نعمر الفورملا,توا ما بقالي كان باش نعمر الفورمولار,1.9600000381469727,ar--3564_1.5.wav_3564_1.5_0,0.5714285714285714
labeled_linagora_cs_arabize,ياس رئيسي وقهاوياك,كياس رئيسي وقهاوي اكهو,1.5679999589920044,amenyKH_tataouine__for_acoustic_analysis_Sync0000008_no_speaker_0000172.0000074_0000174.0000046_tataouine__for_acoustic_analysis_Sync008_no_speaker_172.74_174.46_0,0.75
labeled_linagora_cs_arabize,التصور,التصور,1.312000036239624,ar--2228_0.75.wav_2228_0.75_0,0.0
labeled_linagora_cs_arabize,v ميسلف كيكنجم نقول معناها,اوفرستريس مايسلف كان انجم نقول معناها,4.064000129699707,0000073_0000129_0000001_73_129_1_0,0.6666666666666666
labeled_linagora_cs_arabize,mnh chnon a le vrai problème ou le besoin de cette cible là et comment lui adresser la meilleure solution,معناها شنوا لي فراي بروبلام او لي بزوان دي سيت سيبل لا اي كومون لوي ا ادريسي لا مييور سولوسيون,6.199999809265137,0000013_0000060_13_60_0,1.0
labeled_linagora_cs_arabize,اليس,القيد,0.5040000081062317,ar--1760_1.5.wav_1760_1.5_0,1.0
labeled_linagora_cs_arabize,نحاولو en evite international branch,نحاولوا اون افيت انترناسيونال براندز,3.7360000610351562,0000053_0000050_0000001_53_50_1_0,1.0
labeled_linagora_cs_arabize,ا عيشر جلك معايا حاجة نسير الهداية عندي,اهلا عيشة جبتلك معايا حاجة نسيت لهدية عندي,2.368000030517578,ar--3467_1.5.wav_3467_1.5_0,0.625
labeled_linagora_cs_arabize,هذي بالذات متاع سوشيال ميديا متاع الشوا موجودة على الخر هذاك هو اما اسكوسو,هاذايا بالذات متاع سوشيال ميديا متاع لي شوا موجود عالاخر هذاكة هو اما ايست سي كي,5.119999885559082,0000039_0000038_0000001_39_38_1_0,0.5625
labeled_linagora_cs_arabize,بالحد الأدنىا,بالحد ال الادنى اذا كان,2.0160000324249268,amenyKH_0000006_0000006_0002012_partie0000006_chunk_0000181_06_06_2012_partie6_chunk_181_0,0.8
labeled_linagora_cs_arabize,الخوف,الخوف,0.7519999742507935,ar--1933_0.75.wav_1933_0.75_0,0.0
labeled_linagora_cs_arabize,بعد ما تشق الصحاري,بعد ما تشق الصحاري,1.2400000095367432,0000019_0000012_19_12_0,0.0
labeled_linagora_cs_arabize,الاختصاص,الاختصاص,1.6080000400543213,ar--1676_0.75.wav_1676_0.75_0,0.0
labeled_linagora_cs_arabize,لانغار,لانقار,0.7360000014305115,ar--1282_1.wav_1282_1_0,1.0
labeled_linagora_cs_arabize,اوصلت انشي مشيت البرا وعشت البرا وبعدت على ز   تاعك ك خدمت على روحك قبل منتها كفما صار شيفت في حياتك قبل في حياتك الشخصية الي ردك منتها تحب تمشي البرا تحب,ما وصلت انت مشيت البرا و و عشت البرا و بعدت على ال زون دي كونفور متاعك سي كي خدمت على روحك قبل معنتها سي كي صار شيفت في حياتك قبل في حياتك الشخصية الي ردك معنتها تحب تمشي البرا تحب,12.008000373840332,0000035_0000038_0000000_35_38_0_0,0.4634146341463415
labeled_linagora_cs_arabize,موقع جيبقو توقيع لإغلاق الصفحة لكن كمان ينفخ لتحريك الجبل,ادارة الموقع جيبو توقيع لاغلاق الصفحة لكن كمن ينفخ لتحريك الجبل,5.047999858856201,TunSwitchTO_0000018_0000022_0000015_0000001px_18_22_15_1px_0,0.45454545454545453
labeled_linagora_cs_arabize,مشاو الزوز للجهة اللي جاي منها الصوت,مشاو الزوز لجيهة الي جاي منها الصوت,4.415999889373779,ar--3473_0.75.wav_3473_0.75_0,0.2857142857142857
labeled_linagora_cs_arabize,ولا نرمل  لركم بعد ونلبا متدقول شن هذا,ولا نورماليزي ديزان الور كي بعد وين لوكينق باك معناتها تقول شنوا هاذا,6.895999908447266,0000027_0000152_0000000_27_152_0_0,0.8461538461538461
labeled_linagora_cs_arabize,kilsn fa man makiss,نكلم في عيادة عمومية عند ماكيس,2.552000045776367,TunSwitchTO_0000040_0000022_0000020_zm0000005_40_22_20_zm5_0,1.0
labeled_linagora_cs_arabize,armamě,اربعمياة,1.3040000200271606,arb3emya_31341_0,1.0
labeled_linagora_cs_arabize,سبaكسi,سالت تاكسيست,0.9359999895095825,ar--3453_1.25.wav_3453_1.25_0,1.0
labeled_linagora_cs_arabize,ن,الغناية,0.5440000295639038,ar--2362_1.5.wav_2362_1.5_0,1.0
labeled_linagora_cs_arabize,نعملو الحاجات نزومة كيف كيف في الماكلة,نعملوا الحاجات هذوما كيف كيف في الماكلة,4.176000118255615,0000053_0000095_0000000_53_95_0_0,0.2857142857142857
labeled_linagora_cs_arabize,بالخم,القطن,0.6079999804496765,ar--2081_1.5.wav_2081_1.5_0,1.0
labeled_linagora_cs_arabize,عي,تسعين,0.8880000114440918,ar--1256_0.75.wav_1256_0.75_0,1.0
labeled_linagora_cs_arabize,لeplan,لبلون,0.5680000185966492,ar--1270_1.wav_1270_1_0,1.0
labeled_linagora_cs_arabize,الش,الكوشة,0.5040000081062317,ar--1437_1.5.wav_1437_1.5_0,1.0
labeled_linagora_cs_arabize,,تو اوفرثينك اباوت حاجات انا اي ريقريت اوفرثينكينق اباوت,5.392000198364258,0000072_0000119_0000000_72_119_0_0,1.0
labeled_linagora_cs_arabize,بعد عندنا مثلا حاجات نحسنو حياته معناها المعيش نتاعهم في تونس كيما قبل كجبت عىلكسي لسوتي نا مستندا بالنسبه لمعيش مزيه أن الدولة,من بعد عنا مثلا حاجات نحسنوا حياتهم معناها المعيشة متاعهم في تونس كيما قبيليكا جبدت على لاكسيس ا لا سانتي سي ان سي ان دغوا بالنسية ما هي ش مزية انو الدولة,12.015999794006348,0000051_0000138_0000000_51_138_0_0,0.75
labeled_linagora_cs_arabize,bḍabt saqult,هاذا بالضبط شنوا قلت,1.6399999856948853,TunSwitchTO_0000189_0000001_0000053_km0000000_189_01_53_km0_0,1.0
labeled_linagora_cs_arabize,ازي,الزاير,0.6079999804496765,ar--1803_1.25.wav_1803_1.25_0,1.0
labeled_linagora_cs_arabize,ريحت الورد مع عطر لاسمين ومسكرلوم,ريحة الورد مع عطر الياسمين و مسك الروم,2.640000104904175,0000019_0000194_19_194_0,0.625
labeled_linagora_cs_arabize,لي عايس بنيت,لا عيش بنيتي,0.9440000057220459,0000022_0000109_22_109_0,1.0
labeled_linagora_cs_arabize,أحب بتعجبول يهمخايفة لا تبعفوف البوسطة,حبت تعطيهولي اما خايفة لتبعثهولي بالبوسطة,2.7920000553131104,ar--3328_1.25.wav_3328_1.25_0,1.0
labeled_linagora_cs_arabize,ي هاد اسري ا  الدوبامين الحق تاع ربي أن  مي,اي هاد سيريوس ايشو ويذ ذي دوبامين الحق متاع ربي يت قيف مي,4.927999973297119,0000070_0000091_0000001_70_91_1_0,0.6923076923076923
labeled_linagora_cs_arabize,يصيح,يصيح,0.5680000185966492,ar--2011_1.25.wav_2011_1.25_0,0.0
labeled_linagora_cs_arabize,esmisatu,اسمي ساتو,1.184000015258789,TunSwitchTO_0000106_0000000_0000018_q0000009s_106_00_18_q9s_0,1.0
labeled_linagora_cs_arabize,žrana,جرانا,1.5199999809265137,jrena_12349_0,1.0
labeled_linagora_cs_arabize,take your time حتى حدمجرورك بالحق t yotie think,تايك يور تايم حتى حد ماهو يجري وراك بالحق تايك يور تايم ثينك اباوت يت,6.02400016784668,Melekher0000008_0000086_0000001_Melekher8_86_1_0,0.8666666666666667
labeled_linagora_cs_arabize,axis,سالت تاكسيست,0.7839999794960022,ar--3453_1.5.wav_3453_1.5_0,1.0
labeled_linagora_cs_arabize,يسم,يسمع,0.7519999742507935,ar--1910_0.75.wav_1910_0.75_0,1.0
labeled_linagora_cs_arabize,الخد,الجد,0.7200000286102295,ar--1801_1.wav_1801_1_0,1.0
labeled_linagora_cs_arabize,أما ينجم يبادل الفلوس في الكيشي,اما ينجم يبدل لفلوس في القيشي,2.8559999465942383,ar--3097_1.25.wav_3097_1.25_0,0.6666666666666666
labeled_linagora_cs_arabize,تنجم تخرجك من سينتك,تنجم تخرجك من سينتك معناها,2.111999988555908,amenyKH_Personnalité_Multiple_HM_E0000001_denoised_Sync0000076_no_speaker_0000312.0000000_0000314.0000011_Personnalité_Multiple_HM_E1_denoised_Sync076_no_speaker_312.00_314.11_0,0.2
labeled_linagora_cs_arabize,عداو صهرية رحفونا برشا ولفاهمو اجي قابلو الجمعة الجاية,عداو سهرية تحفونة برشا و تفاهموا باش يتقالبلو الجمعة الجاية,5.02400016784668,ar--3210_1.25.wav_3210_1.25_0,0.6
labeled_linagora_cs_arabize,الواش الحاجات ما نبعبش نستعملوهم معناها,لواش لحاجات ميم با باش نستعملوهم معناها,3.328000068664551,0000049_0000154_0000001_49_154_1_0,0.7142857142857143
labeled_linagora_cs_arabize,نك هكيكا معناها فمت متخليش كلامك انا نقعد نخمم فيه            معنها,هكاكة معناه فهمت ما تخليش كلامك انا نقعد نخمم فيه اند اي اوفرثينك اباوت يت جوست بي كريستال كلير اند مايك يورسيلف معناها,12.031999588012695,0000662_0000095_0000000_662_95_0_0,0.782608695652174
labeled_linagora_cs_arabize,عبدالله وعايشة قاعدين في بيت الصالةب عايشة وخمو إيش يعملو اليوم عشرير,عبد الله و عيشة قاعدين في بيت الصالة متاع عيشة و خمو آش يعملو اليوم لعشية,5.76800012588501,ar--3511_1.25.wav_3511_1.25_0,0.6875
labeled_linagora_cs_arabize,ونخلط توعهلي باش نعجلها بيتي العجينا كيف نعجنوها رو حكاياتبد هش,ونخلط توا هاني باش نعجنها بيدي العجينه كيف نعجنوها راو هكايا تبدا ما هيش,15.5600004196167,segment_0001011_segment_1011_0,0.7142857142857143
labeled_linagora_cs_arabize,נזם שעמוני נערף וןווסלט לכר טלופ נحב תب טלופ נحב שקוי עמוני נערף וןווסלת לאורדר מי מערفש כפ שתبע אחר טלופ,تنجمش تعاوني نعرف وين وصلت اخر طلب نحب نتبع طلب نحب شكون يعاوني نعرف وين وصلت الاوردر متاعي ما عرفت ش كيفاش نتبع اخر طلب,13.968000411987305,segment_0000133_segment_133_0,1.0
labeled_linagora_cs_arabize,مشيدوا عليسا الخير,امشي توا على ليسار خير,1.7280000448226929,ar--3273_1.25.wav_3273_1.25_0,1.0
labeled_linagora_cs_arabize,كنت نسكن غاديك في المتجنة ونبيت ناقف مع معناه نشوف دخول السلعة خروج السلعة كييبرد تجيج نحلو الشفاج هكا وكل شي,كنت نسكن غاديكا في المدجنة نبات ناقف معناها نشوف دخول السلعة خروج السلعة كي يبرد الدجاج نحلوا لي شوفاج هكة و كل شيء,10.095999717712402,0000001_0000030_1_30_0,0.6521739130434783
labeled_linagora_cs_arabize,يقم,يرمم,0.527999997138977,ar--2437_1.25.wav_2437_1.25_0,1.0
labeled_linagora_cs_arabize,وفالفلاكحةلحسب الذوق زوز مغارف صغار فلف الحمر زوز مغارف صغار كركم وزوز مغارف صغار تابلوكرويا أربع وريقات رند ونخدموها بشوية زيد زيتونا ونحاول ندخلو لفاح بالباي فالحم ونغطو عليه ونخليوه يرتاح فالفرجيدا,وفلفل اكحل حسب الذوق زوز مغارف صغار فلفل احمر زوز مغارف صغار كركم وزوز مغارف صغار تابل و كرويه اربعة وريقات رند و نختموها بشويه زيت زيتونه ونحاولو ندخلو اللفاح بالباهي في اللحم ونغطيو عليه ونخليوه يرتاح في,14.656000137329102,segment_0000856_segment_856_0,0.5526315789473685
labeled_linagora_cs_arabize,imen,امان,1.2719999551773071,imene_10976_0,1.0
labeled_linagora_cs_arabize,قانون,قانون,1.2480000257492065,9anoun_786_0,0.0
labeled_linagora_cs_arabize,على القليلة تفهمو العبد الي انتم باش تدخلو معاه معناه اسك العبد هذيا واس ولا لا اك تشوفو,عالقليلة تفهموا العبد الي انتوما باش تدخلوا معاه معناها ايس كي العبد هاذايا وورث يت ولا لا ايس كي تشوفوا,9.399999618530273,0000662_0000075_0000001_662_75_1_0,0.7
labeled_linagora_cs_arabize,الفا,البلالط,0.6159999966621399,ar--1926_1.25.wav_1926_1.25_0,1.0
labeled_linagora_cs_arabize,هميش متاع لكلاsس سوcيال معناه معتها جنرالم,تهميش متاع لا كلاس سوسيال معناها فهمت معنتها جينيرالمون,4.1519999504089355,0000050_0000140_0000000_50_140_0_0,0.8888888888888888
labeled_linagora_cs_arabize,misin twored bata watsapp,ما شيء نتفرهد بحذا واحد صاحبي,2.3919999599456787,TunSwitchTO_0000056_0000002_0000017_uup_56_02_17_uup_0,1.0
labeled_linagora_cs_arabize,اصل,السلاطة,0.5680000185966492,ar--1390_1.5.wav_1390_1.5_0,1.0
labeled_linagora_cs_arabize,معناها كانمقولو الشاني محلول يهميجي المقاولة يم الاد نعمل ج نخدمو بزيد وقت حنا البلاد فيثور عنا روار ملفات,معناها كيما نقولوا الشانطي محلول يقول لهم يا يجي المقاول يقول لهم يا الاولاد راهو ما نعملوا ايفرت الجمعة هاذي باش نخدموا بزايد وقت احنا البلاد في ثورة عندنا رتار ملفات,9.263999938964844,amenyKH_MOSAIQUEFM_FORUM_0210912_0000003_chunk_0000019_MOSAIQUEFM_FORUM_210912_3_chunk_19_0,0.8387096774193549
labeled_linagora_cs_arabize,حيبيnنعالتين أن ي سيe تاك باds o tivity,خايبين ولا غالطين اند اي سي تولك بوزيتيفيتي,3.119999885559082,0000060_0000159_0000001_60_159_1_0,1.0
labeled_linagora_cs_arabize,الوصول,الوصول,0.7919999957084656,ar--1862_1.wav_1862_1_0,0.0
labeled_linagora_cs_arabize,نظرة متاع الدخان ما تشورش ماعندهاش,المضرة متاع الدخان ما تشاورش ما عندهاش,2.1600000858306885,amenyKH_0000006_0000006_0002012_partie0000003_chunk_0000125_06_06_2012_partie3_chunk_125_0,0.5714285714285714
labeled_linagora_cs_arabize,نرجد الحار,درجة الحرارة,1.1039999723434448,ar--1454_1.25.wav_1454_1.25_0,1.0
labeled_linagora_cs_arabize,هاذي اختصاص مداس مشهو,هاذي اختصاصنا نداس مشوي,1.9040000438690186,TunSwitchTO_0000101_0000022_0000019_r0000006g_101_22_19_r6g_0,0.75
labeled_linagora_cs_arabize,حصلت غادي المعجزة,حلت غادي المعرسة,1.1360000371932983,amenyKH_Hkayet_Tounsia_S0000001_Episode_0000020_0000010_0000004_0002017_Partie_0000003_Sync0000046_no_speaker_0001568.0000076_0001569.0000090_Hkayet_Tounsia_S01_Episode_20_10_04_2017_Partie_03_Sync046_no_speaker_1568.76_1569.90_0,0.6666666666666666
labeled_linagora_cs_arabize,وولا متحف اتقال الفقني مكريي للمحني والطبا والرتيس,توا ولا متحف الطيقان الفوقانيين مكريين للمحامين و الطبا و الدونتيست,6.136000156402588,ar--3245_1.5.wav_3245_1.5_0,0.9090909090909091
labeled_linagora_cs_arabize,علاش مازلنا ماطرناش قلي شنوا فما,علاش مازلنا ما طرناش قلي شنوا فمة,2.4560000896453857,TunSwitchTO_0000055_0000023_0000059_vhf_55_23_59_vhf_0,0.42857142857142855
labeled_linagora_cs_arabize,هكيك شبيك ما   ي  تلد ه الي مثلا ه في  باد ون شي سلد مثلا معن  ا,هكاكة شبيك ما يو ديدنت واي يو تولد هير الي مثلا هير اوتفيت ايز باد وين شي سلايدد مثلا معناها فور اكزامبل اور واي وود يو,12.031999588012695,0000073_0000052_0000000_73_52_0_0,0.7307692307692307
labeled_linagora_cs_arabize,بياع الجرايد,بياع الجرايد,1.3839999437332153,ar--1891_1.wav_1891_1_0,0.0
labeled_linagora_cs_arabize,الحاجة للي تخوف ياسر,الحاجة الي الي تخوف ياسر,2.8239998817443848,amenyKH_MOSAIQUEFM_FORUM_8102012_partie0000001_0000003_chunk_0000063_MOSAIQUEFM_FORUM_08102012_partie1_3_chunk_63_0,0.4
labeled_linagora_cs_arabize,خمسش,خمسطاش,0.9440000057220459,1133_0,1.0
labeled_linagora_cs_arabize,a traver,اترفار,0.7519999742507935,ar--1316_1.wav_1316_1_0,2.0
labeled_linagora_cs_arabize,jian,جيعان,1.5199999809265137,ji3an_31589_0,1.0
labeled_linagora_cs_arabize,دل  قه قاف فظ ه م و دون دن  ه عل فرا الكل ل فراد الصا ال,ايقافهم على الشي الي عملوه بما انه ما كانش فمة اشدلة بل وقفهم ايقاف تحافظي باش كمكوا يحميهم من فاطمه و الي كانت من دون ادنى شك معملة انها تقضي على الافراد الكل وتقتل افراد العصابه,12.935999870300293,segment_0000769_segment_769_0,0.9444444444444444
labeled_linagora_cs_arabize,اليوم باش نحكيو رعب هي في الأصل الحكاية ماتخوفش برشا برشا هذا ما يمنعش وانها تخوف لكن كيف كيف حكايتنا اليوم تصير وتنجم تصير عليك الدارك واب وال الإنترنت المظلم بلاصا نعرفو الناس الكل بلي هي بالرسمي مظلمة ويصيرو فيها برشا حاجات,اليوم باش نحكيو رعب هيا في الاصل الحكايه ما تخوفش برشا برشا هاذا ما يمنعش وانها تخوف لكن كيف كيف حكايتنا اليوم تصير وتنجم تصير عليك الدارك ويب ولا الانترنيت المظلم بلاصه نعرفوا الناس الكل باللي هيا بالرسمي مظلمه ويصيروا فيها برشا حاجات,14.472000122070312,segment_0000569_segment_569_0,0.3488372093023256
labeled_linagora_cs_arabize,تحس الي um ينقص وتلقى روحك راسك رس الحاجة اللي تحب تعملها معناها o dstru,تحس الي ال جوجمنت ينقص و تلقى روحك راسك راس الحاجة لي تحب تعمل تعملها معناها نو دستراكسيون,6.584000110626221,Melekher0000011_0000144_0000001_Melekher11_144_1_0,0.5
labeled_linagora_cs_arabize,مسكين العينين جفت مدةمعاما الق لبحسين,مسكين العينين جفت من الدمع اما القلب حزين,4.0,PhFX5Xc6Qm8_0,0.625
labeled_linagora_cs_arabize,يبكي ويتناه الدخلاني هازحم الرزينة,يبكي و يتنهد دخلاني هاز حمل رزين,3.200000047683716,PhFX5Xc6Qm8_1,0.8571428571428571
labeled_linagora_cs_arabize,رب كتبلو باس يكمل لحيا دوياتين,ربي كتبلو باش يكمل حياتو يتيم,2.700000047683716,PhFX5Xc6Qm8_2,0.6666666666666666
labeled_linagora_cs_arabize,دمو عخضين يقرب في ياسين,دمعو على الخدين يقرى في ياسين,3.0399999618530273,PhFX5Xc6Qm8_3,0.6666666666666666
labeled_linagora_cs_arabize,يبكي علاهم ولحنينا وبوه اللي راح,يبكي على امو لحنينة و بوه الي راح,3.059999942779541,PhFX5Xc6Qm8_4,0.75
labeled_linagora_cs_arabize,كل ما يتذكرهم كل ما تجيد تكبر لزراح,كل ما يتذكرهم كل ما تزيد تكبر لجراح,3.0999999046325684,PhFX5Xc6Qm8_5,0.25
labeled_linagora_cs_arabize,معادس لقيام لفيحصنو لا أفر,ما عادش لقيهم لا في حزن ولا افراح,2.5999999046325684,PhFX5Xc6Qm8_6,0.875
labeled_linagora_cs_arabize,راح شكوني لوضا راح كونيهزويضا اح,شكون يدلوا اذا راح شكون يهزوا اذا طاح,3.299999952316284,PhFX5Xc6Qm8_7,0.875
labeled_linagora_cs_arabize,منهم للبارح كانوا مالين عليه الطر,وينهم الي البارح كانوا مالين عليه الدار,2.799999952316284,PhFX5Xc6Qm8_8,0.5714285714285714
labeled_linagora_cs_arabize,وينهم اللي كان ليهم يبو حلهم بالأسرار,وينهم لكان ليهم يبوحلهم بالاسرار,3.299999952316284,PhFX5Xc6Qm8_9,1.0
labeled_linagora_cs_arabize,ويني اللي تبوص لاساقيا تنجيك م النار اليوم اللحلوم رار اليوم هكى رب ختار,ويني الي تبوسلها ساقيها تنجيك من النار اليوم لحلو مرار اليوم هكة ربي اختار,5.699999809265137,PhFX5Xc6Qm8_10,0.6428571428571429
labeled_linagora_cs_arabize,هس مان عسيزة هالسغلاو عس الناس,هز امانة عزيزة هز اغلى واعز الناس,3.0999999046325684,PhFX5Xc6Qm8_11,0.8571428571428571
labeled_linagora_cs_arabize,مهما الناس تواسي ما تحسش نفس الأحساس,مهما الناس تواسي ما تحس ش نفس الاحساس,3.0,PhFX5Xc6Qm8_12,0.375
labeled_linagora_cs_arabize,منهم لي رب وكوين اليط الي تكبا,وينهم لرباوك ويني اليد الي تتباس,2.9000000953674316,PhFX5Xc6Qm8_13,1.0
labeled_linagora_cs_arabize,بينهم الولدين العساس الله وكبر يا الناس,وينهم الوالدين لعزاز الله اكبر يا ناس,3.200000047683716,PhFX5Xc6Qm8_14,0.7142857142857143
labeled_linagora_cs_arabize,انين اثنين اثنية معنى الحياتي,يتيم يتيم شنيا معنى الحياة,3.0999999046325684,PhFX5Xc6Qm8_15,0.8
labeled_linagora_cs_arabize,يتين يتين اتدم العينين بتيت,يتيم يتيم الدم العينين بكات,3.0999999046325684,PhFX5Xc6Qm8_16,0.8
labeled_linagora_cs_arabize,تين تين يتفكر في ذكريات,يتيم يتيم يتذكر في ذكريات,3.0,PhFX5Xc6Qm8_17,0.6
labeled_linagora_cs_arabize,نتي رحم ع الوالدين سمع توايا ودفات,يرحم على الوالدين شمعة ضواية وطفات,3.0999999046325684,PhFX5Xc6Qm8_18,1.0
labeled_linagora_cs_arabize,يكين تين اسميا معنى الحياة,يتيم يتيم شنيا معنى الحياة,3.0799999237060547,PhFX5Xc6Qm8_19,0.6
labeled_linagora_cs_arabize,يتيم يتيم اتدم العيني ونبكت,يتيم يتيم الدم العينين بكات,3.119999885559082,PhFX5Xc6Qm8_20,0.6
labeled_linagora_cs_arabize,تي تين يتفكر في فكريات,يتيم يتيم يتذكر في ذكريات,3.0,PhFX5Xc6Qm8_21,0.8
labeled_linagora_cs_arabize,نتي رحم ع الغليدين سمع دويا وتفات,يرحم على الوالدين شمعة ضواية وطفات,3.200000047683716,PhFX5Xc6Qm8_22,1.1666666666666667
labeled_linagora_cs_arabize,هاسنعشو يبكي رعاية طلوك,هاز النعش ويبكي ويعيط الله اكبر,2.5999999046325684,PhFX5Xc6Qm8_23,1.0
labeled_linagora_cs_arabize,لي كانوا محاذينو باتوا في نفس لقبار,الي لكانوا محاذينو باتو في نفس القبر,2.700000047683716,PhFX5Xc6Qm8_24,0.5714285714285714
labeled_linagora_cs_arabize,هذا حكم ربي يا بشر,هاذا حكم ربي يا بشر,1.899999976158142,PhFX5Xc6Qm8_25,0.2
labeled_linagora_cs_arabize,متحتر حفر اللقب راح فر من دمع ولا تمتر,الموت حضر حفار القبور حفر من دمعة ولات مطر,3.9000000953674316,PhFX5Xc6Qm8_26,0.8888888888888888
labeled_linagora_cs_arabize,ونهم ليحبوك منهم ليتمناوا لك الخير,وينهم لحبوك وينهم لتمناولك الخير,3.200000047683716,PhFX5Xc6Qm8_27,1.0
labeled_linagora_cs_arabize,مهما تكبر ديما في عينا ومنتي صغير,مهما تكبر ديما في عينيهم انت صغير,3.0999999046325684,PhFX5Xc6Qm8_28,0.2857142857142857
labeled_linagora_cs_arabize,حتوبف اللقط أنهما باتوا على لحصير,حطوك في القطن وهوما باتو على الحصير,2.799999952316284,PhFX5Xc6Qm8_29,0.8571428571428571
labeled_linagora_cs_arabize,ليوم يبكيكالغسير وينهم المير ولأمير,اليوم يبكي كي الغشير وينهم الاميرة و الامير,3.0999999046325684,PhFX5Xc6Qm8_30,0.875
labeled_linagora_cs_arabize,شكون اللي في ثيقة حوال تساقل عليك,شكون الي في ضيقة احوالك سائل عليك,3.200000047683716,PhFX5Xc6Qm8_31,0.5714285714285714
labeled_linagora_cs_arabize,شون اللي في نومك تتعرا هو يغطيك,شكون الي في نومك تتعرى هو يغطيك,3.0,PhFX5Xc6Qm8_32,0.42857142857142855
labeled_linagora_cs_arabize,شكون اللي نحاها اللقمة منهمويعطي,شكون الي نحاها اللقمة من فمو ويعطيك,2.9000000953674316,PhFX5Xc6Qm8_33,0.5714285714285714
labeled_linagora_cs_arabize,كويني اللي بروح تفديك تتعيلك ربيي,ويني الي بروحها تفديك تدعي لك ربي يهديك,3.0999999046325684,PhFX5Xc6Qm8_34,0.875
labeled_linagora_cs_arabize,وينو الي في مرضك في البر بجبلك دواك,وينو الي في مرضك في البرد جابلك دواك,3.0,PhFX5Xc6Qm8_35,0.25
labeled_linagora_cs_arabize,وين اللي تقوم الليل تتعيلك في كل اسلات,ويني الي تقوم الليل تدعي لك في كل صلاة,3.0999999046325684,PhFX5Xc6Qm8_36,0.5555555555555556
labeled_linagora_cs_arabize,ويني اللي تحس بهمكي ذبكي تبكات,ويني الي تحس بهمك اذا بكيت بكات,3.0,PhFX5Xc6Qm8_37,0.7142857142857143
labeled_linagora_cs_arabize,وين اللي فرحتغناك سمع ضواية وتفات,ويني الي فرحك غنات شمعة ضواية وطفات,3.0999999046325684,PhFX5Xc6Qm8_38,0.8571428571428571
labeled_linagora_cs_arabize,اتنين اثنين اسمية معنى الحياة,يتيم يتيم شنيا معنى الحياة,3.200000047683716,PhFX5Xc6Qm8_39,0.6
labeled_linagora_cs_arabize,تين تين تكم العينين اثيت,يتيم يتيم الدم العينين بكات,3.0999999046325684,PhFX5Xc6Qm8_40,0.8
labeled_linagora_cs_arabize,ي التين يتفكتر في ذكرايا,يتيم يتيم يتذكر في ذكريات,2.9000000953674316,PhFX5Xc6Qm8_41,0.8
labeled_linagora_cs_arabize,تي رحم ع الوالدين سمع توايا بتذات,يرحم على الوالدين شمعة ضواية وطفات,3.200000047683716,PhFX5Xc6Qm8_42,1.0
labeled_linagora_cs_arabize,اتين انين بسميا معنى الحياة,يتيم يتيم شنيا معنى الحياة,3.0999999046325684,PhFX5Xc6Qm8_43,0.6
labeled_linagora_cs_arabize,تين تين تدم العين يونيكد,يتيم يتيم الدم العينين بكات,3.0999999046325684,PhFX5Xc6Qm8_44,1.0
labeled_linagora_cs_arabize,يتيب يتيب يبففر في ذكريات,يتيم يتيم يتذكر في ذكريات,3.0,PhFX5Xc6Qm8_45,0.6
labeled_linagora_cs_arabize,نتي رحم ع الوليدين سمع ضوايا وتكات,يرحم على الوالدين شمعة ضواية وطفات,3.0999999046325684,PhFX5Xc6Qm8_46,1.1666666666666667
labeled_linagora_cs_arabize,ويني الم اللي توحش مني دا لفطور,ويني الام الي توحش من يديها الفطور,3.299999952316284,PhFX5Xc6Qm8_47,0.7142857142857143
labeled_linagora_cs_arabize,ويني نور العين اللي كانت في الدار الدور,ويني نور العين الي كانت في الدار تدور,2.9000000953674316,PhFX5Xc6Qm8_48,0.25
labeled_linagora_cs_arabize,ويني نيف الفرحة تزغرت وتحط اللبو,ويني الي في الفرحة تزغرت وتحط البخور,2.9000000953674316,PhFX5Xc6Qm8_49,0.42857142857142855
labeled_linagora_cs_arabize,انيوم باتت ب القبور خلات لقلب مقخور,اليوم باتت بين القبور خلات القلب مقهور,3.299999952316284,PhFX5Xc6Qm8_50,0.5714285714285714
labeled_linagora_cs_arabize,يلهم لي من غيرهم لحالي فرحو لعيد,وينهم الي من غيرهم لحالي فرح ولا عيد,3.200000047683716,PhFX5Xc6Qm8_51,0.625
labeled_linagora_cs_arabize,كل ما يتفكرهم في جلبو والنار تجيد,كل ما يتفكرهم في قلبو النار تزيد,3.0,PhFX5Xc6Qm8_52,0.42857142857142855
labeled_linagora_cs_arabize,جيه الغصة كل ميسوف تصوروم في الحيط,تجيه الغصة كل ما يشوف تصاورهم في الحيط,3.0,PhFX5Xc6Qm8_53,0.5
labeled_linagora_cs_arabize,ايوم هجرو مشاوا بحيط خلا وليدو محيط,اليوم هجروا مشاو بعيد خلاو وليدهم وحيد,2.799999952316284,PhFX5Xc6Qm8_54,1.0
labeled_linagora_cs_arabize,اليوم الثنيا ظلما من غير نور الوالدين,اليوم الدنيا ظلمة من غير نور الوالدين,3.200000047683716,PhFX5Xc6Qm8_55,0.2857142857142857
labeled_linagora_cs_arabize,وينهم لي حبيتهم ديما جنبك فرحانين,وينهم الي حبيتهم ديما بجنبك فرحانين,3.0999999046325684,PhFX5Xc6Qm8_56,0.3333333333333333
labeled_linagora_cs_arabize,وينو وأغلبو والمي ملسد الرحمي,وينو اغلى بو و الاميمة الي صدر حنين,2.700000047683716,PhFX5Xc6Qm8_57,0.875
labeled_linagora_cs_arabize,نحن عمينهوم العينين ولدينا نور الداريين,نحنا عميان هما العينين و الدينا نور الدارين,3.200000047683716,PhFX5Xc6Qm8_58,0.75
labeled_linagora_cs_arabize,كل يوماتع الربي بس يشوفهم في الزيمان,كل يوم يدعي لربي باش يشوفهم في الجنان,3.0999999046325684,PhFX5Xc6Qm8_59,0.625
labeled_linagora_cs_arabize,كل يوم يسقل ربي معنا الصبر والسلوان,كل يوم يسال ربي معنى الصبر و السلوان,3.0,PhFX5Xc6Qm8_60,0.5
labeled_linagora_cs_arabize,اليوم بشاوع لي هغلح إنسان وقنسان,اليوم مشاو عليه اغلى انسانة و انسان,3.299999952316284,PhFX5Xc6Qm8_61,0.8571428571428571
labeled_linagora_cs_arabize,الرحمة يا رحم,الرحمة يا رحمان الرحمة يا رحمان,1.399999976158142,PhFX5Xc6Qm8_62,0.6666666666666666
labeled_linagora_cs_arabize,لبردوي هذ المادة الاستهلاكية لي تستهلك فيها تعرفها,ماي له برودوي هذاكة يعني المادة الاست المادة الاستهلاكية الي الي يستهلك فيها تعرفها شنيا,5.584000110626221,amenyKH_0000006_0000006_0002012_partie0000002_chunk_0000139_06_06_2012_partie2_chunk_139_0,0.7333333333333333
labeled_linagora_cs_arabize,tska,التسكرة,0.5120000243186951,ar--1271_1.5.wav_1271_1.5_0,1.0
labeled_linagora_cs_arabize,ألي hشa وي,ايه عايشة هوني,1.184000015258789,ar--3010_1.5.wav_3010_1.5_0,1.0
labeled_linagora_cs_arabize,الابدعالم التدخيب,الابتعاد عن التدخين يزي,1.7519999742507935,amenyKH_0000006_0000006_0002012_partie0000001_0000003_chunk_0000307_06_06_2012_partie1_3_chunk_307_0,1.0
labeled_linagora_cs_arabize,وانا كنت نجم    في ل كنت نم   ما انا كنت نحب نعمل  مناه كن ن,بيولوجي جيولوجي و انا كنت انجم اي كان دو بيتر لايك فال اورينتاسيون كنت انجم اي دو بيتر اما انا كنت نحب نعمل فيتيرينار معناها كنت نجم نعمل حا,12.02400016784668,Melekher0000010_0000118_0000000_Melekher10_118_0_0,0.7931034482758621
labeled_linagora_cs_arabize,بليت تروشك ولا ماروشك شي وق,بديت تروشك ولا ما وشك شيء وقتها,1.6080000400543213,amenyKH_Hkayet_Tounsia_S0000001_Episode_0000004_0000019_0000012_0002016_Partie_0000002_Sync0000118_no_speaker_0000804.0000064_0000806.0000027_Hkayet_Tounsia_S01_Episode_04_19_12_2016_Partie_02_Sync118_no_speaker_804.64_806.27_0,0.7142857142857143
labeled_linagora_cs_arabize,على العالم الواقع العالم الواقع موشهاكا لا كمنتي مينوريتار,عى العالم الواقع العالم الواقع ما هو ش هكة لي كوميونوتي مينوريتي,4.176000118255615,0000050_0000175_0000001_50_175_1_0,0.6666666666666666
labeled_linagora_cs_arabize,وقاعد طموحاتها يمي ويكبر قاعد ي توصل لحلم تاعها عام كانخر عامله في الفل ملها عم قري بركا وتخر عم برك وتوصل لهدف تاعها و كان تحلم به يونهار,وقعدوا طموحاتها يمشي يكبروا وقعدت بشويه بشويه توصل لحلم متاعها عام الفين و اربعة كان آخر عام لاها في الفاكولت مازالها عام قراية بركه وتتخرج عام بركه وتوصل للهدف متاعها و الي كانت تحلم به ليل ونهار خرجت في,13.223999977111816,segment_0000676_segment_676_0,0.7692307692307693
labeled_linagora_cs_arabize,ماكيف أنا المديرين قالو را منعم واحد وستين مصار فيه شي وبالحق خاطر آن قنيت فيها في اسبعينات,ما ما ما ما كسالنا المدرين قالوا راهو من عام واحد و ستين ما صار فيها حتى شيء وبالحق خاطر انا قريت فيها في السبعينات,7.400000095367432,amenyKH_Partie0000008_chunk_0000046_Partie8_chunk_46_0,0.8
labeled_linagora_cs_arabize,ش شكت بي خطر ضربني,مشيت شكيت بيه خاطر ضربني,1.5119999647140503,amenyKH_0000008_chunk_0000564_008_chunk_564_0,0.8
labeled_linagora_cs_arabize,ns,ثنين و عشرين,0.7179999947547913,ar--1245_1.5.wav_1245_1.5_0,1.0
labeled_linagora_cs_arabize,كي تقرا الكتب نتاعه مثلا موندي خغاي يمكن أكثر كتاب معروف تلقاوا في طبعة هنا في التونس  موجود أكثر كتاب موجود في التونس,كي تقرا الكتب متاعو مثلا موديون ا اورقيو اكثر كتاب معروف تلقاوه في الطبعة تلقاوه هنا في تونس موجودة اكثر كتاب موجود في تونس,9.392000198364258,segment_0000310_segment_310_0,0.5
labeled_linagora_cs_arabize,isor,الشخص,0.8320000171661377,ar--2001_0.75.wav_2001_0.75_0,1.0
labeled_linagora_cs_arabize,taon sof mamarty,توا نشوف مع مرتي,1.5119999647140503,TunSwitchTO_0000095_0000019_0000008_aq0000006_95_19_08_aq6_0,1.0
labeled_linagora_cs_arabize,يanaب hinis,يلعب تنيس,1.2400000095367432,ar--1575_1.25.wav_1575_1.25_0,1.0
labeled_linagora_cs_arabize,وماشي باه الي هي مايشورقزان,وورك زون و الي هيا ما هي ش,1.6399999856948853,0000026_0000032_0000000_26_32_0_0,0.75
labeled_linagora_cs_arabize,vinlig nise,وين الكنيسية,1.3919999599456787,TunSwitchTO_0000014_0000008_0000058_hmv_14_08_58_hmv_0,1.0
labeled_linagora_cs_arabize,latif,لطيف,0.7440000176429749,ar--1814_1.wav_1814_1_0,1.0
labeled_linagora_cs_arabize,ا ب     خب الشر,وصلت قعدت نهار ثنين ثلاثة ما نتكيفش الي نقولوا راني باش نبطل الدخان يقول لي لا خويا لا صعيب شوية توا آني حمد الله عندي قريب شهر,6.343999862670898,amenyKH_0000006_0000006_0002012_partie0000004_chunk_0000086_06_06_2012_partie4_chunk_86_0,1.0
labeled_linagora_cs_arabize,شكري سمعت كلام رياض قال الامور الامنية مش لك الكل ذونك من خلي داري وحدها وغيرنحبكل,شكري سمعت ام كلام رياض قال الامور الامنية مش لهاكة الكل دونك ما نجمش نخلي داري وحدها وغيرو تفضل,7.9039998054504395,amenyKH_0000007_chunk_0000053_007_chunk_53_0,0.42105263157894735
labeled_linagora_cs_arabize,okتoبر,اكتوبر,1.5119999647140503,ouktouber_31107_0,1.0
labeled_linagora_cs_arabize,رول في وسط العائلة اف تجور ركنتكتالز وأنو الراجل الي لا بر بروتجير اللي توا مثلا ولينا كنك راجل,لي رول في وسط العايلة يل فو توجور ريكونتكستواليزي و انو الراجل يل ايست لا بور بروتيجي الي توا مثلا ولينا كانك راجل,8.423999786376953,0000039_0000051_0000000_39_51_0_0,0.6086956521739131
labeled_linagora_cs_arabize,فيها جبز فيها البيترول فيها الثنوات طبيعية كل,فيها الجبس فيها البيترول بالكل,3.1679999828338623,amenyKH_tataouine__for_acoustic_analysis_Sync0000014_no_speaker_0000177.0000027_0000180.0000049_tataouine__for_acoustic_analysis_Sync014_no_speaker_177.27_180.49_0,1.0
labeled_linagora_cs_arabize,الصaida leيe,الصيدلية,1.440000057220459,ar--2211_0.75.wav_2211_0.75_0,2.0
labeled_linagora_cs_arabize,nchiki,انت كي,1.128000020980835,0000026_0000042_0000003_26_42_3_0,1.0
labeled_linagora_cs_arabize,لت  بالحق ي ا  ساد وحسيت روحي هك م  وانا عم دم,قلت الي بالحق ايه وز سو ساد و حسيت روحي هكة ائم ستوبيد و انا ائم دومب اند,6.447999954223633,amenyKH_0000070_0000125_0000002_70_125_2_0,0.8333333333333334
labeled_linagora_cs_arabize,ش معنتها ديارة مشبوعة مش تخدم في ديار معينة منزلية ا,آش معناتها ديار مشبوهة مش تخدم في ديار معينة منزلية لا,3.5759999752044678,amenyKH_0000008_chunk_0000488_008_chunk_488_0,0.45454545454545453
labeled_linagora_cs_arabize,وكانت عنده فمكا كانت ستة سنين سع سنين تستنى,و كانت عندها فمة فمة كانت ستة سنين سبعة سنين تستنى,4.559999942779541,0000007_0000041_7_41_0,0.5454545454545454
labeled_linagora_cs_arabize,احنا مذابينا مناخ معاكسالي,احنا مذبينا مناخ آه معاكس الي,2.2720000743865967,amenyKH_0000006_0000006_0002012_partie0000006_chunk_0000253_06_06_2012_partie6_chunk_253_0,0.6666666666666666
labeled_linagora_cs_arabize,منهم مرة حنا في بيت وم شلة اخرى فبي خرى قابل ونحك,منهم مرة احنا في بيت و فمة شلة اخرى في بيت اخرى مقابلة و نحكيوا هكة,8.272000312805176,0000027_0000354_0000001_27_354_1_0,0.625
labeled_linagora_cs_arabize,م تقع منه    اب,من توا يزي مش تقعد معناها انت ويذ ساموان هو جاجز يو و كل سو بالنسبة لشي هاذايا كان يو سي اني ريد فلاق,11.503999710083008,0000662_0000460_0000000_662_460_0_0,1.0
labeled_linagora_cs_arabize,الناس الكل تحكي على بلدان هابالباهر بيحطو شي مواضيع عكسر,الناس الكل تحكي على بلدانها بالباهي و يحطو في مواضيع اكثر,3.2720000743865967,TunSwitchTO_0000034_0000021_0000001_0000000s0000007_34_21_01_0s7_0,0.5454545454545454
labeled_linagora_cs_arabize,,من فضلك,0.5519999861717224,ar--1053_1.5.wav_1053_1.5_0,1.0
labeled_linagora_cs_arabize,هذيا رجعلو معنتها كييقوللك قل قل لي صيدي يقولو ما سيدي كان ربي,و هاذايا رجعلو معنتها كيقلك قلي سيد يقلو ما سيد كان ربي,3.9600000381469727,0000050_0000260_0000003_50_260_3_0,0.75
labeled_linagora_cs_arabize,إيه قاتلي كي يبدأ الخاتم عندك نكون متهنية,ايه قاتلي كيبدا الخاتم عندك نكون متهنية,3.5360000133514404,ar--3358_1.wav_3358_1_0,0.42857142857142855
labeled_linagora_cs_arabize,حسابي يسقي,يسربي يسقي,1.1679999828338623,ar--1401_1.5.wav_1401_1.5_0,0.5
labeled_linagora_cs_arabize,كان بدأ نسمي يحب إنا قدش من حلقة,كنبدا نسمي تحب لنا قداش من حلقة,2.184000015258789,amenyKH_0000006_0000006_0002012_partie0000003_chunk_0000157_06_06_2012_partie3_chunk_157_0,0.7142857142857143
labeled_linagora_cs_arabize,وسمعنا عليهم وتبعنا في الأخبار على المزيك وعلى الإزاعات الكلها وشدوا مجموعة مسلحة,وسمعنا عليهم و و وتبعنا في الاخبار عالموزايك وعالاذاعات الكل هاو شدوا مجموعة مسلحة هاو,6.392000198364258,amenyKH_0000004_chunk_0000016_004_chunk_16_0,0.6666666666666666
labeled_linagora_cs_arabize,شاnمجرh ت,نش الله متجرح حتى حد,1.7359999418258667,ar--3278_0.75.wav_3278_0.75_0,1.0
labeled_linagora_cs_arabize,جاج مصلي عايشك,دجاج مصلي يعيشك,1.840000033378601,TunSwitchTO_0000029_0000012_0000056_vfn_29_12_56_vfn_0,0.6666666666666666
labeled_linagora_cs_arabize,يحكيوا على ثلاثة,يحكي على ثلاثة,1.1430000066757202,youtube_lRzAACzMYI8_0,0.3333333333333333
labeled_linagora_cs_arabize,خوة قلال لمساكن ما تبوهم ما تأمهم,اخوى قلاله مساكن مات بوهم مات امهم وما,6.888000011444092,youtube_lRzAACzMYI8_1,1.0
labeled_linagora_cs_arabize,وعندم حد واحلين,عندهم حد ولين في,2.984999895095825,youtube_lRzAACzMYI8_2,0.75
labeled_linagora_cs_arabize,عشتهم يدوروا في الأسواق يقضي لهذا,عيشتهم يدوروا في الاسواق يقضي لهذا,5.609000205993652,youtube_lRzAACzMYI8_3,0.3333333333333333
labeled_linagora_cs_arabize,قرب الحاجة لهذا,يقربوا الحاجه لهذا,1.3220000267028809,youtube_lRzAACzMYI8_4,0.6666666666666666
labeled_linagora_cs_arabize,حملو ومرة ياكلو ومرة ما ياكلوش ودا زين,يحملوا ومره ياكلوا ومره ما يكلو ش ودا زين,4.070000171661377,youtube_lRzAACzMYI8_5,0.6666666666666666
labeled_linagora_cs_arabize,رك,لحرك ام,2.444000005722046,youtube_lRzAACzMYI8_6,1.0
labeled_linagora_cs_arabize,طربية والحشمة والجعرة ويقدروا الكبير,التربيه و الحشمه والجعير ويقدروا الكبير,4.2210001945495605,youtube_lRzAACzMYI8_7,0.6666666666666666
labeled_linagora_cs_arabize,صغير ولا من سمع منهم كلمة دونية,و الصغير ولا منسمع منهم كلمه دونيه و كل حد,5.566999912261963,youtube_lRzAACzMYI8_8,0.9
labeled_linagora_cs_arabize,رحم علامن لد,يرحم على من ولده من,1.562000036239624,youtube_lRzAACzMYI8_9,1.0
labeled_linagora_cs_arabize,حتى نهار واحد شايب عندهم في الحومة,ربه حتى نهار واحد شايب عندهم في الحومه,2.431999921798706,youtube_lRzAACzMYI8_10,0.25
labeled_linagora_cs_arabize,لم بربيش قاعدين تعم نتوميا,قال لهم بربي آش قاعدين تعملوا انتم في ه,1.9229999780654907,youtube_lRzAACzMYI8_11,0.8888888888888888
labeled_linagora_cs_arabize,لاد الصغر والشبوبية والقوة,البلاد الصغر وال شبوبيه و القوه وانتم,4.855000019073486,youtube_lRzAACzMYI8_12,0.8571428571428571
labeled_linagora_cs_arabize,قراء تبرا بدلو هالبلاد بأختها,فقراء انت بره بدلوا ها البلاد اختها وملك,5.629000186920166,youtube_lRzAACzMYI8_13,1.0
labeled_linagora_cs_arabize,wesa,الله واسع,0.7210000157356262,youtube_lRzAACzMYI8_14,1.0
labeled_linagora_cs_arabize,اخرجوا من هذ البلاد,وعريض اخرجوا من ها البلاد وشدوا,3.5920000076293945,youtube_lRzAACzMYI8_15,0.5
labeled_linagora_cs_arabize,قالو له تش مش نقاو في ملاد أخر,الثنيه قالوا له تش مش نلقاو في بلاد اخرى,5.043000221252441,youtube_lRzAACzMYI8_16,0.5555555555555556
labeled_linagora_cs_arabize,دخر يا بابا قاللهم أخرجوا توة القاوقدامكم,يا بابا قال لهم اخرجوا توا تلقاو قدامكم,5.105999946594238,youtube_lRzAACzMYI8_17,0.875
labeled_linagora_cs_arabize,ثلاث كنوز انتوم ثلاثة وانتوم أختاره,ثلاثة كنوز انتوما ثلاثة وانتما اختاروا,4.335999965667725,youtube_lRzAACzMYI8_18,0.6666666666666666
labeled_linagora_cs_arabize,سم,واقسموا ه ثلاثة,2.5829999446868896,youtube_lRzAACzMYI8_19,1.0
labeled_linagora_cs_arabize,نوز ثمى منهم اثنين ميدموش,كنوز ثم منهم اثنين ما يدومش,4.783999919891357,youtube_lRzAACzMYI8_20,0.6666666666666666
labeled_linagora_cs_arabize,اد برك,و واحد بركا,0.921999990940094,youtube_lRzAACzMYI8_21,1.0
labeled_linagora_cs_arabize,وانتو ما عدا أعف,الليدو وانتوما عاد اعرفش,3.0,youtube_lRzAACzMYI8_22,1.0
labeled_linagora_cs_arabize,علو استكثرو خيرو وبقعو بخير وشد,تعملوا استكثروا خيره وبقوه بخير وشدوا,7.800000190734863,youtube_lRzAACzMYI8_23,0.8333333333333334
labeled_linagora_cs_arabize,سايرين على الأرض غايرين صاحب,ثنيه سايرين على الارض غايرين صاحب,4.510000228881836,youtube_lRzAACzMYI8_24,0.3333333333333333
labeled_linagora_cs_arabize,تبير يدبر في مشاء وقدر نهار اثنين ثلاثة,التدبير يدبر في مش قدر نهار اثنين ثلاثة,4.698999881744385,youtube_lRzAACzMYI8_25,0.375
labeled_linagora_cs_arabize,عتين مرة يلقاو فلاح يحصد يشدو يحصدو معاه,جمعتين مره يلقاو فلاح يحصد يشد ويحصد معه,6.415999889373779,youtube_lRzAACzMYI8_27,0.625
labeled_linagora_cs_arabize,ثلاثة ولا أربع أيام ومونتهم عليه ويزيد,هك ثلاثة ولا اربع ايام ومتهم عليه ويزيد,3.937999963760376,youtube_lRzAACzMYI8_28,0.5
labeled_linagora_cs_arabize,عطيهم أجرهم وشدو اثنية مرةيصلو,يعطيهم اجرهم ويشدوا ثنيه مره يوصلوا,3.5250000953674316,youtube_lRzAACzMYI8_29,1.0
labeled_linagora_cs_arabize,لاد يبدأوا يحملو ويدبروا ي مونتهم وهما,البلاد يبداوا يحملوا ويدبر متهم وهما,4.855999946594238,youtube_lRzAACzMYI8_30,1.0
labeled_linagora_cs_arabize,اقي زايدين على قدام هذ ثلاث كنوز,باقي زايدين على قدام ها ثلاثة كنوز ما,3.1760001182556152,youtube_lRzAACzMYI8_31,0.5
labeled_linagora_cs_arabize,مش حتى نهار ديحت عليهم الشمس وسخن,لقوهم حتى نهار ديحت عليهم الشمس وسخنت,6.656000137329102,youtube_lRzAACzMYI8_32,0.2857142857142857
labeled_linagora_cs_arabize,قايلا جاوا قعدو تحت سجرة في الظل فترو,القائله جاو قعدوا تحت شجره في الظل فطروا,5.340000152587891,youtube_lRzAACzMYI8_33,0.625
labeled_linagora_cs_arabize,م واحد منهم نكن مش تلما,قام واحد منهم مش طير الماء ولا شن هو ولا,2.805999994277954,youtube_lRzAACzMYI8_35,0.8
labeled_linagora_cs_arabize,هبة القاهاارخامة في القاعة,الغابه القاها رخامه في القاعه وفيها,5.230999946594238,youtube_lRzAACzMYI8_37,0.8333333333333334
labeled_linagora_cs_arabize,قة حت صبعو فيهك الحلقة هذيك وجبد,حلقه حط صبعه في هك الحلقه هذيكة وجبد ما,4.788000106811523,youtube_lRzAACzMYI8_38,0.8888888888888888
labeled_linagora_cs_arabize,امشا فيق أخوتو جاو معاه تعاونو,يهزها مشا فيق اخوته وجاو معاه تعاونوا,3.634000062942505,youtube_lRzAACzMYI8_40,0.7142857142857143
labeled_linagora_cs_arabize,ها يلقو دروش,هزوه يلقوا دروش,3.0460000038146973,youtube_lRzAACzMYI8_42,0.6666666666666666
labeled_linagora_cs_arabize,س دار,وصدار,0.8420000076293945,youtube_lRzAACzMYI8_44,2.0
labeled_linagora_cs_arabize,ربع يوت,واربعه بيوت,0.8009999990463257,youtube_lRzAACzMYI8_45,1.0
labeled_linagora_cs_arabize,ناظرين كل بيت فيها ستيفا سنادق لصقف,متناظرين كل بيت فيها ستيفه صنادق للسقف,4.423999786376953,youtube_lRzAACzMYI8_46,0.5714285714285714
labeled_linagora_cs_arabize,هب ديامنت وجوهر كما يعطينا ويعطيكم من رزق,ذهب وديمون وجوهر ك ما يعطينا ويعطيكم رزق,3.744999885559082,youtube_lRzAACzMYI8_47,0.625
labeled_linagora_cs_arabize,حنال لطيب وما يعطي إلا ربي سبحانه,الحلال الطيب وما يعطي الا ربي سبحانه,3.6050000190734863,youtube_lRzAACzMYI8_48,0.42857142857142855
labeled_linagora_cs_arabize,طلبة في غير,و الطلبه في غير ربي,1.1430000066757202,youtube_lRzAACzMYI8_49,0.6
labeled_linagora_cs_arabize,قالوا هذا يلكنز,فضيحه قالوا هاذا يا الكنز,4.9670000076293945,youtube_lRzAACzMYI8_50,0.8
labeled_linagora_cs_arabize,ول أيا مننصيب باش كون منا هذايا,لول اي منصيب شكون مننا هاذا قال,5.927999973297119,youtube_lRzAACzMYI8_51,1.0
labeled_linagora_cs_arabize,قرعو قام الصغير فيهم,نقرع قام الصغير فيهم,3.5250000953674316,youtube_lRzAACzMYI8_52,0.25
labeled_linagora_cs_arabize,قال قر عنتو موحدكم,قال قرعوا انتم وحدكم انا,3.805000066757202,youtube_lRzAACzMYI8_53,0.8
labeled_linagora_cs_arabize,حشتيش الشاي بقال كنز اللي ما يوفاش,ماحجي الشايب قال كنز الي ما يوفاش و هاذا,7.829999923706055,youtube_lRzAACzMYI8_54,0.6666666666666666
labeled_linagora_cs_arabize,فاش قالو لملا هذا يوفى,ما يوفاش قالوا له مال هاذا يوفى كول,3.8259999752044678,youtube_lRzAACzMYI8_55,0.875
labeled_linagora_cs_arabize,لمغرفة ما يفاش,بالمغرفه ما يوفاش قال,1.9630000591278076,youtube_lRzAACzMYI8_56,0.75
labeled_linagora_cs_arabize,اجبد ما تردج بل,لا اجبد ما تردش بالل,3.1679999828338623,youtube_lRzAACzMYI8_57,0.6
labeled_linagora_cs_arabize,د أيا قالوا هذا قع,تهد قالوا هاذا قاعد,3.0239999294281006,youtube_lRzAACzMYI8_58,1.0
labeled_linagora_cs_arabize,دلل ي قرع وحنا قرعو جات القرعة الكبير,يدلل نقرع احنا قرع جت القرعه الكبير افرح,7.670000076293945,youtube_lRzAACzMYI8_59,1.0
labeled_linagora_cs_arabize,خلخلو دا يدخل من بيتو ويوخرج من بيتو,وتخلخل وبدا يدخل من بيت ويخرج من بيته,2.424999952316284,youtube_lRzAACzMYI8_60,0.625
labeled_linagora_cs_arabize,ي وا ساعد عطهر,ويجري ويساعد و آش عطاه,1.7630000114440918,youtube_lRzAACzMYI8_61,1.0
labeled_linagora_cs_arabize,بقوه بخير شد,ربي بقوه بخير وشدوا,3.384000062942505,youtube_lRzAACzMYI8_62,0.5
labeled_linagora_cs_arabize,تقول أنتي جمعة جمعتين,ثنيه تقول انت جمعه ب جمعتين وهما,5.718999862670898,youtube_lRzAACzMYI8_63,0.7142857142857143
labeled_linagora_cs_arabize,سيرو أنهار عند المغرب وصلو لبلاد,يسيروا نهار عند المغرب وصلوا البلاد لكن,5.689000129699707,youtube_lRzAACzMYI8_64,0.7142857142857143
labeled_linagora_cs_arabize,قاول ببل سكر,القاو بيبان مسكر,1.0720000267028809,youtube_lRzAACzMYI8_65,1.0
labeled_linagora_cs_arabize,الإذارةج ااال توتنحسية قعد,مغرب الاذاعه التونس تح الور وقعدوا وجب,3.8459999561309814,youtube_lRzAACzMYI8_66,1.0
labeled_linagora_cs_arabize,في الصباح فاقه مازال يحل,ورقته في الصباح فاقه ما زالوا يحلوا,4.966000080108643,youtube_lRzAACzMYI8_68,0.5714285714285714
labeled_linagora_cs_arabize,يحكو في عينيهم وبابل بلاد تحل وحس متاع,يحكوا في عينيهم وباب البلاد تحل وحس متاع,5.827000141143799,youtube_lRzAACzMYI8_69,0.375
labeled_linagora_cs_arabize,يل وسلاح والطامة والعامة خرجت فركوات,خيل وسلاح و الطامه والعامه خرجت فركاوا,4.3460001945495605,youtube_lRzAACzMYI8_70,0.7142857142857143
labeled_linagora_cs_arabize,صبايتهم بكسباتهم وزروا أكابر,بصبهم بكسب تهم وزر اكابر,4.2270002365112305,youtube_lRzAACzMYI8_71,1.0
labeled_linagora_cs_arabize,ساكر خافوا همقال,وعساكر خافوا هو قالوش يحبوا عنا هذوما,3.3359999656677246,youtube_lRzAACzMYI8_72,0.8571428571428571
labeled_linagora_cs_arabize,وإذا بيه فريك قدملهم قم,زع واذا به فريك تقدم لهم قال لهم ما,2.38100004196167,youtube_lRzAACzMYI8_73,0.8888888888888888
labeled_linagora_cs_arabize,حفوش أعليكما من الله,تخافوش عليكم امان الله,1.7760000228881836,youtube_lRzAACzMYI8_74,0.75
labeled_linagora_cs_arabize,ما ل ملك امتاعنا ره مات,اما الملك بتاعنا راه مات,2.680000066757202,youtube_lRzAACzMYI8_75,1.0
labeled_linagora_cs_arabize,برح وكرسي الملك موش ممكن باش يقعد فاغر,البارح وكرسي الملك مش ممكن باش يقعد فارغ,4.3520002365112305,youtube_lRzAACzMYI8_76,0.375
labeled_linagora_cs_arabize,حنا في سبر بلادنا كيف يموت الملك,واحنا في سبر بلادنا كيف يموت الملك,2.9679999351501465,youtube_lRzAACzMYI8_77,0.14285714285714285
labeled_linagora_cs_arabize,خرجوا على السباح البرة من البلاد,نخرجوا على السباح البرا من البلاد وقت,2.944000005722046,youtube_lRzAACzMYI8_78,0.42857142857142855
labeled_linagora_cs_arabize,يتحل الباب أول واحد اللي جي داخل,الي يتحل الباب اول واحد الي يجي داخل,3.4649999141693115,youtube_lRzAACzMYI8_79,0.5
labeled_linagora_cs_arabize,هما كان هذاك نحطهم لك,مهما كان هذاكة نحطوه ملك,2.2049999237060547,youtube_lRzAACzMYI8_80,0.8
labeled_linagora_cs_arabize,و شيخ الإسلام واقف ركب علىعل,علينا وشيخ الاسلام واقف راكب على على,7.010000228881836,youtube_lRzAACzMYI8_81,0.8571428571428571
labeled_linagora_cs_arabize,شغلتو هو والشيخ القاضي والمفاتة وجماعت,بغلته هو و الشيخ القاضي والم فاته وجماعه,3.684000015258789,youtube_lRzAACzMYI8_82,0.75
labeled_linagora_cs_arabize,مل الشرعي قالو لكن هذما اثنين,المجلس الشرعي قالوا لكن هذوما اثنين اما,7.188000202178955,youtube_lRzAACzMYI8_83,0.5714285714285714
labeled_linagora_cs_arabize,هو منهم ياللي هو أحق باش يكون ملكة,هو منهم الي هو احق باش يكون ملك,3.063999891281128,youtube_lRzAACzMYI8_84,0.375
labeled_linagora_cs_arabize,قالوا المسألة فيها نظر,علينا قالوا المساله فيها نظر هيا,6.367000102996826,youtube_lRzAACzMYI8_85,0.5
labeled_linagora_cs_arabize,فاوضة ومشاو هاك المشايخ الكل قعد وتحت,مفاوضه ومشاو هك المشايخ الكل قعدوا تحت,4.747000217437744,youtube_lRzAACzMYI8_86,0.5714285714285714
labeled_linagora_cs_arabize,جرة عمل حلقة,شجره عملوا حلقه,1.3830000162124634,youtube_lRzAACzMYI8_87,1.0
labeled_linagora_cs_arabize,بدات المفة,وبدات المف,1.7029999494552612,youtube_lRzAACzMYI8_88,1.0
labeled_linagora_cs_arabize,وهذا يقول صيدي خالد قالوا لخو يقول سيدي خليل,و هاذا يقول سيد خالد قال يقول سيد خليل,3.240000009536743,youtube_lRzAACzMYI8_89,0.6666666666666666
labeled_linagora_cs_arabize,يقول الزمخ شريق,قال خر يقول الزمخشري,1.5429999828338623,youtube_lRzAACzMYI8_90,1.0
labeled_linagora_cs_arabize,قال أن يتفقو في لخر على كون يز,قال يتفق في الاخر على كونه يلزم,4.079999923706055,youtube_lRzAACzMYI8_91,0.7142857142857143
labeled_linagora_cs_arabize,واللي تجي عليه القرعة فالحين ركبوها,قرعه و الي تجي عليه القرعه فحين يركبوه,5.446000099182129,youtube_lRzAACzMYI8_92,0.75
labeled_linagora_cs_arabize,لحصال ويدخل فاتح للبلاد وبالعادة,على الحصان ويدخل فاتح للبلاد وبالعاده,4.432000160217285,youtube_lRzAACzMYI8_93,0.5
labeled_linagora_cs_arabize,ويضرب عليه زز فرض,ويضرب عليه زز الفرض ينص,1.7230000495910645,youtube_lRzAACzMYI8_94,0.4
labeled_linagora_cs_arabize,صبح أيا قالو لهم قرعوا وحتكم بيناتكم,المصباح قالهم قرعوا وحدكم بناتكم احنا ما,6.46999979019165,youtube_lRzAACzMYI8_95,1.0
labeled_linagora_cs_arabize,الثاني قال الخوه الصغيرة يا كيفاش نقرعه,الثاني قال الاخوه الصغيره يا كيفاش نقرع,4.827000141143799,youtube_lRzAACzMYI8_98,0.42857142857142855
labeled_linagora_cs_arabize,قرعو باشل اللي تجي عليه القرعة منا يولي,نقرع باش الي تجي عليه القرعه مننا يولي,5.455999851226807,youtube_lRzAACzMYI8_100,0.625
labeled_linagora_cs_arabize,هو لملك في هذ البلاد ويضرب عليه يضرب,هو الملك في ها البلاد ويضرب عليهي يضرب,3.2850000858306885,youtube_lRzAACzMYI8_101,0.375
labeled_linagora_cs_arabize,سرع وملها مال ورقبة ليه,يسرع وما ليها مال ورقبه ليه قالوا ما في,4.165999889373779,youtube_lRzAACzMYI8_102,0.7777777777777778
labeled_linagora_cs_arabize,قالو وإذا كان قامت حرب بين وبين ملكا,شك قالوا واذا كان قامت حرب بين و بين ملك,5.327000141143799,youtube_lRzAACzMYI8_103,0.6
labeled_linagora_cs_arabize,وهاك الملك لآخر يعمر محلة ويجيه,آخر وهاك الملك الاخر يعمر محله ويجيه,4.328000068664551,youtube_lRzAACzMYI8_104,0.42857142857142855
labeled_linagora_cs_arabize,يهبط هالو جيرو يا جور ويشنقوا في شرافة من س,ويهبط ه له جير و ياجور ويشنق في شرافه من,3.7669999599456787,youtube_lRzAACzMYI8_105,0.9
labeled_linagora_cs_arabize,وللي سلسله هز كركر فيه حتى البلاده,كسور ولا يسلسل ويهز يكركر فيه حتى البلاد,4.895999908447266,youtube_lRzAACzMYI8_107,0.75
labeled_linagora_cs_arabize,ويمكنوا في بقعة البغل يسني عل,اسير ويمكنه في في بقعه البغل يسني على,5.38700008392334,youtube_lRzAACzMYI8_108,0.625
labeled_linagora_cs_arabize,رول ف الطاحونة يرح,البر ولا في الطاحونه يرحي في,2.5280001163482666,youtube_lRzAACzMYI8_109,1.0
labeled_linagora_cs_arabize,بح قالوا لا خرعاد ولد المراغة غالبو,القمح قالوا الاخر عاد ولد المراه غالب,5.13100004196167,youtube_lRzAACzMYI8_110,0.7142857142857143
labeled_linagora_cs_arabize,غلوب وعلى كل حال ما عليه الا يعمل,ومغلوب و على على كل حال ما عليه الا يعمل,3.424999952316284,youtube_lRzAACzMYI8_111,0.4
labeled_linagora_cs_arabize,حلة كبيرة أكبر من الآخر وإسلاح مهم,محله كبيره اكبر من الاخر وسلاح مهم وما,5.341000080108643,youtube_lRzAACzMYI8_112,0.75
labeled_linagora_cs_arabize,د مليح قان ولو كان تقوم عليه الرعية وقو,حد مليح قال ولو كان تقوم عليه الرعيه وقص,5.10699987411499,youtube_lRzAACzMYI8_114,0.4444444444444444
labeled_linagora_cs_arabize,قالو هو لازم,راس قال هو لازم,3.3450000286102295,youtube_lRzAACzMYI8_115,0.5
labeled_linagora_cs_arabize,,بشرط تق عليه,0.656000018119812,youtube_lRzAACzMYI8_116,1.0
labeled_linagora_cs_arabize,قالوا لأنا الوه علية نقبضيق,الرا قالوا انا الو عقب الضيق يا سيد,4.188000202178955,youtube_lRzAACzMYI8_117,0.875
labeled_linagora_cs_arabize,وات الواه هذي بالك ولا ما بالكش ونقعد,حازوا الوا هذ بالك ولا ما بالكش ونقعد,5.506999969482422,youtube_lRzAACzMYI8_118,0.375
labeled_linagora_cs_arabize,عمر الكل وأنا خايف قلب حالإذاعة الوسىة,عمري الكل و انا خايف وقلبي دق وحتى النوم,3.7850000858306885,youtube_lRzAACzMYI8_119,0.7777777777777778
labeled_linagora_cs_arabize,ذاكر الحية انا محاشتيش,مامتع الذاكره الحيه انا ما حاجتي خذها,4.185999870300293,youtube_lRzAACzMYI8_120,0.8571428571428571
labeled_linagora_cs_arabize,نتي كان تحب وصح الخويا ويبخ,انت كان تحب وصح لخويا ويا,3.5450000762939453,youtube_lRzAACzMYI8_121,0.5
labeled_linagora_cs_arabize,خاطرك قال له تيب شوية تيدخل معايا الخرى,بخاطرك قالوا ت ب شويه يدخل معايا الاخره,5.267000198364258,youtube_lRzAACzMYI8_122,0.875
labeled_linagora_cs_arabize,ا في الموقب وسخلكتافي,للبلاد في الموقب وسخن لك تفي واحضر على,4.377999782562256,youtube_lRzAACzMYI8_123,0.75
labeled_linagora_cs_arabize,تنصيب وظيف عندنا في الصرايةقالو,التنصيب وضيف عندنا في الصرايه قالوا ل,2.7760000228881836,youtube_lRzAACzMYI8_124,0.7142857142857143
labeled_linagora_cs_arabize,جاريبه وجليسه وحميله ماحشتيش ما نحبش صح الخويا,شاربه وجلسه وحمله ما حشيش محب صح خويا,4.688000202178955,youtube_lRzAACzMYI8_125,0.875
labeled_linagora_cs_arabize,واس,وحسدك في,0.5609999895095825,youtube_lRzAACzMYI8_126,1.0
labeled_linagora_cs_arabize,وبقى خوه بخير وشدد,النار وبقى اخوه بخير وشد,3.7760000228881836,youtube_lRzAACzMYI8_127,0.6
labeled_linagora_cs_arabize,لخرينا قالو الله يصر من صبح,اثنيا الاخرين قالوا الله ينصر من صباح,5.9679999351501465,youtube_lRzAACzMYI8_128,0.7142857142857143
labeled_linagora_cs_arabize,وتصفى في الموقب والمدفع يرزم وهو مش علم,وتصفى في الموكب والمدفع يرزم وهو مشي على,4.02400016784668,youtube_lRzAACzMYI8_129,0.375
labeled_linagora_cs_arabize,برة ماشي برة ماشي بعد ما تقول إنتي,نفسه بره ماشي بره ماشي بعد ما تقول انت,5.006999969482422,youtube_lRzAACzMYI8_130,0.4444444444444444
labeled_linagora_cs_arabize,صف شهر ولا شهر وصلدا,نصف شهر ولا شهر وصل ل,3.0450000762939453,youtube_lRzAACzMYI8_131,0.5
labeled_linagora_cs_arabize,شرأ ادخل ما عرض حد في الشوارع,دشره ادخل ما عرضه حد في الشوارع متاع,4.8470001220703125,youtube_lRzAACzMYI8_132,0.375
labeled_linagora_cs_arabize,لا راجل لا مرالا,لا راجل لا امراه لا,1.402999997138977,youtube_lRzAACzMYI8_133,0.4
labeled_linagora_cs_arabize,لد دار من هوني الهوني ببان الديار محلولة,ولد دار من هون لهوني بيبان الديار محلوله,7.464000225067139,youtube_lRzAACzMYI8_134,0.625
labeled_linagora_cs_arabize,تخلي الدار منهم بموبيليتها بفروشاتها,تخلل دار منهم بموبيل تها بفرو شاتها,3.305000066757202,youtube_lRzAACzMYI8_135,0.8571428571428571
labeled_linagora_cs_arabize,جي نتها بيت المونى نتاعهاالدا,بكوزين تها ببيت المونه متاعها الدار الي,3.4179999828338623,youtube_lRzAACzMYI8_136,1.0
labeled_linagora_cs_arabize,جنبها كيف كيف لق,في جنبها كيف كيف الاخر,1.2419999837875366,youtube_lRzAACzMYI8_137,0.4
labeled_linagora_cs_arabize,بالمثل خرج البرة مداشرا يلقىها سواني,بالمثل خرج البرا من الدشره يلقاها سواني,4.165999889373779,youtube_lRzAACzMYI8_138,0.5714285714285714
labeled_linagora_cs_arabize,ضار ونوار أشجار الغلة مهندلا فيها لنجاس,خضار ونوار اشجار الغله مهند فيها لانجاس,5.026000022888184,youtube_lRzAACzMYI8_139,0.7142857142857143
labeled_linagora_cs_arabize,دل كيفاش كاوي تفهاح عوينة كرموس طاب,دلدل كيف الشكاوي تفاح عوينه كرموس طاب,4.015999794006348,youtube_lRzAACzMYI8_140,0.7142857142857143
labeled_linagora_cs_arabize,وريحة الإنسبة,وريحه الانس م,1.1619999408721924,youtube_lRzAACzMYI8_142,1.0
labeled_linagora_cs_arabize,ماش ولا زايلة لا تجاجة لا كلبلق,ثماش ولا زايله لا دجاجه لا كلب لا,4.886000156402588,youtube_lRzAACzMYI8_143,0.625
labeled_linagora_cs_arabize,طس حار وحار دليلو اشبيها ه البلاده,قطوس حار وحار دليله آش بها ها البلاد,5.565999984741211,youtube_lRzAACzMYI8_144,0.75
labeled_linagora_cs_arabize,مش مسكونا اشتب مزعم,هكار مش مسكونه اشمه زعما شنوا,4.442999839782715,youtube_lRzAACzMYI8_145,0.8333333333333334
labeled_linagora_cs_arabize,ب أيا قال يا مكتوب العجب,السبب قال يا مكتوب العجب,4.0960001945495605,youtube_lRzAACzMYI8_146,0.4
labeled_linagora_cs_arabize,هذي بلاد فارغة ماوللي حوزهاه,هاذي بلاد فارغه ماللي حوزها هاني جيت,4.9070000648498535,youtube_lRzAACzMYI8_147,0.8571428571428571
labeled_linagora_cs_arabize,,حوزتها وقعد,2.5239999294281006,youtube_lRzAACzMYI8_148,1.0
labeled_linagora_cs_arabize,يمشي لصجر يشبع بالغلة يترسها,فمة يمشي لجر يشبع بالغله يترس,5.2270002365112305,youtube_lRzAACzMYI8_149,0.6666666666666666
labeled_linagora_cs_arabize,ت تخرج من عينيه ويتمد تح شزرة ي,حتى تخرج من عينيه وتمد تحت شجره,4.565999984741211,youtube_lRzAACzMYI8_150,0.7142857142857143
labeled_linagora_cs_arabize,يطيح الليل يدخل الدار منالديائر,يرقد يطيح الليل يدخل لدار من الديار,3.888000011444092,youtube_lRzAACzMYI8_151,0.5714285714285714
labeled_linagora_cs_arabize,لي حتى نهار يشوف في فارس متعدي الغادي بعيد,كليه حتى نهار يشوف في فارس متاع غادي بعيد,7.015999794006348,youtube_lRzAACzMYI8_153,0.3333333333333333
labeled_linagora_cs_arabize,دا يجري ويعيت يا فارس يا فارس حتى وقف,بدا يجري ويعيط يا فارس يا فارس حتى وقف,3.5999999046325684,youtube_lRzAACzMYI8_154,0.2222222222222222
labeled_linagora_cs_arabize,ربي أشبيها ه البلاد فارغة هذي,بربي آش بها ها البلاد فارغه هذ ا قال هذاكة,5.507999897003174,youtube_lRzAACzMYI8_155,0.9
labeled_linagora_cs_arabize,هل بال لمعارفينا هك العام وم لها لم,جهل بال مع فينا العام وماليها لم شل,4.065999984741211,youtube_lRzAACzMYI8_157,0.75
labeled_linagora_cs_arabize,هم ملجاتهم وسلموا فيها ومشاوا عمر,جاتهم ملاقاتهم وسلموا فيها ومشا عمر بلاد,3.1440000534057617,youtube_lRzAACzMYI8_158,0.5714285714285714
labeled_linagora_cs_arabize,قال ملا أنا اللي نورثها حتى يورثه,اخرى قال مال انا الي نورثها حتى يورثها,5.828999996185303,youtube_lRzAACzMYI8_159,0.625
labeled_linagora_cs_arabize,لكن النهار لكل قاعد ومرتاح قلق حبي,لكن النهار الكل قاعد ومرتاح قلق حب,3.8459999561309814,youtube_lRzAACzMYI8_162,0.2857142857142857
labeled_linagora_cs_arabize,خدم المعون,يخدم المعون,2.4240000247955322,youtube_lRzAACzMYI8_163,0.5
labeled_linagora_cs_arabize,وجود اتمكن بطبة بعد جمعة ولا جمعتين يخدم,موجود تمكن بطبه بعد جمعه ولا جمعتين يخدم,5.671999931335449,youtube_lRzAACzMYI8_164,0.5
labeled_linagora_cs_arabize,ها كانت بور نقى منها هكلحشيت,فيها كانت بور نقى منها هك الحشيش,3.5850000381469727,youtube_lRzAACzMYI8_165,0.42857142857142855
labeled_linagora_cs_arabize,نظفها لكن اش مش يزرع,ونظفها لكن آش مش يزرع,3.4260001182556152,youtube_lRzAACzMYI8_166,0.4
labeled_linagora_cs_arabize,قال خلين مش,فيها قال خليني نمشي,3.125,youtube_lRzAACzMYI8_167,0.75
labeled_linagora_cs_arabize,نلقاشي بعض ال,نفركس نلق بعض البلاد,2.944999933242798,youtube_lRzAACzMYI8_168,0.75
labeled_linagora_cs_arabize,شوف شد ثنيا النهار الكل هو يمشي طاحل,نشوف ثنيه النهار الكله هو يمشي طاح,5.400000095367432,youtube_lRzAACzMYI8_170,0.7142857142857143
labeled_linagora_cs_arabize,ليل عليه بات في الخلا من غدويكما,الليله عليه بات في الخلا من غد ويك ما,3.9660000801086426,youtube_lRzAACzMYI8_171,0.4444444444444444
labeled_linagora_cs_arabize,ي الظهر والعاصر عليه,بين الظهر والعصر عليه و على,1.9630000591278076,youtube_lRzAACzMYI8_172,0.6666666666666666
labeled_linagora_cs_arabize,تخللهك البلاد,بلاد تخلل هك البلاد ما عندوش,4.947000026702881,youtube_lRzAACzMYI8_173,0.8333333333333334
labeled_linagora_cs_arabize,شي يشلي الزريعة اللي حاجته بيها تخلس,باش يشري الزريعه الي حاجته بها اخل,4.927000045776367,youtube_lRzAACzMYI8_174,0.8571428571428571
labeled_linagora_cs_arabize,سوقا الحمال وبداي حمل هذا يعطيه ربع,السوق الحمال وبدا يحمل هاذا يعطيه ربع,4.697999954223633,youtube_lRzAACzMYI8_175,0.5714285714285714
labeled_linagora_cs_arabize,وهذا يعطيه نصف ريال حتى لم سويردا,ريال و هاذا يعطيه نصف ريال حتى لمص وردات,3.0,youtube_lRzAACzMYI8_176,0.5555555555555556
labeled_linagora_cs_arabize,وشران زريعة لفتو صفاناريا وبصلو ثوم وتماطمو,وشراز زريعه لفت وفنار وبصل وثوم وطماطم,3.825000047683716,youtube_lRzAACzMYI8_177,1.0
labeled_linagora_cs_arabize,فل وزاد شرا جاجة وشراء سدوك وروح بيهم,وفلفل وزاد شرا دجاجه وشرا سردوك وروح بهم,4.736000061035156,youtube_lRzAACzMYI8_178,0.625
labeled_linagora_cs_arabize,زراعة وحت هاكد جاجة والسردوك وبدات,ازرع وحط هاك الدجاجه وال سردوك وبدات,3.4059998989105225,youtube_lRzAACzMYI8_179,0.8571428571428571
labeled_linagora_cs_arabize,k,تبيض كركت,2.7279999256134033,youtube_lRzAACzMYI8_181,1.0
labeled_linagora_cs_arabize,شقدها فقسو الفلالس كبرو ولا و اعتاتقو فرارج,رقدها فقص ال فلالس كبروا ولا اطق فرج ولا,7.1479997634887695,youtube_lRzAACzMYI8_182,0.8888888888888888
labeled_linagora_cs_arabize,رادك ولا وجاج حضرت الخضرة طابط ولا يهبط,سرادك ولا دجاج حضر الخضره طابت ولا يهبط,4.984000205993652,youtube_lRzAACzMYI8_183,0.625
labeled_linagora_cs_arabize,بلاد يبيع,للبلاد ويبيع,0.7839999794960022,youtube_lRzAACzMYI8_184,1.0
labeled_linagora_cs_arabize,شرا نعيشة شرا بجرة شرا,شرا نعيش شرا بقره شرا,3.177000045776367,youtube_lRzAACzMYI8_185,0.4
labeled_linagora_cs_arabize,يm,بهيم اففت,2.4079999923706055,youtube_lRzAACzMYI8_186,1.0
labeled_linagora_cs_arabize,ل ولا مخالطهك البلاد,احواله ولا مخالط هك البلاد الاذاعه في,5.486999988555908,youtube_lRzAACzMYI8_187,0.7142857142857143
labeled_linagora_cs_arabize,وفيالغلةكر العظم الجاش العلوش,الخضره و في الغله العظم الجاج العلوش,3.7249999046325684,youtube_lRzAACzMYI8_188,0.7142857142857143
labeled_linagora_cs_arabize,زبدة عملل معارف حرف هوات ولا,الزبده عمل معارف حرف هوات ولا,3.0840001106262207,youtube_lRzAACzMYI8_189,0.3333333333333333
labeled_linagora_cs_arabize,مروف آي خطب اخذاء,معروف خطب اخذا وهز,5.423999786376953,youtube_lRzAACzMYI8_190,1.0
labeled_linagora_cs_arabize,طلاع عليها شهر صحيح ما نطولوش النازلة جابتو,مرته طلع عليها شهر صحيح ماط نازله جابت,5.406000137329102,youtube_lRzAACzMYI8_191,0.75
labeled_linagora_cs_arabize,وهو يخدم ومرتو وتخدم ولا صاحب,ل وهو يخدم ومرته تخدم ولا صاحب,3.9760000705718994,youtube_lRzAACzMYI8_192,0.42857142857142855
labeled_linagora_cs_arabize,و ولا بالخدام وبالخماسة,ثروه ولا بالخدام وبخمسه وبال,5.446000099182129,youtube_lRzAACzMYI8_193,0.6
labeled_linagora_cs_arabize,حراثة صاحب سواني وهناشر والغلل والخذاري,الحراثه صاحب سواني وناشر والغل و الخضار,6.188000202178955,youtube_lRzAACzMYI8_194,0.7142857142857143
labeled_linagora_cs_arabize,الكرارة كل يوم يهبط لهك البلاد وجلبت,بالكرار كل يوم يهبط لك البلاد وجلبت,4.105999946594238,youtube_lRzAACzMYI8_195,0.2857142857142857
labeled_linagora_cs_arabize,غنم وحدها وجلبتتبقرو,الغنم وحدها وجلبه البقر,1.7230000495910645,youtube_lRzAACzMYI8_196,0.75
labeled_linagora_cs_arabize,حدها اكبر اللي وليد ولا رويجل ولا يخدم ع,وحدها كبر الولد ولا رويجل ولا يخدم مع,5.269999980926514,youtube_lRzAACzMYI8_197,0.625
labeled_linagora_cs_arabize,بشوية بشوية حتى ولا كل شيء في يدو,ابوه بشويه بشويه حتى ولا كل شيء في يده,5.788000106811523,youtube_lRzAACzMYI8_198,0.4444444444444444
labeled_linagora_cs_arabize,ولا هو الفاتق الناتق ولا هو اللي يبيعو هو,ولا هو الفات الناطق ولا هو الي يبيع وهو,4.025000095367432,youtube_lRzAACzMYI8_199,0.5555555555555556
labeled_linagora_cs_arabize,يشري وهك الرجل اكبر عظام,الي يشري وهك الراجل كبر عظامه,4.02400016784668,youtube_lRzAACzMYI8_200,0.6666666666666666
labeled_linagora_cs_arabize,قلت حتى قال لولدو يا بابا تو نترت,ثقلت حتى قال ولد يا بابا توا انت ارتاح,4.447000026702881,youtube_lRzAACzMYI8_201,0.5555555555555556
labeled_linagora_cs_arabize,لوقال الشيب هذا هو الكنز الم,عليك وقال الشايب هاذا هو الكنز الي ما,6.488999843597412,youtube_lRzAACzMYI8_203,0.75
labeled_linagora_cs_arabize,,يوفاش الارض,1.9279999732971191,youtube_lRzAACzMYI8_204,1.0
labeled_linagora_cs_arabize,جنز دايم عمر ميوفة,كنز دايم عمره ما يوفى وما,2.562999963760376,youtube_lRzAACzMYI8_205,0.8333333333333334
labeled_linagora_cs_arabize,وكذل,يفنى وكذلك الي,3.805000066757202,youtube_lRzAACzMYI8_206,1.0
labeled_linagora_cs_arabize,لد لكن هوني مش كل,ولد لكن هون مش كله ولد,4.039999961853027,youtube_lRzAACzMYI8_207,0.6666666666666666
labeled_linagora_cs_arabize,نز ثم الصالح,كنز ثم الصالح وثم,3.125,youtube_lRzAACzMYI8_208,0.5
labeled_linagora_cs_arabize,لح لرض كنز ما يفاش هذي ما فيها,الطالح الارض كنز ما يوفاش هاذي ما فيها,4.668000221252441,youtube_lRzAACzMYI8_209,0.5
labeled_linagora_cs_arabize,عمرها ما تخلي بيك عمرها ما تكذب,كلام عمرها ما تخلي بيك عمرها ما تكذب,5.646999835968018,youtube_lRzAACzMYI8_211,0.125
labeled_linagora_cs_arabize,ليك ديما تلقاها اخدمبرك تعطي,عليك ديما تلقاها اخدم بركا تعطيك,3.696000099182129,youtube_lRzAACzMYI8_212,0.6666666666666666
labeled_linagora_cs_arabize,لأولاد فيهم,ام الاولاد فيهم,1.0820000171661377,youtube_lRzAACzMYI8_213,0.6666666666666666
labeled_linagora_cs_arabize,علهم وربي يصلح حال ذرية ويحننهم,وعليهم وربي يصلح حال الذريه ويحنن على,6.067999839782715,youtube_lRzAACzMYI8_214,0.5714285714285714
labeled_linagora_cs_arabize,عضهم وعلى والديهم وأعوذ بالله من عقو,بعضهم و على و الديهم واعوذ بالله من عقوق,3.752000093460083,youtube_lRzAACzMYI8_215,0.7777777777777778
labeled_linagora_cs_arabize,,الوالدين,0.6629999876022339,youtube_lRzAACzMYI8_216,1.0
labeled_linagora_cs_arabize,الخير معك خطوط طيران ونايتد,صباح الخير معاك خطوط طيران يونايتد,1.9119999408721924,TunSwitchTO_0000015_0000000_0000012_b0000007q_15_00_12_b7q_0,0.5
labeled_linagora_cs_arabize,nosoer,نسور,1.2640000581741333,nousour_31892_0,1.0
labeled_linagora_cs_arabize,ما إما يجي عن طريق الأمطار,الماء اما يجي عن طريق الامطار ولا عن,3.365000009536743,youtube_FZpU5XIeIjU_0,0.625
labeled_linagora_cs_arabize,العيول وليس أشهر من حناية قرا,طريق العيون وليس اشهر من حنايه كرتاج في,7.329999923706055,youtube_FZpU5XIeIjU_1,0.75
labeled_linagora_cs_arabize,هد الرومان الحناية,العهد الروماني الحنايه وقتاش تعملت,2.944999933242798,youtube_FZpU5XIeIjU_2,1.0
labeled_linagora_cs_arabize,تعملت في أواسط القر,الحنايه هذيكة تعملت في اواسط القرن,3.0859999656677246,youtube_FZpU5XIeIjU_3,0.6666666666666666
labeled_linagora_cs_arabize,ني,الثاني,0.5609999895095825,youtube_FZpU5XIeIjU_4,1.0
labeled_linagora_cs_arabize,حن تجيب الماء من زغوان,ميلادي حنايه تجيب الماء من زغوان و من,3.946000099182129,youtube_FZpU5XIeIjU_5,0.5
labeled_linagora_cs_arabize,توصلها حتى الكرتاج فقط متغذي,جوجار توصلها حتى الرتاج فقط يعني ما تغذي,5.428999900817871,youtube_FZpU5XIeIjU_6,0.625
labeled_linagora_cs_arabize,حتى مدينة أخرى إلا وهي منياه عمومية,لاغ حتى مدينه اخرى الا و هيا مياه عموميه,3.1059999465942383,youtube_FZpU5XIeIjU_7,0.8888888888888888
labeled_linagora_cs_arabize,التعريف  ك نياه عمومية,بالتعريف بار اكسونس مياه عموميه مياه,3.0260000228881836,youtube_FZpU5XIeIjU_8,1.0
labeled_linagora_cs_arabize,مهذي علاش تجعل حنايا كرتاج,عموميه هاذي علاش تشعل حنايا كارتاج تجعل,3.747999906539917,youtube_FZpU5XIeIjU_9,0.7142857142857143
labeled_linagora_cs_arabize,ش غذي حمامات,باش يغذي حمامات,1.784000039100647,youtube_FZpU5XIeIjU_10,0.6666666666666666
labeled_linagora_cs_arabize,ونينوس الحمامات العملاقة لترم د,انطونيوس الحمامات العملاقه لي تيرم دوننا,3.806999921798706,youtube_FZpU5XIeIjU_11,0.8333333333333334
labeled_linagora_cs_arabize,فها نقناة قرطاجقناة,يغذيها احنا يعني قناه قرطاج او قناه,5.567999839782715,youtube_FZpU5XIeIjU_13,1.0
labeled_linagora_cs_arabize,وان قرطاج أو قناة جغار زغوان قرطاش,زغوان قرطاج او قناه جوجار زغوان قرطاج,3.684000015258789,youtube_FZpU5XIeIjU_14,0.7142857142857143
labeled_linagora_cs_arabize,نقول القناة هذي,انا ديما نقول القناه هذ هو,2.124000072479248,youtube_FZpU5XIeIjU_15,0.8333333333333334
labeled_linagora_cs_arabize,تسرق منا أحلامنا وطموحاتنا,تسرق منا احلامنا و طموحاتنا,2.0,0000023_0000021_23_21_0,0.6
labeled_linagora_cs_arabize,إلى اللقاء,الى اللقاء,0.9279999732971191,ar--1051_1.wav_1051_1_0,0.5
labeled_linagora_cs_arabize,دكتر هيشم معوينا ضيفنا اليوم استاذ بكلية الطبي تونس اختصاصي في الأمراض الصدرية شال نيكول ونائب رئيس الجمعية التونسية,آه دكتور هشام عوينة ضيفنا اليوم استاذ بكلية الطب بتونس اختصاصي في الامراض الصدرية شارنيكول ونائب رئيس جمعية التونسية,7.455999851226807,amenyKH_0000006_0000006_0002012_partie0000003_chunk_0000021_06_06_2012_partie3_chunk_21_0,0.5263157894736842
labeled_linagora_cs_arabize,ياعمل,يعمل,0.8399999737739563,ar--1325_0.75.wav_1325_0.75_0,1.0
labeled_linagora_cs_arabize,ونه الطريق لالطيبو بها صاخنو الذات متاعنا بالباهي ونقلو فيه تاب الكروية والثوق بعد نقليو الملوخية متاعنا ونمرقو بالميسخو نحركوها,منين و اناهي الطريقه الي طيبو بها نسخنوا الزيت متعنا بالباهي و نقليو فيه التابل و الكرويه و الثوم من بعد نقليو الملوخيه متعنا و نمرقو بالماء السخون نحركوها و,8.255999565124512,segment_0000967_segment_967_0,0.8
labeled_linagora_cs_arabize,السلام عليكم لاه سمحوني ياخي شكون المسؤول عن هاالتسيب اللي تتحدثو عنو أنا عن,السلام عليكم بالله سامحوني ياخي آشكون المسؤول عن ها التسيب الي تتحدثوا عنه انا عن,7.5279998779296875,TunSwitchTO_0000037_0000018_0000057_0000009do_37_18_57_9do_0,0.6
labeled_linagora_cs_arabize,المال بعدني,الماء المعدني,1.5759999752044678,ar--1660_0.75.wav_1660_0.75_0,1.0
labeled_linagora_cs_arabize,خرج قال لك السيد الناطق الرسمي يمتاعه اعتصام الكمور اللي منصب روحا,خرج قاللك السيد نطق الرسمي متاع اعتصام الكامور الي منصب روحه,4.656000137329102,amenyKH_tataouine__for_acoustic_analysis_Sync0000463_no_speaker_0001448.0000092_0001453.0000056_tataouine__for_acoustic_analysis_Sync463_no_speaker_1448.92_1453.56_0,0.6363636363636364
labeled_linagora_cs_arabize,رزش هرقنا فرحاق الفرتن وسيحينا بعد ما,راس الشهر قلنا في الحلقة الفارطة انو سي وخينا من بعد ما,3.368000030517578,TunSwitchTO_0000020_0000011_0000056_x0000001k_20_11_56_x1k_0,0.8333333333333334
labeled_linagora_cs_arabize,الحساسية,الحساسية,1.0080000162124634,ar--2207_1.25.wav_2207_1.25_0,0.0
labeled_linagora_cs_arabize,هما بيدو ماكانوش في رفاهيه قبل معناها وأمورهم واضحه وكل,هوما بيدهم ما كانوش في رفاهية قبل و معناها و امورهم واضحة و كل,6.199999809265137,0000051_0000068_0000001_51_68_1_0,0.7857142857142857
labeled_linagora_cs_arabize,في البد  م صحاب وك قلت واجهة وكريم الغربي,لطفي العبدلي ماهو صحاب انا وياك توكي قلت وجيهه وكريم الغربي نفهمك,4.863999843597412,youtube_En78_NjVBME_0,0.6666666666666666
labeled_linagora_cs_arabize,عملو يرني وناجحين ميالو لسقت بالكولر خاطر ميالو عمل و تجاربمنهم تجربة ان معاه وفشل فشل ذريع,عمل دي تورني و ناجحين ميقالو لصقتو بالكلفور خاطر ميقالو عمل زوز تجارب منهم تجربه منهم تجربه انا معه وفشلت فشل ذريع,10.239999771118164,youtube_En78_NjVBME_1,0.8181818181818182
labeled_linagora_cs_arabize,بسبب عدم ي  حقكش لسق ميال  معدش موضوعي لطفي وانت معروف بالموضوعي,بسبب عدم عدم حد شيء آش علينا دونك ما حقكش لصقت ميقالو لانك هنا وليت معادش موضوعي لطفي و انت معروف بالموضوعيه,11.04800033569336,youtube_En78_NjVBME_2,0.7272727272727273
labeled_linagora_cs_arabize,وتراه الطف يجوبني شنو م خليك تقول ميقالو مثلا وعلاش ما حطيتش لمين نهدي اللي هو حب بني,وتراه لطفي جاوبني شنوو معناتها خليك تقول ميقالو مثلا و علاش ما حطيتش لمين النهدي الي هو حب بنيه ايه,6.751999855041504,youtube_En78_NjVBME_3,0.5
labeled_linagora_cs_arabize,et er mometr,الترموماتر,1.4639999866485596,ar--2196_0.75.wav_2196_0.75_0,3.0
labeled_linagora_cs_arabize,فات علاش تو العباد رجال ولا نسا م عادش يحبو يعرسو فو سفوير ديجا الي ن أوروب تروي كارت د تمب,ان فات علاش توا لعباد رجال و الا نساء ما عاد ش يحبوا يعرسوا يل فو سافوار ديجا الي ان اوروب تروا كار دو تون,10.503999710083008,0000039_0000049_0000000_39_49_0_0,0.76
labeled_linagora_cs_arabize,فلts,ثلطاش,0.6639999747276306,ar--1131_1.25.wav_1131_1.25_0,1.0
labeled_linagora_cs_arabize,يا فحمي,يفرح ب,0.6320000290870667,ar--1518_1.5.wav_1518_1.5_0,1.0
labeled_linagora_cs_arabize,أكيد قلت ملك هو,هكاية قلت م كهو,1.5520000457763672,amenyKH_0000008_chunk_0000570_008_chunk_570_0,0.75
labeled_linagora_cs_arabize,غolи mشaka,غالي مش هكة,1.7999999523162842,TunSwitchTO_0000021_0000023_0000003_vh0000007_21_23_03_vh7_0,1.0
labeled_linagora_cs_arabize,عبدالله فرحان غريب باش يمشي يطولع لاخوه,عبد الله فرحان قريب باش يمشي يطل على خوه,5.624000072479248,ar--3301_0.75.wav_3301_0.75_0,0.6666666666666666
labeled_linagora_cs_arabize,haفي sوnي aقيذ شكرا,هاو فيسع و من غير تعقيد شكرا,2.4000000953674316,ar--3646_1.25.wav_3646_1.25_0,0.8571428571428571
labeled_linagora_cs_arabize,وهذيا انا عندي هذيا مشكلشي مع الطقطوعية وهذيا زاد على كريتيك دكولونيال نتاع الطقطوعية تقلك انتي ن فايت ماتراش,و هاذايا انا عندي هاذايا مشكلتي مع التقاطعية و هاذايا زادة لا كريتيك ديكولونيال متاع التقاطعية تقلك انت ان في ما تراش,6.880000114440918,0000050_0000169_0000001_50_169_1_0,0.7727272727272727
labeled_linagora_cs_arabize,يحاول,يحاول,0.8560000061988831,ar--2129_1.wav_2129_1_0,0.0
labeled_linagora_cs_arabize,alqobros,القبرص,1.25600004196167,Al_9obross_31466_0,1.0
labeled_linagora_cs_arabize,من بعد نها لمشيت تخدم وانا كمال دكتورا تا نحكيو عليها زادا المرحلة ذيا,مي بعد نهال مشات تخدم و انا كملت دوكتورا توا نحكيو عليها زادة المرحلة هاذيا,4.191999912261963,0000027_0000015_0000002_27_15_2_0,0.6666666666666666
labeled_linagora_cs_arabize,lanement juridiq ait en debr,لانسمون جوريديك سيتاي ان ديسمبر دو ميل ديسسبت و,2.8480000495910645,0000026_0000015_0000000_26_15_0_0,1.0
labeled_linagora_cs_arabize,wecom ba o م لاخر,ملخر هاي افريون ويلكوم باك تو,7.631999969482422,0000076_0000000_0000000_76_0_0_0,1.0
labeled_linagora_cs_arabize,أي نحبو لكيونت متاعنا يعاونونا في الرسكلا,اي نحبو لكليونات متاعنا يعاونونا في الرسكلة,5.015999794006348,ar--3182_1.25.wav_3182_1.25_0,0.42857142857142855
labeled_linagora_cs_arabize,ع ابشا والكل وتع حلو وفي العيد تاع لدهك ناخدو كان نهاري ف,متاع لبسة والكل ومتاع حلو و في العيد متاع ال الدهك ناخذوا كان نهارين فسروا لي,5.248000144958496,amenyKH_0000004_chunk_0000042_004_chunk_42_0,0.75
labeled_linagora_cs_arabize,الناس حشفهم بالرياضة يشبعد صحاح ويحسوا الاح نعشتي,الناس حاجتهم بالرياضة باش يقعدو صحاح و حسو رواحهم ناشطين,3.3919999599456787,ar--3166_1.25.wav_3166_1.25_0,0.7
labeled_linagora_cs_arabize,انتي كوتش سبورتيف مثلا كوتش سبورتيف باش نجم نعيش وباش نجم نكون ممثل ملاروزموم هذا الكل يخليني أنا نقول مرتاح شوية,انت انت كوتش سبورتي مثلا كوتش سبورتي باش نجم نعيش و باش نجم نكون ممثل مالوروزمون هاذا الكل يخليني انا نقول مرتاح شوي,11.095999717712402,0000043_0000054_0000000_43_54_0_0,0.43478260869565216
labeled_linagora_cs_arabize,عمل الحاجة الفننا  لسحق,عمل الحاجة الثانية تقولي لا ما لا ما نستحقش,2.135999917984009,amenyKH_Hkayet_Tounsia_S0000001_Episode_0000004_0000019_0000012_0002016_Partie_0000002_Sync0000156_no_speaker_0001856.0000066_0001858.0000084_Hkayet_Tounsia_S01_Episode_04_19_12_2016_Partie_02_Sync156_no_speaker_1856.66_1858.84_0,0.7777777777777778
labeled_linagora_cs_arabize,وقويه معنتها دخ معنتها واحد مش تحطى للرابطه وبالمناسبه هذي ننشكر زاذا مدام مع الدكتور شيبوب للي في الرابطه قسم الرابطه,وقوية معناتها ودخت معناتها و واحد مشيت حتى لرابطة و بالمناسبة هاذيا نكثر نشكر زادة مدام آه د ا مع الدكتورة ش شيبوب الي في الرابطة قسم الرابطة,10.055999755859375,amenyKH_0000006_0000006_0002012_partie0000001_0000003_chunk_0000192_06_06_2012_partie1_3_chunk_192_0,0.7857142857142857
labeled_linagora_cs_arabize,كش,كشك الجرايد,0.7680000066757202,ar--1892_1.25.wav_1892_1.25_0,1.0
labeled_linagora_cs_arabize,م,اي تايك ماي درايفينق سكيلز زادة تو ذي نكست ليفل الي يعرفني يعرف الي ايم ا تيريبل درايفر ايم تيريبل,10.192000389099121,Melekher0000012_0000131_0000001_Melekher12_131_1_0,1.0
labeled_linagora_cs_arabize,تتصور واحد مثلا بش دخل على اصلاح التعليم,آه تتصور واحد مثلا باش يدخل على اصلاح التعليم,2.3359999656677246,amenyKH_0000002_chunk_0000080_002_chunk_80_0,0.3333333333333333
labeled_linagora_cs_arabize,إيليا,يبيع,0.6159999966621399,ar--1522_1.25.wav_1522_1.25_0,1.0
labeled_linagora_cs_arabize,في الشوكة,في الشوكة,0.6399999856948853,ar--1307_1.wav_1307_1_0,0.0
labeled_linagora_cs_arabize,اطاب,الطابق,0.6079999804496765,ar--1763_1.25.wav_1763_1.25_0,1.0
labeled_linagora_cs_arabize,سوناو مادا ما فميش يبسيكولوق فيالليسا نحب,سو ناو مادام ما فماش دي بسيكولوغ فال ليسي نحب,3.2720000743865967,0000072_0000100_0000001_72_100_1_0,0.8
labeled_linagora_cs_arabize,كان بطرس واحد م تلامذا متاع يسوع اللي آمنوا بيه وكانوا ديما معاه وقت اللي يسوع مات وقامو ترفع لسماء وولا بطرس يدورو ويحكي على يسوع,كان بطرس واحد من التلامذة متاع يسوع الي آمنو بيه و كانو ديما معاه وقت الي يسوع مات و قام و ترفع للسماء و ولا بطرس يدور و يحكي على يسوع,11.784000396728516,35_Cornelius_OneStory_AEB_0,0.5161290322580645
labeled_linagora_cs_arabize,وكان فما راجل اسمو كورنيليوس ما كانش من اليهود اللي كانو يتسماو شعب ربي لكن كان رجل صالح هو وعايلتو وكانو يعاونو الناس ولنهار من نهارات شاف رؤيا جاه ملاكو قالو,و كان فمة راجل اسم كرنيليوس ما كانش من اليهود الي كانو يتسماو شعب ربي لكن كان راجل صالح هو و عايلته و كانو يعاونو الناس و نهار من نهارات شاف رؤيا جاه ملاك و قالوا,14.831999778747559,35_Cornelius_OneStory_AEB_1,0.4444444444444444
labeled_linagora_cs_arabize,رب يسمع صلواتك أبعث شكون يجيب لك رجل اسم بطرس من مدينة يافا,ربي سمع صلواتك ابعث اشكون يجيبلك راجل اسمه بطرس من مدينة يافا,5.343999862670898,35_Cornelius_OneStory_AEB_2,0.6666666666666666
labeled_linagora_cs_arabize,بعث كورنيليوس ثلاثة من رجاله وفسرلهم كل شيء وهما مشاو وكقريب يوصلوا لمدينة يافا يعني مدينة في فلسطين كان بطرس قعد في دار واحد,بعث كرنيليوس ثلاثة من رجالو و فسرلهم كل شيء و هما مشاو و كي قريب يوصلو لمدينة يافا يعني مدينة في فلسطين كان بطرس قاعد في دار واحد و جيعان,12.736000061035156,35_Cornelius_OneStory_AEB_3,0.43333333333333335
labeled_linagora_cs_arabize,وجيعان وكان فما شكون يحضر في ماكلا أما هو طلع لصطح باش يصلي وهكا شاف رؤيا كاينو ملحفة هذا مسماه مشدودة من اطرافها الربعة,و كان فمة شكون يحضر في ماكلة اما هو طلع للسطح باش يصلي و هكة شاف رؤيا كايني ملحفة هابطة من السماء مشدودة من اطرافها الاربعة,11.831999778747559,35_Cornelius_OneStory_AEB_4,0.5
labeled_linagora_cs_arabize,ومليانا بالحيوانات الطاهرة والمنجوسة,و مليانة بالحياوانات الطاهرة و المنجوسة,2.880000114440918,35_Cornelius_OneStory_AEB_5,0.8333333333333334
labeled_linagora_cs_arabize,واسمع صوتي قله يا بطرس قوم اذبح كول وبطرس يجاوب لا يا ربي أنا عمري ماكلية ماكلة منجوسة وربي يجاوبه اللي تهرو ربي ماتنجسوش انتي,و سمع صوت يقلو يا بطرس قوم اذبح و كول و بطرس يجاوب لا يا ربي انا عمري ما كليت ماكلة منجوسة و ربي جاوب الي يطهر ربي ما تنجسوش انت,14.815999984741211,35_Cornelius_OneStory_AEB_6,0.5806451612903226
labeled_linagora_cs_arabize,وتعاود الصوت فثلاثة مرات وقعد بطرسيخمم زعم شنيةهاالرؤية اللي شفتها,و تعاود الصوت ثلاثة مرات و قعد بطرس يخمم زعمى شنيا ها الرؤيا الي شفتها,5.809999942779541,35_Cornelius_OneStory_AEB_7,0.8
labeled_linagora_cs_arabize,وبعد ما وصلو رجال الكورنيليوس وسألوا على بطرس ارجعوا روح ربي البطرس مرة اخرى وقالو هرجال انا بعفتهم امشي معاهم وماتخافش من حتى شي,و بعد ما وصلو رجال كرنيليوس و سؤلو على بطرس رجع روح ربي لبطرس مرة اخرى و قالوا ها الرجال انا بعثتهم امشي معاهم و ما تخافش من حتى شيء,12.583999633789062,35_Cornelius_OneStory_AEB_8,0.5333333333333333
labeled_linagora_cs_arabize,يا خيمشا بطرس مع الرجال وكيوصله القاو اللي كورنيليوس استدعى أهله وأصحابه وكانت الناس الكل تستنى فيه,ياخي مشى بطرس مع الرجال و كي وصلو لقاو الي كرنيليوس استدعى اهلو و اصحابو و كانت الناس الكل تستنى فيه,8.472000122070312,35_Cornelius_OneStory_AEB_9,0.6190476190476191
labeled_linagora_cs_arabize,قالهم بطرس احنا اليهوت م نخالطوش الناس اللي مهمش منا وما ندخلوش لديارها اما توى ربي وراني اللي الناس الكل عندو كيف كيف وهذاك علاش انا جيت,قالهم بطرس احنا اليهود ما نخالطوش الناس الي ما هم ش منا و ما ندخلوش لديارهم اما توا ربي وراني الي الناس الكل عنده كيف كيف و هذاكة علاش انا جيت,12.807999610900879,35_Cornelius_OneStory_AEB_10,0.45161290322580644
labeled_linagora_cs_arabize,قالو كرنيليوس احنا الكل توا في محظر ربي ونحبو نسمعو كل شي اللي امرك بيه ربي,قالوا كرنيليوس احنا الكل توا في محضر ربي و نحبو نسمعو كل شيء الي آمرك بيه ربي,6.696000099182129,35_Cornelius_OneStory_AEB_11,0.4117647058823529
labeled_linagora_cs_arabize,قالهم بطرس توى فهمت اللي ربي يقبل الناس والشعوب الكل اللي يمنو بيه ويطيعوه من غير ما يفرق مبيناتهم وفسرلهم كيفاس جا يسوع للعالم ومات وقام,قالهم بطرس توا فهمت الي ربي يقبل الناس و الشعوب الكل الي يؤمنو بيه و يطيعوه من غير ما يفرق ما بيناتهم و فسرلهم كيفاش جى يسوع للعالم و مات و قام,13.751999855041504,35_Cornelius_OneStory_AEB_12,0.5625
labeled_linagora_cs_arabize,وكل واحد يمن بيه تغفر ذنوبه والكل,و كل واحد يمن بيه تغفر ذنوبو الكل,2.808000087738037,35_Cornelius_OneStory_AEB_13,0.5
labeled_linagora_cs_arabize,وكي بطرس قعد يفسر على الامور الروحية الكل هبط عليهم منروح القدص وبداو يسبحو ويمجدو في ربي يا خي بطرس قال هجماع اللي هبط عليهم من روح القدص كيفنا,و كي بطرس قعاد يفسرلهم على الامور الروحية الكل هبط عليهم الروح القدس و بداو يسبحو و يمجدو في ربي ياخي بطرس قال ها الجماعة الي هبط عليهم الروح القدس كيفنا,12.53600025177002,35_Cornelius_OneStory_AEB_14,0.5806451612903226
labeled_linagora_cs_arabize,وهوما موش من اليهوت شكوني نجم يقول اللي ما عندهمش الحق باش يتعمدو بالماء وزادا قال بطرس عمدوهم بالماء باسم يسوع المسيح,و هم مش من اليهود شكون ينجم يقول الي ما عندهمش الحق باش يتعمدو بالماء و زادة قال بطرس عمدوهم بالماء باسم يسوع المسيح,10.616000175476074,35_Cornelius_OneStory_AEB_15,0.375
labeled_linagora_cs_arabize,ومن بعد طلبت الجماعة من بطرس باش يزيد يقعد معاهم أيامات آخرين,و من بعد طلبت الجماعة من بطرس باش يزيد يقعد معاهم ايامات اخرين,5.015999794006348,35_Cornelius_OneStory_AEB_16,0.3076923076923077
labeled_linagora_cs_arabize,المخيف,المكيف,1.1039999723434448,ar--1739_0.75.wav_1739_0.75_0,1.0
labeled_linagora_cs_arabize,يأثر,ياثر,0.6639999747276306,ar--1749_1.wav_1749_1_0,1.0
labeled_linagora_cs_arabize,الكاد,الكارطة,0.6240000128746033,ar--1359_1.25.wav_1359_1.25_0,1.0
labeled_linagora_cs_arabize,akahaw,اكهو,1.055999994277954,akahow_26800_0,1.0
labeled_linagora_cs_arabize,الحساسية,الحساسية,1.7120000123977661,ar--2207_0.75.wav_2207_0.75_0,0.0
labeled_linagora_cs_arabize,بجها رب يز م الحكايات الفرغة ومن اللغة اللي كل مرة تحكيو بها ت,بجاه ربي يزي من الحكايات الفارغة و من اللغة الي كل مرة تحكيو بيها تي,4.455999851226807,TunSwitchTO_0000020_0000020_0000036_x0000004l_20_20_36_x4l_0,0.6666666666666666
labeled_linagora_cs_arabize,وki tوف,و كيف توفى,0.7360000014305115,0000020_0000043_20_43_0,1.0
labeled_linagora_cs_arabize,لفيديوهات متاع ولاد صغار يقولوا في كلام,فيديوهات متاع ولاد صغار يقولوا في كلام,2.0,youtube_1XaIC_haubo_0,0.14285714285714285
labeled_linagora_cs_arabize,صور روح ويصور ويهبط,كلام و يصور روحه و يصور و يهبط,2.799999952316284,youtube_1XaIC_haubo_1,1.0
labeled_linagora_cs_arabize,خو غ النظرعلى و ينجم يكون خيهل و ك و  يولكن اليسوك يلمهمالل,يخويا بغض النظر على بوه و امو ينجم يكون مخبيه على بوه و امو ينجم يكون عامل فو بروفيل ينجم يكون اي موضوع ما تنجمش تطيحوا انت و لكن هالفيسبوك ولا يلمهم الكل,7.800000190734863,youtube_1XaIC_haubo_2,0.8484848484848485
labeled_linagora_cs_arabize,ولو حتى يعملوا اجتماعات,ولاو حتى يعملوا اجتماعات,1.3600000143051147,youtube_1XaIC_haubo_3,0.25
labeled_linagora_cs_arabize,ولو يحطوا فnmo بش نتقابلوا في البرصة الفلانية,ولاو يحطوا ايفينمو رانا باش نتقابل في البلاصه الفلانيه رانا باش نتقابلو دونك,3.384000062942505,youtube_1XaIC_haubo_4,0.8461538461538461
labeled_linagora_cs_arabize,ولا أكل سمومهذيك منتشرة,ولا اك السموم هذيكة منتشره,2.312000036239624,youtube_1XaIC_haubo_5,0.8
labeled_linagora_cs_arabize,يمشي ال,يمشي ال,1.128000020980835,ar--1266_0.75.wav_1266_0.75_0,0.0
labeled_linagora_cs_arabize,من الفكرة هذي قلنا آياشنو لازم لازمنا قانون,دونك من الفكرة هاذيا قلنا ايا شنيا لازم لازمنا قانون,2.2880001068115234,0000015_0000044_15_44_0,0.4
labeled_linagora_cs_arabize,وين الدروج اللي يتحرك,وين الدروج الي يتحرك,1.4559999704360962,TunSwitchTO_0000075_0000011_0000021_ij0000008_75_11_21_ij8_0,0.25
labeled_linagora_cs_arabize,المس,المكتبة,0.5019999742507935,ar--1889_1.5.wav_1889_1.5_0,1.0
labeled_linagora_cs_arabize,تع الدلاع ونمشي للحمة متاع البطيخ وقت الي تقوللي فاتمة عندكش معنتا ميزات,متاع الدلاع ونمشي للحمة متاع البطيخ وقت الي تقول لي فاطمة عندكشي معناها ميزات,8.343999862670898,amenyKH_0000011_chunk_0000063_011_chunk_63_0,0.42857142857142855
labeled_linagora_cs_arabize,بورتغالي,برتغالي,0.6800000071525574,ar--1963_1.25.wav_1963_1.25_0,1.0
labeled_linagora_cs_arabize,يقول لك انتي مازالك شابيتر هذاي هو يعرف حسب انا شهر,يقلك انت مازالك ال شابتر هاذايا هو يعرف حسب انا شهر,3.5999999046325684,0000027_0000165_0000002_27_165_2_0,0.5454545454545454
labeled_linagora_cs_arabize,这个年,نجيبلكم المونو,0.9520000219345093,ar--3143_1.5.wav_3143_1.5_0,1.0
labeled_linagora_cs_arabize,qaret,قارس,1.784000039100647,9ares_4013_0,1.0
labeled_linagora_cs_arabize,باش يتنحى من مخك - بالرسمي والله ك يبدا لفرش قدامك راوك,باش يتنحى من مخك بالرسمي و الله كيف يبدا الفرش قدامك راهو,5.3520002365112305,0000027_0000282_0000001_27_282_1_0,0.5
labeled_linagora_cs_arabize,كان اللي كتب لك الحرقةن يساوي نار,و الله ما تاكل كان الي كاتبلك الحرقان يساوي نار,2.1679999828338623,TunSwitchTO_0000073_0000022_0000021_pi0000002_73_22_21_pi2_0,0.8
labeled_linagora_cs_arabize,الفال,الفول,0.9200000166893005,ar--1859_0.75.wav_1859_0.75_0,1.0
labeled_linagora_cs_arabize,يصوي لفسوير,يصور تصويرة,0.8080000281333923,ar--1807_1.5.wav_1807_1.5_0,1.0
labeled_linagora_cs_arabize,الجلاس,الكلاسط,0.656000018119812,ar--2077_1.5.wav_2077_1.5_0,1.0
labeled_linagora_cs_arabize,ma jneġem igwid flus li distributer automatikue,مينجمش يجبد فلوس من الديستربيتور اوتوماتيك,3.3919999599456787,ar--3096_1.25.wav_3096_1.25_0,1.1666666666666667
labeled_linagora_cs_arabize,ar ahke mecemdie,ظاهرلي لحكاية ماشية مليح,2.359999895095825,ar--3184_0.75.wav_3184_0.75_0,1.0
labeled_linagora_cs_arabize,حبتلا عشة معاك,عبد الله عيشة معاك,2.5840001106262207,ar--3321_0.75.wav_3321_0.75_0,0.75
labeled_linagora_cs_arabize,الالواقع نتاع لزوزين لمعا,المعامل لي الواقع ازين متاع ال,3.687999963760376,amenyKH_0000076_0000075_0000004_76_75_4_0,1.0
labeled_linagora_cs_arabize,بعد بابا ما عد عيني بحيا,بعد بابا ما عاد عيني بحيا,1.5920000076293945,0000019_0000124_19_124_0,0.16666666666666666
labeled_linagora_cs_arabize,إضحك,يضحك,0.6959999799728394,ar--1914_1.wav_1914_1_0,1.0
labeled_linagora_cs_arabize,وتوف سيكوندير بيت حياتي ملول جديد,وتوة في سنقونت دو بديت حياتي من اول جديد,2.384000062942505,amenyKH_0000006_0000006_0002012_partie0000001_0000003_chunk_0000223_06_06_2012_partie1_3_chunk_223_0,0.7777777777777778
labeled_linagora_cs_arabize,شنيا لازمني ناكبل شنيا لازمني نعمل كيفاش لازمني نترانة فما شكون,شنيا لازمني ناكل شنيا لازمني نعمل كيفاش لازمني نترانا فمة شكون جونر ذاي هلب مي ويذ ا بلان,7.343999862670898,0000071_0000027_0000001_71_27_1_0,0.5555555555555556
labeled_linagora_cs_arabize,صحيح  جست باش نعقب علىلي قلتوانتي رحاب,صحيح ايه جوست باش نعقب عاللي قلتو انت رحاب,3.9119999408721924,0000051_0000087_0000002_51_87_2_0,0.5555555555555556
labeled_linagora_cs_arabize,م ل و   ا ا ل ون م  ك      ا,لادريس تاعي وين نسكم بالضبط وقالوا لي باللي الكوموند متاعي تعدات ايامات و توصلي و انا ما عندي حتى فكره شن الشيء الي عديته وشن الي باش يوصلي بالضبط تلمون الحكايه كانت بيزار على الاخر,13.215999603271484,segment_0000595_segment_595_0,0.9714285714285714
labeled_linagora_cs_arabize,ياخي في المهدا معناش إنترنت دونك كلمون,ياخي في المهدية ما عناش انترنات دونك كلموني,3.871999979019165,0000027_0000328_0000001_27_328_1_0,0.625
labeled_linagora_cs_arabize,فغادي إلى جمني شريتسكا,غادي ينجم يشري تسكرة,1.9839999675750732,ar--3284_1.25.wav_3284_1.25_0,1.0
labeled_linagora_cs_arabize,وليس امور اول حاجة معناها  مادية والأمور الثاني ليها هم والأكثر هي الأمنية,و الله آش باش نقول لك الامور اول حاجة آه معناها بون مادية والامور الثانية الي اهم و الاكثر هيا الامنية,6.888000011444092,amenyKH_0000007_chunk_0000103_007_chunk_103_0,0.8095238095238095
labeled_linagora_cs_arabize,شباهم بنات تونس يا خويا ناخذها تونسيا أو عربيا مهما كان خيير,شباهم بنات تونس يا خويا ناخذها تونسية او عربية و مهما كانت خير,3.7760000228881836,TunSwitchTO_0000065_0000000_0000001_0000006db_65_00_01_6db_0,0.46153846153846156
labeled_linagora_cs_arabize,مال زون نتاعي على خاطر قدما نحكيكم وشويا فما برشا حاجات عملتهم ونقعد شوكيفي روحي معناه كيفاش أنا نجمت خاطر قلت للكم منحب,مال كومفور زون متاعي على خاطر قد ما نحكيلكم و شوي فمة برشا حاجات عملتهم و نقعد شوك في روحي معناها كيفاش انا نجمت خاطر قلتلكم ما نحب,11.928000450134277,Melekher0000012_0000043_0000000_Melekher12_43_0_0,0.6071428571428571
labeled_linagora_cs_arabize,دخل أكثر عدد ممكن من الناس,الدخل اكثر عدد ممكن من الناس,2.1440000534057617,amenyKH_0000006_0000006_0002012_partie0000005_chunk_0000054_06_06_2012_partie5_chunk_54_0,0.3333333333333333
labeled_linagora_cs_arabize,لا تبدا مثلا باش نخرج وسان تبدا على صابي ولا باش نكري مثلا نخرج جمع كاما وحد مره كفاه معناه,آه لا تبدا مثلا باش نخرج آه ويك اند تبدا آه على حسابي ولا باش نكري مثلا نخرج جمعة كاملة وحدي كل مرة كيفاه معناها,8.184000015258789,amenyKH_0000007_chunk_0000075_007_chunk_75_0,0.52
labeled_linagora_cs_arabize,أنا  مستني معناها رسل تصور لطف واحد يا لطيفبارسمي راه معناها سحر حاجة منخلطلهاش مش منخلطلهاش ما نخمو فيها لا لا معناه بالرسمي معدش,انا بيسرسونالمون مستني معناها بيسرسونالمون تصور لطف واحد يا لطيف يا ربي بالرسمي راو معناها السحر حاجه ما نخلطلهاش مش ما نخلطلهاش ميم با نخم فيها لا لا معناها بالرسمي ما عادش عارف,12.5600004196167,segment_0000471_segment_471_0,0.6363636363636364
labeled_linagora_cs_arabize,يمشي بالكار,يمشي بالكار,1.0959999561309814,ar--1264_1.wav_1264_1_0,0.0
labeled_linagora_cs_arabize,معمعاث جو الهداية بششن قص س بشنجين طولعلي,بعد ما نبعثلك الجواب هذايا باش نمشي نقص تسكرة باش نجي نطل عليك,3.25600004196167,ar--3256_1.25.wav_3256_1.25_0,1.0
labeled_linagora_cs_arabize,بنشوف عدد العربات نتاع القطارات ليموجودة وملقات على قراعة الطريق,حب نشوف عدد العربات متاع القطارات الي موجوده وملقات على قارعه الطريق او في,6.874000072479248,youtube_DxTQFsMsyzM_0,0.5714285714285714
labeled_linagora_cs_arabize,ك وهي اللي إهدار المال العام وضرب المرفق العمومي متاع النقل نامليارات نلوحة,السكه و هيا لي اهدار المال العام وضرب المرفق العمومي متاع النقل مليارات ملوحه في,8.272000312805176,youtube_DxTQFsMsyzM_1,0.5333333333333333
labeled_linagora_cs_arabize,تطريق العمر ما يتعلقش بنابل فقط ولكن يتعق,في الطريق الامر ما يتعلق بنابل فقط ولكن يتعلق,4.047999858856201,youtube_DxTQFsMsyzM_2,0.5555555555555556
labeled_linagora_cs_arabize,يد,بعديد السلام,3.1659998893737793,youtube_DxTQFsMsyzM_3,1.0
labeled_linagora_cs_arabize,قا من عرب ع ار,سلام وقداش من عربه متاع قطار و الله سيد الرئيس احنا عنا جمعتين من الي سمعنا,9.293899536132812,youtube_DxTQFsMsyzM_4,0.9375
labeled_linagora_cs_arabize,,بيهم خاطر,0.9010999798774719,youtube_DxTQFsMsyzM_5,1.0
labeled_linagora_cs_arabize,لابد السيد الوالية معنى يلزم الوضع حد لالتفريط في النقل,لابد السيد الوالي معناها يلزم الوضع حد له التفريط في النقل,8.211000442504883,youtube_DxTQFsMsyzM_6,0.36363636363636365
labeled_linagora_cs_arabize,توانس الي عانيو فيه في النقل معانات يومييمي,العمومي ايه ايه التوانس الي يعانيو فيه في النقل لا شيء كبير معناها معاناه يوميه يوميه يوميه الامر,8.45300006866455,youtube_DxTQFsMsyzM_7,0.7777777777777778
labeled_linagora_cs_arabize,تعلق بالسكة الحديدية ولكن أيضا بالشركات الجاوية للنقل ولشركة التونسية,يتعلق بالسكه الحديديه ولكن ايضا بال الشركات الجهويه للنقل وشركه التونسية,7.031000137329102,youtube_DxTQFsMsyzM_8,0.7272727272727273
labeled_linagora_cs_arabize,ق وللأسف تم التفريط فيها ونشوفوا الوضع الحالي توا نمشي وكنتحب لدب تو نشوفوا قداش من,للنقل وللاسف تم التفريط فيها ونشوف الوضع الحالي نمشي كان تحبب وشوف قداش من,6.1479997634887695,youtube_DxTQFsMsyzM_9,0.5714285714285714
labeled_linagora_cs_arabize,ايهي أموال الشعب موجودة ملقات على طريق قارعة الطريق ي,عربه الي هيا اموال الشعب موجوده ملقات على طريق قارعه الطريق لاباس يعيشك ان شاء الله,8.092000007629395,youtube_DxTQFsMsyzM_10,0.6875
labeled_linagora_cs_arabize,برك الله  وربي برك كم ععش برك الله,الصحه و بارك الله فيكم و ربي يبارك فيكم بارك الله فيك يعيشك يعيشك بارك الله فيكم,3.6659998893737793,youtube_DxTQFsMsyzM_11,0.8823529411764706
labeled_linagora_cs_arabize,لو  كلنا مع بعض ماشاء الله,الشعب معاك سيد الرائيس الكلنا مع بعضنا ان شاء الله,2.9240000247955322,youtube_DxTQFsMsyzM_12,0.8
labeled_linagora_cs_arabize,لا قاعدين قد متحلتش المشكلة الأمر ما يتعلقش النابل فقط ولكن عدد كبي,لا قاعدين قد آش ما تحلتش المشكله الامر ما يتعلق بنابل فقط ولكن عدد كبير من,9.354000091552734,youtube_DxTQFsMsyzM_13,0.5625
labeled_linagora_cs_arabize,تلا ومش الكبير بالنسبة للتونسي  معانات يومية,العربات مشكل كبير في الشريكه لا مشكل كبير بالنسبه للتونسي معناها معاناة يوميه يوميه,7.031000137329102,youtube_DxTQFsMsyzM_14,0.9285714285714286
labeled_linagora_cs_arabize,هذاك هو الي بده من عام التفريط في المرافق العمومية الكل للخواص,يوميه معناها هذاكة هو الي بدا من عام خمسة و ثمانين التفريط في المرافق العموميه الكل للخواص,7.751999855041504,youtube_DxTQFsMsyzM_15,0.47058823529411764
labeled_linagora_cs_arabize,معانابتاع الشاف,المعانه متاع الشعب,1.062000036239624,youtube_DxTQFsMsyzM_16,1.0
labeled_linagora_cs_arabize,ساتيجية    تتق للتونسي,استراتيجيه كيفاش باش يتنقل التونسي وهذيا منطقه,5.949999809265137,youtube_DxTQFsMsyzM_17,1.0
labeled_linagora_cs_arabize,حفوظة نسبيا ولكن بالنسبة لمناطق الأخرى وحتى في داخل تونس معنا داخل تونس العاسمي,محظوظه نسبيا ولكن بالنسبه للمناطق الاخرى وحتى في داخل تونس معناها داخل تونس العاص,6.46999979019165,youtube_DxTQFsMsyzM_18,0.42857142857142855
labeled_linagora_cs_arabize,قعد بالساعتين  ويسنف الك,يقعد بالساعتين ثلاثة و هوا يستنى في الكار ايه نعم موجود موجود اما هاذيا توا باش نشوف كان تحب نمشيو للدبو,7.830999851226807,youtube_DxTQFsMsyzM_19,0.9523809523809523
labeled_linagora_cs_arabize,و قداش من العرب هو لابد أشوف من اقتلاع الفساد,نشوفوا قداش من عربه هو لابد شوف من اقتلاع الفساد من,5.448999881744385,youtube_DxTQFsMsyzM_20,0.36363636363636365
labeled_linagora_cs_arabize,في و وحر دونهواده وبالتأكيد انت تحارف في الفعر لنبل خاص في الل نتحمل,جذوره في تونس وحرب دون هواده وبالتاكيد انت تحارب بالفعل بالاخص في لا نتحمل كل,8.35099983215332,youtube_DxTQFsMsyzM_21,0.8666666666666667
labeled_linagora_cs_arabize,لى نفس الجبح,من على نفس الجبه,0.9419999718666077,youtube_DxTQFsMsyzM_22,0.75
labeled_linagora_cs_arabize,ا,و نعرف ايه يا احسن رئيس في الامه يعيشك يعيشك بارك الله فيك عاش يعيشك يعيشك,7.13100004196167,youtube_DxTQFsMsyzM_23,1.0
labeled_linagora_cs_arabize,,يعيشك ربي,0.7009999752044678,youtube_DxTQFsMsyzM_24,1.0
labeled_linagora_cs_arabize,ا   ا,يعيشك يعيشك الله يبارك يعيشك الله يبارك فيك بارك الله فيك ان شاء الله تحيه تونس ربي يستر,5.968999862670898,youtube_DxTQFsMsyzM_25,1.0
labeled_linagora_cs_arabize,ا اللها,ان شاء الله و كل مع بعضنا ان شاء الله يا ربي بارك الله,3.7070000171661377,youtube_DxTQFsMsyzM_26,1.0
labeled_linagora_cs_arabize,,يعيشك,4.306000232696533,youtube_DxTQFsMsyzM_27,1.0
labeled_linagora_cs_arabize,,اهلا وسهلا,1.9620000123977661,youtube_DxTQFsMsyzM_28,1.0
labeled_linagora_cs_arabize,عايش مرحبة بيب وس,يعيشك يعيشك مرحبا بيك متشرفين بيك,3.2049999237060547,youtube_DxTQFsMsyzM_29,1.0
labeled_linagora_cs_arabize,,ربي يخليك يعيشك يعيشك بارك الله فيك,2.1440000534057617,youtube_DxTQFsMsyzM_30,1.0
labeled_linagora_cs_arabize,,وسهلا بارك,0.7210000157356262,youtube_DxTQFsMsyzM_32,1.0
labeled_linagora_cs_arabize,,يرحم و الديك,1.0230000019073486,youtube_DxTQFsMsyzM_34,1.0
labeled_linagora_cs_arabize,لم عايش توبيق ميشعايش برك الله وفيكعايش م عليك السلام سلام سلام,سلام يعيشك و بيكم يعيشك يعيشك بارك الله فيك يعيش و عليكم السلام السلام السلام,5.708000183105469,youtube_DxTQFsMsyzM_36,0.8666666666666667
labeled_linagora_cs_arabize,ربي معانا اجمعيلك برك الله في,يعيشك ربي معان اجمعين يعيشك يعيشك بارك الله فيك يعيشك يعيشك يعيشك يعيشك,6.388000011444092,youtube_DxTQFsMsyzM_37,0.8461538461538461
labeled_linagora_cs_arabize,وهذه حرب بدونهوادتوان شاء الله ننتقل المرحلة اثانية تطيير الإدارة الكلة,ربي يفضلهم لك يعيشك و هاذي حرب بدون هواده ما شاء الله ننتقل المرحله الثانيه لتطهير الاداره الكل,7.931000232696533,youtube_DxTQFsMsyzM_38,0.7777777777777778
labeled_linagora_cs_arabize,م باح  ملف تع امؤسس  الانداا,صباح السيد الرئيس هذاكة اكبر مؤسسه الصباح معناها شوف ملف متاع مؤسسه معناها الانتدابات معناها,9.35200023651123,youtube_DxTQFsMsyzM_39,0.9333333333333333
labeled_linagora_cs_arabize,مش حتى صفة ولا وجود لهم اصلا حتى في القائمات بتاع الموظفين وهم موجودين محسوبي,عندهمش حتى صفه ولا وجود لهم اصلا حتى في القائمات متاع الموظفين وهم موجودين محسوبين,6.890999794006348,youtube_DxTQFsMsyzM_40,0.26666666666666666
labeled_linagora_cs_arabize,لا,على المؤسسه فعلا معناها,2.0429999828338623,youtube_DxTQFsMsyzM_41,1.0
labeled_linagora_cs_arabize,واللي نبدل اسم تغيير لقب  تاريف جديد,ايه الحمد لله و الي مبدل اسمه و الي تغيير لقب و بطاقة تعريف جديده السلام,9.194000244140625,youtube_DxTQFsMsyzM_42,0.875
labeled_linagora_cs_arabize,,يعيشك,2.686000108718872,youtube_DxTQFsMsyzM_43,1.0
labeled_linagora_cs_arabize,عا مع ا وكنا نخم اشاء ل,عيشك معكم مع الزواول ان شاء وكلنا نخدم ان شاء الله بقدرة,7.051000118255615,youtube_DxTQFsMsyzM_44,0.9166666666666666
labeled_linagora_cs_arabize,انشاء الله كل جهد ون,المعيش اكهوا ان شاء الله كل جهدي مبذول ليكم انتوما يعيشك يعيشك يعيشك بارك الله,4.9679999351501465,youtube_DxTQFsMsyzM_45,0.8666666666666667
labeled_linagora_cs_arabize,حل رأوما كانت سارت ثورة ثقافية بعد ولكن,الحل راهو ما كان صارت ثوره ثقافيه بعد الفين و تسعطاش ولكن جوب,5.428999900817871,youtube_DxTQFsMsyzM_46,0.8461538461538461
labeled_linagora_cs_arabize,ارد عن طريق وسائل الأعلام مليوسائل امتاحهم وعن طريق الصفحات لمأجورة,الرده عن طريق وسائل الاعلام الي هيا وسائل متعهم وعن طريق الصفحات الماجوره,7.170000076293945,youtube_DxTQFsMsyzM_47,0.5384615384615384
labeled_linagora_cs_arabize,نا تم إجهاظ الثورة الجديدة عن طريق الناس اللي بتبعة الحال,معناها تم اجهاض الثوره جديده عن طريق الناس الي بطبيعة الحال,6.369999885559082,youtube_DxTQFsMsyzM_48,0.5454545454545454
labeled_linagora_cs_arabize,كان الغرض متاحها والحكم والارتماء أيضا في أحضائنا الصهيونية,كان الغرض متاعها هو الحكم ولارتماء ايضا في احضان الصهيونيه,4.927000045776367,youtube_DxTQFsMsyzM_49,0.7
labeled_linagora_cs_arabize,م نا,العالميه هوم نساو توا الي,4.808000087738037,youtube_DxTQFsMsyzM_50,1.0
labeled_linagora_cs_arabize,ان كان جوم للمجلس التأسيسي هذ برنار لفي يحذر معهم,كان متاع الي كان يجيهم للمجلس التاسيسي هاذيا برنار ليفي كان يحضر كان يحضر معهم وهو,9.713000297546387,youtube_DxTQFsMsyzM_51,0.75
labeled_linagora_cs_arabize,,يحضر معاهم في الاج,0.8420000076293945,youtube_DxTQFsMsyzM_52,1.0
labeled_linagora_cs_arabize,من تونس اليبيا كف اي,الدستور الصاله الفوق يطبع هو ولاو ايه من تونس ليبيا هو يكتب الدساتير ايه معناه,9.954000473022461,youtube_DxTQFsMsyzM_53,0.8666666666666667
labeled_linagora_cs_arabize,,لتفجير,0.5809999704360962,youtube_DxTQFsMsyzM_54,1.0
labeled_linagora_cs_arabize,ل من الداخل هذا هو الهدف ا,الدوله من الداخل هاذا هو الهدف متعهم هاذا هو الهدف الحمد لله,6.230000019073486,youtube_DxTQFsMsyzM_55,0.6666666666666666
labeled_linagora_cs_arabize,الحمد لله فم ثلاثين تقريبا دائرة ما فيهاش وجي بشيفهم,الحمد لله فمة ثلاثين تقريبا دائره ما فيهاش وجي مش يفهموا,8.072999954223633,youtube_DxTQFsMsyzM_56,0.36363636363636365
labeled_linagora_cs_arabize,على تونس دولة موحدة بالنص الدستور وهذملجات والأقاليم نابع من الإيراد,العباد على تونس دوله موحده بنص الدستور و هاذا الجهات ولاقاليم نابع من الاراده,6.750999927520752,youtube_DxTQFsMsyzM_57,0.6428571428571429
labeled_linagora_cs_arabize,لأن الانتجار تاع ديسمبر جاء من الداخل الناس اللي مهمشين ولهمي,الشعبيه لان الانفجار متاع سبعطاش ديسمبر جى من الداخل معناها الناس الي مهمشين يولهم ياخذوا,9.312000274658203,youtube_DxTQFsMsyzM_58,0.6666666666666666
labeled_linagora_cs_arabize,لنسبه وهذا هو المشروع الحقيقي اسلام عيش الناس اللي ج برنار ي,القرار الي نسبهم و هاذا هو المشروع الحقيقي السلام يعيشك الناس الي يجيهم برنار ليفي,7.790999889373779,youtube_DxTQFsMsyzM_59,0.6666666666666666
labeled_linagora_cs_arabize,أنا كانوا يتقابلوا معاه ويكتبلهم ف بعض الأحكام,معناه كانوا يتقابلوا معه يتقابلوا معه و هو يكتب لهم بعض الاحكام,5.408999919891357,youtube_DxTQFsMsyzM_60,0.75
labeled_linagora_cs_arabize,ا ماشي جاي من الليبيا تونس فرنسا وكانوا موجود,كما ماشي جاي من ليبيا لتونس لفرنسا و كانوا موج,7.129000186920166,youtube_DxTQFsMsyzM_61,0.7
labeled_linagora_cs_arabize,وثم يتبك,وثم يتبك,2.3239998817443848,youtube_DxTQFsMsyzM_62,0.0
labeled_linagora_cs_arabize,التباكي بتاعهم,التباكي متاعهم,3.0850000381469727,youtube_DxTQFsMsyzM_63,0.5
labeled_linagora_cs_arabize,على أشقاءنا الفلسطينيين ليش تبقى قضية رئيسية اللي تبكاو التباكي للحملة الانتخابية,على اشقائنا الفلسطينيين و الي باش تبقى قضيه رئيسيه يتبكاو تباكي للحمله الانتخابيه مش,9.232999801635742,youtube_DxTQFsMsyzM_64,0.7857142857142857
labeled_linagora_cs_arabize,السلام عليكم,السلام عليكم,4.047999858856201,youtube_DxTQFsMsyzM_65,0.0
labeled_linagora_cs_arabize,نا امتاجرة بيدم لشعب الفلسطيني في هذا السات للي عايشه العالم وساكت وهذا العالم اي,معناها المتاجره بدم الشعب الفلسطيني في هاذا الماسات الي يعيشها العالم و ساكت و هاذا العالم الي يتسمى,9.25100040435791,youtube_DxTQFsMsyzM_66,0.7777777777777778
labeled_linagora_cs_arabize,ريكلموا على واحد منهم في أحد القناوة التلفزية لفرنسوية قال لا أق,حر يتكلموا على واحد منهم في احد القنوات التلفز الفرنسويه قال لا اقل من,8.291000366210938,youtube_DxTQFsMsyzM_67,0.5714285714285714
labeled_linagora_cs_arabize,حوس الآخر كلم وحوس لا قال الوحوس أكثر منهم قيمة,الوحوش الاخر قلهم وحوش لا قال الوحوش اكثر منهم قيمه هاذا,9.932999610900879,youtube_DxTQFsMsyzM_68,0.7272727272727273
labeled_linagora_cs_arabize,م الحر,العالم الحر و هاذي,0.9810000061988831,youtube_DxTQFsMsyzM_69,0.75
labeled_linagora_cs_arabize,قراية وهذ حقوق النسان وهذاليوم في اذكر المشوم تاع و,الديمقراطيه و هاذي حقوق الانسان و هاذي اليوم في الذكر المشوم متاع وعد,7.050000190734863,youtube_DxTQFsMsyzM_70,0.7692307692307693
labeled_linagora_cs_arabize,ي بلفور كان من أكثر الناس عدان للسمية مارافش خلصوا منهم ايو,بلفور يا بلفور كان من اكثر الناس عيدان لساميه باش تخلصوا منهم و اليوم يحبوا,8.792099952697754,youtube_DxTQFsMsyzM_71,0.6666666666666666
labeled_linagora_cs_arabize,تخلصوا م شعب الفلسطين ولكن أن لهم ذلك,يتخلصوا من الشعب الفلسطيني ولكن ان لهم ذلك فعلا,4.688000202178955,youtube_DxTQFsMsyzM_72,0.6666666666666666
labeled_linagora_cs_arabize,بارك الله فيك عيسي التسرت حققا الشعب الفلسين,ايه بارك الله فيك يعيشك الانتصارات الي حققها الشعب الفلسطيني عام,6.310999870300293,youtube_DxTQFsMsyzM_73,0.6363636363636364
labeled_linagora_cs_arabize,قم  مع بط الل,ثمنية و اربعين ربي يخليك يعيشك ربي يخليكم يعيشك يعيشك لحد شيء الفساد الفسا نقاوموه كل مع بعضنا ان شاء الله عاش عاشك,8.17300033569336,youtube_DxTQFsMsyzM_74,0.9565217391304348
labeled_linagora_cs_arabize,عش بارك الله فيك مصطلحة متاع هزيمة مكانش بتروح أن احنا اليوم في حالة حرب المفروض,يعيشك بارك الله فيك مصطلح متاع هزيمه ما كانش مطروح نحن اليوم في حاله حرب المفروض,7.390999794006348,youtube_DxTQFsMsyzM_75,0.5
labeled_linagora_cs_arabize,ان عضمة لحق الشعب الفلسطين لأنأكثر,خيانه عظمى لحق الشعب الفلسطيني لان اكثر من,4.888000011444092,youtube_DxTQFsMsyzM_76,0.75
labeled_linagora_cs_arabize,االهزيمة هي ثقافة الهزيمة الناس معزومين فكريا انج معت,الهزيمه هيا ثقافه الهزيمه الناس مهزومين فكريا ما ينجمو يصنع التاريخ,6.229000091552734,youtube_DxTQFsMsyzM_77,0.8181818181818182
labeled_linagora_cs_arabize,,التاريخ ما ينجموش السلام عليكم,4.366000175476074,youtube_DxTQFsMsyzM_78,1.0
labeled_linagora_cs_arabize,اسلام عليكمسلام عاي عايرب يفل,ينجمو السلام عليكم سلام سلام سلام يعيشك يعيشك يعيشك ربي يفضلكم يعيشك يعيشك,8.593999862670898,youtube_DxTQFsMsyzM_79,1.0
labeled_linagora_cs_arabize,ربي نا الكل نشاء اللهكل مع بعضنا شاء الله,يا ربي يعيننا الكل ان شاء الله الشعب الكل مع بعضنا ان شاء الله,3.447000026702881,youtube_DxTQFsMsyzM_80,0.5714285714285714
labeled_linagora_cs_arabize,السلام عليك السلام م معنى الناس اللي تشدق بحقوق الإنسان,السلام عليكم السلام السلام معناها الناس الي تشدق بحقوق الانسان,5.607999801635742,youtube_DxTQFsMsyzM_81,0.5
labeled_linagora_cs_arabize,قول كذبة كبرى معلاش قلت التاريخ كثير بالفرز مأنا افرز حقيقة منا اسقط القناعة,تقول كذبه كبرى معناها علاش قلت التاريخ كفيل بالفرز معناها افرز حقيقه معناها اسقط القناع عن,8.85200023651123,youtube_DxTQFsMsyzM_82,0.625
labeled_linagora_cs_arabize,الوجه الحقيقي متاعهم السلام وعليكم السلام,الوجه الحقيقي متعهم السلام و عليكم السلام يعيشك,5.0279998779296875,youtube_DxTQFsMsyzM_83,0.5
labeled_linagora_cs_arabize,عشك عايش م تم التنصيص في المطلعة بتاع فقط,يعيشك يعيشك ام تم التنصيص في المطلع متاعه فقط على,8.45300006866455,youtube_DxTQFsMsyzM_84,0.6
labeled_linagora_cs_arabize,قرارات امن وكان جاو حقيقة بالفعل منتبهين على الأقل وهو مرفوظ,القرارات من ميتين و ثنين و اربعين وكان جاو حقيقه بالفعل منتبهين على الاقل وهو مرفوض قرار,9.630999565124512,youtube_DxTQFsMsyzM_85,0.6470588235294118
labeled_linagora_cs_arabize,ts,التقسيم,0.5410000085830688,youtube_DxTQFsMsyzM_86,1.0
labeled_linagora_cs_arabize,ولكن هما بالنسبة لهم حتى القرار المشكوم لأنشأ هذا الكيان,يرجعوه ولكن ههم بالنسبه لهم حتى القرار المشؤوم الي انشا هاذا الكيان ماحطو في,8.491999626159668,youtube_DxTQFsMsyzM_87,0.6428571428571429
labeled_linagora_cs_arabize,ربما ماانتبهوش الكثيرين للمثل ه,المطبع ربما ما انتبهو الكثيرين لمساله,4.307000160217285,youtube_DxTQFsMsyzM_88,0.8333333333333334
labeled_linagora_cs_arabize,ذي قل حل الدولتين السفير تونسي في رملا عنده سسين محصر,هاذي حل الدولتين السفير التونسي في رام الله عنده سبعة سنين محاصر,7.111000061035156,youtube_DxTQFsMsyzM_89,0.6666666666666666
labeled_linagora_cs_arabize,ه ما يش قضية ضد لهود ولكن قي,ما هي ش قضيه ضد اليهود ولكن قضيه ضد,5.0879998207092285,youtube_DxTQFsMsyzM_90,0.7777777777777778
labeled_linagora_cs_arabize,手的那个,الصهيونيه,0.5009999871253967,youtube_DxTQFsMsyzM_91,1.0
labeled_linagora_cs_arabize,واليهود اللي منتمين الحركة الصوينية رف دين وجود ما يسمى,و اليهود المنتمين للحركه الصهيونيه رافضين وجود ما يسمى,6.170000076293945,youtube_DxTQFsMsyzM_92,0.7777777777777778
labeled_linagora_cs_arabize,هذاكيام زيور,بهذا الكيان الصهيوني,1.3630000352859497,youtube_DxTQFsMsyzM_93,1.0
labeled_linagora_cs_arabize,غالطات حتى في الامم المتحدة يبدأ بقرار المجلس نعملو كان الجامعية العا,المغالطات حتى في الامم المتحده يبدا بقرار المجلس ميتين و ثنين و اربعين لو كان الجمعيه العام,6.03000020980835,youtube_DxTQFsMsyzM_94,0.6470588235294118
labeled_linagora_cs_arabize,على الأقل تتذكر الظلم اللتصلت على الفلسطينيين بقرار اتقسين,على الاقل تتذكر الظلم الي تسلط على الفلسطينيين بقرار التقسيم ولم,4.607999801635742,youtube_DxTQFsMsyzM_95,0.45454545454545453
labeled_linagora_cs_arabize,هو إذا وجدت سمكتين تتصارعاني في البحر فاعلم أن سفينة سهيونية,يذكر هو اذا وجدت سمكتين تتصارعان في البحر فاعلم ان سفينه صهيونيه قد,9.95199966430664,youtube_DxTQFsMsyzM_96,0.5384615384615384
labeled_linagora_cs_arabize,إذا وجدت سمكتين تتخاصماني في عرض البحر علم,هناك اذا وجدت السمكتين تتخاصم في عرض البحر فاعلم ان,5.729000091552734,youtube_DxTQFsMsyzM_98,0.6
labeled_linagora_cs_arabize,سنية قد مرت من هنا طبيعة الحال ح,سفينه صهيونيه قد مرت من هناك بطبيعه الحال يحضر هوما اك النهار في تصريحاتهم,6.991000175476074,youtube_DxTQFsMsyzM_99,0.7142857142857143
labeled_linagora_cs_arabize,لمجال حتى بالنسبة للعودة ل التكنولوجيا اليوم سنوع ولاستشر م لختر,قالك لا مجال حتى بالنسبه للعوده لتكنولوجيا الي هوما صنعوها ولاو يستشعر منها الخطر,5.989999771118164,youtube_DxTQFsMsyzM_100,0.9285714285714286
labeled_linagora_cs_arabize,بة الحال قطعوا العديد من المواقع وهذه في الدول التي تدعي حقو,بطبيعه الحال قطعوا العديد من المواقع و هاذي في الدول التي تدعي حقوق,6.369999885559082,youtube_DxTQFsMsyzM_101,0.3076923076923077
labeled_linagora_cs_arabize,و تحب تعلمنا حقوق الإنسان وكله لماش تحت وسايا بتاع أين كان,الانسان وتحب تعلمنا حقوق الانسان وقوللهم مش تحت الوصايه متاع اي كان,6.968999862670898,youtube_DxTQFsMsyzM_102,0.6666666666666666
labeled_linagora_cs_arabize,والجزائريين والمغارفة ومصر وكلالشعوبالشعب العربي,والتونسيين والجزائريين والمغاربه ومصر و كل الشعوب الشعب العربي الي قاتل وقدم,7.35099983215332,youtube_DxTQFsMsyzM_103,0.75
labeled_linagora_cs_arabize,الشهداء من أجب أن يستقل ماش اش يقبل لؤم يكون تحت الوصاين,الشهداء من اجل ان يستقل مش يقبل اليوم يكون تحت الوصايه,4.60699987411499,youtube_DxTQFsMsyzM_104,0.5454545454545454
labeled_linagora_cs_arabize,وعلى كل حال واحد تخرج من البير وارتاح من الكرس عاي هو مش حيب والكرس يا,و على كل حال الواحد خرج من البير و ارتاح من الكرس هو يسخايلو الكرسي راح,9.192000389099121,youtube_DxTQFsMsyzM_105,0.6875
labeled_linagora_cs_arabize,,راح وهو,1.562000036239624,youtube_DxTQFsMsyzM_106,1.0
labeled_linagora_cs_arabize,مسولي كرس,المسؤوليه الكرسي,1.562999963760376,youtube_DxTQFsMsyzM_107,1.0
labeled_linagora_cs_arabize,المسؤولية اللي يشعر با وفي قل المسؤولية يخليه واحد,الرئاسه المسؤوليه الي يشعر بها وثقل المسؤوليه يخليه واحد,9.01200008392334,youtube_DxTQFsMsyzM_108,0.7777777777777778
labeled_linagora_cs_arabize,يصل الليل بالنهار,يصل الليل بالنهار,1.9359999895095825,youtube_DxTQFsMsyzM_109,0.0
labeled_linagora_cs_arabize,كم صورهم  ع,كيما يصوراها هوما السلطه يعيشك يعيشك ربي,3.7850000858306885,youtube_DxTQFsMsyzM_110,1.0
labeled_linagora_cs_arabize,حتى في الثقافة في العادات,حتى في الثقافه في العادات,2.805000066757202,youtube_DxTQFsMsyzM_111,0.2
labeled_linagora_cs_arabize,تقاليد في الأكل ك,و التقاليد في الاكل في كل,2.484999895095825,youtube_DxTQFsMsyzM_112,0.8333333333333334
labeled_linagora_cs_arabize,مإن شاء الله تتحقق الاندناج الكامل بين دولنا ومتحبو المبادرة الحرة قل ناس بادر,كيما ان شاء الله تتحقق الاندماج الكامل بين الدولنا ماهو تحب المبادره الحره خلي الناس تبادر,8.612000465393066,youtube_DxTQFsMsyzM_113,0.6875
labeled_linagora_cs_arabize,لناس بادر فيإطار القانون لكنهم يحبوا المبادرة الحرة في إطار مجموعات,خلي الناس تبادر في اطار القانون لكن هم يحبوا المبادره الحره في اطار مجموعات,4.4679999351501465,youtube_DxTQFsMsyzM_114,0.7142857142857143
labeled_linagora_cs_arabize,ق في طار كرتلات وقت المبادرات  أما ترد العال فالناس كل عند الحق,ضيقه في ايطار كارتلات وقتها المبادرات ترد العالم الناس عندها الحق باش,5.888999938964844,youtube_DxTQFsMsyzM_115,0.8333333333333334
labeled_linagora_cs_arabize,ترجع,تستورد ترجع الدوله,1.5829999446868896,youtube_DxTQFsMsyzM_116,0.6666666666666666
labeled_linagora_cs_arabize,ولحديد بالنسبة ذاك جابو مالاديسك,واحد و الحديد بالنسبه هذاكة جاب ملاديسك,3.505000114440918,youtube_DxTQFsMsyzM_117,1.0
labeled_linagora_cs_arabize,وثما عاملينا حدا لك الصورة ما ياكون قرأو,وثم عاملين حبال الصوره يمكن قراو,5.0879998207092285,youtube_DxTQFsMsyzM_118,1.3333333333333333
labeled_linagora_cs_arabize,فيلم ولكن مسرحيةس,فيلم ولكن مسرحيه سيئه,4.247000217437744,youtube_DxTQFsMsyzM_119,0.5
labeled_linagora_cs_arabize,ويكفي من التطاول على مؤسسات الدولة ولعمللح,ويكفي من التطاول على مؤسسات الدولهو الي عمل يتحمل,7.372000217437744,youtube_DxTQFsMsyzM_120,0.4444444444444444
labeled_linagora_cs_arabize,رافق العمومية بتاع الدولة بناء على مبدأ أساسي وأول حياد,المسؤوليه مرافق العموميه متاع الدوله بناء على مبدا اساسي وهو الحياد مش,6.869999885559082,youtube_DxTQFsMsyzM_121,0.8333333333333334
labeled_linagora_cs_arabize,تحت المؤسسات العمومية ما ناس مش موجودين موجودين في الخارج أو يخدمو في المؤسسة,المؤسسات العموميه مش موجودين موجودين في الخارج ويخدم في المؤسسه و بعد,6.169000148773193,youtube_DxTQFsMsyzM_122,0.75
labeled_linagora_cs_arabize,تونس دولة فقيرة في بلاد غنية ولكن لثروة متاعها تم الاستلاء عليها من ق,تونس دوله فقيره في بلاد غنيه ولكن الثروه متاعها تم الاستلاء عليها من قبل,7.651000022888184,youtube_DxTQFsMsyzM_123,0.35714285714285715
labeled_linagora_cs_arabize,تونس دولة,تونس دوله,0.6769999861717224,youtube_DxTQFsMsyzM_124,0.5
labeled_linagora_cs_arabize,مجموعات وتحب تمثل مرة أخرى داخل ل,المجموعات وتحب تنفذ مره اخرى داخل,3.0450000762939453,youtube_DxTQFsMsyzM_125,0.8333333333333334
labeled_linagora_cs_arabize,إن شاء الله بعد ما تم مسادقة على مشروع القانون المالية لابد من ثور,ان شاء الله بعد ما تم مصادقه على مشروع قانون الماليه لابد من ثوره,6.144000053405762,youtube_DxTQFsMsyzM_126,0.35714285714285715
labeled_linagora_cs_arabize,ة حتى تستعيد الدولة دولها الاجتماعي بما في ذلك الق,تشريعيه حتى تستعيد الدوله دورها الاجتماعي بما في ذلك النقل,5.3480000495910645,youtube_DxTQFsMsyzM_127,0.4
labeled_linagora_cs_arabize,منا حتى المصطلحات,معناها حتى المصطلحات نفسها,4.348999977111816,youtube_DxTQFsMsyzM_128,0.5
labeled_linagora_cs_arabize,عن بعض الخبراء عد  يجيو باش يحظو على التصورات متاعهم ومدفوعي الأجر أو يجيو الناس,عند بعض الخبراء الي يجي باش يحضن عن التصورات متاعهم و مدفوعي الاجر او يجيوا الناس,8.071000099182129,youtube_DxTQFsMsyzM_129,0.625
labeled_linagora_cs_arabize,ف اجل مباشرة يتحدثوا على شاشات التبس,الي دفعهم الاجر مباشره يتحدثوا على شاشات التلفزا مع مع,5.127999782562256,youtube_DxTQFsMsyzM_130,0.7
labeled_linagora_cs_arabize,جالي شانحوابك,رجال اشني احوالك قريت,3.3259999752044678,youtube_DxTQFsMsyzM_131,1.0
labeled_linagora_cs_arabize,,تفطر عايشك عايشك عايش عاشك عايشك عايشك ع,5.928999900817871,youtube_DxTQFsMsyzM_132,1.0
labeled_linagora_cs_arabize,ا  اا ا,عالسلامه عالسلامه يا رجال يعيشك عالسلامه ربي يضلكم ايجى نبوسك ايجى ايجى نبوسك يعيشك يعيشك يعيشك,7.491000175476074,youtube_DxTQFsMsyzM_133,1.0
labeled_linagora_cs_arabize,ستقرع مرتو صبح حفظته محفوظات ولا عسام عسام عسامعسام,آش تقرا آش عملت الصباح حفظته محفوظات ولا مرحبا بيك عالسلامه عالسلامه عالسلامه يعيشك يعيشك,7.611000061035156,youtube_DxTQFsMsyzM_134,0.8
labeled_linagora_cs_arabize,sm asemasem,عالسلامه يعيشك يعيشك,2.124000072479248,youtube_DxTQFsMsyzM_135,1.0
labeled_linagora_cs_arabize,جهت القوانين هذه,يعيشك يعيشك جات القوانين هاذي في,2.7039999961853027,youtube_DxTQFsMsyzM_137,0.8333333333333334
labeled_linagora_cs_arabize,مع تقريبا معمولة في المؤسسات المالية,الفين و خمسطاش تقريبا معموله في المؤسسات الماليه,6.130000114440918,youtube_DxTQFsMsyzM_138,0.625
labeled_linagora_cs_arabize,مرا القانون عاملوها المرة من بعض يقلو سا,العالميه الاداره يلزم ترجع فيها مؤسسات دوله معناها القانون عملوه البرا و بعد يقولوا سياده,7.552000045776367,youtube_DxTQFsMsyzM_139,0.9333333333333333
labeled_linagora_cs_arabize,م الشع م بسم الشعب هذا باسم صندوق النقد ولا سم البنك العاربي,الشعب باسم الشعب مش باسم الشعب هاذا باسم صندوق النقد ولا باسم البنك العالمي,6.050000190734863,youtube_DxTQFsMsyzM_140,0.5714285714285714
labeled_linagora_cs_arabize,نا مع بعضا شءالله لل,يعيشك يعيشك كلنا مع بعضنا ان شاء الله يعيشك لباس عليك صح لباس يعيشك,6.348999977111816,youtube_DxTQFsMsyzM_141,0.9285714285714286
labeled_linagora_cs_arabize,ن م ن  ك   ي  قرس,عالسلامه يا صبيه احنا الحمد احنا نوابليه لكن سيد الرئيس بروسس سنوات و لا يلزم يقرا حسابه مياة,9.031999588012695,youtube_DxTQFsMsyzM_142,1.0
labeled_linagora_cs_arabize,قدام موش عملها تو بما معنها تلقى ساعة الرسيف العرض متاعه ميترو في النصر,سنه في قدام مش يعملها توا بلان دون ميناجمون معناها تلقى سعة الرصيف العرض متاعه متر في النصر,7.710999965667725,youtube_DxTQFsMsyzM_143,0.6666666666666666
labeled_linagora_cs_arabize,معناه تشوف الأرصفة اللي موجودة في باب حر معناه ولا في بعض المناطق تلقاهم,معناها تشوف الارصفه الي موجوده في باب بحر معناها ولا في بعض المناطق تلقاها,5.989999771118164,youtube_DxTQFsMsyzM_144,0.5
labeled_linagora_cs_arabize,قراعوا حسابهم المئة سنة القدام ولا في بعض المدن,قراوا حسابهم لي مياة سنه القدام ولا في بعض المدن,4.066999912261963,youtube_DxTQFsMsyzM_145,0.4
labeled_linagora_cs_arabize,لاها الفساد,النصر النصر كلاها فساد كلاها فساد,4.146999835968018,youtube_DxTQFsMsyzM_146,1.0
labeled_linagora_cs_arabize,سدمعناها شلي غابة من الاسمنت المسلحة,الفساد معناها غابه من الاسمنت المسلح,4.367000102996826,youtube_DxTQFsMsyzM_147,0.6666666666666666
labeled_linagora_cs_arabize,انشاء الله,وان شاء الله رب,1.8229999542236328,youtube_DxTQFsMsyzM_149,0.75
labeled_linagora_cs_arabize,,تونس,0.7020000219345093,youtube_DxTQFsMsyzM_150,1.0
labeled_linagora_cs_arabize,رك لله,بارك الله فيك,0.781000018119812,youtube_DxTQFsMsyzM_151,1.0
labeled_linagora_cs_arabize,حضل,لي الحفاظ على,1.4229999780654907,youtube_DxTQFsMsyzM_152,1.0
labeled_linagora_cs_arabize,حتى في بعض الملفات والحمد لله مرا تونس برجالة ونساها وان شاء الله نرفعو كل,حتى في بعض الملفات و الحمد لله اما راه تونس برجالها ونساها و وان شاء الله نربح كل,7.710999965667725,youtube_DxTQFsMsyzM_153,0.3888888888888889
labeled_linagora_cs_arabize,دات كل التحديات عيكم,التحديات كل التحديات يعطيكم صحته تحيه,4.298999786376953,youtube_DxTQFsMsyzM_154,0.6666666666666666
labeled_linagora_cs_arabize,ينا فرحان   م ل  الحق الفلسيني,يعيشك انا برشا فرحانا الي انا شفتك يعيشك و انا فرحان الي شفتك يعيشك ما تخليش القظيه الفلسطينيه ما نخلوهاس عمرنا ما نخليوها,8.993000030517578,youtube_DxTQFsMsyzM_155,0.9565217391304348
labeled_linagora_cs_arabize,الحق الفلسطيني مش مشذيع لا كلنا مع الحق عيش بارك الله,ما نخليها الحق الفلسطيني ما هو ش باش يظيع لا كلنا مع الحق يعيشك يعيشك بارك الله فيك,9.131999969482422,youtube_DxTQFsMsyzM_156,0.5555555555555556
labeled_linagora_cs_arabize,سن حوار اس عايش عايش نا قسم تقر,يعيشك عالسلامه اشني احوالك لاباس لاباس يعيشك يعيشك في انه قسم انه قسم تقرا سنه سادسه و انا,9.732999801635742,youtube_DxTQFsMsyzM_158,0.9444444444444444
labeled_linagora_cs_arabize,حبك برش,نحبك برشا ز,0.781000018119812,youtube_DxTQFsMsyzM_159,1.0
labeled_linagora_cs_arabize,جبت معدل عناول  ان شاء الله سناي خير,قدا جبت معدل عمناول سطاش اه تبارك الله ان شاء الله السنه تجيب خير بقدره الله يعيشك,6.409999847412109,youtube_DxTQFsMsyzM_160,0.6470588235294118
labeled_linagora_cs_arabize,عيكربفضما تخلاش وماذيعش حق الشعب الفلسطيني,يعيشك يعيشك ربي يفضلهم لك يا فخر العرب ما تخليش القضيه الفلسطين ما تتخلاش و ما تضيعش حق الشعب الفيلسطيني,9.053999900817871,youtube_DxTQFsMsyzM_161,0.9
labeled_linagora_cs_arabize,ومع حق الشعب الفلسطيني منض  من في رقا اك,تتخلاش وما يضيعش حق الشعب الفلسطيني ما نضيعوهاش امانا في رقبتك امانا في رقابنا,8.85200023651123,youtube_DxTQFsMsyzM_162,0.7142857142857143
labeled_linagora_cs_arabize,ا الله ماس لشعب الفلسطيني يسترد كل أرض فلسطين,ان شاء الله نصلو الشعب الفلسطيني يسترد كل ارض فلسطين ان شاء الله ان شاء الاكثريه,7.333000183105469,youtube_DxTQFsMsyzM_163,0.6875
labeled_linagora_cs_arabize,الأكثرية من الأطفال والأكثرية من النساء ويهدمواف,الاكثريه من الاطفال ولاكثريه من النساء ويهدم في,7.793000221252441,youtube_DxTQFsMsyzM_164,0.625
labeled_linagora_cs_arabize,بو منا يحبو يسنعو خريطة جديدة للشرق الكل,البيوت معناها يحبوا يصنعوا خريطه جديده للشرق الكل,3.885999917984009,youtube_DxTQFsMsyzM_165,0.75
labeled_linagora_cs_arabize,بالقنابل وبالشواريخ وإبادة ولكن,بالقنابل و بالصوريخ و بالاباد و لكن ما هم ش باش يخلط آخر جدار ليهم هيا المقاومه,7.831999778747559,youtube_DxTQFsMsyzM_166,0.9411764705882353
labeled_linagora_cs_arabize,يالمقاومة وستتواسل المقاومة وستسرت بالشعب بالفلسطيني,المقاومه فلسطين المقاومه وستتواصل المقاومه وسرد الشعب الفلسطيني,5.769000053405762,youtube_DxTQFsMsyzM_167,1.0
labeled_linagora_cs_arabize,ننحن مع الشعب الأي يحبوا يعملو بعد ما قط,نحن مع الشعب ايه حبوا يعملوا بعد ما قتلوا,4.7870001792907715,youtube_DxTQFsMsyzM_168,0.5555555555555556
labeled_linagora_cs_arabize,بالنسب ليوم رقم مرد رق,الالاف معناها بالنسبه ليهم رقم مجرد رقم نعم و الناس,9.831999778747559,youtube_DxTQFsMsyzM_169,0.9
labeled_linagora_cs_arabize,ش تحت الانقاذ,تعيش تحت الانقاذ معناها عمليه,2.203000068664551,youtube_DxTQFsMsyzM_170,0.6
labeled_linagora_cs_arabize,لعالم تركن الشعوب الحمد لله,اباده اباده اباده جماعيه ايه العالم توا العالم يتفرج ولكن الشعوب الحمد لله بدات,6.9679999351501465,youtube_DxTQFsMsyzM_171,0.7857142857142857
labeled_linagora_cs_arabize,تفيق والإنسانية كلها بدأت تستفيق,تستفيق والانسانيه كلها بدات تستفيق مع,2.6449999809265137,youtube_DxTQFsMsyzM_172,0.6666666666666666
labeled_linagora_cs_arabize,المعركة اللي قاموا بها من الش,ايه على تلابيب ايه المعارك الي قاوموا بها معناها الشعب,7.993000030517578,youtube_DxTQFsMsyzM_173,0.9
labeled_linagora_cs_arabize,لطيني بالفعل شعب جبرين كما كان يقول أبو عمار,الفلسطيني بالفعل شعب جبارين كما كان يقول ابو عمار ايه نعم ايه,5.966000080108643,youtube_DxTQFsMsyzM_174,0.5
labeled_linagora_cs_arabize,بالرغم من المعانات بالرغم من أنهم يقتلوا الأطفال لأنهم مش يكونوا فذائيين,ايه بالرغم من المعاناة بالرغم من انهم يقتلوا الاطفال لانه مش يكونوا فدائيين في,5.75,youtube_DxTQFsMsyzM_175,0.5
labeled_linagora_cs_arabize,معنى استهداف الأفتال  لأنهم يعرفوهمباش يكونوا فدائيين وممش ضيعو,المستقبل معناها استهداف الاطفال ايه لان يعرفوهم باش يكونوا فدائيين ومش يضيعوا,6.9720001220703125,youtube_DxTQFsMsyzM_176,0.75
labeled_linagora_cs_arabize,ينلا تنحى الحافلات وتنحى المرفق العمومي للنقل وتشوف معناها الخراب,الفلسطيني لا تنحى الحافلات وتنحى المرفق العمومي للنقل وتشوف معناها الخراب,8.934000015258789,youtube_DxTQFsMsyzM_178,0.18181818181818182
labeled_linagora_cs_arabize,وشوفوا الوضعية متاعهم معنا بالحد اللي أدنا وكان تم رسك,توا تشوف الوضعيه متاعهم بالحد الادنه كان تم رسكلة,4.9679999351501465,youtube_DxTQFsMsyzM_181,0.8888888888888888
labeled_linagora_cs_arabize,هم في الفلاد معنا شوف قدرش من آلاف الأطنان من الحديد وهذا جزء بسيط,لتهم معناها الفولات مع شوف قدش من الاف الاطنان من الحديد و هاذا جزء بسيط لانه,9.432999610900879,youtube_DxTQFsMsyzM_182,0.625
labeled_linagora_cs_arabize,هدف متاعهم وذرب النقل العمومي والنقل العمومي والناس تقعد كل يوم باش نمشي تسن,الهدف متاعهم هو ضرب النقل العمومي و النقل العمومي و الناس تقعد كل يوم باش تمشي تستنى,6.550000190734863,youtube_DxTQFsMsyzM_183,0.5294117647058824
labeled_linagora_cs_arabize,عطين ولا اث ركوبات باش يركب فما خطوط نحاو عرفش نحاو منم من الخطوط الحديدية,ساعتين ولا ثلاثة ركبات باش يركب ثم خطوط تنحاو علاش تنحاو منهم الخطوط الحديديه و هيا,8.711999893188477,youtube_DxTQFsMsyzM_184,0.75
labeled_linagora_cs_arabize,سات لساف الخطوط الحديدية الليما تمش تطويرها بل بالعكس معنهاكانت,ماسات للاسف الخطوط الحديديه الي ما تمش تطويرها بل بالعكس معناها كانت الي في عام,5.130000114440918,youtube_DxTQFsMsyzM_185,0.6666666666666666
labeled_linagora_cs_arabize,في عام أكثر من لموجودة,الي في عام الف و تسعميا و ثلاثة اكثر من موجوده في,2.424999952316284,youtube_DxTQFsMsyzM_186,0.75
labeled_linagora_cs_arabize,الدرجة متاع الخراب وضرد مرفق من بين أهم المراطق طيب خارج الخدمة,الفين و ثلاثة و عشرين الدرجه متاع الخراب وضرب مرفق من بين اهم المرافق طيب خارج الخدمه ما,9.793999671936035,youtube_DxTQFsMsyzM_187,0.6111111111111112
labeled_linagora_cs_arabize,م جديد لاف النن,من جديد الاف الاطنان,3.00600004196167,youtube_DxTQFsMsyzM_189,0.75
labeled_linagora_cs_arabize,مرة و في المنيلة وفي التظامن يقدوا بالسعتين باش امرة طوس لأنهم ظرب,معناها في المنيعله ولا في التضامن يقعد بالساعتين باش المراه توصل لانهم ضربوا,6.750999927520752,youtube_DxTQFsMsyzM_192,0.9230769230769231
labeled_linagora_cs_arabize,نقل العموم بداية من اخر سنوت,النقل العمومي بدايه من آخر السنوات,2.3450000286102295,youtube_DxTQFsMsyzM_193,0.8333333333333334
labeled_linagora_cs_arabize,النقل هذا الجماعي لمعمول في مهين الكرامة,النقل هاذا الجماعي الي معمول في مهين الكرامه,5.848999977111816,youtube_DxTQFsMsyzM_194,0.5
labeled_linagora_cs_arabize,معنا توسيا عنده الحق في التنقل مش الحق في التنقل في الدستور,الانسانيه معناها تونسي عنده الحق في التنقل مش الحق في التنقل في الدستور,6.935999870300293,youtube_DxTQFsMsyzM_195,0.23076923076923078
labeled_linagora_cs_arabize,وفي ظرف طيبة تحفظ كرمت,تعمل باش في ضروف طيبه و في ضروف طيبه تحفظ كرامة,3.005000114440918,youtube_DxTQFsMsyzM_196,0.9090909090909091
labeled_linagora_cs_arabize,نا وزارة النقل والشركة وين هي وعلاش مخ,وزاره النقل الشركه وين هيا و علاش مخليتهم,2.984999895095825,youtube_DxTQFsMsyzM_197,0.875
labeled_linagora_cs_arabize,بعد حيانا تلقى برا في الشارع,بعض الاحيان تلقى امراه في الشارع في,6.5320000648498535,youtube_DxTQFsMsyzM_199,0.5714285714285714
labeled_linagora_cs_arabize,فجر معنا تخلي دارة ما ترجع كان في الليل وتقعد تستن,الفجر معناها تخلي دارها ما ترجع كان في الليل وتقعد تستنى,4.468999862670898,youtube_DxTQFsMsyzM_200,0.36363636363636365
labeled_linagora_cs_arabize,عطي وأكثر وكانت خطوط موجودة ولكن تم ي,ساعتين واكثر وكانت خطوط موجوده ولكن تم ايه,6.48799991607666,youtube_DxTQFsMsyzM_201,0.5
labeled_linagora_cs_arabize,ونقل من كار الكار وبرا قاعد ستنى الكار الأخرى حتى تجيء وشوف قداش فيها ساع,ونقل من الكار الكار وبرا عاد استنى الكار الاخرى حتى تجي وشوف قداش فيها ساعه,5.548999786376953,youtube_DxTQFsMsyzM_202,0.4
labeled_linagora_cs_arabize,ل شوف السيد الوهلي قداش من عربة واني وزارة النقل واني,يتسكر شوف السيد الواليه قداش من عربه وين وزاره النقل وين,9.631999969482422,youtube_DxTQFsMsyzM_204,0.5454545454545454
labeled_linagora_cs_arabize,رك الي,شركه ايه و هذاكة الي شوف فيهم,1.7430000305175781,youtube_DxTQFsMsyzM_205,0.8571428571428571
labeled_linagora_cs_arabize,不要骂了把,شوف فيهم اربعه توا,0.8019999861717224,youtube_DxTQFsMsyzM_206,1.0
labeled_linagora_cs_arabize,ومعنا شوف عدد العربيات وشوف أموال الشعب,ايه معناها شوف عدد العربيات وشوف اموال الشعب,5.689000129699707,youtube_DxTQFsMsyzM_207,0.375
labeled_linagora_cs_arabize,وبعض يقولو الدولة ثالثة هو ما يفرسوها وبعد يقل,و بعد يقولوا الدوله فالسه هم يفلسوها و بعد يقول لك,9.253000259399414,youtube_DxTQFsMsyzM_208,1.0
labeled_linagora_cs_arabize,القطاع الخاص,القطاع الخاص طيب,1.5219999551773071,youtube_DxTQFsMsyzM_209,0.3333333333333333
labeled_linagora_cs_arabize,طع الخاص ولكن خلي القطاع العمومي يخدم قلناش ما تخدمش خلي القطاع العمومي اخرش ي,القطاع الخاص ولكن خلي القطاع العمومي يخدم بالطبيعة ما قلناش ما تخدمش لكن خلي القطع يخرج ايه,7.160999774932861,youtube_DxTQFsMsyzM_210,0.47058823529411764
labeled_linagora_cs_arabize,الدول الأوروبية تلقى الميترو تلقى الحافلات وتلقى لتكسيات,الدول الاوروبيه تلقى المترو تلقى الحافلات وتلقى تكسيات,5.428999900817871,youtube_DxTQFsMsyzM_211,0.375
labeled_linagora_cs_arabize,لانحن يلزم نكل الفوت فيها معنا الدولة بالنسبة ليوم,لا نحنا لازم كل نفوت فيها معناها الدوله بالنسبه لهم ل,4.166999816894531,youtube_DxTQFsMsyzM_212,0.9090909090909091
labeled_linagora_cs_arabize,,جوندارم تمس حياه المواطن,3.0239999294281006,youtube_DxTQFsMsyzM_213,1.0
labeled_linagora_cs_arabize,لا سبيلة لي لا سبيل باش نسلموا في المرافق الهممية تاع الو ك لحق في الصحة لحف النقل ح,لا سبي اليه لا سبيل باش نسلم في المرافق العموميه متاع الدوله الحق في الصحه الحق في النقل الحق,6.63100004196167,youtube_DxTQFsMsyzM_214,0.631578947368421
labeled_linagora_cs_arabize,عليم حكف الضمان الاجتماعي,في التعليم الحق في الضمان الاجتماعي هاذي من حقوق,2.8450000286102295,youtube_DxTQFsMsyzM_215,0.7777777777777778
labeled_linagora_cs_arabize,يحب يذرب كل مناالشركات الوطنية اللي كانت وهذه جزء فقط مالمؤسسات والمشات,يحب يضرب كل الشركات الوطنيه الي كانت رابح و هاذي جزء فقط من المؤسسات والمنشات,7.25,youtube_DxTQFsMsyzM_216,0.6666666666666666
labeled_linagora_cs_arabize,,العموميه وشركات شوف,2.4040000438690186,youtube_DxTQFsMsyzM_217,1.0
labeled_linagora_cs_arabize,موس الفراي باش الناس اللي تهجر بالفراي باش تربح المفروض,مش الفيراي الناس الي تاجر بالفيراي باش تربح المفروض,4.868000030517578,youtube_DxTQFsMsyzM_219,0.6666666666666666
labeled_linagora_cs_arabize,ا ملك الدولة يرجع لشعب لا مافم لما تحركوشر,هاذا ملك الدوله يرجع للشعب تحرق الحصيلو ما عادش يصلح لا فمة الي ما تحرقو ثم الي,6.409999847412109,youtube_DxTQFsMsyzM_220,0.8235294117647058
labeled_linagora_cs_arabize,rk m,حرقوهم و ثم مش,1.402999997138977,youtube_DxTQFsMsyzM_221,1.0
labeled_linagora_cs_arabize,ي وهذا جزء ر شوف,حرام في حرام ايه و هاذا جزء شوف توا نمشيو,3.3289999961853027,youtube_DxTQFsMsyzM_222,0.9
labeled_linagora_cs_arabize,العديد من المحطات الأخرى اتو نلقا والعديد معشرات العربات والناس تعني,العديد من المحطات الاخرى اتوا نلقاو العديد عشرات العربات ايه و من بعد و الناس تعاني معناها,7.410999774932861,youtube_DxTQFsMsyzM_223,0.7647058823529411
labeled_linagora_cs_arabize,ن معانات كل يوم ذا دخل با ف  الشركدخل لشرك,تعاني معانه كل يوم الور كي هاذا يدخل برشا فلوس للشركه يدخل الشركه,5.548999786376953,youtube_DxTQFsMsyzM_224,0.8461538461538461
labeled_linagora_cs_arabize,يلأن الهدف متاعهم اللي موجودين,فلوس ايه لانه الهدف متاعهم الي موجود,2.5850000381469727,youtube_DxTQFsMsyzM_225,0.7142857142857143
labeled_linagora_cs_arabize,هذا ء,اك تشوف حتى المسؤولين لهنا هاذا جزء نمشي كيف,4.947999954223633,youtube_DxTQFsMsyzM_226,1.0
labeled_linagora_cs_arabize,كان الأسنتي لي كانت موجودة علاش نحات العديد من الخطوط كن نعرف قاللي سعتين,كان سنت الي كانت موجوده علاش تنحات العديد من الخطوط اك النهار قاللي ساعتين,7.63100004196167,youtube_DxTQFsMsyzM_227,0.5
labeled_linagora_cs_arabize,ونعرفهم كفاش يقعدوا يستناوا ساعتين,نستناو ونعرفهم كيفاش يقعدوا يستناو ساعتين في,5.348999977111816,youtube_DxTQFsMsyzM_228,0.5714285714285714
labeled_linagora_cs_arabize,لحاف لو برا عاد باش يركب رقوب آخر ويلوج على يوقعد ساعتين أخرين معنا مرا تخرج في الفشر,الحافله وبرا عادي باش يركب ركوب آخر و يلوج على يقعد ساعتين اخرين مع المراه تخرج في الفجر,6.829999923706055,youtube_DxTQFsMsyzM_229,0.6666666666666666
labeled_linagora_cs_arabize,فجر تخدم لا مرأة مظلومة معنا الأسف الفجر تخدم تخرج,الفجر تخدم المراه مظلومه معناها في الفجر تخدم تخرج,5.1519999504089355,youtube_DxTQFsMsyzM_230,0.6666666666666666
labeled_linagora_cs_arabize,شهر ن ميخدمش,اي شهر و نصف ما يخدم ش,1.3020000457763672,youtube_DxTQFsMsyzM_231,0.8571428571428571
labeled_linagora_cs_arabize,اهذا يلزم يتحل على المستوى الوطني اللي يناوي باش يبيع المؤسسات ولا ب,هاذا يلزم يتحل على المستوى الوطني الي ناوي باش يبيع المؤسسات ولا يبيع,3.819999933242798,youtube_DxTQFsMsyzM_232,0.3076923076923077
labeled_linagora_cs_arabize,معداشمتريات  نا متريات,معناش متريال يلزم متريال,2.6449999809265137,youtube_DxTQFsMsyzM_233,1.0
labeled_linagora_cs_arabize,لا هما وقفوها الليني باش يخدمو ا يقعد,لا هوم وقفوها الليني باش يخدموا باش يقعدوا,3.6659998893737793,youtube_DxTQFsMsyzM_234,0.5
labeled_linagora_cs_arabize,ناس تعاني هذي هي وباش يربحوا مجموعة هو الشعب الكل يقعد يعاني م,الناس تعاني ماهو هاذي هيا وبش يربحوا مجموعه و الشعب الكل يقعد يعاني معناها,5.1479997634887695,youtube_DxTQFsMsyzM_235,0.5714285714285714
labeled_linagora_cs_arabize,يمشي كنار على سبع مائة متر وقالت شركة جهاوية قالت لا خاصر فيها إطلام دا ما يسوش يقراه,يمشي اك النهار على سبعمياة متر قالت الشركه الجهويه قالت لا خاصره فيها التلامذه ما يوصلوش يقراو,7.710999965667725,youtube_DxTQFsMsyzM_236,0.7058823529411765
labeled_linagora_cs_arabize,ر اشركة خاص يلزم مرفق عمومي توفرو الدولةك,خاطر الشركه خاصره يلزم مرفق عمومي توفروا الدوله الكل,3.746000051498413,youtube_DxTQFsMsyzM_237,0.6666666666666666
labeled_linagora_cs_arabize,كان المر تمثل الدول,وكان المفروض يعلمو انتي تمثل الدوله تمثل ايه ايه ايه احنا نقعد,9.33899974822998,youtube_DxTQFsMsyzM_238,0.9166666666666666
labeled_linagora_cs_arabize,,مش فهمين,1.1410000324249268,youtube_DxTQFsMsyzM_239,1.0
labeled_linagora_cs_arabize,عندمحقعندهم الحق منابسط القواعد ولا باش يتنق  ممش الدولة,كياس ومشين عندهم الحق عندهم الحق من ابسط القواعد وان باش يتنقل ايه ما مش الدوله داخل,7.631999969482422,youtube_DxTQFsMsyzM_240,0.8235294117647058
labeled_linagora_cs_arabize,م سياسة دولة تنفها كل مشات والموسسات,الدوله فمة سياسه دوله تنفذها كل المشات و المؤسسات,2.746000051498413,youtube_DxTQFsMsyzM_241,0.8888888888888888
labeled_linagora_cs_arabize,شوف قدش عشرات العربات رع علاف الأطنان,العموميه شوف قداش عشرات العربات الاف الاطنان,5.589000225067139,youtube_DxTQFsMsyzM_242,0.7142857142857143
labeled_linagora_cs_arabize,باش يبعوهم في راي وباش يبيعوهم للناس اللي متصلط على الثرو,ايه ايه يحرقوهم باش يبيعوهم باش يبيعهم فيراي وباش يبيعوه للناس الي متسلطه على ثروة,8.031999588012695,youtube_DxTQFsMsyzM_243,0.7333333333333333
labeled_linagora_cs_arabize,هذاك  الترتيب معروف وحرقو بيا,الشعب هذاكة هو معناها الترتيب معروف اك احرق و بيع بال ايه,4.10699987411499,youtube_DxTQFsMsyzM_245,0.8333333333333334
labeled_linagora_cs_arabize,قافة البلدان الليبرالي موجود الميترو موجود,تلقاه في البلدان الليبراليه موجود المترو موجود,5.609000205993652,youtube_DxTQFsMsyzM_246,0.5714285714285714
labeled_linagora_cs_arabize,نحن يلزم الميترو مثماش  وحتى الخطوط كيما تم رسم والفساد لليحصلله فيها,الحافله لا نحن يلزم المترو ما فماش وحتى الخطوط ما تم رسمه و الفساد الي حصله فيها,9.411999702453613,youtube_DxTQFsMsyzM_247,0.6470588235294118
labeled_linagora_cs_arabize,عاملوها وسدوها وقت في شارع الويبراي وشارع جو جوراس خاطر قالك لانا ما تحبش,عملوها وسدوها وقت في شارع لوي براي و شارع جون جوراس خطر قاللك فلانه ما تحبش,6.349999904632568,youtube_DxTQFsMsyzM_248,0.5625
labeled_linagora_cs_arabize,ع قدامهاد حلوها من بعد وثم المفروض را نحن المطورين,يتعدى قدامها وعدوا حلوها بعد وثم المفروض نحن المطورين معناها السكه,7.013999938964844,youtube_DxTQFsMsyzM_249,0.6363636363636364
labeled_linagora_cs_arabize,كانت المفروض متطورة ومتجمش يكون اقتصاد لا كان ثم اربط متاع المناطق الداخلية,كانت المفروض مطوره وما تنجم يكون اقتصاد كان ثم الربط متاع المناطق الداخليه,6.169000148773193,youtube_DxTQFsMsyzM_250,0.46153846153846156
labeled_linagora_cs_arabize,فهموش  حتى مسبت قاليب وهذه فرصة ب تحدث,ما فهمو ش اصلا حتى مساه الاقاليم وهذ فرصه باش نتحدث,2.9649999141693115,youtube_DxTQFsMsyzM_251,0.9090909090909091
labeled_linagora_cs_arabize,هذا المفهموش هو موجود كان الربط وحتى في الاقاليم ال يتحدثوا عل القاليم كانيبدأ,مع هاذا ما فهمو ش موجود كان الربط وحتى في الاقاليم الي تحدثوا الاقاليم كان يبدع,6.269000053405762,youtube_DxTQFsMsyzM_252,0.625
labeled_linagora_cs_arabize,ربط المناطق الداخلية بالمناطق الساحلية الل هي أكثر خضم لن خطر,هيا ربط المناطق الداخليه بالمناطق الساحليه الي هيا اكثر ح لانه خطر فيها,5.927999973297119,youtube_DxTQFsMsyzM_253,0.6923076923076923
labeled_linagora_cs_arabize,المارة الساحلية في كل الدول المرة القا أكثر لأنه فم البحر وفم التجارة مع الخارج وهذه توجدت في وقت,المناطق الساحليه في كل الدول معناها تلقاها اكثر لانه البحر و فمة التجاره مع الخارج و هاذي توجد في وقت من,7.611000061035156,youtube_DxTQFsMsyzM_254,0.6666666666666666
labeled_linagora_cs_arabize,قات في تونس عام التقسيم الافقي للجهات الدريجو كونومي هذا وما قاكب,الاوقات في تونس عام سبعة و عشرين التقسيم الافقي للجهات لي ريجيون ايكونوميك هاذا هو قال لا بدع,8.630999565124512,youtube_DxTQFsMsyzM_255,0.6666666666666666
labeled_linagora_cs_arabize,قابحر عطينكم بحر معنا مازالوا يفكروا بالشكل اللي يستبرهوا فيه ف الش,نحب قال بحر اعطيناكم بحر معناها مازالوا يفكروا بالشكل الي يسبلهو فيه في الشعب,6.071000099182129,youtube_DxTQFsMsyzM_256,0.6428571428571429
labeled_linagora_cs_arabize,وي الربط ما كيما أخوة واحد لابس عليه ولاخر موش مبسوط كيف الي مبسوط يعاون الاخر,التونسي الربط كما اخوه واحد لاباس عليه ولاخر مش مبسوط كيف الي مبسوط يعاون الاخر,9.812000274658203,youtube_DxTQFsMsyzM_257,0.4
labeled_linagora_cs_arabize,ق الاندماش الاقتصادي والدور الأساسي متاع الدولة هو تحقيق الاندماش الاقتصادي,يقع الاندماج الاقتصادي والدور الاساسي متاع الدوله هو تحقيق الاندماج الاقتصادي,5.104000091552734,youtube_DxTQFsMsyzM_259,0.45454545454545453
labeled_linagora_cs_arabize,وهذا الهدف من المجلس الوطني الجات والأقاليم,و هاذا الهدف من المجلس الوطني لجهات الاقاليم,2.5850000381469727,youtube_DxTQFsMsyzM_260,0.5
labeled_linagora_cs_arabize,طار وحدة الدولة لا قالوا دولة اتحادية ما يعرفاشه دولة اتحادية,في اطار وحده الدوله لا قالوا الوله اتحاديه ما يعرفوهاش الدوله الاتحاديه دوله,5.209000110626221,youtube_DxTQFsMsyzM_261,0.7692307692307693
labeled_linagora_cs_arabize,نسم وحدة وهذه الجات والأقاليم أنا تنبع كما تحدثتا فيه لعديد من المرات,تونس موحده و هاذي الجهات و الاقاليم تنبع كيما تحدثنا فيها العديد من المرات,6.630000114440918,youtube_DxTQFsMsyzM_262,0.7857142857142857
labeled_linagora_cs_arabize,الإرادة من الداخل وتوصل المركز بش يكون المهم الصعنع للقرار لا هو ما يتحدث على,الاراده من الداخل وتوصل للمركز مش يكون المهمش صانع للقرار لا هم يتحدثوا على ما,7.011000156402588,youtube_DxTQFsMsyzM_263,0.6
labeled_linagora_cs_arabize,عرفوش حتى معنى الاقليم تو فم اقليم الحرص الوطني ولا مستقل ولا اقليم السناد,يعرفوش حتى معنى الاقليم فمة اقليم الحرس الوطني ولا مستقل ولا اقليم السناد,7.489999771118164,youtube_DxTQFsMsyzM_264,0.3076923076923077
labeled_linagora_cs_arabize,ق نا قديم هو موجود و كان في وقت من الأوقات في عامعملو قانون يتعلق,مستقل لا قليم هو موجود كان في وقت من الاوقات في عام ثنين و سبعين عملوا قانون يتعلق,7.171000003814697,youtube_DxTQFsMsyzM_265,0.5555555555555556
labeled_linagora_cs_arabize,قليم تونس الكبر وما يعرفوش للأسف والأشباه الخبراء اللي هذاك وقتها,باقليم تونس الكبرى صحيح ما يعرفوش للاسف اشباه الخبراء الي تنست هذاكة وقت وكان,7.951000213623047,youtube_DxTQFsMsyzM_266,0.7857142857142857
labeled_linagora_cs_arabize,شروع لتهيئة تونس الكبرى لا لأسف معنا تم التخلي عليه وشاف تونس الكبرا,مشروع ل تهيئه تونس الكبرى للاسف مع تم التخلي عليه وشف تونس الكبرى,5.559999942779541,youtube_DxTQFsMsyzM_267,0.6153846153846154
labeled_linagora_cs_arabize,بش للأسف را ولات في الضواحي بتاعها والناس اللي ما يعرفوش,كيفاش للاسف ولات في الضواحي متاعها و الناس الي ما يعرفو ش,6.730999946594238,youtube_DxTQFsMsyzM_268,0.75
labeled_linagora_cs_arabize,مش عرفين معناه غضوة اللي هنا اللي فيتالة للي في قبلي في في العمران وقت,مش عارفين معناها غدوه الي هنا الي في تاله الي في قبلي في في العمران وقت,8.770999908447266,youtube_DxTQFsMsyzM_269,0.5
labeled_linagora_cs_arabize,شن منزل بوزيان يولي غدو هو يساهم في وضع التشريعات والربط هذيا هو الربط,مشينا منزل بوزيان يولي غدو هو يساهم في وضع التشريعات والربط هذايا هو الربط باش,8.314000129699707,youtube_DxTQFsMsyzM_270,0.2
labeled_linagora_cs_arabize,تمكن واحد باش يزداخل وتعمل في تونس بقانون وفما خريطة كاملة اوش بقانون وقتع,يمكن واحد باش يهز لاخر وتعمل في تونس بقانون و فمة خريطه كامله مش قانون وقت عام,7.610000133514404,youtube_DxTQFsMsyzM_271,0.6470588235294118
labeled_linagora_cs_arabize,ربط مثلا سوسة والقروان وتالع وقتهاموجود النص ولكن منلجه ل مق,سبعة و عشرين ربط مثلا سوس القروان وتاله وقت موجود النص ولكن من الجهل ما قتل,7.909999847412109,youtube_DxTQFsMsyzM_272,0.75
labeled_linagora_cs_arabize,,فاهمين فاهمين,3.257999897003174,youtube_DxTQFsMsyzM_273,1.0
labeled_linagora_cs_arabize,خر م الجئة لأخرى مرا الناس الكلكف,من الجهه الاخرى الناس الكل كيف كيف,3.3450000286102295,youtube_DxTQFsMsyzM_275,1.0
labeled_linagora_cs_arabize,قدم المساوات والمشروع التنموي ينبع من الإيرادة الشعبية مش من وك,على قدم المساوات والمشروع التنموي ينبع من الاراده الشعبيه مش منوال باقي نتحدث عن,5.548999786376953,youtube_DxTQFsMsyzM_276,0.5
labeled_linagora_cs_arabize,سنا ن نلوج على منوال تلموي هذا المنوال نابع ن را,المنوال خمسين سنه ونحن نلوج على منوال تنموي هاذا المنوال نابع من اراده,5.829999923706055,youtube_DxTQFsMsyzM_277,0.6153846153846154
labeled_linagora_cs_arabize,ن  ف الدسير,معناها حتى في برشا دول في العالم توجه جديد العمل و كان يشوفو حتى في الدساتير في عديد,7.290999889373779,youtube_DxTQFsMsyzM_278,1.0
labeled_linagora_cs_arabize,دولتو في إيطاليا ولا في إسبانيا,من الدول في ايطاليا ولا في اسبانيا,2.502000093460083,youtube_DxTQFsMsyzM_279,0.5714285714285714
labeled_linagora_cs_arabize,,سور ليتا ريجونال ريجونال ايه لهنا معناها لهنا ماهوس باش يكون,4.2230000495910645,youtube_DxTQFsMsyzM_280,1.0
labeled_linagora_cs_arabize,المستقلة عن الدولة في هطار وحدة الدولة باش تحقق الاندماج المطلوب لأسف,المستقل عن الدوله في اطار وحده الدوله باش تحقق الاندماج المطلوب الي للاسف,6.631999969482422,youtube_DxTQFsMsyzM_281,0.5384615384615384
labeled_linagora_cs_arabize,ونس خاص لما ربحتش الرهان في تحقيق اللدماش,تونس خسر ما ربحتش الريهان في تحقيق الاندماج,3.5840001106262207,youtube_DxTQFsMsyzM_282,0.625
labeled_linagora_cs_arabize,دينماكية جديدة ويولي هو اللي مهمش اللي ممسي يولي شارك في صنع,ديناميكيه جديده ويولي هو المهمش الي منسي يولي يشارك في صنع,5.127999782562256,youtube_DxTQFsMsyzM_283,0.6363636363636364
labeled_linagora_cs_arabize,م ي وخلق الثروة الشركات الأهلية بش يخلق الثروة والناس اللسف,القرار و خلق الثروه و خلق الثروه بطبيعت و الشركات الاهليه مش يخلق الثروه و الناس لا للاسف,7.289999961853027,youtube_DxTQFsMsyzM_284,0.8888888888888888
labeled_linagora_cs_arabize,بصط المفاهيم أما ما يعرفوهاش ولا يتم تشويهها ي هومش قادرين ذا سفوتح,ابسط المفاهيم اما ما يعرفوهاش ولا يتم تشويهها اي وماش قادرين للاسف يتحدثوا وكان,6.943999767303467,youtube_DxTQFsMsyzM_285,0.5
labeled_linagora_cs_arabize,قرعوا شوية التاريخ من يدعي وأنهم قرأوا التاريخ أي أي التاريخ متاع القرن العشرين,قراوا شويه التاريخ من يدعيوا انهم قراوا التاريخ ايه ايه التاريخ متاع القرن العشرين ولا,5.309000015258789,youtube_DxTQFsMsyzM_286,0.5333333333333333
labeled_linagora_cs_arabize,ع الدول الحالية في الأظمة الدستورية والإدارية في عدد من الدول,متاع الدول الحاليه في الانظمه الدستوريه والاداريه في عدد من الدول,5.728000164031982,youtube_DxTQFsMsyzM_287,0.45454545454545453
labeled_linagora_cs_arabize,على كل حال هذا بششوفو مرا الدرجة من الأهمال في النقل وم اش س,الاوروبيه على كل حال هاذا باش يشوفوا معناها درجه من الاهمال في النقل و مناش باش نسلم في,8.71399974822998,youtube_DxTQFsMsyzM_288,0.6666666666666666
labeled_linagora_cs_arabize,نقل العموم هو فما خطوط يلزمها ترجع وكف تونسا ملمعانات,النقل العمومي و فمة خطوط يلزمها ترجع ويكفي توانسه من المعاناه,4.769000053405762,youtube_DxTQFsMsyzM_289,0.7272727272727273
labeled_linagora_cs_arabize,بدو فيها,يكبدوا فيها كل يوم,1.402999997138977,youtube_DxTQFsMsyzM_290,0.75
labeled_linagora_cs_arabize,لا ناحاو كنر قال مشرابحتاها ي قالو ما يقراوش تلامت مرها مشرابح أنا سبعة كيلومتر قال مش,لا نحاوه اك النهار قال مش رابح فيها ايه قالوا ما يقراوشال تلامذه مش رابح على سبعة كيلومتر قالوا مش,7.009900093078613,youtube_DxTQFsMsyzM_291,0.7
labeled_linagora_cs_arabize,فم دولة تربية الناشقالو,رابح فمة دوله تربيه الناشئة الناس ماشيه تقراه باش نكونوا شعب قالوا لا مش,6.689000129699707,youtube_DxTQFsMsyzM_292,1.0
labeled_linagora_cs_arabize,تربح الشعب  تقر قل لا قال ا شرف حيها ما يقرو ح,هيا راهي انفستيسمون مش تربح الشعب مش تقريه تقوله لا ما قال مش ربحين فيها اي ما يقراوش لوحو اي باش وصع,8.430999755859375,youtube_DxTQFsMsyzM_293,0.7727272727272727
labeled_linagora_cs_arabize,دير م  سيبه بنا شعبنا,الدير باش يسيبو ابناء شعبنا يعطيكو الصحه س,4.502999782562256,youtube_DxTQFsMsyzM_294,0.875
labeled_linagora_cs_arabize,كون         ع خ,باش تكون في رليشنشيب فهمت مش مثلا يؤر تريينغ توا فورغت ابوت يور اكس بعد لاخر بليز دو نت دو ذيس يؤر هرة,10.095999717712402,amenyKH_0000662_0000116_0000001_662_116_1_0,1.0
labeled_linagora_cs_arabize,اللي شديت معاه كمالة الماستر الكل وبالحق فما داكور وليت نختارهم على خاطر نعرف فيهم شكون باش نجم نخدم معاه ونكيب,الي شديت معاه كملت ال ماستر الكل و بالحق فمة دي كور وليت نختارهم على خاطر نعرف فيهم شكون باش نجم نخدم معاهم ان ايكيب,9.592000007629395,0000027_0000374_0000001_27_374_1_0,0.48
labeled_linagora_cs_arabize,الحقيقة من الول حسيت برشا كره للبرسوناج هذيا,هاذيا بيرسوناج لحقيقة ملول حسيت برشا كره لل,3.927999973297119,0000076_0000051_0000003_76_51_3_0,0.75
labeled_linagora_cs_arabize,kenepie,كانبي,1.031999945640564,canapya_3193_0,1.0
labeled_linagora_cs_arabize,قال بينو بينروحو تو هذا معقول,قال بينو و بين روحو توا هاذا معقول,2.128000020980835,0000019_0000145_19_145_0,0.625
labeled_linagora_cs_arabize,دجاج,الدجاج,0.8960000276565552,ar--2101_1.wav_2101_1_0,1.0
labeled_linagora_cs_arabize,,يحبها هو بالضبط انسانه متخلقه متربيه و تستنى في مكتوبها في دار خوها كانت تعيش مع دار خوها بما انه امها وبوها متوفين وخوها كان معرس ويمكن حاجه من الحاجات الي خلاوها تقبل بالزواج بخونا مسعود هيا لو فيت و انها فينالمون باش تستقل ويولي,14.855999946594238,segment_0000359_segment_359_0,1.0
labeled_linagora_cs_arabize,الرضسنتحدث على أهمية هذا المرض نتحدث ل,الرضع سنتحدث على آه اهمية هاذا المرض نحن نتحدث كذلك على,4.328000068664551,amenyKH_0000009_chunk_0000006_009_chunk_6_0,0.7272727272727273
labeled_linagora_cs_arabize,معاش فما نظام صحيح ذي ادخان يدخل الفلوس,ما عادش فمة نظام صحيح الي الدخان يدخل الفلوس ل ل,2.8559999465942383,amenyKH_0000006_0000006_0002012_partie0000006_chunk_0000241_06_06_2012_partie6_chunk_241_0,0.6363636363636364
labeled_linagora_cs_arabize,تنخ,في اللخر,0.5440000295639038,ar--2375_1.5.wav_2375_1.5_0,1.0
labeled_linagora_cs_arabize,مرة أخرى,مرة اخرى,1.2719999551773071,ar--1698_0.75.wav_1698_0.75_0,0.5
labeled_linagora_cs_arabize,الراجل,الراجل,1.0,ar--2417_0.75.wav_2417_0.75_0,0.0
labeled_linagora_cs_arabize,كيتوصل للمرشي دور أول دورة عاليمين,كتوصل للمرشي دور اول دورة علمين,9.704000473022461,ar--3088_1.wav_3088_1_0,0.5
labeled_linagora_cs_arabize,أشكر لكل من أفادنا بإضافة معلومة ونرجو التوسع في الموضوع للمزيد فهم,اشكر لكل من افادنا باضافة معلومة ونرجو التوسع في الموضوع لمزيد فهم,5.119999885559082,TunSwitchTO_0000153_0000001_0000042_m0000007z_153_01_42_m7z_0,0.3333333333333333
labeled_linagora_cs_arabize,لازمني تابع آخر طلب ليا حال طلب والله منيش عارفها مرحلت بتاع طلب بتاعي منيش نجم نشوف آخر طلب و نوصلت منيش عارفها كيفاش نجم نتابع آخر طلب ليا,لزمني نتبع اخر طلب ليا حالة الطلب و اللهي ما ني ش عارفة مرحله متاع الطلب متاعي ما ني ش منجمة نشوف اخر طلب وين وصلت ما ني ش عارفة كيفاش نجم نتبع اخر طلب ليا,13.968000411987305,segment_0000101_segment_101_0,0.7777777777777778
labeled_linagora_cs_arabize,واحد النهار الكل هو يتربج بمرتو يا روحي يا حياتي يا قلبي يا عنية  فرحت عم هاتله حج,واحد النهار الكل هو يتربج بمرته يا روحي يا حياتي يا قلبي يا عيني فرحت اه ما فيتش مازالت فرحت عملت هك هداتله حجه,12.736000061035156,youtube_P268vEj5QTk_0,0.4583333333333333
labeled_linagora_cs_arabize,د,بعد ما روح من الحج ما عادش يقول في حتى كلمه قالتله وينه الكلام الحلو وينه يا قلبي يا روحي قاللها سامحني حجيت و بطلت الكذب,9.895999908447266,youtube_P268vEj5QTk_1,1.0
labeled_linagora_cs_arabize,تسكرت بعثين عيش,تسكرة بعثان يعيشك,1.3839999437332153,TunSwitchTO_0000014_0000019_0000043_0000079x_14_19_43_79x_0,1.0
labeled_linagora_cs_arabize,باش نحكي على te taig sa الي بالنسبة ليا من أحسن حاجات معناها n i,باش نحكي على ذي توكينق ستاج الي بالنسبة ليا من احسن الحاجات معناها ان ا ريلاسيونشيب واي بيكوز يو قيتينق تو نو سامبادي لايك ا هول,12.031999588012695,Melekher0000008_0000018_0000000_Melekher8_18_0_0,0.6923076923076923
labeled_linagora_cs_arabize,الخرجة,الخرجة,0.5839999914169312,ar--2021_1.wav_2021_1_0,0.0
labeled_linagora_cs_arabize,يحسف العباد في الشارع يقوله هذيك أنا صورتها هذيكنا يحط لياسمي انا الدين نو ن نو أنا  بالعكس معناها ليجورم نتاعي يخليني ينشيخ ليجويم يخلي,الشارع يقولو انا صورتها حطلي اسمي انا ديزاينر نو نو انا بالعكس معناها لايقوسوتريسم متاعي يخلني نشيخ لايقويسم يخليني,13.13599967956543,segment_0000296_segment_296_0,0.9473684210526315
labeled_linagora_cs_arabize,ما تتفجعوش را في الهواة ضربو جايش وقت اللي شوية من لطاهرين نحبو يضاهرو فيمدخ الوزارة,ما تتفجعوش راه في الهوا ضربو الجيش وقت الي شوية متظاهرين حبو يتظاهرو في مدخل وزارة,6.943999767303467,TunSwitchTO_0000026_0000015_0000023_0000005sx_26_15_23_5sx_0,0.625
labeled_linagora_cs_arabize,thانك you alل i هope عجبتكم الepiسoدe an i كان wait to taلk with you,ثانك يو اول اي هوب عجبتكم ال ايبيزود اند اي كانت ويت تو تولك ويذ يو,3.9839999675750732,0000071_0000132_0000002_71_132_2_0,0.9375
labeled_linagora_cs_arabize,فتور الصباح موجود من سبعة ونص حتى للعشرة,فطور الصباح موجود من السبعة و نصف حتى للعشرة,6.584000110626221,ar--3031_1.wav_3031_1_0,0.4444444444444444
labeled_linagora_cs_arabize,باهي,باهي,0.6000000238418579,ar--1114_1.wav_1114_1_0,0.0
labeled_linagora_cs_arabize,من قولك,من فضلك,0.6480000019073486,ar--1053_1.25.wav_1053_1.25_0,0.5
labeled_linagora_cs_arabize,لا باك لا يكلانجينير لاحد شي بلحق ر با حتى مس ير وحكلت حبشش,لا باك لا ايكول دانجينير لا حتى شيء بالحق ال بريبا حاجة اخرى بولشيت,6.159999847412109,0000027_0000334_0000001_27_334_1_0,0.7857142857142857
labeled_linagora_cs_arabize,اصح,الصحرا,0.5120000243186951,ar--1616_1.5.wav_1616_1.5_0,1.0
labeled_linagora_cs_arabize,المحل,المخدة,0.6399999856948853,ar--1733_1.25.wav_1733_1.25_0,1.0
labeled_linagora_cs_arabize,جوي,جويد,0.6399999856948853,ar--2266_1.25.wav_2266_1.25_0,1.0
labeled_linagora_cs_arabize,إنتي باش تكون باش تصور لازمك عندك ليمويا متاع الثورة,انت باش تكون باش تثور يلزمك عندك لي موايان متاع الثوران,3.4800000190734863,0000050_0000197_0000002_50_197_2_0,0.5454545454545454
labeled_linagora_cs_arabize,اتmاt,الطماطم,1.1119999885559082,ar--1646_0.75.wav_1646_0.75_0,1.0
labeled_linagora_cs_arabize,م ل الي,كونكور دوفوار الي هو تحب تكون برودكتيف قبلو بيناتهم خلي مارج للراحة النفسية متاعك,5.9120001792907715,0000027_0000394_0000000_27_394_0_0,0.9285714285714286
labeled_linagora_cs_arabize,ما كسبشي بكيوانيك جمعة,ماكش باش يبكيوا عليك جمعة,1.3519999980926514,amenyKH_La_Dépression_HM_0000004_denoised_Sync0000020_no_speaker_0000071.0000039_0000072.0000077_La_Dépression_HM_4_denoised_Sync020_no_speaker_71.39_72.77_0,0.8
labeled_linagora_cs_arabize,,اعطيني عنوان الحانوت,1.0880000591278076,ar--3332_1.25.wav_3332_1.25_0,1.0
labeled_linagora_cs_arabize,باش رجال الأعمال يولو يشعروا بأنهم جزء من المجتمع أنه المجتمع معش يكراههم معش حقرهم معش يخاف منهم,باش آه آه رجال الاعمال يوليو آه يشعروا بانهم جزء من المجتمع انو المجتمع ما عادش يكرههم ما عادش يحقرهم ما عادش يخاف منهم,6.432000160217285,amenyKH_0000002_chunk_0000236_002_chunk_236_0,0.625
labeled_linagora_cs_arabize,maybe like bad an,بعد مايبي لايك,2.247999906539917,0000076_0000137_0000000_76_137_0_0,1.3333333333333333
labeled_linagora_cs_arabize,سنا حاجة الأخرى معليها اللي نحب نخدم عليها زا,سينون الحاجة لخرا لي نحب نخدم عليها زادة في الفين و ثنين و عشرين,5.23199987411499,Melekher0000012_0000123_0000001_Melekher12_123_1_0,0.8571428571428571
labeled_linagora_cs_arabize,عنا الفوق بيوت كبار وضاوين بالبانو اشقولك,عنا الفوق بيوت كبار و ضاويين بالبانو اشقولك,10.503999710083008,ar--3022_0.75.wav_3022_0.75_0,0.25
labeled_linagora_cs_arabize,ناس ملاح باهي,ناس ملاح باهي,2.2799999713897705,nas_mla7_behi_654_0,0.0
labeled_linagora_cs_arabize,whiski,ويسكي,2.0399999618530273,wiski_30960_0,1.0
labeled_linagora_cs_arabize,,خاطر نعرف كونسيدر قوينق تو ا ثيرابيست اند انفاست اند قو تو ثيرابيست,5.015999794006348,0000075_0000101_0000001_75_101_1_0,1.0
labeled_linagora_cs_arabize,منر ل صحيح انت من بعيد سجلته,سي المنظر هل صحيح انت من بعيد سجلته,2.559999942779541,youtube_ODo8W0aTwvs_0,0.375
labeled_linagora_cs_arabize,بام كل حاجة باش تحطا فنا بارمالي,سيبا موا شكون كل حاجه باش تحطوها في انا سيبا نورمال,4.034999847412109,youtube_ODo8W0aTwvs_1,0.8181818181818182
labeled_linagora_cs_arabize,مح منر ولالل علمعمل,صافي سعي سامحني سي المظر يقول و الله اعلم الي انت عملت فوبروفيل,5.455999851226807,youtube_ODo8W0aTwvs_2,1.0
labeled_linagora_cs_arabize,قطرعمل   يم ي نو الفي,ايه خاطر ما تنجمش تعمل لايف من بروفي لك متاع الفيسبوك عملت فوبروفيل شنوا البروفيل,4.872000217437744,youtube_ODo8W0aTwvs_3,1.0
labeled_linagora_cs_arabize,قدورقدور حاج  حيوعملت لاي انتي وتخبي,قدور قدور حاجه هك عم قدور صحيت وعملت لايف وانت متخبي,6.000999927520752,youtube_ODo8W0aTwvs_4,1.0
labeled_linagora_cs_arabize,ي نو مشكن,سي فري شنوا المشكل,2.9679999351501465,youtube_ODo8W0aTwvs_5,1.0
labeled_linagora_cs_arabize,نا ا مخ الا,كشفتنا قدام المنتخب المنافس انا جلال يا نحطمه يا يحطمني,8.711999893188477,youtube_ODo8W0aTwvs_6,1.0
labeled_linagora_cs_arabize,ا      م النسا الال   النسان الل,ماساويه كان فمة نهايه ماساويه اخيب من هك قولولي عليها هما راه فمة زوز حاجات هيا حاجه تفرح وانه بون مش تفرح اللهم لا شماته اما زدا الانسان الظالم مش نفرح اما الانسان الظالم معناها تحب ترا ما نعرش بيزار كان,12.616000175476074,segment_0000473_segment_473_0,1.0
labeled_linagora_cs_arabize,asla,اصلع,1.2640000581741333,asla3_3759_0,1.0
labeled_linagora_cs_arabize,وتعدى وقت طويل ويوسف مازال فالحبس وشاف حاكم مصر مناما غريبة وما نجم حتى حد يفسر هالو ياخي تذكر هاك الخديم نتاع الحاكم اللي كان فالحبس كيفاش يوسف فسرله حلمتو بالصحيح,و تعدى وقت طويل و يوسف مازال في الحبس و شاف حاكم مصر منامة غريبة و ما نجم حتى حد يفسرهال ياخي تذكر هاك الخديما متاع الحاكم الي كان في الحبس كيفاش يوسف فسرلو حلمتو بالصحيح,14.192000389099121,10_Joseph3_Dreams_Realized_OneStory_AEB_0,0.5277777777777778
labeled_linagora_cs_arabize,وحكي للحاكم على أساس يوسف ينجم يفسرلو حلمتو وآمر حاكم مصر وقتها باش يجيبولو يوسف قدامو فالقصر باش يحكيلو حلمتو ويفسر هالو,و حكى للحاكم على اساس يوسف ينجم يفسرلو حلمتو و و آمر حاكم مصر وقتها باش يجيبولو يوسف قدام في القصر باش يحكيلو حلمتو و يفسرهال,11.576000213623047,10_Joseph3_Dreams_Realized_OneStory_AEB_1,0.4230769230769231
labeled_linagora_cs_arabize,وقت اللي سمعه يوسف منامة الحاكم قالله يا سيدي أنا ما عنديش حتى مزية باش نعملها عليك أما ربي وحدو هو اللي باش يفسرلك حلمتك,وقت الي سمع يوسف منامة الحاكم قال يا سيد انا ما عنديش حتى مزية باش نعملها عليك اما ربي و حده هو الي باش يفسرلك حلمتك,10.039999961853027,10_Joseph3_Dreams_Realized_OneStory_AEB_2,0.34615384615384615
labeled_linagora_cs_arabize,وحكي وقتها الحاكم نامتو بالتفصيل وفسر هالو يوسف وقالو ثما سبعة سنين صابة باش يجيو وباش يجيو بعدهم سبعة سنين جفاف,و حكى وقتها الحاكم منامتو بالتفصيل و فسرهالو يوسف و قالوا فمة سبعة سنين صابه باش يجيو و باش يجيو بعدهم سبعة سنين جفاف,10.152000427246094,10_Joseph3_Dreams_Realized_OneStory_AEB_3,0.4583333333333333
labeled_linagora_cs_arabize,وهاك يا سيدي لازم تعمل اللي يلزم باش تلم المونة اللي باش يستحقها شعب في سنين الجوع,و هاك يا سيد لازم تعمل الي يلزم باش تلم المونة الي باش يستحقها الشعب في سنين الجوع,6.199999809265137,10_Joseph3_Dreams_Realized_OneStory_AEB_4,0.3333333333333333
labeled_linagora_cs_arabize,ياخي تقناع الحاكم بتفسير يوسف وعجبو وشاف اللي موش باش يلقى خير من يوسف يحطو باش يتلهابالمهمة هادي ويلم المونة نتاع سبعة سنين صابة ويخباها لسنين الجفاف,ياخي تقنع الحاكم بتفسير يوسف و عجب و شاف الي مش باش يلقى خير من يوسف يحط باش يتلها بالمهمة هاذي و يلم المونه متاع سبعة سنين صابه و يخبيها لسنين الجفاف,12.32800006866455,10_Joseph3_Dreams_Realized_OneStory_AEB_5,0.5625
labeled_linagora_cs_arabize,وهك ولا يوزف الفتق الناطق فبلاد مصر وهو أكثر واحد شحكم فالمصريين بعد الحاكم,و هاك ولا يوسف الفاتق الناطق في بلاد مصر و هو اكثر واحد يحكم في المصرين بعد الحاكم,6.631999969482422,10_Joseph3_Dreams_Realized_OneStory_AEB_6,0.6666666666666666
labeled_linagora_cs_arabize,وصار كل ما فسرو يوسف وجايو سبعة سنين صعبق وصار كل ما فسرو يوسف وجايو سبعة سنين صعبق وشافو المصريين أيامات عمرهم ما شافوها من لحصاد والصعبق,و صار كل ما فسره يوسف و جاو سبعة سنين صابه و صار كل ما فسره يوسف و جاو سبعة سنين صابه و شاف المصريين ايامات عمرهم ما شفوها من الحصاد و الصابه,11.343999862670898,10_Joseph3_Dreams_Realized_OneStory_AEB_7,0.5757575757575758
labeled_linagora_cs_arabize,ومن بعد جاو سبعة سنين جافاف نسيت المصريين في سنين الحصاد والصابة اللي شافوها من قبل,و من بعد جاو سبعة سنين جفاف نسات المصريين في سنين الحصاد و الصابه الي شافوها من قبل,7.656000137329102,10_Joseph3_Dreams_Realized_OneStory_AEB_8,0.3888888888888889
labeled_linagora_cs_arabize,وهذا من كثرة قوة الجفاف اللي صار لكن بالرغم من هذا كانو يلقاو اشاكلو بسبب حكمة يوسف على خاطر وحرص باش تكون فما مونة تكفي كل أهل البلاد,و هاذا من كثرة قوة الجفاف الي صار لكن بالرغم من هاذا كانو يلقاو آش ياكلو بسبب حكمة يوسف على خاطر حرص باش تكون فمة مونة تكفي كل اهل البلاد,12.039999961853027,10_Joseph3_Dreams_Realized_OneStory_AEB_9,0.3
labeled_linagora_cs_arabize,وكان فما وقت وحكايا طويلة من بن يوسف وخواتو اللي سافرو المصر باش يشريو القمح على خاطر كان فما الجفاف فبلادهم زادة وما لقاو ما ياكلو,و كان فمة وقت و حكايه طويل ما بين يوسف و اخواتو الي سافرو لمصر باش يشريو القمح على خاطر كان فمة جفاف في بلادهم زادة و ما لقاو ما ياكلو,10.100000381469727,10_Joseph3_Dreams_Realized_OneStory_AEB_10,0.5806451612903226
labeled_linagora_cs_arabize,وفالخر طلب منهم يوسف باش يرجعو لبوهم وجيبوه هووالعشيرة الكل ويعيشو بحضيه فمصر على خاطر مازالتأيمات المجاعة وفمصر الماكلة موجودة وباش ينجمو يعيشو خير من اللي عيشو ف بلادهم,و في الاخر طلب منهم يوسف باش يرجعو لبوهم و يجيبوه هو و العشيرة الكل و يعيشو بحذاه في مصر على خاطر ما زالت ايام المجاعة و في مصر موجودة الماكلة و باش ينجمو يعيشو خير من العيشة في بلادهم,14.904000282287598,10_Joseph3_Dreams_Realized_OneStory_AEB_11,0.625
labeled_linagora_cs_arabize,وكيرجعو خوات يوسف وحكاو الحكايا الكل نتخوهم البوهم فراح يعقوب برشا على خاطر باش يشوف ولدو اللي ف بالومات وصار كيف ماحب يوسف وجات عشيرت الكل باش يعيشو في مصر بحضاه,و كي رجعو خوات يوسف و حكاو الحكية الكل متاع خوهم لبوهم فرح يعقوب برشا على خاطر باش يشوف ولد الي في بالو مات و صار كيف ما حب يوسف و جات عشيرتو الكل باش يعيشو في مصر بحذاه,13.904000282287598,10_Joseph3_Dreams_Realized_OneStory_AEB_12,0.5897435897435898
labeled_linagora_cs_arabize,وبعد مدة ميت يعقوب ودخلي الخوف في قلب إخويت يوسف على خاطر قالو يمكن يوسف ينتقم منا توء من بعدنا ميت بونة,و بعد مدة مات يعقوب و دخل الخوف في قلب خوات يوسف على خاطر قالوا يمكن يوسف ينتقم منا توا بعد ما مات بونا,10.543999671936035,10_Joseph3_Dreams_Realized_OneStory_AEB_13,0.5
labeled_linagora_cs_arabize,ومشيو طلبو منو باش يغفر لهم اللي عاملوه فيه وقالولو احنا تولعبيد متاعك,و مشاو طلبو منو باش يغفرلهم الي عملوه فيه و قالولوا احنا توا العبيد متاعك,7.263999938964844,10_Joseph3_Dreams_Realized_OneStory_AEB_14,0.6666666666666666
labeled_linagora_cs_arabize,لكن يوسف غاضو كلامهم وبكي وقلهم ما تخافوش أنا مانيش باش ناخذ بقعة ربي نتوما نويتولي الشر أما ربي حبلي الخير وخليني نكون سبب باش تحيا العشيرة الكل,لكن يوسف غاض كلامهم و بكا و قالهم ما تخافوش انا ما ني ش باش ناخذ بقعة ربي انتوما نويتولي الشر اما ربي حبلي الخير و خلاني نكون سبب باش تحي العشيرة الكل,13.496000289916992,10_Joseph3_Dreams_Realized_OneStory_AEB_15,0.42424242424242425
labeled_linagora_cs_arabize,ونحكي على مسؤول سياسي ونحكي على,نحكي على مسؤول سياسي ونحكي على,2.303999900817871,amenyKH_0000006_0000006_0002012_partie0000006_chunk_0000198_06_06_2012_partie6_chunk_198_0,0.16666666666666666
labeled_linagora_cs_arabize,كم جديد وصلين معاكم اذا,مرحبا بكم جديد مواصير معاكم اذا في,2.4639999866485596,youtube_tKKh2l0IfQo_0,0.5714285714285714
labeled_linagora_cs_arabize,كايتنا لليوم نشوفو شنوغ لي صار,حكايتنا لليوم شوفوا شنو هو الي صار في,3.4639999866485596,youtube_tKKh2l0IfQo_1,0.75
labeled_linagora_cs_arabize,ملف رفقة الشارني رفقة ورجلها برهان,ملف رفقه الشيرني رفقه ورجلها برهان رفقه,6.007999897003174,youtube_tKKh2l0IfQo_2,0.5714285714285714
labeled_linagora_cs_arabize,شيرني قلي بتاريخ بع,الشيرني الي بتاريخ سبعة مايو الفين و واحد و عشرين و بعد,3.805000066757202,youtube_tKKh2l0IfQo_3,0.9166666666666666
labeled_linagora_cs_arabize,عنيف جديد وما اعتبرته محاولة ربما للقتل,تعنيف جديد وما اعتبرته محاوله ربما للقتل,5.146999835968018,youtube_tKKh2l0IfQo_4,0.2857142857142857
labeled_linagora_cs_arabize,ها من خلال الخنق باش تمشي تقدم,متاعها من خلال الخنقه باش تمشي تقدم,3.505000114440918,youtube_tKKh2l0IfQo_5,0.2857142857142857
labeled_linagora_cs_arabize,شكايا في موضوع العنف عند المركز,شكايه في موضوع العنف عند المركز باش,3.6649999618530273,youtube_tKKh2l0IfQo_6,0.2857142857142857
labeled_linagora_cs_arabize,تعتيوها تسخير بش تمشي تجيب شهادة طبية,يعطيوه تسخير باش تمشي تجيب شهاده طبيه,2.984999895095825,youtube_tKKh2l0IfQo_7,0.5714285714285714
labeled_linagora_cs_arabize,لكن اللي باش يصير هو انه همت من غدوة,لكن الي بيشي يصير هو انه همت من غدوه,4.264999866485596,youtube_tKKh2l0IfQo_8,0.3333333333333333
labeled_linagora_cs_arabize,ما رفقها باش تتنازل على الشكاية,نهار ثمانيه رفقه باش تتنازل على شكايه,4.855999946594238,youtube_tKKh2l0IfQo_9,0.5714285714285714
labeled_linagora_cs_arabize,تيح,متاحه,0.5040000081062317,youtube_tKKh2l0IfQo_10,1.0
labeled_linagora_cs_arabize,شوف معايا مليح شنو لي نقراوه في نص,شوف معي مليح شنو هو الي نقراوه في نص,2.744999885559082,youtube_tKKh2l0IfQo_11,0.3333333333333333
labeled_linagora_cs_arabize,هذا التنازل,هاذا التنازل,1.722000002861023,youtube_tKKh2l0IfQo_12,0.5
labeled_linagora_cs_arabize,المثير تو من بعد نقلك عليش هو مثير,المثير من بعض نقول لك علاش هو مثير هاذا,4.946000099182129,youtube_tKKh2l0IfQo_13,0.6666666666666666
labeled_linagora_cs_arabize,ليناقراوصرحت بانها تعرض,بالضبط الي نقراوه صرحت بانها تعرضت,4.926000118255615,youtube_tKKh2l0IfQo_14,0.8333333333333334
labeled_linagora_cs_arabize,عفمن قبل زوجها وذلك لحصول سوء تفاهم,للعنف من قبل زوجها وذلك لحصول سوء تفاهم,4.806000232696533,youtube_tKKh2l0IfQo_15,0.25
labeled_linagora_cs_arabize,بينهما إلا أنها سقطت حقها في تتبع زوجها,بينهما الا انها سقطت حقها في تتبع زوجها,4.927000045776367,youtube_tKKh2l0IfQo_16,0.25
labeled_linagora_cs_arabize,كذلك دون ضغوطات من أي شخص,وذلك دون ضغوطات من اي شخص,3.3440001010894775,youtube_tKKh2l0IfQo_17,0.3333333333333333
labeled_linagora_cs_arabize,وبسماع المشتكى به برهان اعترف بأنه اعتدا,وبسمع المشتكى به برهان اعترف بانه اعتدى,4.164999961853027,youtube_tKKh2l0IfQo_18,0.42857142857142855
labeled_linagora_cs_arabize,على زوجته بالعنف وكان ذلك في لحظة غضب,على زوجته بالعنف وكان ذلك في لحظه غضب,4.176000118255615,youtube_tKKh2l0IfQo_19,0.125
labeled_linagora_cs_arabize,عبر عن ندمه وطلب العفو,وعبر عن ندمه وطلب العفو,3.815999984741211,youtube_tKKh2l0IfQo_20,0.2
labeled_linagora_cs_arabize,ما كنت تسمع على أساس وأنه رفقة مشات مع,كما كنت اسمع على اساس وانه رفقه مشيت مع,5.566999912261963,youtube_tKKh2l0IfQo_21,0.6666666666666666
labeled_linagora_cs_arabize,جلها أسقطت الدعوة في حقه,رجلها اسقطت الدعوه في حقه,2.864000082015991,youtube_tKKh2l0IfQo_22,0.6
labeled_linagora_cs_arabize,نغير أي ضغوطات تذكر هذي السعة عنا,من غير اي ضغوطات تذكر هاذي هيا السعه عنا,5.5269999504089355,youtube_tKKh2l0IfQo_23,0.6666666666666666
labeled_linagora_cs_arabize,فيكل القضايا اللي تصير في قضايا المرأة,في كل القضايا التي تسير في قضايا المراه,3.684999942779541,youtube_tKKh2l0IfQo_24,0.625
labeled_linagora_cs_arabize,بعد ما تشكي لمرا الضغوطات تجاها من كل حدب,بعد ما تشكي المراه الضغوطات من كل حدب,4.34499979019165,youtube_tKKh2l0IfQo_25,0.25
labeled_linagora_cs_arabize,صوب باش تسقط الشكاية امتاحة,وصوب باش تسقط شكايه متاحه,4.0320000648498535,youtube_tKKh2l0IfQo_26,0.6
labeled_linagora_cs_arabize,بدون أي ضغوطات يقول النص لكن فيما يتعلق,بدون اي ضغوطات يقول النص لكن فيما يتعلق,7.127999782562256,youtube_tKKh2l0IfQo_27,0.125
labeled_linagora_cs_arabize,احنا متأكدين أنه مشكن فم ضغوطات,برفقه احنا متاكدين انه مش كان فمة ضغوطات,4.1880998611450195,youtube_tKKh2l0IfQo_28,0.75
labeled_linagora_cs_arabize,赶,فقط,0.5410000085830688,youtube_tKKh2l0IfQo_29,1.0
labeled_linagora_cs_arabize,وإنما كانت فما تهديدات,وانما كانت فمة تهديدات,3.2239999771118164,youtube_tKKh2l0IfQo_30,0.5
labeled_linagora_cs_arabize,مازالت رفقة تحكي مع صحبتها لقتلك,ما زالت رفقه تحكي مع صاحبتها الي قلت لك,2.6050000190734863,youtube_tKKh2l0IfQo_31,0.7777777777777778
labeled_linagora_cs_arabize,ومع هذه الصديقة تبعثلها بالضبط,عليها ومع هاذي الصديقه بتبعث لها بالضبط,4.335999965667725,youtube_tKKh2l0IfQo_32,0.7142857142857143
labeled_linagora_cs_arabize,هو اليسار واليسار  نكتشفو,شنو هو الي صار و اليسار باش نكتشفوه من,4.625999927520752,youtube_tKKh2l0IfQo_33,0.7777777777777778
labeled_linagora_cs_arabize,خلال هذه المراسلة,خلال هاذي المراسله,3.0460000038146973,youtube_tKKh2l0IfQo_34,0.6666666666666666
labeled_linagora_cs_arabize,لمراسلة اللي قاعدة تقول فيها رفقة,مراسله الي قاعده تقول فيها رفقه انه,4.204999923706055,youtube_tKKh2l0IfQo_35,0.7142857142857143
labeled_linagora_cs_arabize,جلها هددها وقلها ورحمة بابا منذبحك,رجلها هددها وقال لها ورحمه بابا ما نذبحك,6.271999835968018,youtube_tKKh2l0IfQo_36,0.75
labeled_linagora_cs_arabize,إذا ما تسقتش عليه  اا,اذا ما تسقطش عليه اشكال الشي الي بشي,4.965000152587891,youtube_tKKh2l0IfQo_37,0.75
labeled_linagora_cs_arabize,لها تمشي وتقوم بعملية إسقاط اشكاييك,خليها تمشي وتقوم بعمليه اسقاط اشكي لك هيا,8.1899995803833,youtube_tKKh2l0IfQo_38,0.75
labeled_linagora_cs_arabize,ولكنها,نهار ثمانيه ولكنها,2.062999963760376,youtube_tKKh2l0IfQo_40,0.6666666666666666
labeled_linagora_cs_arabize,روحتمع بوها الدار بوها ووروحال,روحت مع ابوها الي دار ابوها وهو روح على,3.884999990463257,youtube_tKKh2l0IfQo_41,1.0
labeled_linagora_cs_arabize,الدارهم   ما   يخلي رفقا,روحه لدارهم شنو هو ماللي باش يخلي رفقه,4.047999858856201,youtube_tKKh2l0IfQo_42,0.875
labeled_linagora_cs_arabize,ها ماي تكون متواجدة في دارها,نهار تسعة مي تكون متواجده في دارها,4.808000087738037,youtube_tKKh2l0IfQo_43,0.5714285714285714
labeled_linagora_cs_arabize,سعمي,تسعة ماي,0.6610000133514404,youtube_tKKh2l0IfQo_44,1.0
labeled_linagora_cs_arabize,هو لسوء حظها وقتها سعة هو أيامات قبل,هو لسوء حظها وقتها ساعه هو ايامات قبل,4.085999965667725,youtube_tKKh2l0IfQo_45,0.25
labeled_linagora_cs_arabize,عيدا نا في رمذان,العيد رانا في رمضان,1.8880000114440918,youtube_tKKh2l0IfQo_46,0.75
labeled_linagora_cs_arabize,سعة م هو عيد ميلاد ولدها الصغير,وتسعه هو عيد ميلاد ولدها الصغير,3.8559999465942383,youtube_tKKh2l0IfQo_47,0.3333333333333333
labeled_linagora_cs_arabize,جت للدار على أساس باش تهز لحوايج متاعه,مشيت للدائر على اساس بشتهز الحوايج متاعو,3.7860000133514404,youtube_tKKh2l0IfQo_48,1.0
labeled_linagora_cs_arabize,ار وترجع الدار بها غادي برمجة,من الدار وترجع لدار ابوها غادي مبرمجه,4.245999813079834,youtube_tKKh2l0IfQo_49,0.7142857142857143
labeled_linagora_cs_arabize,أنها بش تحتفل بعيد ميلاد ولدها,انها باش تحتفل بعيد ميلاد ولدها,3.2639999389648438,youtube_tKKh2l0IfQo_50,0.3333333333333333
labeled_linagora_cs_arabize,لكن بظهرها نهارتها برهان باش يدخل للدار,لكن بظهرها انهارتها برهان باش يدخل للدار,5.267000198364258,youtube_tKKh2l0IfQo_51,0.14285714285714285
labeled_linagora_cs_arabize,ه يه,و هي غادي,1.0640000104904175,youtube_tKKh2l0IfQo_52,1.0
labeled_linagora_cs_arabize,من وقتها,و من وقتها,0.640999972820282,youtube_tKKh2l0IfQo_53,0.3333333333333333
labeled_linagora_cs_arabize,ش تلحم مبيناتها باش يعاود يتذكر كيفيش,بشتلحن ما بيناتهم باش يعاود يتذكر كيف آش,5.0279998779296875,youtube_tKKh2l0IfQo_54,0.625
labeled_linagora_cs_arabize,انت تشكي بيا وتفضحني قدام ليسوى,انت تشكي بيا وتفضحني قدام اليسوى و الي,4.265999794006348,youtube_tKKh2l0IfQo_55,0.375
labeled_linagora_cs_arabize,شكيبية,تشكي بيا,0.9409999847412109,youtube_tKKh2l0IfQo_56,1.0
labeled_linagora_cs_arabize,sوes,ما يسواش,0.7009999752044678,youtube_tKKh2l0IfQo_57,1.0
labeled_linagora_cs_arabize,ونسيت باش نقلك اللي هو شاك يابي يمرتو,وسيت باش نقول لك الي هو شاكر بيه مرته,4.366000175476074,youtube_tKKh2l0IfQo_58,0.7777777777777778
labeled_linagora_cs_arabize,العنف ومبناتهم الخلافات,في العنف وما بيناتهم خلافات,3.9119999408721924,youtube_tKKh2l0IfQo_59,0.8
labeled_linagora_cs_arabize,فرغم ذلك فأن رغم ان نحامل للسلاح,ورغم ذلك فانه رغم انه حامل للسلاح فانه,6.666999816894531,youtube_tKKh2l0IfQo_60,0.625
labeled_linagora_cs_arabize,يكون فم حتى إجراء احترازي متعلق علق,مش يكون فمة حتى اجراء احترازي متعلق على,5.306000232696533,youtube_tKKh2l0IfQo_61,0.5
labeled_linagora_cs_arabize,لقل بسليحه بش يقعد طاليق بعد إسقاط,الاقل بسلاحه باش يقعد طليق بعد اسقاط,5.708000183105469,youtube_tKKh2l0IfQo_62,0.7142857142857143
labeled_linagora_cs_arabize,شكايا وباش يقعد عنده سلاحه,شكايه باش يقعد عنده سلاحه,6.5320000648498535,youtube_tKKh2l0IfQo_63,0.4
labeled_linagora_cs_arabize,وقت التي تعارك هو وياها اسلاحوا بيني ديه,هو اختي يتعارك هو واياها سلاحه بين يديه,3.5250000953674316,youtube_tKKh2l0IfQo_64,0.875
labeled_linagora_cs_arabize,شي دور بيه تجاج لكحل,باش يدور بيه الدجاج الاكحل,2.0959999561309814,youtube_tKKh2l0IfQo_65,0.8
labeled_linagora_cs_arabize,يجبد الفرد,ويجبد الفرد,1.062999963760376,youtube_tKKh2l0IfQo_66,0.5
labeled_linagora_cs_arabize,تلقة لولة باش تكون في ساقين مرتو,تلقى الاولى مش تكون في ساقين مرته,4.645999908447266,youtube_tKKh2l0IfQo_67,0.5714285714285714
labeled_linagora_cs_arabize,قلولة,طلقه الاولى,0.8009999990463257,youtube_tKKh2l0IfQo_68,1.0
labeled_linagora_cs_arabize,ت في ساق,جد في ساقها,0.781000018119812,youtube_tKKh2l0IfQo_69,0.6666666666666666
labeled_linagora_cs_arabize,لكن من بعض سلسلة من الطلقات,لكن من بعد سلسله من الطلقات,3.244999885559082,youtube_tKKh2l0IfQo_70,0.3333333333333333
labeled_linagora_cs_arabize,خمس كراتش باش يتم اتلاقة مس كرات,خمسة كراتش باش يتم اطلاقها خمسة كراتش في,4.385000228881836,youtube_tKKh2l0IfQo_71,0.625
labeled_linagora_cs_arabize,أماكن مختلفة من جسد رفق,اماكن مختلفه من جسد رفقه,9.35200023651123,youtube_tKKh2l0IfQo_72,0.6
labeled_linagora_cs_arabize,ما سكراتش بش تيح بعضهم في القاعة تتسك,خمسة كراش باش تطيح بعضهم في القاعه تتسكك,4.605999946594238,youtube_tKKh2l0IfQo_73,0.75
labeled_linagora_cs_arabize,مدة قصيرة,لمده قصيره ثم,2.4049999713897705,youtube_tKKh2l0IfQo_74,1.0
labeled_linagora_cs_arabize,تحرك,ما عاش تتحرك,0.781000018119812,youtube_tKKh2l0IfQo_75,1.0
labeled_linagora_cs_arabize,بد يفيق باش يسيب السلاح متاعه,هنا وين بده يفيق باش يسيب السلاح متاعه,3.7039999961853027,youtube_tKKh2l0IfQo_76,0.375
labeled_linagora_cs_arabize,يبط بحذ مرته ومش عارف شنووليعمل,ويهبط بحذاته مش عارف شنو الي يعمل,3.444000005722046,youtube_tKKh2l0IfQo_77,1.0
labeled_linagora_cs_arabize,ن صياح بين بكا,بين الصياح بين بكيه,1.7359999418258667,youtube_tKKh2l0IfQo_78,0.75
labeled_linagora_cs_arabize,وشي صدق روحو ربما,ما هوش مصدق روحه ربما,2.2239999771118164,youtube_tKKh2l0IfQo_79,0.8
labeled_linagora_cs_arabize,ش يكلم الحماية المدنية,باش يكلم الحمايه المدنيه,1.7430000305175781,youtube_tKKh2l0IfQo_80,0.75
labeled_linagora_cs_arabize,ايباش تجي على عين المكان,الي باش تجي على عين المكان,1.902999997138977,youtube_tKKh2l0IfQo_81,0.3333333333333333
labeled_linagora_cs_arabize,وباش يتم نقل رفقة على جناح السرعة,وبش يتم نقل رفقه على جناح السرعه,4.086999893188477,youtube_tKKh2l0IfQo_82,0.42857142857142855
labeled_linagora_cs_arabize,سبتار,السبيطار,0.6000000238418579,youtube_tKKh2l0IfQo_83,1.0
labeled_linagora_cs_arabize,لك الطاقم الطبي بش يأكد بعد مدة قصيرة,ولكن الطاقم الطبي باش ياكد بعد مده قصيره,4.306000232696533,youtube_tKKh2l0IfQo_84,0.625
labeled_linagora_cs_arabize,فات رفق الشير,وفاه رفقه الشيرن,2.4639999866485596,youtube_tKKh2l0IfQo_85,1.0
labeled_linagora_cs_arabize,تم القاء القبض على برهان زادا كيفكيف,يتم القاء القبض على برهان زاده كيف كيف,2.9839999675750732,youtube_tKKh2l0IfQo_86,0.5
labeled_linagora_cs_arabize,صفة سريعة,بصفه سريعه,1.6230000257492065,youtube_tKKh2l0IfQo_87,1.0
labeled_linagora_cs_arabize,تنطلق بعد ذلك المحاكمة متاعه,و تنطلق بعد ذلك المحاكمه نتاعه محاكمه,4.065999984741211,youtube_tKKh2l0IfQo_88,0.5714285714285714
labeled_linagora_cs_arabize,تلقت زادة تقريبا للمنظومة الكل لنقط,انطلقت زيدا تقريبا للمنظومه الكل لنقاط,4.205999851226807,youtube_tKKh2l0IfQo_89,0.6666666666666666
labeled_linagora_cs_arabize,استفهام الغريبة في هذه القضية,الاستفهام الغريبه في هاذي القضيه,2.328000068664551,youtube_tKKh2l0IfQo_90,0.8
labeled_linagora_cs_arabize,الحاجات البالية اللي ما زالت عنا,للحاجات الباليه لما زالت عنا,2.7760000228881836,youtube_tKKh2l0IfQo_91,0.8
labeled_linagora_cs_arabize,متاع أولا كي واحد تضرب ما تشكيش,امتاع اولا كي واحد يتضرب ما تشكيش,3.4860000610351562,youtube_tKKh2l0IfQo_92,0.42857142857142855
labeled_linagora_cs_arabize,وبعد ذلك تولي الضربة الثانية والثالثة,كيفاش و بعد ذلك ولضربه الثانيه والثالثه,4.506999969482422,youtube_tKKh2l0IfQo_93,1.0
labeled_linagora_cs_arabize,والع ونوصلو الى حالات,والرابعه والعاشره ونوصلوا الى حالات,3.184000015258789,youtube_tKKh2l0IfQo_94,0.6
labeled_linagora_cs_arabize,وكي تشكي كيفاش تشكي يلزم,القتل وكي تشكي كيفاش تشكي يلزمك سقط,4.23799991607666,youtube_tKKh2l0IfQo_95,0.42857142857142855
labeled_linagora_cs_arabize,تسقط بعد ذلك الدعوة وفي هذا الكل الجانب,وتسقت بعد ذلك الدعوه و في هاذا الكل الجانب,4.8470001220703125,youtube_tKKh2l0IfQo_96,0.5555555555555556
labeled_linagora_cs_arabize,يتابع في هذه القضايا عنيأمنيا,الي يتابع في هاذي القضايا يعني امنيا,2.624000072479248,youtube_tKKh2l0IfQo_98,0.5714285714285714
labeled_linagora_cs_arabize,قضائيا كون ماشي في الخط يعني هذا هو الإشكال,وقضائيا ماشي في الخط يعني هاذا هولاشكال,3.7760000228881836,youtube_tKKh2l0IfQo_99,0.7142857142857143
labeled_linagora_cs_arabize,انتي تبدأ عارف ان السيدة هذيك اثقطت,انك انت تبدا عارف ان السيده هذيكة اسقطت,2.9649999141693115,youtube_tKKh2l0IfQo_100,0.75
labeled_linagora_cs_arabize,كراها,اكراها,0.5210000276565552,youtube_tKKh2l0IfQo_102,1.0
labeled_linagora_cs_arabize,ليس لأنه  تحب تسقطه ثم وشنوك حد يسق,وليس لانها تحب تسقطه ثم وشنو واحد يسقط,3.265000104904175,youtube_tKKh2l0IfQo_103,0.625
labeled_linagora_cs_arabize,واحد مخبط وماكل تراحة وبعد جا,الدعوه واحد مخبط وماكل تريحه و من بعد جاي,2.7249999046325684,youtube_tKKh2l0IfQo_104,0.6666666666666666
labeled_linagora_cs_arabize,تسقط في الدعوة متاع يش تاع شو أنتي تقبلها,يسقط في الدعوه متاع عيش تعشنو انت تقبلها,3.2249999046325684,youtube_tKKh2l0IfQo_105,0.75
labeled_linagora_cs_arabize,هو يسقط الدعوة حتى كان هو اسقط,انه هو يسقط الدعوه حتى كان هو اسقط,2.9649999141693115,youtube_tKKh2l0IfQo_106,0.25
labeled_linagora_cs_arabize,و المفروض,الدعوه المفروض,0.8619999885559082,youtube_tKKh2l0IfQo_107,0.5
labeled_linagora_cs_arabize,المفروض أن نعرف لالسيد ول السيدة,المفروض انه نعرف السيد ولا السيده لك ما,3.7249999046325684,youtube_tKKh2l0IfQo_108,0.75
labeled_linagora_cs_arabize,ملوش ي ب تيبي خاطر,عملوش بخاطر,2.1040000915527344,youtube_tKKh2l0IfQo_109,2.5
labeled_linagora_cs_arabize,ثم ثلاثة,ثم ثلاثة,0.6620000004768372,youtube_tKKh2l0IfQo_110,0.0
labeled_linagora_cs_arabize,قضايا العنف ما بينات الأزواج خاصة,في قضايا العنف مابينات الازواج خاصه,2.9839999675750732,youtube_tKKh2l0IfQo_111,0.8333333333333334
labeled_linagora_cs_arabize,كيفاش لا نتخذ إجراءات تتسمى إجراءات,كيفاش لا نتخذ اجراءات تتسمى اجراءات,3.8259999752044678,youtube_tKKh2l0IfQo_112,0.3333333333333333
labeled_linagora_cs_arabize,حترازية شوها الإجرايات الاحترازية,احترازيه شولاجراءات الاحترازيه النوايا,4.285999774932861,youtube_tKKh2l0IfQo_113,1.0
labeled_linagora_cs_arabize,لمتسبب في العنف يكون ممنوعة عليها,المتسبب في العنف يكون ممنوعه عليها انه,3.2039999961853027,youtube_tKKh2l0IfQo_114,0.42857142857142855
labeled_linagora_cs_arabize,يقترب من الشخص المعنف لمدة معاينة,يقترب من الشخص المعنف لمده معينه اذا,4.807000160217285,youtube_tKKh2l0IfQo_115,0.42857142857142855
labeled_linagora_cs_arabize,م في نازعة تلاق حتى لي صير اتلاق,كانوا في نازعه اطلاق حتى ليصير اطلاق اذا,3.3259999752044678,youtube_tKKh2l0IfQo_116,0.75
labeled_linagora_cs_arabize,انم مش متفهمين حتى  تضحل,كانوا مش متفاهمين حتى يتضحلوا يعني,3.884999990463257,youtube_tKKh2l0IfQo_117,0.6666666666666666
labeled_linagora_cs_arabize,يعني حتى نتفادى أن نصلوا لكوارث لازم,يعني حتى نتفادى ان نص الكوارث لازم,3.96589994430542,youtube_tKKh2l0IfQo_118,0.42857142857142855
labeled_linagora_cs_arabize,مفروض إجراءات معين,المفروض اجراءات معينه,1.6820000410079956,youtube_tKKh2l0IfQo_119,1.0
labeled_linagora_cs_arabize,آخر هذه الإشكاليات وأبرزها,آخر هاذي الاشكاليات وابرزها الي قلت لك,2.5250000953674316,youtube_tKKh2l0IfQo_120,0.8571428571428571
labeled_linagora_cs_arabize,بيموضوع السلاح,عليه موضوع السلاح,1.6619000434875488,youtube_tKKh2l0IfQo_121,0.6666666666666666
labeled_linagora_cs_arabize,كيف يمكن في وضعيك منهك متاع انسان عنيف,كيف يمكن في وضعيه من هكة متاع انسان عنيف,4.303999900817871,youtube_tKKh2l0IfQo_122,0.3333333333333333
labeled_linagora_cs_arabize,نارس العنف اكثر من مرة في شكاية,مارس العنف اكثر من مره في شكايه في,2.4240000247955322,youtube_tKKh2l0IfQo_123,0.5
labeled_linagora_cs_arabize,ممارسة العنف يدور بالسلاح متاعه,ممارسه العنف يدور بالسلاح نتاعو,2.8239998817443848,youtube_tKKh2l0IfQo_124,0.4
labeled_linagora_cs_arabize,وبل ما نخافوا على الناس نخافوا عليه هو,قبل ما نخافوا على الناس نخافوا عليه هو,2.8450000286102295,youtube_tKKh2l0IfQo_125,0.125
labeled_linagora_cs_arabize,ك هذا الكل م تعمل ذك علي الحقيقة,لك هاذا الكل مش يتعمل على آش الحقيقه هاذي,3.686000108718872,youtube_tKKh2l0IfQo_126,0.8888888888888888
labeled_linagora_cs_arabize,قضية باش تاخو أهمية كبيرة ياسر وقت,القضيه باش تاخذ اهميه كبيره ياسر وقتي,3.4049999713897705,youtube_tKKh2l0IfQo_127,0.7142857142857143
labeled_linagora_cs_arabize,ش تصير في تونس أهمية إعلامية,باش تصير في تونس اهميه اعلاميه,2.7360000610351562,youtube_tKKh2l0IfQo_128,0.5
labeled_linagora_cs_arabize,لأهمية من خلال الحملة اللي باش تتعمل,اهميه من خلال الحمله الي باش تتعمل,3.325000047683716,youtube_tKKh2l0IfQo_129,0.42857142857142855
labeled_linagora_cs_arabize,باش تبدأ من وقتها اسمها رفقة,و الي مش تبدا من وقتها اسمها رفقه,3.2639999389648438,youtube_tKKh2l0IfQo_130,0.625
labeled_linagora_cs_arabize,شerni,الشيرني,0.5410000085830688,youtube_tKKh2l0IfQo_131,1.0
labeled_linagora_cs_arabize,همية كبيرة باش تخلي فما إجراءات علق,اهميه كبيره باش تخلي فمة اجراءات على,4.785999774932861,youtube_tKKh2l0IfQo_132,0.7142857142857143
labeled_linagora_cs_arabize,الأقل نبده في اتخاذهامث,الاقل نبداو في اتخاذها انه في مثل هاذي,3.444999933242798,youtube_tKKh2l0IfQo_133,0.875
labeled_linagora_cs_arabize,لقضايا الساعة فيما يتعلق بحمل السلاحي,القضايا الساعه فيما يتعلق بحمل السلاح,2.736999988555908,youtube_tKKh2l0IfQo_134,0.5
labeled_linagora_cs_arabize,جب,يجب ان,0.6809999942779541,youtube_tKKh2l0IfQo_135,1.0
labeled_linagora_cs_arabize,ينظم أكثر موضوع حاميلي السلاح,تنظم اكثر ينظم اكثر موضوع حاملي السلاح,4.145999908447266,youtube_tKKh2l0IfQo_136,0.5714285714285714
labeled_linagora_cs_arabize,ثمفيما يتعلق بالشكايات وفيمايتعل,ثم فيما يتعلق بالشكايات وفيما يتعلق,3.5850000381469727,youtube_tKKh2l0IfQo_137,0.6666666666666666
labeled_linagora_cs_arabize,فيالتعامل مع الشكايات متاع الضحايا تم زدك,بالتعامل مع اشكايات متاع الضحايا تم زادة,4.304999828338623,youtube_tKKh2l0IfQo_138,0.42857142857142855
labeled_linagora_cs_arabize,كيف تحديد وتوضيح الكثير من الإجراءات,كيف كيف تحديد وتوضيح الكثير من الاجراءات,5.546000003814697,youtube_tKKh2l0IfQo_139,0.2857142857142857
labeled_linagora_cs_arabize,هذا الكل لا يكفي مزلنا بعاد ياسرعلى,لك هاذا الكل لا يكفي نزلنا بعاد ياسر على,5.745999813079834,youtube_tKKh2l0IfQo_140,0.5555555555555556
labeled_linagora_cs_arabize,جاد حلول لمثل هذه الظواهربرهان,ايجاد حلول لمثل هاذي الظواهر برهان لليوم,5.947000026702881,youtube_tKKh2l0IfQo_141,0.7142857142857143
labeled_linagora_cs_arabize,ما زال يخضع للمحاكمة هو اعترف,ما زال يخضع للمحاكمه هو اعترف و تقريبا,4.585999965667725,youtube_tKKh2l0IfQo_142,0.375
labeled_linagora_cs_arabize,قام متلبس في جريمة القت اللي امتعمرته,تلقاء متلبس في جريمه القتل متاع مرته,3.865000009536743,youtube_tKKh2l0IfQo_143,0.7142857142857143
labeled_linagora_cs_arabize,لكن إلى حد الآن ما زالت المحاكمة متاعه,ولكن الى حد الان مازالت المحاكمه متاعه,3.625,youtube_tKKh2l0IfQo_144,0.8571428571428571
labeled_linagora_cs_arabize,من جانب آخر ما زالت هذه الجرائم,من جانب آخر ما زالت هاذي الجرائم,3.9049999713897705,youtube_tKKh2l0IfQo_145,0.14285714285714285
labeled_linagora_cs_arabize,متواصلة وأعدادها ليست في تراجع بتاتا,متواصله واعدادها ليست في تراجع بتاتا,4.945000171661377,youtube_tKKh2l0IfQo_146,0.3333333333333333
labeled_linagora_cs_arabize,متواصلة,متواصله,0.9610000252723694,youtube_tKKh2l0IfQo_147,1.0
labeled_linagora_cs_arabize,ربما لازمنا التفكير في حلول جديدةت,ربما لازمنا التفكير في حلول جديد انت شو,5.60699987411499,youtube_tKKh2l0IfQo_148,0.375
labeled_linagora_cs_arabize,في هذه الحلول شن و تنجم تكون,رايك في هاذي الحلول شنو هو تنجم تكون هاذي,5.026000022888184,youtube_tKKh2l0IfQo_149,0.5555555555555556
labeled_linagora_cs_arabize,شكرا على حسن المتابعة إلى لقاء,الحلول شكرا على حسن المتابعه الى اللقاء,4.166999816894531,youtube_tKKh2l0IfQo_150,0.5714285714285714
labeled_linagora_cs_arabize,بنيتي حالتك حالة,بنيتي حالتك حالة,1.312000036239624,0000022_0000161_22_161_0,0.0
labeled_linagora_cs_arabize,خاطر عندها  عليه تمشي الليسي خاطر  باش تقرا معنا حتى كان لوسي,خاطر عندها علاش تمشي لل ليسي خاطرك باش تقرا معناها حتى كان,4.159999847412109,0000072_0000009_0000002_72_9_2_0,0.5
labeled_linagora_cs_arabize,rsi le mer,غسيل لماعن,1.4639999866485596,ar--2423_0.75.wav_2423_0.75_0,1.5
labeled_linagora_cs_arabize,,معناها لي اسبيس ان فوا دي ديسباريسيون ولا ان دانجي دونك جي ديري بلوس كي كوس تونيزيا سي بوزيسيون ان تان كون ورقانيساسيون انفيرونمونتال بلوس سور,12.0,0000049_0000058_0000000_49_58_0_0,1.0
labeled_linagora_cs_arabize,الر و الرهب وع خطف الكرهب و ي  لي س لحبل وا  امة خال فع اقا  لي  عل  ضو,جبدتو من الجهة الاخرى وربطتو في الكرهبة و من بعد خطفت الكربهة وقعدت تمشي حتى لين تكبس الحبل وترا كان في جثة خالد ماشية وتطلع وترتفع على القاعه حتى لين ولا معلق بين هوا وفضا وسقيه تدلدل وهك تكون مارست,13.663999557495117,segment_0000776_segment_776_0,0.975
labeled_linagora_cs_arabize,,في نهار من نهارات على اساس طفله اخرى وقاتلو باللي مراد اعطاني نمروك وقالي اتصل بيه باش تهزنا بحذاه انا وصاحبتي لدارو وانت باش تمشي معان قاللها سمير على عيني وراسي وقاللها وين تحب نجيكم بالضبط تحب,12.576000213623047,segment_0000758_segment_758_0,1.0
labeled_linagora_cs_arabize,eلwe,المونو,1.1519999504089355,ar--1494_0.75.wav_1494_0.75_0,1.0
labeled_linagora_cs_arabize,كأي رجل شو موقفك شفت زوجتك تمشي الدار دعا,كاي راجل شنوا موقفك شفت زوجتك تمشي لدار دعارة,3.927999973297119,amenyKH_0000008_chunk_0000207_008_chunk_207_0,0.5555555555555556
labeled_linagora_cs_arabize,somlas,كويس قهوة يعيشك,0.9039999842643738,TunSwitchTO_0000020_0000022_0000002_0000008qn_20_22_02_8qn_0,1.0
labeled_linagora_cs_arabize,حكينيش بار ديتاي إذا كان فما حواج ماحكينيش فيهم بار ديتاي,ما حكينا ش بار ديتايل اذا كان فمة حوايج ما حكينا ش فيهم بار ديتايل,3.7360000610351562,0000028_0000207_0000001_28_207_1_0,0.7333333333333333
labeled_linagora_cs_arabize,الشجرة,الشجرة,0.7039999961853027,ar--1617_1.wav_1617_1_0,0.0
labeled_linagora_cs_arabize,او ماصدقت هيش,اما ما صدقتش,0.871999979019165,amenyKH_Personnalité_Multiple_HM_E0000001_denoised_Sync0000014_no_speaker_0000033.0000072_0000034.0000062_Personnalité_Multiple_HM_E1_denoised_Sync014_no_speaker_33.72_34.62_0,1.0
labeled_linagora_cs_arabize,التاريخ,التاريخ,1.128000020980835,ar--1761_0.75.wav_1761_0.75_0,0.0
labeled_linagora_cs_arabize,أم عبدالله طيبت عشان هريك,ام عبد الله طيبت عشا هايل,1.9359999895095825,ar--3652_1.25.wav_3652_1.25_0,0.8333333333333334
labeled_linagora_cs_arabize,ثمانية,ثمنية,0.8799999952316284,ar--1025_0.75.wav_1025_0.75_0,1.0
labeled_linagora_cs_arabize,أنا هو اليسنس اللي نستحقه عادي ولا سوبير ولا مزوط,اناهو لسونس الي نستحقو عادي ولا سوبر ولا مازوط,3.752000093460083,ar--3271_1.wav_3271_1_0,0.7777777777777778
labeled_linagora_cs_arabize,فrي,متاعي,0.6159999966621399,ar--1183_1.25.wav_1183_1.25_0,1.0
labeled_linagora_cs_arabize,كفاش كل الوان نموديما موزاك يواكبنا,كيفاش هاكة الالوان هاذوكم يلزم نعم نعم وديما موزاكي آه يواكبنا,6.4079999923706055,amenyKH_0000011_chunk_0000050_011_chunk_50_0,0.9090909090909091
labeled_linagora_cs_arabize,ديركتر أحمد الزهيري كييحكي على الفيلم نتاعه,احمد الزهيري كي يحكي على الفيلم متاعو ديركتور,3.48799991607666,0000076_0000026_0000001_76_26_1_0,0.75
labeled_linagora_cs_arabize,العنوين,العنوان,1.0399999618530273,ar--2341_0.75.wav_2341_0.75_0,1.0
labeled_linagora_cs_arabize,يفقد,يفقد,0.6399999856948853,ar--2372_1.wav_2372_1_0,0.0
labeled_linagora_cs_arabize,ومذابين التبطيل يكون فرض ضربة إلى آخره,ومذبينا التبطيل يكون فرد ضربة الى آخره,2.815999984741211,amenyKH_0000006_0000006_0002012_partie0000005_chunk_0000184_06_06_2012_partie5_chunk_184_0,0.42857142857142855
labeled_linagora_cs_arabize,عبدالله مازاش اللي وصلو عليه عايشة,عبد الله ما نسلش الي وصاتو عليه عيشة,2.687999963760376,ar--3347_1.25.wav_3347_1.25_0,0.875
labeled_linagora_cs_arabize,طلببن عبدالله شع فيها دبوز لمناظة,طلبت من عبد الله باش يعطيها دبوزة ليموناضة,4.4720001220703125,ar--3393_0.75.wav_3393_0.75_0,1.0
labeled_linagora_cs_arabize,راه your limit حاجة عادية yur human you can make mistaكes,راهو يور ليميت حاجة عادية يور هيومان يو كان مايك ميستايكس,4.703999996185303,0000070_0000133_0000001_70_133_1_0,0.8181818181818182
labeled_linagora_cs_arabize,malazhar,ملا زهر,1.2640000581741333,mala_zhar_31785_0,1.0
labeled_linagora_cs_arabize,مالفاتي زادu سرق,ملفاتي زادة تسرقوا,1.9040000438690186,TunSwitchTO_0000055_0000023_0000042_l0000052_55_23_42_l52_0,1.0
labeled_linagora_cs_arabize,لينا حاسين ن  الليليخدم طبية  الدار معنا,ما هو ش مخلين حاجتين انه هو عنده في الليل خاطر كي ما يخدمش بالطبيعة يبدا في الدار معانا,4.815999984741211,amenyKH_Hkayet_Tounsia_S0000002_Episode_0000028_0000026_0000003_0002018_Partie_0000003_Sync0000010_no_speaker_0000074.0000033_0000079.0000012_Hkayet_Tounsia_S02_Episode_28_26_03_2018_Partie_03_Sync010_no_speaker_74.33_79.12_0,0.9473684210526315
labeled_linagora_cs_arabize,ماذوم الناس اللي لابس عليهم ينجمو لالا,يعني مرتاحة بالطبيعة بالطبيعة,4.199999809265137,amenyKH_0000006_0000006_0002012_partie0000005_chunk_0000162_06_06_2012_partie5_chunk_162_0,1.75
labeled_linagora_cs_arabize,ذيك باش نحاول نعطيكم بالحق at اللي تعلمتهم الكل    nyi dmm a m o  fabok a,هاذاكه باش نحاول نعطيكم بالحق لي استوس لي تعلمتهم الكل كان يو نيد انيثينق دي ام مي تكست مي اون ذي فيسبوك باج,9.232000350952148,0000070_0000038_0000000_70_38_0_0,0.7391304347826086
labeled_linagora_cs_arabize,اسمع قصكليمك بالعسل,اسمع قص كلامك بالعسل,1.4559999704360962,amenyKH_Hkayet_Tounsia_S0000002_Episode_0000028_0000026_0000003_0002018_Partie_0000003_Sync0000050_no_speaker_0000248.0000053_0000249.0000096_Hkayet_Tounsia_S02_Episode_28_26_03_2018_Partie_03_Sync050_no_speaker_248.53_249.96_0,0.5
labeled_linagora_cs_arabize,لأنه شوفنا اليوم اللي راه,لان شفنا اليوم لانو راهو,1.6799999475479126,amenyKH_0000006_0000006_0002012_partie0000006_chunk_0000256_06_06_2012_partie6_chunk_256_0,0.8
labeled_linagora_cs_arabize,بالحق خصارة,بالحق خسارة,1.3600000143051147,ar--3052_1.wav_3052_1_0,0.5
labeled_linagora_cs_arabize,في بالي لعبد ماتسمعش بودكاست وكل سرتو في تونس م,فيبالي العباد ما تسمعش بودكاست و كل سورتو في تونس مي,4.872000217437744,Melekher0000012_0000005_0000001_Melekher12_5_1_0,0.7272727272727273
labeled_linagora_cs_arabize,bose,برشا,0.6320000290870667,ar--1526_1.25.wav_1526_1.25_0,1.0
labeled_linagora_cs_arabize,هدي,قاعدين,0.6159999966621399,amenyKH_Hkayet_Tounsia_S0000001_Episode_0000017_0000020_0000003_0002017_Partie_0000003_Sync0000202_no_speaker_0003197.0000023_0003197.0000086_Hkayet_Tounsia_S01_Episode_17_20_03_2017_Partie_03_Sync202_no_speaker_3197.23_3197.86_0,1.0
labeled_linagora_cs_arabize,حضر في s جnاز,حظر في صلاة الجنازة متاع,1.2000000476837158,0000019_0000090_19_90_0,0.8
labeled_linagora_cs_arabize,سورية اسمها فاطمة الحش براهيم والدكتور طارق كان يعزها برشا ويعتبرها في مقام بنتو تقريبا هو اللي رباها وبحكم طارق هو,سوريه اسمها فاطمه الحاج ابراهيم والدكتور طارق كان يعزها برشا ويعتبرها في مقام بنتو تقريبا هو الي رباها وبحكم طارق هو,13.175999641418457,segment_0000809_segment_809_0,0.23809523809523808
labeled_linagora_cs_arabize,حتى في خدمتي معت نجم نركز بالكدي,حتى في خدمتي ما عادش انجم نركز بالقدا,2.0880000591278076,amenyKH_La_Dépression_HM_0000004_denoised_Sync0000006_no_speaker_0000022.0000042_0000024.0000048_La_Dépression_HM_4_denoised_Sync006_no_speaker_22.42_24.48_0,0.5
labeled_linagora_cs_arabize,دكاتيف تونيزي ذونك خديت فكرة كبيرة وتعمقت فيالسوجي وكل,ايدوكاتيف تونيزين دونك خذيت فكرة كبيرة و تعمقت فال سوجي و كل,4.5279998779296875,0000072_0000045_0000000_72_45_0_0,0.8333333333333334
labeled_linagora_cs_arabize,مش تحط لي سم فصلاتا تحب تقتلني,باش تحطلي سوم في السلاطة تحب تقتلني,2.0399999618530273,amenyKH_La_Schizophrénie_HM_E0000002_denoised_Sync0000018_no_speaker_0000066.0000090_0000068.0000096_La_Schizophrénie_HM_E2_denoised_Sync018_no_speaker_66.90_68.96_0,0.7142857142857143
labeled_linagora_cs_arabize,عسليما يا حاجة فضل,عالسلامة يا حاجة تفضل,1.1119999885559082,0000022_0000091_22_91_0,0.5
labeled_linagora_cs_arabize,المستمع,المستمع,0.9279999732971191,ar--2116_1.wav_2116_1_0,0.0
labeled_linagora_cs_arabize,ال ا  يم   خ ر  ا ا  يم  ال   مر و  ال ان  لا و,وفاتها وتنقص عليها العذاب الشديد سمعتها ريما من الاول للاخر و فينالمون ثبتت براءتها قدام الناس الكل فهمت ريما سبب الشيء الي صار عليها وسبب دمار حياتها ا وما وقفتش طول الوقت المسكينه على البكاء و الناس الكل كانوا بالرسمي مصدومين وكانوا,14.447999954223633,segment_0000468_segment_468_0,0.9523809523809523
labeled_linagora_cs_arabize,الساقة,الساق,1.0640000104904175,ar--2186_0.75.wav_2186_0.75_0,1.0
labeled_linagora_cs_arabize,أعمل كيف ما تحب,اعمل كيفما تحب,2.055999994277954,TunSwitchTO_0000067_0000015_0000033_dh0000007_67_15_33_dh7_0,1.0
labeled_linagora_cs_arabize,يا عاون,يعاون,1.184000015258789,ar--1631_0.75.wav_1631_0.75_0,2.0
labeled_linagora_cs_arabize,تعداو شهرين كاملين على ايقاف شباب الزوز وما تمكنش الحاكم من انه يتعرف على هواية فاطمة ويشدهم والسبب هذاكا تم تلاقسرحهم لكنهم قعدوا تحت الحراسة الى ان بديت تبرد القضية لكن الاخط فا,الخمسه تعداو شهرين كاملين على ايقاف الشباب الزوز وما تمكنش الحاكم من انو يتعرف على هوية فاطمه ويشدها و السبب هذاكة تم اتلاق سراحهم لكنهم قعدوا تحت الحراسه الى ان بدات تبرد القضيه لكن الاخت فاطمه,13.104000091552734,segment_0000770_segment_770_0,0.4444444444444444
labeled_linagora_cs_arabize,ماكلا في العالم واللي هي المحمصة بالقديد متاع خالت وعزيزها العشياتعلدالي,ماكلة في العالم الا و هيا المحمصة بالقديد متاع خالتو عزيزة العشية تعدالي,4.711999893188477,TunSwitchTO_0000076_0000011_0000022_exh_76_11_22_exh_0,0.6153846153846154
labeled_linagora_cs_arabize,ils ont un potentiel énorme,يل اون ان بوتنسيال انورم,1.4800000190734863,0000013_0000037_13_37_0,1.0
labeled_linagora_cs_arabize,tومhمljي عlيh take accountability,انتوما هوما لي تجاوبوا عليها تايك اكاونتابيليتي,3.119999885559082,Melekher0000010_0000266_0000000_Melekher10_266_0_0,1.0
labeled_linagora_cs_arabize,ملا منظر رايعة برشا المنتزات,ملا منضر رايعة برشا المنتزهات,5.176000118255615,TunSwitchTO_0000013_0000011_0000020_t0000004p_13_11_20_t4p_0,0.4
labeled_linagora_cs_arabize,نزمني نمشي البانكة يابانية,لازمني نمشي لبانكا يابانية,2.184000015258789,TunSwitchTO_0000141_0000018_0000050_0000006xl_141_18_50_6xl_0,0.5
labeled_linagora_cs_arabize,عند مت,كانت بمية وخمسين مش بميتين مية وخمسين ميتين ثلاثة مية,4.056000232696533,amenyKH_MIC0000001_mod_0000035_chunk_0000006_MIC00001_mod_35_chunk_6_0,1.0
labeled_linagora_cs_arabize,م م فه ل م الكل و ل        ل  مكفي  يمل ل   ل م يخلص كلميعبط فيبلا,دونك سي ان بوكس جو دي سوسيتي كيما مونوبولي داكور فيه لي باي دو موند الكل و فيه لي جويور باش يتسماو فواياجور يلز اون ان بوجي لي بوجي دي ديبار ما يكفيش باش يعملوا لي تور دو موند خاطر لازم ديما يخلصوا كل ما يهبطوا في بلاد,14.168000221252441,0000016_0000030_16_30_0,0.9583333333333334
labeled_linagora_cs_arabize,انتي شنو اللي خليك تنجح قديش عندك دجام للي بطلطة,انت شنوا الي خلاك تنجح قداش عندك ديجا ماللي بطلت توا,2.880000114440918,amenyKH_0000006_0000006_0002012_partie0000001_0000003_chunk_0000037_06_06_2012_partie1_3_chunk_37_0,0.8181818181818182
labeled_linagora_cs_arabize,يولادي ن  كلانا  شفو م في حي زهور ا نفيي هور بلدية برو منيش فاما,يا اولادي راهي الدنيا الوسخ كلانا امشيو شوفوا انا نسكن في حي الزهور الاوساخ الي صايرة لنا في حي الزهور بلدية باردو ما ني ش فاهمة,6.079999923706055,amenyKH_0000004_chunk_0000034_004_chunk_34_0,0.8461538461538461
labeled_linagora_cs_arabize,ه وف حكا ل و حكي        مرا    اار وقر ل   لص و   فا,كم نلقاو حل هنا ونفوض الحكايه لهنا وتوفى الحكايه لهنا سينو نعملك فضيحه ونفزع عليك الجيران خاف مراد بيان سور وافق وقال لها الله يبارك واقترح عليها وانهم يمشيو البلاصه ويزيدوا يحكيوا ركبوا في الكرهبة وكانوا على اساس باش يمشيو للبحر و تتنهد,14.656000137329102,segment_0000730_segment_730_0,0.9767441860465116
labeled_linagora_cs_arabize,تلفة محبوب الأمير للسلطان مراد قل,تلفت محبوب الاميرة للسلطان مراد و قالوا,2.200000047683716,0000021_0000027_21_27_0,0.5714285714285714
labeled_linagora_cs_arabize,نحب نكلا لينك سكروت مليف والخيص,نحب ماكلة بنينة كسكروت نظيف و رخيس,3.200000047683716,ar--Salah1.wav_1.25.wav_Salah1.wav_1.25_0,0.8571428571428571
labeled_linagora_cs_arabize,قاللي أنا كي قنت نجي ونحضر معاكم ماخزام فالخط,قلي انا لي كنت نجي و نحضر معاكم مخذان في الخاطر,2.871999979019165,0000020_0000099_20_99_0,0.8181818181818182
labeled_linagora_cs_arabize,ثما كلمات طيبين يسمحهم من عيلتو من صاحب اللي ينصحوا واللي يعاونوا,فمة كلمات طيبين يسمعهم م من عايلتو من صاحب الي ينصحو الي يعاونو,5.8480000495910645,amenyKH_0000006_0000006_0002012_partie0000006_chunk_0000129_06_06_2012_partie6_chunk_129_0,0.6153846153846154
labeled_linagora_cs_arabize,بالحق من أكثر الحاجات التروماتيزون تفرجت فيهم الفوزي سام يخافوش عنهم يوجعو الصغار معاش تلقى فيلم هكا,بالحق من اكثر الحاجات تروماطيزونت لي تفرجت فيهم يلز فيس سا ما يخافوش انهم يوجعوا الصغار الصغار ما عادش تلقى فيلم هكة,6.4720001220703125,0000038_0000040_0000001_38_40_1_0,0.5909090909090909
labeled_linagora_cs_arabize,ف أنا باش نعلمك الي شركات الأفشور الألمانيه و شركه هوني في تونس في الوتوموبيل,توت ا في انا باش نعلمك الي شركات ال اوفشور الالمانية معناها شركة هوني في تونس فال اوتوموبيل,7.191999912261963,0000018_0000030_18_30_0,0.6111111111111112
labeled_linagora_cs_arabize,tجد,خريطة المدينة,0.9919999837875366,ar--1336_1.25.wav_1336_1.25_0,1.0
labeled_linagora_cs_arabize,والترا أكيد يخرج من برشلونا يتعدى على باب عليه,و ال تران اكيد يخرج من برشلونة يتعدى على باب عليوة,3.4159998893737793,0000023_0000077_23_77_0,0.5454545454545454
labeled_linagora_cs_arabize,المخيم,المخيم,0.6079999804496765,ar--1083_1.5.wav_1083_1.5_0,0.0
labeled_linagora_cs_arabize,سك,الصاك امان,0.6159999966621399,ar--1339_1.25.wav_1339_1.25_0,1.0
labeled_linagora_cs_arabize,一,في,0.5120000243186951,ar--1788_0.75.wav_1788_0.75_0,1.0
labeled_linagora_cs_arabize,أنتي بالنسبة ليك الإشكال في أوقات العمءمعنه في ساعات العمل,انت بالنسبة ليك الاشكال في اوقات العمل م معناها في ساعات العمل,3.359999895095825,amenyKH_MOSAIQUEFM_FORUM_0210912_0000003_chunk_0000005_MOSAIQUEFM_FORUM_210912_3_chunk_5_0,0.5
labeled_linagora_cs_arabize,مش كل شي تدخل فيه,مش كل شيء تدخل فيه,1.2000000476837158,amenyKH_Hkayet_Tounsia_S0000002_Episode_0000028_0000026_0000003_0002018_Partie_0000003_Sync0000167_no_speaker_0001569.0000003_0001570.0000021_Hkayet_Tounsia_S02_Episode_28_26_03_2018_Partie_03_Sync167_no_speaker_1569.03_1570.21_0,0.2
labeled_linagora_cs_arabize,ريش التامي يشوف لي الفيني,حداش وتسعة مية شوف لي الفين ايه,1.7680000066757202,amenyKH_MIC0000001_mod_0000049_chunk_0000002_MIC00001_mod_49_chunk_2_0,0.8571428571428571
labeled_linagora_cs_arabize,طلبو مني باش نوالي المؤذن متاع الخمص فالجمعات,طلبوا مني باش نولي مؤذن متاع الخمس في الجامع لكبير,2.5280001163482666,0000021_0000063_21_63_0,0.7
labeled_linagora_cs_arabize,هك ستيي ره ا ع,هكة ستيلوات راهو ساتيسفاينق عالاخر ريت كي,3.9119999408721924,0000027_0000260_0000002_27_260_2_0,1.0
labeled_linagora_cs_arabize,النور,النومرو,0.5920000076293945,ar--2295_1.25.wav_2295_1.25_0,1.0
labeled_linagora_cs_arabize,على ليلة كل حاجة تقلق فيه البس احسل مع عندك اليوم صهرية شيك,على ليلة كل حاجة تقلق فيك البس احسن ما عندك اليوم سهريا شيك,4.736000061035156,TunSwitchTO_0000037_0000021_0000002_vi0000001_37_21_02_vi1_0,0.3076923076923077
labeled_linagora_cs_arabize,الفياز,البياسة,0.5600000023841858,ar--1360_1.25.wav_1360_1.25_0,1.0
labeled_linagora_cs_arabize,أنا بطبيعة سمعت كلامه مع الخر هوكا بلا مرة مشيت شريط روبة جديدة وركبت ضوافر,انا بالطبيعة سمعت كلامهم عالاخر اهوكا بالاماراة مشيت شريت روبة جديدة و ركبت ظوافر,5.935999870300293,TunSwitchTO_0000093_0000022_0000043_ct0000009_93_22_43_ct9_0,0.8571428571428571
labeled_linagora_cs_arabize,إلs,اللسان,0.6159999966621399,ar--2168_1.5.wav_2168_1.5_0,1.0
labeled_linagora_cs_arabize,نلوج على هذا,نلوج على هاذا,0.8880000114440918,TunSwitchTO_0000203_0000023_0000001_bxq_203_23_01_bxq_0,0.3333333333333333
labeled_linagora_cs_arabize,نجم تلعبو باسكت وكورا تعومو في البيسين بتاعنا والا تتسلفو باسكت,تنجمو تلعبو باسكات و كورة تعومو في البيسين متاعنا ولا تتسلفو بسكلات,6.9679999351501465,ar--3168_0.75.wav_3168_0.75_0,0.5833333333333334
labeled_linagora_cs_arabize,ن   لم   اضع الفكري م كل شي  قول  حا,اما كي سالوه قالولوا علاش كتبت في حياتك كملة معناها ستيل متاعك اونيك خمسمياة و تسعة و ثمانين معناها كيما نجيب محفوظ علاش كتبت اربع كتب ولا خمس ولا ستة كتب بركا قلهم خمسمياة و تسعين جى او كتر او سنك بون ايدي ون سكنت اون سا ريتها قوة خمسمياة و واحد و تسعين اي بان سي سا ال فو معناها ال فو افوار لوميليتي يلزم عندك تواضع الفكري مش كل الي تقولو راو حاجة طيارة واو,12.407999992370605,segment_0000311_segment_311_0,0.974025974025974
labeled_linagora_cs_arabize,عبدالله فرحان قريب باش يمشي يطلع لأخوه,عبد الله فرحان قريب باش يمشي يطل على خوه,4.199999809265137,ar--3301_1.wav_3301_1_0,0.5555555555555556
labeled_linagora_cs_arabize,هكيك العلاقة تقعد فيها برشا قدر وبرشا احتراة,هكاكة العلاقة تقعد فيها برشا قدر وبرشة احترام,2.9679999351501465,amenyKH_Hkayet_Tounsia_S0000002_Episode_0000028_0000026_0000003_0002018_Partie_0000003_Sync0000169_no_speaker_0001570.0000039_0001573.0000036_Hkayet_Tounsia_S02_Episode_28_26_03_2018_Partie_03_Sync169_no_speaker_1570.39_1573.36_0,0.375
labeled_linagora_cs_arabize,قدر العبط ل طك م طيح طلوش قدر مثلا كط تعرف كيفاش طيح قدر مثلا ناخذو الأمن معناها,القدر نهبطوه طون كو ما تيحطلوش قدرو مثلا تعرف كيفاه تطيح قدر مثلا عون امن معناها كي,11.4399995803833,segment_0000322_segment_322_0,0.8235294117647058
labeled_linagora_cs_arabize,يمشي لكا,يمشي بالكار,1.440000057220459,ar--1264_0.75.wav_1264_0.75_0,0.5
labeled_linagora_cs_arabize,رانا يا جماعة طول حياتنا ملي أن حنا في البrيmr نس,رانا يا جماعة طول حياتنا ماللي احنا فال بريمار نسمعو,3.1519999504089355,0000040_0000062_0000001_40_62_1_0,0.6
labeled_linagora_cs_arabize,علي وميعيشش حياة نرمال أما ميشلقش علىخاطر لانتراج نتاعو كل بربار دانك وانتي في وسط البربار متحسش بها صعيبه على خاطر الي انتي عايشو,وما يعيش ش حياة نورمال اما ما يشلقش على خاطر ال انتوراج متاعو الكل بريبا و انت في وسط ال بريبا ما تحس ش بيها صعيبة على خاطر الي انت عايشو,12.031999588012695,0000027_0000151_0000000_27_151_0_0,0.7741935483870968
labeled_linagora_cs_arabize,нізімыналы дылыны тлақа акет маррах,لازمنا نعاوده نتلاقاو اكيد مرة اخرى,2.74399995803833,TunSwitchTO_0000027_0000012_0000056_0000006qp_27_12_56_6qp_0,1.0
labeled_linagora_cs_arabize,قص عليه سيف وقال إي والله بالحق ولا تصورو نلقاه واحد هنا قاعد يزكل ولا يحربش والله ما يذبحنا ويعملنا كاميا,قص عليه سيف و قال ايه و الله بالحق ولا تصورو نلقاو واحد هنا قاعد يزطل ولا يحربش و الله ما يذبحنا و يعملنا كمية,8.175999641418457,0000023_0000133_23_133_0,0.48
labeled_linagora_cs_arabize,معنتها للي موجوده ولي كيما قتلك معناها حاجات اللي نبداو بتطبيق القانون القانون الموجود جا,معنتها الي موجودة و الي كيما قتلك معناها حاجات الي نبداو بتطبيق القانون القانون الموجود ديجا,6.943999767303467,0000051_0000145_0000001_51_145_1_0,0.375
labeled_linagora_cs_arabize,عشرين ألف,عشرين الف,1.7920000553131104,3echrine_alf_31360_0,0.5
labeled_linagora_cs_arabize,sabame,سبعمياة,1.3760000467300415,seb3emya_31344_0,1.0
labeled_linagora_cs_arabize,مانحكيوش على لوزيت,ما نحكيوش على لوزاتي,1.0399999618530273,0000022_0000051_22_51_0,0.75
labeled_linagora_cs_arabize,عايشة روحة زادة,عيشة روحت زادة,1.871999979019165,ar--3205_1.wav_3205_1_0,0.6666666666666666
labeled_linagora_cs_arabize,أبسط حاجة في أنك تولي بلو بروديكتيف تحس روحك هك تحب تنفع تحس الناس كل,ابسط حاجة في انك تولي بلوس برودكتيف تحس روحك هكة تحب تنفع تحس الناس الكل,6.144000053405762,0000028_0000024_0000002_28_24_2_0,0.4
labeled_linagora_cs_arabize,نؤكيد ولدينا لاحسوا الأخبر بالموضوع,و اكيد و الدينا لا حس و لا خبر بالموضوع,2.119999885559082,0000023_0000070_23_70_0,0.9
labeled_linagora_cs_arabize,على البدن على تعاملنا مع المحيط,عل البدن على تعاملنا مع المحيط,2.359999895095825,amenyKH_0000006_0000006_0002012_partie0000005_chunk_0000146_06_06_2012_partie5_chunk_146_0,0.16666666666666666
labeled_linagora_cs_arabize,المغازة,المغازة,0.8080000281333923,ar--1929_1.wav_1929_1_0,0.0
labeled_linagora_cs_arabize,ففي relationship نحكي على series relationships,في في ريلاسيونشيب نحكي على سيريوس ريلاسيونشيب,5.400000095367432,0000662_0000059_0000001_662_59_1_0,0.7142857142857143
labeled_linagora_cs_arabize,كلشي م وا يم وي  ولا يمشي على ايالنسان يعون رو  اللفيين و ن تاع الدخان يعمل شقاقة وف اللي,كل شيء معناها ولا الواحد يعمل شوية سبور ولا يمشي على ساقيه فهمتني و الانسان يعاون روحو متيفسيون هذاكة الفين ولا ثلاثة آلاف فرنك متاع الدخان يعمل شقاقة و في الليل,10.711999893188477,amenyKH_0000006_0000006_0002012_partie0000002_chunk_0000065_06_06_2012_partie2_chunk_65_0,0.8064516129032258
labeled_linagora_cs_arabize,آه هذيك كان حتستقبل,آه هذاكة كان حبس قبل,3.9119999408721924,ar--3244_0.75.wav_3244_0.75_0,0.6
labeled_linagora_cs_arabize,iserv,السرفوز,1.2640000581741333,ar--1377_0.75.wav_1377_0.75_0,1.0
labeled_linagora_cs_arabize,صباح الخير,صباح للخير,0.9440000057220459,tn9502_0,0.5
labeled_linagora_cs_arabize,glemakult,كلام معقول,1.5759999752044678,TunSwitchTO_0000006_0000011_0000049_vzs_6_11_49_vzs_0,1.0
labeled_linagora_cs_arabize,قrs,قرو باش يتعشاو,1.0959999561309814,ar--3432_1.5.wav_3432_1.5_0,1.0
labeled_linagora_cs_arabize,الخوب,الخو,0.7599999904632568,ar--1798_0.75.wav_1798_0.75_0,1.0
labeled_linagora_cs_arabize,تونسي ديما يقرا في قصص بالفرنساي باش يحسن اللغة صوحب وحدة فرنساوية قتل جتام جاوبها ماوسي مغمغاتيل,تونسي ديما يقرا في قصص بالفرنسي باش يحسن اللغه صحب وحده فرنساويه قالتله جي تايم جاوبها موا اوسي مورمورا تي يل,10.324999809265137,youtube_T6V5i3AS83A_0,0.6190476190476191
labeled_linagora_cs_arabize,لفضا,لفضاء,0.671999990940094,ar--1620_1.wav_1620_1_0,1.0
labeled_linagora_cs_arabize,فم برشا عباد معناها نضاف علىالخر وقاعدين يخرجو يطلعو معناها البلايس كسبا مروك سور,فمة برشا عباد معناها نظاف عالاخر و قاعدين يخرجوا يطلعوا معناها لبلايص كي سي سوا ال ماروك,8.368000030517578,0000042_0000027_0000001_42_27_1_0,0.7647058823529411
labeled_linagora_cs_arabize,من لازمني ناخذ المراسلة,منين لازمني ناخذ المراسلة,2.808000087738037,TunSwitchTO_0000137_0000001_0000037_p0000009b_137_01_37_p9b_0,0.25
labeled_linagora_cs_arabize,qatqad,قد قد,1.2239999771118164,gedd_gedd_9639_0,1.0
labeled_linagora_cs_arabize,مجم طوريني فاني خاطم اللي سار,تنجم توريني ثاني خاتم من الليسار,2.5840001106262207,TunSwitchTO_0000032_0000009_0000006_0000008zz_32_09_06_8zz_0,1.0
labeled_linagora_cs_arabize,راهو خاتم العرس متاع أمي,راهو خاتم العرس متاع امي,2.1040000915527344,ar--3353_1.wav_3353_1_0,0.2
labeled_linagora_cs_arabize,في السياق نحكيو على المرأةسودائلتهم درنيرمان في المغرب,في سياق لنحكيو على المراة السوداء ريتهم ديرنييرمون في المغرب,3.1600000858306885,0000050_0000179_0000001_50_179_1_0,0.6
labeled_linagora_cs_arabize,الموضع,الموضة,1.0160000324249268,ar--2082_0.75.wav_2082_0.75_0,1.0
labeled_linagora_cs_arabize,نتصور الدرجة نتاع الفرحة والشيخة اللي وصلت لها أناليلتها ناصلها حب,نتصور الدرجة متاع الفرحة و الشيخة الي وصلتلها انا ليلتها ما وصللها حد,5.144000053405762,TunSwitchTO_0000009_0000008_0000017_myt_9_08_17_myt_0,0.7692307692307693
labeled_linagora_cs_arabize,والله أنا ماخذى من كل بات شويا ظهرلي ما كنتدور برشا فتل حواجبي عربيا,و الله انا ماخذه من كل بلاد شويه ظهرلي ما كانت دور برشا في التلفرا حواجبي عربيه,5.301000118255615,youtube_5oslwQZlXC8_0,0.6470588235294118
labeled_linagora_cs_arabize,سموريتي بزليا خشمي عربي,سموريتي بزيليا خشمي عربي,3.3239998817443848,youtube_5oslwQZlXC8_1,0.25
labeled_linagora_cs_arabize,ما دخلي خشمك كليود حب البرد,ما تقولي خشمك كاليهود يحب البرد,3.0250000953674316,youtube_5oslwQZlXC8_2,0.5
labeled_linagora_cs_arabize,صيف ديما متاع الغنيين الحقيقة شتاش نيارتمالها الشربة,السيف ديما متاع الغنيين الحقيقه الشتا شنيا رسمالها الشربه,4.132999897003174,youtube_5oslwQZlXC8_3,0.6666666666666666
labeled_linagora_cs_arabize,في كل شي باي في السطرة باي شوف انتي تسخان الدنيا لعبت تعري وتوري وتعملهم الكل,في كل شيء باهي في السترا باهي انت شوف انت تسخان الدنيا العباد تعري وتوري,6.078999996185303,youtube_5oslwQZlXC8_4,0.6
labeled_linagora_cs_arabize,احمل,بار كونتر في الشتاء الحمد لله يستروا رواحهم ما فهمتش انا نلقاك في مريول يعني ظهرت,5.5,youtube_5oslwQZlXC8_5,1.0
labeled_linagora_cs_arabize,زعمة كيفاش تقى علي ضرت متفتحة حشاك اعزاء كبير في المجتمع,زعما كيفاش تتقى هيا ظهرت متفتحه وحشاك اعزاء كبير في المجتمع نو,8.77400016784668,youtube_5oslwQZlXC8_6,0.5833333333333334
labeled_linagora_cs_arabize,باش يغزرلك نظرة أخرى مش نظر  نت في مخك يا محليني عجبتو  عشتي  بت عجبتك وحد بركا ونت تعرف,باش يغزرلك نظره اخرى مش نظره الي انت في مخك يا محليني عجبته عجبت فيش عجبتيه عجبتيه في وحده بركا وانت تعرفيها,8.628000259399414,youtube_5oslwQZlXC8_7,0.6363636363636364
labeled_linagora_cs_arabize,احترماها الخشبة اللي عندك اللي في قالب يمكن نعرفشني جاب جابتك احترماهاعسلام,احترميه الخشبه الي عندك الي في قالب يمكن ماعرف شنيا جابتك احترمها,9.942000389099121,youtube_5oslwQZlXC8_8,0.5833333333333334
labeled_linagora_cs_arabize,لامب عليك مالحمد لله ب سؤالنا اليوم يقول لو كان جات الجنسيه تتعطى بملامح الوجها شني كانت تكون جنسيتك,عالسلامه لاباس عليك الحمد لله الحمد لله باهي سؤالنا اليوم يقول لو كان جات الجنسيه تعطى بملامح الوجه شنيا كانت تكون جنسيتك,9.569000244140625,youtube_5oslwQZlXC8_9,0.4090909090909091
labeled_linagora_cs_arabize,والله أنا ماخذى من كل بات شويا ظهر لي ما كنتدور برشا حت لفضا مانعرفش شحواش بعربيا,و الله انا ماخذه من كل بلاد شويه ظهرلي ما كانت دور برشا في التلفزه ما نعرفش حواجبي عربيه,7.336999893188477,youtube_5oslwQZlXC8_10,0.8421052631578947
labeled_linagora_cs_arabize,حواج بغزار ل غالب الحجام حسبي الله ونعمل وكيل سموريتي بروزيليا صمرا,حوجبي غزار يعني الله غالب الحجامه حسبي الله ونعم الوكيل سموريتي برزيل سمرا,8.331999778747559,youtube_5oslwQZlXC8_11,0.6923076923076923
labeled_linagora_cs_arabize,شنيا اخر خشمي عربي ما تقوي خشمك كليود,سني آخر خشمي عربي ما تقولي خشمك كاليهود,7.38700008392334,youtube_5oslwQZlXC8_12,0.5
labeled_linagora_cs_arabize,استغبر الله أنا علش م عنتي قيم,استغفر الله ما نعرفش انت قيم,5.510000228881836,youtube_5oslwQZlXC8_13,0.8333333333333334
labeled_linagora_cs_arabize,مادا تقول انتي عندك كوكتيل دنك لازمك يكون عندك جميع الجنسيات,معنتها انت تقول انت عندك كوكتيل دونك لازمك يكون عندك جميع الجنسيات,4.702000141143799,youtube_5oslwQZlXC8_14,0.3333333333333333
labeled_linagora_cs_arabize,و ش كيم و ولا ندوروها العالم بلاص بلاص جاع,باسبور روجير شخير من الباسبور روج معناعا ندورها العالم بلاصه بلاصه قع,6.708000183105469,youtube_5oslwQZlXC8_15,0.9166666666666666
labeled_linagora_cs_arabize,كثر بلاستحب تمشي الجنين ن نحب البرد ش الأيسلندا,اكثر بلاصه اكثر بلاصه تحب تمشي شنيا اني نحب البرد نمش الايسلندا,7.260000228881836,youtube_5oslwQZlXC8_16,0.75
labeled_linagora_cs_arabize,ش معنا آيسلندا متقولش خاطر تحب البرد نحب البرد نحب البرد نحب البرد ولامش الروسيا,شمعنى ايسلندا ما تقولش خطر تحب البرد نحب البرد نحب البرد نحب البرد نمشي لروسيا,5.900000095367432,youtube_5oslwQZlXC8_17,0.4666666666666667
labeled_linagora_cs_arabize,نمشي الألاسكا  نحب البرد  ولا نحب البرد  نشوفو فكم صيفة مردا شوية لمحلة,نمشي لالاسكا نحب البرد وه و الله نحب البرد بورطان شوفوا فيكم مصيفه برده شويه لمحاله,9.192000389099121,youtube_5oslwQZlXC8_18,0.6875
labeled_linagora_cs_arabize,خاطر سخن شعلت عليش قتلك نحب البرد خاطر فيطرف شمس كعاو,خطر سخون شعلت عليش قلتلك نحب البرد خطر فيسع طرفة شمس كهو,5.809999942779541,youtube_5oslwQZlXC8_19,0.5833333333333334
labeled_linagora_cs_arabize,أما لا أنا نحب االطقس البير نحب الأجواء البيردة تشوفو اسخانة كيفاش واصيف ديما نتاع الغنيين لحقيقة شتاش نيارتكمالها الشربة,اما لا انا نحب الطقس البارد نحب الاجواء البارده تشوفوا السخانه كيفاش و الصيف ديما متاع الغنيين الحقيقه الشتاء شنيا اسملها الشربه,8.840999603271484,youtube_5oslwQZlXC8_20,0.7272727272727273
labeled_linagora_cs_arabize,وكهو طرف وعلى قد ما تلبس على قد ما تدفع يعني مش كما الصيف الصيف لازمو برشا فلوس دونك اشتابا,وكهو تعرف و على قد ما تلبس على قد ما تدفع يعني مش كالصيف الصيف لازمه برشا فلوس دونك الشتاء باهي,7.590000152587891,youtube_5oslwQZlXC8_21,0.38095238095238093
labeled_linagora_cs_arabize,نتحتى ماديا باهي في كل شي باهي في السطرة باهي شوف انتي تسخان الدنيا لعبت تعري وتوري وتعملهم الكل,فهمة حتى ماديا باهي في كل شيء باهي في السطره باهي شوف انت تسخان الدنيا تعري وتوري و تعملهم الكل,7.966000080108643,youtube_5oslwQZlXC8_22,0.4
labeled_linagora_cs_arabize,كانت خفشتاي الحمدللاه يستر رواحهم فما لي يستر روح فما للا ولا,بار كونتر في الشتاء الحمد لله يستروا رواحهم فمة الي يستر روحه وثم الي لا ولا,5.0970001220703125,youtube_5oslwQZlXC8_23,0.8125
labeled_linagora_cs_arabize,صبيح بكري تقريب مش خرجت نقرب,الصباح بكري تقريبا السته مش السته السبعه خرجت نقرا,4.76200008392334,youtube_5oslwQZlXC8_24,0.6666666666666666
labeled_linagora_cs_arabize,صدقني والله نسخيلها الطفلة خرجة ذرب,صدقني و الله نستخيلها الطفله خرجت بزربه,3.1740000247955322,youtube_5oslwQZlXC8_25,0.8571428571428571
labeled_linagora_cs_arabize,لالابسة م مريول تويل شوية  رو بالحق شبرين تحت ال,لبسه مريول مريول طويل شويه يعني راه بالحق شبرين تحت استن,5.959000110626221,youtube_5oslwQZlXC8_26,0.6363636363636364
labeled_linagora_cs_arabize,م رول رب  السرة للهنان ر شبار ر سوابع تحت السرة,اربعه السره و الله اربع ماهي السره لهنا و الله اربعة اشبار اربعة صوابعه تحت السره,5.4039998054504395,youtube_5oslwQZlXC8_27,0.9375
labeled_linagora_cs_arabize,رو بالرسمي نرمال خرجكيك دارم صلاشي  مريول ولا روبا,راه بالرسمي راه نورمال خرجتك هكاك دارهم اصلا شنيا اه مريول ولا روبا,5.75,youtube_5oslwQZlXC8_28,0.6923076923076923
labeled_linagora_cs_arabize,انا بدي منيش عارفه لاجات لا روبا لا مريول في المريول كنجا ماريول راو الطويت كانجات روبا راي قصيرة مش منجيش روبا رو,انا بدي ما ني ش عارفه لا جت لا روبه لا مريول في المريول كان جاي مريول راه طويل كان جت روب راهي قصيره مش ما تجيش روبه روبه,8.175000190734863,youtube_5oslwQZlXC8_29,0.6896551724137931
labeled_linagora_cs_arabize,ر ن هذي م خلطتش علكلمتروبة كامل,رو معنته هاذي ما خلتتش على كلمة روبه كامله رو رو اكهو,6.866000175476074,youtube_5oslwQZlXC8_30,1.0
labeled_linagora_cs_arabize,علاش خلك خب شميز ب شمي ب شميز حتى فيلس مافيهاش,علاش تقلك روب شميز روب شميز روب شميز حتى فلس ما فيهاش,6.5879998207092285,youtube_5oslwQZlXC8_31,0.6666666666666666
labeled_linagora_cs_arabize,ل معروف عل  ا,الغروب شميز معروفه عليها الي هيا بالفلس حتى فلس ما فمش حتى فلسه و الله بكشي نسات,6.910999774932861,youtube_5oslwQZlXC8_32,1.0
labeled_linagora_cs_arabize,سبحان الله تذكري اقتي صارشراح في المراق ما تخرج كيما خدي ساعة تمكي شي قدام المراس اسدوز المكاش الحميري عايد,سبحان الله تذكري يا اختي تفرجي في راحك في المرايه قبل ما تخرجي كيما قعدتي ساعه تمكيجي قدام المرايه سيس دوز المكياج الحمير يعيف,6.73799991607666,youtube_5oslwQZlXC8_33,0.75
labeled_linagora_cs_arabize,طب هبتي المرية شوية و بليش تكرمي,طب هبطي المرايه شويه دو بالليش تكرمي,4.627999782562256,youtube_5oslwQZlXC8_34,0.7142857142857143
labeled_linagora_cs_arabize,الأبصار متاعنا مش حتى كنش سيلا مزين يعنيكضعف مش ضعيفة سيل يعني,الابصار متاعنا مش حتى جى ستيلها مزيان يعني كضعيف مش ضعيفه ستيل يعني,5.78000020980835,youtube_5oslwQZlXC8_35,0.6153846153846154
labeled_linagora_cs_arabize,مستحبة لا مستحبة ولا مستكرها ولا حت شي يعني راوبالحق,مستحبه لا مستحبه ولا مستكر ولا حتى شيء يعني راه بالحق ما,5.091000080108643,youtube_5oslwQZlXC8_36,0.6666666666666666
labeled_linagora_cs_arabize,م نقي مريرت زعم,ما فهمتش انا نقصتي مريول يعني ظهرت زعما,3.6670000553131104,youtube_5oslwQZlXC8_37,1.0
labeled_linagora_cs_arabize,كيفاش تتقا لي ضرت متفتحة حشاك اعزاء كبير في المجتمع باش يغزرلك باش يغزرلك,كيفاش تتقال عي ظهرت متفتحه وحشك عزاء كبير في المجتمع مش يغزرلك مش يغزرلك,9.223899841308594,youtube_5oslwQZlXC8_38,0.5714285714285714
labeled_linagora_cs_arabize,باش يغزرلك يغزرلكليخليش خ الراجلة مايخليش اخطو تلبس كاك ماتخليش همو تلبسكاك ولا حتى بندو تلبس كاك,مش يغزر لك يغزرلك ما يخلي ش الراجل اه ما يخليش اخته تلبس هكيكه وما تخليش امه تلبس هكيكه ولا حتى بنته تلبس هكيكه نو,7.576099872589111,youtube_5oslwQZlXC8_39,0.8
labeled_linagora_cs_arabize,باش يخزرلك نظرة أخرى مش نظرة لي أنت في مخك يا محليني عجبتو نا عيشته فيش عجبت عجبتي فيكاوحدة برشا وانتي تعرفها,مش يغزرلك نظره اخرى مش نظره الي انت في مخك يا محليني عجبته نو عجبتيه فيش عجبتيه عجبتيه في وحده بركا وانت تعرفيها,8.53499984741211,youtube_5oslwQZlXC8_40,0.7391304347826086
labeled_linagora_cs_arabize,ب ثما برشا بناتككي يعرضوك لابسينا,باهي فمة برشا برشا بنات اكاك يعرضك لابسين,4.2230000495910645,youtube_5oslwQZlXC8_41,0.875
labeled_linagora_cs_arabize,حرام ولا لموذ,ايه تقولش علينا الحرام ولا لموظه الحرام ولا لموظه,4.163000106811523,youtube_5oslwQZlXC8_42,0.8888888888888888
labeled_linagora_cs_arabize,الحرام ولا لموضة مع مشر لطاب والشارط ولا ندرشنو,الحرام ولا لموظه مهوش ال توب و ال شورت و درا شنوا,4.618000030517578,youtube_5oslwQZlXC8_43,0.8333333333333334
labeled_linagora_cs_arabize,حرام ولا لموذ تو في كل شيء,الحرام ولا لموظه توا في كل شيء,2.186000108718872,youtube_5oslwQZlXC8_44,0.42857142857142855
labeled_linagora_cs_arabize,كسسو العبات هو ربش يقول ان عصيتم فاستتيرو يعني مش تو ولات شنية باش يمشي يشرب حشاك حش الشهر يصور,كي سي سوا العباد هو ربي شيقول ان عصيتم فاستتروا يعني مش توا ولات شنيا باش يمشي يشرب حشاك حشا الشهر يصور,11.58899974822998,youtube_5oslwQZlXC8_45,0.45454545454545453
labeled_linagora_cs_arabize,القاعده ويصور البنات اللي قاعدينا معاه ويشهر على التيكتوك وعلى الجسم عى الانستاغرام وعلى الفيسبوك وعلى السناب وكان فما ابليكايون أخرى تهبط فيها تصاور,القاعده و يصور البنات الي قاعدين معه و يشهر على التيك توك و على شنوا اسمه على الانستغرام و على الفيسبوك وع السناب وكان فمة ابليكاسيون اخرى تهبط فيها تصاور,11.425999641418457,youtube_5oslwQZlXC8_46,0.7
labeled_linagora_cs_arabize,يهبط فيها أنا ما نعرفهم الشمك نعرفذوما كهو يهبط فيهم ماجين انتي شني على الأقل ماكعملتكاك,يهبط فيها انا ما نعرفهم يمكن نعرف هذوما كهو يهبط فيهم يماعيني انت ما على الاقل ماك عملت هكي,8.791000366210938,youtube_5oslwQZlXC8_47,0.5789473684210527
labeled_linagora_cs_arabize,خليها بينك وبين روحك واستغفر ربي كتفيق كتفيق من نشوة متاعك استغفر وكو,خليها بينك و بين روحك و استغفر ربي كي تفيق من نشو معك استغفر وكه,5.263000011444092,youtube_5oslwQZlXC8_48,0.6
labeled_linagora_cs_arabize,مش تقعد شهر يا ناس عالم كنجت تو كنينجمو يبدلو ستوريربدل ا مش فكا,مش تقعد تشهر يا ناس يا عالم كان جت ستوري كان ينجموا يبدلوا ستوري بدلوها كارونت ويت اور مش فان كاتر اور,9.232999801635742,youtube_5oslwQZlXC8_49,0.7272727272727273
labeled_linagora_cs_arabize,معنتها هما يحبو تاويكا يزيدوا يطولو في كل شي كثر ناسشح,فهمت معناتها هذوم يحبوا تويكا يزيدوا يطولوا في كل شيء باش اكثر ناس تشوف يطولوا كل شيء الا في الحوايج,9.682999610900879,youtube_5oslwQZlXC8_50,0.85
labeled_linagora_cs_arabize,يحبو يطولو في كل شي لا في البو في الملة السغيو ف القعدة  طول في كل شي,يحبوا يطولوا في كل شيء الا في الدبش يحبوا يطولوا في الثمله يحبوا يطولوا في الاستوي يحبوا يطولوا في القاعده يحبوا يطولوا في كل شيء,8.744000434875488,youtube_5oslwQZlXC8_51,0.76
labeled_linagora_cs_arabize,الا لحوايج قدمة أثر أكثر تكسب ك سيئات ك,الا الحوايج يعني على قد ما تاصر اكثر تكسب اكثر سيئات اكثر يعني,5.7129998207092285,youtube_5oslwQZlXC8_52,0.7692307692307693
labeled_linagora_cs_arabize,ب توا كان تحب تواجه مثلا رسالة لي,باهي توا كان تحب توجه مثلا رساله للي,5.330999851226807,youtube_5oslwQZlXC8_53,0.5
labeled_linagora_cs_arabize,والله ايا نقلك أول حاجة شوف مناش لكلنا,و الله ايج نقول لك اول حاجه شوف مناش الكلنا,4.484000205993652,youtube_5oslwQZlXC8_54,0.8
labeled_linagora_cs_arabize,صدق الله العظيم  ت دينكن تحكي عك,صدق الله العظيم يعني هاني مش تقوللي ادين كي انت تحكي هكة و ادين لا على,6.289000034332275,youtube_5oslwQZlXC8_55,0.75
labeled_linagora_cs_arabize,ربي إن شاء الله يهديني والخمار رهو نعمه,ربي ان شاء الله يهديني و الخمار راه نعمه,3.1610000133514404,youtube_5oslwQZlXC8_56,0.4444444444444444
labeled_linagora_cs_arabize,وربي وزع اني عم متاعو على كل عبد مش ماهيش سيلة واحد باش يتدينرا وربي يهدي من يشاء والهدايا رايبلحق حاجة سامية على الاخر,وربي يوزع النعم متاعه على كل عبد مش ما هي ش ساهله واحد مش يدين و ربي يهدي من يشاء والهدايه راهي بالحق حاجه ساميه على الاخر,9.432999610900879,youtube_5oslwQZlXC8_57,0.6296296296296297
labeled_linagora_cs_arabize,أما فما حاجة اسما احترام احترم حاحترم بيا خويا ما تغزروليش ما تخرجيش هكاك,اما فمة حاجه اسمها احترام احترم احترم يا اخويا ما تغزر ليش ما تخرجيش هكك,9.154000282287598,youtube_5oslwQZlXC8_58,0.6666666666666666
labeled_linagora_cs_arabize,جيك على التيكتوك وقسم بليتسخلابيت نوم,تجيك على التيك توك اقسم بالله تسخيلها بيت نوم,3.2939999103546143,youtube_5oslwQZlXC8_59,0.7777777777777778
labeled_linagora_cs_arabize,لهبالي تعملو قدام المريه ولا تتصور فيها فطلفل تليفون وضهبتو هذاك اعملو قدام المريه بينك وبين روحك,الهبالي تعمله قدام المرايه ولا تصور فيها في التليفون وتهبط هذاكة اعمل قدام المرايه بينك و بين روحك,7.0970001220703125,youtube_5oslwQZlXC8_60,0.6666666666666666
labeled_linagora_cs_arabize,مش حبطولي على التكتوك ولا ن نتصفح في التكتوك صدقني شي أسف,مش تهبط لي على التيك توك ولا نتصفح في التيك توك صدقني شيء اسف,3.946000099182129,youtube_5oslwQZlXC8_61,0.6428571428571429
labeled_linagora_cs_arabize,شي ما هزلة و ولت السوشيال ميديا ماهزلا,شيء مهزله ولات ولت السوشال ميديا مهزله,3.7130000591278076,youtube_5oslwQZlXC8_62,0.8571428571428571
labeled_linagora_cs_arabize,يعني بشتتعمل ابوني اكثر قصر اكثر هبط اكثر,يعني باش تعمل ابوني اكثر قصر اكثر هبط اكثر,5.543000221252441,youtube_5oslwQZlXC8_63,0.2222222222222222
labeled_linagora_cs_arabize,يا هذا احترم على الأقل احترمي الخشبة اللي جابتك,هاذا احترم على الاقل احترمي الخشبه الي جابتك,4.642000198364258,youtube_5oslwQZlXC8_64,0.625
labeled_linagora_cs_arabize,كسسو حية ولا مي احترمها الخشبة اللي عندك الي في قالب يمكن نعرفشني جاب جابتك,كي سي سوا حيه ولا ميته احترميه الخشبه الي عندك الي في قلب يمكن ما نعرف ش شنيا جابتك,8.086000442504883,youtube_5oslwQZlXC8_65,0.6842105263157895
labeled_linagora_cs_arabize,احترماها وكالعباد اللي تخرج محترمة من ديارها ومبعديك تمشي تعري وتقصر وتهبط,احترمها وك العباد الي تخرج محترمه من ديارها و بعدك تمشي تعري وتقصر وتهبط,7.2769999504089355,youtube_5oslwQZlXC8_66,0.5
labeled_linagora_cs_arabize,راه ماهواش فخرى راه ماهياش مانعرفش أنا حاجة ندرشنيا,راه ما هوا ش فخره راه ما هيا ش ما نعرف ش انا حاجه دار شنيا,6.59499979019165,youtube_5oslwQZlXC8_67,0.875
labeled_linagora_cs_arabize,رو كانشت التعري روحك من لفوق حجة بيا راي الكلاب عندها قداش كلب ربع ولا ثماني عنده,راه كان جات تعري روحك من فوق حاجه باهيه راهي الكلاب عندها قداش كلب اربعه ولا ثمنية,7.066999912261963,youtube_5oslwQZlXC8_68,0.6470588235294118
labeled_linagora_cs_arabize,الكلبة عندها ثمني كان جات بايرة الكلبة تلافطولة مش بايرة باش يغزرلك,الكلبه عندها ثانيه كان جات باهي راهي الكلبه تلفتوها مش باهيا راه باش يغزرلك,4.940999984741211,youtube_5oslwQZlXC8_69,0.5714285714285714
labeled_linagora_cs_arabize,وب الليش هك باش يطير منك نشوة ع قققنوع,دوبلاش هك باش يطير منك نشوه دقيقه دقيقتين وبعدك,5.210999965667725,youtube_5oslwQZlXC8_70,0.6666666666666666
labeled_linagora_cs_arabize,خ ل عر عرسش ب حى نعرس بيك باش يعمل حاجة في الحلال,تخوه هاكي آسالو يعرس بيك ما بعرس بيك حتى كان عرس بيك يعمل حاجه في الحلال بعديك,6.304999828338623,youtube_5oslwQZlXC8_71,0.7647058823529411
labeled_linagora_cs_arabize,يقللك الزبلة مايكثر حشيكم ال مايكثر فيها كان الزبا يعن مكشفش لقى راج دي ربيك باش تلقى واحد,يقول لك الزبله ما يكث حاشيكم الا ما يكثر كان الذبان يعني ما كشبا ش تلقى راجل داير بيك مش تلقى واحد,7.486999988555908,youtube_5oslwQZlXC8_72,0.8636363636363636
labeled_linagora_cs_arabize,محروق ولا محجور ولا ندرجني احنا انسقنا جمل موضوع مكاومة,محروق ولا محقور ولا ندر شنيا احنا ان سقنا جمله موضوع وكهو,7.495999813079834,youtube_5oslwQZlXC8_73,0.5833333333333334
labeled_linagora_cs_arabize,والمؤسسات التربوية,امم,1.5119999647140503,amenyKH_partie0000004_chunk_0000011_partie4_chunk_11_0,2.0
labeled_linagora_cs_arabize,كلهم يحكيو لغات مخلفة,كلهم يحكيوا لغات مختلفة,1.5360000133514404,ar--3342_1.5.wav_3342_1.5_0,0.5
labeled_linagora_cs_arabize,قد شلاد زمتا,قداش ولا العدد متاعي,1.9839999675750732,TunSwitchTO_0000017_0000015_0000021_gow_17_15_21_gow_0,1.0
labeled_linagora_cs_arabize,لويفثالثة جيد نتاع د نو أنا باش نكون لاوير وباش نلبس جوب أنا باش نكون فمينست,ال وايف الثالثة جات نتع نون انا باش نكون لاوير و باش نلبس جوب انا باش نكون فيمينست,7.056000232696533,0000052_0000035_0000001_52_35_1_0,0.6111111111111112
labeled_linagora_cs_arabize,للي تستهدفهم وتستهدف زادا حتى توانسه أصحاب البشره السودي باش نحكيو على هذا الكل مع ضيفتي رحاب بخياطيه صحفيه في موقع نوات ومهتما بقضاء,الي تستهدفهم و تستهدف زادة حتى التوانسة اصحاب البشرة السوداء باش نحكيوا على هاذا لكل مع ضيفتي رحاب بو خياطية صحفية فموقع نواة و مهتمة بقضاء,12.031999588012695,0000051_0000011_0000000_51_11_0_0,0.6923076923076923
labeled_linagora_cs_arabize,علي مين موجود حيت مندي مخزص والطبعة تحتي باش تغرق,على الليمين موجود حيط مندي مخزز و الطبعة تحتي باش تغرقني,4.335999965667725,0000023_0000120_23_120_0,0.6363636363636364
labeled_linagora_cs_arabize,واحكينا معاه,وحكينا معاه,0.8159999847412109,amenyKH_tataouine__for_acoustic_analysis_Sync0000119_no_speaker_0000693.0000023_0000694.0000016_tataouine__for_acoustic_analysis_Sync119_no_speaker_693.23_694.16_0,0.5
labeled_linagora_cs_arabize,ونشكر زدا المستمعين اللي حاولو يشاركو وربما منجمناش ناخذوهم لذيق الوقت,و نشكروا زادة المستمعين الي حاولوا شاركوا وربما ما نجمناش ناخذوهم لضيق ال وقت,5.3520002365112305,amenyKH_0000006_0000006_0002012_partie0000006_chunk_0000046_06_06_2012_partie6_chunk_46_0,0.7857142857142857
labeled_linagora_cs_arabize,يحب يreservي تسكرة مشي وجي,يحب اريزرفي تسكرة مشي و جي,3.1679999828338623,ar--3285_1.wav_3285_1_0,0.5
labeled_linagora_cs_arabize,التخوسعب,الكارط بوستال,0.9440000057220459,ar--1795_1.25.wav_1795_1.25_0,1.0
labeled_linagora_cs_arabize,من الشك متاعهم في محمد باش يسألوا منه هل عندو معرفة قديمة بالسائق متاعه هل عنده فيه ثقة هلاش اختارو هو بالتحديد هل يشك في تورط,يثبتوا من الشك متاعهم في محمد باش يسالوا منهل هل عنده معرفه قديمه بالسائق متاعه هل عنده فيه ثقه علاش اختاره هو بالتحديد هل يشك في تورطه,13.53600025177002,segment_0000847_segment_847_0,0.37037037037037035
labeled_linagora_cs_arabize,باشي طيب وكلا يولانية,يونانية باش يطيب اكلة,3.496000051498413,ar--3192_0.75.wav_3192_0.75_0,1.0
labeled_linagora_cs_arabize,ممنوع,ممنوع,1.1039999723434448,mamnou3_14569_0,0.0
labeled_linagora_cs_arabize,كان متنجمو تكتب في الك وكان مه,كان ما تنجموش تكتبوا فال بوكس يو كان معناها تكست مي,4.0879998207092285,0000072_0000130_0000001_72_130_1_0,0.9090909090909091
labeled_linagora_cs_arabize,الخضر,الخضرة,0.6959999799728394,ar--1499_1.wav_1499_1_0,1.0
labeled_linagora_cs_arabize,العبيد  بالحق,العباد اند اي واز بالحق اي واز جينوين ويذ,4.9039998054504395,0000073_0000097_0000000_73_97_0_0,0.8888888888888888
labeled_linagora_cs_arabize,يا عبد المجيد انتوم عندكم ثلاث مؤسسات  تعليمية في سجنان مثكرة,سي عبد المجيد انتوما عندكم ثلاثة مؤسسات تعليمية في سجنان مسكرة,3.4000000953674316,amenyKH_partie0000004_chunk_0000006_partie4_chunk_6_0,0.36363636363636365
labeled_linagora_cs_arabize,حاغش الرأس,حرابش الراس,1.0720000267028809,ar--2201_1.5.wav_2201_1.5_0,1.0
labeled_linagora_cs_arabize,اسلام عائشة عبدالله معاك اني جبت لخاتمة تاعك,عالسلامة عيشة عبد الله معاك هاني جبلتلك الخاتم متاعك,3.3519999980926514,ar--3404_1.25.wav_3404_1.25_0,0.8888888888888888
labeled_linagora_cs_arabize,عليش,علاش,0.6399999856948853,ar--1043_1.wav_1043_1_0,1.0
labeled_linagora_cs_arabize,g لk ش  ل,اوف قود لاك فمة برشا قود لاك,3.447999954223633,0000073_0000153_0000003_73_153_3_0,1.0
labeled_linagora_cs_arabize,خمصs,خمسطاش,0.7839999794960022,ar--1133_1.25.wav_1133_1.25_0,1.0
labeled_linagora_cs_arabize,كان نبيعوا كل شيء ثروتنا بالله لما تفوط ثروة السلطاء,تي كان نبيعو كل شيء ثروتنا بالله لما تفوت ثروة السلطان,3.687999963760376,0000019_0000169_19_169_0,0.36363636363636365
labeled_linagora_cs_arabize,لوتوروت,لوطوروط,0.8560000061988831,ar--1834_1.wav_1834_1_0,1.0
labeled_linagora_cs_arabize,عيه  ال      ا,لي عديتها في البلاصة امان يتس سو هارد تو نوت ساي اسامي لبلايص,5.392000198364258,0000060_0000120_0000001_60_120_1_0,1.0
labeled_linagora_cs_arabize,معادشفكر في معت تلاب حاجات اخرى حاجات اللي,ما عادش تفكر فيه معناتها اتلهى بحاجات اخرى حاجات الي,3.2160000801086426,amenyKH_0000006_0000006_0002012_partie0000001_0000003_chunk_0000210_06_06_2012_partie1_3_chunk_210_0,0.8
labeled_linagora_cs_arabize,ومن جينا لجنوب شرق المتوسط بدينا بتونس مصر,و من الفين و اثناش جينا لجنوب شرق المتوسط بدينا بتونس مصر,4.48799991607666,0000011_0000008_11_8_0,0.4166666666666667
labeled_linagora_cs_arabize,ا        ا,جيت نشوف نلق عسى ان تكرهوا شيئا وهو خير لكم لقيت براتيكمو اذاكا خاطر بروجي لل فينانسمون الي ما عملولي ش ديفيكولتي فينانسيير اذاكا وتوا لاقين بروجي الي عاملها خايبة برشا و فمة برشا عباد حلت ال ايتود دي مارش ال,12.031999588012695,0000026_0000041_0000000_26_41_0_0,1.0
labeled_linagora_cs_arabize,صر,اه اه الخمسة و خمسة غدوة الصباح الله يبارك الله يبارك,3.74399995803833,amenyKH_MIC0000001_mod_0000012_chunk_0000000_MIC00001_mod_12_chunk_0_0,1.0
labeled_linagora_cs_arabize,مثلا انا عندي رقم البقاني لتبت لقاب في تيارة أخرى,مثلا انا عندي الرقم الفوقاني نتلفت نلقاه في سيارة اخرى,3.25600004196167,amenyKH_0000003_chunk_0000082_003_chunk_82_0,0.6
labeled_linagora_cs_arabize,باش نزيد نلوش على الكلاسة والكولورات الشتاء,باش نزيد نلوج على كلاست و كولونات للشتاء,3.992000102996826,ar--3424_1.25.wav_3424_1.25_0,0.625
labeled_linagora_cs_arabize,في التغطية الاجتماعية والصحية,في التغطية الاجتماعية و الصحية,2.0959999561309814,0000007_0000007_7_7_0,0.4
labeled_linagora_cs_arabize,شنو اللي تنجم تلقاه هوني ما زاي تجيب فيه تكركر فيه,شنوا الي تنجم تلقاه هوني زايد تجيب فيه تكركر فيه,3.440000057220459,0000028_0000159_0000002_28_159_2_0,0.4
labeled_linagora_cs_arabize,عبدالله مشا سقل طفلة,عبد الله مشى سال طفلة,2.2160000801086426,ar--3084_1.wav_3084_1_0,0.8
labeled_linagora_cs_arabize,ن     ن م مي ن فيسبو ب م لاخر بكا,ان ادفايس اور سامثينق بليز قو اند دي ام مي اون فيسبوك باج من اللخر بودكاست,6.28000020980835,0000060_0000176_0000001_60_176_1_0,0.9375
labeled_linagora_cs_arabize,تعقدني في مخي هو ما عندوش دا ماساج تعقدو في مق يعني هو كيما قلت أنتي حر نساو رجال مع بعضها,عقدني فمخي هو ما عندوش دي ميساج تعقدو فمخو يعني هو كيما قلت انت حرر النساء و الرجال مع بعضهم,6.271999835968018,0000052_0000124_0000001_52_124_1_0,0.65
labeled_linagora_cs_arabize,وانتي طبيب قالك صعيب بش زب,انت الطبيب قال لك صعيب باش تجيب صغار,1.7519999742507935,amenyKH_0000008_chunk_0000322_008_chunk_322_0,0.875
labeled_linagora_cs_arabize,منا نخدم في نفس الخدمة,مانا نخدموا في نفس الخدمة,1.5679999589920044,amenyKH_Hkayet_Tounsia_S0000002_Episode_0000028_0000026_0000003_0002018_Partie_0000003_Sync0000004_no_speaker_0000056.0000003_0000057.0000058_Hkayet_Tounsia_S02_Episode_28_26_03_2018_Partie_03_Sync004_no_speaker_56.03_57.58_0,0.4
labeled_linagora_cs_arabize,نبعد كيفاش مازال فما شكون في الدنيا نجم يحكم في باش نعمل,نبهت كيفاش مازال فمة شكون في الدنيا ينجم يحكم فيا آش نعمل,4.239999771118164,TunSwitchTO_0000005_0000008_0000054_i0000008k_5_08_54_i8k_0,0.4166666666666667
labeled_linagora_cs_arabize,النهار هاذا كاينها معناها البريود القديمة,النهار هاذا كاينها معناه ال بيريود القديمة,3.128000020980835,0000060_0000120_0000000_60_120_0_0,0.42857142857142855
labeled_linagora_cs_arabize,ما عندك حتى فكرة عل الموت,ما عندك حتى فكرة على المود,2.2639999389648438,ar--3427_1.wav_3427_1_0,0.3333333333333333
labeled_linagora_cs_arabize,ششت البصمش,عيشة مشات للبوسطة باش تطلب,1.5679999589920044,ar--3458_1.5.wav_3458_1.5_0,1.0
labeled_linagora_cs_arabize,أحواز لمدينة,احواز المدينة,1.2239999771118164,ar--1589_1.wav_1589_1_0,1.0
labeled_linagora_cs_arabize,المستهلك,المستهلك,1.0160000324249268,ar--1619_1.wav_1619_1_0,0.0
labeled_linagora_cs_arabize,مثلا  أنك you're under this pressure  you have to lose weight تo بe beautiful woman ولا م تنجمش تكون قراية,مثلا كيما انك يور اندر ذيس بريشر انت يو هاف تو لوس وايت تو بي ا بيوتيفول وومان ولا ما تنجمش تكون قراية,9.847999572753906,0000052_0000040_0000001_52_40_1_0,0.782608695652174
labeled_linagora_cs_arabize,جبال لفروجي يتميز في اليابان بميتر,جبل فوجي يتميز في اليابان بثلاثة الاف و سبعة مية و ستة و سبعين ميترو,4.360000133514404,TunSwitchTO_0000022_0000017_0000037_o0000000g_22_17_37_o0g_0,0.8
labeled_linagora_cs_arabize,الكن هرل نف,يضهرلي نفسو و الله يضهرلي نفسو ما ني ش سور جبدت كنش و الله نتفكرها كيما توا,6.519999980926514,0000027_0000186_0000003_27_186_3_0,1.0
labeled_linagora_cs_arabize,iz,يهز معاه,0.6240000128746033,ar--1913_1.5.wav_1913_1.5_0,1.0
labeled_linagora_cs_arabize,عنجك ما اكبر,عندك ما اكبر,1.9600000381469727,TunSwitchTO_0000061_0000019_0000039_dif_61_19_39_dif_0,0.3333333333333333
labeled_linagora_cs_arabize,توا ما بقالي كان باش نعمر الفرملار,توا ما بقالي كان باش نعمر الفورمولار,3.0399999618530273,ar--3564_1.wav_3564_1_0,0.14285714285714285
labeled_linagora_cs_arabize,وننطلقوا في القسم بتاعنا,و ننطلقو في القصة متاعنا,1.3279999494552612,0000022_0000004_22_4_0,0.8
labeled_linagora_cs_arabize,ميهي,مهني,0.5040000081062317,ar--2443_1.25.wav_2443_1.25_0,1.0
labeled_linagora_cs_arabize,جملا,جملة,0.7440000176429749,ar--1776_0.75.wav_1776_0.75_0,1.0
labeled_linagora_cs_arabize,عبدالله توحش عايلته برشا,عبد الله توحش عايلتو برشا,3.135999917984009,ar--3630_0.75.wav_3630_0.75_0,0.6
labeled_linagora_cs_arabize,العامة الخالة,العمة الخالة,3.2320001125335693,ar--2354_0.75.wav_2354_0.75_0,0.5
labeled_linagora_cs_arabize,صي  تجيب صغا,صعيب ايه صعيب,2.1440000534057617,amenyKH_0000008_chunk_0000117_008_chunk_117_0,1.0
labeled_linagora_cs_arabize,عندهم علىالمستبدلات نتاع النيكوتين نعتيوهم,آه عندهم على ها المستبدلات متاع النيكوتين نعطيوهم,3.552000045776367,amenyKH_0000006_0000006_0002012_partie0000006_chunk_0000082_06_06_2012_partie6_chunk_82_0,0.75
labeled_linagora_cs_arabize,العادات نستحكي على القاعدة في القهوة,ال العادات الناس تحكي على القعدة في القهوة وال,2.927999973297119,amenyKH_0000006_0000006_0002012_partie0000005_chunk_0000038_06_06_2012_partie5_chunk_38_0,0.5555555555555556
labeled_linagora_cs_arabize,صحيح,صحيح,0.9599999785423279,ar--3563_0.75.wav_3563_0.75_0,0.0
labeled_linagora_cs_arabize,برش كانو يشرفو قبلو بعض واش لكن بعضما جابو الصغر,برشا كانو يشربو قبل و بعد الزواج لكن بعد ما جابوا الصغار,4.208000183105469,TunSwitchTO_0000036_0000011_0000030_r0000009n_36_11_30_r9n_0,0.8333333333333334
labeled_linagora_cs_arabize,مرحب بيكم مجديد في هذا الموعد المباشر من برنامج المجلة الصحية,مرحبا بيكم من جديد في هاذا الموعد المباشر من برنامج المجلة الصحية,3.7119998931884766,amenyKH_0000009_chunk_0000001_009_chunk_1_0,0.3333333333333333
labeled_linagora_cs_arabize,نجيب,نجيب,1.0479999780654907,najib_28216_0,0.0
labeled_linagora_cs_arabize,عبدالله قرر بش يمشي يشوف المركب بنفسه,عبد الله قرر باش يمشي يشوف المركب بنفسو,4.0,ar--3175_1.25.wav_3175_1.25_0,0.5
labeled_linagora_cs_arabize,ر ي يوعفي  الا مهموم   كم ا,صدري يبداامم يوجع في تاعب فاشل نبدا ماشي م مهموم وجهي اكحل ص توا حمد الله ان شا الله نجيكم للاستديو,6.303999900817871,amenyKH_0000006_0000006_0002012_partie0000001_0000003_chunk_0000230_06_06_2012_partie1_3_chunk_230_0,0.9523809523809523
labeled_linagora_cs_arabize,تحسل,لعسل,0.5120000243186951,ar--1214_1.5.wav_1214_1.5_0,1.0
labeled_linagora_cs_arabize,شكرذ سخونة,الشكلاطة السخونة,0.9919999837875366,ar--1195_1.5.wav_1195_1.5_0,1.0
labeled_linagora_cs_arabize,كما تحكي انتي مع لباليش قهاوي خروج رمي كيتبدا تدبر في بيي نجم  ندبرو فصحة نفسو,تحكي انت ما علابالي ش قهاوي خروج رامي تبدى تدبر في بيي نجموا ندبروا فصعة نفصعوا,8.407999992370605,0000027_0000025_0000000_27_25_0_0,0.6875
labeled_linagora_cs_arabize,نحب نمشي البنزرت نرتاح شوية,حكيت معا لولا قالوا لي كل شيئ مريقل نهار السبت,3.7279999256134033,ar--Salah7.wav_1.wav_Salah7.wav_1_0,1.0
labeled_linagora_cs_arabize,أخويا العزيز الحاجة اللي يمكن ما تعرفهاش اللي أنا من جيهة في تونس ل المرأة,خويا لعزيز الحاجة الي يمكن متعرفهاش الي انا من جهة في تونس الي المراة,5.0960001945495605,TunSwitchTO_0000003_0000000_0000003_fod_3_00_03_fod_0,0.7142857142857143
labeled_linagora_cs_arabize,我net tdna你i,و مماتو تبدا تغني,1.2719999551773071,ar--3626_1.5.wav_3626_1.5_0,1.0
labeled_linagora_cs_arabize,اسنا كست فنا مو مسنخاف,السنة اكسسبسينلمن باش نخاف,2.0320000648498535,amenyKH_0000007_chunk_0000090_007_chunk_90_0,1.25
labeled_linagora_cs_arabize,ا,الصغار الى الابد و هيكاكا يرتاحوا و ترتاح الاخت احلام من تفكير وما تقعدش مشيا جايا على السحاره كل ما تحبل الانسه ريما خذت الانسه احلام موعد ومشيت للسحار الشريره المشعوذه وحكت لها على شيء الي تحب تعملو وقالت لها كي العاده السحاره جوك باهي وما عندك,14.263999938964844,segment_0000423_segment_423_0,1.0
labeled_linagora_cs_arabize,vinosla ta talab jaane taba ertalab jaane pes taba ager talab,وين وصلت الطلب اعانة نتبع اخر طلب اعانة باش نتبع اخر طلب,7.880000114440918,segment_0000136_segment_136_0,1.0
labeled_linagora_cs_arabize,كlحي,الحيط,0.9760000109672546,ar--1418_0.75.wav_1418_0.75_0,1.0
labeled_linagora_cs_arabize,بنكري كرسي,نحب نكري كرسي متاع شط,1.4240000247955322,TunSwitchTO_0000014_0000011_0000022_l0000005y_14_11_22_l5y_0,0.8
labeled_linagora_cs_arabize,يلزم,يلزم,0.5600000023841858,ar--2433_1.wav_2433_1_0,0.0
labeled_linagora_cs_arabize,العادل هذا نحب نشكرو انا برشا شكرتو قبيلة دجاع على المداخلة متاعو,ال عادل هذايا نحب نشكروا انا برشا آه شكرتو قبيلة ديجا على المداخلة متاعو,5.303999900817871,amenyKH_0000006_0000006_0002012_partie0000006_chunk_0000013_06_06_2012_partie6_chunk_13_0,0.42857142857142855
labeled_linagora_cs_arabize,نطلب بنك مرة اللي عندي الوقت باش نعمل طلع,نطلب منك مرة الي عندي الوقت باش نعمل طلة,4.415999889373779,TunSwitchTO_0000093_0000001_0000021_n0000007i_93_01_21_n7i_0,0.3333333333333333
labeled_linagora_cs_arabize,فلوس برشا تدخل في اللتظاهرات,فلوس برشا تدخل في التظاهرات وال,3.2239999771118164,0000007_0000028_7_28_0,0.3333333333333333
labeled_linagora_cs_arabize,ا,بعضها في الدار وتولي حرب اهليه قرر وانه مبدئيا يعرس في الخفاء من غير ما يقول لزوجة الاولى احلام احلام مش ترفض من دون ادنى شك واصلا الحقيقه معناها رايها ما يهمش راو خونا مسعود قالك ما فمش شرط يقول وانه الزوجه الاولى لازم ترضى بالزوجه,14.944000244140625,segment_0000355_segment_355_0,1.0
labeled_linagora_cs_arabize,告诉,القهوة,0.5839999914169312,ar--1376_1.25.wav_1376_1.25_0,1.0
labeled_linagora_cs_arabize,أكثر برتي في حياتك اسحقيت فيها انك تكون بالرسمي بroductive هي الباك,اكثر بارتي في حياتك ستحقيت فيها انك تكون بالرسمي برودكتيف هيا الباك,4.6479997634887695,0000027_0000017_0000000_27_17_0_0,0.4166666666666667
labeled_linagora_cs_arabize,akarilوs,باش ناخذ زوز,0.8240000009536743,TunSwitchTO_0000032_0000022_0000018_v0000008x_32_22_18_v8x_0,1.0
labeled_linagora_cs_arabize,ورجعوا يسوع وتلامدم السامرة للقدس وقعد يسوع يعلم في الناس على مملكة ربي وعمل برشا معجزات,و رجعو يسوع و تلاميذتو من السامرة للقدس و قعد يسوع يعلم في الناس على مملكة ربي و عمل برشا معجزات,7.5279998779296875,23_Jesus_Heals_What_Power_OneStory_AEB_0,0.42857142857142855
labeled_linagora_cs_arabize,وفي نهار وقت اللي يسوع كان مع الناس جابولو رجل اعمى وباكوش وساكنو شيطان ياخي بالوقت يسوع شفاه ووله الرجل يشوف ويتكلم وبهذت الناس الكل وقالو,و في نهار وقت الي يسوع كان مع الناس جابولو راجل عمى و بكوش سكنو شيطان ياخي بالوقت يسوع شفاه و ولا ها الراجل يشوف و يتكلم و بهتت الناس الكل و قالوا,13.088000297546387,23_Jesus_Heals_What_Power_OneStory_AEB_1,0.5454545454545454
labeled_linagora_cs_arabize,زعما هذا هو الملك اللي ربي وعد به داود انو باش يجي من ضريتو اماشيوخ الدين قالو ما يطرد اش واطن كان ما يكون ساكنو شيطان اقوى منو,زعم هاذا هو الملك الي ربي وعد بيه داود انه باش يجي من ذريتو اما شيوخ الدين قالوا ما يطرد الشواطن كان ما يكون ساكن شيطان اقوى منو,10.336000442504883,23_Jesus_Heals_What_Power_OneStory_AEB_2,0.42857142857142855
labeled_linagora_cs_arabize,وكيف عرف يسوع على شنو اللي خمموا فيه قالهم كل بلاده ماليها الدور على بعاضها تخرب وكل دار فيها العائلة تقلب على بعاضها تتشدد,و كيف عرف يسوع على شنوا الي يخممو فيه قالهم كل بلاد اماليها تدور على بعضها تخربو و كل دار فيها العايلة تقلب على بعضها تشتت,11.071999549865723,23_Jesus_Heals_What_Power_OneStory_AEB_3,0.5769230769230769
labeled_linagora_cs_arabize,وإذا الشيطان يترد في شواطن اللي كيفو راهو قعد يخرب ويكسر في روحه كيفاش تقولو اللي انا نترد في شواطن على خاطر الشيطان هو اللي يعطيني قوة,و اذا شيطان يطرد في شواطن الي كيفو راهو قاعد يخرب و يكسر في روحو كيفاش تقلو الي انا نطرد في شواطن على خاطر شيطان هو الي يعطيني قوة,10.776000022888184,23_Jesus_Heals_What_Power_OneStory_AEB_4,0.4827586206896552
labeled_linagora_cs_arabize,اما لا يا شيوخ الدين شكون يعطيكم القوة باش تردش واطن اما انا نقولكم ال القوة اللي ناخذها هي من عند روح ربي ونزيد نقولكم اللي موش معايا راهو ضدي,ملا يا شيوخ الدين شكون يعطيكم القوة باش تطردو شواطن اما انا نقلكم الي القوة الي نخذها هيا من عند روح ربي و نزيد نقلكم الي مش معايا راهو ضدي,12.704000473022461,23_Jesus_Heals_What_Power_OneStory_AEB_5,0.4666666666666667
labeled_linagora_cs_arabize,يا خي فما شكون من جيوخ دين قالو ليسوع يا معلم نحبوك تعمللنا معجزة عظيمة باش تورينا اللي قوتك راح يتجي من عند ربي بالمنجد,ياخي فمة شكون من شيوخ الدين قالوا ليسوع يا معلم نحبوك تعمللنا معجزة عظيمة باش تورينا الي قوتك راهي تجي من عند ربي بالمنجد,10.02400016784668,23_Jesus_Heals_What_Power_OneStory_AEB_6,0.375
labeled_linagora_cs_arabize,كان تعمل هاالمعجزة باش نمنو بيك لكن يسوع جاوبهم قداشكم جيل شرير وكفار وقاعدين تطلبو في معجزة من عند ربي,كان تعمل ها المعجزة باش نامنو بيك لكن يسوع جاوبهم قداشكم جيل شرير و كفار و قعادين تطلبو في معجزة من عند ربي,10.336000442504883,23_Jesus_Heals_What_Power_OneStory_AEB_7,0.30434782608695654
labeled_linagora_cs_arabize,ومش باش تتعطالكم كان معجزة يونان النبي يونان اللي قعد ثلاث ايام وثلاث ليالي في كرش الحوتة وابن الإنسان زاده باش يقعد ثلاث أيام وثلاث ليالي فالرض,و مش باش تعطالكم كان معجزة يونان النبي يونان الي قاعد ثلاثة ايام و ثلاثة ليالي في كرش الحوتة و ابن الانسان زادة باش يقعد ثلاثة ايام و ثلاثة ليالي في الارض,11.968000411987305,23_Jesus_Heals_What_Power_OneStory_AEB_8,0.5625
labeled_linagora_cs_arabize,في يوم لقيامة الشعب اي مشالو يونان وكلمهم عل ربي وتابو عل ذنوبهم,في اليوم القيامة الشعب الي مشالو يونان و كلمهم على ربي و تابو على ذنوبهم,5.480000019073486,23_Jesus_Heals_What_Power_OneStory_AEB_9,0.6
labeled_linagora_cs_arabize,هاك الشعب باش ياقف يشهد ضدكم وعليكم على خاطر هوما تابو من ذنب متاعهم كيسمعوا كلام يونان,هاك الشعب باش ياقف يشهد ضدكم و عليكم على خاطر هما تابو من الذنب متاعهم كسمعو كلام يونان,7.423999786376953,23_Jesus_Heals_What_Power_OneStory_AEB_10,0.2777777777777778
labeled_linagora_cs_arabize,أمانتوما فيها الجيل عندكم واحد أعظم من يونان وبعض كل ما قالو يسوع وعملو خمو شيوخ الدين باش يقتلوه,اما انتم في ها الجيل عندكم واحد اعظم من يونان و بعد كل ما قالوا يسوع وعملو خممو شيوخ الدين باش يقتلوه,8.95199966430664,23_Jesus_Heals_What_Power_OneStory_AEB_11,0.4090909090909091
labeled_linagora_cs_arabize,في الواقع,في الواقع,1.0080000162124634,ar--2272_1.wav_2272_1_0,0.0
labeled_linagora_cs_arabize,,سمبل برشا واصلا احساس ونحب نحسه معناها يجيني احساس نحس باللي صاحبي مازال معايا وبس معناها لا سحر لا اباري لا حتى شيء بلكشي خياطه عطيني خمسة اباري مشيت نجري جبت شمعه طفيت الضو وشعله الشمعه وهزيت كدميه هذاكة,13.904000282287598,segment_0000615_segment_615_0,1.0
labeled_linagora_cs_arabize,صغير برشا,صغير برشا,1.1679999828338623,ar--1477_1.wav_1477_1_0,0.0
labeled_linagora_cs_arabize,slweko,في الواقع,0.6880000233650208,ar--2272_1.5.wav_2272_1.5_0,1.0
labeled_linagora_cs_arabize,يصيح,يصيح,0.9599999785423279,ar--2011_0.75.wav_2011_0.75_0,0.0
labeled_linagora_cs_arabize,lsib,نسيب,1.031999945640564,nsib_9007_0,1.0
labeled_linagora_cs_arabize,كتحاول توعي بعض الناس اللي مازالوا لابس عليهم واللي نجموا يبطلوا الدخان,تحاول توعي بعض الناس الي ما زالوا لا باس عليهم الي ينجموا يبطلوا الدخان,3.8959999084472656,amenyKH_0000006_0000006_0002012_partie0000003_chunk_0000018_06_06_2012_partie3_chunk_18_0,0.5714285714285714
labeled_linagora_cs_arabize,باش نمو ننجمو نروجو لل متاعنا ونجمو نومهم ياسر نحكيو فيها النقطة هذيا فو برشا فرص راو باش نجم تشارك في معارض عالمية اترار لهنا ينفد خلف الايكوسيستيم وعرفت الناس,باش نجمو نخدمو باش نجمو نروجو لل برودوي متعنا و نجمو نكسبورتيوه للافريك مهم ياسر نحكيو فيها النقطة هاذيا فمة برشا فرص راهو باش تنجم تشارك في معارض عالمية ا ترافير لهنا يون فوا دخلت لل ايكوسيستم و عرفت الناس,14.960000038146973,0000018_sub_audio_chunk_0000000_18_sub_audio_chunk_0_0,0.6
labeled_linagora_cs_arabize,فحتو好,في حتى بقعة,0.8399999737739563,ar--2280_1.25.wav_2280_1.25_0,1.0
labeled_linagora_cs_arabize,نشري م عندو نقع نك هلو ي  د ي    مان خاطر بعد ما يت عيلت معناها معادش يحكي معايا هكيك عرفتك ليهي,نشري من عندو و نقعد نكحرلو اي سوير تو قود اي انجوييد تورتورينق ذيس مان خاطر بعد ما ريت عايلتو معناها ما عادش يحكي معايا هكاكة عرفت اكلي هي,11.960000038146973,0000060_0001160_0000000_60_1160_0_0,0.6896551724137931
labeled_linagora_cs_arabize,انا ديما نقول من عام خوزام اختارو لبروف نتاع الباك نتاعكم باش,انا ديما نقول من عامة ال تروازيام اختارو لي بروف متاع ال باك متاعكم باش,4.631999969482422,0000070_0000104_0000001_70_104_1_0,0.6
labeled_linagora_cs_arabize,طلب منهم بشبعفلو معلومات,طلب منهم باش يبعثولو معلومات,2.431999921798706,ar--3159_1.25.wav_3159_1.25_0,0.4
labeled_linagora_cs_arabize,قال شنو مهبول ومريث ونسمع فيها صوات,قال شنوا مهبول و مريض و نسمع في اصوات,2.936000108718872,amenyKH_La_Schizophrénie_HM_E0000002_denoised_Sync0000006_no_speaker_0000005.0000099_0000009.0000010_La_Schizophrénie_HM_E2_denoised_Sync006_no_speaker_5.99_9.10_0,0.7777777777777778
labeled_linagora_cs_arabize,قعد عامها كامل هكيكا مناخوش في دينات بالين في ي ومنجاش المخي أنو لازمني نبدل ولا لازمني نشوف حل ولا فما حاجه مهاش قاد تمش,قعد عامها كامل هكاكة جونر ما ناخوش دي نوت باهين فال تروازيام و ما جا ش لمخي انو لازمني نبدل ولا لازمني نشوف حل ولا فمة حاجة ما هي ش قاعدة تمشي,10.935999870300293,Melekher0000010_0000042_0000000_Melekher10_42_0_0,0.6875
labeled_linagora_cs_arabize,شنو جاوبو قلو stay in school أقرى على روحك نجح باش كيك تنجم تلقى safe and secure joب,شنوا جاوب قالوا ستاي ان سكول اقرا على روحك انجح باش اكاكا تنجم تلقى سايف اند سيكير جوب,6.360000133514404,0000034_0000011_0000001_34_11_1_0,0.7222222222222222
labeled_linagora_cs_arabize,الس,القيشي,0.5759999752044678,ar--1858_1.25.wav_1858_1.25_0,1.0
labeled_linagora_cs_arabize,náža,نعجا,1.527999997138977,ne3ja_2781_0,1.0
labeled_linagora_cs_arabize,اللي مبعديش باش تسمح باش يجمو ا  وي نجمو نتبعو او ذا كان فا اي بعو فينا حبو يطبعوع  ا على الا يو   والا على    زادا,الي من بعد باش تسمح باش ينجموا وين نجموا نتبعوا ستارتي فور اذا كان فمة من الناس لي يتبعوا فينا يحبو يتبعو ان لايف ال لايف اكزاكتمون عال باج فيسبوك نوفاسيون سيتي و الا على نوفاسيون بيزنيس اكسيليراتور زادة,14.95199966430664,0000008_sub_audio_chunk_0000000_8_sub_audio_chunk_0_0,0.8461538461538461
labeled_linagora_cs_arabize,قلم يعطيكم وكها وتسيب يذيكا نعم هاكأنا موخي يوقف فهمة الفازا,تقلهم ياعطيكم و اكهو تسيب هاذيكا نعمل هكة انا مخي وقف فهمت الفازة,4.9120001792907715,0000039_0000056_0000003_39_56_3_0,1.0
labeled_linagora_cs_arabize,الحق تجربة إنسانية تجربة حياتيه وجوديه سخت وكستيال على الخر,عالاخر سورتو اكزيستانسيال بالحق تجربة انسانية تجربة حياتية و جودية,6.0879998207092285,0000076_0000118_0000001_76_118_1_0,1.0
labeled_linagora_cs_arabize,ل            ل,الي انا منحبش نمشيلها سيركوي كبار ما نجمش نرجع لل دي ديفيكولتي كان ما وفقنيش ربي ولقيت سينون يا نسلكها يا,9.215999603271484,0000026_0000045_0000001_26_45_1_0,1.0
labeled_linagora_cs_arabize,السلج فكر عبد الله بأخر حفلة مع عيلتو فشتاء,الثلج فكر عبد الله بخر حفلة مع عيلتو في الشتا,5.679999828338623,ar--3619_0.75.wav_3619_0.75_0,0.4
labeled_linagora_cs_arabize,لأنه يكون تخرج لمظاهرات متاع الطلبة ومتاع الأساذ و,لانو يكون تخ تخرج لو مظاهرات متاع الطلبة ومتاع الاساتذة و كذا,3.880000114440918,amenyKH_0000002_chunk_0000082_002_chunk_82_0,0.5
labeled_linagora_cs_arabize,خلاني واخث قدام الباب وتخلى الكوجينة,خلاني واقف قدام الباب و دخل للكوجينة,2.9679999351501465,0000020_0000077_20_77_0,0.5714285714285714
labeled_linagora_cs_arabize,اللي انا قريت في خزنة دار واللي انا بند باردو قلت لا كيفاش عرفت هذاكم,الي انا قريت في خزندار والي انا بنت باردو قلتلها كيفاش عرفت هاذا الكل,4.504000186920166,TunSwitchTO_0000019_0000011_0000056_m0000005_19_11_56_m05_0,0.6428571428571429
labeled_linagora_cs_arabize,النار,النار,1.0800000429153442,ar--2138_0.75.wav_2138_0.75_0,0.0
labeled_linagora_cs_arabize,خفيف,خفيف,0.6800000071525574,ar--1912_1.wav_1912_1_0,0.0
labeled_linagora_cs_arabize,يلزم فما التكامل,يلزم فمة تكامل,1.6799999475479126,amenyKH_0000011_chunk_0000065_011_chunk_65_0,0.6666666666666666
labeled_linagora_cs_arabize,ل,يعرفوها عميره وكلبه وحاجه صعيب برشا و انا نتعرفوا عليها بما انه بعد شهرين ولا الكلب ما عادش يمشي لدار عطيه خليني نقول لكم باللي هو ولا ما عاد ش قادر وانه يمشي لحت بلاصه اخرى بما انه ادوام لله توفى,13.784000396728516,segment_0000506_segment_506_0,1.0
labeled_linagora_cs_arabize,etrance,الترانش,0.6079999804496765,ar--2104_1.5.wav_2104_1.5_0,1.0
labeled_linagora_cs_arabize,ن مرة حبت معناها تويت ي  لك,اند مرة هبطت معناها تويت اي واز لايك,6.880000114440918,0000071_0000058_0000001_71_58_1_0,0.625
labeled_linagora_cs_arabize,ر ب هذيا فيما يخص   حتى الوقتيش مازالت محلول الكدد ل كدر حتى الوقتيش ناس نجم تشارك,تري بيان هاذا فيما يخص فاوندر انستيتوت حتى لوقتاش مازالت محلولة ال كانديداتور ل ابال ا كانديداتور حتى لوقتاش الناس تنجم تشارك,7.952000141143799,0000004_0000028_4_28_0,0.6818181818181818
labeled_linagora_cs_arabize,على خاطر,على خاطر,1.2960000038146973,3la_khater_10187_0,0.0
labeled_linagora_cs_arabize,تقصط في العكس وكي نقرى كلامك بالمقلوب نفهم الوضع اللي عايشينه على حقيق تول مرة,انت تقصد في العكس وكي نقرى كلامك بالمقلوب نفهم الوضع الي عايشينوا على حقيقتو المرة,4.559999942779541,TunSwitchTO_0000003_0000000_0000006_nhh_3_00_06_nhh_0,0.4666666666666667
labeled_linagora_cs_arabize,ḥnin,حنين,1.5119999647140503,7nin_6887_0,1.0
labeled_linagora_cs_arabize,و ورومعاها ومف مز قعدي ورو  الم بالمع عديورومعه متا همنشكرك برشا محمد مرا يياي,شوية غدوة ماشين لسيدي بوزيد عنا اون سمارت فارم معنتها باش نمشيو نصورو معاها بيان و فوالا معنتها او فور اه ا مزور معنتها قاعدين نصورو توا فريمنت بالجمعة بالجمعة معنتها نلقاو سترطب و قاعدين نصورو معاها ممتاز نحب نشكرك برشا محمد مراد تحية كبيرة ليك يعيشك,14.935999870300293,amenyKH_0000017_sub_audio_chunk_0000001_17_sub_audio_chunk_1_0,0.9361702127659575
labeled_linagora_cs_arabize,عندك شي حاجة تعين بها قاللو,قال لو عندكشي حاجة تعين بيها,1.8079999685287476,amenyKH_0000001_chunk_0000206_001_chunk_206_0,0.8333333333333334
labeled_linagora_cs_arabize,يسيديها ثروة كان بابا مخبيها في سقف البيت ومغطيها بالجبس,يا سيد ها الثروة كان بابا مخبيها في سقف البيت و مغطيها بالجبس,3.568000078201294,0000020_0000176_20_176_0,0.46153846153846156
labeled_linagora_cs_arabize,فيسارووحتى هوفي الوقت اللي ربما يقول والله توكن كويستاي ولاقهوة,في سيقارو حتى وهو في الوقت الي ربما يقول و الله توا كان كويس تاي ولا قهوة,4.559999942779541,amenyKH_0000006_0000006_0002012_partie0000006_chunk_0000106_06_06_2012_partie6_chunk_106_0,0.8235294117647058
labeled_linagora_cs_arabize,كان فما فما شكون يسمع فينا اليوم ليهو ر ولا سن ابل,و كان فمة شكون يسمع فينا اليوم الي هو اونترابرونور و الا ونسيني كوريسبونسابل,5.808000087738037,0000049_0000187_0000000_49_187_0_0,0.7142857142857143
labeled_linagora_cs_arabize,عيدكم مبروك مزيك بربي نحب نعرف علىشي عيد الصغير خينا ثلاث ايام في العيد الكبير ماخناش ثلاث ايام أنا واحده من الناس مره نخدم,عيدكم مبروك موسيك بربي نحب نعرف علاش في عيد الصغير خذينا ثلاثة ايام و في عيد الكبير ما خذيناش ثلاثة ايام انا واحدة من الناس مرا نخدم,6.855999946594238,amenyKH_0000004_chunk_0000037_004_chunk_37_0,0.48148148148148145
labeled_linagora_cs_arabize,باي محرز انا نحبك تقعد مع ينتي تحدثت عتابي د غوب هو معانا سي محمد عمرو س سنا وعندو,باهي محرز انا نحبك تقعد معايا انت تحدثت على تيرابي ده جروب هاو معانا سي محمد عمرو ستة و ستين سنة وعندو,6.0320000648498535,amenyKH_0000006_0000006_0002012_partie0000001_0000003_chunk_0000120_06_06_2012_partie1_3_chunk_120_0,0.5454545454545454
labeled_linagora_cs_arabize,يحكي ع,يحكي على,0.8009999990463257,youtube_cKvhYLSksKg_0,0.5
labeled_linagora_cs_arabize,ملك نهار دخلو عليه الحجاب قالو لو,ملك نهار دخلوا عليه الحجاب قالوا له يا,4.22599983215332,youtube_cKvhYLSksKg_1,0.5
labeled_linagora_cs_arabize,هذا واحد صياد رماش شبكة في الواد,سيد هاذا واحد صياد رماج شبكه في الواد,5.535999774932861,youtube_cKvhYLSksKg_2,0.5
labeled_linagora_cs_arabize,دق أش فيه قالوا لويسيدي فيهمرامي,صندوق آش فيه قالوا له يا سيد فيه مراه,5.827000141143799,youtube_cKvhYLSksKg_4,0.7777777777777778
labeled_linagora_cs_arabize,ت,ميت جيبي,2.6640000343322754,youtube_cKvhYLSksKg_5,1.0
labeled_linagora_cs_arabize,نشوف جابولو الصدوق حتو حلو يلقاه,نشوف جابوا له الصندوق حطو حلوه يلقى,5.006999969482422,youtube_cKvhYLSksKg_6,0.8571428571428571
labeled_linagora_cs_arabize,رة صبحان نخلق,المراه سبحان الخلاق فيما,2.703000068664551,youtube_cKvhYLSksKg_7,1.0
labeled_linagora_cs_arabize,خ ما زالت لا بردة لا يبست حب يقول م,يخلق مازالت بردت لا يبست حب يقول ميته,6.0279998779296875,youtube_cKvhYLSksKg_8,0.75
labeled_linagora_cs_arabize,ومنها كل بلاد هذي كبيدها مشالوا,جديده ومنها البلاد هذاكة بيدها مش الواد,5.5279998779296875,youtube_cKvhYLSksKg_9,0.8571428571428571
labeled_linagora_cs_arabize,كركر فيها,جاي بيكركر فيها من جهه,1.222000002861023,youtube_cKvhYLSksKg_10,0.8
labeled_linagora_cs_arabize,ل,اخرى قال,2.5239999294281006,youtube_cKvhYLSksKg_11,1.0
labeled_linagora_cs_arabize,جيبو لي والي,جيبولي والي,2.503000020980835,youtube_cKvhYLSksKg_12,1.0
labeled_linagora_cs_arabize,لشرط جا والي الشرطة قالو عندك نصف,الشرطه جى والي الشرطه قالوا عندك نصف,5.6479997634887695,youtube_cKvhYLSksKg_13,0.5714285714285714
labeled_linagora_cs_arabize,ها فييدك باش تبحث وتجيب لمغيوب الخبر,نهار في يدك باش تبحث وتجيب مغ الخبر شكون,5.146999835968018,youtube_cKvhYLSksKg_14,0.5555555555555556
labeled_linagora_cs_arabize,مرة واش كليقتلها م كانش يراه,ها المراء وشكون الي قتلها ما كانش راه كان,4.986999988555908,youtube_cKvhYLSksKg_15,0.8888888888888888
labeled_linagora_cs_arabize,حكمبل,الحكم قبل راه,1.4429999589920044,youtube_cKvhYLSksKg_16,1.0
labeled_linagora_cs_arabize,نق وفي الحين آذن باش تتنصب المشنقة,المشنقه و في الحين اذن باش تنصب المشقه,6.927999973297119,youtube_cKvhYLSksKg_17,0.75
labeled_linagora_cs_arabize,قد اصرايا واخرج هاك المسكين يدز ف,قدام السرايا وخرج هاك المسكين يدز في,4.625,youtube_cKvhYLSksKg_18,0.5714285714285714
labeled_linagora_cs_arabize,كايبو بعث الأعوان بتاعه لكل حومة لكل نهج,ركايب ابعث الاعوان اعكل حومه الكل نهج,6.039999961853027,youtube_cKvhYLSksKg_19,1.0
labeled_linagora_cs_arabize,كل زانقى يبحثو ثماشي واحد قتل المرأة,الكل زنقه يبحثوا ثم شيء واحد قتل المراه,3.1679999828338623,youtube_cKvhYLSksKg_20,0.75
labeled_linagora_cs_arabize,امن جاب للخبر ولا ودعمرت,لا من جابله الاخبر ولا ودع مرته,4.72599983215332,youtube_cKvhYLSksKg_21,0.8571428571428571
labeled_linagora_cs_arabize,ولاد بلاتودع هريرة أن الركب,واولاده وبناته ودع هريره ان الركب,4.185999870300293,youtube_cKvhYLSksKg_22,0.8333333333333334
labeled_linagora_cs_arabize,رتحلوا أبكاوعليه غرده صلى على نفس تاد زنازة,مرتحل ابكا و عليه غرد صلى على البي نازه,4.927000045776367,youtube_cKvhYLSksKg_23,0.8888888888888888
labeled_linagora_cs_arabize,في الوقت المعين مشال الصراياء خطوة القدام,و في الوقت المعين مش للسرايا خطوه القدام,3.5250000953674316,youtube_cKvhYLSksKg_24,0.5
labeled_linagora_cs_arabize,عش تالي شاور عليه دخلو هاا,وعشره التالي شاوروا عليه دخلوها قال يا,4.506999969482422,youtube_cKvhYLSksKg_25,0.8571428571428571
labeled_linagora_cs_arabize,دي ملقت شيء,سيد ما لقيت شيء قال,1.1619999408721924,youtube_cKvhYLSksKg_26,0.8
labeled_linagora_cs_arabize,ووهازوه الشطار,دوروه و و هزوه الشطار لل,4.265999794006348,youtube_cKvhYLSksKg_27,0.8333333333333334
labeled_linagora_cs_arabize,مش نق وحضبة وناس دايرين ورماود الخرطة,المشنقه وحظه وناس دايرين ورما الخرطه في,6.627999782562256,youtube_cKvhYLSksKg_28,0.8571428571428571
labeled_linagora_cs_arabize,قبتو وإذا بيه واحد تقدم قال ما تقتله,رقبته واذا به واحد تقدم قال ما تقتلوه,4.943999767303467,youtube_cKvhYLSksKg_29,0.5
labeled_linagora_cs_arabize,رهما مازالوا باهتين هكايا وشايب جايد,المراه ه مازالوا باهتين هكة وشايب جاي,7.068999767303467,youtube_cKvhYLSksKg_30,0.5714285714285714
labeled_linagora_cs_arabize,ي قال يكذب يكذب,يجري قال يكذب يكذب انا الي,1.8830000162124634,youtube_cKvhYLSksKg_31,0.5
labeled_linagora_cs_arabize,هذا اللي اقتلتها,انا الي قتلت,0.6809999942779541,youtube_cKvhYLSksKg_32,1.0
labeled_linagora_cs_arabize,لتها له زير اللي مكلف,قتلتها الوزير الي مكلف,4.304999828338623,youtube_cKvhYLSksKg_33,1.0
labeled_linagora_cs_arabize,لك بش يحضر ى شوقانهكرجل هذاك قالشن,الملك باش يحضر شنق الراجل هذاكة قال شنوا,6.4070000648498535,youtube_cKvhYLSksKg_34,0.875
labeled_linagora_cs_arabize,ملك قال أشنق الوالي وهذا قال,الملك قال اشنق الوالي و هاذا قال انا الي,3.8459999561309814,youtube_cKvhYLSksKg_35,0.6666666666666666
labeled_linagora_cs_arabize,رأ وهالشيب قال لا أنا,قتلت المراه وه الشيب قال لا انا الي,2.484999895095825,youtube_cKvhYLSksKg_36,0.75
labeled_linagora_cs_arabize,أنا نزلكفهذه,قتلتها انا زله كيف هذ ما,1.9830000400543213,youtube_cKvhYLSksKg_37,1.0
labeled_linagora_cs_arabize,معش نهزهم لكل دعوة متلازمة للملك,فهمتهاش ان هزهم الكل دعوه متلازمه للملك,4.863999843597412,youtube_cKvhYLSksKg_38,0.8571428571428571
labeled_linagora_cs_arabize,وهو يدبر الرسو معه ويقللي يعطيني الخبر,وهو يدبر راسه معهم ويقوللي يعطيني الخبر,3.8239998817443848,youtube_cKvhYLSksKg_39,0.42857142857142855
labeled_linagora_cs_arabize,فاششكونو منهم ال نه,كيفاش شكون و منهم الي نهز,1.4019999504089355,youtube_cKvhYLSksKg_40,0.8333333333333334
labeled_linagora_cs_arabize,ماش نقا وهزج مع لكل الملك اشنوقا,المشقه وهز الجماعه الكل الملك شنوا قاله,6.0289998054504395,youtube_cKvhYLSksKg_41,1.0
labeled_linagora_cs_arabize,آنا اللي قتل المرأة قام الشيب,سيد انا الي قتلت المراه قام الشايب قال,4.668000221252441,youtube_cKvhYLSksKg_42,0.875
labeled_linagora_cs_arabize,ذا قام لخر قالو هذك مرتي,انا قام الاخر قالوا هذاكة مرتي انا الي,5.48799991607666,youtube_cKvhYLSksKg_45,0.75
labeled_linagora_cs_arabize,قلت الشايب قال لا بنتي وأنا نيقلت,قتلتها الشيب قال لا بنتي و انا الي,5.507999897003174,youtube_cKvhYLSksKg_46,0.625
labeled_linagora_cs_arabize,قال سع الوالي خج,قتلتها الاذاعه التونسية الوالي خرج,4.406000137329102,youtube_cKvhYLSksKg_47,0.8
labeled_linagora_cs_arabize,أي آخ مشعلسكنتي لاخر سيب يجري,من اي آخر على نفسك انت لاخر سيب يجري ما,4.567999839782715,youtube_cKvhYLSksKg_48,0.7
labeled_linagora_cs_arabize,,رجعه الا ما,0.7009999752044678,youtube_cKvhYLSksKg_49,1.0
labeled_linagora_cs_arabize,وقال هزو الشيء بحطوه في بية أخرى,بداره وقال هزوا الشايب حطو في بيت اخرى,4.960000038146973,youtube_cKvhYLSksKg_50,0.75
labeled_linagora_cs_arabize,ستنحتنعيت ويج نتي حكيلي,يستنى حتى نعيط له وج انت احكي لي كيفاش,4.007999897003174,youtube_cKvhYLSksKg_51,1.0
labeled_linagora_cs_arabize,قالله يا سيدي هذي بنت عميوتزج,مرتك قالوا يا سيد هاذي بنت عمي وتزوجت,5.747000217437744,youtube_cKvhYLSksKg_52,0.75
labeled_linagora_cs_arabize,ا وعندي منها تلات أولاد ونحبها,بها وعندي منها ثلاثة اولاد ونحبها حب,4.046000003814697,youtube_cKvhYLSksKg_53,0.5714285714285714
labeled_linagora_cs_arabize,يد قد ربي,شديد قدر ربي,2.7279999256134033,youtube_cKvhYLSksKg_55,0.6666666666666666
labeled_linagora_cs_arabize,غت وطالت,مرضت وطالت بها,2.9049999713897705,youtube_cKvhYLSksKg_56,0.6666666666666666
labeled_linagora_cs_arabize,والا لخليت لا طبة لكتاب ل,المرضى و انا لا خليت لا طبه لا كتابه لا,4.526000022888184,youtube_cKvhYLSksKg_57,0.9
labeled_linagora_cs_arabize,زامة أي بعد مدة بدأ تتعافىلكنان,عزامه اي بعد مده بدات عافى لكن نهار,5.288000106811523,youtube_cKvhYLSksKg_58,0.875
labeled_linagora_cs_arabize,شتهات عليه,اشتهت عليه,0.8009999990463257,youtube_cKvhYLSksKg_59,0.5
labeled_linagora_cs_arabize,ف تفاح من غير فصل مننجيبو,تفاح تفاح من غير فصل منين نجيبه,4.3979997634887695,youtube_cKvhYLSksKg_60,0.42857142857142855
labeled_linagora_cs_arabize,وإذا كان ما نجيب لهاش نخاف تنكسلي,انا واذا كان ما نجيبلها نخاف تنكس,4.109000205993652,youtube_cKvhYLSksKg_61,0.7142857142857143
labeled_linagora_cs_arabize,أخرجت م البلاد وبديت مسافر من بر البر,لي خرجت من البلاد وبديت مسافر من بر لبر,4.8668999671936035,youtube_cKvhYLSksKg_62,0.4444444444444444
labeled_linagora_cs_arabize,حتى لقيت بلاد من البلدان في سوق من,حتى لقيت بلاد من البلدان في سوق من,2.944999933242798,youtube_cKvhYLSksKg_63,0.0
labeled_linagora_cs_arabize,أسواق واحد من جمنة الغدل اللي نصب بها,الاسواق واحد من جمله الغلل الي ناصب بها,2.864000082015991,youtube_cKvhYLSksKg_64,0.625
labeled_linagora_cs_arabize,ما كان بحملي إلا التفاح لدينار,تفاحات ما كان بحملي الا التفاحه بدينار,4.584000110626221,youtube_cKvhYLSksKg_66,0.5714285714285714
labeled_linagora_cs_arabize,خاطر غلم,على خاطر غله من غير,1.1019999980926514,youtube_cKvhYLSksKg_67,0.8
labeled_linagora_cs_arabize,اخذيتهم واركبت دورت على اثنيتي جبتهم,فصل اخذتهم وركبت دورت على ثنيتي جبتهم,5.646999835968018,youtube_cKvhYLSksKg_68,0.5714285714285714
labeled_linagora_cs_arabize,فرحان وفرحك به,لها فرحان وفرحت بهم,2.4030001163482666,youtube_cKvhYLSksKg_69,0.75
labeled_linagora_cs_arabize,لكن من غدوي كانا قعت في الحانوت ونشوف,هيا لكن من غدو انا قعد في الحانوت ونشوف,5.9679999351501465,youtube_cKvhYLSksKg_70,0.4444444444444444
labeled_linagora_cs_arabize,في هلو صيف متعدي وفي يده تفاحة يلعب,فيها له صيف متعدي و في يده تفاحه يلعب,3.496999979019165,youtube_cKvhYLSksKg_71,0.5555555555555556
labeled_linagora_cs_arabize,ا ينقف فيها من د,بيها يلقف فيها من يد,3.005000114440918,youtube_cKvhYLSksKg_72,0.6
labeled_linagora_cs_arabize,عقلتها وحدة من هك ثلاث اتفاحات,ليد عقلت واحده من هك ثلاثة تفاحات الي,4.88700008392334,youtube_cKvhYLSksKg_73,0.75
labeled_linagora_cs_arabize,المرة,جبتهم من المراه عيطه,1.9199999570846558,youtube_cKvhYLSksKg_74,1.0
labeled_linagora_cs_arabize,و طبيحها تفاحهة خالي عجاي ماكلي مازال,قلت له تبيعها تفاحه قالي عجايبي مازال هو,6.269000053405762,youtube_cKvhYLSksKg_75,0.875
labeled_linagora_cs_arabize,ذكاري,التذكار,0.652999997138977,youtube_cKvhYLSksKg_76,1.0
labeled_linagora_cs_arabize,اع عجايب سطفكاري ولا قطلني جاتكي,يتباع عجايب تذكار يا ود قلت له منين جاتك,5.10699987411499,youtube_cKvhYLSksKg_77,0.8888888888888888
labeled_linagora_cs_arabize,م نفسههكما يحبش يقول,عمل نفس ما يحبش يقول منها,1.9630000591278076,youtube_cKvhYLSksKg_78,0.6666666666666666
labeled_linagora_cs_arabize,ال عندي امرأة نعرفها,قال عندي مراه نعرفها مره,3.88700008392334,youtube_cKvhYLSksKg_79,0.6
labeled_linagora_cs_arabize,رضت وطلبت التفاح من غير فسل,مرضت وطلبت التفاح من غير فصل على,3.6649999618530273,youtube_cKvhYLSksKg_81,0.42857142857142855
labeled_linagora_cs_arabize,جلها ومشا سافر في البرور وهاو البارح روح,راجلها ومشا ص في البرور وهاو البارح روح,4.506999969482422,youtube_cKvhYLSksKg_82,0.25
labeled_linagora_cs_arabize,والغيبة وجبلت الفاحات,من الغيبه وجاب لها ثلاثة تفاحات اعطتني,3.0250000953674316,youtube_cKvhYLSksKg_83,1.0
labeled_linagora_cs_arabize,بل,كعبه منهم,0.5410000085830688,youtube_cKvhYLSksKg_84,1.0
labeled_linagora_cs_arabize,ذيع قال طلاع الدم,الكذ قال طلع دم من,3.73799991607666,youtube_cKvhYLSksKg_85,0.8
labeled_linagora_cs_arabize,يبدأ آنا عندي فيها أمان وما نح,راسي يبدا انا عندي فيها امان وما نحلف,5.9679999351501465,youtube_cKvhYLSksKg_86,0.625
labeled_linagora_cs_arabize,برازها وندخل نبوس يدها ونخرج نبوسس,الا براسها وندخل نبوس يدها ونخرج نبوس,3.50600004196167,youtube_cKvhYLSksKg_87,0.42857142857142855
labeled_linagora_cs_arabize,وهي عندها هلوسيف هدايا زايد,و هيا عندها ها الوصيف هذايا زايد انسا,5.705999851226807,youtube_cKvhYLSksKg_89,0.75
labeled_linagora_cs_arabize,تمنش قال سكرت الحانوت وامشيت الهأ التها,ما من ش قال سكرت الحانوت وميت لها لقيتها,5.706999778747559,youtube_cKvhYLSksKg_90,0.6666666666666666
labeled_linagora_cs_arabize,عا وفوق الخزانة محدوطين زور تفاحاتش,قاعده وفوق الخزانه محطوطين زوز تفاحات مش,6.10699987411499,youtube_cKvhYLSksKg_91,0.8571428571428571
labeled_linagora_cs_arabize,ذا قلت لهوتفح الأخرى ويني قاتيمنعرفش,ثلاثة قلتلها تفاحه الاخرى ويني ق ما عرف ش,4.495999813079834,youtube_cKvhYLSksKg_92,0.8888888888888888
labeled_linagora_cs_arabize,كفج كليتها قتلة,قلتلها كيفاش كليتها قالت لا,2.640000104904175,youtube_cKvhYLSksKg_93,0.8
labeled_linagora_cs_arabize,ف ملمشاد قد معشرهزا قال ظلامة الدنيا,ما عرف ش من مشات قرف هز قال ظلامه الدنيا,5.427000045776367,youtube_cKvhYLSksKg_94,0.8
labeled_linagora_cs_arabize,ني عملت لها هك بيدي دزيتها,بين عيني عملتلها هك بدي دزيتها واذا به,3.7249999046325684,youtube_cKvhYLSksKg_95,0.75
labeled_linagora_cs_arabize,ر طاحت ما في عينها بلا قلت متت,المراه طاحت ما في عينها بلا قلت ماتت وشن,4.867000102996826,youtube_cKvhYLSksKg_96,0.3333333333333333
labeled_linagora_cs_arabize,العملة اللي عملتها,ها العمله الي عملتها هاذي,1.5420000553131104,youtube_cKvhYLSksKg_97,0.8
labeled_linagora_cs_arabize,أنا هكايا وعمي دخل بوها شنو هذا قتلو,روح انا هكة وعمي دخل بها شنوا هاذا قلت له,7.769000053405762,youtube_cKvhYLSksKg_98,0.8
labeled_linagora_cs_arabize,الناس رو فيها فيها,الناز فيها وفيها قال,2.5439999103546143,youtube_cKvhYLSksKg_99,1.0
labeled_linagora_cs_arabize,ش بداء يدور في الدار حتى القاس اللوق فرغ,في بدا يدور في الدار حتى القى صندوق فرغ,5.567999839782715,youtube_cKvhYLSksKg_100,0.4444444444444444
labeled_linagora_cs_arabize,ش اللي فيه وحط فيه بنته وقال,مدبش الي فيه وحط فيه بنته وقاللي اقعد,4.60699987411499,youtube_cKvhYLSksKg_101,0.5
labeled_linagora_cs_arabize,نتي على نفسكوني هذي ناز,انت على نفسك هوني هاذي ناز تهمني,2.444000005722046,youtube_cKvhYLSksKg_102,0.7142857142857143
labeled_linagora_cs_arabize,مخرج هاك الصندوق حطو على بغلته ومشا من عشله,وخرج هك الصندوق حطه على بغلته ومشا من عش,3.947000026702881,youtube_cKvhYLSksKg_104,0.4444444444444444
labeled_linagora_cs_arabize,ش قال حطو فبيت خرى جيبو للشايب,بيه قال حطوه في بيت اخرى جيبي الشايب جاب,5.828000068664551,youtube_cKvhYLSksKg_106,0.8888888888888888
labeled_linagora_cs_arabize,قالوا تهاو ولدخوك قال اللي هوي,الشايب قالها ولد اخوك قال الي هو الي,4.440000057220459,youtube_cKvhYLSksKg_107,0.875
labeled_linagora_cs_arabize,نتم نت قالو لا س,قتل بنتك مش انت قالوا لا يا سيد يكذب,2.9000000953674316,youtube_cKvhYLSksKg_108,0.8888888888888888
labeled_linagora_cs_arabize,وش بينو بينها,عليك ش بينه وبينها هوش,3.0840001106262207,youtube_cKvhYLSksKg_109,1.0
labeled_linagora_cs_arabize,أما أحكالي  عملت واناه,يقتلها اما احكي آش عملت و انا هو,7.567999839782715,youtube_cKvhYLSksKg_110,0.875
labeled_linagora_cs_arabize,على خاطر هذا يا عاف يوجي,قلتها على خاطر هاذا عارف انا مش الذاكره,4.765999794006348,youtube_cKvhYLSksKg_111,0.75
labeled_linagora_cs_arabize,أنا اللي اقتلتها وهزتها على البغل,الحيه انا الي قتلتها وهزيت على البغله,3.0450000762939453,youtube_cKvhYLSksKg_112,0.8571428571428571
labeled_linagora_cs_arabize,وق ومشي ترميت الصندوق و,في صندوق ومشيت رميت الصندوق في,2.243000030517578,youtube_cKvhYLSksKg_113,0.8333333333333334
labeled_linagora_cs_arabize,هما هكايا والوالي جاي ومعاه ليت قالي,الوا هما هكة و الوالي جاي وم ولد قال يا,6.789000034332275,youtube_cKvhYLSksKg_114,0.8
labeled_linagora_cs_arabize,يدي راهي الناس لازم سافر,سيد راهي النازله زخر,2.128000020980835,youtube_cKvhYLSksKg_115,1.0
labeled_linagora_cs_arabize,ك أنا ما طلعتش داجزة فيلول أما هوجبتلك,وينك انا ما طلعت ش الز فيلول اما ها جبتلك,7.159999847412109,youtube_cKvhYLSksKg_116,0.8
labeled_linagora_cs_arabize,تفاصيل جديدة,تفاصيل جديده,1.0880000591278076,youtube_cKvhYLSksKg_117,0.5
labeled_linagora_cs_arabize,ج  ول احكي سيدك ذسد,اي يا ول احكي لسيدك هاذا يا هاذا يا سيد,5.6479997634887695,youtube_cKvhYLSksKg_118,0.8
labeled_linagora_cs_arabize,هك الراس,ولدك الراجل الي قل,0.9599999785423279,youtube_cKvhYLSksKg_119,1.0
labeled_linagora_cs_arabize,قال أمي راقدا وأنا عجبوني هاك التفحات,يحكي قال امي راقده و انا عجبوني التفاحات,4.7870001792907715,youtube_cKvhYLSksKg_121,0.875
labeled_linagora_cs_arabize,اللي بحذاها اللي جابهم البابل,الي الي ب حذاها الي جابهم البابا,3.2850000858306885,youtube_cKvhYLSksKg_122,0.8571428571428571
labeled_linagora_cs_arabize,بارح هازيت منهم وحيطة باش نلعب بها,البارح هزيت منهم وحيده باش تلعب بها,3.1679999828338623,youtube_cKvhYLSksKg_123,0.5714285714285714
labeled_linagora_cs_arabize,وريها الأولاد فيالحومة وإذا بيه صيف متعدي,ونوريه الاولاد في الحومه واذا بصيف متعدي,4.0879998207092285,youtube_cKvhYLSksKg_124,0.8571428571428571
labeled_linagora_cs_arabize,ليمنين هذي قتلو أمي مريضة وبابا سافر,قالي منين هذ قلت له امي مريضه وبابا سافر,3.944999933242798,youtube_cKvhYLSksKg_125,0.7777777777777778
labeled_linagora_cs_arabize,بر البر بعيد زابلتس كعبات البارح,البر البر بعيد جابلها ثلاثة كعبات البارح,2.8239998817443848,youtube_cKvhYLSksKg_126,0.42857142857142855
labeled_linagora_cs_arabize,ك وحدة منه وإذا به قال لك فكهلي,هذاكة واحده منهم واذا به قاللك فك هالي,3.1459999084472656,youtube_cKvhYLSksKg_127,0.875
labeled_linagora_cs_arabize,ب قالجيب,وهرب قال جيبوا,3.7060000896453857,youtube_cKvhYLSksKg_128,1.0
labeled_linagora_cs_arabize,شي وجيب,الشايب وجيبوا رجل,3.286099910736084,youtube_cKvhYLSksKg_129,1.0
labeled_linagora_cs_arabize,يف وين واسدون قال ه واسدي,وصيف وين يا سي الوالي قال هاهو يا سيد,3.6050000190734863,youtube_cKvhYLSksKg_130,0.7777777777777778
labeled_linagora_cs_arabize,تقر ف سلسلة يستنى جبته,بيت اخرى في سلسله يستنى جبته قال,2.5840001106262207,youtube_cKvhYLSksKg_132,0.7142857142857143
labeled_linagora_cs_arabize,شن بة ه ف,جيبوه اشن سبت ها التفاحه يا ولدي,7.854000091552734,youtube_cKvhYLSksKg_133,1.0
labeled_linagora_cs_arabize,عت هلك قالوا لا أما القيتها عندها لليل ذيلع,بالحق متك قالوا لا اما لقيتها عندلي يلعب,4.645999908447266,youtube_cKvhYLSksKg_134,0.875
labeled_linagora_cs_arabize,واللي قلت لها لرجم قال كذبت عليه ي,فكت و الي قلت ل الراجل قال كذبت عليه يا,5.047999858856201,youtube_cKvhYLSksKg_136,0.6
labeled_linagora_cs_arabize,حبيت نتفخر وعامل نفسي,حبيت نفخر وعامل نفسي,3.5260000228881836,youtube_cKvhYLSksKg_137,0.25
labeled_linagora_cs_arabize,هما هكايا وواحد من حجاب بتخليزيقالي,رجل هما هكة و واحد من الحجاب دخل يج قال,4.98799991607666,youtube_cKvhYLSksKg_139,0.8
labeled_linagora_cs_arabize,اطبيب متاع الصراية كيف شافها قال هذي,دي الطبيب متاع السرايه كيف شافها قال هذ مش,4.5980000495910645,youtube_cKvhYLSksKg_142,0.5555555555555556
labeled_linagora_cs_arabize,امادايخة والدوخة ساعات الدوم حتى,ميته اما دايخه والدوخه ساعات تدوم حتى,4.927999973297119,youtube_cKvhYLSksKg_143,0.7142857142857143
labeled_linagora_cs_arabize,وما نعرفش شنو اللي جا بشا ممهول,اكثر وما نعرفش شنوا الي جاب شم مولها,4.473999977111816,youtube_cKvhYLSksKg_145,0.75
labeled_linagora_cs_arabize,عدست وحلت عينيها وقالت يا حي من,عطست وحلت عينيها وقالت ياحي من حيان يقتل,3.808000087738037,youtube_cKvhYLSksKg_146,0.625
labeled_linagora_cs_arabize,ني هيا قالخ,قلني قال اخرج عل,2.565000057220459,youtube_cKvhYLSksKg_148,1.0
labeled_linagora_cs_arabize,وهاك الراج للي يعنق في مرته ويقل ه,كل وهاك الراجل يعنق في مرته ويقولها,5.9679999351501465,youtube_cKvhYLSksKg_149,0.7142857142857143
labeled_linagora_cs_arabize,سمحتني اللي نويد فيك النقص والشايبمرة,سامحني الي نويت فيك النقص و الشايب مره,3.489000082015991,youtube_cKvhYLSksKg_150,0.75
labeled_linagora_cs_arabize,ك يوم مرة يضحك بنته حيدته وهاكل,يبكي ومره يضحك بنته وحيدته وهاك الد,3.686000108718872,youtube_cKvhYLSksKg_151,0.8571428571428571
labeled_linagora_cs_arabize,تعلقبهذا اليوم,متعلق بهذا الوم,1.062000036239624,youtube_cKvhYLSksKg_152,1.0
labeled_linagora_cs_arabize,ف قالله احمد ربي,ووصيف قالوا احمد ربي الي الي طلعت,5.127999782562256,youtube_cKvhYLSksKg_154,0.7142857142857143
labeled_linagora_cs_arabize,مرا دايخة مش ميتة ولا راهو توى راسك,المراه دايخه مش ميته ولا راه توا راسك,3.2049999237060547,youtube_cKvhYLSksKg_155,0.625
labeled_linagora_cs_arabize,عد الع ب سقيك أي أخجليها,لبعد يلعب ب سقيك اي اخرج عل وخطاك من,4.4070000648498535,youtube_cKvhYLSksKg_156,0.7777777777777778
labeled_linagora_cs_arabize,لكذب الكذب ه,الكذب الكذب راه سلطان,1.9730000495910645,youtube_cKvhYLSksKg_157,0.75
labeled_linagora_cs_arabize,الجيف,الجريدة,0.6639999747276306,ar--1544_1.25.wav_1544_1.25_0,1.0
labeled_linagora_cs_arabize,الحفلة,الحفلة,0.5920000076293945,ar--2119_1.5.wav_2119_1.5_0,0.0
labeled_linagora_cs_arabize,لك,الكرمب,0.5600000023841858,ar--1652_1.5.wav_1652_1.5_0,1.0
labeled_linagora_cs_arabize,ونحطوه ذ ذيك عليه أهم,و نحطوه دونك هذاكة علاه اهم,2.944000005722046,0000053_0000063_0000003_53_63_3_0,1.0
labeled_linagora_cs_arabize,هذي معنتها الونظة التاريخية نقولو اليوما كيفا,هاذيا معنتها الومضة التاريخية نقولوا ليوما كيفاه,5.664000034332275,0000050_0000033_0000003_50_33_3_0,0.7142857142857143
labeled_linagora_cs_arabize,أهم حاجة لسكان وباش نتعداو للبوين لاخر اللي,لخر الي بوينت و باش نتعداو لل سكين اهم حاجة لل,3.8480000495910645,0000075_0000031_0000001_75_31_1_0,0.9090909090909091
labeled_linagora_cs_arabize,أناليز بالتحديد الي قري حت الجاب رزو,انالايز بالتحديد لا قاري حتى الجبر الزوز,3.0799999237060547,0000027_0000250_0000001_27_250_1_0,0.8571428571428571
labeled_linagora_cs_arabize,mlا,ايه ملا,1.0640000104904175,TunSwitchTO_0000172_0000022_0000048_gzc_172_22_48_gzc_0,1.0
labeled_linagora_cs_arabize,يشوف منا ومنا,يشوف من و من,1.9279999732971191,ar--1328_0.75.wav_1328_0.75_0,0.75
labeled_linagora_cs_arabize,ساعات يعزف الخالت على نايو البيانو,ساعات يعزف ولد خالتو على الناي و البيانو,3.0399999618530273,ar--3627_1.25.wav_3627_1.25_0,0.5
labeled_linagora_cs_arabize,اسفر,السفر,0.527999997138977,ar--2055_1.25.wav_2055_1.25_0,1.0
labeled_linagora_cs_arabize,فما كون يقول حتى فما أحزاب,فمة شكون يقول حتى فمة احزاب,1.7200000286102295,amenyKH_0000002_chunk_0000027_002_chunk_27_0,0.6666666666666666
labeled_linagora_cs_arabize,يا كاه بشينا خدينا السريات الكل بشينا بشي تبا,اكاهو مشينا خذينا السيريات الكل مشيت بون,3.5360000133514404,0000027_0000060_0000001_27_60_1_0,1.1428571428571428
labeled_linagora_cs_arabize,باهي اذا نحكيكم على عمة الباك اللي بيما ناسلكل تقلك عامة,باهي ايجا نحكيلكم على عامت ال باك الي ديما الناس الكل تقلك عام,3.9200000762939453,0000070_0000011_0000001_70_11_1_0,0.7692307692307693
labeled_linagora_cs_arabize,لا نحبها متوسطة ومفوحة برشا وبالموتارد,لا نحبها متوسطة و مفوحة برشا و بالموتارد,3.440000057220459,ar--3436_1.wav_3436_1_0,0.5
labeled_linagora_cs_arabize,ما زالو فما بلايس للجولة متاع نهار الخميص,مازالو فمة بلايص للجولة متاع نهار الخميس,2.7679998874664307,TunSwitchTO_0000095_0000015_0000006_0000009e0000001_95_15_06_9e1_0,0.7142857142857143
labeled_linagora_cs_arabize,لحاجة صعيبة في الدنيا and imagin goin,الحاجات الصعيبة في الدنيا اند ايماجين قوينق,4.335999965667725,0000071_0000082_0000000_71_82_0_0,0.7142857142857143
labeled_linagora_cs_arabize,ومانكذبش عليك معناتها كل صراحه خنا بعضنا فهمتني حتى باش تحكي معاه واحد مايا فهمكش حتى شنو تحكي تول فاداه خيير فهمتني,ما نكذبش عليك معناتها بكل صراحة دخلنا بعضنا فهمتني حتى باش تحكي مع واحد ما يفهمكش حتى شنوا تحكي يولي تتفاداه خير فهمتني,11.503999710083008,amenyKH_MOSAIQUEFM_FORUM_8102012_partie0000002_chunk_0000060_MOSAIQUEFM_FORUM_08102012_partie2_chunk_60_0,0.5217391304347826
labeled_linagora_cs_arabize,الفيب متاحها فيها برشا شhاllg فيها برشا dvtures,ل فايب متاعها فيها برشا شالنج فيها برشا ادفنتشر,5.808000087738037,Melekher0000012_0000157_0000001_Melekher12_157_1_0,0.5555555555555556
labeled_linagora_cs_arabize,الكوفيد والبنديمي تسجلت خمس مرات أكثر حالات عنف,فال كوفيد و ال بانديمي تسجلت خمسة مرات اكثر حالات عنف,3.7920000553131104,0000052_0000080_0000000_52_80_0_0,0.6363636363636364
labeled_linagora_cs_arabize,عند ثقة لا في القضاء ولا في الحاكم عاودة سكرت على روح الدار المدة ثلاث ايام كاملين وتعداو ثلاث أيامات هذوكم في التخطيطات والتخمان كانت فاطمة مغرمة برشا بفلام الاكسيون والانتقام والقضايا وكانت في نفس الوقت كي برشا في قراياتها,عندها ثقه لا في القضاء ولا في الحاكم عاودت سكرت على روح الدار لمده ثلاثة ايام كاملين وتعدا ثلاثة ايامات هذوك في التخطيطات و التخمام كانت فاطمه مغرومه برشا بالافلام لاكسيون والانتقام و القضايا وكانت في نفس الوقت ذكيا برشا في قرايتها و في,13.97599983215332,segment_0000719_segment_719_0,0.4772727272727273
labeled_linagora_cs_arabize,شوفو يا الولاد أني في ميدان السياحة وهو باش نفسرلكم برشا حوايش,شوفو يا لولاد آني في ميدان السياحة و هو باش نفسرلكم برشا حوايج,4.056000232696533,TunSwitchTO_0000032_0000023_0000007_v0000063_32_23_07_v63_0,0.38461538461538464
labeled_linagora_cs_arabize,قعت وتربع تنويها في القاعد,قعدت و تربعت انا وياها في القاعة,1.5520000457763672,0000022_0000147_22_147_0,0.8571428571428571
labeled_linagora_cs_arabize,الفلوس,الفلوس,0.7200000286102295,ar--1357_1.wav_1357_1_0,0.0
labeled_linagora_cs_arabize,المواt,المواطن,1.1039999723434448,ar--1436_0.75.wav_1436_0.75_0,1.0
labeled_linagora_cs_arabize,كل شي يعرفها عليه,كل شيء يعرفوه على,1.1119999885559082,amenyKH_Hkayet_Tounsia_S0000001_Episode_0000004_0000019_0000012_0002016_Partie_0000002_Sync0000072_no_speaker_0000623.0000010_0000624.0000025_Hkayet_Tounsia_S01_Episode_04_19_12_2016_Partie_02_Sync072_no_speaker_623.10_624.25_0,0.75
labeled_linagora_cs_arabize,هك ولا هك,هكة ولا هكة,1.1519999504089355,ar--2406_1.wav_2406_1_0,0.6666666666666666
labeled_linagora_cs_arabize,يخوف وشي هذا بحد ذاته كان مخيف كنت حس وكأن الهدوء ما قبل العصفة وكنت نسنى في حاجة با تصير وتي بعض الهدوء هذاك كل حاجة كانت في البيت ولا تتحرك وحدها كل مرة يتيح كتابلي,يخوف و الشيء هاذا بحد ذاته كان مخيف كنت حاس وكانه الهدوء ما قبل العاصفه وكنت نستنى في حاجه باش تصير وافكتيف مون بعد الهدوء هذاكة كل حاجه كانت في البيت ولات تتحرك وحدها كل مره يطيح كتاب من البيرو,12.711999893188477,segment_0000649_segment_649_0,0.5
labeled_linagora_cs_arabize,ne ep,نائب,1.2799999713897705,na2eb_7983_0,2.0
labeled_linagora_cs_arabize,يحوانتنا ومحلاتنا معبية مسقف للقاء,تي حوانتنا و محلاتنا معبية من السقف للقاع,3.128000020980835,0000019_0000168_19_168_0,0.875
labeled_linagora_cs_arabize,يضي,يضيع,0.527999997138977,ar--1323_1.25.wav_1323_1.25_0,1.0
labeled_linagora_cs_arabize,لكن اليوم نلقرو احنا بلو نلقىرو احنا ما قدمناش ما وصلناش للهدف  الحاجة اللي يزمني نبدل أنا شنو ش نغير باش نغير الموديل كونوميك الموديل كونوميك في د زاك ستراتيجيك,لكن اليوم نلقاو رواحنا بلوك نلقاو رواحنا ما قدمنا ش ما وصلناش للهدف الحاجة لي يلزمني نبدل انا شنوا شنغير باش نغير ال موديل ايكونوميك ال موديل ايكونوميك فيه دي اكس ستراتيجيك,11.968000411987305,0000007_0000059_7_59_0,0.6875
labeled_linagora_cs_arabize,معناه مقلقة مقلقة ملح بحرف الجا نتاعنا مقلقة الحياة دونك السعادة هو كي تخرج مكالقلق هذاك نتفكر وقتي انا معناها باش,مقلقة بحرف الق متاعنا مقلقة الحياه دونك السعادة هيا كي تخرج من القلق اذاكا نتفكر وقتلي انا باش,12.920000076293945,segment_0000301_segment_301_0,0.6666666666666666
labeled_linagora_cs_arabize,وكقتلي أي بابا كنيغضر فيا,وكي قلتلي ايه بابا كان يضرب في,2.247999906539917,amenyKH_Personnalité_Multiple_HM_E0000001_denoised_Sync0000108_no_speaker_0000406.0000021_0000408.0000046_Personnalité_Multiple_HM_E1_denoised_Sync108_no_speaker_406.21_408.46_0,0.8571428571428571
labeled_linagora_cs_arabize,وت  أسما فهمتها بالغالط يضور الليبرتي وشرب على روح كما أنا ليبخ أني مشرف,وات اسمع فهمتها بالغالط يضهرلي ال ليبيريتي مش تابع روحك اما انا ليبر,4.895999908447266,0000040_0000080_0000001_40_80_1_0,0.9230769230769231
labeled_linagora_cs_arabize,نسبة معينة متاع الناس اللي تعرضوا إلى أعراض قلقة,آه نسبة معينة متاع الناس الي تعرضوا الى اعراض تقلق,3.5999999046325684,amenyKH_0000006_0000006_0002012_partie0000005_chunk_0000026_06_06_2012_partie5_chunk_26_0,0.5
labeled_linagora_cs_arabize,حتى حد ما ياخذهم into consideraion شكون كتقلو معناها,شكون كي تقلوا معناها انتو كونسيديراسيون حتى حد مايخذهم,3.696000099182129,0000075_0000030_0000001_75_30_1_0,1.0
labeled_linagora_cs_arabize,م اع بل لحظ برك فما ساعكلي لعبد فما  كاتوري تاع باد م,فمة ساعة بالله لحظة بركا فمة كلي العبد فمة دو كاتيقوري متاع عباد فمة الي,8.5600004196167,0000027_0000021_0000000_27_21_0_0,1.0
labeled_linagora_cs_arabize,بايتحبشي كشكول مع هيد,باهي تحبشي كشكول مع هاذا,2.3440001010894775,TunSwitchTO_0000058_0000023_0000059_ytf_58_23_59_ytf_0,0.6
labeled_linagora_cs_arabize,حشوح,يعمل حاجة وحدو,0.9440000057220459,ar--2442_1.5.wav_2442_1.5_0,1.0
labeled_linagora_cs_arabize,خاطر متأكد إنه ما بين لز انتربرنر لي يسمعو فينا الناس اللي عندهم أفكار متاع مشاريع,خاطر متاكد انو مابين لي اونترابرونور لي يسمعو فينا ناس لي عندهم افكار متاع مشاريع,4.943999767303467,0000010_0000031_10_31_0,0.6
labeled_linagora_cs_arabize,يعمل جو,يعمل جو,0.9279999732971191,ar--1587_1.wav_1587_1_0,0.0
labeled_linagora_cs_arabize,اط,الطابع,0.5120000243186951,ar--2218_1.5.wav_2218_1.5_0,1.0
labeled_linagora_cs_arabize,قادو يتفكروا في الكوولجي وفرحو اللي تعرفو على بعضهم,قعدو يتفكرو في الكونجي و فرحو الي تعرفو على بعضهم,6.383999824523926,ar--3209_0.75.wav_3209_0.75_0,0.6
labeled_linagora_cs_arabize,العشر ي,لعشرة ايام,0.8479999899864197,TunSwitchTO_0000103_0000015_0000007_n0000002g_103_15_07_n2g_0,1.0
labeled_linagora_cs_arabize,بالرواية,الرواية,0.5759999752044678,ar--1890_1.25.wav_1890_1.25_0,1.0
labeled_linagora_cs_arabize,اسن,السخانة,0.5839999914169312,ar--2195_1.5.wav_2195_1.5_0,1.0
labeled_linagora_cs_arabize,نا سلسلة بتاع وروض في تونس ومشينا  بعد سافرنا عملنا ترنيل برا درنيل ما كرنا في العراق ذون توا رجعنا خط المسرحية مطلوبة برشا في تونس,عنا سلسلة متاع عروض في تونس و و مشينا من بعد سافرنا عملنا تورني البرا ديرنييرمون كنا في العراق دونك توا رجعنا خاطر المسرحية مطلوبة برشا في تونس و,12.008000373840332,0000043_0000003_0000000_43_3_0_0,0.5172413793103449
labeled_linagora_cs_arabize,ولا كذا,ولا كذا,0.8560000061988831,amenyKH_tataouine__for_acoustic_analysis_Sync0000409_no_speaker_0001376.0000043_0001377.0000031_tataouine__for_acoustic_analysis_Sync409_no_speaker_1376.43_1377.31_0,0.0
labeled_linagora_cs_arabize,عاجل,عاجل,0.7360000014305115,3ajel_29877_0,0.0
labeled_linagora_cs_arabize,مفميش منها الحكاية بالعكس,ما فماش منها الحكاية بالعكس ذاي قونا هلب يو اوت,3.9040000438690186,0000071_0000023_0000001_71_23_1_0,0.7
labeled_linagora_cs_arabize,بالله يعمر هذا,بالله عمر هاذا,1.5839999914169312,TunSwitchTO_0000064_0000011_0000017_m0000003l_64_11_17_m3l_0,0.6666666666666666
labeled_linagora_cs_arabize,dison,ديسمبر,0.5759999752044678,ar--1542_1.5.wav_1542_1.5_0,1.0
labeled_linagora_cs_arabize,وفما الاختلاف زادة,و فمة الاختلاف زادة,1.6319999694824219,amenyKH_Hkayet_Tounsia_S0000002_Episode_0000028_0000026_0000003_0002018_Partie_0000003_Sync0000203_no_speaker_0002007.0000000_0002008.0000065_Hkayet_Tounsia_S02_Episode_28_26_03_2018_Partie_03_Sync203_no_speaker_2007.00_2008.65_0,0.5
labeled_linagora_cs_arabize,باش من بعد نعس عل الجاج وإلا أنا مااخذ الباك باش من بعد نعس عالجاج,باش من بعد نعس عالدجاج و الا انا ماخذ الباك باش من بعد نعس عالدجاج,3.9839999675750732,0000001_0000033_1_33_0,0.4
labeled_linagora_cs_arabize,إذا كان فما شكون من مستمعينا ما يعرفش شنو أحميني ما عنده حتى فكر على شنو احميني عطيني البيتش فير نتاعك شنو بالضبط الابليكايو أحميني بالضبط أحميني هي أول ما بدات على بلاتفورم,اذا كان فمة شكون من مستمعينا ما يعرفش شنوا احميني ما عندو حتى فكرة على شنة احميني اعطيني ال بيتش فاير متاعك شنوا بالظيط لابليكاسيون احميني بالظبط احميني هيا اول ما بدات على بلاتفورم,12.303999900817871,0000007_0000005_7_5_0,0.5882352941176471
labeled_linagora_cs_arabize,فاش مخك يحشش على القهوة يشا نفهمو الحكاية,كيفاش مخك يحشش على القهوه الحكايه مش,3.9649999141693115,youtube_AacwzudVuAE_0,0.7142857142857143
labeled_linagora_cs_arabize,نقك القهوة فه,جديد كيفاش نقول لك القهوه فيها مدى اسمها,2.1449999809265137,youtube_AacwzudVuAE_1,1.0
labeled_linagora_cs_arabize,كافيين,الكافيين,0.5220000147819519,youtube_AacwzudVuAE_2,1.0
labeled_linagora_cs_arabize,دينوسيل خدمتها تحسك بالتعب والنومكافيين,الكافيينوسين خدمتها تحس النوم والكافيين,4.006999969482422,youtube_AacwzudVuAE_3,0.8
labeled_linagora_cs_arabize,خليش المخي,ما تخليش المخ,0.6819999814033508,youtube_AacwzudVuAE_4,1.0
labeled_linagora_cs_arabize,قت يستانس المخ بوجود الكافيين,مع الوقت يستانس المخ بوجود الكافيين,2.446000099182129,youtube_AacwzudVuAE_5,0.3333333333333333
labeled_linagora_cs_arabize,ي نقس في البرتيا,ويبدا ينقص بشويه بشويه في البروتينات,1.8040000200271606,youtube_AacwzudVuAE_6,0.8333333333333334
labeled_linagora_cs_arabize,هي في العادة كبتيلالينو سين هذي,الي هيا في العاده كابتنوسين هاذي مش,2.5850000381469727,youtube_AacwzudVuAE_7,0.8571428571428571
labeled_linagora_cs_arabize,معناها نولي وحشتنا بأكثر كافايين,معناها معناها نولي وحشتنا باكثر كافيين,2.7850000858306885,youtube_AacwzudVuAE_8,0.5
labeled_linagora_cs_arabize,وذ  شرب القهو,في فرد مستوي واذا مستانسه تشرب القهوه,2.505000114440918,youtube_AacwzudVuAE_9,1.0
labeled_linagora_cs_arabize,فيها برشا كافيين وفش,ولا ماده فيها برشا كافيين وفجاه تقص,2.4049999713897705,youtube_AacwzudVuAE_10,0.5714285714285714
labeled_linagora_cs_arabize,تدخل في حالة انسحاب اللي معاها تجيو,عليها تدخل في حاله انسحاب الي معها تجي,3.1659998893737793,youtube_AacwzudVuAE_11,0.625
labeled_linagora_cs_arabize,جعة الراس والتعب وهذا يصير على خط,وجعه الراس و التعب و هاذا يصير على خط,3.0859999656677246,youtube_AacwzudVuAE_12,0.5555555555555556
labeled_linagora_cs_arabize,اتكيبة الكيميائية تاع المخط بدلت,التركيب الكيميائيه متاع المخ تبدلت بما,2.6449999809265137,youtube_AacwzudVuAE_13,1.0
labeled_linagora_cs_arabize,كان يتوقع في كمية معينة متاع كافي,انه كان يتوقع في كميه معينه متاع كافيه,2.384999990463257,youtube_AacwzudVuAE_14,0.5
labeled_linagora_cs_arabize,مع الوقت كانتكثر من القهوة تدخل في دلاب,ومع الوقت كانت من القهوه تدخل في دولاب,2.305000066757202,youtube_AacwzudVuAE_15,0.5
labeled_linagora_cs_arabize,تشرب قهوة ا متتقلق,مشبه تشرب قهوه باش ما تتقلقش وراسك ما,2.7660000324249268,youtube_AacwzudVuAE_16,0.875
labeled_linagora_cs_arabize,ش وزيد موخكيستنز اكثر,يوجعكش ويزيد مخك يستنس اكثر وذك هولا,3.1110000610351562,youtube_AacwzudVuAE_17,0.8571428571428571
labeled_linagora_cs_arabize,inaك,المكتب,0.6240000128746033,ar--2260_1.5.wav_2260_1.5_0,1.0
labeled_linagora_cs_arabize,شan,الشونج,0.9599999785423279,ar--1365_0.75.wav_1365_0.75_0,1.0
labeled_linagora_cs_arabize,شعب الياباني قرابت مليون سيكن,الشعب الياباني قرابت عشرين مليون ساكن,3.6480000019073486,TunSwitchTO_0000066_0000013_0000005_eko_66_13_05_eko_0,0.5
labeled_linagora_cs_arabize,وقت اللي كان شاول ملك على شعب ربي كانت عندهم الطورات وفي الطورات كان مكتوب اللي رب يحرم السحر والشعوذا ويكره كل من يكتب حرز ولا يستحضر أرواح الموتك,وقت الي كان شاول ملك على شعب ربي كانت عندهم التورات و في التورات كان مكتوب الي ربي حرم السحر و الشعوذه يكره كل من يكتب حرز و الا يستحضر ارواح الموتة,11.831999778747559,17_David3_Saul_Witch_OneStory_AEB_0,0.46875
labeled_linagora_cs_arabize,وقال ربي اللي استعمل حاجاة هاذم لازم يموت وحرام فيها حياتو وشاول كيكان ملك قرد من البلاد الصحارة والعرافين الكل عما ما قتلهمش,و قال ربي الي يستعمل الحاجات هذوم لازم يموت و حرام عليه حياتو و شاول كيف كان ملك طرد من البلاد السحارة و العرافة الكل اما ما قتلهمش,11.392000198364258,17_David3_Saul_Witch_OneStory_AEB_1,0.6428571428571429
labeled_linagora_cs_arabize,وكان شاول ملك على شعب ربي أكثر من أربعين سناء لكن قداش من مرة ما كانش يتيع كلام ربي وزادا ما كانش قلبه كيف ما يحب ربي وثم مرة بعث ربي صاموئيل باش يقولو,و كان شاول ملك على شعب ربي اكثر من اربعين سنة لكن قداش من مرة ما كانش يطيع كلام ربي و زادة مكانش قلبه كيف ما يحب ربي و فمة مرة بعث ربي صمويل باش يقلو,13.784000396728516,17_David3_Saul_Witch_OneStory_AEB_2,0.3611111111111111
labeled_linagora_cs_arabize,كيف ما أنتي رفضت كلمة ربي راهو ربي زيد رفضك وباش ينحيلك ملكك ويعطيه لغيرك,كيف ما انت رفضت كلمة ربي راه ربي زادة رفضك و باش ينحي لك ملكك و يعطيه لغيرك,7.184000015258789,17_David3_Saul_Witch_OneStory_AEB_3,0.5
labeled_linagora_cs_arabize,را يا زمان ويجا يا زمان كبر صموئيل فالعمر ومات وشعب ربي كان باش يدخل في حرب مع جيش آخر عدو ليه وكان شاول خايف ومرعوب برشا من جيش العدو,برا يا زمان و ايج يا زمان كبر صمويل في العمر و مات و شعب ربي كان باش يدخل في حرب مع جيش آخر عدو ليه و كان شاول خايف و مرعوب برشا من جيش العدو,12.616000175476074,17_David3_Saul_Witch_OneStory_AEB_4,0.3888888888888889
labeled_linagora_cs_arabize,أحب يطلب من ربي إاش يعمل لكن ربي ما جاوبوش لا عن طريق الحلام ولا عن طريق نبات,و حب يطلب من ربي آش يعمل لكن ربي ما جاوبوش لا عن طريق الاحلام ولا عن طريق نبي,6.607999801635742,17_David3_Saul_Witch_OneStory_AEB_5,0.2631578947368421
labeled_linagora_cs_arabize,وقتها طلب شي ول هو حير في أمرو شنو يعمل أمر باش يلوجولو على عرافة نجم تستحضرلو روح باش يعاون على هالحيرة اللي هو فيها وقت اللي ربي ما عاونوش وما جاوبوش,وقتها طلب شاول و هو حايرفي امره شنوا يعمل آمر باش يلوجولو على عرافة تنجم تستحضرلو روح باش يعاونو على ها الحيرة الي هو فيها وقت الي ربي ما عاونوش و ما جاوبوش,13.960000038146973,17_David3_Saul_Witch_OneStory_AEB_6,0.45454545454545453
labeled_linagora_cs_arabize,وقت ليلقاولو عرافة تنكر شاول ومشالها وكيف طلب منها باش تستحضرلو روح النبي صموئيل عملت كيف ما قالها بالضبط وبالوقت صاحت وتفجعت على خاطر عرفت اللي رجل لي متنكر قدامها هو شاول,وقت الي لقاولو عرافة تنكر شاول و مشالها و كيف طلب منها باش تستحضرلو روح النبي صمويل عملت كيف ما قالها بالظبت و بالوقت صاحت و تفجعت على خاطر عرفت الي الراجل الي متنكر قدامها هو شاول,14.631999969482422,17_David3_Saul_Witch_OneStory_AEB_7,0.40540540540540543
labeled_linagora_cs_arabize,الملك اللي طرت العرافين والسحرا الكل من البلاد,الملك الي طرد العرافة و السحارة الكل من البلاد,2.944000005722046,17_David3_Saul_Witch_OneStory_AEB_8,0.5555555555555556
labeled_linagora_cs_arabize,لكن شاول طمنها وقلها عليك لمان قلي شكون شفت ياخل عرافة عطى طوصاف ساموئيل وقتها ركاع شاول قدام النبي ساموئيل وزجدت قدام روحو وطلب منو باش يعاونو,لكن شاول طمنها و قالها عليك الامان قلي شكون شفت ياخي العرافة عطاتو اوصاف صمويل وقتها ركع شاول قدام النبي صمويل و سجد قدام روحه و طلب منو باش يعاونو,14.031999588012695,17_David3_Saul_Witch_OneStory_AEB_9,0.5
labeled_linagora_cs_arabize,ياخي جاوب والنبي صاموئيل أنتي عصيت ربي وما مشيتش بكلامو هذاك علاش ربي باش يعطي مملكتك الداود وجيشك باش يغسر الحرب أنتي وأولادك باش تموتو الكل,ياخي جاوبه النبي صمويل انت عصيت ربي و ما مشيتش بكلامو هذاكة علاش ربي باش يعطي مملكتك لداود و جيشك باش يخسر الحرب انت و اولادك باش تموتو الكل,10.86400032043457,17_David3_Saul_Witch_OneStory_AEB_10,0.4827586206896552
labeled_linagora_cs_arabize,وصار كيف ما قال صموئيل بالضبط شعب ربي خسر الحرب وتقتل شاول وأولاده,و صار كيف ما قال صمويل بالظبط شعب ربي خسر الحرب و تقتل شاول و اولادو,6.191999912261963,17_David3_Saul_Witch_OneStory_AEB_11,0.5
labeled_linagora_cs_arabize,aɣdlيn,افريل,0.9039999842643738,ar--1534_0.75.wav_1534_0.75_0,1.0
labeled_linagora_cs_arabize,ونضحكم,و نضحكوا,0.7360000014305115,amenyKH_tataouine__for_acoustic_analysis_Sync0000398_no_speaker_0001345.0000085_0001346.0000060_tataouine__for_acoustic_analysis_Sync398_no_speaker_1345.85_1346.60_0,1.0
labeled_linagora_cs_arabize,اليونان,اليونان,0.7440000176429749,ar--1954_1.wav_1954_1_0,0.0
labeled_linagora_cs_arabize,туэ нэжуещу,توا نجمو نركشو,1.3359999656677246,ar--3593_1.25.wav_3593_1.25_0,1.0
labeled_linagora_cs_arabize,كي مقتلكم في السeت i sit an thnk,كيما قلتلكم فال سيتس اي سيت اند ثينك,3.1679999828338623,0000071_0000090_0000001_71_90_1_0,1.0
labeled_linagora_cs_arabize,ول مي ام   روحت معني هالدرب,ويذ ماي فاميلي اند ذان روحت معناها للدار,3.888000011444092,Melekher0000009_0000008_0000000_Melekher9_8_0_0,0.875
labeled_linagora_cs_arabize,عجبتن  ل حاجات صغار,معناتها عجبتني روحي كان فمة حاجات صغار,2.2639999389648438,amenyKH_Hkayet_Tounsia_S0000001_Episode_0000004_0000019_0000012_0002016_Partie_0000002_Sync0000122_no_speaker_0000817.0000053_0000819.0000077_Hkayet_Tounsia_S01_Episode_04_19_12_2016_Partie_02_Sync122_no_speaker_817.53_819.77_0,0.7142857142857143
labeled_linagora_cs_arabize,ماصرو ويمكن  يصيرو,ما صاروش ويمكن ما هم ش باش يصيروا,1.8639999628067017,amenyKH_Lanxiété_Sociale_HM_0000003_denoised_Sync0000032_no_speaker_0000126.0000002_0000127.0000088_Lanxiété_Sociale_HM_3_denoised_Sync032_no_speaker_126.02_127.88_0,0.875
labeled_linagora_cs_arabize,ازيد,الزيت,1.1039999723434448,ar--1667_0.75.wav_1667_0.75_0,1.0
labeled_linagora_cs_arabize,عسكري أنسس لكن ما نعرفش يعني المشكلة كونو معناها كيفاش تونس تنجم مع الجزائر,عسكري انس لكن ما نعرف ش يعني المشكلة كونومعناها كيفاش تونس تنجم مع الجزاير,10.079999923706055,TunSwitchTO_0000048_0000001_0000002_0000003wz_48_01_02_3wz_0,0.42857142857142855
labeled_linagora_cs_arabize,سرتو تاي نتاع العباد على خاطر بالنسبة ليا نحب ديما نلوج على ال تاع العباد كيفاش,يت فيلز قود سورتو لي ديتاي متاع العباد على خاطر بالنسبة ليا نحب ديما نلوج على لي ديتاي متاع العباد كيفاش,11.991999626159668,Melekher0000008_0000022_0000000_Melekher8_22_0_0,0.47619047619047616
labeled_linagora_cs_arabize,مدير عام البناات والتجهيز عن وزارة التربية معانا سي عبد الكريم بالتليفون مرحب عايشك سدي مرحبا بيك عبدالكريم,تن مدير عام البناءات والتجهيز عن وزارة التربية معنا سي عبد الكريم شخ بالتليفون مرحبا يعيشك سيد مرحبا بيك سي عبد الكريم شخ,8.368000030517578,amenyKH_Partie0000005_chunk_0000020_Partie5_chunk_20_0,0.4782608695652174
labeled_linagora_cs_arabize,برشا على ريحة در  ريحة عندهم ريحه زعم خايبه حاجات كيما ذيكا معناها مهيش حاجه جديده في ال في المج,برشا على ريحة على درا شنيا على ريحة عندهم ريحة زعما خايبة حاجات كيما هاذيكا معناها ما هي ش حاجة جديدة,8.407999992370605,0000051_0000149_0000000_51_149_0_0,0.7142857142857143
labeled_linagora_cs_arabize,بعد شوية يقار ويحهم في امبوتياج,بعد شوي لقاو رواحهم في امبوتياج,2.1600000858306885,ar--3390_1.5.wav_3390_1.5_0,0.5
labeled_linagora_cs_arabize,ونبهبروا عليهم بالاكتشاف والمغامرة اللي عشناها في وسط الدموس,نبهبروا عليهم بالاكتشاف و المغامرة لي عشناها في وسط الداموس,3.3919999599456787,0000023_0000093_23_93_0,0.5
labeled_linagora_cs_arabize,muмarеn inmомarнэ,الممرن الممرنة,2.568000078201294,ar--1586_0.75.wav_1586_0.75_0,1.0
labeled_linagora_cs_arabize,行,السنيما,0.6480000019073486,ar--2232_1.5.wav_2232_1.5_0,1.0
labeled_linagora_cs_arabize,ولا نخو حربوشة ونلقى روحي,ولا ناخذ حربوشة نلق روحي,1.8639999628067017,amenyKH_0000006_0000006_0002012_partie0000005_chunk_0000118_06_06_2012_partie5_chunk_118_0,0.4
labeled_linagora_cs_arabize,يلوامج,يتمهمش,0.5680000185966492,ar--1997_1.5.wav_1997_1.5_0,1.0
labeled_linagora_cs_arabize,كل واحد كان يجم يقول لها الليبنين مرشا,كل واحد كان يلزم يقوللها الي بنين برشا,2.9519999027252197,ar--3623_1.25.wav_3623_1.25_0,0.625
labeled_linagora_cs_arabize,نجم تعمل هذا المطلب,تنجم تعمر هاذا المطلب,1.3919999599456787,TunSwitchTO_0000074_0000015_0000002_e0000002q_74_15_02_e2q_0,0.75
labeled_linagora_cs_arabize,خلطناه شنولي باش نعملو توا باش ناخذو شويا سمن باش ندوبو وناخذو معاه الزبدا وباش ناخذو معهم شوي,خلطناه شنوه الي باش نعملوا توه باش ناخذو شويه سمن باش نذوبوه وناخذو معاه الزبده و باش ناخذ معهم شويه,11.576000213623047,segment_0000010_segment_10_0,0.55
labeled_linagora_cs_arabize,شيفت ليفتا مكتوب عليها معطب,شافت لاقتة مكتوب عليها معطب,3.0959999561309814,ar--3460_1.wav_3460_1_0,0.4
labeled_linagora_cs_arabize,موسى يعايشك,موسى يعيشك,1.1519999504089355,TunSwitchTO_0000040_0000023_0000052_nul_40_23_52_nul_0,0.5
labeled_linagora_cs_arabize,الباsلو,الكسكروت,1.2640000581741333,ar--1397_0.75.wav_1397_0.75_0,1.0
labeled_linagora_cs_arabize,أنا فهمت عليش هو يمكن على خاطر فيالناس حطيتو أما نأكدلكم إن المرة الجاية,انا فهمت علاش هو يمكن على خاطر في ناس حطتوا اما اناكدلكم الي المره الجايا,4.375999927520752,TunSwitchTO_0000006_0000019_0000058_0000045q_6_19_58_45q_0,0.6666666666666666
labeled_linagora_cs_arabize,الطبيب,الطبيب,0.8399999737739563,ar--2209_1.wav_2209_1_0,0.0
labeled_linagora_cs_arabize,اليجوسنتريسم نحو اليجويزم اللي مشا كيوا احنا قبيلة على ادور الانتراج من وساعات انه ينجم النتراج متاعك يزينلك حاجات ويظهرلك اللي انتي أحسن حاجة في العالم وفك عليك وقعد والكل,الايقوسونتريسم نحولايقويسم نعرش نحكيو احنا قبيلة على دور الاونتروج انو سعات انولانتوراج متاعك يزينلك حاجات و يظهرلك الي انت احسن حاجة في العالم وف فك عليك و اقعد و كل,14.423999786376953,segment_0000199_segment_199_0,0.8
labeled_linagora_cs_arabize,قد شتكني الحشمة ونحس بلذل كينمشي مع راجلي لدارحماتي وتسأني,قداش تاكلني الحشمة و نحس بالذل كي نمشي مع راجلي لدار حماتي و تسالني,3.6559998989105225,0000022_0000048_22_48_0,0.7857142857142857
labeled_linagora_cs_arabize,قلا صغيرةقصير,القلعة الصغيرة برمير,1.944000005722046,amenyKH_MIC0000001_mod_0000065_chunk_0000001_MIC00001_mod_65_chunk_1_0,1.0
labeled_linagora_cs_arabize,اللي فيها فيتامين  للالوان هذو ما هما الالوان فيها سوديام ولذا السوديوم ما نزيدوش عليه الملح في الصلابا,الي فيها فيتامين ا آه للالوان هذومة هوما الالوان فيها الصوديوم ولذا الصوديوم ما نزيدوش عليه الملح في السلاطة,10.928000450134277,amenyKH_0000011_chunk_0000056_011_chunk_56_0,0.47368421052631576
labeled_linagora_cs_arabize,دخ يفي   سيارو نح لى وزير,يدخن و ال سافيش ومعناتها يوري روحو الي هو في يدو سيقارو نحكي راهو على وزير,5.056000232696533,amenyKH_0000006_0000006_0002012_partie0000006_chunk_0000197_06_06_2012_partie6_chunk_197_0,0.9375
labeled_linagora_cs_arabize,karnid adres,كارني دادراس,0.8080000281333923,ar--1995_1.5.wav_1995_1.5_0,1.0
labeled_linagora_cs_arabize,والانتداب مدن الزد,وانتداب مديرين جدد,1.74399995803833,amenyKH_Partie0000005_chunk_0000079_Partie5_chunk_79_0,1.0
labeled_linagora_cs_arabize,كان تمشي عليمين القى روح في الومبوتاج,كان تمشي على الليمين تلقى روحك في امبوتياج,2.680000066757202,ar--3274_1.25.wav_3274_1.25_0,0.625
labeled_linagora_cs_arabize,يaخسلماع,لماعن يغسل,0.8479999899864197,ar--2435_1.5.wav_2435_1.5_0,1.0
labeled_linagora_cs_arabize,باف کa را iس,الطبق الرئيسي,1.9839999675750732,ar--1496_0.75.wav_1496_0.75_0,2.0
labeled_linagora_cs_arabize,روحك أطو ناخو تاكسي ونروح هو مشي وأنا بقيت نمشي نحمف الحكاية,روحك اتو ناخو تاكسي ونروح هو مشى و انا بقيت نمشي نخمم في الحكاية,4.400000095367432,TunSwitchTO_0000079_0000000_0000008_b0000008_79_00_08_b08_0,0.42857142857142855
labeled_linagora_cs_arabize,وبين بين روحي كنت نفرح كيف الرا صحابي زهين وفرحالين,و بيني و بين روحي كنت نفرح كيف نرى صحابي زاهين و فرحانين,3.503999948501587,amenyKH_0000020_0000064_20_64_0,0.5384615384615384
labeled_linagora_cs_arabize,مش تعجب العباد الكل ما خلينا نقولو الي تفرج فيه الكل يرا حاجه ورجنال معناها,فور مي اي بريفر معناها وريجينال خلينا نقولوا الي اتفرج فيه الكل يرى حاجة مي باش تعجب لعباد الكل,9.239999771118164,0000076_0000137_0000001_76_137_1_0,0.7894736842105263
labeled_linagora_cs_arabize,مزانة النار ا يمشي,لا في رمضان في النهار ما يمشيش,1.559999942779541,amenyKH_MIC0000001_mod_0000029_chunk_0000005_MIC00001_mod_29_chunk_5_0,1.0
labeled_linagora_cs_arabize,الصوت,الصوت,0.7839999794960022,ar--1551_1.wav_1551_1_0,0.0
labeled_linagora_cs_arabize,وأكيد برشا منكم يعرفوا الموضوع هذا,و اكيد برشا منكم يعرفو الموضوع هاذا,1.9839999675750732,0000023_0000082_23_82_0,0.5714285714285714
labeled_linagora_cs_arabize,خطر زيما,يو هاف تو ووري خاطر ديما ان اور قروب اوف فريندز از وومن,5.383999824523926,0000073_0000043_0000000_73_43_0_0,1.0
labeled_linagora_cs_arabize,بالله قيد نمرو بطاقة تعريفك,بآلله قيد نومرو بطاقة تعريفك,2.2160000801086426,TunSwitchTO_0000026_0000018_0000054_0000073c_26_18_54_73c_0,0.4
labeled_linagora_cs_arabize,تصور,التصور,0.7760000228881836,ar--2228_1.25.wav_2228_1.25_0,1.0
labeled_linagora_cs_arabize,المنايات,المرايات,1.0880000591278076,ar--2053_0.75.wav_2053_0.75_0,1.0
labeled_linagora_cs_arabize,وبرشا عنده حوايج الدخاندا,وبرشة عندو حوايج الدخان هاذا,2.2320001125335693,amenyKH_0000006_0000006_0002012_partie0000001_0000003_chunk_0000305_06_06_2012_partie1_3_chunk_305_0,0.8
labeled_linagora_cs_arabize,سكر على روحو في ابيت ليم,سكر على روحو في بيت ظلام,1.5199999809265137,0000019_0000100_19_100_0,0.3333333333333333
labeled_linagora_cs_arabize,يعنييقللك مشكلة عويز,يعني كيقول لك مشكلة عويصة يعني هو,1.7920000553131104,amenyKH_0000006_0000006_0002012_partie0000006_chunk_0000153_06_06_2012_partie6_chunk_153_0,0.8571428571428571
labeled_linagora_cs_arabize,أحوز مدينة,احواز المدينة,0.8479999899864197,ar--1589_1.5.wav_1589_1.5_0,1.0
labeled_linagora_cs_arabize,السوم للكبار عشرة اورو الصغار يخلصو كان شتر السوم,السوم للكبار عشرة اورو الصغار يخلصو كان شطر السوم,8.86400032043457,ar--3123_0.75.wav_3123_0.75_0,0.1111111111111111
labeled_linagora_cs_arabize,نرسى عليك السلامة,مرسي عليك بالسلامة,2.568000078201294,ar--3090_0.75.wav_3090_0.75_0,0.6666666666666666
labeled_linagora_cs_arabize,ويحب يكون بريزن في الباز لدوني هذيا,و يحب يكون بريزون فال باز دي دوني هاذيا,2.9679999351501465,0000049_0000187_0000001_49_187_1_0,0.8888888888888888
labeled_linagora_cs_arabize,أنا معرس أنا منيش معرس,انا معرس انا منش معرس,4.0879998207092285,tn9525_0,0.6
labeled_linagora_cs_arabize,يدور عال,يدور عل,0.7200000286102295,ar--1843_1.25.wav_1843_1.25_0,0.5
labeled_linagora_cs_arabize,شوي,شوية,0.656000018119812,ar--1681_1.wav_1681_1_0,1.0
labeled_linagora_cs_arabize,اليوم بستدعية عن عطالة للعشاب,اليوم مستدعية عند عبد الله للعشاء,2.9679999351501465,ar--3207_1.25.wav_3207_1.25_0,0.8333333333333334
labeled_linagora_cs_arabize,اتفرهiد,التفرهيد,0.9919999837875366,ar--1550_1.wav_1550_1_0,1.0
labeled_linagora_cs_arabize,والا حاجة بس كنا حاجة مغرومة بيها دونك ب إغيتا,و الا حاجة بيسك انا حاجة مغرومة بيها دونك بور افيتي,2.9600000381469727,0000053_0000148_0000002_53_148_2_0,0.5454545454545454
labeled_linagora_cs_arabize,نحب شخصي عوني باش نشري حاجات من عندكم ممكن نشري حاجات من عندكم نحب نشري حاجات من عندكم نحب نشري قدي ما نعرفش شلازم نعمل باش نشري حاجات,نحب شخص يعاوني باش نشري حاجة من عندكم ممكن نشري حاجات من عندكم نحب نشري حاجة من عندكم نحب نشري قضية منعرفشا لازم نعمل باش نشري حاجات,14.015999794006348,segment_0000037_segment_37_0,0.2962962962962963
labeled_linagora_cs_arabize,يخرج وديروله يلول ودار نجازو,يخرج دولارا و الا,2.2239999771118164,amenyKH_tataouine__for_acoustic_analysis_Sync0000081_no_speaker_0000641.0000033_0000643.0000059_tataouine__for_acoustic_analysis_Sync081_no_speaker_641.33_643.59_0,1.0
labeled_linagora_cs_arabize,تسكن في الوتيل لكبير زادا,تسكن في الوتيل لكبير زادة,5.823999881744385,ar--3040_0.75.wav_3040_0.75_0,0.2
labeled_linagora_cs_arabize,م   ال  ر ن     ال,ان بارالال معا الي قاعد يصير فال كلاس كنت نقرا انا نقدمو في الدار في السيريات,8.456000328063965,0000027_0000089_0000001_27_89_1_0,1.0
labeled_linagora_cs_arabize,توى بعد معوتعجندها هكايا توا باش ناخد هكايا بالطريف العجينا ونتعبرها كيما توع هكايا ونعملها مستطولا شويا كيما توع هكايا عبات الكلا,توا بعد ما عودت عجنتها هكايا توا باش ناخذ هكايا بالطريف العجينه ونكعبرها كيما توا هكايا ونعملها مستطوله شويه كيما توه هكايا الكعيبات الكل هكايا,14.607999801635742,segment_0001015_segment_1015_0,0.56
labeled_linagora_cs_arabize,ان الحاجة هذيك انك تقان نروحك بعب تولي حاجة نعما,انو الحاجة هاذيكا انك تقارن روحك بعبد تولي حاجة نورمال,3.871999979019165,amenyKH_Melekher0000009_0000035_0000001_Melekher9_35_1_0,0.6
labeled_linagora_cs_arabize,مزبية,ماذابي,0.6880000233650208,ar--1054_1.25.wav_1054_1.25_0,1.0
labeled_linagora_cs_arabize,الليس,الليسته,1.1039999723434448,ar--1677_0.75.wav_1677_0.75_0,1.0
labeled_linagora_cs_arabize,sفرmaل بsaف,سفي الرمل بالسف,1.2400000095367432,0000022_0000159_22_159_0,1.0
labeled_linagora_cs_arabize,ودفنوهم فرد,و دغنوهم فرد بقعة,0.7839999794960022,0000019_0000092_19_92_0,0.75
labeled_linagora_cs_arabize,فتور الصباح موجود من سبعة ونص حتى للعشرة,فطور الصباح موجود من السبعة و نصف حتى للعشرة,8.800000190734863,ar--3031_0.75.wav_3031_0.75_0,0.4444444444444444
labeled_linagora_cs_arabize,نشتح ونغني الموت ع سرتين والشيخ أما الشيخ  تعرفو حاجة  شي حالات متبري,نشطح ونغني نموت على التسلطين و الشيخة اما الشيحة طارتلي تعرفوا حاجة العشية حليت نتفرج,6.176000118255615,TunSwitchTO_0000083_0000009_0000023_z0000037_83_09_23_z37_0,0.8666666666666667
labeled_linagora_cs_arabize,nomro telefon,نومرو التلفون,1.0959999561309814,ar--1994_1.25.wav_1994_1.25_0,1.0
labeled_linagora_cs_arabize,أما سي اقرم,اما السارق هرب,0.9679999947547913,ar--3368_1.25.wav_3368_1.25_0,1.0
labeled_linagora_cs_arabize,كنتحب علىحاج  كان محب لحاج    الكلام ه,اي ثينك الي يتس امبورطان كان تحبوا على حاجة سيريوس كان ما تحبوش على حاجة سيريوس يتس نوت فور يو الكلام هاذيا مي كان,9.663999557495117,Melekher0000008_0000074_0000001_Melekher8_74_1_0,0.9166666666666666
labeled_linagora_cs_arabize,إي هز واحد معه,يهز واحد معاه,1.0479999780654907,ar--2028_1.25.wav_2028_1.25_0,1.0
labeled_linagora_cs_arabize,فق فالنفقة,ايه ايه في النفقة,1.5679999589920044,amenyKH_0000008_chunk_0000050_008_chunk_50_0,1.0
labeled_linagora_cs_arabize,مذابيا عدي سير,مذابية على الديسار,1.3519999980926514,ar--3149_1.wav_3149_1_0,1.0
labeled_linagora_cs_arabize,يسابي,يسربي,0.6000000238418579,ar--1520_1.25.wav_1520_1.25_0,1.0
labeled_linagora_cs_arabize,أسبوع الساقة,صبع الساق,1.1039999723434448,ar--2188_1.wav_2188_1_0,1.0
labeled_linagora_cs_arabize,مقلة,مقلا,1.0240000486373901,makla_31606_0,1.0
labeled_linagora_cs_arabize,القضية هاذي مش بالعان لكن أنا أقول باللي هو ينجم يكون إنسان يعرف عطية إنسان كان يعرف باللي عمينا بحضاه لكنه سبحان الله ما عرفش كيفاش يخرج المعلومة ياخي خرجا هكاكا وفضحه في المواقع كيما راو ينجم يكون سبحان الله,القضيه هاذي مش بالعاني لكن انا نقول باللي هو ينجم يكون انسان يعرف عطيه انسان كان يعرف باللي عميره بحدا لكنه سبحان الله ما عرف ش كيفاش يخرج المعلومه يا اخي خرج هكك وفضحه في المواقع كيما راو ينجم يكون سبحان الله,13.97599983215332,segment_0000565_segment_565_0,0.38095238095238093
labeled_linagora_cs_arabize,ا,فال ستايل هاذايا متاع كيفاش نخدم و كل باش يتعاود حتى فال بريبا توا نحكيوا فيه و فال كونكور,7.552000045776367,0000027_0000106_0000001_27_106_1_0,1.0
labeled_linagora_cs_arabize,الحاجة اللي ه صارتلي نا تاوا مثلا,الحاجة الي هيا صارتلي انا توا مثلا,2.0,amenyKH_Hkayet_Tounsia_S0000001_Episode_0000004_0000019_0000012_0002016_Partie_0000002_Sync0000034_no_speaker_0000506.0000083_0000508.0000083_Hkayet_Tounsia_S01_Episode_04_19_12_2016_Partie_02_Sync034_no_speaker_506.83_508.83_0,0.5714285714285714
labeled_linagora_cs_arabize,يل,يعلق,0.6240000128746033,ar--1446_1.25.wav_1446_1.25_0,1.0
labeled_linagora_cs_arabize,نجيت من توكي,جيت من طوكيو,0.8799999952316284,TunSwitchTO_0000009_0000013_0000033_0000058o_9_13_33_58o_0,0.6666666666666666
labeled_linagora_cs_arabize,ذونك هكا شو كفاش نعمل نمشيو هكا إيساء مبعد نرجعو مي مبعد نرجعو إيساء,فوالا دونك هكة شوف كيفاش نعمل نمشيو هكة ايسار من بعد نرجعو ايمين بعد نرجعو ايسار,10.807999610900879,segment_0000019_segment_19_0,0.75
labeled_linagora_cs_arabize,اكثر حاجه تعلمتها اني ي  حا   باش ننجم نتعدى بيها ل صعب حط القرايا للي كنت نقرا فيها كنت قرايا,اكثر حاجة تعلمتها اني اي باي هاد سو ماتش باسيونس باش انجم نتعدا بيها لي بيريود الصعاب خاطر القراية لي كنت نقرا فيها كانت قراية,12.031999588012695,0000073_0000121_0000000_73_121_0_0,0.68
labeled_linagora_cs_arabize,كتبت قلت نهارت لييولي فيسبوك بالفلوس ولا تتقس الكoنeكiون,كتبت قلت نهارت الي يولي فيسبوك بالفلوس و الا تتقص ال كونيكسيون,3.5360000133514404,0000038_0000075_0000000_38_75_0_0,0.5833333333333334
labeled_linagora_cs_arabize,دير يف ناو صيك حتى كي باش اسمعو تو للكلام اللي قاعدر نحكي فيه,ذاي دونت ايفن نو ذيس لايك حتى كان باش يسمعوا توا الكلام لي قاعدة نحكي فيه,4.544000148773193,0000074_0000065_0000002_74_65_2_0,0.75
labeled_linagora_cs_arabize,ساهل باشا,ساهل برشا,1.4160000085830688,ar--3086_1.5.wav_3086_1.5_0,0.5
labeled_linagora_cs_arabize,لكن لاحظنا حاجة,لكن لاحظنا حاجة,1.2879999876022339,0000011_0000041_11_41_0,0.0
labeled_linagora_cs_arabize,اللي نحب نقعد حيتي كيونا نعمل فيه,ان اوبسيسيون يتس سامثينق الي نحب نقعد حياتي كاملة نعمل فيه,4.415999889373779,0000071_0000062_0000003_71_62_3_0,0.6363636363636364
labeled_linagora_cs_arabize,soklata,شكلاطه,1.2640000581741333,cheklata_31124_0,1.0
labeled_linagora_cs_arabize,ج متعاود,تنجم تعاود,1.4079999923706055,TunSwitchTO_0000182_0000001_0000051_g0000002y_182_01_51_g2y_0,1.0
labeled_linagora_cs_arabize,مهيش ظاهرة برشا,ما ها ش ظاهرة برشا,1.0240000486373901,amenyKH_Hkayet_Tounsia_S0000001_Episode_0000004_0000019_0000012_0002016_Partie_0000002_Sync0000088_no_speaker_0000681.0000058_0000682.0000060_Hkayet_Tounsia_S01_Episode_04_19_12_2016_Partie_02_Sync088_no_speaker_681.58_682.60_0,0.6
labeled_linagora_cs_arabize,وتم الاتصال بالسيد ولي شاها,وتم الاتصال بالسيد والي الجهة,1.8559999465942383,amenyKH_partie0000004_chunk_0000084_partie4_chunk_84_0,0.4
labeled_linagora_cs_arabize,كانت لي صدمة عمري الحلقة نتاع ربي ما نجمعتنديبا,كانتلي صدمت عمري الحق متاع ربي جي ماتوند با,3.871999979019165,0000070_0000147_0000003_70_147_3_0,0.8888888888888888
labeled_linagora_cs_arabize,الswiver هي شركة onسية توفر logiciel de gestion,سويفر هيا شركة تونسية مية في المية توفر لوجيسيال دي جيستيون,3.5759999752044678,0000001_0000012_1_12_0,0.8181818181818182
labeled_linagora_cs_arabize,yuwarwe,يوري,0.9520000219345093,ar--1445_0.75.wav_1445_0.75_0,1.0
labeled_linagora_cs_arabize,tha's atrick  tha's atrick that i used and it helped me mlوl,ذاتس ا تريك اوكي ذاتس ا تريك ذات اي يوزد اند يت هلبد مي من اللول,4.28000020980835,0000071_0000116_0000002_71_116_2_0,1.0
labeled_linagora_cs_arabize,rafem,رسم,1.0,rassm_19690_0,1.0
labeled_linagora_cs_arabize,قرين عند بخوف نتاع مات أنا باك مات,قريت عند بروف متاع ماث انا باك ماث,3.1600000858306885,0000070_0000060_0000001_70_60_1_0,0.75
labeled_linagora_cs_arabize,الوج,الوجه,0.6000000238418579,ar--2163_1.25.wav_2163_1.25_0,1.0
labeled_linagora_cs_arabize,vačetníš,ما تشدنيش,1.5839999914169312,TunSwitchTO_0000062_0000019_0000039_0000005st_62_19_39_5st_0,1.0
labeled_linagora_cs_arabize,صور كان واحد يشوف هاذوما ينجم يفهم برشا حاجات على الفمينيزم,تصور كان واحد يشوف هذوما ينجم يفهم برشا حاجات على ال فيمينيزم و,4.800000190734863,0000052_0000149_0000000_52_149_0_0,0.38461538461538464
labeled_linagora_cs_arabize,الحرب,الحرف,0.6000000238418579,ar--2142_1.25.wav_2142_1.25_0,1.0
labeled_linagora_cs_arabize,انا لبرسونال معناه حاولت اني نحط جولز,حياتي انا ال بيرسونيل معناها حاولت اني نحط قولز,3.191999912261963,Melekher0000010_0000167_0000000_Melekher10_167_0_0,0.5555555555555556
labeled_linagora_cs_arabize,في الوسط,في الوسط,0.7599999904632568,ar--2304_1.wav_2304_1_0,0.0
labeled_linagora_cs_arabize,صيف,الصيف,0.5199999809265137,ar--1571_1.5.wav_1571_1.5_0,1.0
labeled_linagora_cs_arabize,من جلة الدمسا,من جلد التمساح,0.8240000009536743,TunSwitchTO_0000014_0000010_0000039_w0000007k_14_10_39_w7k_0,0.6666666666666666
labeled_linagora_cs_arabize,نا انرمم معناها اليوم معناها ونقول جست بداو خمو في رواحكم,اون ا انورمون معناها اليوم معناها و نقول جوست ابداوا خمموا فرواحكم,7.368000030517578,0000049_0000184_0000000_49_184_0_0,0.75
labeled_linagora_cs_arabize,ما عندش نعرف فكالة,معادش نعرف الكاله,1.6200000047683716,_TBVnfDNUcI_0,1.0
labeled_linagora_cs_arabize,سملوردا ولت الخلا,سامي الورده ولد الخاله,2.5399999618530273,_TBVnfDNUcI_1,1.0
labeled_linagora_cs_arabize,الغاليجامي كانت زيتو,الغالي جامي كان نسيتو,1.7999999523162842,_TBVnfDNUcI_2,1.0
labeled_linagora_cs_arabize,وعدك نذكر اسمك في غناياتي فولا,وعدتك نذكر اسمك في غاناياتي فوالا,2.700000047683716,_TBVnfDNUcI_3,0.5
labeled_linagora_cs_arabize,م لي جت حطوني في باري,ماللي جيت حطوني في باري,1.600000023841858,_TBVnfDNUcI_4,0.6
labeled_linagora_cs_arabize,أما اصعيب أخو يا الرب في أصخاري,اما صعيب آخويا نربي فيها صغاري,2.5799999237060547,_TBVnfDNUcI_5,1.1666666666666667
labeled_linagora_cs_arabize,في بلادي خوياضاقتبيا,في بلادي خويا ضاقت بيا,1.7000000476837158,_TBVnfDNUcI_6,0.6
labeled_linagora_cs_arabize,واحصاب يتغني في الرقاري,و اعصابي تغني بوروقاري,2.059999942779541,_TBVnfDNUcI_7,1.0
labeled_linagora_cs_arabize,نقول لكف شن جب مالي,نقولك كيفاش نجيب مالي,1.9600000381469727,_TBVnfDNUcI_8,1.0
labeled_linagora_cs_arabize,برس مخلوقة للزوالي,باريس مخلوقه لي الزوالي,2.4198999404907227,_TBVnfDNUcI_9,1.0
labeled_linagora_cs_arabize,ليا نسمى عند ولي,لاي انسان ماعندو والي,2.119999885559082,_TBVnfDNUcI_10,1.0
labeled_linagora_cs_arabize,للي م يوخر لدالي,لي الي ما يوخرها التالي,1.899999976158142,_TBVnfDNUcI_11,1.0
labeled_linagora_cs_arabize,كريبا ياسبيتينورو ثقي ماشخويركلفيهمورو,كاري بياس ب ميتين اورو رفيقي ماشي خويا يريقل في امورو,3.9000000953674316,_TBVnfDNUcI_12,1.0
labeled_linagora_cs_arabize,طريق الحرقة صعيبة ورانجتمزيره,طريق الحرقه صعيبة و راني جيت من الزيرو,2.140000104904175,_TBVnfDNUcI_13,0.75
labeled_linagora_cs_arabize,كلشباش نديرو ربي عاطي خيرو,قول آش باش نديرو ربي عاطي خيرو,2.700000047683716,_TBVnfDNUcI_14,0.42857142857142855
labeled_linagora_cs_arabize,الحكاية بدتلي في ميلانو جان الغالي حتى تعتي بينحظانو,لحكايه بداتلي في ميلانو جاني الغالي حط التاتي بين احضانو,3.680000066757202,_TBVnfDNUcI_15,0.7
labeled_linagora_cs_arabize,دمعطاحتسل في الكابشينو في نهاريجيت,الدمعه طاحت و سالت في الكابوتشينو في نهاري جيت,3.0,_TBVnfDNUcI_16,0.7777777777777778
labeled_linagora_cs_arabize,بدأ عن يا ميلانو,وداعا يا ميلانو,1.9199999570846558,_TBVnfDNUcI_17,0.6666666666666666
labeled_linagora_cs_arabize,يالله جاري سيرو ديماري,يلا جاري سير و ديماري,2.5799999237060547,_TBVnfDNUcI_18,0.6
labeled_linagora_cs_arabize,مايعرفش الغربة اللي بسميها لعب ذراري,ما يعرفش الغربة الي مسميها لعب ذراري,3.0799999237060547,_TBVnfDNUcI_19,0.5714285714285714
labeled_linagora_cs_arabize,ذبو النافسي مارشاه,نكذب و ناسي ما ني ش لاهي,2.0,_TBVnfDNUcI_20,1.0
labeled_linagora_cs_arabize,شفتعمي بالرزيبس,نشوف صاحبي بال ريسبيس,1.4199999570846558,_TBVnfDNUcI_21,1.0
labeled_linagora_cs_arabize,يستمنى فرق العمبيازاهي,يستنى في اوراق العام بيها زاهي,3.3399999141693115,_TBVnfDNUcI_22,1.0
labeled_linagora_cs_arabize,ترسي خليترسي,وين ترصي خلي ترصي,1.559999942779541,_TBVnfDNUcI_23,1.0
labeled_linagora_cs_arabize,فترينو ما عندش خروبة,في ترينو ما عنديش خروبه,2.0799999237060547,_TBVnfDNUcI_24,0.8
labeled_linagora_cs_arabize,سكفي بارخويا بورق المضروبة,مريسكي في باري خويا باوراقي المضروبة,2.559999942779541,_TBVnfDNUcI_25,0.8333333333333334
labeled_linagora_cs_arabize,نحب اندكلاري ياصعوبة,نحب ندكلاري يا صحوبا,1.5399999618530273,_TBVnfDNUcI_26,0.75
labeled_linagora_cs_arabize,والكلالي عرقلسمحو لاتوبا,و الي كلالي عرقي لا سماح و لا توبه,2.740000009536743,_TBVnfDNUcI_27,1.0
labeled_linagora_cs_arabize,رجل ما تسمعني هنا,راجل ما تسمعني اهانة,1.600000023841858,_TBVnfDNUcI_28,0.5
labeled_linagora_cs_arabize,ربني شي مرةديال الخوانا,رباني الشايب ما نراتيها للخوانه,2.119999885559082,_TBVnfDNUcI_29,1.0
labeled_linagora_cs_arabize,نخدم بقلب عمرك أنخلمانا وضحوا صريح ةنا رب راورانا,نخدم بقلبي و عمري كان نخون الامانة واضح و صريح و تهنى ربي راهو يرانا,4.5,_TBVnfDNUcI_30,0.8666666666666667
labeled_linagora_cs_arabize,والدلحوما يقول إنسانا,ولد الحومه يقول نسانا,1.9200999736785889,_TBVnfDNUcI_31,0.75
labeled_linagora_cs_arabize,خليني زاكتوما نحكي لك اخطعنا,خليني ساكت و ما نحكي لك اخطانا,2.259999990463257,_TBVnfDNUcI_32,0.5714285714285714
labeled_linagora_cs_arabize,خليلي في قلبجي كنار تشوفو نمرض كنريح سيمانا,خلي الي في قلبي يجيك نهار تشوفو نمرض كي نريح سيمان,4.179999828338623,_TBVnfDNUcI_33,0.7272727272727273
labeled_linagora_cs_arabize,جت الباين نحب نتوتامال,جيت لباري بغيت نكون فيها مالي,1.9199999570846558,_TBVnfDNUcI_34,1.0
labeled_linagora_cs_arabize,الاسعي بخوية لكن مطع تمالي,بلي صعيب آخويا لكن ما ضاعت آمالي,1.9199999570846558,_TBVnfDNUcI_35,0.8571428571428571
labeled_linagora_cs_arabize,شواطن ما تبغيش روح نمما بحلا لي,شواطن ما تبغيش نروح لميمة بحلالي,2.640000104904175,_TBVnfDNUcI_36,0.6666666666666666
labeled_linagora_cs_arabize,طرتني من داره,واحد طردني من دارو,1.440000057220459,_TBVnfDNUcI_37,0.75
labeled_linagora_cs_arabize,وحدالحرامجفيقود صغاره,واحد بالحرام يجيب في قوت صغارو,1.9800000190734863,_TBVnfDNUcI_38,1.0
labeled_linagora_cs_arabize,وحد مطيش بنعمي ورالي بارو,واحد مطيش بن عمي وراء لي بارو,2.940000057220459,_TBVnfDNUcI_39,0.7142857142857143
labeled_linagora_cs_arabize,واحد ما نحكي خنارو,واحد ما نحكي خنارو,1.2999999523162842,_TBVnfDNUcI_40,0.0
labeled_linagora_cs_arabize,وحد يعاون فولاد الحوب الماني,واحد يعاون في اولاد الحو بال موني,1.940000057220459,_TBVnfDNUcI_41,0.8571428571428571
labeled_linagora_cs_arabize,وحذ عرسو مزطيوخياني,واحد ضاع راسو من الزطلة يا وخياني,2.259999990463257,_TBVnfDNUcI_42,1.0
labeled_linagora_cs_arabize,واحد الجورية لا تعيناني,واحد القورية هبلاتو عيناني,2.940000057220459,_TBVnfDNUcI_43,0.75
labeled_linagora_cs_arabize,متنجماكانشراني,ما تنجمها كان شراني,1.659999966621399,_TBVnfDNUcI_44,1.0
labeled_linagora_cs_arabize,هاري ولد الحوم الصنعة كان جيني خذها مني رحبا,باري ولد الحومه صنعه كان تجيني خوذها مني راحت بال,4.039999961853027,_TBVnfDNUcI_45,0.7
labeled_linagora_cs_arabize,سدخويا نطلب الربيديني وغدويبدل للحا,فساد آخويا نطلب من ربي يهديني و غدوا يتبدل الحال,4.420000076293945,_TBVnfDNUcI_46,0.9
labeled_linagora_cs_arabize,طاري فيها الناس أخوياوع أشكال,باري خويا فيها الناس انواع اشكال,3.0999999046325684,_TBVnfDNUcI_47,0.6666666666666666
labeled_linagora_cs_arabize,نصحبدي مالفوق,طقس مسحب ديما الفوق,1.5199999809265137,_TBVnfDNUcI_48,1.0
labeled_linagora_cs_arabize,درب سهل فورق يا خال,غدوا ربي يسهل فاوراقي يا خال,2.759999990463257,_TBVnfDNUcI_49,0.6666666666666666
labeled_linagora_cs_arabize,وما نحول لخنو,زاهي و متحول الخلوق,2.0,_TBVnfDNUcI_50,1.0
labeled_linagora_cs_arabize,زيد حتى نعرفو زبدا واسمن كتحطو حدهم باش ندوبوهم ويقعدو برشا يتحركو جس شويا هك لا  مش لازم يكون زبد كيف كيف زيد زيتونا نعرفو زيد زيتونا,زيت خاتر نعرفوا الزبده و السمن كي يتحطوا وحدهم باش نذوبوهم ويقعدوا برشا يتحرقوا جيست بالشويه هكة فوالا دونك مش لازم يكون زاده كيف كيف زيت زيتونه نعرفوا زيت زيتونه,14.184000015258789,segment_0000011_segment_11_0,0.7666666666666667
labeled_linagora_cs_arabize,حس شعب مازال مش فاهم اللي نبلاستيك في حداتو مشكل,تحس الشعب مازال مش فاهم الي بلاستيك في حد ذاتو مشكل,4.0320000648498535,0000049_0000013_0000001_49_13_1_0,0.5454545454545454
labeled_linagora_cs_arabize,ذ ت وا  ف مي الحق نتاع ربي أول نهار دقدقنا,دونك يت واز ايزيير فور مي الحق متاع ربي اول نهار تدقدقنا,7.064000129699707,0000073_0000018_0000000_73_18_0_0,0.6666666666666666
labeled_linagora_cs_arabize,,توا ا نجيب تصاوري متاع الصلاعة باش نوريهم لك,1.559999942779541,ar--3257_1.5.wav_3257_1.5_0,1.0
labeled_linagora_cs_arabize,ي كملتك هيكا ي بو ما وصلت للبريود رفيزيو كان ما مريق الح,ايه كمت اكاكا ايه بون ما وصلت لل بيريود دي ريفزيون كان ما مريقل لحقيقى,3.4079999923706055,0000027_0000221_0000000_27_221_0_0,0.7333333333333333
labeled_linagora_cs_arabize,من احسن الناس بعد انتخابات هذكم ودكتاورية اسم تأسيسي الثقة في الاسس التشريعية اللي ش نبنيوا بها لبليد مش ان ش يحم,من احسن الناس آه بعد الانتخابات هذوكم باش يوليو لك دكتاتورية يا سيد الكريم مرة مرة اخرى,8.576000213623047,amenyKH_0000002_chunk_0000152_002_chunk_152_0,1.1176470588235294
labeled_linagora_cs_arabize,جرن,يرمي,0.5199999809265137,ar--1845_1.25.wav_1845_1.25_0,1.0
labeled_linagora_cs_arabize,وتكون موجودة وحاضرة بحذان الليلة في برنامج عندي ما نقل,او تكون موجودة و حاضرة بحذانا الليلة في برنامج عندي ما نقول لك,3.7279999256134033,amenyKH_0000008_chunk_0000373_008_chunk_373_0,0.5384615384615384
labeled_linagora_cs_arabize,كيفاش تمشيو في ال كيفاش اترaنsبورت بuبليك كيفاش لكرا,كيفاش تمشيوا كيفاش ترانسبور بوبليك كيفاش الكرا,3.5759999752044678,0000028_0000142_0000001_28_142_1_0,0.8571428571428571
labeled_linagora_cs_arabize,لبم,لبارتومون,0.656000018119812,ar--1719_1.5.wav_1719_1.5_0,1.0
labeled_linagora_cs_arabize,kf,علاشنو تحب تتفرج,1.1440000534057617,ar--3595_1.5.wav_3595_1.5_0,1.0
labeled_linagora_cs_arabize,من فضلك,من فضلك,0.8320000171661377,1053_0,0.0
labeled_linagora_cs_arabize,تلقى عايلتك لاهيم بيه ماكش مستانس أنك فانت كاتشر فانت كات لاهي بروحك وحدك,تلقى عايلتك لاهين بيه ماكش مستانس انك فان كاتر سور فان كاتر لاهي بروحك وحدك,5.679999828338623,0000028_0000205_0000001_28_205_1_0,0.4666666666666667
labeled_linagora_cs_arabize,يحدد,يجدد,0.7279999852180481,ar--2440_1.wav_2440_1_0,1.0
labeled_linagora_cs_arabize,نمزبميحة  اساب في الآخر نحب نقول ب ب,لي ايكسبرينسس متاعها سو ذطس ات في اللخر نحب نقول بي يورسلفيس بي اه غوود بيرسون,12.031999588012695,amenyKH_0000662_0000136_0000000_662_136_0_0,0.8125
labeled_linagora_cs_arabize,حاجة هذيك او ليلا توزكر,الحاجة هاذيكا اول ليلة يت واز قود اند,3.2239999771118164,0000073_0000021_0000000_73_21_0_0,1.0
labeled_linagora_cs_arabize,أهم الفلوس للستيلو الحبار ورقى بو ميا دولار,اهم الفلوس لستيلو الحبار ورقة بو مية دولار,5.760000228881836,TunSwitchTO_0000034_0000000_0000057_0000006y0000006_34_00_57_6y6_0,0.5
labeled_linagora_cs_arabize,يحبو معناها ي وان  جت srاد بالحكاية متاك باش يخمباش ما يخاموش فيحيتهم,يحبوا معناها ذاي وانا قيت دستراكتد بالحكايات متاعك باش ما يخمموش في حياتهم هوما,6.464000225067139,Melekher0000010_0000264_0000000_Melekher10_264_0_0,0.8571428571428571
labeled_linagora_cs_arabize,وش مستحيل لقنيع نلدسخيل,ما هوا ش مستحيل الاقلاع عن التدخين,1.7680000066757202,amenyKH_0000006_0000006_0002012_partie0000001_0000002_chunk_0000013_06_06_2012_partie1_2_chunk_13_0,0.8571428571428571
labeled_linagora_cs_arabize,يكري كرهبة,يكري كرهبة,1.0640000104904175,ar--2389_1.wav_2389_1_0,0.0
labeled_linagora_cs_arabize,على واحد ثرثار,على واحد ثرثار,1.3229999542236328,youtube_cKArGlGi9u0_0,0.0
labeled_linagora_cs_arabize,نسلم لا سلطان لا رعية ما يكبر,ولا بن سلم لا سلطان لا رعيه ما يكبر في,5.166999816894531,youtube_cKArGlGi9u0_1,0.5
labeled_linagora_cs_arabize,ي حد,عينه حد,0.5609999895095825,youtube_cKArGlGi9u0_2,0.5
labeled_linagora_cs_arabize,كلهم بالنسبة ليه الشكارة والبحر,كلهم بالنسبه له الشكاره و البحر,2.322999954223633,youtube_cKArGlGi9u0_3,0.8333333333333334
labeled_linagora_cs_arabize,قلل سلتان يقوللك هذ,هذاكة السلطان قل له السلطان يقول لك هذاكة,4.307000160217285,youtube_cKArGlGi9u0_4,1.0
labeled_linagora_cs_arabize,سلطان,يجي سلطان,0.8429999947547913,youtube_cKArGlGi9u0_5,0.5
labeled_linagora_cs_arabize,يسوق الفلقة وإلا يسني كجمل لصفصاف,في سوق الفلقه ولا يسني كجمال للصفصاف,3.6449999809265137,youtube_cKArGlGi9u0_6,0.8571428571428571
labeled_linagora_cs_arabize,ما عندهم كانت نوفيق والتلوبيق والترونيق,ما عندهم كانت نفيق وتلوبيق والترونيق لا,4.226099967956543,youtube_cKArGlGi9u0_7,0.42857142857142855
labeled_linagora_cs_arabize,لو لا يملو لا يعلو لا يبلو لا يذلو,كله ليملوا لا يعلو لا يبلو ولا يذلوا,3.505000114440918,youtube_cKArGlGi9u0_8,0.625
labeled_linagora_cs_arabize,قلو شرفة يقلك هما ولا وا نسميه,تقول له شرفه يقول لك هما ولاو باش نسميهم,3.806999921798706,youtube_cKArGlGi9u0_9,0.8888888888888888
labeled_linagora_cs_arabize,الحاص ليتكي فيهم على بعضهم,الحاصل يتكي فيهم على بعضهم الرئيس,4.165999889373779,youtube_cKArGlGi9u0_11,0.5
labeled_linagora_cs_arabize,الجايد الوالي,والقائد الوالي,2.1630001068115234,youtube_cKArGlGi9u0_12,0.5
labeled_linagora_cs_arabize,سباييس المفتي والقاذي وكيما قال,والسباييز المفتي و القاضي وكيما قال,5.567999839782715,youtube_cKArGlGi9u0_13,0.5
labeled_linagora_cs_arabize,شعر سيخ,الشاعر الشيخ,1.7230000495910645,youtube_cKArGlGi9u0_14,1.0
labeled_linagora_cs_arabize,سيد ثرثار المجلغ ما مدع من,السيد الثرثار المجلخ ممنع منه حد حتى,5.126999855041504,youtube_cKArGlGi9u0_15,1.0
labeled_linagora_cs_arabize,عية مفلتهاش ماسلموش منو لا مرتو,الرعيه مفلتهاش ما سلموش منه لا مرته لا,4.806000232696533,youtube_cKArGlGi9u0_16,0.75
labeled_linagora_cs_arabize,غار لا عايلت لا أهل لا سحاب,صغار ولا عيلته لا اهل لاصحابه,3.6050000190734863,youtube_cKArGlGi9u0_17,1.0
labeled_linagora_cs_arabize,وكان مثلا جبدولو على راجل يقول ألف وعوضو,وكان مثلا جبدولو على راجل يقول الف واعوذ,4.946000099182129,youtube_cKArGlGi9u0_18,0.25
labeled_linagora_cs_arabize,ن كان مرا يبدأ يعدد عاد,بالله منه كان امراه يبدا يعدد عاد في يا,5.986999988555908,youtube_cKArGlGi9u0_19,0.6666666666666666
labeled_linagora_cs_arabize,ريا غرة يا خليلة التدبير يا نكر الخير,عره يا غره يا قليله التدبير يا نكره خير,5.26800012588501,youtube_cKArGlGi9u0_20,0.6666666666666666
labeled_linagora_cs_arabize,وجه البير,يا وجه البعير,0.781000018119812,youtube_cKArGlGi9u0_21,0.6666666666666666
labeled_linagora_cs_arabize,حطو على ترتوش تلسانو,يحطوا على طرطوش لسانه معه,2.5840001106262207,youtube_cKArGlGi9u0_22,0.8
labeled_linagora_cs_arabize,في هباس يا خيا في هذا الكل ربي,ما فيها باس يا اخي في هاذا الكل ربي ما,4.126999855041504,youtube_cKArGlGi9u0_23,0.6
labeled_linagora_cs_arabize,كان الناس الفالسو,خلقت كان الناس الفارسو,1.4420000314712524,youtube_cKArGlGi9u0_24,0.5
labeled_linagora_cs_arabize,لحاس القد ما عملو معاه والنافع ربي,الحاصل قد ما عملوا معاه والنافع ربي وما,4.366000175476074,youtube_cKArGlGi9u0_25,0.5
labeled_linagora_cs_arabize,م الناس يقولوا العربي عربي ل شيخ,هم الناس يقولوا العربي عربي لا شيخ لا,3.946000099182129,youtube_cKArGlGi9u0_26,0.375
labeled_linagora_cs_arabize,هيك المجلغ ابقى على نفس الحال,يربي قطايه هيك المجلغ ابقى على نفس الحال,4.783999919891357,youtube_cKArGlGi9u0_27,0.25
labeled_linagora_cs_arabize,قعد كما هو لا برج لا عرش باقي لسان وجارع,اقعد كما هو لا برج العرش باقي لسانه جارح,5.447000026702881,youtube_cKArGlGi9u0_28,0.5555555555555556
labeled_linagora_cs_arabize,ذ واللي يعرفوه الكل سينسو بيه عاملي,وموذي و الي يعرفوه الكل سانسوبيه عاملين,4.8470001220703125,youtube_cKArGlGi9u0_29,0.8571428571428571
labeled_linagora_cs_arabize,يما يقول المثل,كيما يقولوا المثل اسمع,2.263000011444092,youtube_cKArGlGi9u0_30,0.75
labeled_linagora_cs_arabize,عليها ما يعباوش بيه يخليوه يقول اللي يحب,معناها ما يعباوش بيه يخليه يقول الي يحب,3.191999912261963,youtube_cKArGlGi9u0_31,0.375
labeled_linagora_cs_arabize,خار المجلغ الخبر متاع فاح صل,الثرثار المجلغ الخبر نتاعو فيه وصل,3.865999937057495,youtube_cKArGlGi9u0_32,0.6666666666666666
labeled_linagora_cs_arabize,لسرايا,للصرايه وهكذا,1.503000020980835,youtube_cKArGlGi9u0_33,1.0
labeled_linagora_cs_arabize,ماجو ماجو عجعج العجعاج وقالشكونو هلي لاخ,هاجو ماجو عجعج العجعج وقال شكون الليله,5.247000217437744,youtube_cKArGlGi9u0_35,0.7142857142857143
labeled_linagora_cs_arabize,لالي لا بقالي واتع دالي على حلالي وعيالي,خلالي لا بقالي وتعدالي على حلالي وعيالي,3.8399999141693115,youtube_cKArGlGi9u0_36,0.42857142857142855
labeled_linagora_cs_arabize,من حينو نادى للوسير لكبرجاهي ترفر,و من حين ونادى للاسير الاكبر جاهي ترتر,3.005000114440918,youtube_cKArGlGi9u0_37,0.875
labeled_linagora_cs_arabize,السلطان قالو اشكون,على خلقته السلطان قال له اسكنوا هالوبس,3.6470000743865967,youtube_cKArGlGi9u0_38,0.8571428571428571
labeled_linagora_cs_arabize,بش ليذمفيا,الي ذم فيا,0.9419999718666077,youtube_cKArGlGi9u0_39,1.0
labeled_linagora_cs_arabize,لوزير لأكبر قهلو يسيد نراه واحد مهبول,الوزير الاكبر قالوا ياسين نراه واحد مهبول,4.427000045776367,youtube_cKArGlGi9u0_40,0.5714285714285714
labeled_linagora_cs_arabize,ما ياخذوش عليه مهبول قالو يجبد ي,ما ياخدوش عليه مهبول قال له يجبد لي في,3.865999937057495,youtube_cKArGlGi9u0_41,0.5555555555555556
labeled_linagora_cs_arabize,وعرض الناس جيبه للكلب ن الكلب,عرضي وعرض الناس جيبوه لي الكلب ابن الكلب,3.4660000801086426,youtube_cKArGlGi9u0_42,0.625
labeled_linagora_cs_arabize,س,مسلسل و اليوم,1.2419999837875366,youtube_cKArGlGi9u0_43,1.0
labeled_linagora_cs_arabize,لوزير من حينو كلف فسيان ومعاه زوز عسكر,الوزير من حينه كلف زوز عسكر,4.585999965667725,youtube_cKArGlGi9u0_44,0.6666666666666666
labeled_linagora_cs_arabize,ومشاوجابولو هاك ثرثار مسلسل مرا,ومشاو جابوا له هاك الثرثار مسلسل من,3.0450000762939453,youtube_cKArGlGi9u0_45,0.7142857142857143
labeled_linagora_cs_arabize,,رقبته الكعبه,1.1819000244140625,youtube_cKArGlGi9u0_46,1.0
labeled_linagora_cs_arabize,يخ قدام السلطان,رماوه قدام السلطان,1.323099970817566,youtube_cKArGlGi9u0_47,0.3333333333333333
labeled_linagora_cs_arabize,موش بالكلب ومسقلو حتى سؤال,اما مو ش بالكل وما سالوا حتى سؤال طول نادى,4.3460001945495605,youtube_cKArGlGi9u0_48,0.8
labeled_linagora_cs_arabize,السياف قال لحاسبني براسو في قردلا,على السياف وقال له حاسبني براسه في قرطله,2.924999952316284,youtube_cKArGlGi9u0_49,0.75
labeled_linagora_cs_arabize,كل وقت ك,بالوقت هكذا,0.8610000014305115,youtube_cKArGlGi9u0_50,1.5
labeled_linagora_cs_arabize,وينزل عليه جابلوراسو مابين ثقيه,وينزل عليه جاب له راسه ما بين ساقيه,2.8239998817443848,youtube_cKArGlGi9u0_51,0.75
labeled_linagora_cs_arabize,زهن قدابي الزهن,هزوهم قدامي هزو,1.6230000257492065,youtube_cKArGlGi9u0_52,1.0
labeled_linagora_cs_arabize,سلطان بيت زيه يتلوفي النوار ومن غدوة,السلطان بيت زاه يتلو في النوار و من غدوه,3.7260000705718994,youtube_cKArGlGi9u0_54,0.7777777777777778
labeled_linagora_cs_arabize,صباح جاه لخبر وقالوله رهو فما وحيد,الصباح جاه الخبر وقالوا له راهو فمة وحي,3.1649999618530273,youtube_cKArGlGi9u0_55,0.875
labeled_linagora_cs_arabize,خر يمشي ولسان ويمشي معاه وشنعم,داخل يمشي ولسانه يمشي معاه و آش نعمل الي,4.067999839782715,youtube_cKArGlGi9u0_56,0.7777777777777778
labeled_linagora_cs_arabize,ه مجلغ هذا من كثر ملسان وجارح العد,وهالمجلغ هاذا من كثر ملسانه جارح العباد,3.884999990463257,youtube_cKArGlGi9u0_58,0.8571428571428571
labeled_linagora_cs_arabize,س,وقت الي تسمعوا,0.8209999799728394,youtube_cKArGlGi9u0_59,1.0
labeled_linagora_cs_arabize,خر,السلطان وخرجت,1.1820000410079956,youtube_cKArGlGi9u0_60,1.0
labeled_linagora_cs_arabize,ابو يكركلو فيه اللي يركل فيه بساقو,جابوه فيه الي يركل فيه بساقه الي,4.307000160217285,youtube_cKArGlGi9u0_61,0.7142857142857143
labeled_linagora_cs_arabize,عنقية ليبلقرامع,بعمقيه الي بالقريمه,2.003999948501587,youtube_cKArGlGi9u0_62,1.0
labeled_linagora_cs_arabize,تى لي نخلطو بيه للسلطان مهرس مترس ع,حتى لينخلطوا به للسلطان مهرس مهرس ما عاد,4.406000137329102,youtube_cKArGlGi9u0_63,0.875
labeled_linagora_cs_arabize,ي ما يترا وما يتشنق كل عذا السياف,فيه ما يتراه وما يتشنق كي العاده السياف,3.9660000801086426,youtube_cKArGlGi9u0_64,0.5
labeled_linagora_cs_arabize,شرع سيف ووهبت عليه وخلطت على وخيان,شارع سيف وهبطت عليه وخلطت على وخيانه لكن,4.38700008392334,youtube_cKArGlGi9u0_65,0.5
labeled_linagora_cs_arabize,ن غذوا تقثر ثار جديد في المملكة,من غدوه ان تقتر ثار جديد في المملكه,2.563999891281128,youtube_cKArGlGi9u0_66,0.625
labeled_linagora_cs_arabize,وباقي الفم أمضا وأنتملي سبكوه,وباقي الفم امضه وانثى من الي سبقوه,2.7850000858306885,youtube_cKArGlGi9u0_67,0.7142857142857143
labeled_linagora_cs_arabize,لب,على بعض,0.6209999918937683,youtube_cKArGlGi9u0_68,1.0
labeled_linagora_cs_arabize,و لمنعملنه لعرض السلطان ولأعراض الناس,ولم ننع منه لعرض السلطان والاعراض الناس,3.365000009536743,youtube_cKArGlGi9u0_69,0.5714285714285714
labeled_linagora_cs_arabize,هجبدا وفرشها ومتعدها كالنهار,الكلها جبدها وافرشها وما تعدها كي النهار,3.765000104904175,youtube_cKArGlGi9u0_70,1.0
labeled_linagora_cs_arabize,امة واللاه والثرثارة في كل شبر من هك المملكة,لا ما ولاو الثرثاره في كلش المملكه في كل,4.605999946594238,youtube_cKArGlGi9u0_71,1.0
labeled_linagora_cs_arabize,مالة في كل اربت في كل حومة في كل زنقة,اعماله في كل ربط في كل حومه في كل زنقه,3.325000047683716,youtube_cKArGlGi9u0_72,0.4
labeled_linagora_cs_arabize,وهاكسباي هي حال ومعادش عالي,وهكذا بايحيه حار وما عادش عارفين شكون,3.805999994277954,youtube_cKArGlGi9u0_73,1.0
labeled_linagora_cs_arabize,شيشدو وشمش,باش يشدوا وشكون,1.3420000076293945,youtube_cKArGlGi9u0_74,1.0
labeled_linagora_cs_arabize,السلطان جنة جنون وهبل ولا معاديحم,و السلطان جنه جنون وهبل ولا معادش يحمل,4.308000087738037,youtube_cKArGlGi9u0_75,0.5
labeled_linagora_cs_arabize,لتينخو,كلمتين اخوات,0.8420000076293945,youtube_cKArGlGi9u0_76,1.0
labeled_linagora_cs_arabize,ادا لوزير الأكبر وقالو ضبر يا وزير لرس,نادى لوزير الاكبر وقال ودبر يا وزير لراس,3.9600000381469727,youtube_cKArGlGi9u0_77,0.625
labeled_linagora_cs_arabize,لي راسو مربوط في سيف ومنكار أي مسيبةسف,و الي راسه مربوط في سيف ومنكار اي مصيبه,3.446000099182129,youtube_cKArGlGi9u0_79,0.5555555555555556
labeled_linagora_cs_arabize,ك المملكة بيت الليليخمم,تصير لك المملكه بيت الليله يخمموا من,3.1459999084472656,youtube_cKArGlGi9u0_80,0.8571428571428571
labeled_linagora_cs_arabize,دوجا لالسلطان,غدوه جالس سلطان,1.222000002861023,youtube_cKArGlGi9u0_81,1.0
labeled_linagora_cs_arabize,موقالو يا مولاي علاش هترثالة,مهما وقالوا يا مولاي علاش الثرثانه في,4.625999927520752,youtube_cKArGlGi9u0_82,0.5714285714285714
labeled_linagora_cs_arabize,ريوسهم انقصولهم الساناتهم,عضو مريوسهم انقصوا لهم السنتهم هكذا,3.6649999618530273,youtube_cKArGlGi9u0_83,1.0
labeled_linagora_cs_arabize,سلطان دوب ما سمعها الكلام عينيه برقت,السلطان دوب ما اسمعها الكلام عينيه برقت,3.625,youtube_cKArGlGi9u0_84,0.2857142857142857
labeled_linagora_cs_arabize,وخزر للوزير متاعه قالوا يقوى عليك ربي,وخزر للوزير نتاعو قالوا يقوى عليك ربي يا,4.145999908447266,youtube_cKArGlGi9u0_85,0.25
labeled_linagora_cs_arabize,زير مرين جبتها الفكرة الجهنمية,وزير امنين جبتها الفكره لجهنميه هاذي ما,4.947999954223633,youtube_cKArGlGi9u0_86,0.8571428571428571
labeled_linagora_cs_arabize,تش البالي بالكل,جاتش لبالي بالكل,1.062000036239624,youtube_cKArGlGi9u0_87,0.6666666666666666
labeled_linagora_cs_arabize,المفيد من الأمر السلطان كلف كلوزير,المفيد من الامر السلطان كلف كالوزير,3.384000062942505,youtube_cKArGlGi9u0_88,0.3333333333333333
labeled_linagora_cs_arabize,كبر باش يلم السيافة ويسيبهم ع,الاكبر بشي يلم السيافه ويسيبهم في,3.325000047683716,youtube_cKArGlGi9u0_89,0.6666666666666666
labeled_linagora_cs_arabize,وكل ما يترفو بواحد ترتار,المملكه و كل ما يطرفوا بواحد ثرثار,3.186000108718872,youtube_cKArGlGi9u0_90,0.7142857142857143
labeled_linagora_cs_arabize,ليش مادخولش الليل طاح ومن غدوة ل,علاش ما تقولش الليل طاح و من غدوه,2.6050000190734863,youtube_cKArGlGi9u0_91,0.75
labeled_linagora_cs_arabize,تسمع فيها كلمة سو,عاد تسمع فيها كلمه سو,1.5230000019073486,youtube_cKArGlGi9u0_92,0.4
labeled_linagora_cs_arabize,دbر,الدابره,0.7609999775886536,youtube_cKArGlGi9u0_93,1.0
labeled_linagora_cs_arabize,قطع لا عاد حد يسب في سلطان ولا يقشت الفيو,تقطع لا عاد حد يسب في سلطان ولا يقشطل في,4.085999965667725,youtube_cKArGlGi9u0_94,0.3
labeled_linagora_cs_arabize,ولا يقطع ويريش في الناس ويقول فيهم,وزير ولا يقطع ويريش في الناس ويقول فيهم,3.765000104904175,youtube_cKArGlGi9u0_95,0.125
labeled_linagora_cs_arabize,الكلام اللي ما يتقالش,اكل الكلام الي ما يتقلش,2.0641000270843506,youtube_cKArGlGi9u0_96,0.6
labeled_linagora_cs_arabize,لى أبد الابدين واللي بقىبلسانو,الى ابد الابدين و الي يبقى بلسانه ولا,3.725100040435791,youtube_cKArGlGi9u0_97,0.875
labeled_linagora_cs_arabize,وحتى كلمة أصباح الخير ميقولهاش,بكوش وحتى كلمه صباح الخير ما يقولهاش,3.684000015258789,youtube_cKArGlGi9u0_98,0.7142857142857143
labeled_linagora_cs_arabize,سلطان بعد ما اقتع دابرك الثرثارة,السلطان بعد ما اقطع ديبرا كثرثاره افرح,4.065999984741211,youtube_cKArGlGi9u0_99,0.7142857142857143
labeled_linagora_cs_arabize,اتل الأيام ونادى عالوزير الأكبر,وزهات له الايام ونادى على الوزير الاكبر,3.50600004196167,youtube_cKArGlGi9u0_100,0.8571428571428571
labeled_linagora_cs_arabize,ع قالوا يعطيك الصحة يا وزير,متاعه قالوا يعطيك الصحه يا وزير قام,3.924999952316284,youtube_cKArGlGi9u0_101,0.42857142857142855
labeled_linagora_cs_arabize,الحاجة الوحيدة اللي منيش فهمها هي كيفا وقت,الحاجه الوحيده لمنيش فاهمها هيا كيفاش وقت,3.4660000801086426,youtube_cKArGlGi9u0_102,1.0
labeled_linagora_cs_arabize,يقصي تلهمريوسم ما خافوش وكل يوم يطلع لثرثار,الي قصيت ما خافوش و كل يوم يطلع لي ثرثار,4.803999900817871,youtube_cKArGlGi9u0_103,0.6
labeled_linagora_cs_arabize,قالو ما هي ارعية ما عندها كان لساني,الوزير قالوا ماهر عيا ما عندها كان لسان,3.8459999561309814,youtube_cKArGlGi9u0_105,0.625
labeled_linagora_cs_arabize,سن,يا سيدنا,0.5619999766349792,youtube_cKArGlGi9u0_106,1.0
labeled_linagora_cs_arabize,لفعل يجيبو ربي,و الفعل يجيبوا ربي,1.222000002861023,youtube_cKArGlGi9u0_107,0.75
labeled_linagora_cs_arabize,كنتما مع حكايا جديدة مع حكياشلأروي,كنت ما معه حكايه جديده ما حكايهاش العروي,2.805000066757202,youtube_cKArGlGi9u0_108,1.0
labeled_linagora_cs_arabize,صعماد بن حميدة منتج وإخراج مح,نص عماد بن حميده مونتاج واخراج محمد,2.864000082015991,youtube_cKArGlGi9u0_109,0.8571428571428571
labeled_linagora_cs_arabize,حطايا تقديم محمد السياري,بوقطايه تقديم محمد السياري,2.444999933242798,youtube_cKArGlGi9u0_110,0.25
labeled_linagora_cs_arabize,جم تتعشى معانا في الليل,تنجم تتعشى معانا في الليل,1.5920000076293945,TunSwitchTO_0000010_0000000_0000009_paz_10_00_09_paz_0,0.2
labeled_linagora_cs_arabize,alsürin,عشرين,1.0,ar--1138_0.75.wav_1138_0.75_0,1.0
labeled_linagora_cs_arabize,الشكلات السخونة,الشكلاطة السخونة,1.440000057220459,ar--1195_1.wav_1195_1_0,0.5
labeled_linagora_cs_arabize,أما قديش النسافة,على قداش المسافة,1.687999963760376,TunSwitchTO_0000041_0000009_0000008_bkg_41_09_08_bkg_0,1.0
labeled_linagora_cs_arabize,حبكم تكلموني وتفيقوني غدوة الصباح ونصفي عيش,نحبكم تكموني و تفيقوني غدوة الصباح الثمنية و نصف يعيشك,3.759999990463257,TunSwitchTO_0000043_0000002_0000013_een_43_02_13_een_0,0.8
labeled_linagora_cs_arabize,ل,البيئة,0.5680000185966492,ar--1615_1.5.wav_1615_1.5_0,1.0
labeled_linagora_cs_arabize,قى روحك لازمك تعمل ديبلوم آخر وضايع عاميين ث,تلقى روحك لازمك تعمل ديبلوم آخر و تضيع عامين,3.111999988555908,0000028_0000095_0000003_28_95_3_0,0.4444444444444444
labeled_linagora_cs_arabize,نجمتش نثبت كوماند نتاعي وين طلبي وين وصلت طلب نتاعي كيفاش نعرف طلب متاعي وين وصلت في نجم نعرف حالة طلب نتاعي,ما نجمتش نثبت كوموند متاعي وين طلبي وين وصلت طلب متاعي كيفاش نعرف طلب متاعي وين وصلت فين نجم نعرف حالة طلب متاعي,13.760000228881836,segment_0000076_segment_76_0,0.2608695652173913
labeled_linagora_cs_arabize,كم يسمعنا اما باش نحكيو على حاجه اللي عمل شوفلي حل برشا حاجات خرين افن المخ والكريا متاع المبدع حتوم عايشك الي جيت بحذي اليومم  ل اشرف,ما يكمل يسمعنا اما باش نحكيو على حاجة الي عملت شوفلي حل و برشا حاجات اخرين هيا فينالمون المخ و الكرياتيفيتي متاع المبدع حتوم عيشك الي جيت بحذايا اليوم مغسي مغسي بور الانفيتسيون اشرف,13.215999603271484,segment_0000145_segment_145_0,0.5294117647058824
labeled_linagora_cs_arabize,اصدق الإمام الشافعي كيف قال,صدق الامام الشافعي كيف قال,2.0,0000020_0000138_20_138_0,0.4
labeled_linagora_cs_arabize,حضرهزعما,خضر زعم,1.3919999599456787,ar--3559_0.75.wav_3559_0.75_0,1.0
labeled_linagora_cs_arabize,amde,عمدا,1.0240000486373901,3omda_14734_0,1.0
labeled_linagora_cs_arabize,مر  س,وقت الي نقص برمير ولا دوزيام كيف كيف,2.0480000972747803,amenyKH_MIC0000001_mod_0000046_chunk_0000025_MIC00001_mod_46_chunk_25_0,1.0
labeled_linagora_cs_arabize,الصرف اليوم هايل برشة,الصرف اليوم هايل برشا,3.8959999084472656,ar--3100_1.25.wav_3100_1.25_0,0.25
labeled_linagora_cs_arabize,ميش عادي يتبقى في العادة صيرة ماتتصلح في جمع الأولة,آه ما هياش عادية تبقى في العادة تصير اما تتصلح في الجمعة الاولى,3.9839999675750732,amenyKH_Partie0000007_chunk_0000033_Partie7_chunk_33_0,0.7692307692307693
labeled_linagora_cs_arabize,غلال البحر,غلال البحر,0.9919999837875366,ar--1641_1.wav_1641_1_0,0.0
labeled_linagora_cs_arabize,عسلمة,عالسلامة,1.055999994277954,ar--3142_1.wav_3142_1_0,1.0
labeled_linagora_cs_arabize,سبح الخير,صباح الخير,0.7120000123977661,ar--1049_1.5.wav_1049_1.5_0,0.5
labeled_linagora_cs_arabize,ا,البرمي,0.6000000238418579,ar--1826_1.25.wav_1826_1.25_0,1.0
labeled_linagora_cs_arabize,,الي هيا ما كنا ش نعرفوها في الثورة اونترابرونوريا وانا على فكرة نحييهم عالاخر برشا الخدمة وكلمة,9.663999557495117,0000026_0000057_0000001_26_57_1_0,1.0
labeled_linagora_cs_arabize,البطاطة,البطاطا,0.8320000171661377,ar--1657_1.wav_1657_1_0,1.0
labeled_linagora_cs_arabize,هاي هذي تلبس منعرفش ماتشرم البوتيك ذيكا تعمل من بوتيك ذيكا ساعات تلقى نفل ا,هاي هاذي تلبس منعرفش تشري مال بوتيك هاذيكا تعمل مال بوتيك هاذيكا ساعات تلقى انفلوونسوز,6.920000076293945,0000041_0000011_0000001_41_11_1_0,0.6
labeled_linagora_cs_arabize,باش نداول الواجب كان المدرس معناها في حاله كارفية,باش ناديو الواجب لقينا المدرسة آه معناها في حالة كارثية,4.544000148773193,amenyKH_Partie0000008_chunk_0000042_Partie8_chunk_42_0,0.6
labeled_linagora_cs_arabize,تحب تاكل حاجة زادة,تحب تاكل حاجة زادة,5.567999839782715,ar--3111_1.wav_3111_1_0,0.0
labeled_linagora_cs_arabize,حاجة خليتك تمشي لجيم,مايبي يتس نوت فور ذي بيست ريزون اوكي بات حاجة خلاتك تمشي لل جيم,6.328000068664551,0000071_0000096_0000002_71_96_2_0,0.8571428571428571
labeled_linagora_cs_arabize,شاكل ما تنجمش يتأقلم وتولي هذي كل غش يعني بالحق,مشاكل ما ينجمش يتاقلم و تولي هاذايا الكل غش يعني بالحق,4.519999980926514,0000052_0000100_0000000_52_100_0_0,0.6363636363636364
labeled_linagora_cs_arabize,حب نصمور ا رشا ري الس لاحنب احز   ا,نحب ن نسمع صوتي راني تقهرت راهولاكشاك على طريق ال آه فوشانة على طريق السيجومي الواحد بجنب واحد وزايد جابدين الضو من الفوق بربي شوفوا لنا حل شوفوا لنا حل,11.239999771118164,amenyKH_0000005_chunk_0000023_005_chunk_23_0,1.0
labeled_linagora_cs_arabize,گن,كان,0.8640000224113464,ar--2275_0.75.wav_2275_0.75_0,1.0
labeled_linagora_cs_arabize,,من مخها جمله وحده برشا مضيعه وقت اذا كان كل ما باش تحبل باش نعمل لها سحر ونطيحو لها صغير و لسبب اذاكا اقترحت عليها الشريره مروى وانهم يسكروا عليها باب الصغار جمله واحده يعملو لها سحر يخلوها ماع ادش تنجم تجيب,12.407999992370605,segment_0000422_segment_422_0,1.0
labeled_linagora_cs_arabize,ها على هذيك الحيوت متومين بريتي,آه على هاذاكه لحيوط مدهونين بالقدا,2.864000082015991,ar--3658_1.25.wav_3658_1.25_0,0.8333333333333334
labeled_linagora_cs_arabize,هي الوحيدة لوقف معايا بغالبورا,هيا الوحيدة لي واقفة معايا بقلب و رب,1.74399995803833,0000022_0000062_22_62_0,0.75
labeled_linagora_cs_arabize,سمحني انصر على فلسة التصوير يعاش,سامحني انزل على فلسة التصوير يعيشك,2.9119999408721924,TunSwitchTO_0000051_0000022_0000014_0000008jo_51_22_14_8jo_0,0.5
labeled_linagora_cs_arabize,أما كانت ثما بيت مسكرة بالمفتاح,اما كانت فمة بيت مسكرة بالمفتاح,2.240000009536743,0000020_0000047_20_47_0,0.3333333333333333
labeled_linagora_cs_arabize,تحكي,تحكي,0.6000000238418579,tn9764_0,0.0
labeled_linagora_cs_arabize,إش تعمل كان جاراسي يوجعفيا,آش تعمل كان جى راسي يوجع في,2.1679999828338623,ar--3497_1.wav_3497_1_0,0.7142857142857143
labeled_linagora_cs_arabize,عبدالله يحب ياخذ نكسي بالشهوة للبلاد,عبد الله يحب ياخو تكسي باش يهبط للبلاد,2.6559998989105225,ar--3062_1.5.wav_3062_1.5_0,0.75
labeled_linagora_cs_arabize,مفتاحة وقتون صفي رجتني,مرتاحة و قطن صافي عجبتني,1.8559999465942383,ar--3417_1.5.wav_3417_1.5_0,1.0
labeled_linagora_cs_arabize,jibsrwen,جيب السروال,1.399999976158142,ar--1340_0.75.wav_1340_0.75_0,1.0
labeled_linagora_cs_arabize,eلرawي,الراوي,0.7120000123977661,ar--2236_1.wav_2236_1_0,1.0
labeled_linagora_cs_arabize,لا سقين الراقي والا سقين لشيخ على خاطرنيهزيتراسي وبيرم مكانو اثار سقين فيالقاعة كهو بل كانو برت في القاعة فسقف وبر على اليوط كان الراقي يقر فيالقرآن ويرش ف المال مرقي في انحاء الدار,سقين الراقي ولا سقين الشيخ على خاطرني هزيت راسي وبزارمون ما كانوش اثار سقين في القاعه كهو بل كانوا بارتو في القاعه في سقف وبرتو على الحيوط كان الراقي يقرا في القران ويرش في المال مرقي في انحاء الدار,12.984000205993652,segment_0000660_segment_660_0,0.5641025641025641
labeled_linagora_cs_arabize,ل,عالسلامة مهدي عالسلامة لباس,1.965000033378601,youtube_7BigVq3D7bs_0,1.0
labeled_linagora_cs_arabize,امهدو صباح,عالسلامة مهدوش صفا,1.6009999513626099,youtube_7BigVq3D7bs_1,1.0
labeled_linagora_cs_arabize,ماهذكم بخسرك,صفا مرحبا بيكم في قصة انسان,2.328000068664551,youtube_7BigVq3D7bs_2,1.0
labeled_linagora_cs_arabize,مهتي حادرش يصور معاك اليوم,مهدي حاضر باش نصوروا معك اليوم حاضر,2.5840001106262207,youtube_7BigVq3D7bs_3,0.8571428571428571
labeled_linagora_cs_arabize,ولح,فرحان انا,1.4880000352859497,youtube_7BigVq3D7bs_4,1.0
labeled_linagora_cs_arabize,ماهدي هو فرحة العائلة الكلها,مهدي هو فرحة العائلة الكلها,3.2960000038146973,youtube_7BigVq3D7bs_5,0.2
labeled_linagora_cs_arabize,أولادي الأخرين زادا نحبهم ونموتع ليهم,اولادي الآخرين زادة نحبهم و نموت عليهم,2.496000051498413,youtube_7BigVq3D7bs_6,0.8571428571428571
labeled_linagora_cs_arabize,ولكن مهدى هوالى,و لكن مهدي هو الي,2.007999897003174,youtube_7BigVq3D7bs_7,1.0
labeled_linagora_cs_arabize,ندفع لي,اللطف عليك,0.871999979019165,youtube_7BigVq3D7bs_8,1.0
labeled_linagora_cs_arabize,حبك,نحبك عزيزي,0.8080000281333923,youtube_7BigVq3D7bs_9,1.0
labeled_linagora_cs_arabize,ش مليون تكي وعدحنا,باش نوليوا نبكيوا عاد احنا,1.496000051498413,youtube_7BigVq3D7bs_10,1.0
labeled_linagora_cs_arabize,你见么不计,اه ايج بابوتي,1.784000039100647,youtube_7BigVq3D7bs_11,1.0
labeled_linagora_cs_arabize,هو اللي دافع لاخواته معناها ما نتصورش روحي من غير مهدي,هو الي يدافع على اخواته معناها ما نتصورش روحي من غير مهدي,4.815999984741211,youtube_7BigVq3D7bs_12,0.3333333333333333
labeled_linagora_cs_arabize,ونحمد في ربي اللي يعطانا مهدي,و نحمد في ربي الي عطانا مهدي,2.6679999828338623,youtube_7BigVq3D7bs_13,0.5714285714285714
labeled_linagora_cs_arabize,عندو حتى حتى مشكلة في حياته ذولي,ما عنده حتى مشكل في حياته يظهرلي,2.499000072479248,youtube_7BigVq3D7bs_14,0.5714285714285714
labeled_linagora_cs_arabize,عايش لباس انتي,عايش لا باس انت,1.4279999732971191,youtube_7BigVq3D7bs_15,0.75
labeled_linagora_cs_arabize,بس,لباس انا,0.8149999976158142,youtube_7BigVq3D7bs_16,1.0
labeled_linagora_cs_arabize,خدم على روحك تعندك صحابك عندك حياتك كوما لحمدله ياربي,تخدم على روحك ايه انت عندك اصحابك هكاك عندك حياتك ايه اكا هو ما لا الحمد لله يا ربي,5.896999835968018,youtube_7BigVq3D7bs_17,0.7894736842105263
labeled_linagora_cs_arabize,إن مايدي قاسم عمر,انا مهدي قاسم انا مهدي قاسم,2.8929998874664307,youtube_7BigVq3D7bs_18,0.8333333333333334
labeled_linagora_cs_arabize,不ش零,برجي ليون,1.5140000581741333,youtube_7BigVq3D7bs_19,1.0
labeled_linagora_cs_arabize,انت لذر أخو,انا و تلاث اخوه,0.9449999928474426,youtube_7BigVq3D7bs_20,1.0
labeled_linagora_cs_arabize,أناأكبر منه,انا اكبر منهم,1.0010000467300415,youtube_7BigVq3D7bs_21,1.0
labeled_linagora_cs_arabize,خدمتي نعمل فلبيتزا نعمل لازانيا نعمل شوي نعمل في كرس,خدمتي نعمل في البيتزا نعمل لازانيا نعمل في كل شي,4.710999965667725,youtube_7BigVq3D7bs_22,0.6
labeled_linagora_cs_arabize,احسازيب نسمي ريحة الماكلة نهبه ونمتعلا,احساسي نشم ريحة الماكلة نحبها و نموت عليها,3.9679999351501465,youtube_7BigVq3D7bs_23,0.75
labeled_linagora_cs_arabize,يحالم,ريحة الماكلة,0.9440000057220459,youtube_7BigVq3D7bs_24,1.0
labeled_linagora_cs_arabize,يتكم,حياتي كاملة,1.031999945640564,youtube_7BigVq3D7bs_25,1.0
labeled_linagora_cs_arabize,دم,ديما,0.8069999814033508,youtube_7BigVq3D7bs_26,1.0
labeled_linagora_cs_arabize,عام عامرزر ع الخر شيخ,عامل عامل جو ع الآخر شايخ,3.0759999752044678,youtube_7BigVq3D7bs_27,0.8333333333333334
labeled_linagora_cs_arabize,نق ديم نضحت معهم نرع معهم,نقعد ديما نضحك معهم نلعب معهم,2.5439999103546143,youtube_7BigVq3D7bs_28,0.6666666666666666
labeled_linagora_cs_arabize,نحب اخرج علهم,ما نحبش نخرج عليهم كلام,3.4040000438690186,youtube_7BigVq3D7bs_29,1.0
labeled_linagora_cs_arabize,والخايب,خايب,1.1749999523162842,youtube_7BigVq3D7bs_30,1.0
labeled_linagora_cs_arabize,ن صحابي اخذ,ما نحبش اصحابي خاطر,2.1419999599456787,youtube_7BigVq3D7bs_31,1.0
labeled_linagora_cs_arabize,قرم تفضلو مب بيكم ونعطكم م ح وبسر,الكليونات انا نقوللهم تفضلوا مرحبا بيكم ونعطيهم البيتزا صحة و بالشفا,6.216000080108643,youtube_7BigVq3D7bs_32,0.9090909090909091
labeled_linagora_cs_arabize,يكل في البيزا خدني عن دخل البيزا بتاعك,ياكلوا في البيتزا يقولولي آه بنينه عالآخر البيتزا متاعك,3.5999999046325684,youtube_7BigVq3D7bs_33,0.8888888888888888
labeled_linagora_cs_arabize,لخ,يجوا على خاطرك انت يجوا على خاطري انا,2.4200000762939453,youtube_7BigVq3D7bs_34,1.0
labeled_linagora_cs_arabize,خط ال,توا ناكل في كاسكروت وقازوزة و مبعد نمشي نرقد في بلاصتي,6.377999782562256,youtube_7BigVq3D7bs_35,1.0
labeled_linagora_cs_arabize,تعنو,صحة النوم,0.7559999823570251,youtube_7BigVq3D7bs_36,1.0
labeled_linagora_cs_arabize,ه,يعطيك الصحة,0.7039999961853027,youtube_7BigVq3D7bs_37,1.0
labeled_linagora_cs_arabize,شو ما قت ليش راك شترف,شبيك ما قلتليش راك باش ترقد,1.215999960899353,youtube_7BigVq3D7bs_38,0.8333333333333334
labeled_linagora_cs_arabize,قر,رقدت شوية,1.4789999723434448,youtube_7BigVq3D7bs_39,1.0
labeled_linagora_cs_arabize,س حس,ايه باهي صحة صحة يعيشك,1.7899999618530273,youtube_7BigVq3D7bs_40,1.0
labeled_linagora_cs_arabize,جات شكالنا من حاجات معنها سمحهم وقالوهم عليه اللي هما,جاء تشكالنا من حاجات معناها سمعهم قالوهم عليه الي هوما,4.663000106811523,youtube_7BigVq3D7bs_41,0.7
labeled_linagora_cs_arabize,وجعوه ويجعونا حنا ادا قال ن مريض ال اوبهم قالو مني نا مريض م لمرضا,وجعوه و يوجعونا احنا زادة قالوا له انت مريض جاوبهم قاللهم ما ني ش انا المريض انتم الي مرضى,6.535999774932861,youtube_7BigVq3D7bs_42,0.8947368421052632
labeled_linagora_cs_arabize,ففن,فهمتني,0.6179999709129333,youtube_7BigVq3D7bs_43,1.0
labeled_linagora_cs_arabize,دنك ديما,دونك ديما,1.0,youtube_7BigVq3D7bs_44,0.5
labeled_linagora_cs_arabize,ثقة في النفس وديما نشجعو معناها باش يعبر وباش يتكلم,الثقة في النفس و ديما نشجعو معناها باش يعبر و باش يتكلم,5.495999813079834,youtube_7BigVq3D7bs_45,0.4166666666666667
labeled_linagora_cs_arabize,كيف وكيف أي حد آخر,كيفو كيف اي حد اخر,1.8329999446868896,youtube_7BigVq3D7bs_46,0.8
labeled_linagora_cs_arabize,خب أروحي بعرس,نحب روحي بارشا,1.815999984741211,youtube_7BigVq3D7bs_47,1.0
labeled_linagora_cs_arabize,نحب روحي برشا ي,نحب روحي بارشا انا,1.4479999542236328,youtube_7BigVq3D7bs_48,0.5
labeled_linagora_cs_arabize,نحب لمتل روحي نحب علخ,نحب نموت علاها روحي نحبها عاللخر,3.1440000534057617,youtube_7BigVq3D7bs_49,0.6666666666666666
labeled_linagora_cs_arabize,ل,بليدا,0.6159999966621399,youtube_7BigVq3D7bs_50,1.0
labeled_linagora_cs_arabize,صعت نتغ في الداخل كا,ساعات نتغشش في الداخل و اكا هو,5.335999965667725,youtube_7BigVq3D7bs_51,0.7142857142857143
labeled_linagora_cs_arabize,قلبي قبدم شبح لعبيض,ديما قلبي ابيض ديما نسامح العباد,2.874000072479248,youtube_7BigVq3D7bs_52,0.8333333333333334
labeled_linagora_cs_arabize,والعباد المختلفة هذيك ثروة هما خير منا عندي قال,العباد المختلفة هاذيكه ثروة هم خير منا عندي انا,4.513000011444092,youtube_7BigVq3D7bs_53,0.4444444444444444
labeled_linagora_cs_arabize,ولذا لازمنا بالعكس نقثروهم العباد هذوما ونقبلوهم كما هما,و لذا لازمنا بالعكس نؤطرهم العباد هذوما و نقبلوهم كيما هم,5.520999908447266,youtube_7BigVq3D7bs_54,0.6363636363636364
labeled_linagora_cs_arabize,ر  عبا ل,انا نحب باش نحل باتيسوري و يجوا العباد الكل و نكتب عليه ايسي مهدي,6.920000076293945,youtube_7BigVq3D7bs_55,1.0
labeled_linagora_cs_arabize,نحبلوني مسهور,نحب نولي مشهور,1.4119999408721924,youtube_7BigVq3D7bs_56,1.0
labeled_linagora_cs_arabize,عندي برسة بس نحب نعممك على الخر,عندي برشا باش نحب نعمل منكان عاللخر,2.9760000705718994,youtube_7BigVq3D7bs_57,0.7142857142857143
labeled_linagora_cs_arabize,ودم نلبس ف حويز تم كنت الدن,و ديما نلبس في حوايج متاع منكانات و الدنيا,3.992000102996826,youtube_7BigVq3D7bs_58,0.8888888888888888
labeled_linagora_cs_arabize,تعبنا بالمعجبات متاعو,تعبنا بالمعجبات متاعو حتى ماما وبابا يعرفوا,3.431999921798706,youtube_7BigVq3D7bs_59,0.5714285714285714
labeled_linagora_cs_arabize,نعرف لالا نعرفو مش كل شيء,ايه نعرفوا لا لا نعرفوا مش كل شي,2.437000036239624,youtube_7BigVq3D7bs_60,0.75
labeled_linagora_cs_arabize,كل شي كل شي تقولهولي,كل شي كل شي تقولهولي ساعات ساعات فما فازات,3.5840001106262207,youtube_7BigVq3D7bs_61,0.4444444444444444
labeled_linagora_cs_arabize,مدى حب المهدي ما يتصبش,مدى حبي لمهدي ما يتوصفش,2.117000102996826,youtube_7BigVq3D7bs_62,0.6
labeled_linagora_cs_arabize,مفهماش و حبي المهدي هك وللا,ما فماش وصف حبي لمهدي هكا و الى ولا,3.302999973297119,youtube_7BigVq3D7bs_63,0.8888888888888888
labeled_linagora_cs_arabize,إلى الأبد,الى الابد,1.2610000371932983,youtube_7BigVq3D7bs_64,1.0
labeled_linagora_cs_arabize,مما,ماما و بابا و خوي و اختي نحبهم عاللخر,3.8239998817443848,youtube_7BigVq3D7bs_65,1.0
labeled_linagora_cs_arabize,بعد هذه اشي يفرح,عاد هالشي يفرح نعرف,1.9839999675750732,youtube_7BigVq3D7bs_66,1.0
labeled_linagora_cs_arabize,بنخل مل,ونحبها عاللخر خاطر مزيانة عاللخر,2.571000099182129,youtube_7BigVq3D7bs_67,1.0
labeled_linagora_cs_arabize,نمج,انا مزيانة ايه,1.3760000467300415,youtube_7BigVq3D7bs_68,1.0
labeled_linagora_cs_arabize,سحلي يب,صحة علي آيا باهي,1.569000005722046,youtube_7BigVq3D7bs_69,1.0
labeled_linagora_cs_arabize,سل,يعيش ولدي,1.3839999437332153,youtube_7BigVq3D7bs_70,1.0
labeled_linagora_cs_arabize,سالة للعائلات ما تيقسوش,رسالة للعائلات ما تياسوش,2.874000072479248,youtube_7BigVq3D7bs_71,0.5
labeled_linagora_cs_arabize,وحاولو تعاونو أكل عبد هذك,وحاولوا تعاونوا اكا العبد هاذاكه,3.072000026702881,youtube_7BigVq3D7bs_72,1.0
labeled_linagora_cs_arabize,باش ينجم يتركز على النقاط القوة والحاجات البهين اللي عندو باش يعيش حياة سعيدة,باش ينجم يتركز على نقاط القوة و الحاجات الباهين الي عندو باش يعيش حياة سعيده,5.757999897003174,youtube_7BigVq3D7bs_73,0.4
labeled_linagora_cs_arabize,المال,المال,0.8479999899864197,ar--2020_0.75.wav_2020_0.75_0,0.0
labeled_linagora_cs_arabize,شنو لي منعك,شنوا الي منك,0.7279999852180481,amenyKH_Lanxiété_Sociale_HM_0000003_denoised_Sync0000008_no_speaker_0000016.0000045_0000017.0000015_Lanxiété_Sociale_HM_3_denoised_Sync008_no_speaker_16.45_17.15_0,1.0
labeled_linagora_cs_arabize,هذا هش عض في الاستاذ,هاذا آش قولك فيى الويستارن,1.559999942779541,ar--3524_1.5.wav_3524_1.5_0,1.0
labeled_linagora_cs_arabize,لحدي شنص,لحداش و نص,1.4079999923706055,ar--1069_0.75.wav_1069_0.75_0,1.0
labeled_linagora_cs_arabize,ثلاثين,ثلاثين,0.9120000004768372,tn9867_0,0.0
labeled_linagora_cs_arabize,إمباكت أكبر وسرعت وأكثر يمكن أما زادا اليزابيتود هذوما الزغار مهمين على الآخر كان أنا وانتي وانتي وانتي وانتي نبدلو ذونك يقوللك احنا ماحاشتناش,امباكت اكبر و سرعتو اكثر يمكن اما زادة لي هابيتود هذوما الصغار مهمين عاللخر كان انا و انت و انت و انت و انت نبدلوا دونك يقلك احنا ما حاشتناش,12.0,0000053_0000180_0000000_53_180_0_0,0.8666666666666667
labeled_linagora_cs_arabize,التلامد للي قاعدين يوم يعديو منتا يوصل في وقت المراجع يتصور,ال التلامذة الي قاعدين اليوم يعديو معناتها يوصل في وقت المراجعة يتصور,3.8239998817443848,amenyKH_0000006_0000006_0002012_partie0000003_chunk_0000102_06_06_2012_partie3_chunk_102_0,0.5
labeled_linagora_cs_arabize,عبد الله أخرج مالحنوت بعد ما هز الخاتم معاه,عبد الله خرج من الحانوت بعد ما هز الخاتم معاه,3.4719998836517334,ar--3362_1.wav_3362_1_0,0.3
labeled_linagora_cs_arabize,إبادل,يبدل,0.8479999899864197,ar--1353_0.75.wav_1353_0.75_0,1.0
labeled_linagora_cs_arabize,الجيرe,الجيران,1.2079999446868896,ar--2146_0.75.wav_2146_0.75_0,1.0
labeled_linagora_cs_arabize,لني فدفي هذيا يتيح وتعرف احنا شغل الشاغل نتاع كل واحد فينا هو كيفاش يحسن في المستوى العايش متاعه ولا على الأقل يحافظ يحافظ عليه ولاشفي معنتها هو حل من الحلول باش الناس معنتها تحافظ,النيفو د فيي هاذيا يطيح وتعرف احنا الشغل الشاغل متاع كل واحد فينا هو كيفاش يحسن في المستوى العيش متاعو ولا على الاقل يحافظ عليه والاسيرونس فيي معنتها هو حل من الحلول باش الناس معنتها تحافظ,14.215999603271484,segment_0000886_segment_886_0,0.3611111111111111
labeled_linagora_cs_arabize,calkbekl,ان شاء الله غدوة يكون باهي كي اليوم,1.5119999647140503,ar--3131_1.25.wav_3131_1.25_0,1.0
labeled_linagora_cs_arabize,جيت باش تحتي على الasns على الaفricans على الblack وoman على ال,جات باش تحكي على ال ايجان على ال افريكان على ال بلاك وومان على ال,7.504000186920166,0000052_0000032_0000001_52_32_1_0,0.6
labeled_linagora_cs_arabize,taba cera raisي diena tol,تبع الشارع الرئيسي ديمة طول,9.088000297546387,ar--3087_0.75.wav_3087_0.75_0,1.0
labeled_linagora_cs_arabize,بالأساس بعض الأشخاص الطمو حين اللي يحبوا يدخلوا الانتخابات الرئاسية توتو,بالاساس بعض ال الاشخاص الطموحين الي يحبوا يدخلوا ل للانتخابات الرئاسية توا توا,4.4720001220703125,amenyKH_0000002_chunk_0000111_002_chunk_111_0,0.6923076923076923
labeled_linagora_cs_arabize,قداش هم شعارات في تونس يا خويا مانيش مشجع لترجة وكانربحا تصحة علها هاني,قداش فمة شعارات في تونس يا خويا ما ني ش مشجع الترجي وكان ربحت صحة لاها اني,5.76800012588501,TunSwitchTO_0000180_0000022_0000051_chw_180_22_51_chw_0,0.5882352941176471
labeled_linagora_cs_arabize,باشيكول ملعب حماد العكر بيرادس مصرح الشغل كوروي غدوى لحد في مواجهة نارية بين الترج والإفريقي في درب الجولة الثامنة من مرحلة التتويج للبطولة في خطواتها الآخرة,باش يكون ملعب حمادي العقربي رادس مسرح الشو الكروي غدوة الاحد في مواجهة نارية بين الترجي و الافريقي في دربي الجولة الثامنة من مرحلة التتويج للبطولة في خطواتها الاخيرة,10.956999778747559,youtube_dgZYdAWKwy8_0,0.5172413793103449
labeled_linagora_cs_arabize,أبناء بابسويقا في صدارة الترتيب بنقطة في المقابل النادي الإفريقي في المركز الثالث بمجموع نقطة,ابناء باب سويقة في صدارة الترتيب بي سبعطش ان نقطه في المقابل النادي الافريقي في المركز الثالث بمجموع تلطاش ان نقطه,6.985000133514404,youtube_dgZYdAWKwy8_1,0.5238095238095238
labeled_linagora_cs_arabize,حكم الساحة بشيكون هيثمغيراته في غرفة دلفار أمير لوسيت,حكم الساحة باش يكون هيثم قيراط وفي غرفة الفار امير الوصيف,3.5999999046325684,youtube_dgZYdAWKwy8_2,0.7272727272727273
labeled_linagora_cs_arabize,ابقية ماتشويت الجولة الثامنة دربي الساحل بين الاتحاد المونستيري والنجم الساحل اليوم ال وغدوة في نفس التوقيت مع دربي العاصمة النادي سفاق سواجه اتحاد بن جرداك,بقية متشوات الجولة الثامنة دربي الساحل بين الاتحاد المنستيري و النجم الساحلي اليوم الخمس متع العشية و غدوة في نفس التوقيت مع دربي العاصمة النادي الصفاقسي يواجه اتحاد بن قردان,10.02400016784668,youtube_dgZYdAWKwy8_3,0.4666666666666667
labeled_linagora_cs_arabize,نحكي وحباب اليوم على ثنقات تشابه بين الترجو الإفريقي أول حاجة الغيابات المؤثرة,نحكيو احبابي اليوم على تلاثه نقاط تشابه بين الترجي و الافريقي اول حاجه الغيابات المؤثرة,5.688000202178955,youtube_dgZYdAWKwy8_4,0.6
labeled_linagora_cs_arabize,لن يكون بإمكان نديي الترجي والإفريقي التعويل على أفضل تشكيل لهما خلال موقع ةرادس,لن يكون بامكان ناديي الترجي و الافريقي التعويل على افضل تشكيلة لهما خلال موقعة رادس,5.921000003814697,youtube_dgZYdAWKwy8_5,0.5333333333333333
labeled_linagora_cs_arabize,نادي الدم والذهب سيكون محروبا من خدمات نجم خط وسته غيلان الشعلالية الذي أجرى مؤخرا جراحة خفيفة على مستوى ركبته,نادي الدم و الذهب سيكون محروما من خدمات نجم خط وسطه غيلان الشعلالي الذي اجرى مؤخرا جراحة خفيفة على مستوى ركبته,7.894000053405762,youtube_dgZYdAWKwy8_6,0.2857142857142857
labeled_linagora_cs_arabize,في الجهة الأخرى يغيب على الغريم الإفريقيا النجم الدولي نادر الغندري الذي تعرض لإصابة عظلية خلال بطولة كيرينا الدولية,في الجهته الاخرى يغيبو على الغريم الافريقي النجم الدوالي نادر الغندري الذي تعرض لاصابة عضلية خلال بطولة كيرين الدولية,8.133000373840332,youtube_dgZYdAWKwy8_7,0.42105263157894735
labeled_linagora_cs_arabize,وطونمسيو للنقطة الثانية والتشابه في مدربان جديدا,و توا نمشيو للنقط الثانيه و التشبه في مدريبان جديدان,3.937999963760376,youtube_dgZYdAWKwy8_8,0.9
labeled_linagora_cs_arabize,يخوذ الطرس والإفريقي مواجهة الدرب بمدربين شديدين مقارنة بمباراة الذهاب التي أقيمت يوم لثام من ماي الماضي,يخوض الترجي والافريقي مواجهة الديربي بمدربين جديدين مقارنة بمباراة الذهاب التي اوقيمت يوم الثامن من مايو الماضي,7.711999893188477,youtube_dgZYdAWKwy8_9,0.47058823529411764
labeled_linagora_cs_arabize,نبي المعلول خلفا للراضيجعيدي الذي انتهت التجربة مع الترجي بعد الخصارة أمام هلال مساكن في كاستونس أما عدل السليم فتولى مؤخرا الإشراف على الإفريقي خلافا لمنتصر لوحيف,نبيل معلول خلافة راضي الجعايدي الذي انتهت التجربته مع الترجي بعد الخسارة امام هلال مساكن في كاس تونس اما عادل السليمي فتولى مؤخرا الاشراف على الافريقي خلفا لمنتصر الوحيشي,11.199999809265137,youtube_dgZYdAWKwy8_10,0.5862068965517241
labeled_linagora_cs_arabize,يعتمد كلا من الترجي والإفريقي على طريقة اللعب المشتركة والمتمثلة في بتواجد ثلاث لاعبين دفاعيين في خط وسط الميدان,يعتمد كل من الترجي و الافريقي على طريقة لعب مشتركة و المتمثلة في اربع تلاثه تلاثه بتواجد تلاثه لاعبين دفاعيين في خط وسط الميدان,9.215999603271484,youtube_dgZYdAWKwy8_11,0.4583333333333333
labeled_linagora_cs_arabize,وكثيرا ما شكل خط الوسط مفتاح الفوز بمواجهة الدرب حيث أن الفريق الذي يسيطر على هذه المنطقة الاستراتيجية يملك حضوظ نوفر لحسم المباراة,وكثيرا ما شكل خط الوسط مفتاح الفوز بمواجهة الديربي حيث ان الفريق الذي يسيطر على هاذي المنطقة الاستراتيجية يملك حظوظ اوفر لحسم المباراة,8.960000038146973,youtube_dgZYdAWKwy8_12,0.21739130434782608
labeled_linagora_cs_arabize,الحق كلم شي من,افريثينق بالحق كلماشي معناها يو هاف تو انفست ان ذيس و كان وان داي لايك يو دونت فيل ذي سايم واي,12.015999794006348,Melekher0000008_0000104_0000000_Melekher8_104_0_0,1.0
labeled_linagora_cs_arabize,فيلي زي شود متاعي في البرمير أنا كنكون شيمات,فال لي ايتود متاعي فال بريميير اني كان كونشي ماث,3.0480000972747803,0000027_0000256_0000000_27_256_0_0,0.9
labeled_linagora_cs_arabize,سيدي جان منظمين راه في الفيسبو راه بالحق,سي دي جون منظمين راهم في الفايسبوك بالحق,3.687999963760376,0000038_0000096_0000001_38_96_1_0,0.75
labeled_linagora_cs_arabize,عندي لتحب علي ونقترح علي كذا,عندي الي تحب عليه ونقترح عليك هاذا,2.9519999027252197,TunSwitchTO_0000039_0000015_0000027_0000075v_39_15_27_75v_0,0.7142857142857143
labeled_linagora_cs_arabize,šyk,الصاك,0.8159999847412109,ar--1338_0.75.wav_1338_0.75_0,1.0
labeled_linagora_cs_arabize,يخمن في العرس وماضحتو حتى منلي باله يرجا صارحوني فما ملكم شكون هكا,يخمم في العرس وما تحتو حتى مليم باللهي يارجال صارحوني فمة منكم اشكون هكة,5.5920000076293945,TunSwitchTO_0000031_0000019_0000047_w0000005j_31_19_47_w5j_0,0.7142857142857143
labeled_linagora_cs_arabize,خاني باش نجاوب بكلامم عند الله وليس من عندي قال تعالى الذين,هاني باش نجاوبك بكلام من عند الله وليس من عندي قال تعالى الذين,5.552000045776367,TunSwitchTO_0000009_0000012_0000049_fkd_9_12_49_fkd_0,0.3076923076923077
labeled_linagora_cs_arabize,البرج,البرج,1.0080000162124634,ar--1421_0.75.wav_1421_0.75_0,0.0
labeled_linagora_cs_arabize,على فكرة عندي جديد باش نعرس,على فكرة عندي الجديد باش نعرس,2.3440001010894775,TunSwitchTO_0000047_0000023_0000030_ziz_47_23_30_ziz_0,0.16666666666666666
labeled_linagora_cs_arabize,مخمش انية أسهل أسرع شص,ما فماش ثنية اسهل واسرع باش نوصلك,1.784000039100647,ar--3580_1.5.wav_3580_1.5_0,1.0
labeled_linagora_cs_arabize,بهي,باهي,0.5040000081062317,ar--1114_1.25.wav_1114_1.25_0,1.0
labeled_linagora_cs_arabize,اسفر,السفر,0.6399999856948853,ar--2055_1.wav_2055_1_0,1.0
labeled_linagora_cs_arabize,تسلت الطيارة,تسكرة الطيارة,0.984000027179718,ar--1808_1.25.wav_1808_1.25_0,0.5
labeled_linagora_cs_arabize,كما قال براهيم لiندuسtri  e ce internet of things cest vraiment de lie la مachine,كيما قال براهم لانداستري كاتر بوينت زيرو سي سي لينترنات اوف ثينقز سي فريمون دي ليي لا ماشين,7.056000232696533,0000008_0000061_8_61_0,0.9444444444444444
labeled_linagora_cs_arabize,اا            ل   ال,في مشاكل متاع برودكتيفيتي شنوما ال تيبس الي خلاونا نخرجوا من المشاكل هاذوكم معناها باز يونيكمون على دي اكسبيريونس بيرسونيل من باش نحكيوا على تجاربنا نحنا الشخصية,12.031999588012695,0000027_0000008_0000000_27_8_0_0,0.9629629629629629
labeled_linagora_cs_arabize,قرأالله تسلفي وعلى على م الحضاير متعرضين للمدرسة ني نعطيك معها في بريا في اسرين للان مسكر بالحجرة,نرمالمن سنسي يقراو امم,10.67199993133545,amenyKH_partie0000004_chunk_0000046_partie4_chunk_46_0,4.5
labeled_linagora_cs_arabize,مازالت عندهم إشكالية وربمات,ما زالت عندهم اشكالية ربما حتى,2.2799999713897705,amenyKH_0000006_0000006_0002012_partie0000002_chunk_0000126_06_06_2012_partie2_chunk_126_0,0.8333333333333334
labeled_linagora_cs_arabize,المراء,المراء,0.5759999752044678,ar--2348_1.wav_2348_1_0,0.0
labeled_linagora_cs_arabize,اقبل بر اكزمبل كان عنا رئيس وزراء تو تخلط الأمور ما بين السلافيه ما بين النهضويه ما بين الأحزاب ما بين دراشنيه احنا مانفاهمين,قبل بار ايكسمبل كان عندنا رئيس ووزراء توا تخلطت الامور ما بين سلفية ما بين نهضاوية ما بين الاحزاب ما بين ندرا شنيا احنا ما ناش فاهمين,10.744000434875488,amenyKH_MOSAIQUEFM_FORUM_8102012_partie0000002_chunk_0000059_MOSAIQUEFM_FORUM_08102012_partie2_chunk_59_0,0.5925925925925926
labeled_linagora_cs_arabize,أولا البيت الشعري هذا عام ليس خاص ويشمل الظلم والجوع ونحو ذلك من القضايا,اولا البيت الشعري هاذا عام وليس خاص ويشمل الظلم و الجوع ونحو ذلك من القضايا,6.375999927520752,TunSwitchTO_0000057_0000015_0000031_q0000083_57_15_31_q83_0,0.3333333333333333
labeled_linagora_cs_arabize,نيالتونسي اليوم ربما حت,يعني التونسي اليوم م م ربما حتى,2.1040000915527344,amenyKH_0000006_0000006_0002012_partie0000006_chunk_0000204_06_06_2012_partie6_chunk_204_0,0.7142857142857143
labeled_linagora_cs_arabize,ومساجات محلاهم سرتو والمساجات محلاهم على الاخر ثان,وميساجات محلاهم سورتو الميساجات محلاهم عالاخر ثانك يو,3.2160000801086426,0000027_0000001_0000002_27_1_2_0,0.75
labeled_linagora_cs_arabize,اذا كان فماشكون يقرب ريب رير بمعيا مكعاك,اذا كان فمة شكون يقرى بريبا ربي معاك,3.815999984741211,0000027_0000013_0000003_27_13_3_0,0.75
labeled_linagora_cs_arabize,كل حنوت صعيرة باشا خارج لمدينة,كانت حانوت صغيرة برشا خارج المدينة,2.431999921798706,ar--3349_1.25.wav_3349_1.25_0,0.8333333333333334
labeled_linagora_cs_arabize,الشيو,الشاريو,0.6480000019073486,ar--1872_1.25.wav_1872_1.25_0,1.0
labeled_linagora_cs_arabize,نستعمل الموس ريزر نتاع الرش بوزاي,لا روش بوزاي متاع مويستشرايزر نستعمل ال,5.392000198364258,0000075_0000043_0000002_75_43_2_0,1.0
labeled_linagora_cs_arabize,可以就睡س他ب,بقية الخدمة عملتها انا و عبد الله,2.496000051498413,ar--3661_1.5.wav_3661_1.5_0,1.0
labeled_linagora_cs_arabize,الخضاص,الخلاص,0.6639999747276306,ar--1900_1.25.wav_1900_1.25_0,1.0
labeled_linagora_cs_arabize,وكانمش نحكيو على المرأة السوداء في السياق هذا لازمنا نفهمو ونعالجو التميز اللي تعرضله هي كمرأة سودا سوداء فبلاسك ما نحاولو نعالجو كل تميز وحده بشكل مفصل,و كان باش نحكيوا عالمراة السوداء في السياق هاذا لازمنا نفهموا و نعالجوا التمييز الي تتعرضلوا هيا كمراة سوداء فبلاصة مانحاولوا نعالجوا كل تمييز وحدو بشكل منفصل,9.895999908447266,0000050_0000004_0000001_50_4_1_0,0.7777777777777778
labeled_linagora_cs_arabize,ace,عطشان,0.6079999804496765,ar--1399_1.5.wav_1399_1.5_0,1.0
labeled_linagora_cs_arabize,يوحلفي,يوحل في,0.7839999794960022,ar--2031_1.wav_2031_1_0,1.0
labeled_linagora_cs_arabize,بعد مابين قوسين معنا,كونسيدرد بعد ما بين قوسين معناها,3.055999994277954,Melekher0000009_0000086_0000000_Melekher9_86_0_0,0.6666666666666666
labeled_linagora_cs_arabize,يمكن هاذا اللي خلاني عمري لانقول دارنا على ميولاتي محبيتش ناخذ,يمكن هاذا الي خلاني عمري لا نقول لدارنا على ميولاتي ما حبيتش ناخذ,4.223999977111816,TunSwitchTO_0000121_0000022_0000032_0000003z0000002_121_22_32_3z2_0,0.46153846153846156
labeled_linagora_cs_arabize,كل أنواع تزييف خبرناها وجربناها ولهذا بسيطة جدا يعني تعمل العكس بالشي اللي كنا نعمل فيه,كل انواع التزييف خبرناها وجربناها ولهذا بسيطة جدا يعني تعمل العكس بالشي الي كنا نعملوا فيه,4.679999828338623,amenyKH_0000002_chunk_0000189_002_chunk_189_0,0.25
labeled_linagora_cs_arabize,imassah,يمسخ,1.2799999713897705,ar--1626_0.75.wav_1626_0.75_0,1.0
labeled_linagora_cs_arabize,قلرني أنا عندي أربع أقسام,يقول لها راني انا عندي اربعة اقسام,1.6720000505447388,amenyKH_Partie0000005_chunk_0000029_Partie5_chunk_29_0,0.8571428571428571
labeled_linagora_cs_arabize,ودراسات أعدت في الغرض التي تعنى بالأساس بالفئة هذي صحيح معنتها فئة من المجتمع مهمة توا معنتها البوبلان معنتها,ودراسات اعدت في الغرض ل التي تعنى بالاساس بالفئه هاذي صحيح معناتها فئه من المجتمع مهمه توا معناتها البوبيلاسيون معنتها,11.911999702453613,segment_0000874_segment_874_0,0.5
labeled_linagora_cs_arabize,وصل الحاكم مشي للدار كما كانو شبه متأكدين كونو السيد مخبي حاجة تربطة الخيوط ومظنش كان من فراغ كلبعميرة الوفي كانديما يقعد وينبح قدام دار عطية تصرفات كلبعميرة خليت الأم تشوكفي عطية وخليت البوء,وصل الحاكم مشى للدار كما كان و شبه متاكدين كونه سيد مخبي حاجه تربتت الخيوط وما نظن كان من فراغ كلب عميره الوفي كان ديما يقعد وينبح قدام دار عطيه تصرفات كلب عميره خلت الام تشك في عطيه وخلت البو,14.552000045776367,segment_0000527_segment_527_0,0.6
labeled_linagora_cs_arabize,حاجة معنتها عجبتني برشا كي ما كنتش نعرف ذونك البارح سمعت بالتجربة ذونك نتمنى الالنجاح الكامل لهلهلالعملية لأكثيون هذية وولبزوي كيما خ,حاجه معناتها عجبتني برشا كي ما كنتش نعرف دونك البارح سمعت بالتجربه دونك نتمنى النجاح الكامل لهل العمليه لاكسيون هاذيا و ل بزوان ميما قلت لو,14.527999877929688,segment_0000958_segment_958_0,0.6153846153846154
labeled_linagora_cs_arabize,لحليب ومشتقاتو,لحليب و مشتقاتو,1.5679999589920044,ar--1665_1.wav_1665_1_0,0.6666666666666666
labeled_linagora_cs_arabize,يطالي نج منى كل شيء يمقيتش,يظهرلي نجم نلق كل شيء كان من القيتش توا نطلبك,2.759999990463257,ar--3582_1.5.wav_3582_1.5_0,0.8
labeled_linagora_cs_arabize,البيتزا,البيدزا,0.7599999904632568,ar--1501_1.wav_1501_1_0,1.0
labeled_linagora_cs_arabize,غمزة هو الي تفيط زابوروم وسيجارو بشعلي يديوقلي ياسمع مليريتكجبن جبني خطر,غمزة وليت طفيت زبور امو السيقارو شدلي يدي وقلي اسمع ماللي ريتك عجبتني عجبتني خاطر,6.863999843597412,TunSwitchTO_0000173_0000001_0000049_ex0000007_173_01_49_ex7_0,0.9333333333333333
labeled_linagora_cs_arabize,شباب فد,شباب فد,0.6480000019073486,amenyKH_tataouine__for_acoustic_analysis_Sync0000027_no_speaker_0000196.0000015_0000196.0000095_tataouine__for_acoustic_analysis_Sync027_no_speaker_196.15_196.95_0,0.0
labeled_linagora_cs_arabize,ismafisujikeleti,يسمع في صوت يكلم فيه,1.3839999437332153,0000019_0000106_19_106_0,1.0
labeled_linagora_cs_arabize,ju,الجوب,0.5120000243186951,ar--2043_1.25.wav_2043_1.25_0,1.0
labeled_linagora_cs_arabize,jelab tinis,يلعب تنيس,2.055999994277954,ar--1575_0.75.wav_1575_0.75_0,1.0
labeled_linagora_cs_arabize,هوك شفتو كيف صغير هذيا ناخدو النصف لاخر أما لمرة هاذي مش باش نعملو سابعة باش نعملو كعبة صمسة,هكة اهوكه شفتوا كيفاش صغير هذايا ناخذو النص الاخر اما المره هذ مش بس نعملوا صوابع باش نعملوا كعبه,11.248000144958496,segment_0000017_segment_17_0,0.8947368421052632
labeled_linagora_cs_arabize,قداش تشدني الغصكيسحباتي يساألوني ياخي العيب منك ولا منك,قداش تشدني الغصة كي صحباتي يسالوني ياخي العيب منك ولا منو,3.48799991607666,0000022_0000053_22_53_0,0.45454545454545453
labeled_linagora_cs_arabize,يعمل,يعمل,0.5519999861717224,ar--1325_1.wav_1325_1_0,0.0
labeled_linagora_cs_arabize,ما نخلي حتى شي ورايا حجمن الحاجات للي هازيناهم أما توى قعد نحاول أكثر أني,ما نخلي حتى شيء ورايا من الحاجات لي هزيناهم اما توا قاعدة نحاول اكث اني,5.671999931335449,0000053_0000157_0000001_53_157_1_0,0.6
labeled_linagora_cs_arabize,يا في النار يحسو سقكان خمسوخمس صباح يالسق,ياخي في النهار يحصل في الساقية ما يحصلش كان الخمسة و الخمسة الصباح ياقف في الساقية,6.616000175476074,amenyKH_MIC0000001_mod_0000015_chunk_0000008_MIC00001_mod_15_chunk_8_0,0.9375
labeled_linagora_cs_arabize,فارغ,فارغ,0.5920000076293945,ar--1691_1.wav_1691_1_0,0.0
labeled_linagora_cs_arabize,نحب نعمل حاجة ثلاثة ونص متاع القائلة,نحب نعمل حجز للثلاثة و نصف متاع القايلة,3.128000020980835,TunSwitchTO_0000071_0000014_0000059_eac_71_14_59_eac_0,0.625
labeled_linagora_cs_arabize,كان يصلدعيهم المجال,كان يستدعيهم لمجالسو,1.3680000305175781,0000019_0000037_19_37_0,0.6666666666666666
labeled_linagora_cs_arabize,محلود,محلول,0.7680000066757202,ar--1988_0.75.wav_1988_0.75_0,1.0
labeled_linagora_cs_arabize,,الي انا نقول صعيبة برشا خاطرني تعديت بيريود في الكراهب عملت برشا تجارب صغيرة ماللي انا نقرى برشا تجارب اما وقتها يمكن,12.031999588012695,0000026_0000051_0000000_26_51_0_0,1.0
labeled_linagora_cs_arabize,فالكومونيزم,كوميونيزم في ال,1.5199999809265137,0000076_0000160_0000005_76_160_5_0,1.0
labeled_linagora_cs_arabize,yo l,يقعد,0.7839999794960022,ar--1980_0.75.wav_1980_0.75_0,2.0
labeled_linagora_cs_arabize,حاشيلو كانون هذايا كان المنقظ متاعينا الحقيقة,حاصيلو كانون هاذايا كان المنقذ متاعي انا لحقيقى,2.9760000705718994,0000027_0000167_0000000_27_167_0_0,0.75
labeled_linagora_cs_arabize,الفنيقيون جاؤوا ومعهم الكتابة,الفينيقيون جاؤوا ومعهم الكتابه,3.7660000324249268,youtube_UqR5Y-1XZtk_0,0.5
labeled_linagora_cs_arabize,ومعهم العلوم وهم الذين علموا الكتابة,ومعهم العلوم وهو وهم الذين علموا الكتابه,3.8459999561309814,youtube_UqR5Y-1XZtk_1,0.2857142857142857
labeled_linagora_cs_arabize,الأبجادية وعلمو العلوم للإغريقم,الابجديه وعلموا العلوم للاغريق منذ القرن,4.4679999351501465,youtube_UqR5Y-1XZtk_2,0.8333333333333334
labeled_linagora_cs_arabize,خس قبل الميلاد,الخامس قبل الميلاد,1.2430000305175781,youtube_UqR5Y-1XZtk_3,0.3333333333333333
labeled_linagora_cs_arabize,إهرادات يعترف بذلك هرادة تاصل مؤرخ,وارادات يعترف بذلك اراده تواصل مؤرخ,3.8459999561309814,youtube_UqR5Y-1XZtk_4,0.5
labeled_linagora_cs_arabize,الي تسمى بأب التاريخ لقبو يعترف,و الي يتسمى ابو التاريخ لقبوه يعترف يقول,3.6459999084472656,youtube_UqR5Y-1XZtk_5,0.625
labeled_linagora_cs_arabize,حنا إغريق علمونا الفنيقيينرف,لك احنا اغريق علمونا الفينيقيين ولا نشرف,3.9260001182556152,youtube_UqR5Y-1XZtk_6,0.8571428571428571
labeled_linagora_cs_arabize,دا نحن ورثنا عن قرطاجة م,كبير جدا نحن وارثنا عن قرطاجه مثل هاذا,4.386000156402588,youtube_UqR5Y-1XZtk_7,0.75
labeled_linagora_cs_arabize,كيرالعقلاني وهذا التنظيم المؤسساتي,التفكير العقلاني و هاذا التنظيم المؤسساتي,5.4070000648498535,youtube_UqR5Y-1XZtk_8,0.6666666666666666
labeled_linagora_cs_arabize,مؤسسة تسري فعروقنا أكثر من أي شعب,المؤسسه التسري فاروقنا اكثر من اي شعب,4.605999946594238,youtube_UqR5Y-1XZtk_9,0.7142857142857143
labeled_linagora_cs_arabize,ثم فيما بعد لطبع روماذت,آخر ثم فيما بعد بالطبع روما خذت علينا,3.624000072479248,youtube_UqR5Y-1XZtk_10,0.625
labeled_linagora_cs_arabize,وأضافت إلينا,برشا حاجات واضافت الينا برشا,3.0,youtube_UqR5Y-1XZtk_11,1.0
labeled_linagora_cs_arabize,你关我好,في كل بقعة,0.6880000233650208,ar--2279_1.5.wav_2279_1.5_0,1.0
labeled_linagora_cs_arabize,فsug,في الشوكة,0.5440000295639038,ar--1307_1.25.wav_1307_1.25_0,1.0
labeled_linagora_cs_arabize,ونهرب معناها نعرف الي thas mik calling haswat,و نهرب معناها نعرف الي ذطس مي كالنيغ ذطس وات,3.4639999866485596,amenyKH_Melekher0000010_0000201_0000002_Melekher10_201_2_0,0.7
labeled_linagora_cs_arabize,فيها المادة هذه الاستهلاكية اللي هي الدخان مهما كان,في ها المادة هاذيا الاستهلاكية الي هيا الدخان مهما كان,3.128000020980835,amenyKH_0000006_0000006_0002012_partie0000003_chunk_0000094_06_06_2012_partie3_chunk_94_0,0.5
labeled_linagora_cs_arabize,ونخار من تجربة قا,وانا خارج من تجربة خايبة,2.9040000438690186,0000026_0000038_0000001_26_38_1_0,0.6
labeled_linagora_cs_arabize,ناج لرجال,وريني مناقل رجال,1.2239999771118164,TunSwitchTO_0000152_0000022_0000042_0000064p_152_22_42_64p_0,1.0
labeled_linagora_cs_arabize,الغرب,الغروب,1.0240000486373901,ar--1149_0.75.wav_1149_0.75_0,1.0
labeled_linagora_cs_arabize,م ان يعملها كان دجاء فاطمة قرل حسابها كمل مراد الاستنطاق تاع وكان ميفيباله  لاخ فاطمة قعد سجل في حديث ا بعد هزلحاكم وج ه كم يكون هب ه,خمم و انهدو يعملها كانت ديجا فاطمه قاريتلها حسابها كمل مراد الاستنطاق متاعو وكان ماشي في بالو باللي الاخت فاطمه قاعده تسجلو في حديثو باش من بعد تهزو للحاكم وتشكي بيه كمكوا يكون هكيكا صب بروحو كان متهني وكان,13.663999557495117,segment_0000739_segment_739_0,0.7692307692307693
labeled_linagora_cs_arabize,از,الزاير,0.5040000081062317,ar--1803_1.5.wav_1803_1.5_0,1.0
labeled_linagora_cs_arabize,يكالف,يتكلف,0.7760000228881836,ar--1684_1.25.wav_1684_1.25_0,1.0
labeled_linagora_cs_arabize,لشو متا موسيك ومتا sntrا,ساوند تراك و متاع موزيك متاع لي شوا,2.384000062942505,0000076_0000093_0000001_76_93_1_0,1.0
labeled_linagora_cs_arabize,البرنامج كيفاش نقولو البرنامج ولا الطقوس متاعنا قبل شهد نوع,البرنامج كيفاش نقولوا البرنامج ولا الطقوس متاعنا قبل شهد نوع,4.432000160217285,amenyKH_Hkayet_Tounsia_S0000002_Episode_0000028_0000026_0000003_0002018_Partie_0000003_Sync0000020_no_speaker_0000122.0000026_0000126.0000068_Hkayet_Tounsia_S02_Episode_28_26_03_2018_Partie_03_Sync020_no_speaker_122.26_126.68_0,0.1
labeled_linagora_cs_arabize,eل l fait,البوفي,0.6959999799728394,ar--1498_1.25.wav_1498_1.25_0,3.0
labeled_linagora_cs_arabize,ما تدخللكان كثايس من لحيات,ما تدخللها كان كيف تايس من حياتك,1.6959999799728394,0000020_0000050_20_50_0,0.7142857142857143
labeled_linagora_cs_arabize,ال نتاعي      أما حاولت ني نجاريه,ال ايموشيون متاعي وير اول اوفر ذي بلاس اما حاولت نجاريهم,5.007999897003174,Melekher0000010_0000236_0000001_Melekher10_236_1_0,0.9090909090909091
labeled_linagora_cs_arabize,نحب برشا لغنا القديم,نحب برشا الغنى القديم,2.0320000648498535,TunSwitchTO_0000113_0000000_0000020_h0000001d_113_00_20_h1d_0,0.25
labeled_linagora_cs_arabize,البنات اللي تبعو فيك أنكور أن فوي كيفاش تحبهم يتفكرو كيفاش تحبهم يراوك كيفاش شنو تحب معنتها شنو لباك للي تحب تكون عندك على البنات,البنات لي يتبعوا فيك انكور يون فوا كيفاش تحبهم يتفكروك كيفاش تحبهم يراوك كيفاش شنوا تحب معنتها شنوا ال امباكت لي تحب تكون عندك عالبنات,6.631999969482422,0000035_0000149_0000002_35_149_2_0,0.52
labeled_linagora_cs_arabize,ثم عصير أناناس عصير قارسو عصير تماط,فمة عصير اناناس عصير قارس و عصير طماطم,3.1519999504089355,TunSwitchTO_0000054_0000002_0000017_xi0000002_54_02_17_xi2_0,0.625
labeled_linagora_cs_arabize,مالدي بن عبد الحميد الجاسم,مهدي بي عبد الحميد القاسمي,1.4880000352859497,0000023_0000015_23_15_0,0.6
labeled_linagora_cs_arabize,يشوف,يشوف,0.6399999856948853,ar--2008_1.wav_2008_1_0,0.0
labeled_linagora_cs_arabize,ل هت,لاهي توا,0.6800000071525574,TunSwitchTO_0000007_0000000_0000007_0000003yk_7_00_07_3yk_0,1.0
labeled_linagora_cs_arabize,اترفاح,التفاح,1.215999960899353,ar--1205_0.75.wav_1205_0.75_0,1.0
labeled_linagora_cs_arabize,والالتهام يعاودو يدورو على جارهم عطية بوقريقش واللي بزرمهم العام اللي اختفا فيها عميرها وهو يعيش وحده فالدار هذيك عايش وحده هو وزوايل متاعه في نفس الدار برشا ولا وشاكين فيه اكثر الحديث عليهلكن,الاتهام يعاودوا يدوروا على جارهم عطيه بو قرقش و الي بيزارمو العام الي اختفى فيها عميره وهو يعيش وحده في الدار هذيكة عايش وحده هو وزويل متاعه في نفس الدار برشا ولاو شاكين فيه كثر الحديث عليه لكن كيف,14.383999824523926,segment_0000517_segment_517_0,0.5641025641025641
labeled_linagora_cs_arabize,لكن حتى كان ما عندهمش دخل من دون أدن شك باش عديو شوية عوان في الحبس التهم لتستر على قضية كيمن هاذي وعدم إبلاغ السلطات يقال وانه سبب عجزة عميرة على الهروب من الدار وسبب الأحاسيس الغريبة اللي كانت تجيه,لكن حتى كان ما عندهمش دخل من دون ادن شك باش يعديو شويه عوام في الحبس تهمه التستر على قضيه ك هاذي وعدم ابلاغ السلطات يقال و انه سبب عجز عميره على الهروب من الدار وسبب الاحاسيس الغريبه الي كانت تجيه وقت,13.64799976348877,segment_0000556_segment_556_0,0.40476190476190477
labeled_linagora_cs_arabize,بل جمع من ل ال  نا كن ن يا  ع الا,قبل بجمعة من ريزولتا ال كونكور دونك انا كنت انسانة ياسر ستريسي عال ريزولتا,6.576000213623047,0000027_0000327_0000003_27_327_3_0,0.8571428571428571
labeled_linagora_cs_arabize,والدخو عميرة وخل عطية يرتبك ويدخل بعضو مشالها الحاكم بعد تبن وضهرلهم باب صغرون حلو الباب الصغرون هذاك والهناوين كانت الصدمة الكبرى راجل كبير فيالرب,ولد اخو عميره وخلى عطيه يرتبك ويدخل بعضه مشال لها الحاكم بعد تبن وظهر لهم باب صغرون حلوا الباب الصغرون هذاكة و لهنا وين كانت الصدمة الكبرى راجل كبير في الاربعينات,11.935999870300293,segment_0000534_segment_534_0,0.5483870967741935
labeled_linagora_cs_arabize,عمل رشي فتاي أخضر وبراس وافق الهدفال,عمل رشيفة تاي اخضر و براسو وافق لهادي,2.9600000381469727,0000019_0000181_19_181_0,0.75
labeled_linagora_cs_arabize,ونعمل مكاج ونقبل روحي ونعمل اللي حاجة ننا نحب نعملها يعني كمرة يعني الفمانين تي,و نعمل ماكياج و نقبل روحي و نعمل الحاجة لي انجم نحب نعملها يعني كا مراة يعني ال فيمينينيتي,6.576000213623047,0000052_0000036_0000000_52_36_0_0,0.7368421052631579
labeled_linagora_cs_arabize,أنا المرة الي محرومة محرومة من صغار,انا المراء لي محرومة محرومة من الصغار,2.7119998931884766,0000022_0000030_22_30_0,0.5714285714285714
labeled_linagora_cs_arabize,يزيدي ما خممتش حتى لحظة,يا سيد ما خممتش حتى لحظة,1.6160000562667847,0000020_0000164_20_164_0,0.3333333333333333
labeled_linagora_cs_arabize,اzus torjual film,الزوز تفرجو عالفيلم,2.4800000190734863,ar--3607_0.75.wav_3607_0.75_0,1.0
labeled_linagora_cs_arabize,ذiهنe,هاذي هنا,0.7440000176429749,ar--1303_1.wav_1303_1_0,1.0
labeled_linagora_cs_arabize,تخل الخديم للدار وبعد لدقيقة والثنين رجعلي,دخل الخديم للدار و بعد دقيقة ولا دقيقتين رجعلي,3.7119998931884766,0000020_0000127_20_127_0,0.6666666666666666
labeled_linagora_cs_arabize,هذاك علاش يبدى دينا متوتر كسوق,هذاكة علاش يبدا ديمة متوتر كي سوق,2.3440001010894775,ar--3265_1.5.wav_3265_1.5_0,0.7142857142857143
labeled_linagora_cs_arabize,دوروش زربوت وما لعبوش تريبولات اللي معندهمش البون في الدار مخبين,دوروش زربوط وما لعبوش تريبولات الي ما عندهمش البوم في الدار ومخبين,4.199999809265137,TunSwitchTO_0000069_0000022_0000010_b0000035_69_22_10_b35_0,0.5
labeled_linagora_cs_arabize,مثالشقول ي تحب سمحني في الكلمة فما بروفرب بسوري يقول الأشياء بوا ل كرفان باس,ما يسالش قول الي تحب سامحني في الكلمة فمة برفيرب بالسوري يقول له شيان ابوا ايه له كارافان باص,6.800000190734863,amenyKH_MOSAIQUEFM_FORUM_8102012_partie0000002_chunk_0000032_MOSAIQUEFM_FORUM_08102012_partie2_chunk_32_0,0.7894736842105263
labeled_linagora_cs_arabize,usuulan ilemo flori,وصولا الي مونتفليوري,1.3839999437332153,0000023_0000078_23_78_0,1.0
labeled_linagora_cs_arabize,s,يقصد,0.7200000286102295,ar--1908_0.75.wav_1908_0.75_0,1.0
labeled_linagora_cs_arabize,اللي توى وقة المناذرة,الي توا وقعت المناظرة,1.9759999513626099,amenyKH_Partie0000005_chunk_0000107_Partie5_chunk_107_0,1.0
labeled_linagora_cs_arabize,والله صحيح صحيح أنا اول ما جاتني الرووزو تع نتاع الامسيو هذاي السري هذيا كنت يسر,و الله صحيح صحيح انا اول ما جاتني ل بروبوزيسيون متاع ال ايميسيون هاذيا ال سيري هاذيا كنت ياسر,6.415999889373779,0000017_0000006_17_6_0,0.6842105263157895
labeled_linagora_cs_arabize,شكلنا عملين جينا ولين مشين أحسن مه سبوف الناس بالفرغ والعربي,ارواحنا ومشاكلنا ومنين جينا ولفين ماشين احسن ماللي نسبو في الناس بالفارغ او بالعربي,5.535999774932861,TunSwitchTO_0000126_0000001_0000034_oh0000006_126_01_34_oh6_0,0.8571428571428571
labeled_linagora_cs_arabize,كله غلطهو في نفسه غالطة,كلو غالط الي الي هو في نفسو غلطة,2.559999942779541,amenyKH_0000008_chunk_0000590_008_chunk_590_0,0.875
labeled_linagora_cs_arabize,صحيحة عطلتنا خلتنا نخمو في حاجة خين جستم باش نكملو نحكي ش عملنا مي أو مام تمس جات بور ابروفار ك ل تouريسم فا شانجي,صحيح عطلتنا خلاتنا نخممو في حاجات اخرين جوستومون باش نكملو نحكيو شنوا عملنا مي او ميم تون بور ابروفير كي لي توريسم فا شانجي,9.119999885559082,0000016_0000025_16_25_0,0.6666666666666666
labeled_linagora_cs_arabize,الفليجة,الفليجة,0.8159999847412109,ar--1703_1.wav_1703_1_0,0.0
labeled_linagora_cs_arabize,معنتها االمعهد هذيا جديد,معناتها ال ال المعهد هذايا جديد,2.51200008392334,amenyKH_partie0000004_chunk_0000138_partie4_chunk_138_0,0.8333333333333334
labeled_linagora_cs_arabize,زرياكلبة أقرب ريكشي تربح تليفون توضيح بسيط الترسيم في الجمعات والمعاهد العليا عندو سنوات,ميزيريا كلبة اقرا بالكشي تربح تاليفون توضيح بسيط الترسيم في الجامعات و المعاهد العليا عندو سنوات,6.480000019073486,TunSwitchTO_0000005_0000022_0000012_ygz_5_22_12_ygz_0,0.5
labeled_linagora_cs_arabize,بلوسنا أقل من ألف دولار,فلوسنا اقل من الف دولار,1.6959999799728394,TunSwitchTO_0000005_0000019_0000039_kcm_5_19_39_kcm_0,0.6
labeled_linagora_cs_arabize,من بعض ولات ساعتين من بعض ولات لتسويرة من بعد خاط لتجام من بعض,من بعد ولات ساعتين من بعد ولات ثلاثة سوايع من بعد دخلت لل جيم من بعد,4.495999813079834,Melekher0000010_0000186_0000001_Melekher10_186_1_0,0.5
labeled_linagora_cs_arabize,ومن بعد ما سافر يعقوب والعرش لكل المصر كيف مطلب منهم يوسف اللي وقتها كان مسؤول كبير في بلاد مصر,و من بعد ما سافر يعقوب و العرش الكل لمصر كيف ما طلب منهم يوسف الي وقتها كان مسؤول كبير في بلاد مصر,6.992000102996826,11_Moses0_Birth_OneStory_AEB_0,0.391304347826087
labeled_linagora_cs_arabize,تعطيت سنين وسنين ومات يعقوب ومات يوسف خواتو الكل والجيل متاع يوسف الكل ومن بعض هذاك ولادهم كبرو وكثرو برشا في بلاد مصر,تعدات سنين و سنين و مات يعقوب و مات يوسف و اخواتو الكل و الجيل متاع يوسف الكل و من بعد هذاكة اولادهم كبرو و كثرو برشا في بلاد مصر,11.359999656677246,11_Moses0_Birth_OneStory_AEB_1,0.6
labeled_linagora_cs_arabize,كثرو فالعدد متاعهم وتعبيت بهم أرض مصر أي وقتها فما ملكة جديدة على مصر واللي ما كانش يعرف يوسف وخاف برشا من عدد شعب ربي الكبير ف مصر وقال الشعبو,كثرو في العدد متاعهم و تعبات بيهم ارض مصر ايا وقتها فمة ملك جديد على مصر و الي ما كانش يعرف يوسف و خاف برشا من عدد شعب ربي الكبير في مصر قال لشعب,13.67199993133545,11_Moses0_Birth_OneStory_AEB_2,0.5
labeled_linagora_cs_arabize,كثرو في بلادنا هاالشعب خلينا نحدو من قوتهم باش ما يزيدوش ويكثرو ويتحدو مع أعدائنا في صورة حرب ويكونو ضدنا ويغلبونا,كثرو في بلادنا ها الشعب خلينا نحدو من قوتهم باش ما يزيدوش يكثرو و يتحدو مع اعدائنا في صورة حرب يكونو ضدنا و يغلبونا,10.215999603271484,11_Moses0_Birth_OneStory_AEB_3,0.375
labeled_linagora_cs_arabize,ومن وقتها آمر الملاك الخدام والقادم نتاعو باش يكلف شعب ربي بقى صعب الأعمال متاع الخدم يعني هكاكا يشقيوهم ويذلوهم,و من وقتها آمر الملك الخدام و القادة متاعو باش يكلف شعب ربي باصعب الاعمال متاع الخدم يعني وهكاك يشقيوهم و يذلوهم,10.15999984741211,11_Moses0_Birth_OneStory_AEB_4,0.5454545454545454
labeled_linagora_cs_arabize,أما الغريق اللي كل ما يتعبوهم ويشقيهم فالخدم متاعهم كان شعب ربي يكثر فالعدد آخي تخوفو المصرين من شعب ربي,اما الغريب الي كل ما يتعبوهم و يشقيوهم في الخدم متاعهم كان شعب ربي يكثر في العدد ياخي تخوفو المصريين من شعب ربي,9.479999542236328,11_Moses0_Birth_OneStory_AEB_5,0.4782608695652174
labeled_linagora_cs_arabize,وكانوا كل ما يخافو منهم أكثر يزيدو يستعبدوهم ويتحكمو فيهم أكثر وذفل لشعب تحت يدين المصريين وذلو في خدمة الفلاحة والبني بلدين وولات الخدمة صعيبة عليهم وشاقة,و كانو كل ما يخافو منهم اكثر يزيدو يستعبدوهم و يتحكمو فيهم اكثر و تذل الشعب تحت يدين المصريين و تذلو في خدمة الفلاحة و بني بالطين ولات الخدم صعيب عليهم و شاقة,13.791999816894531,11_Moses0_Birth_OneStory_AEB_6,0.5757575757575758
labeled_linagora_cs_arabize,وزاد آمر ملك مصر زوز النساء القوابل اللي فالعادة يولدو فنساء شعب ربي وقال لهم كان ولدتمرا وشفتو اللي هذاك ولايد تقتلوه وإذا بنايا تخليوها تعيش,و زادة آمر ملك مصر الزوز النساء القوابل الي في العادة يولدو في نساء شعب ربي و قالهم كان ولدتوا مراء و شفتو الي هذاكة وليد تقتلوه و اذا بنية تخليوها تعيش,13.456000328063965,11_Moses0_Birth_OneStory_AEB_7,0.625
labeled_linagora_cs_arabize,لكن النساء القوابل كانو يعرفو ربي ويخافوه ومطعوش الملك ف أمرو وقالولو يا سيدي راو نسا شعب ربي موش كيف المصريين قويين برشا,لكن النساء القوابل كانو يعرفو ربي و يخافوه و ما طاعوش الملك في آمره و قالول يا سيد راه نساء شعب ربي مش كيف المصريين قويين برشا,10.800000190734863,11_Moses0_Birth_OneStory_AEB_8,0.48148148148148145
labeled_linagora_cs_arabize,الحد راهم يولدو قبل ما نحن نوصلو لهم وأمر الملاكب من بعد الجميع شعبو باشوقتلو كلو لا يتولد من شعب ربي يتولد جديد ويخليو البنات يعيش,لحد راهم يولدو قبل ما احنا نوصلولهم و آمر الملك من بعد لجميع شعبه باش يقتلو كل وليد تولد من شعب ربي يتولد جديد و يخليو البنات تعيش,12.039999961853027,11_Moses0_Birth_OneStory_AEB_9,0.5714285714285714
labeled_linagora_cs_arabize,وكل وليد يرميوه فالنهر باش يقتلوه ويتخلصو منه أياهاو فما مرا من شعب ربي كي ولدت جابت وليد,و كل وليد يرميوه في النهر باش يقتلوه و يتخلصو منه ايا هاو فمة مراء من شعب ربي كي ولدت جابت وليد,7.671999931335449,11_Moses0_Birth_OneStory_AEB_10,0.45454545454545453
labeled_linagora_cs_arabize,ومسكين حلا فيعينها وصخفها باش ترميه فالنهر كيما قال الملك اخي خبيتو ثلاثة شهر وقت اللي ما عادش بهاوين وحادش تنجم تخبيه أكثر من حكا حطتو فسبت,و مسكين حلا في عينها و سخفها باش ترميه في النهر كيف ما قال الملك ياخي خبات ثلاثة شهر و وقت الي معادش بيها وين معادش تنجم تخبيه اكثر حطت في سبت,13.751999855041504,11_Moses0_Birth_OneStory_AEB_11,0.71875
labeled_linagora_cs_arabize,وهذا تحطتو على حافة النهر وخليت بنتها تستنى من بعيد وتشوف شنو باش يصير تعرف شنو صار,و هزة حطتو على حافة النهر و خلات بنتها تستنى من بعيد و تشوف شنوا باش يصير تعرف شنوا صار,7.664000034332275,11_Moses0_Birth_OneStory_AEB_12,0.45
labeled_linagora_cs_arabize,وقت اللي كانت بنت الملك تعوم فالنهر شافت السبت وعرفت اللي في وستو وليد صغير من شعب ربي وأخت الوليد قالت البنت الملك,وقت الي كانت بنت الملك تعوم في النهر شافت السبت و عرفت الي في وسطو وليد صغير من شعب ربي و اخت الوليد قالت لبنت الملك,10.13599967956543,11_Moses0_Birth_OneStory_AEB_13,0.38461538461538464
labeled_linagora_cs_arabize,أحبني نجيبلك شكون باش ترضع الطفل وبنت الملك قتلها إي يا خمشات وجابة أمها يعني أم الطفل وبنت الملك قتلها,تحبني نجيبلك شكون باش ترضع الطفل و بنت الملك قتلها ايه ياخي هيا مشات و جابت امها يعني ام الطفل و بنت الملك قاتلها,11.119999885559082,11_Moses0_Birth_OneStory_AEB_14,0.5833333333333334
labeled_linagora_cs_arabize,غوذها الطفل ورضعو وباش نخلصك ياخي الأم خذيت ولدها وعاملت كيف ما قتلها بنت الملك وكيكبر الطفل هي رجعتو لبنت الملك واستبناتو وسماتو موسى,خوذ ها الطفل و رضعو و باش نخلصك ياخي الام خذات ولدها و عملت كيف ما قالتلها بنت الملك و كي كبر الطفل هيا رجعتو لبنت الملك و استبنات و سمات موسى,13.920000076293945,11_Moses0_Birth_OneStory_AEB_15,0.59375
labeled_linagora_cs_arabize,وفينهار من نهارات وقت اللي موس كبر مشا يطل على أهل ويشوف فمشقتهم والشافراج المصري يضرب فواحد من شعب ربي ياخي ما عجبوش وحز عليه وقتل المصري وردموه,و في نهار من نهارات وقت الي موسى كبر مشى يطل على اهلو و يشوف في مشقتهم و شاف راجل مصري يضرب في واحد من شعب ربي ياخي ما عجبوش و حز عليه و قتل المصري و ردمو,12.35200023651123,11_Moses0_Birth_OneStory_AEB_16,0.6052631578947368
labeled_linagora_cs_arabize,وزاد اليومتم اغدوة خرج موسى وإذا بيه يشوف يزوز الناس من شعب ربي يتعاركو ياخ يقلهم موسى علاش تتعاركو جاوبوه,و زادة اليومة من غدوا خرج موسى و اذا بيه يشوف في زوز من شعب ربي يتعركو ياخي قالهم موسى علاش تتعركو جاوبوه,9.760000228881836,11_Moses0_Birth_OneStory_AEB_17,0.5652173913043478
labeled_linagora_cs_arabize,شكون حط كقاضي علينا تحب تجي تقتلمي كيما عملت مع المصري البارح ياخي خاف موسى على خاطر شي على الخبر وجريم تضفطحت,شكون حطك قاضي علينا تحب تجي تقتلني كيما عملت مع المصري البارح ياخي خاف موسى على خطر شاع الخبر و جريمتو تفضحت,9.064000129699707,11_Moses0_Birth_OneStory_AEB_18,0.4090909090909091
labeled_linagora_cs_arabize,وزاد وصل الخبر للملك وحب لشقط الموسى لكن موسى هربم الملك للصحراء وغدجيكا عد المدة طويلة خدم سارح غنم عن دراجل اللي باش يكون نسيبو وبومرتو,و زادة وصل الخبر للملك و حب باش يقتل موسى لكن موسى هرب من الملك لصحراء و غاديكا قاعد لمدة طويلة خدم سارح غنم عند راجل الي باش يكون نسيب و بو مرت,12.751999855041504,11_Moses0_Birth_OneStory_AEB_19,0.6363636363636364
labeled_linagora_cs_arabize,اlخsam,الخشم,1.055999994277954,ar--2171_0.75.wav_2171_0.75_0,1.0
labeled_linagora_cs_arabize,أما كيكونوا متفهمين أنه حتى وهما فرد بلاصة,اما كي يكونو متفاهمين انو حتى هوما فرد بلاصة,2.9679999351501465,amenyKH_Hkayet_Tounsia_S0000002_Episode_0000028_0000026_0000003_0002018_Partie_0000003_Sync0000237_no_speaker_0002096.0000091_0002099.0000088_Hkayet_Tounsia_S02_Episode_28_26_03_2018_Partie_03_Sync237_no_speaker_2096.91_2099.88_0,0.6666666666666666
labeled_linagora_cs_arabize,s,يسرق,0.7440000176429749,ar--2010_0.75.wav_2010_0.75_0,1.0
labeled_linagora_cs_arabize,其主位也靠,في الواقع,0.800000011920929,ar--2272_1.25.wav_2272_1.25_0,1.0
labeled_linagora_cs_arabize,le ena mintunes,لا انا من تونس,2.312000036239624,ar--3011_1.25.wav_3011_1.25_0,1.0
labeled_linagora_cs_arabize,النشر الجوية,النشرة الجوية,1.2319999933242798,ar--1453_1.wav_1453_1_0,0.5
labeled_linagora_cs_arabize,t,نشوفك عن قريب,0.8399999737739563,ar--3258_1.25.wav_3258_1.25_0,1.0
labeled_linagora_cs_arabize,تحويز,التحويسة,0.6159999966621399,ar--1341_1.25.wav_1341_1.25_0,1.0
labeled_linagora_cs_arabize,إليح,البارح,0.5360000133514404,ar--1145_1.5.wav_1145_1.5_0,1.0
labeled_linagora_cs_arabize,نطلب من ن نح ادخانعادل,نطلب منو انو ينحي الدخان فهمت,3.8480000495910645,amenyKH_0000006_0000006_0002012_partie0000003_chunk_0000078_06_06_2012_partie3_chunk_78_0,0.8333333333333334
labeled_linagora_cs_arabize,你s,ديجا,0.5680000185966492,ar--1554_1.25.wav_1554_1.25_0,1.0
labeled_linagora_cs_arabize,ما فما حد حد باش يسيب حياته باش يسيب مشاكل وباش يسيب كل شي وباش يجي يقول تا خليي ننقد العبد هذي كان أنتي,ما فمة حتى حد باش يسيب حياتو باش يسيب مشاكلو باش يسيب كل شيء باش يجي يقول تيان خليني ننقذ العبد هاذايا كان انت,10.079999923706055,Melekher0000011_0000064_0000001_Melekher11_64_1_0,0.5
labeled_linagora_cs_arabize,والديه جدو ماملاتو اخواتو وعمودو الكل وولادهم وبلادهم,و الديه جدو و مماتو خواتو و عمومتو الكل و ولادهم و بناتهم,5.111999988555908,ar--3631_1.25.wav_3631_1.25_0,0.8461538461538461
labeled_linagora_cs_arabize,رك  عنات بينا صحاب  و نهار نها,باهي ايه ترى بيان,4.28000020980835,amenyKH_0000006_0000006_0002012_partie0000001_0000003_chunk_0000119_06_06_2012_partie1_3_chunk_119_0,1.75
labeled_linagora_cs_arabize,دم عبدالله بش عطيها لبوزي نظر,طلبت من عبد الله باش يعطيها دبوزة ليموناضة,2.247999906539917,ar--3393_1.5.wav_3393_1.5_0,1.0
labeled_linagora_cs_arabize,كل شاور وذكروني بالخير معني ت سو قد ف ي هyجين ستاي ر ا,يتس سو قود فور يور تو ستاي فريش تو ستاي و اذكروني بل خير معناها ا كولد شاور,5.71999979019165,0000075_0000019_0000001_75_19_1_0,0.9444444444444444
labeled_linagora_cs_arabize,سل باكسيsت,سالت تاكسيست,1.5520000457763672,ar--3453_0.75.wav_3453_0.75_0,1.0
labeled_linagora_cs_arabize,اعمل جو الفيدة تعمل جو وتعرف روحك شنو تحب معنا تر اعرف روحك واعمل جو,اعمل جو الفايدة تعمل جو و تعرف روحك شنوا تحب معناها اعرف روحك و اعمل جو,5.184000015258789,0000027_0000018_0000001_27_18_1_0,0.5
labeled_linagora_cs_arabize,بالنسبة ليا أنا ي w,ايوونت بنسبة ليا انا,4.007999897003174,0000075_0000033_0000003_75_33_3_0,1.25
labeled_linagora_cs_arabize,أي ح,اكحل,0.5600000023841858,ar--2070_1.25.wav_2070_1.25_0,2.0
labeled_linagora_cs_arabize,عبلا فيكونشي خاض معشة,عبد الله في كونجي تقابل مع عيشة,2.1760001182556152,ar--3003_1.5.wav_3003_1.5_0,1.0
labeled_linagora_cs_arabize,ني نحكو على الناس اللي ربما عندهم السكري ولا عندهم وزن زائد او السمنة هل ممكن ان ناخذو الغلة قد ما نحب والا ر فما غلال عند سكر عال,باهي هوني نحكيو على الناس الي ربما عندهم سكري ولا عندهم وزن زائد او السمنة هل ممكن انو ناخذوا الغلة قد ما نحبوا ولا راهو فمة غلال عندها سكر عالي,11.911999702453613,amenyKH_0000011_chunk_0000011_011_chunk_11_0,0.43333333333333335
labeled_linagora_cs_arabize,ماتعرفوش عليها بالحق متعرفوش عليها حاولو الماكسيمم تفهم حاجات وتعرفو حاجات حاولو الماكسيمم,ما تعرفوش عليها بالحق ما تعرفوش عليها حاولوا لي ماكسيموم تفهموا حاجات و تعرفوا حاجات حاولوا لي ماكسيموم,7.0320000648498535,0000072_0000026_0000001_72_26_1_0,0.7222222222222222
labeled_linagora_cs_arabize,سكتت شويو بعد قتلي,سكتت شوية و بعد قاتلي,1.687999963760376,0000022_0000157_22_157_0,0.6
labeled_linagora_cs_arabize,جاو نفجين خامرين توا بلكعابا هكيا نشقها كعبا بش نحط فيها الحشو شوفو وسطه كيفاش تايب جا خامر بالقدا,منفجين خامرين توا بالكعيبه هكايا نشقها كعبه باش نحط فيها الحشو شوفوا وسطوا كيفاش طيب جاه خامر بالقداه,10.960000038146973,segment_0001024_segment_1024_0,0.6111111111111112
labeled_linagora_cs_arabize,معمفير,معلم تذكاري,1.1440000534057617,ar--1417_1.25.wav_1417_1.25_0,1.0
labeled_linagora_cs_arabize,الدنيا لشي تبرت في لخر صد sش,الدنيا ماشية و تبرد في لخر صب الثلج,2.4079999923706055,ar--3618_1.5.wav_3618_1.5_0,0.625
labeled_linagora_cs_arabize,اللي مناظة,اللموناضة,0.8799999952316284,ar--2025_1.wav_2025_1_0,2.0
labeled_linagora_cs_arabize,كبير,كبير,0.7919999957084656,ar--1110_0.75.wav_1110_0.75_0,0.0
labeled_linagora_cs_arabize,عايش كللا مرحبة بيك انتي تحب تحكي على كوليج منوبة,يعيشك يا للة مرحبا بيك انت تحب تحكي على كوليج منوبة آه,3.8959999084472656,amenyKH_partie0000003_chunk_0000007_partie3_chunk_7_0,0.5
labeled_linagora_cs_arabize,في العادة تمشي عايشة معاهم للجنينة اما اليوم لمطرت صب ولاو قعدو في الدار,في العادة تمشي عيشة معاهم لجنينة اما اليوم لمطر تصب ولاو قعدو في الدار,6.992000102996826,ar--3538_1.wav_3538_1_0,0.2857142857142857
labeled_linagora_cs_arabize,الصرف,الصرف,0.5920000076293945,ar--1290_1.wav_1290_1_0,0.0
labeled_linagora_cs_arabize,也سن,يتمنى,0.6079999804496765,ar--2386_1.25.wav_2386_1.25_0,1.0
labeled_linagora_cs_arabize,شكون مشال السعودية شكون مشالفرنسا,شكون مشى للسعودية شكون مشى لفرنسا,3.0399999618530273,0000028_0000158_0000001_28_158_1_0,0.6666666666666666
labeled_linagora_cs_arabize,ن أول مرة ستدعوني ف تونسي ها,انا اول مرة استدعاوني في التونسية لهنا,2.2960000038146973,amenyKH_Hkayet_Tounsia_S0000001_Episode_0000017_0000020_0000003_0002017_Partie_0000003_Sync0000194_no_speaker_0003184.0000057_0003186.0000090_Hkayet_Tounsia_S01_Episode_17_20_03_2017_Partie_03_Sync194_no_speaker_3184.57_3186.90_0,0.8571428571428571
labeled_linagora_cs_arabize,تقول لكري,كهو ايواه,1.7920000553131104,amenyKH_MIC0000001_mod_0000071_chunk_0000023_MIC00001_mod_71_chunk_23_0,1.0
labeled_linagora_cs_arabize,stas,الصالصة,0.671999990940094,ar--1502_1.25.wav_1502_1.25_0,1.0
labeled_linagora_cs_arabize,فدو م الrutين توا envي dans un poكe,يفدوا مال روتين توا اون فيت دان يون ايبوك فين,4.392000198364258,0000039_0000024_0000002_39_24_2_0,0.9
labeled_linagora_cs_arabize,بيت لفطور,بيت لفطور,1.1519999504089355,ar--1490_1.wav_1490_1_0,0.0
labeled_linagora_cs_arabize,صاحب ابراهيم هذا اقرب صاحب ليا,صاحبي براهيم هاذا اقرب صاحب ليا,2.312000036239624,0000020_0000115_20_115_0,0.5
labeled_linagora_cs_arabize,دد  ربعاش جامعه عوك ان سانس بر سماين بعد وقت الخدمة يجي لانتررنور درانت ي ت سين خلي نقولو يفا باسي بار ل ديفرت تيماتي لي عندهم علاقه بالكراتيو متاع ستار اب ليوم,داكور دونك اربعطاشن جمعة افيك يون سيانس بار سيمان بعد وقت الخدمة يجي لونترابرونور دوران سي سيشنز خلي نقولوا يل فا باسي بار لي ديفيران تيماتيك الي عندهم علاقة بال كرياسيون متاع ال ستارتوب اليوم,12.48799991607666,0000004_0000017_4_17_0,0.7714285714285715
labeled_linagora_cs_arabize,هما عندهم بسكليت وهو لا إلى آخره,هوما عندهم بيسيكلت و هو لا الى اخره,2.9119999408721924,0000034_0000009_0000002_34_9_2_0,0.75
labeled_linagora_cs_arabize,enti ralet ralta,انت غالط غالطا,2.5439999103546143,enti_ghalet_ghalta_31585_0,1.0
labeled_linagora_cs_arabize,senي,الثانية,0.6000000238418579,ar--1062_1.25.wav_1062_1.25_0,1.0
labeled_linagora_cs_arabize,هي وينك وتوحشتك ووقتهاش نتخابر وتحبني ولا وتشقنيش,هيا وينك و توحشتك و وقتاش نتقابلو و تحبني ولا و التشقنيس و,4.144000053405762,TunSwitchTO_0000049_0000019_0000031_0000003n0000005_49_19_31_3n5_0,0.8461538461538461
labeled_linagora_cs_arabize,م,معقد,0.5600000023841858,ar--2396_1.25.wav_2396_1.25_0,1.0
labeled_linagora_cs_arabize,يعطيك الصحة ديما رد بالك,يعطيك الصحة ديما راد بالك,2.6080000400543213,ar--3468_1.wav_3468_1_0,0.2
labeled_linagora_cs_arabize,hedha hedi hedha,هاذا هاذي هاذا,3.200000047683716,ar--1189_1.wav_1189_1_0,1.0
labeled_linagora_cs_arabize,,بيان صور بينسور احنا مسؤولين زادة عالامن بينات بعضنا على خاطر توا احنا ايجا نقول لك الناس الباهية المتربية تعس على بعضها راهو فمة كلك جراثيم من الاول شدوهم الحاكم مشى على روحو ما عادش عندنا الحكايات هاذيا راهو,9.767999649047852,amenyKH_0000007_chunk_0000131_007_chunk_131_0,1.0
labeled_linagora_cs_arabize,لوك انتك تقول أنا مراش هي جيا من بقعة إمتياز,فهمت دونك كي تقول انا ما نراش هيا جايا من بقعت امتياز,3.871999979019165,0000050_0000097_0000002_50_97_2_0,0.8333333333333334
labeled_linagora_cs_arabize,ثما سوpر expرec نص,فمة سوبر اكسبريس التسعة و نصف,2.5999999046325684,TunSwitchTO_0000132_0000018_0000046_dxb_132_18_46_dxb_0,1.0
labeled_linagora_cs_arabize,العاظمة,العظمة,0.984000027179718,ar--1216_0.75.wav_1216_0.75_0,1.0
labeled_linagora_cs_arabize,исок бсклет,يسوق بسكلات,1.503999948501587,ar--1579_0.75.wav_1579_0.75_0,1.0
labeled_linagora_cs_arabize,تصويرة,التصويرة,1.159999966621399,ar--1805_0.75.wav_1805_0.75_0,1.0
labeled_linagora_cs_arabize,الدولة ماشي في بلقي لزمك تخرجل في منظر المسكين,الدولة ماشي في بالها لازمك تخرجله في منظر المسكين,3.1519999504089355,amenyKH_tataouine__for_acoustic_analysis_Sync0000504_no_speaker_0001515.0000012_0001518.0000049_tataouine__for_acoustic_analysis_Sync504_no_speaker_1515.12_1518.49_0,0.3333333333333333
labeled_linagora_cs_arabize,ويضهر لي ما كمش برشا الفنانات التوانسة,ويظهرلي ما كم ش برشا الفنانات التوانسة,2.4159998893737793,amenyKH_Hkayet_Tounsia_S0000001_Episode_0000004_0000019_0000012_0002016_Partie_0000002_Sync0000132_no_speaker_0000880.0000081_0000883.0000021_Hkayet_Tounsia_S01_Episode_04_19_12_2016_Partie_02_Sync132_no_speaker_880.81_883.21_0,0.5714285714285714
labeled_linagora_cs_arabize,فر كان عندك الفرصة و ما عندكش حاول تريفز والف نتاعك مش الفرش,في الفرش كان عندك الفرصة اوكي ما عندكش حاول ترفز و ال فو متاعك مش الفرش,5.952000141143799,0000027_0000282_0000000_27_282_0_0,0.5
labeled_linagora_cs_arabize,ارطل,الرطل,0.7440000176429749,ar--1680_1.wav_1680_1_0,1.0
labeled_linagora_cs_arabize,لنغل,المنقالة,0.5540000200271606,ar--1059_1.5.wav_1059_1.5_0,1.0
labeled_linagora_cs_arabize,حبو بلاصة hافتكننش,نحبوا بلاصة هافتة كان تنجم,1.5839999914169312,TunSwitchTO_0000106_0000015_0000040_0000003n_106_15_40_03n_0,0.8
labeled_linagora_cs_arabize,يا عرs,يعرس,1.399999976158142,ar--2247_0.75.wav_2247_0.75_0,2.0
labeled_linagora_cs_arabize,نجم تختار disactivitي نتومة مغرومين بيهم وit helps so much lk its so beneficial,يت هلبس سو ماتش لايك يتس سو بينيفيشال انتوما مغرومين بيهم و دي اكتيفيتي تنجم تخطار,7.664000034332275,0000075_0000080_0000000_75_80_0_0,1.0
labeled_linagora_cs_arabize,ذكرن  نا ف الدار كواب حليتها واتضح وانمسي ا قيق الالي عدي فيه كد وقالولي بي شي انحب عليه فابل وينجميعمله قالولي تم الدراس طلب تاعك وك باه ولمب,وذكرتني بليانه في الدارك ويب حليتها واتضح وانها مسيت ق دقائق التالي عديت فيه كوموند وقالوا لي بلي شيء الي نحب عليه فزابل وينجم يعملوه قالوا لي تمت دراسه الطلب متاعك جوك باهي و هاذا المبلغ الي,12.37600040435791,segment_0000591_segment_591_0,0.8918918918918919
labeled_linagora_cs_arabize,ه بخن ه رونرفو,باهين وهذاية بون احنا هذايا راهو نعرفوه,2.4240000247955322,amenyKH_partie0000003_chunk_0000082_partie3_chunk_82_0,1.0
labeled_linagora_cs_arabize,اختصاصي في الأمراض الصدرية شارل نيكول ونائب رئيس الجمعية التونسية,اختصاصي في الامراض الصدرية شارنيكول ونائب رئيس الجمعية التونسية,3.4079999923706055,amenyKH_0000006_0000006_0002012_partie0000002_chunk_0000024_06_06_2012_partie2_chunk_24_0,0.3333333333333333
labeled_linagora_cs_arabize,حنا رع تطاويل ماعندناش لف بطاء ولا بطاء,احنا راهو تطاوين ما عندناش الف و خمسة مياة بطال ولا الفين بطال,3.888000011444092,amenyKH_tataouine__for_acoustic_analysis_Sync0000540_no_speaker_0001968.0000056_0001972.0000045_tataouine__for_acoustic_analysis_Sync540_no_speaker_1968.56_1972.45_0,0.9230769230769231
labeled_linagora_cs_arabize,نوريوكم أحلى لبلايس,نوريوكم احلى البلايص,2.6559998989105225,ar--3120_1.wav_3120_1_0,0.6666666666666666
labeled_linagora_cs_arabize,انا نمشي ندهنو ونشوفك الاي يزيف هذاك الل,انا نمشي ندهنو ونشوف هاكة بابيا ادصيف هذاكة نلصقو,2.6640000343322754,amenyKH_0000004_chunk_0000028_004_chunk_28_0,0.6666666666666666
labeled_linagora_cs_arabize,bad,بعد,1.031999945640564,ba3d_1274_0,1.0
labeled_linagora_cs_arabize,ذا هل لموسهابا موشونضيف مج تعطني واحد داخل,ضاهرلي الموس هاذا مش نضيف تنجم تعطني واحد آخر,3.8320000171661377,TunSwitchTO_0000015_0000022_0000056_0000016a_15_22_56_16a_0,0.7777777777777778
labeled_linagora_cs_arabize,في نجيبان الزغار س ان وبتين تعضينا م الواجب,فين جيبان الصغار سي يون اوبسيون تعدينا من الواجب,3.1040000915527344,0000039_0000025_0000002_39_25_2_0,0.8888888888888888
labeled_linagora_cs_arabize,الميو,الميو,0.9039999842643738,ar--2042_0.75.wav_2042_0.75_0,0.0
labeled_linagora_cs_arabize,besklet,بسكلات,1.0399999618530273,besklett_8337_0,1.0
labeled_linagora_cs_arabize,مالليل حتى منغدوة السباح,من الليل حتى من غدوة الصباح,1.4240000247955322,amenyKH_Hkayet_Tounsia_S0000001_Episode_0000017_0000020_0000003_0002017_Partie_0000003_Sync0000233_no_speaker_0003248.0000093_0003250.0000039_Hkayet_Tounsia_S01_Episode_17_20_03_2017_Partie_03_Sync233_no_speaker_3248.93_3250.39_0,0.8333333333333334
labeled_linagora_cs_arabize,إبد,يبدل,0.5199999809265137,ar--1353_1.25.wav_1353_1.25_0,1.0
labeled_linagora_cs_arabize,l'sms,الاس ام اس,0.9679999947547913,ar--2113_1.25.wav_2113_1.25_0,1.0
labeled_linagora_cs_arabize,اليونان,اليونان,0.5199999809265137,ar--1954_1.5.wav_1954_1.5_0,0.0
labeled_linagora_cs_arabize,مو تسول ومعاق اجنب,متسول و معاق عالجنب,2.2880001068115234,amenyKH_tataouine__for_acoustic_analysis_Sync0000498_no_speaker_0001501.0000020_0001503.0000060_tataouine__for_acoustic_analysis_Sync498_no_speaker_1501.20_1503.60_0,1.0
labeled_linagora_cs_arabize,نهار كبير نهار ثلاث لي فات كنفرنس د بريسس ولحقيقه حتى بالناس المهتمين ولستارتابر التويس و مختلف لز اكتور للي موجودين في اليكوسيستيم كانت متابعه كبيره ياسر وتنت كبيره ياسر,نهار كبير نها الثلاث لي فات كونفيرونس دي بريس و لحقيقة حتى من الناس المهتمين و لي ستارتابور التوانسة و مختلف لي اكتور الموجودين فال ايكوسيستام كانت متابعة كبيرة ياسر و اتونت كبيرة ياسر,13.175999641418457,0000015_0000004_15_4_0,0.6764705882352942
labeled_linagora_cs_arabize,,ايم الوايز ذير فور ذيم نحاول اي قيف ذيم سام لايك,5.223999977111816,0000662_0000034_0000002_662_34_2_0,1.0
labeled_linagora_cs_arabize,وانادراشنا و الو هذاكا الخايب مع روحك شخطو مع العباد ف بالحق حتى ح كان مع داركم خطر مايبي داركم تاعبو عليك وكل مع العباد الخرين بالحق,و انا درا شنوا و اول دونك هذاكة الخايب مع روحك سورتو و مع العباد تو تين فو بالحق حتى حد كان مع داركم خاطر مايبي داركم تعبوا عليك و كل اما مع العباد لخرين بالحق,11.95199966430664,Melekher0000010_0000005_0000000_Melekher10_5_0_0,0.5277777777777778
labeled_linagora_cs_arabize,مديكال طا مديكال متا م يطولوش بالهم يحبوش يسمعوهم يحكيو معاهم بالعربي,ميديكال و باراميديكال ما يطولوش بالهم ما يحبوش يسمعوهم يحكيوا معاهم بالعربي,5.711999893188477,0000051_0000118_0000002_51_118_2_0,0.5833333333333334
labeled_linagora_cs_arabize,م من العذاب الدي بعد عام الحدث هذ يتم إقالتها من مدرسة متا تعرضها من الخدمة جملة وحدة وخرج قرار من الوزارة منعها وانا تدخل أي مؤسسة تربوية اخرى بسبب مشكلة أخلاقية مجهولة عمها مشاكل فيالوزارة,هيا زاده امبوسيبل تمنع من العذاب الشديد بعد عام من الحادثه هاذي يتم اقالتها من المدرسه متاعها تردوها من الخدمه جمله وحده وخرج قرار من الوزاره منعها وانها تدخل اي مؤسسه تربويه اخرى بسبب مشكله اخلاقيه مجهوله عملت لها مشاكل في الوزاره,14.496000289916992,segment_0000461_segment_461_0,0.6428571428571429
labeled_linagora_cs_arabize,الشارش,الشارج,0.7680000066757202,ar--1723_1.wav_1723_1_0,1.0
labeled_linagora_cs_arabize,mak you hapy i was misrable عامة لبك على خاطر فما ديماتيع مكنش نحب نعديهم,دو وات ماكس يو هابي اي واز ميزيرابل عامت ال باك خاطر فمة دي ماتيير ما كنتش نحب نعديهم,5.920000076293945,0000070_0000031_0000000_70_31_0_0,0.8421052631578947
labeled_linagora_cs_arabize,ال  ا         ا,اسباس متاع ال كوفونداتريس معايا وقتها روعة مطماطي الي هيا كورووركينق سباس جات الفكرة متاع ال هيا توا المدام,12.031999588012695,0000026_0000012_0000000_26_12_0_0,0.9473684210526315
labeled_linagora_cs_arabize,عد يشوف من حاولو,قعد يشوف من حولو,1.503999948501587,ar--3492_1.wav_3492_1_0,0.5
labeled_linagora_cs_arabize,zuskóć umejaaišk,زوز سكوتش و ماء يعيشك,1.9919999837875366,TunSwitchTO_0000018_0000013_0000031_yaf_18_13_31_yaf_0,1.0
labeled_linagora_cs_arabize,اللي نحنا معناتها استبطلنا الهيمنة متاعنا منهامش الهيمنة لبر متاعنا,الي نحنا معنتها استبطلنا الهيمنة متاعنا معنتها مش الهيمنة ال لوبريسيون متاعنا,9.696000099182129,0000050_0000207_0000001_50_207_1_0,0.5
labeled_linagora_cs_arabize,يعني في بعض المناسبات ي في الانتخابات أو في الحوادث أو في الأعياد يتم التطرق لها,يعني في بعض المناسبات يا في الانتخبات او في الحوادث او في الاعياد يتم التطرق ليها,6.335999965667725,0000007_0000026_7_26_0,0.375
labeled_linagora_cs_arabize,دjيn,الدجين,0.6800000071525574,ar--2045_1.wav_2045_1_0,1.0
labeled_linagora_cs_arabize,نقى روحي الك مازلت منيش متمكنى من  نحط الورقة تا الكر قدي,نلق روحي ال كور مازلت ما ني ش متمكنة منو دونك نحط الورقة متاع ال كور قدا,4.447999954223633,Melekher0000010_0000058_0000001_Melekher10_58_1_0,0.7647058823529411
labeled_linagora_cs_arabize,men gier rasas,من غير رصاص,1.5360000133514404,ar--1830_0.75.wav_1830_0.75_0,1.0
labeled_linagora_cs_arabize,نحب ناخذ كسوة لونها غامق ليبي,نحب ناخذ كسوة لونها غامق ليلي,2.0480000972747803,TunSwitchTO_0000186_0000022_0000053_eze_186_22_53_eze_0,0.16666666666666666
labeled_linagora_cs_arabize,قاعد الافليع,قاعة الاقلاع,0.8479999899864197,ar--1864_1.25.wav_1864_1.25_0,1.0
labeled_linagora_cs_arabize,إكبرiن ي سر تيارة,ياسر طيارة اكسبيريونس,1.6480000019073486,0000075_0000072_0000001_75_72_1_0,1.3333333333333333
labeled_linagora_cs_arabize,نرجع شوي الال في دراس عن منظمة الصحة العالمية اليماخرجت وقتها الدراس هي حول الصحة النفسية للوين ظهرت ان تونسي على ثنين,نرجعوا شوية التالي في الفين و خمسة دراسة عن منظمة الصحة العالمية الي ما خرجتش وقتها الدراسة هاذيا حول الصحة النفسية لتوانسة ظهرت انو التونسي على اثنين,9.696000099182129,amenyKH_MOSAIQUEFM_FORUM_8102012_partie0000001_0000001_chunk_0000008_MOSAIQUEFM_FORUM_08102012_partie1_1_chunk_8_0,0.5925925925925926
labeled_linagora_cs_arabize,مع ناس,مع ناس,0.5680000185966492,amenyKH_tataouine__for_acoustic_analysis_Sync0000131_no_speaker_0000708.0000090_0000709.0000071_tataouine__for_acoustic_analysis_Sync131_no_speaker_708.90_709.71_0,0.0
labeled_linagora_cs_arabize,ن لف الحقش يخدمو سهر شفونا ح,ما عندهمش الحق باش يخدموا بصراحة شوفوا لنا حل,2.447999954223633,amenyKH_0000005_chunk_0000015_005_chunk_15_0,1.0
labeled_linagora_cs_arabize,م    ك كن,هير مايكاب ايز لايك اكسبونسيف اكثر شكون الي,4.656000137329102,0000073_0000044_0000002_73_44_2_0,1.0
labeled_linagora_cs_arabize,اليوم مستبعية عن عبدالله للعشاء,اليوم مستدعية عند عبد الله للعشاء,4.920000076293945,ar--3207_0.75.wav_3207_0.75_0,0.6666666666666666
labeled_linagora_cs_arabize,عايشة وعبدالله قاعدين على طاولة جستور,عيشة و عبد الله قاعدين على طاولة الفطور,4.184000015258789,ar--3048_0.75.wav_3048_0.75_0,0.625
labeled_linagora_cs_arabize,iხ მაშაtقaჲყასაჴი,ياخذ عشرة دقايق على الساقين,2.7200000286102295,TunSwitchTO_0000070_0000009_0000019_0000005ib_70_09_19_5ib_0,1.0
labeled_linagora_cs_arabize,هذي حكايا جديدة مع كهاش العربي,هاذي حكايه جديده محكاهيش العربي نص عماد,4.208000183105469,youtube_anYsyt84buw_0,1.0
labeled_linagora_cs_arabize,منتج وإخراج محمد بقطايا,بن حميده مونتاج واخراج محمد بوقطايه,2.864000082015991,youtube_anYsyt84buw_1,0.8333333333333334
labeled_linagora_cs_arabize,قديم محمد السياري,تقديم محمد الصيالي,5.171000003814697,youtube_anYsyt84buw_2,0.6666666666666666
labeled_linagora_cs_arabize,أحكي وعلى خدام أحزام,يحكي و انا خدام احزام,1.8639999628067017,youtube_anYsyt84buw_3,0.8
labeled_linagora_cs_arabize,عندو ججا زغار,عنده ججه صغار,1.1019999980926514,youtube_anYsyt84buw_4,1.0
labeled_linagora_cs_arabize,اكلو ونعاري لقيوة,ياكلوا ونهار يلاقيو,1.5429999828338623,youtube_anYsyt84buw_5,1.0
labeled_linagora_cs_arabize,ش يسمع بيسمع,اشبع يسمعوا بيسمع,1.5360000133514404,youtube_anYsyt84buw_6,0.6666666666666666
labeled_linagora_cs_arabize,ساكن دي مخلوب هم تعصر ومصرنهم تلوي,المساكن دي مقلوبهم تعصر ومصرنهم تلوي,3.9660000801086426,youtube_anYsyt84buw_7,0.5
labeled_linagora_cs_arabize,كروشومدغروت واسفاقي سفق,وكروشهم متغروت وسفاق يصفقوا,3.0840001106262207,youtube_anYsyt84buw_8,1.0
labeled_linagora_cs_arabize,الحاس لجوع ونوع وبكابلادموع الخبز,الحاصل جوع ونوع وبكى بلا دموع الخبز,5.185999870300293,youtube_anYsyt84buw_9,0.7142857142857143
labeled_linagora_cs_arabize,يتون نقبولهم أحناكم والنهار المبروك,و الزيتون مقبولهم احناكم و النهار المبروك,4.105999946594238,youtube_anYsyt84buw_10,0.8571428571428571
labeled_linagora_cs_arabize,سيد هو نهارت اللي هكالأم الطيب,السعيد هو نهاره الي هكة الام الطيب فيه,3.640000104904175,youtube_anYsyt84buw_11,0.75
labeled_linagora_cs_arabize,حتى كذاب,طنجره حتى كذابه,1.8020000457763672,youtube_anYsyt84buw_12,0.6666666666666666
labeled_linagora_cs_arabize,والنهار اللي أسعد هو وقتلي هك الخدامح,ونهار الياس هو وقت الي هاك الخدام يروح,4.046999931335449,youtube_anYsyt84buw_13,1.0
labeled_linagora_cs_arabize,قري سفاكيا ينقروه,بقريه اسفاكيه ينقروه,2.5429999828338623,youtube_anYsyt84buw_14,0.6666666666666666
labeled_linagora_cs_arabize,ليش ما تقولش نهار من نهارات ي,علاش ما تقولش نهار من نهارات هيك خدام,3.765000104904175,youtube_anYsyt84buw_15,0.375
labeled_linagora_cs_arabize,زام تدبر زوي السور دي زايدين,الاحزان تدبر زوي السور ديزايدين من عند,3.7860000133514404,youtube_anYsyt84buw_16,0.5714285714285714
labeled_linagora_cs_arabize,,عرفه قال,1.6430000066757202,youtube_anYsyt84buw_17,1.0
labeled_linagora_cs_arabize,شليحويجة مد بها أم لولاد ولولاد,نشري حويجه نود بها ام الاولاد ولاولاد,3.5439999103546143,youtube_anYsyt84buw_18,0.8571428571428571
labeled_linagora_cs_arabize,تعدى من قدام بياع غلة وقف وبدا يتفرش,اتعدى من قدام بياع غله وقف وبدايه فرج,5.666999816894531,youtube_anYsyt84buw_19,0.5
labeled_linagora_cs_arabize,فراولو أمان توت العليج والأناب,الفراوله رمان والتوت العليق والعناب,5.185999870300293,youtube_anYsyt84buw_20,1.0
labeled_linagora_cs_arabize,نفاح والنفاح وزوز الهندو,و التفاح والنفاح وزوز الهند,3.4260001182556152,youtube_anYsyt84buw_21,0.6
labeled_linagora_cs_arabize,مدلا أكلعنب ملولبعلى وراقو وو,ولنزله اكل عنب بملوله بعوراقه و اللوز,4.265999794006348,youtube_anYsyt84buw_22,1.0
labeled_linagora_cs_arabize,روحين وجلبين,بروحين وقلبين,1.6030000448226929,youtube_anYsyt84buw_23,1.0
labeled_linagora_cs_arabize,قال ما نقدر كان عليه,قال ما نقدر كان عليه,1.3830000162124634,youtube_anYsyt84buw_24,0.0
labeled_linagora_cs_arabize,روحبها,هنروح بيها,0.7609999775886536,youtube_anYsyt84buw_25,1.0
labeled_linagora_cs_arabize,منها عشا ومنها غلق لالصغيرات نعطيهم كل واح,منعشه ومنها غله الصغيرات نعطيهم كل واحد,4.327000141143799,youtube_anYsyt84buw_26,0.7142857142857143
labeled_linagora_cs_arabize,شين يعمدو ربي وشكروه,ومتعشين يحمدوا ربي ويشكروه,2.2249999046325684,youtube_anYsyt84buw_28,0.75
labeled_linagora_cs_arabize,هاك الخدام اختارك عيبداللع,هيك الخدام اختار كعيبه دلاع وزنها له,3.865000009536743,youtube_anYsyt84buw_29,0.8571428571428571
labeled_linagora_cs_arabize,قلسها هزها حتى تحت ضبوته وشد ني,البياع خلصها هزها حتى تحذبوته وشد اثنيته,6.027100086212158,youtube_anYsyt84buw_30,0.7142857142857143
labeled_linagora_cs_arabize,ادار مروح بيها ادن يا شيلي تحرق تقول,للدار مروح بيها الدنيا شيلي تحرق تقول,4.447000026702881,youtube_anYsyt84buw_31,0.42857142857142855
labeled_linagora_cs_arabize,اب من بيبان جهنم محلول والشمس سنق براسب,باب من بيبان جهنم محلول و الشمس تنقب راس,3.484999895095825,youtube_anYsyt84buw_32,0.5555555555555556
labeled_linagora_cs_arabize,ومخلطت بهكدالاعل دار,العصفور وما خلقت بهاك الدلاعه للدار لما,3.6649999618530273,youtube_anYsyt84buw_33,1.0
labeled_linagora_cs_arabize,ولا تتفور كالعظمة المروبة,ولات تفور كالعظمه المروبه,2.3450000286102295,youtube_anYsyt84buw_34,1.0
labeled_linagora_cs_arabize,كات ربع على الجلد قدام الميدا وقال,اتربع على الجلد قدام الميده وقال له,4.145999908447266,youtube_anYsyt84buw_35,0.5714285714285714
labeled_linagora_cs_arabize,خليني نشقها في اثنين ونحطها في البير,خليني اشقها في اثنين ونحطها في البئر باش,3.1640000343322754,youtube_anYsyt84buw_36,0.375
labeled_linagora_cs_arabize,نادى المرط جبتلو السكينةذ,تبرد نادى المرته جابت له سكينه اخذاها,4.045000076293945,youtube_anYsyt84buw_37,0.8571428571428571
labeled_linagora_cs_arabize,ويسمع في سوت متاع واحد ينين,الدلاعه ويسمع في صوته متاع واحد يمين,3.063999891281128,youtube_anYsyt84buw_38,0.42857142857142855
labeled_linagora_cs_arabize,قول بنادمي شدوه من خناقو عل أعجب,تقول بنادم شدووه من خناقه على اعجب او,4.8460001945495605,youtube_anYsyt84buw_39,0.875
labeled_linagora_cs_arabize,كأن واحد يبكي وقف وذنيه يتصقر ي,كاين واحد يبكي واقف وذنيه يتصقر باش يعرف,4.145999908447266,youtube_anYsyt84buw_40,0.5
labeled_linagora_cs_arabize,جاي سوت مسمع شي,منين جاي الصوت ما سمع شيء,2.7639999389648438,youtube_anYsyt84buw_41,0.8333333333333334
labeled_linagora_cs_arabize,س تعود مع الشيطان وقلش بيني ياخي وي,استعود من الشيطان وقال شبيني يا اخي وليت,3.6059999465942383,youtube_anYsyt84buw_42,1.0
labeled_linagora_cs_arabize,خايل في الأسوات,نستخايل في الاصوات,1.3619999885559082,youtube_anYsyt84buw_43,0.6666666666666666
labeled_linagora_cs_arabize,حاصل هو جا ب يرشق مرخرة السكين,الحاصل هو جابش يرشق مره اخرى السكينه,3.625,youtube_anYsyt84buw_44,0.8571428571428571
labeled_linagora_cs_arabize,دلاعة ا يشقها في اثنين,فيها قداعه باش يشقها في اثنين والسود,3.4059998989105225,youtube_anYsyt84buw_45,0.5714285714285714
labeled_linagora_cs_arabize,هذي غريبة الغرايبة,هاذي غريبه الغرائب,1.121999979019165,youtube_anYsyt84buw_47,1.0
labeled_linagora_cs_arabize,ليع تتكلم,الدلاعه تتكلم,1.0019999742507935,youtube_anYsyt84buw_48,0.5
labeled_linagora_cs_arabize,لكن هو هف عليها باش يقصها ويسمع في سيح,لكن هو هف عليها باش يقصها ويسمع في سيحه,5.186999797821045,youtube_anYsyt84buw_49,0.1111111111111111
labeled_linagora_cs_arabize,قت باب العرش,شقه باب العرش,0.8820000290870667,youtube_anYsyt84buw_50,0.3333333333333333
labeled_linagora_cs_arabize,للاع اماقللها ونا,على حاله الدلاعه اما قال لها و انا كيفاش,3.1449999809265137,youtube_anYsyt84buw_51,1.0
labeled_linagora_cs_arabize,عمل قالتلو رجعني البيع الغلة,باش نعمل قالت له رجعني لبيع الغله وهو,3.805999994277954,youtube_anYsyt84buw_52,0.875
labeled_linagora_cs_arabize,نرجعلك فلوس كشني بيهم حاجة أخرى,يرجع لك فلوسك اشري بيهم حاجه اخرى,2.364000082015991,youtube_anYsyt84buw_53,0.8571428571428571
labeled_linagora_cs_arabize,لكن خدام الأحزان هزهك دليلعسا,هيك خدام الاحزان هز هكدليل على ساق,3.8459999561309814,youtube_anYsyt84buw_54,0.8571428571428571
labeled_linagora_cs_arabize,قداموعشر لتالي وخرج في هك القائل,القدام وعشره التالي وخرج في هاذا القائله,4.006999969482422,youtube_anYsyt84buw_55,0.7142857142857143
labeled_linagora_cs_arabize,حنانية بشي رلجهة,الحنانيه باش يرجعها,1.6019999980926514,youtube_anYsyt84buw_56,1.0
labeled_linagora_cs_arabize,معلوقات تجري شرت لأسباب ل وسقيه,عروقات تجري شرت الاسبابل وساقيه ولا,4.406000137329102,youtube_anYsyt84buw_57,0.6666666666666666
labeled_linagora_cs_arabize,شلبق في وستك المداس اللي يلابسو من كثر,تتشلبق في وسطك الي لابسه من كثر ما,3.865999937057495,youtube_anYsyt84buw_58,0.75
labeled_linagora_cs_arabize,رقتخلت بالغبرة,العرق تخلص بالغبره,1.3830000162124634,youtube_anYsyt84buw_59,1.0
labeled_linagora_cs_arabize,الحاصل اخلطت للبيع,الحاصل اغلقت للبياع,2.0429999828338623,youtube_anYsyt84buw_60,0.6666666666666666
labeled_linagora_cs_arabize,قالو يا خويا سمحني أنا راني خذيت,قالوا يا خويا سامحني انا راني خديت من,3.2049999237060547,youtube_anYsyt84buw_61,0.625
labeled_linagora_cs_arabize,دك هد لاعة هذي في بالي عندي ذياف,عندك هاذا الدلاعه هادي في بالي عندي ضياف,3.7860000133514404,youtube_anYsyt84buw_62,0.625
labeled_linagora_cs_arabize,ياخي ماجاوش ترجعها ليشع,اليوم يا اخي ما جاوش ترجعها ليش البياع,4.644999980926514,youtube_anYsyt84buw_63,0.875
labeled_linagora_cs_arabize,قلو اش معناها تقصد كي ترجعها ترجعلك,قال له آش معناها تقصد كي ترجعها رجعلك,4.866000175476074,youtube_anYsyt84buw_64,0.5
labeled_linagora_cs_arabize,قالوا  كان تعمل مزيا قالوا ترجي,فلوسك قال له كان تعمل مزيه قال له ترجيع,4.665999889373779,youtube_anYsyt84buw_65,0.7777777777777778
labeled_linagora_cs_arabize,لوس لا أما كان تحب نعطيك غلة في بلاستها,الفلوس لا اماكن تحب نعطيك غله في بلاصتها,3.4639999866485596,youtube_anYsyt84buw_66,0.625
labeled_linagora_cs_arabize,هك الراجل بقا يخمم قاس غاص ومنها قالو,هاك الراجل بقى يخمم قاس قاس ومنها قالوا,5.4679999351501465,youtube_anYsyt84buw_67,0.5
labeled_linagora_cs_arabize,زهك الباكو وروح للضاق هو دوب ما وصلو,هزهك الباكو وروح للدار هو دوب ما وصل له,4.705999851226807,youtube_anYsyt84buw_68,0.4444444444444444
labeled_linagora_cs_arabize,وشايح وقعد قدام الميدا اجبدك عيبة,ريق وشايح وقعد قدام الميده آش بدك عيب,4.065999984741211,youtube_anYsyt84buw_69,0.625
labeled_linagora_cs_arabize,اغسلها وول ح,اخوك اغسلها وطول حلفه,2.941999912261963,youtube_anYsyt84buw_70,0.75
labeled_linagora_cs_arabize,د بيه يسمع في سوتينين,واذا به يسمع في سوتنين,2.003000020980835,youtube_anYsyt84buw_71,0.6
labeled_linagora_cs_arabize,اود حل فم,عاود حل فمة,1.0219999551773071,youtube_anYsyt84buw_72,0.6666666666666666
labeled_linagora_cs_arabize,والسيحة تلعب توجة عل قل,والسياحه طلعت توجع القلب,1.8020000457763672,youtube_anYsyt84buw_74,1.25
labeled_linagora_cs_arabize,ك الراجل تهز تنفض ويسمع في الخوخ,اكل الرجل تهزو تنفذ ويسمع في الخوخها كي,3.303999900817871,youtube_anYsyt84buw_75,0.75
labeled_linagora_cs_arabize,لتلو يا خو يا معمولك الربي ماتاكنيش,قالت له يا خويا معموله الربي ما تاكلنيش,3.3459999561309814,youtube_anYsyt84buw_76,0.875
labeled_linagora_cs_arabize,,السيد,0.5009999871253967,youtube_anYsyt84buw_77,1.0
labeled_linagora_cs_arabize,جاع ع بياع,رجاع البياع,0.9610000252723694,youtube_anYsyt84buw_78,1.5
labeled_linagora_cs_arabize,القرطاس متع الخوخ قاللو تعمل مزي,بالقرطاس نتاع الخوخ قال له تعمل مزيه على,3.6459999084472656,youtube_anYsyt84buw_79,0.75
labeled_linagora_cs_arabize,تعطيني فلوسهم راهم بقالي ح,اخوك تعطيني فلوسهم راهو ما بقى لي حتى,3.5460000038146973,youtube_anYsyt84buw_80,0.75
labeled_linagora_cs_arabize,وما عنديش عشاليل,شيء وما عنديش عشاء ليله,2.062999963760376,youtube_anYsyt84buw_81,0.6
labeled_linagora_cs_arabize,ياع قالو لا رجعلك لاترجعلي,البياع قال له لا نرجع لك لا ترجعلي اشنو,3.9649999141693115,youtube_anYsyt84buw_82,0.8888888888888888
labeled_linagora_cs_arabize,خلني من الباب وتخرجني من لخوخة,تدخلني من الباب و تخرجني من الخوخه هز,2.9240000247955322,youtube_anYsyt84buw_83,0.625
labeled_linagora_cs_arabize,متيعك وقصد ربي,الخوخه نتاعك ربي الراجل,2.8440001010894775,youtube_anYsyt84buw_84,0.75
labeled_linagora_cs_arabize,بالخير وفي اللخرك البياع,ويدعي له بالخير و في الاخر البياع,2.76200008392334,youtube_anYsyt84buw_85,0.7142857142857143
labeled_linagora_cs_arabize,روح بها للدار و,بطيخه روح بها للدار ونفس الفصل الي,3.4660000801086426,youtube_anYsyt84buw_86,0.5714285714285714
labeled_linagora_cs_arabize,اوت هو بيدو,تعاود هو بيده,1.1419999599456787,youtube_anYsyt84buw_87,0.6666666666666666
labeled_linagora_cs_arabize,بتفيختكالمتلو,البطيخه تكلمت له,1.281999945640564,youtube_anYsyt84buw_88,1.0
labeled_linagora_cs_arabize,تتكلم الواحد لعاد لا ياكل,الي تتكلم الواحد لا عاد لا ياكل,2.684000015258789,youtube_anYsyt84buw_89,0.42857142857142855
labeled_linagora_cs_arabize,تيخ لعوينا,بطيخ العوينه,2.684000015258789,youtube_anYsyt84buw_90,1.0
labeled_linagora_cs_arabize,لكن الخدام قايد غب ومنها قال ال,اكل خدام قائد غبن ومنها قال و الله لما,4.465000152587891,youtube_anYsyt84buw_91,0.7777777777777778
labeled_linagora_cs_arabize,شي للسلطان ونحكيله الحكايا,نمشي للسلطان ونحكي له الحكايه هز روحه,4.204999923706055,youtube_anYsyt84buw_92,0.8571428571428571
labeled_linagora_cs_arabize,كالبفيخة ومشي للصرايا يل,ومعاها كالبطيخه ومشى للصرايا يلقى صف,4.125,youtube_anYsyt84buw_93,0.8333333333333334
labeled_linagora_cs_arabize,يلبقى يستنم,طويل بقى يستنىو,1.4620000123977661,youtube_anYsyt84buw_94,1.0
labeled_linagora_cs_arabize,دخلو دخل خلط قدام السلطان عطا كار طاعة,دخلوا دخل خلط قدام السلطان اعطى كارطاعه,5.486999988555908,youtube_anYsyt84buw_95,0.5714285714285714
labeled_linagora_cs_arabize,وقالو يسيدي راهي غريبتي غريبا,وقالوا يا سيد راهي غريبتي غريبه كل ما,3.946000099182129,youtube_anYsyt84buw_96,0.75
labeled_linagora_cs_arabize,غل ونجيب شناكلا تقوم تبك,نشري غله ونجيب ناكلها تقوم تبكي وتقول لي,3.7269999980926514,youtube_anYsyt84buw_97,0.75
labeled_linagora_cs_arabize,ك النيش,ما تاكلنيش,0.6809999942779541,youtube_anYsyt84buw_98,1.0
labeled_linagora_cs_arabize,سلطان خزرلو وبقاينا عملو براسو,السلطان خزر له وبقاي نعملوا براسه الخدام,5.267000198364258,youtube_anYsyt84buw_99,1.0
labeled_linagora_cs_arabize,م يستنىف السلطان فماش م يق,ما فهمش يستنى في السلطان فماش ما يقلو,3.2039999961853027,youtube_anYsyt84buw_100,0.75
labeled_linagora_cs_arabize,م قالو شي لوزيت بجناب السلطان,حاجه ما قال له شيء الوزير بجنب السلطان,4.145999908447266,youtube_anYsyt84buw_101,0.875
labeled_linagora_cs_arabize,قال لك الخدام,قال الهيكل خدام,1.2020000219345093,youtube_anYsyt84buw_102,0.6666666666666666
labeled_linagora_cs_arabize,سلطان راه اسمع حكايتك يا ولدي,السلطان راهو سمعها حكايتك يا ولدي امام,3.4449000358581543,youtube_anYsyt84buw_103,0.5714285714285714
labeled_linagora_cs_arabize,ستناش منو جواب راه ما يتكلمش الر,تستناش منه جواب راهو ما يتكلمش هاك الرجل,4.3460001945495605,youtube_anYsyt84buw_104,0.625
labeled_linagora_cs_arabize,قايد غب قال هذي أخرت لخاير عات,بقاي يتغبن قال هاذي اخرت لخاير عاد ان غلت,4.650000095367432,youtube_anYsyt84buw_105,0.7777777777777778
labeled_linagora_cs_arabize,كلم والسلطان ميتكلمش كيف تجي هذي,تتكلم و السلطان ما يتكلمش كيفاش تجي هادي,3.565000057220459,youtube_anYsyt84buw_106,0.875
labeled_linagora_cs_arabize,ذاك البطيخة اللي جابها معاه اتكلمت,هاك البطيخه الي جابها معه اتكلمت قالت,3.765000104904175,youtube_anYsyt84buw_107,0.7142857142857143
labeled_linagora_cs_arabize,شفت ماو هذا مشين دق,له شفت ماو هاذا مسي نطق,3.246000051498413,youtube_anYsyt84buw_108,0.6666666666666666
labeled_linagora_cs_arabize,نتما مع حكايا جديدة مع حكايا شلاروي,كنتم مع حكايه جديده ما حكايهاش العروي نص,3.505000114440918,youtube_anYsyt84buw_109,0.875
labeled_linagora_cs_arabize,نحميدة منتج وإخراج محمد بقطايا,عماد بن حميده مونتاج واخراج محمد بوقطايه,3.184999942779541,youtube_anYsyt84buw_110,0.8571428571428571
labeled_linagora_cs_arabize,تقديم محمد السياري,تقديم محمد السياري,1.343000054359436,youtube_anYsyt84buw_111,0.0
labeled_linagora_cs_arabize,مانحبضهمش ماكسيموم نلقى روحي ابليجة ليلة الدفوار,ما نحبذهم ش ماكسيموم نلق روحي اوبليج ليلة ال دوفوار,4.320000171661377,0000027_0000068_0000001_27_68_1_0,0.7
labeled_linagora_cs_arabize,يا حلوان,العنوان,0.6800000071525574,ar--1546_1.5.wav_1546_1.5_0,2.0
labeled_linagora_cs_arabize,ل,بيرسون ايز كلوزد تو يو بالرغم الي يو جوست ميت هيم اور يوف بين لايك توكينق فور ما نعرف ش عليكم ا شورت بيريود اوف تايم سو,12.031999588012695,Melekher0000008_0000028_0000000_Melekher8_28_0_0,1.0
labeled_linagora_cs_arabize,ل اختر مهاك فيت حات مخاطر انتي توا وليدت ليماج دماك تاع لي جود و انا ستا كتبت وكيمرك لوتار ماتيناس قلت معيزو لوتار,اخطر من هكة اون فات حاتم انت توا وريت لايماج دو مارك متاع لي جو دي مو ستاتو كتبتو كي مركا لوتارو مارتينيز قلت معيز,11.496000289916992,segment_0000289_segment_289_0,0.92
labeled_linagora_cs_arabize,سع ولا حاج ا,كومون انسايد ولا حاجة يتس نوت قونا مايك يو فيل سو لايك,4.015999794006348,0000071_0000048_0000000_71_48_0_0,0.9166666666666666
labeled_linagora_cs_arabize,منشمرتحين كمل سنين  ومربطا باللي متلولكشتعدى في البحر كفعبعامك,اما ما ما ني ش مرتاحين كان من الثنية دونك و مربوطة بالايامات لولى كيفاش باش يتعدى في البحر كيفاش العباد باش تتعامل,6.432000160217285,amenyKH_0000007_chunk_0000096_007_chunk_96_0,0.9130434782608695
labeled_linagora_cs_arabize,قالوا ين ين,قالوا انا انا,0.9359999895095825,0000019_0000113_19_113_0,0.6666666666666666
labeled_linagora_cs_arabize,باش مولو المؤسسات الناشأة هذية باش نحكيو نين كيفاش صحب مؤسسة الناشئة هذية ينجم اليوما يمشي باش يدق البيبان بش يجيب الفلوس ر باش نحكيو كان على الفلوس اللي تهم المؤسسات الناشأة مانشف نحكيو على الفلوس اللي تم المشاريع الشغرة هذا الكليكون في موعد,باش يمولوا المؤسسات الناشئة هاذيا باش نحكيو منين كيفاش صاحب مؤسسة ناشئة هاذيا ينجم من اليوما يمشي باش يدق البيبان باش يجيب لفلوس توت ان ساشان راهو باش نحكيو كان عالفلوس الي تهم المؤسسات الناشئة ما نا ش باش نحكيو عالفلوس لي تهم المشاريع الصغرى هاذا الكل يكون في موعدنا,15.031999588012695,0000001_sub_audio_chunk_0000006_1_sub_audio_chunk_6_0,0.62
labeled_linagora_cs_arabize,نشكرك عل الرزرفاتيون وإن شاء الله تعدي بيها جو,عال ريزيرفاسيون و ان شاء الله تعدي بيها جو نشكرك,3.568000078201294,ar--3647_1.wav_3647_1_0,0.5
labeled_linagora_cs_arabize,قضية بالحق مايوفاوش ندورو نجري ندورو نجري وندورو نجري والعباد تصيح والكراهب والحس و التزمير م بعد كيرا وحد معناها     وتوس,قضيات بالحق ما يوفاوش ندور و نجري ندور و نجري ندور و نجري و لعباد تصيح و الكراهب و الحس و التزمير من بعد كي روحت معناها اند ذاتس مومنت اوف بيس يت واز سو,12.031999588012695,0000662_0000145_0000000_662_145_0_0,0.7428571428571429
labeled_linagora_cs_arabize,يعمل هاكا يسبك مثلا وكومنترو ظامر مثلا والا يلقى برشا ناس كيفو ويجاميلو ويتفعلو معاه ما عندك حتى فكرة الأوفوري اللي تمسو,يعمل هكة يسبك مثلا و كومنتارو ضامر مثلا و الا يلقى برشا ناس كيفو و يجاميولوا و يتفاعلوا معاه ما عندك حتى فكرة الاوفوري لي تمسوا ل,9.144000053405762,amenyKH_0000038_0000081_0000001_38_81_1_0,0.5185185185185185
labeled_linagora_cs_arabize,نا خيا عنا ديكتيونار تاع سبان في تونساحنا نلحنو ونألفو في السبان,احنا خويا عنا ديكسيونار متاع سبان في تونس ايه احنا نلحن ونالفوا في السبان ايه مع القانون ولا,5.688000202178955,youtube_Z6sAxdUMGuY_0,0.7222222222222222
labeled_linagora_cs_arabize,بيطبيعك حال قانون أنك اي قانون,بطبيعه الحال قانون انا قانون,3.063999891281128,youtube_Z6sAxdUMGuY_1,0.8
labeled_linagora_cs_arabize,كلانعملمذكر تاع الأمر معروف بالعصي  دين,كان لي انا نعملهم هذاكة متاع الامر بالمعروف بالعصي فوق فوق تروتوار اه تسب في الدين,4.9039998054504395,youtube_Z6sAxdUMGuY_2,0.9375
labeled_linagora_cs_arabize,وتقول وتسب الجلالة وتقول كلام سفيها واحد هو بنته وهو أمه وهو مرته يب يب كبير وكو,وتقول و تسب الجلاله وتقول الكلام السفاها واحد هو وبنته وهو امه وهو مرته عيب عيب كبير وكهو,6.71999979019165,youtube_Z6sAxdUMGuY_3,0.5555555555555556
labeled_linagora_cs_arabize,يلزم قانون ردع  كان اللي شدني في الحكايةلكر الكل,يلزم قانون ردع ان تو لي كا الي شدني في الحكايه انه لي ايكو لي ايكو لي كومنتار الكل,4.840000152587891,youtube_Z6sAxdUMGuY_4,0.6842105263157895
labeled_linagora_cs_arabize,تواث م مع,التوانس مع مع تتساءل ياخي شكون الي يسب,3.0390000343322754,youtube_Z6sAxdUMGuY_5,0.875
labeled_linagora_cs_arabize,,الملايكه الملايكه,0.6629999876022339,youtube_Z6sAxdUMGuY_6,1.0
labeled_linagora_cs_arabize,شعب الموزمبيقييارافيق والله قلل قليل يسبو في الشارع قدام العباد الكبار,الشعب الموزمبيق عايش معانا يا رفيق و الله قله قليله يسبوا في الشارع قدام العباد الكبار,4.728000164031982,youtube_Z6sAxdUMGuY_7,0.6875
labeled_linagora_cs_arabize,رجع و للكول   صال  در  سعيد ل فا   كعبة ببلون,رجع هو لل ايكول بعد مشينا انا و صالح كملنا درنا سيد بوسعيد و على فازات و على كعبات بامبالوني لا بيان سور كعبات بامبالوني و كل,8.51200008392334,0000027_0000185_0000002_27_185_2_0,0.9259259259259259
labeled_linagora_cs_arabize,قل كيفاش نو حدد  ممثل ولا كوتش يقول لي لا كوتش قولو تحب الشي هذا ونشوف فيه اللي هو إنتي تحب شفت روحك أوك فازي أو كيفاش تع,كيف شنوا حددلي ممثل و لا كوتش يقلي لا كوتش نقلو تحب الش هاذا و نشوف فيه الي هو انت تحب شفت روحك اوك فا زي هاو كيفاش تعمل,11.02400016784668,amenyKH_0000043_0000079_0000000_43_79_0_0,0.6896551724137931
labeled_linagora_cs_arabize,تحب تشرب حاجة,تحب تشرب حاجة,1.1119999885559082,TunSwitchTO_0000045_0000014_0000022_0000001y0000004_45_14_22_1y4_0,0.0
labeled_linagora_cs_arabize,الكاحة,الكحة,1.0640000104904175,ar--2197_0.75.wav_2197_0.75_0,1.0
labeled_linagora_cs_arabize,مش مس,مشمس,0.671999990940094,ar--1156_1.wav_1156_1_0,2.0
labeled_linagora_cs_arabize,وصيف سني مشمش صلاعة,آه صيف السنة آه ما ثماش خلاعة,2.1519999504089355,amenyKH_0000007_chunk_0000076_007_chunk_76_0,1.0
labeled_linagora_cs_arabize,ثلاثة,ثلاثة,0.527999997138977,tn9848_0,0.0
labeled_linagora_cs_arabize,وقتها امشي طول ون بعد الدورة الثانية لا ثالثة ع اليصار,وقتها امشي طول و من بعد الدورة الثانية لا الثالثة على ليسار,5.576000213623047,ar--3577_1.wav_3577_1_0,0.4166666666666667
labeled_linagora_cs_arabize,كان وصلهم من أبعد البدان الأفريقية,كان يوصللهم من ابعد البلدان الافريقية,2.0160000324249268,0000019_0000021_19_21_0,0.6666666666666666
labeled_linagora_cs_arabize,ا عندي م ميبدي ها نيد,بيان سور زادة عندي معناها ماي بودي هاز يتس نيد,4.0320000648498535,Melekher0000012_0000068_0000001_Melekher12_68_1_0,0.8
labeled_linagora_cs_arabize,ا    ح,تراي تو دو ستاف الي مايك يو فيل هابي,4.607999801635742,0000070_0000057_0000004_70_57_4_0,1.0
labeled_linagora_cs_arabize,كسب قلك معنتها يزم اصلاح الانظمة هذوما ونصور الاصلاح باش يطرق باش معت ينجر عليه انخفاظ في مستوى جرايات يعني اليوم هالاشكاليات هذوما اللي مطروحة في المقابل عن,دي اكسبير يقولك معنتها يلزم اصلاح الانظمه هذوما ونتصور الاصلاح باش يطرق باش معنتها ينجر عليه انخفاض في مستوى الجرايات يعني اليوم هال الاشكاليات هذوما الي مطروحه في المقابل عنا حلول,15.02400016784668,segment_0000913_segment_913_0,0.4838709677419355
labeled_linagora_cs_arabize,la convention cadr,م لا كنفينسيون كادر متاع,1.8880000114440918,amenyKH_0000006_0000006_0002012_partie0000006_chunk_0000230_06_06_2012_partie6_chunk_230_0,1.0
labeled_linagora_cs_arabize,تاعك متع نت لع سلم الاجتماعي تعك ل,متاعك متاع انت طلعت في السلم الاجتماعي متاع اكال يو مايد يت اونتر قيوميت,3.9519999027252197,0000050_0000076_0000000_50_76_0_0,0.9285714285714286
labeled_linagora_cs_arabize,بدنيعضوية ولتعيقهم والمدرسة التربوية قامت اجهود في السابق لكن غير كافية وهذي زمنا نذكرهم خاصة فنفي الضرف الحالي في تونس الفئات هذي كانناسيناها,بدنية عضوية و الي تعيقهم والمدرسة التربوية قامت الجهود في السابق لكن غير كافية و هاذي يلزمنا نتذكروها خاصة في انو في الظرف الحالي في تونس الفئة هاذيا كان تناسيناها,10.824000358581543,amenyKH_Partie0000009_chunk_0000079_Partie9_chunk_79_0,0.6
labeled_linagora_cs_arabize,تطلب برشة,تطلب برشا,1.7200000286102295,totleb_barcha_31591_0,0.5
labeled_linagora_cs_arabize,جيتو معناها منبلاصة بعيدة مش حتى بعيدة منبلاصة أخرى معناها,جيتو معناها من بلاصة بعيدة مش حتى بعيدة من بلاصة اخرى معناها ذاي كايندا يوز يو اور سامثينق يو نو لايك,6.935999870300293,0000060_0000100_0000002_60_100_2_0,0.6666666666666666
labeled_linagora_cs_arabize,قتني نقبل كنت نحكي مع سيد عالسحرة كل شي,قبيلة كنت نحكي مع سيد عالصحراء و كل شيء هو انو,3.328000068664551,0000038_0000168_0000000_38_168_0_0,0.6363636363636364
labeled_linagora_cs_arabize,ن منيش عارفا كيفاش السستيم تاع القرايا معندي,اند ما ني ش عارفة كيفاش ال سيستام متاع القراية ما عندي حتى,4.223999977111816,Melekher0000010_0000050_0000001_Melekher10_50_1_0,0.9230769230769231
labeled_linagora_cs_arabize,خاطر تفرق باش تعمل في الدار فانت بركونتر ماتلقاش واحد فرايما عامل افور في الدار وما يلقاش رزلته صعيب,خاطر تفرق بشتعمل في الدار فهمت بار كونتر مفماش واحد فريمون عامل افور في الدار و ما يلقا ش ريزولتا صعيب,6.584000110626221,0000027_0000053_0000001_27_53_1_0,0.5714285714285714
labeled_linagora_cs_arabize,وين باش تضرب وين البرامج الي قاعدي نتعدو فيها فيما يلزم,وين باش تضرب وين البرامج الي قاعدين يتعداوا فيها كيما يلزم,3.5439999103546143,amenyKH_Hkayet_Tounsia_S0000002_Episode_0000028_0000026_0000003_0002018_Partie_0000003_Sync0000125_no_speaker_0000734.0000078_0000738.0000033_Hkayet_Tounsia_S02_Episode_28_26_03_2018_Partie_03_Sync125_no_speaker_734.78_738.33_0,0.2727272727272727
labeled_linagora_cs_arabize,هذي اللي نحن نوفروه,هذايا لي احنا نوفروه,1.4079999923706055,0000011_0000028_11_28_0,0.75
labeled_linagora_cs_arabize,زوز همبرجر وززقها ويعايشك باشنهزو,زوز هامبرغر و زوز قهاوي يعيشك باش نهزوهم,3.1040000915527344,TunSwitchTO_0000046_0000021_0000005_0000107_46_21_05_107_0,0.875
labeled_linagora_cs_arabize,نقلكم اعرفوا y goل على خطر كان انت y goل,نقلكم اعرفوا يور قولز على خاطر كان انت يور قولز,3.568000078201294,0000070_0000017_0000000_70_17_0_0,0.5
labeled_linagora_cs_arabize,اتrبي,اترفار,1.0160000324249268,ar--1316_0.75.wav_1316_0.75_0,1.0
labeled_linagora_cs_arabize,كبيرة من أوروبا ومن إيطاليا بالتحديد باش نكونو معناتها باش نحرصو الحدود الأوروبية وباش ننخرطو ففي سياسات الهجرة الو,كبيرة من اوروبا و من ايطاليا بالتحديد باش نكونوا معنتها باش نحصروا الحدود الاوروبية و باش ننخرطوا فسياسة الهجرة,11.991999626159668,0000050_0000063_0000000_50_63_0_0,0.6842105263157895
labeled_linagora_cs_arabize,ktip yektip ke tip,كتب يكتب كاتب,2.312000036239624,kteb_yekteb_kateb_31044_0,1.3333333333333333
labeled_linagora_cs_arabize,عليهم وتنفستي عليهم اللي هو صغير ماللي هو كل شي أهنا نحاولوا في الصالون متاعنا هذيا نثمنوا المجهودات ونثمنو خاصة قيمة المرشي هذيا نوفروا معناها للشركات نفعمو ب باش ينفستيه ولا يعملو ب,وتنفستي عليهم ماللي هو صغير هو كل شيء احنا نحاولو في الصالون متعنا هذايا نثمنو المجهودات وثمنوا خاصة قيمهدة المارشي هذايا نوفر معنها للشركات اونفيرونمون باهي باش ينفستيو ولا يعملوا بي توا بي,12.64799976348877,segment_0000963_segment_963_0,0.6666666666666666
labeled_linagora_cs_arabize,نرمي ولامع,بالله آه هاكي ال كنفرمسيون بور بور آه الترينو متاع الثلاثة لتونس سلام عليكم,4.311999797821045,amenyKH_MIC0000001_mod_0000070_chunk_0000007_MIC00001_mod_70_chunk_7_0,1.0
labeled_linagora_cs_arabize,ف النسا بتاعي فما,في الليسة متاعي فمة,1.1119999885559082,ar--3315_1.25.wav_3315_1.25_0,1.0
labeled_linagora_cs_arabize,خ لي   ل  ل  ال,قنلي شبيك ريزولتا قلتلها تي باهي اخرج عليا عاد صايي خنكمل نرقد مريقل نجحت يعطيني الصحة خنرقد على روحي و الله و رجعت رقدت,8.232000350952148,0000027_0000138_0000000_27_138_0_0,1.0
labeled_linagora_cs_arabize,بيلشهور شهور ب شريف ي نسمع في كمملم حليل ص وشفتني ولباس,تبطيل الدخان متاع ستة شهور و ثمنية شهور عملت تحليل و الحمد نعم معناتها التحليل و سى فا وشافتو لا باس و,8.02400016784668,amenyKH_0000006_0000006_0002012_partie0000004_chunk_0000096_06_06_2012_partie4_chunk_96_0,0.9545454545454546
labeled_linagora_cs_arabize,الكتاب هذا نعديه الكل تونسي حسالي الكتاب يحكي عنه,الكتاب هاذا نهديه لكل تونسي حس الي الكتاب يحكي عليه,2.9040000438690186,TunSwitchTO_0000030_0000021_0000051_0000042s_30_21_51_42s_0,0.6
labeled_linagora_cs_arabize,telis,السرفيس,0.671999990940094,ar--1489_1.5.wav_1489_1.5_0,1.0
labeled_linagora_cs_arabize,مشير قهوة وقعد في طاولة فيغ,مشى القهوة و قعد في طاولة فارغة,3.1600000858306885,ar--3107_1.25.wav_3107_1.25_0,0.7142857142857143
labeled_linagora_cs_arabize,وكيف ناقس نعمت مصم,و كيف نياس نهبط من الصمعة,2.1679999828338623,0000021_0000139_21_139_0,1.0
labeled_linagora_cs_arabize,sutož,سطاش,1.128000020980835,ar--1134_0.75.wav_1134_0.75_0,1.0
labeled_linagora_cs_arabize,يا غسر م اللول مش مع رض,ايه اغسلهم على الاول مش مع بعضهم,2.0480000972747803,TunSwitchTO_0000077_0000009_0000021_lhl_77_09_21_lhl_0,0.7142857142857143
labeled_linagora_cs_arabize,الآيديا زلي قعدين يجيوني ما شاء الله,ال ايديا لي قاعدين يجيوني ما شاء الله,3.3519999980926514,Melekher0000012_0000162_0000000_Melekher12_162_0_0,0.5
labeled_linagora_cs_arabize,صاو الفيلم باش حكينا الحكاية,الفيلم باش يحكيلنا الحكاية سو ان,3.1679999828338623,amenyKH_0000076_0000031_0000001_76_31_1_0,0.6666666666666666
labeled_linagora_cs_arabize,يعني ما يعتبرش روح اللي هو محمي,لان ما يعتبرش روحو الي هو محمي,1.687999963760376,amenyKH_0000006_0000006_0002012_partie0000005_chunk_0000044_06_06_2012_partie5_chunk_44_0,0.42857142857142855
labeled_linagora_cs_arabize,لي   مالبلاستي هذيكا  وساج ونيك معناها حياتو لدوم  م تاتر,الي كارونت بورسون مال بلاستيك هذاكة ا يوزاج يونيك معناها حياتو تدوم سانك مينوت بو اتر,6.9039998054504395,0000049_0000152_0000000_49_152_0_0,0.875
labeled_linagora_cs_arabize,لمرا,المراة,0.5680000185966492,amenyKH_Hkayet_Tounsia_S0000001_Episode_0000021_0000017_0000004_0002017_Partie_0000001_Sync0000039_no_speaker_0000311.0000087_0000312.0000043_Hkayet_Tounsia_S01_Episode_21_17_04_2017_Partie_01_Sync039_no_speaker_311.87_312.43_0,1.0
labeled_linagora_cs_arabize,خصار,خسارة,0.6959999799728394,ar--3528_1.wav_3528_1_0,1.0
labeled_linagora_cs_arabize,sectur talta le professionnel du,سيكتور تلقا لي بروفيسيونال دو سيكتور,1.5759999752044678,0000009_sub_audio_chunk_0000002_9_sub_audio_chunk_2_0,1.0
labeled_linagora_cs_arabize,كعو كل واحد يجاكم نوع من الحماية م نوع من ل,كهو كل واحد يل جيري كوم يل نوع من الحماية معناها نوع مال ايه,4.455999851226807,0000050_0000273_0000001_50_273_1_0,0.5714285714285714
labeled_linagora_cs_arabize,البي,البنية,0.5199999809265137,ar--1415_1.25.wav_1415_1.25_0,1.0
labeled_linagora_cs_arabize,إلفي,الباب,0.7440000176429749,ar--1727_0.75.wav_1727_0.75_0,1.0
labeled_linagora_cs_arabize,الفو,الفوق,0.8960000276565552,ar--1118_0.75.wav_1118_0.75_0,1.0
labeled_linagora_cs_arabize,أنه البلاد ما تقعدش في مرحلة انتقالية,انو البلاد ما تقعدش في مرحلة انتقالية,2.0239999294281006,amenyKH_0000002_chunk_0000113_002_chunk_113_0,0.14285714285714285
labeled_linagora_cs_arabize,الصوت,الصوت,0.7919999957084656,ar--2144_1.wav_2144_1_0,0.0
labeled_linagora_cs_arabize,ياسيدك بنسيدك,يا سيدك بن سيدك,1.5920000076293945,youtube_XW2xWgL8x-8_0,1.0
labeled_linagora_cs_arabize,كانوا فما ثلاث حلال في صغار عايشين مع أمهم في دار صغيرة,كانو فما تلاثه حلالف صغار عايشين مع امهم في دار صغيرة,4.423999786376953,youtube_XW2xWgL8x-8_1,0.45454545454545453
labeled_linagora_cs_arabize,نهار من نهارات جا لوقت باش لحلالف يخرجو من دارمهم ويتعلمو يعيشو وحدهم,نهار من النهارات جا الوقت باش الحلالف يخرجو من دار امهم و يتعلمو يعيشو وحدهم,6.728000164031982,youtube_XW2xWgL8x-8_2,0.4666666666666667
labeled_linagora_cs_arabize,هكيك,هكاك,0.8080000281333923,youtube_XW2xWgL8x-8_3,1.0
labeled_linagora_cs_arabize,عاية تلهم أمهم,عيطتلهم امهم,1.4559999704360962,youtube_XW2xWgL8x-8_4,1.5
labeled_linagora_cs_arabize,وقالت لهم يا ولادي جي الوقت باش تخرجو للدنيا,و قالتلهم يا ولادي جا الوقت باش تخرجو للدنية,4.248000144958496,youtube_XW2xWgL8x-8_5,0.4444444444444444
labeled_linagora_cs_arabize,امشي وبداو حياتكم وما تنساوش اللي تعملوه عملوه بقلبو رب راهو اللي يحب لللو يصهر الليل بكلو وهكاكا تنجمو تعيشو حياتكم بالكداه,امشيو وابداو حياتكم و متنساوش الي تعملوه اعملوه بقلب و رب راهو الي يحب الللو يسهر الليل بكلو و هكاكة تنجمو تعيشو حياتكم بالقدة,11.552000045776367,youtube_XW2xWgL8x-8_6,0.5833333333333334
labeled_linagora_cs_arabize,حزانة شويا وفي نفس لوقت هيجين سلمو الحلالف على أمهم وشدو ثنيتهم,حزانة شوية و في نفس الوقت هايجين سلمو الحلالف على امهم و شدو ثنيتهم,7.880000114440918,youtube_XW2xWgL8x-8_7,0.5714285714285714
labeled_linagora_cs_arabize,حتى لين لقاو طرف أرض ينجمو يبنيو فوقو ديارهم,حتى لين لقاو طرف ارض ينجمو يبنيو فوقو ديارهم,6.823999881744385,youtube_XW2xWgL8x-8_8,0.1111111111111111
labeled_linagora_cs_arabize,الصغير فيهم حب يبني داروبتبن,الصغير فيهم حب يبني دارو بالتبن,4.552000045776367,youtube_XW2xWgL8x-8_9,0.3333333333333333
labeled_linagora_cs_arabize,مشافي بالو باش يبنو يدارو بزربا,مشى في بالو بش يبني دارو بزربة,3.055999994277954,youtube_XW2xWgL8x-8_10,0.8571428571428571
labeled_linagora_cs_arabize,وهكاكا يقعد لو برشا وقت باش يلعب ياخي حلوف صغير,و هكاك يقعدلو برشة وقت بش يلعب ياخي الحلوف الصغير,6.25600004196167,youtube_XW2xWgL8x-8_11,0.7
labeled_linagora_cs_arabize,بناء دارو وكملها في نهار واحد وهكاكة عاية الخوات وقال لهم شوفو كمل داري,بنا دارو و كملها في نها رواحد و هكاك عيط لخواتو و قاللهم شوفو شوفوو كملت داري,8.192000389099121,youtube_XW2xWgL8x-8_12,0.7647058823529411
labeled_linagora_cs_arabize,كيف شافخوهم الكبير الدار قالو هه هاذي دار شادة في كحة مثبت الدار هاذي باش تحمينا منلذيب,كيف شاف خوه لكبير الدار قلو اهه هاذي دار شاده في شعرة مثبت الدار هاذي بش تحمينا من الذيب,10.887999534606934,youtube_XW2xWgL8x-8_13,0.5263157894736842
labeled_linagora_cs_arabize,أما الحلوف الصغير كان ما يهموش وقال خو تي رتاح يا خويا تو كل شي يكون لابيس,اما الحلوف الصغير كان ما يهمو ش و قال لخوه ارتاح يا خويا طو كل شي يكون لباس,6.751999855041504,youtube_XW2xWgL8x-8_14,0.5
labeled_linagora_cs_arabize,باهي بعد ماتجينيش تتشكرة هو قال خوه الكبير,باهي مبعد ما تجيني ش تتشكا راهو اه قالو خوه لكبير,3.7679998874664307,youtube_XW2xWgL8x-8_15,0.8181818181818182
labeled_linagora_cs_arabize,الحلوف الوسطاني قر باش يبني دارو باللوح,الحلوف الوسطاني قرر بش يبني دارو باللوح,4.111999988555908,youtube_XW2xWgL8x-8_16,0.2857142857142857
labeled_linagora_cs_arabize,مشا لما دعراف شي جر وحب يعمل بيهم كوخ وفي دوب ثلاث أيام كملة الدار وكانت أصح من دار التبن متاع خوه الصغير,مشى لمد اعراف شجر و حب يعمل بيهم كوخ و في دوب تلاثة ايام كملت الدار و كانت اصح من دار التبن متاع خوه الصغير,10.008000373840332,youtube_XW2xWgL8x-8_17,0.56
labeled_linagora_cs_arabize,وخول كبير مشي للدار وقالو يا خويا الغالي يعطيك الصحة أما الدار ما هيش لاك الكل,الخو الكبير مشالو لدار و قلو يا خويا الغالي يعطيك الصحه اما الدار ما هي ش لكل الكل,6.783999919891357,youtube_XW2xWgL8x-8_18,0.6111111111111112
labeled_linagora_cs_arabize,مثبت الدار هاذي باش تحمينا منلذيب,مثبت الدار هاذي بش تحمينا من الذيب,2.5999999046325684,youtube_XW2xWgL8x-8_19,0.42857142857142855
labeled_linagora_cs_arabize,أما الحلوف الوسطاني قال الخوه رتاح يا خويا الدار لابس عليها,اما الحلوف الوسطاني قال لخوه ارتاح يا خويا الدار لباس عليها,5.783999919891357,youtube_XW2xWgL8x-8_20,0.36363636363636365
labeled_linagora_cs_arabize,كيف كانو الحلال ف الزوز عاملين جاو في الديار نتاعهم اللي بناوهم كان خوهم الكبير مازال يبني في دارو وغارق في الخدمة للعنكوش على خاطرو قرر باش يبني دارو من الحجر,كيف كانو الحلالف الزوز عاملين جو في الديار متعهم الي بناوهم كان خوهم لكبير مازال يبني في دارو و غارق في الخدمة للعنكوش على خاطرو قرر بش يبني دار من الحجر,13.807999610900879,youtube_XW2xWgL8x-8_21,0.3225806451612903
labeled_linagora_cs_arabize,أخواتو ما فهموش علاش يصعب فيها على روحو ياخي بشاولو باش يحكيو معاه يا خويا ش بتتصعب فيها وهي ساهله,خواتو مفهموش علاش يصعب فيها على روحو ياخي مشولو بش يحكيو معاه يا خويا شبيك تصعب فيها و هي ساهلة,9.37600040435791,youtube_XW2xWgL8x-8_22,0.5
labeled_linagora_cs_arabize,كان عملت كيف نارك ربحت ورتحت على بكري,كان عملت كيفنا راك ربحت و رتحت على بكري,3.5439999103546143,youtube_XW2xWgL8x-8_23,0.4444444444444444
labeled_linagora_cs_arabize,أما أخوهم الكبير تم اليخدم على روحو وما خلاش كلام أخواته يفشلوه,اما خوهم لكبير كمل يخدم على روحو و ما خالاش كلام خواتو يفشلوه,6.624000072479248,youtube_XW2xWgL8x-8_24,0.6923076923076923
labeled_linagora_cs_arabize,كيفوفات الجمعة يلقى روحو حتى هو كمل دارو بالحجر واليجور,كيف وفات الجمعة يلقى روحو حتى هو كمل دارو بالحجر و الياجور,5.1519999504089355,youtube_XW2xWgL8x-8_25,0.3333333333333333
labeled_linagora_cs_arabize,من غدوة جازيب جيعان بحث ديارهم وقف قدام دار تبن وقت لي الحلوف الصغير كان مقيل في دارو,من غدوة جا ذيب جيعان بحذا ديارهم و وقف قدام دار التبن وقتلي الحلوف الصغير كان مقيل في دارو,8.479999542236328,youtube_XW2xWgL8x-8_26,0.3684210526315789
labeled_linagora_cs_arabize,يا خي دق الزيب الباب,ياخي دق الذيب الباب,3.0,youtube_XW2xWgL8x-8_27,0.75
labeled_linagora_cs_arabize,وقال,و قال,0.9200000166893005,youtube_XW2xWgL8x-8_28,1.0
labeled_linagora_cs_arabize,حل الباب وخليني ندخل ما كانشي ندخل ونخرج وننفخ على دورك نطير هالك,حل الباب و خليني ندخل ماكانشي ندخل ونخرج و ننفخ على دارك نطيرهالك,9.711999893188477,youtube_XW2xWgL8x-8_29,0.6923076923076923
labeled_linagora_cs_arabize,قالو حلوف برا بعيد ما عندك ما تعمل ماكش باش تكثر لي داري ياخي ذيب تخل دخل وخرج ونفخ على الدار طيرها,قالو الحلوف برا بعيد ماعندك ماتعمل مكش باش تكسرلى داري ياخي الذيب دخل و خرج و نفخ على الدار طيرها,12.51200008392334,youtube_XW2xWgL8x-8_30,0.7
labeled_linagora_cs_arabize,وبلصيف ما نجم يهرب الحلوف الصغير اليدارخوه الوسطاني اللي معمولة من الوح,و بسيف نجم يهرب الحلوف الدار خوه المتوسط الي معموله من اللوح,6.039999961853027,youtube_XW2xWgL8x-8_31,0.6666666666666666
labeled_linagora_cs_arabize,كيف تق الباب حل أخوه ونقز هو في وسط الدار,كيف دق الباب حلو خوه و نقز هو في وسط الدار,3.4159998893737793,youtube_XW2xWgL8x-8_32,0.45454545454545453
labeled_linagora_cs_arabize,وفيسا ماسكر الباب وقال مرعوب زيبجي زيبجي يا خويا,و فيسع ما سكر الباب و قال مرعوب الذيب جاي الذيب جاي ياخي,6.072000026702881,youtube_XW2xWgL8x-8_33,0.8461538461538461
labeled_linagora_cs_arabize,ياخي خوه طمنو قالو ما تخافش الذيب ما ينجم يعملنا حتى شي في داري,ياخي خوه طمنو و قالو ما تخاف ش الذيب مينجم يعملنا شي في داري,5.616000175476074,youtube_XW2xWgL8x-8_34,0.42857142857142855
labeled_linagora_cs_arabize,زاد شويا وغلط عليهم الذيب للدار الحلوف الوسطاني ودق الباب وقال,زاد شوية و خلط عليهم الذيب لدار الحلوف الوسطاني و دق الباب و قال,6.168000221252441,youtube_XW2xWgL8x-8_35,0.5714285714285714
labeled_linagora_cs_arabize,حل الباب وخليني ندخل ما كانشي ندخل ونخرج وننفخ على دارك نطير هالك,حل الباب و خليني ندخل ماكانشي ندخل و نخرج و ننفخ على دارك نطيرهالك,8.184000015258789,youtube_XW2xWgL8x-8_36,0.7142857142857143
labeled_linagora_cs_arabize,يغذيب دخل وخرج ونفخ عىالدار طيرها وبالصيف ما نجمو يهربو الحلال ف الزوز لدار خوهم الكبير,ياخي الذيب دخل و خرج و نفخ على الدار طيرها و بسيف مانجمو يهربو الحلالف الزوز لدار خوهم لكبير,9.368000030517578,youtube_XW2xWgL8x-8_37,0.7368421052631579
labeled_linagora_cs_arabize,كيف وصلو وشعرا ولاشدهم الذيب داخلو لدارخوهم مرعوبين يعيتو ذيب جي زيب جي يا خويا,كيف وصلو و شعرة لا شدهم الذيب دخلو لدار مرعوبين يعيطو الذيب جا الذيب جا يا خويا,7.127999782562256,youtube_XW2xWgL8x-8_38,0.6470588235294118
labeled_linagora_cs_arabize,اما اخوهم الكبير قعد رايز وقال ما تخافوش الذيب ماعندو ما يعملنا في داري,اما خوهم لكبير قعد رايض و قال متخافوش الذيب ماعندو مايعمللنا في داري,6.23199987411499,youtube_XW2xWgL8x-8_39,0.6153846153846154
labeled_linagora_cs_arabize,يا خي جازيب ودق الباب وقال بالقوي,ياخي جا الذيب و دق الباب و قال بالقوي,5.9120001792907715,youtube_XW2xWgL8x-8_40,0.7777777777777778
labeled_linagora_cs_arabize,حل الباب وخليني ندخل ما كانش ندخل ونخرج وننفخ على دارك نطير هالك,حل الباب و خليني ندخل ماكانشي ندخل ونخرج و ننفخ على دارك نطيرهالك,8.479999542236328,youtube_XW2xWgL8x-8_41,0.6153846153846154
labeled_linagora_cs_arabize,أنس يا ذيب ماكاش باش تنجم تدخل لها الدار,انسى يا ذيب ماكش بش تنجم تدخللها الدار,3.5360000133514404,youtube_XW2xWgL8x-8_42,0.625
labeled_linagora_cs_arabize,قال الحلوف الكبير,قال الحلوف لكبير,1.4880000352859497,youtube_XW2xWgL8x-8_43,0.3333333333333333
labeled_linagora_cs_arabize,higi narvyzeziep,ياخي تنرفز الذيب,2.8239998817443848,youtube_XW2xWgL8x-8_44,1.0
labeled_linagora_cs_arabize,ودخل وخرج ونفخ وما صار حتى شي للدار ياخي زيد نفخ ونفخ ونفخ,و دخل و خرج و نفخ و ما صارحتى شي لدار ياخي زاد نفخ و نفخ و نفخ,9.088000297546387,youtube_XW2xWgL8x-8_45,0.8333333333333334
labeled_linagora_cs_arabize,اما ما نجمش يحرك حجرة وحدة في الدار,اما مناجمشى يحرك حجرة وحدة في دار,3.7279999256134033,youtube_XW2xWgL8x-8_46,0.42857142857142855
labeled_linagora_cs_arabize,كيف تعب الذيب حب يجرب ثنية واحد أخرى,كيف تعب الذيب حب يجرب ثنيه اخرى,2.880000114440918,youtube_XW2xWgL8x-8_47,0.42857142857142855
labeled_linagora_cs_arabize,كيف شايف الشمينية فوق اصطح دا ذيب يتشعبط فيالدار وشلق بيه الحلوف الكبير اللي هو ماشي الشمينية,كيف شاف الشمينيه فوق السطح بدا الذيب يتشعبط فلدار و شلق بيه الحلوف لكبير الي هو ماشي لشمينية,7.783999919891357,youtube_XW2xWgL8x-8_48,0.6111111111111112
labeled_linagora_cs_arabize,ياخي فيس مشال حلوف الكبير وشعل النار فيالشمينية,ياخي فيسع مشى الحلوف لكبير و شعل النار في الشمينية,4.6479997634887695,youtube_XW2xWgL8x-8_49,0.8
labeled_linagora_cs_arabize,وحتى قصدرية كبيرة معبيا بالما فوق النار تصخن,و حط قصدرية كبيرة معبية بالماء فوق النار تسخن,4.159999847412109,youtube_XW2xWgL8x-8_50,0.5555555555555556
labeled_linagora_cs_arabize,الذيب صيف وصلش مينيا وهبط في وسطها في بالو باش يدخل,الذيب بالسيف وصل ليشمينية و هبط في وسطها فبالو بش يدخل,5.079999923706055,youtube_XW2xWgL8x-8_51,0.7272727272727273
labeled_linagora_cs_arabize,يدخل للدار هو زادا ياخي طاح في الما السخون,يدخل للدار ياخي طاح في الما سخون,4.400000095367432,youtube_XW2xWgL8x-8_52,0.42857142857142855
labeled_linagora_cs_arabize,تصمط فيب فيالم,تصمط الذيب في الماء,1.6720000505447388,youtube_XW2xWgL8x-8_53,0.75
labeled_linagora_cs_arabize,وهكاكا بشا ذيب على روحو وارتاحو لحلالف ملذيب وفرحو,و هكاكة مشا الذيب على روحو و رتاحو الحلالف من الذيب و فرحو,7.984000205993652,youtube_XW2xWgL8x-8_54,0.8461538461538461
labeled_linagora_cs_arabize,ومن غدوة مشاو لحلالف يطلو على أمهم باش يحكيو لها شنوة صار الكل,و من غدوة مشاو الحلالف يطلو على امهم بش يحكيولها شنوا صارلهم الكل,5.039999961853027,youtube_XW2xWgL8x-8_55,0.6923076923076923
labeled_linagora_cs_arabize,الصغير فيهم قال لمو يا أمي كان عندك الحق,الصغير فيهم قال لامو يا امي كان عندك الحق,3.7920000553131104,youtube_XW2xWgL8x-8_56,0.2222222222222222
labeled_linagora_cs_arabize,أي حاجة نعملوها لازمنا نعملوها بقلب رب وراهو بالحق اللي يحب الللو يصهر الليل لكلو,اي حاجة نعملوها لازمنا نعملوها بقلب و رب و راهو بالحق الي يحب الللو يسهر الليل الكلو,8.35200023651123,youtube_XW2xWgL8x-8_57,0.4117647058823529
labeled_linagora_cs_arabize,وماك النهار الحلوف الوسطاني والصغير عمرهم ما باخلو على الخدمة وولاو كيف ما خوهم الكبير خدامين,و ما كنهار الحلوف الوسطاني و الصغير عمرهم ما بخلو على الخدمة و ولاو كيفما خوهم الكبير خدمين,8.855999946594238,youtube_XW2xWgL8x-8_58,0.5555555555555556
labeled_linagora_cs_arabize,وعاشو فرحانين متهنين,و عاشو فرحانين متهنين,2.184000015258789,youtube_XW2xWgL8x-8_59,0.5
labeled_linagora_cs_arabize,وحكايتنا طابا طابة وكل عام تجينا صابة,و حكايتنا طابة طابة و كل عام تجينا صابه,4.840000152587891,youtube_XW2xWgL8x-8_60,0.6666666666666666
labeled_linagora_cs_arabize,ض ض   مزال م الفكر هذي عى الخر,رجل ابيض ابيض اونتر قيلم معنتها تونسي تو سامبلمون فهمت مازال فمة الفكرة هاذيا عالاخر,5.208000183105469,0000050_0000070_0000000_50_70_0_0,1.0
labeled_linagora_cs_arabize,mind blowing أول حاجة in i had problems with my sleepin schedril,اي هاد بروبلام ويذ ماي سليب سكيجول اول حاجة انا مايند بلوينق,4.584000110626221,0000075_0000075_0000000_75_75_0_0,1.0
labeled_linagora_cs_arabize,مي  منحبش معناها نقلكم لا وحيدكم بهيا وعادي ومسال ويسير,اما يو قايز ار ليترالي ماي فريندز اند ذيس ايز ذي واي اي تولك ويذ ماي فريندز من منحبش معناها نقلكم لا و حياتكم باهية و عادي و ميسالش ميسالش,10.319999694824219,Melekher0000011_0000058_0000001_Melekher11_58_1_0,0.8666666666666667
labeled_linagora_cs_arabize,اتفرهد,التفرهيد,1.25600004196167,ar--1550_0.75.wav_1550_0.75_0,1.0
labeled_linagora_cs_arabize,الزوز تفرجوا على الفيلم,الزوز تفرجو عالفيلم,1.8240000009536743,ar--3607_1.wav_3607_1_0,1.0
labeled_linagora_cs_arabize,دحق عشصار,بالحق آش صار,1.215999960899353,ar--3275_1.25.wav_3275_1.25_0,1.0
labeled_linagora_cs_arabize,كيا اد فكنو باش يزان العباد لي ل نجم نعطي المل نتاع م  في الفين تيك اللي باش ياخدو معانا عى الكفي ي باش ي با  لااب لي باش يخرجو باش يعملولهم,كي فون اتر افيك نو باش واي اكومباني لعباد الي ي بوستول نجم نعطي ل اكزامبل متاع ام اس سولوسيون فال فينتيك الي باش يخدمو معانا عال كوهورت فينتيك باش واي اكومباني لعباد لي ستارتوب لي باش يخرجو باش يعملولهم,14.97599983215332,0000009_sub_audio_chunk_0000000_9_sub_audio_chunk_0_0,0.725
labeled_linagora_cs_arabize,أوا وليتنعرف كونه كان غالط,توا وليت نعرف كونه كان غالط,2.48799991607666,TunSwitchTO_0000012_0000019_0000043_ild_12_19_43_ild_0,0.5
labeled_linagora_cs_arabize,المليك,الملاك,1.2000000476837158,ar--1721_0.75.wav_1721_0.75_0,1.0
labeled_linagora_cs_arabize,از,الزبدة,0.527999997138977,ar--1213_1.25.wav_1213_1.25_0,1.0
labeled_linagora_cs_arabize,منحبوش نتحر وكنساء وكلمني مناخ انا باش نجم نتحر كان ماعنديش,ما نحبوش نتحرروا كا نساء و كل اما اعطيني مناخ انا باش نجم نتحرر كان ما عنديش,5.76800012588501,0000050_0000208_0000000_50_208_0_0,0.7058823529411765
labeled_linagora_cs_arabize,يزمف يتجرب الصلاطة المهونة هاذي راهيبينة بأشرة,يلزمك تجرب سلاطة المقرونة هاذي راهي بنينة برشا,3.055999994277954,ar--3392_1.5.wav_3392_1.5_0,0.875
labeled_linagora_cs_arabize,حتى شي,حتى شيء,0.6399999856948853,ar--2450_1.25.wav_2450_1.25_0,0.5
labeled_linagora_cs_arabize,أصغر,اصغر,0.5519999861717224,ar--1113_1.wav_1113_1_0,1.0
labeled_linagora_cs_arabize,أنا عمري سنا معناها القضية هاذي نجم نسمعها جوي به وانتي إذا كان عمرك أقل من سنا كبلي عمر إن شاء الله ارجع واعمل طل قضيتنا اليوما بالرسمي قضية قوية برشا لكنها ماهيش أقوى من أختنا فاضم,انا عمري واحد و عشرين سنه معناها القضية هاذي نجم نسمعها جوي باهي وانت اذا كان عمرك اقل من ثمنطاش سنه ك يولي عمرك ثمنطاش ان شاء الله ارجع واعمل طلة قضيتنا اليوم بالرسمي قضيه قويه برشا لكنها ما هي ش اقوى من اختنا فاطمة,12.432000160217285,segment_0000667_segment_667_0,0.5777777777777777
labeled_linagora_cs_arabize,źisrwe,جيب السروال,0.8320000171661377,ar--1340_1.25.wav_1340_1.25_0,1.0
labeled_linagora_cs_arabize,قدم قدمه معناها ن ت تادي مثلا لمي جس لي  كي تتقطع حاجه تخيطها من لبستك  كيتكسلك تليفونك ولا,قد ما قد ما معناها اون تران دايدي مثلا دي بتي جيست الي كي تتقطع حاجة تخيطها من لبستك كي يتكسرلك تاليفونك ولا,12.031999588012695,0000049_0000103_0000000_49_103_0_0,0.6521739130434783
labeled_linagora_cs_arabize,جنابهم في اليسي الورك شني برمير شني باكسهي لازمك فيسعتب تحضر روحك وقت ديجا,بجنابهم فالليسي الور ك شنيا بريمير شنيا باك صاي لازمك فيسع تبدى تحضر روحك ديجا,4.639999866485596,amenyKH_0000028_0000070_0000000_28_70_0_0,0.8
labeled_linagora_cs_arabize,ويلزم عدات داخل السيارة لما المواطن يعضر العدات ويعضر لرغم البقلي,يلزم عداد داخل السيارة لما المواطن يطلع يغزر للعداد ويغزر لرقم الفوقاني,5.935999870300293,amenyKH_0000003_chunk_0000068_003_chunk_68_0,0.6666666666666666
labeled_linagora_cs_arabize,الجبeنa,الجلبانة,1.1679999828338623,ar--1655_0.75.wav_1655_0.75_0,1.0
labeled_linagora_cs_arabize,نحب على شومبو,نحب على الشامبوان,1.3040000200271606,TunSwitchTO_0000050_0000011_0000012_zov_50_11_12_zov_0,0.3333333333333333
labeled_linagora_cs_arabize,هبلتو وزاتيجنوني,هبلت و زادة جنوني,3.009999990463257,CXJcB14z1rI_0,1.0
labeled_linagora_cs_arabize,هبلتو زات جنوني,هبلت و زادة جنوني,2.180000066757202,CXJcB14z1rI_1,0.75
labeled_linagora_cs_arabize,بلتو وزاد جنوري جنوري,هبلت و زادة جنوني,2.9600000381469727,CXJcB14z1rI_2,1.0
labeled_linagora_cs_arabize,خذني في عمر حاجات,تغيضني في عمري حاجات,1.9600000381469727,CXJcB14z1rI_3,0.5
labeled_linagora_cs_arabize,ببني الطر ومخسرتش الغدوة كفي المظيفة,بدني تضر و ما خزرت ش لغدوا كيف الماضي فات,3.0999999046325684,CXJcB14z1rI_4,1.0
labeled_linagora_cs_arabize,شت المر التفاصيل ولن بشموني بدويت,عشت المر بتفاصيلو لين بشموني بدوايات,2.819999933242798,CXJcB14z1rI_5,0.6666666666666666
labeled_linagora_cs_arabize,نقدم صح وما نخبش كيف نحكيلك برشا حكايت,نادم صح و ما نخبيش كيف نحكي لك برشا حكايات,3.0899999141693115,CXJcB14z1rI_6,0.7
labeled_linagora_cs_arabize,شكون فهموني شكون اللي عزوني,شكون فاهموني شكون الي عزوني,2.8299999237060547,CXJcB14z1rI_7,0.4
labeled_linagora_cs_arabize,شكونا اللي تمنيت نركش بحثة ومركشات,شكون الي تمنيت نركش بحذاهم ركشات,3.059999942779541,CXJcB14z1rI_8,0.6666666666666666
labeled_linagora_cs_arabize,شكون اللي سمعوني من بالربع تحبوني,شكون الي سمعوني من بر بعيد حبوني,3.0,CXJcB14z1rI_9,0.5714285714285714
labeled_linagora_cs_arabize,ربيهم وست الجلب وهذه هي الحياة,مخبيهم وسط القلب و هاذي هيا الحياة,2.740000009536743,CXJcB14z1rI_10,0.8571428571428571
labeled_linagora_cs_arabize,هالمي ما زات جنوني وين مشت,ها لميمة زادة جنوني وين مشيت,3.440000057220459,CXJcB14z1rI_11,0.6666666666666666
labeled_linagora_cs_arabize,مخبي سرف قلبي خاطر كان مرة حبي,مخبي سر في قلبي خاطر كان مرة حبيت,3.3399999141693115,CXJcB14z1rI_12,0.375
labeled_linagora_cs_arabize,مخب اللي خبيه الراجل نسكت كانحنيت,مخبي الي يخبيه الراجل نسكت كان حنيت,3.559999942779541,CXJcB14z1rI_13,0.7142857142857143
labeled_linagora_cs_arabize,عرفت الباطل خيبة كيف بشيطاني رجيط,عرفت الباطل خيبة كيف بشيطاني رجيت,2.819999933242798,CXJcB14z1rI_14,0.16666666666666666
labeled_linagora_cs_arabize,ساتشوني ساتشنوني,زادة جنوني زادة جنوني,2.619999885559082,CXJcB14z1rI_15,1.0
labeled_linagora_cs_arabize,رسو سخم في الرحبهم خيا في الجيران,فلوس وسخ نفرح بيهم خويا في الجيران,3.0399999618530273,CXJcB14z1rI_16,0.7142857142857143
labeled_linagora_cs_arabize,هبلتو زادشنوني زاد شنوني,هبلت و زادة جنوني زادة جنوني,3.200000047683716,CXJcB14z1rI_17,1.0
labeled_linagora_cs_arabize,مصبرتشعل حق هذي بلاد الشيطار,ما صبرتش على الحق و هاذيا بلاد الشيطان,3.0399999618530273,CXJcB14z1rI_18,0.875
labeled_linagora_cs_arabize,فلتو ساتشنوري ساتشنوري,هبلت و زادة جنوني زادة جنوني,2.740000009536743,CXJcB14z1rI_19,1.0
labeled_linagora_cs_arabize,فلوسو سخم فرح بيوم خويا في الشيران,فلوس وسخ نفرح بيهم خويا في الجيران,3.359999895095825,CXJcB14z1rI_20,0.7142857142857143
labeled_linagora_cs_arabize,بلتو زاتشوني زاتشنوني,هبلت و زادة جنوني زادة جنوني,3.0999999046325684,CXJcB14z1rI_21,1.0
labeled_linagora_cs_arabize,مصبرتش عل حقو هذهي بلاد الشيطان,ما صبرتش على الحق و هاذيا بلاد الشيطان,3.559999942779541,CXJcB14z1rI_22,0.75
labeled_linagora_cs_arabize,نحكي لك صحوب حكايا باش نكونوا متفاهمين,نحكي ليك صحوبا حكاية باش نكونو متفاهمين,2.940000057220459,CXJcB14z1rI_23,0.5714285714285714
labeled_linagora_cs_arabize,عشق الربي مش لعباد وخذها مني خويازي,العشق لربي مش لعبادو خوذها مني خويا الزين,2.880000114440918,CXJcB14z1rI_24,0.75
labeled_linagora_cs_arabize,ممكن غدوالية قابل ما نحب نشوف فيكحزين,ممكن غدوا ليا تقابل مانحب نشوفك حزين,3.299999952316284,CXJcB14z1rI_25,0.8571428571428571
labeled_linagora_cs_arabize,حب الفرحة فهاكالوجهن حب الفرحة في العينين,نحب الفرحة في هاك الوجه نحب الفرحة في العينين,2.992000102996826,CXJcB14z1rI_26,0.5555555555555556
labeled_linagora_cs_arabize,وخلي قولو بذراعنجبها سولو,و خلي يقلو بذراعي نجيبها صولو,2.691999912261963,CXJcB14z1rI_27,1.0
labeled_linagora_cs_arabize,بعدلي ما يوخرشي قدم ديما القدام قرب شوفو موري جربني كمفحضوري فهمني وحق باباكلي قركمتكم فلام,العاتي ما يوخر ش يقدم ديما القدام قرب شوف اموري جربني كان في حضوري افهمني و حق باباك الي قراك ما تكون فلام,8.819999694824219,CXJcB14z1rI_28,0.7391304347826086
labeled_linagora_cs_arabize,واللي مش تقول الهسيري رب معاك دنيا بالمكتوب تهنا يسلكها سلك عارف خوياشاج ويارتني عايش بحذك,و الي مشات قوللها سيري الرب معاك الدنيا بالمكتوب تهنى يسلكها السلاك عارف خويا شاقي و يا رتني عايش بحذاك,10.420000076293945,CXJcB14z1rI_29,0.75
labeled_linagora_cs_arabize,هدرز لياحكا وينخرجها من دنيا شاك,تهدرز ليا حكاوي نخرجها من الدنيا شاك,2.5399999618530273,CXJcB14z1rI_30,0.7142857142857143
labeled_linagora_cs_arabize,ازاتشنوني فلوس وسخل نفالرحبي ومغويا في الجيران,زادة جنوني زادة جنوني فلوس وسخ نفرح بيهم خويا في الجيران,5.992000102996826,CXJcB14z1rI_31,0.7272727272727273
labeled_linagora_cs_arabize,بلتو زات شوني زات شنوني,هبلت و زادة جنوني زادة جنوني,2.680000066757202,CXJcB14z1rI_32,1.0
labeled_linagora_cs_arabize,مصبرتش عل حق هذهي بلاد الشيطان,ما صبرتش على الحق و هاذيا بلاد الشيطان,3.259999990463257,CXJcB14z1rI_33,0.75
labeled_linagora_cs_arabize,بلتو زات شنوني,هبلت و زادة جنوني,1.600000023841858,CXJcB14z1rI_34,1.0
labeled_linagora_cs_arabize,سات شوني,و زادة جنوني,1.0700000524520874,CXJcB14z1rI_35,1.0
labeled_linagora_cs_arabize,روسوسخ نفرح بيوم خويا في الشيرا,فلوس وسخ نفرح بيهم خويا في الجيران,2.869999885559082,CXJcB14z1rI_36,0.5714285714285714
labeled_linagora_cs_arabize,فتوساتشنوري,هبلت و زادة جنوني,1.5800000429153442,CXJcB14z1rI_37,1.0
labeled_linagora_cs_arabize,تشارير,و زادة جنوني,0.8799999952316284,CXJcB14z1rI_38,1.0
labeled_linagora_cs_arabize,برتش عل حق هذه  بلاد الشيطان,ما صبرتش على الحق و هاذيا بلاد الشيطان,2.5199999809265137,CXJcB14z1rI_39,0.75
labeled_linagora_cs_arabize,زاتش,زادة جنوني زادة جنوني,4.900000095367432,CXJcB14z1rI_40,1.0
labeled_linagora_cs_arabize,بلتوساتشتوري,هبلت و زادة جنوني,1.5199999809265137,CXJcB14z1rI_41,1.0
labeled_linagora_cs_arabize,يحال,يحل,0.7200000286102295,ar--2316_0.75.wav_2316_0.75_0,1.0
labeled_linagora_cs_arabize,السلام عليكم ثما حاجات تعيب على ذكر راجل ولا نكرههم ويسقط منه,السلام عليكم فمة حاجات تعيب عل ذكر راجل وانا نكرهم ويسقط من عيني,4.671999931335449,TunSwitchTO_0000182_0000022_0000052_lms_182_22_52_lms_0,0.46153846153846156
labeled_linagora_cs_arabize,وماكي جيوضويفلي وشوايف لبلاستيك لو كان تليفوني تكسر نوق بالحق صيرفيا,و ماكياجي و ظوافري و شوافري البلاستيك لو كان تاليفوني يتكسر نموت بالحق و يصير فيا,5.800000190734863,TunSwitchTO_0000069_0000009_0000018_nhf_69_09_18_nhf_0,0.8125
labeled_linagora_cs_arabize,عمللي حاجة بونيس,تعمللي حاجة بونيس,1.1440000534057617,amenyKH_tataouine__for_acoustic_analysis_Sync0000077_no_speaker_0000634.0000080_0000636.0000032_tataouine__for_acoustic_analysis_Sync077_no_speaker_634.80_636.32_0,0.3333333333333333
labeled_linagora_cs_arabize,إلاح,يلاحظ,0.8799999952316284,ar--1330_0.75.wav_1330_0.75_0,1.0
labeled_linagora_cs_arabize,سحون,سخون,0.671999990940094,ar--1469_1.25.wav_1469_1.25_0,1.0
labeled_linagora_cs_arabize,الكرتيب,الكتيب,1.503999948501587,ar--1548_0.75.wav_1548_0.75_0,1.0
labeled_linagora_cs_arabize,لقت لي  ا  ا اكل     الثور,الوقت ال الجديد هذايا مش مساعدنا الكلنا كنساء حتى رجال مش مساعدهم بالكل ده بريفرنس تبدلوه من الثمانية و نصف لساعتين و نصف ولا من التسعة لماضي ثلاثة كيما صار في الثورة,11.312000274658203,amenyKH_MOSAIQUEFM_FORUM_0210912_0000002_chunk_0000013_MOSAIQUEFM_FORUM_210912_2_chunk_13_0,1.0
labeled_linagora_cs_arabize,inو,المواطن,0.5440000295639038,ar--1436_1.5.wav_1436_1.5_0,1.0
labeled_linagora_cs_arabize,بطبيعة  يقول ي,بالطبيعة باش يقول اي,1.0720000267028809,amenyKH_Hkayet_Tounsia_S0000001_Episode_0000021_0000017_0000004_0002017_Partie_0000001_Sync0000024_no_speaker_0000280.0000018_0000281.0000027_Hkayet_Tounsia_S01_Episode_21_17_04_2017_Partie_01_Sync024_no_speaker_280.18_281.27_0,0.75
labeled_linagora_cs_arabize,سهل يا سري باش نقطعوه بلامزيت نعرف لاش ولا,ساهلة ياسر هيا باش نقطعوه بالمزية نعرفهاش ولا لا,2.927999973297119,amenyKH_tataouine__for_acoustic_analysis_Sync0000611_no_speaker_0002474.0000033_0002477.0000039_tataouine__for_acoustic_analysis_Sync611_no_speaker_2474.33_2477.39_0,0.7777777777777778
labeled_linagora_cs_arabize,نا أنك مقرر باش تدخل في انتخابات حرة ونز ما مش بالعكس نتتجيب تجيب الناس,لانك مقرر باش تدخل في انتخابات حرة و نزيهة ما ما يق بالعكس انت تجيب تجيب الناس,4.607999801635742,amenyKH_0000002_chunk_0000201_002_chunk_201_0,0.47058823529411764
labeled_linagora_cs_arabize,عندك جمع تعدي فيها لام تا اخر سمر ق    في الا,عندك جمعة تعدي فيها لي اكزامان متاع آخر ال سوميستر وقتها دو سوميستر فال بريبا فال بريبا,7.208000183105469,0000027_0000224_0000000_27_224_0_0,0.8235294117647058
labeled_linagora_cs_arabize,嗯,خسارة,0.5920000076293945,ar--3528_1.25.wav_3528_1.25_0,1.0
labeled_linagora_cs_arabize,جو فود كان تلقاو فرصة باش نعرفشانا باش ترسمو باش تتعلمو دسن باش تدخلو في كلوب متاع ديسين ولا متاع موزيك,قو فور يت كان تلقاوا فرصة باش ما نعرفش انا باش ترسموا باش تتعموا ديسان باش تدخلوا ف كلوب متاع ديسان و لا متاع ال موزيك,8.736000061035156,0000072_0000025_0000001_72_25_1_0,0.6153846153846154
labeled_linagora_cs_arabize,clase economia,كلاس اكونوميك,1.0240000486373901,ar--1867_1.25.wav_1867_1.25_0,1.0
labeled_linagora_cs_arabize,بالنسبة ليا تنجم تصير في أي بلاد وتصير في أي بلاد,بالنسبة ليا تنجم تصير في ايه بلاد و تصير في ايه بلاد,3.2079999446868896,0000028_0000181_0000001_28_181_1_0,0.3333333333333333
labeled_linagora_cs_arabize,الطبيخ,الطباخ,0.8159999847412109,ar--1671_1.25.wav_1671_1.25_0,1.0
labeled_linagora_cs_arabize,تسكلة الطيار,تسكرة الطيارة,0.8399999737739563,ar--1857_1.5.wav_1857_1.5_0,1.0
labeled_linagora_cs_arabize,معنتها عباد من ولاد بلادها معناها ي جاو التونس خاطر نساوي عباد نحكيو زادا على تونس,معنتها عباد من من ولاد بلادها معناها كي نجيوا لتونس خاطر نساو كيفاش نحكيو زادة على تونس,6.863999843597412,0000051_0000079_0000000_51_79_0_0,0.4117647058823529
labeled_linagora_cs_arabize,طلبتلو اما ما سمعت حدى شيء,طلبتو اما ماسمعت حتى شيء,3.624000072479248,ar--3450_0.75.wav_3450_0.75_0,0.8
labeled_linagora_cs_arabize,tbesnis,تبزنيس,1.5520000457763672,tbeznis_6900_0,1.0
labeled_linagora_cs_arabize,كاس يمشي وكاس يجي لي نفاتبليلا حمرة في لون الربا ولا حتى,كاس يمشي و كاس يجي لين وفات بليلة حمراء في لون الروبة ولا حتى,4.544000148773193,TunSwitchTO_0000038_0000012_0000059_0000009cm_38_12_59_9cm_0,0.5
labeled_linagora_cs_arabize,وميختي بكو يا سمين نخلي الكلمة الخطام,و ميرسي بوكو ياسمين نخلي لك كلمة الختام,3.328000068664551,0000049_0000190_0000001_49_190_1_0,0.875
labeled_linagora_cs_arabize,نا كانت كلها فرنسيس ويهود وطلين ومالطونساه,حومتنا كانت كلها فرانسيس و يهود و طلاين و امالط و نساهم,3.8239998817443848,TunSwitchTO_0000007_0000011_0000018_fcs_7_11_18_fcs_0,0.8333333333333334
labeled_linagora_cs_arabize,ل ه    ال با تعلم حاجاع اليا على لبا كل شي ول حتى ل فيهم   ولا    العباد ينجمو يستعملوهم بالحق لور و ليا  ه الر,لي ترافاي سي دي كاستيون دي كولتور جينيرال باش يتعلمو حاجات غال فواياج على لي فوكابولير كل شيء ان بلوس حتى لي جوكرز فيهم دي بلاتفورم ولا دي بروقرام الي لعباد ينجمو يستعملوهم بالحق لي جور او لي فواياج ريبغون هايل برشا و لحقيقة,14.960000038146973,0000016_sub_audio_chunk_0000000_16_sub_audio_chunk_0_0,0.8181818181818182
labeled_linagora_cs_arabize,يفهم,يفهم,0.7039999961853027,ar--1748_1.wav_1748_1_0,0.0
labeled_linagora_cs_arabize,في مارض الفنون,في معرض الفنون,1.159999966621399,ar--3234_1.wav_3234_1_0,0.3333333333333333
labeled_linagora_cs_arabize,وهذي اللي هذا اللي وضحو معنتا رoبerت في كتاب rech tat prodat اللي لازمك من الآخر تتعلم the poوer of money,و هاذي الي هاذا لي وضحوا معنتها روبير في كتابو ريتش داد بور داد الي لازمك من اللخر تتعلم ذي باور اوف موني,6.9120001792907715,0000034_0000042_0000000_34_42_0_0,0.8260869565217391
labeled_linagora_cs_arabize,ibonte fac,الدنتفريس,1.0160000324249268,ar--2219_1.25.wav_2219_1.25_0,2.0
labeled_linagora_cs_arabize,حسيلو بعثتنا شاقام فترة حسيلو تشوقف الفترة على البودكاست,حاصيلو بعثتلنا شقان فطر حاصيلو تشق في الفطر عال بودكاست,3.3440001010894775,0000027_0000004_0000002_27_4_2_0,1.0
labeled_linagora_cs_arabize,etosme,التخمام,0.7599999904632568,ar--1804_1.25.wav_1804_1.25_0,1.0
labeled_linagora_cs_arabize,حتى الآل نحب الحم,حتى انا نحب اللحم,1.6160000562667847,ar--3053_1.25.wav_3053_1.25_0,0.5
labeled_linagora_cs_arabize,ف,لي انت تحقرو من اللول تقول شنيا قاعد مثلا قاعد في بيرو ما هو ش منظم فوضى عاد شبيه ماني توا من بعد شوية نجي نقعد و اكاهو الور كي كان تخمم فيها مرة بركا,12.031999588012695,0000027_0000385_0000000_27_385_0_0,1.0
labeled_linagora_cs_arabize,ديما نقلكم بيب ستاب,سو ديما نقلكم بايبي ستيب,3.624000072479248,Melekher0000011_0000072_0000000_Melekher11_72_0_0,0.6
labeled_linagora_cs_arabize,باهي مشيت عاديت البار قاعد نستمرف الغجلتا الحق محسيتش لابستخاس لعب حتش,باهي مشيت عديت ال باك قعدت نستنى فال ريزولتا الحق ما حسيت ش لا ب ستريس لا بحتى شيء,4.800000190734863,Melekher0000010_0000101_0000001_Melekher10_101_1_0,0.8421052631578947
labeled_linagora_cs_arabize,دوب ما بعدنا شوية,دوب ما بعدنا شوي,0.9599999785423279,0000023_0000127_23_127_0,0.25
labeled_linagora_cs_arabize,شek,الشاك,0.6079999804496765,ar--1370_1.wav_1370_1_0,1.0
labeled_linagora_cs_arabize,بجنب العمارة الكبيرة ارجع الذو بعضور على السا,بجنب العمارة الكبيرة ارجع للضوء بعد دور على الليسار,3.4079999923706055,TunSwitchTO_0000023_0000017_0000038_vzl_23_17_38_vzl_0,0.4444444444444444
labeled_linagora_cs_arabize,مني ناخذ تسكر دوبر,منين ناخذ تسكرة دوبل,1.3839999437332153,TunSwitchTO_0000088_0000019_0000007_tqj_88_19_07_tqj_0,0.75
labeled_linagora_cs_arabize,siنgle us نتاع البلاستيك ما هوش بهي جست نستعملوه مرة أكاهو,سينقل يوز متاع بلاستيك ما هو ش باهي جوست نستعملوه مرة اكاهو,4.072000026702881,0000053_0000040_0000000_53_40_0_0,0.75
labeled_linagora_cs_arabize,þeр þар,ثرثار,1.159999966621399,tharthar_2244_0,2.0
labeled_linagora_cs_arabize,جيريني عندهم عرس ومن بعد شعلة الناء,جيراني عندهم عرس و من بعد شعلت نار,4.671999931335449,ar--3478_1.wav_3478_1_0,0.625
labeled_linagora_cs_arabize,ومن بعدها دور عجيلين توصف,بعدها دور على الليمين توصل,1.8639999628067017,ar--3578_1.5.wav_3578_1.5_0,0.8
labeled_linagora_cs_arabize,تخلم معل الحضبة وقعد يتسرسب يتسرتب حتى لمصلم قابلو,دخل مع الحظبة و قعد يتسرسب يتسرسب حتى لين وصل مقابلوا,3.9519999027252197,amenyKH_0000020_0000015_20_15_0,0.8181818181818182
labeled_linagora_cs_arabize,مش هو هزني لس ليتار وخالص ولا راني ماتفمع ناس باعي وناس أخرى,مش هو هزني للسبيطار و خلص ولا راني مت فمة ناس باهية و ناس اخرى,4.495999813079834,TunSwitchTO_0000020_0000012_0000052_sb0000009_20_12_52_sb9_0,0.6
labeled_linagora_cs_arabize,اللي نجمت تعملو نوفيش سيتي أنها ربحت بكو كونفيانسة نتاع ل برتناير لوكا,الي نجمت تعملو اينوفاسيون سيتي انها ربحت بوكو دي كونفيونس متاع لي بارتنير لوكو,7.072000026702881,0000008_0000024_8_24_0,0.7142857142857143
labeled_linagora_cs_arabize,اختفاؤو بل ينجم يكون المسكينة عميرة مازال حي يرزق في دار جارهم والسبب هذاك توجه السيد هذيا الدار عايلة عميرة واحكالهم عل الستاتو اللي هبط في الفيسبوك قاللهم لعلا وعسا عميرة مازال مختطف ومازال موجود,اختفائه بل نجم يكون المسكين عميره مازال حي يرزق في دار جارهم ولسبب هذاكة توجه السيد هذايا لدار عائله عميره وحكى لهم على ستاتو الي هبط في الفيسبوك قاللهم لعل وعسا عميره مازال مختطف ومازال موجود,14.663999557495117,segment_0000523_segment_523_0,0.4722222222222222
labeled_linagora_cs_arabize,الكحة,الكحة,0.7680000066757202,ar--2197_1.wav_2197_1_0,0.0
labeled_linagora_cs_arabize,زعمانا مقصر مع عايلتي عمنا مقصر مع ناسي الأن باشي في الطريق الصحيح,زعم انا مقصر مع عائلتي زعم انا مقصر مع ناسي هل انا ماشي في الطريق الصحيح,5.468999862670898,youtube_ScikJJ8IGK8_0,0.5
labeled_linagora_cs_arabize,شنيا مفهوم النجاح شني مفهوم السعادة صحيدذم التو,شنيا مفهوم النجاح شنيا مفهوم السعاده السعاده صحيت هذوما التوا,5.761000156402588,youtube_ScikJJ8IGK8_1,0.6
labeled_linagora_cs_arabize,تعلمت ور ور    ر عل  رن,معناتها باللي تعلمته و بلي قريته و بلي جربته و بلي حاولت اكسبلوريتو التوا مازالوا اسئله يطرحوا على و نتخيل معنتها على برشا ناس اخرين,7.9679999351501465,youtube_ScikJJ8IGK8_2,1.0
labeled_linagora_cs_arabize,اليا,البيار,0.5120000243186951,ar--1583_1.5.wav_1583_1.5_0,1.0
labeled_linagora_cs_arabize,يا سيدي ما تكون كان ضيف عزيز وغال علينا في الفرح متاعها,يا سيد ما تكون كان ضيف عزيز و غالي عينا في الفرح متاعنا,3.5360000133514404,0000021_0000034_21_34_0,0.38461538461538464
labeled_linagora_cs_arabize,بص,اللهوة بالصغار,1.1440000534057617,ar--3531_1.25.wav_3531_1.25_0,1.0
labeled_linagora_cs_arabize,ماعادش نغزر لحتى ساري قبل بنهارين معناها منالكنكور قصيت لرفي الكل,ما عاد ش نغزر لحتى سيري قبل بنهارين معناها مال كونكور قصيت لي ريفزيون الكل,6.296000003814697,0000027_0000307_0000000_27_307_0_0,0.5333333333333333
labeled_linagora_cs_arabize,عبدالله وعايشة احكيو على البرتوين متاع عبدالله,عبد الله و عيشة يحكيوا على البرتمان متاع عبد الله,5.0320000648498535,ar--3216_0.75.wav_3216_0.75_0,0.8
labeled_linagora_cs_arabize,اان  تكيف م أكثر من خمسة وعشرين سنا توا عندي  تقريب شهر,بلا دخان بور طن راني نتكيف معناتها اكثر من خمسة و عشرين سنة توا آه عندي براسك قريب الشهر,7.48799991607666,amenyKH_0000006_0000006_0002012_partie0000004_chunk_0000073_06_06_2012_partie4_chunk_73_0,0.7894736842105263
labeled_linagora_cs_arabize,غال,غالط,0.5680000185966492,ar--2268_1.25.wav_2268_1.25_0,1.0
labeled_linagora_cs_arabize,نق عل رحن ال,اكاللي نقويوا على رواحنا ال ريتم و اصلا ما نعطيوش لرواحنا الفرصة انا نرتحوا,4.9120001792907715,0000027_0000383_0000001_27_383_1_0,0.9285714285714286
labeled_linagora_cs_arabize,سلام عسلام مرحبة بيكم ن,على السلامه على السلامه ومرحبا بكم الناس,1.9630000591278076,youtube_AUP3mzHAV1I_0,1.0
labeled_linagora_cs_arabize,ل في حلقة جديدة من حايات,الكل في حلقه جديده من حكايات,2.2850000858306885,youtube_AUP3mzHAV1I_1,0.6666666666666666
labeled_linagora_cs_arabize,لخمي كيما استأنسنا ليلة الخميس ي,دعلوب كيما استانسنا ليله الخميس هيا ليله,2.944999933242798,youtube_AUP3mzHAV1I_2,0.7142857142857143
labeled_linagora_cs_arabize,ثارة رعب غموض خيال لعلمي,اثاره رعب غمو خيال علمي,2.36299991607666,youtube_AUP3mzHAV1I_3,0.6
labeled_linagora_cs_arabize,وجون اللي مستنسين بي لحك,جريمه وجونا الي مستانسين بيه و الحكايات,5.0279998779296875,youtube_AUP3mzHAV1I_4,1.0
labeled_linagora_cs_arabize,اللي استنستو بها تو على طيلة سنوات,متاعنا الي استانست بها توا على طيله سنوات,3.325000047683716,youtube_AUP3mzHAV1I_5,0.625
labeled_linagora_cs_arabize,عدد وركلا نحب نشكر الت,متعدده تبارك الله نحب نشكر الساده,3.4210000038146973,youtube_AUP3mzHAV1I_6,0.6666666666666666
labeled_linagora_cs_arabize,الي تفاعلو معنا في الحلق,المستمعين الي تفاعلوا معنا في الحلقه,1.8830000162124634,youtube_AUP3mzHAV1I_7,0.5
labeled_linagora_cs_arabize,ر الي هي كانت تحت عنوان فاطمة,الفارط الي هيا كانت تحت عنوان فاطمه,3.1449999809265137,youtube_AUP3mzHAV1I_8,0.42857142857142855
labeled_linagora_cs_arabize,الجزء الثالث نشاالله,الملبوسه الجزء الثالث وان شاء الله يا,2.7249999046325684,youtube_AUP3mzHAV1I_9,0.7142857142857143
labeled_linagora_cs_arabize,الحلقة كون عجبتكم,ربي الحلقه تكون عجبتكم وان شاء الله تكون,4.006999969482422,youtube_AUP3mzHAV1I_10,0.875
labeled_linagora_cs_arabize,نت عند حسن الظن ال,كانت عند حسن الظن الليله ان شاء الله,2.7839999198913574,youtube_AUP3mzHAV1I_11,0.625
labeled_linagora_cs_arabize,كملو الجزء الرابع والأخير من حكاية فاتمة,نكمل الجزء الرابع والاخير من حكايه فاطمه,3.6050000190734863,youtube_AUP3mzHAV1I_12,0.5714285714285714
labeled_linagora_cs_arabize,ون شاء الل اد تنال اعجابكم,الملبوسه وان شاء الله زاده تنال اعجابكم,4.166999816894531,youtube_AUP3mzHAV1I_13,0.5714285714285714
labeled_linagora_cs_arabize,وأكيد كل عادة ما تنساوش الجام والبرتاج,واكيد كي العاده ما تنساوش الجيم والبارطاج,2.9040000438690186,youtube_AUP3mzHAV1I_14,0.7142857142857143
labeled_linagora_cs_arabize,رات وماتنساو زادا حلقة صديقا,والكونترات وما تنساوش زياده حلقه صديقنا,3.746000051498413,youtube_AUP3mzHAV1I_15,1.0
labeled_linagora_cs_arabize,كل نهار أحد تعليل على قن,حموده كل نهار احد ثمنية متاع الليل على قناه,3.746000051498413,youtube_AUP3mzHAV1I_16,0.6666666666666666
labeled_linagora_cs_arabize,حكايات تونسية منسي,يوتيوب حكايات تونسيه منسيه دونك ساده,3.2860000133514404,youtube_AUP3mzHAV1I_17,0.8333333333333334
labeled_linagora_cs_arabize,مانحبش نطاول عليكم برشا برشا,مستمعين ما نحبش نطول عليكم برشا برشا,2.305000066757202,youtube_AUP3mzHAV1I_18,0.5714285714285714
labeled_linagora_cs_arabize,فما تحب,نعرفكم ما تحبوش,1.0820000171661377,youtube_AUP3mzHAV1I_19,1.0
labeled_linagora_cs_arabize,مقدمات مبق ل كنقلكم فرجة طيبة,المقدمات ما بقالي ك نقوللكم فرجه طيبه,4.603000164031982,youtube_AUP3mzHAV1I_20,1.0
labeled_linagora_cs_arabize,مرعب,ولينا مرعب,0.6209999918937683,youtube_AUP3mzHAV1I_21,0.5
labeled_linagora_cs_arabize,,للجميع,0.5809999704360962,youtube_AUP3mzHAV1I_22,1.0
labeled_linagora_cs_arabize,و وانا  باش نصفلكم,و انا و انا و انا باللي باش نوصف لكم ما,5.947999954223633,youtube_AUP3mzHAV1I_23,0.8181818181818182
labeled_linagora_cs_arabize,جمش إحساس مخلط برشا,نجمش احساس مخلط برشا,3.4240000247955322,youtube_AUP3mzHAV1I_24,0.5
labeled_linagora_cs_arabize,ولا حتى كلمة صادمة معدش تنجم تعر,صدمه ولا حتى كلمه صدمه مادش تنجم تعبر,4.76800012588501,youtube_AUP3mzHAV1I_25,0.625
labeled_linagora_cs_arabize,راي نعيش فيه,على الي نعيش فيه,1.062000036239624,youtube_AUP3mzHAV1I_26,0.5
labeled_linagora_cs_arabize,عدش كلامي عبر مد مر,مادش كلام يعبر مادش مجرد,2.7839999198913574,youtube_AUP3mzHAV1I_27,1.0
labeled_linagora_cs_arabize,الكلام معد وصل  وق,الكلام الكلام مادش يوصل مصب وقتها جى,4.986999988555908,youtube_AUP3mzHAV1I_29,0.8571428571428571
labeled_linagora_cs_arabize,كامرا ونصورلكم ا م مشاعر,عندي كاميرا ونصور لكم ولا مصاب المشاعر ج,3.484999895095825,youtube_AUP3mzHAV1I_30,1.0
labeled_linagora_cs_arabize,,تبعث راني بعث لكم حتى,1.3830000162124634,youtube_AUP3mzHAV1I_31,1.0
labeled_linagora_cs_arabize,وي,شويه دم,2.503999948501587,youtube_AUP3mzHAV1I_32,1.0
labeled_linagora_cs_arabize,د فاطمة غرق البيت كلها وهي تهز,فاطمه دم فاطمه غرق البيت كلها و هيا تتهز,5.423999786376953,youtube_AUP3mzHAV1I_33,0.6666666666666666
labeled_linagora_cs_arabize,ف تتسكك العلوش ال مز,وتنفض وتتسق العلوش الي مزلت,2.2839999198913574,youtube_AUP3mzHAV1I_34,0.8
labeled_linagora_cs_arabize,تهزد تحط حتى الحلق محبت,مارني اتهزت واتحطت حط الحلقي وما حبتش,2.622999906539917,youtube_AUP3mzHAV1I_36,1.0
labeled_linagora_cs_arabize,ول مبرق عنيا وحال فمي والحركة,تهبط و انا مبرقه عينيا وحاله فمي والحركه,5.868000030517578,youtube_AUP3mzHAV1I_37,0.875
labeled_linagora_cs_arabize,شل لأربعة خيالات هبطو يشر,مشلوله الاربع الاربع خيالات هبطوا يشربوا,5.988999843597412,youtube_AUP3mzHAV1I_39,0.8333333333333334
labeled_linagora_cs_arabize,مالقاعة ونا تقول عليا نتفرج في في,في دمهم القاعه ولا تقول على نتفرج في,3.384999990463257,youtube_AUP3mzHAV1I_40,0.75
labeled_linagora_cs_arabize,من أبشع ما تجد في الدنيا,فيلم من ابشع ما توجد في الدنيا,2.4839999675750732,youtube_AUP3mzHAV1I_41,0.42857142857142855
labeled_linagora_cs_arabize,كل صورة من القرآن وكل آية وكل حديث جا,كل سوره من القران و كل ايه و كل حديث تحجب,3.3450000286102295,youtube_AUP3mzHAV1I_43,0.7272727272727273
labeled_linagora_cs_arabize,عقلي وقتها نتمنى نطلع نحلم مرة أخرى,على عقلي وقتها نتمنى نطلع نحلم مره اخرى,3.684999942779541,youtube_AUP3mzHAV1I_44,0.375
labeled_linagora_cs_arabize,تنى نطلع في غيبوبة نتمنى نكون نا,نتمنى نطلع في غيبوبه نتمنى نكون انا في,3.825000047683716,youtube_AUP3mzHAV1I_45,0.5
labeled_linagora_cs_arabize,اص فاتمة وهككا مقادش نحص بحتى شي,بلاصه فاطمه وهيك مادش نحس بحتى شيء,3.1059999465942383,youtube_AUP3mzHAV1I_46,0.8571428571428571
labeled_linagora_cs_arabize,وخلي لي بش يصير,وخليلي مشش يصير,1.1019999980926514,youtube_AUP3mzHAV1I_47,1.0
labeled_linagora_cs_arabize,كشت وتجمت في بلاستي وبدني خاني,بشت بشت وتجمدت في بلاصتي وبدني خاني,4.946000099182129,youtube_AUP3mzHAV1I_49,0.5714285714285714
labeled_linagora_cs_arabize,أنا سير في ه عليش انا الي نشوف,علاش علاش ير يا هكه علاش انا الي نشوف,4.185999870300293,youtube_AUP3mzHAV1I_50,0.6666666666666666
labeled_linagora_cs_arabize,عل,هكه علاش انا,2.503999948501587,youtube_AUP3mzHAV1I_51,1.0
labeled_linagora_cs_arabize,ذات شنو ذنبي شنو اللي عملته شر,بالذات شنوا هو ذنبي شنوا هو الي عملته شر,4.807000160217285,youtube_AUP3mzHAV1I_52,0.6666666666666666
labeled_linagora_cs_arabize,ي باش يرجعلي هك طول عمريش,في حياتي مشش يرجعلي هك طول عمري نمشي,3.3450000286102295,youtube_AUP3mzHAV1I_53,0.625
labeled_linagora_cs_arabize,بالحيط والنهار ذ حد ولا تعدي,بجناب الحيط ونهار اذيت حد ولا تعديت على,2.884999990463257,youtube_AUP3mzHAV1I_54,0.75
labeled_linagora_cs_arabize,,حد حتى,0.5410000085830688,youtube_AUP3mzHAV1I_55,1.0
labeled_linagora_cs_arabize,مليون سؤال وسال عاصفة بن التفكي,بكلمه مليون سؤال وسؤال عاصفه من التفكير,6.228000164031982,youtube_AUP3mzHAV1I_56,0.7142857142857143
labeled_linagora_cs_arabize,أسئلة اللي كان يجيو فلاسفة الكون,والاسئله الي كان يجيو فلاسفه الكون ما,3.184000015258789,youtube_AUP3mzHAV1I_57,0.5714285714285714
labeled_linagora_cs_arabize,قولهمش إجابة عروق مخي نحص فيها,يلقول لهمش اجابه عروق مخي حس فيها مش,4.7870001792907715,youtube_AUP3mzHAV1I_58,0.625
labeled_linagora_cs_arabize,رشك معادي شويا الحاجة الوحيدة,تطرشق ما عاد ش فيا الحاجه الوحيده الي,4.144999980926514,youtube_AUP3mzHAV1I_59,1.0
labeled_linagora_cs_arabize,عملها وقتها اللي نغمض عناية,نجمت نعملها وقتها اني نغمض عينيا على امل,4.806000232696533,youtube_AUP3mzHAV1I_60,0.75
labeled_linagora_cs_arabize,وأن أمل صغير على أمل أن نحل عني,ولو انه امل صغير على امل انه نحل عينيا,4.927000045776367,youtube_AUP3mzHAV1I_61,0.6666666666666666
labeled_linagora_cs_arabize,قى م حت جي ملينشوف ي نلق,نلق ما فمة حتى شيء من الي نشوف فيه نلق,3.9049999713897705,youtube_AUP3mzHAV1I_62,0.9
labeled_linagora_cs_arabize,ق أنو نحن مكما البارح غمط,نلق انه نحلم كيما البارح غمضت,3.125,youtube_AUP3mzHAV1I_63,0.8333333333333334
labeled_linagora_cs_arabize,غمضت عنايا وعاودت حليتهم ملقي,عينيا غمضت عينيا وعودت حليته من القيتش,5.066999912261963,youtube_AUP3mzHAV1I_64,0.8571428571428571
labeled_linagora_cs_arabize,لات ما,الخيالات اما,2.5439999103546143,youtube_AUP3mzHAV1I_65,1.0
labeled_linagora_cs_arabize,لقفات مزالت مازالت على نفس المشهد,نل فاطمه مازالت مازالت على نفس المشهد,3.687999963760376,youtube_AUP3mzHAV1I_66,0.42857142857142855
labeled_linagora_cs_arabize,بوحة من لوريد للوريد غارقة في دمها,مذبوحه من الوريد للوريد غارقه في دمها,3.303999900817871,youtube_AUP3mzHAV1I_67,0.42857142857142855
labeled_linagora_cs_arabize,غرقتني معاها صة نصيبة وحلة في راسي,وغرقتني معاها مصيبه مصيبه وحلت في راسي,4.9679999351501465,youtube_AUP3mzHAV1I_68,0.5714285714285714
labeled_linagora_cs_arabize,كيفاش باش نسلكها وكفاش با نروح وشني ا نقول,كيفاش ب نسلكها وكيفاش ب نروح وشن نقول,3.4839999675750732,youtube_AUP3mzHAV1I_69,0.625
labeled_linagora_cs_arabize,ش يسألوني وشكون باش يصدقني خاصة,كان يسالوني وشكون باش يصدقني خاصه انه,4.285999774932861,youtube_AUP3mzHAV1I_70,0.5714285714285714
labeled_linagora_cs_arabize,أنه القتلة قسة لمرية في يدي مش في يد,انه انه لقيت لقصه المرايه في يدي مش في,4.146999835968018,youtube_AUP3mzHAV1I_71,0.6666666666666666
labeled_linagora_cs_arabize,فاطمة,يد فاطمه,0.7409999966621399,youtube_AUP3mzHAV1I_72,1.0
labeled_linagora_cs_arabize,يانارك على روحك يا عبير حل,ويا نارك على روحك يا عبير يحليلك على,3.8459999561309814,youtube_AUP3mzHAV1I_73,0.5
labeled_linagora_cs_arabize,ي عبي قاضي الفاس ومايخرجكش منها,روحك يا عبير قاضي الفيس وما يخرجك منها,3.364000082015991,youtube_AUP3mzHAV1I_74,0.75
labeled_linagora_cs_arabize,عبير اش بش تحكي واش بش تقول واش بش تفسر,يا عبير آش باش تحكي شش تقول شش تفسر لو,5.267000198364258,youtube_AUP3mzHAV1I_75,0.8
labeled_linagora_cs_arabize,انت كلمت برك مصدتك حد,كان تكلمت بركا ما صدقك حد فمة بالك باش,3.6659998893737793,youtube_AUP3mzHAV1I_76,0.8888888888888888
labeled_linagora_cs_arabize,ري,تقول راه ذبحت,0.8619999885559082,youtube_AUP3mzHAV1I_77,1.0
labeled_linagora_cs_arabize,حا ما نعرفش ثقية كفاش تلقو ونلقىروح,روحها ماعرف سقيه كيفاش تطلقوا ونلقى روحي,4.966000080108643,youtube_AUP3mzHAV1I_78,1.0
labeled_linagora_cs_arabize,جونطيح ونتكب ونقوم ومشلق ر,نجري ونطيح ونكب ونقوم ولقت بروحي كان في,3.3259999752044678,youtube_AUP3mzHAV1I_79,0.875
labeled_linagora_cs_arabize,,وسط الجنينه,1.6629999876022339,youtube_AUP3mzHAV1I_80,1.0
labeled_linagora_cs_arabize,ترولي باش نطلع فيه للقطع عند,السبيتار لي باش نطلع فيه لا لقيت عندي,3.684999942779541,youtube_AUP3mzHAV1I_81,0.625
labeled_linagora_cs_arabize,اكل تلفون لحتى شيء حال من العبث,ساك ولا تليفون ولا حتى شيء حاله من العبث,3.9049999713897705,youtube_AUP3mzHAV1I_82,0.6666666666666666
labeled_linagora_cs_arabize,ق كن عيش فيها يا ربي يا ربي طلع نحل,المطلق نعيش فيها يا ربي يا ربي نطلع نحلب,4.946000099182129,youtube_AUP3mzHAV1I_83,0.5555555555555556
labeled_linagora_cs_arabize,يا ربي إن شاء اللهيكون,يا ربي ان شاء الله يكون ان شاء الله يكون,1.9830000400543213,youtube_AUP3mzHAV1I_84,0.7
labeled_linagora_cs_arabize,لكل مفمش من أدوب ما خرجت من قدام,هاذا الكل ما فمش مني ادوب ما خرجت من قدام,4.026000022888184,youtube_AUP3mzHAV1I_85,0.6
labeled_linagora_cs_arabize,طار نلقى تاكسي هوبتا من همرا,السبيتار نلق تاكسي هابطه منها امرا نجز,3.6059999465942383,youtube_AUP3mzHAV1I_86,0.8571428571428571
labeled_linagora_cs_arabize,ن غير ما نشعر وقل,فيها من غير ما نشعر وقلت له امان عايش,2.865000009536743,youtube_AUP3mzHAV1I_87,0.6666666666666666
labeled_linagora_cs_arabize,الجيارة التكسيس حست ستغرب,اخويا الجياره انتك سيستي حسيته استغرب من,3.447000026702881,youtube_AUP3mzHAV1I_88,1.0
labeled_linagora_cs_arabize,ت وقلي لباس,حالتي وقال لي,1.7020000219345093,youtube_AUP3mzHAV1I_89,1.0
labeled_linagora_cs_arabize,باس زخطي ما بيك سوما قتلو لا ل لباس,لاباس اختي مابيك سومه قلت له لا لا لاباس,4.145999908447266,youtube_AUP3mzHAV1I_90,0.8888888888888888
labeled_linagora_cs_arabize,جيرين كلموني وقالو يو,جست الجيران كلموني وقالوه ي امي,2.36299991607666,youtube_AUP3mzHAV1I_91,0.8333333333333334
labeled_linagora_cs_arabize,خليت تداعي ولي كسب وطرت عجاجة يوخي,داخت خليت الداعي وال كسب وترت عجاجه ياخي,4.50600004196167,youtube_AUP3mzHAV1I_92,0.75
labeled_linagora_cs_arabize,ترك ازرب قاللي باهي باهي ما تتفجعش,يسترك ازرب قاللي باهي باي ما تفجع بقدره,5.046000003814697,youtube_AUP3mzHAV1I_93,0.5
labeled_linagora_cs_arabize,لاباس تخدم هني انتي قتلو يي نخدم نا,ربي لاباس تخدم هون انت قلت له اي نخدم هنا,5.126999855041504,youtube_AUP3mzHAV1I_94,0.7
labeled_linagora_cs_arabize,ربي معاكم استعنيم يا مدام,قاللي ربي معكم مش تعاني يا مدام ربي يكون,3.5450000762939453,youtube_AUP3mzHAV1I_95,0.6666666666666666
labeled_linagora_cs_arabize,ما جاهبتوش وهو يحكي يحكي يحك,في العون ما جاوبتو وهو يح يحكي يحكي يحكي,4.8470001220703125,youtube_AUP3mzHAV1I_96,0.5555555555555556
labeled_linagora_cs_arabize,كاملة وانا منيش مركزة معاها,اثنيه كامله و انا ما ني ش مركزه معاه ولا,3.177000045776367,youtube_AUP3mzHAV1I_97,1.0
labeled_linagora_cs_arabize,هو ل,منتبهت له اصلا,1.0160000324249268,youtube_AUP3mzHAV1I_98,1.0
labeled_linagora_cs_arabize,لينا نشوف في الخيال اراكب,لين لين لين لين نشوف في الخيال الي راكب,6.947999954223633,youtube_AUP3mzHAV1I_99,0.6666666666666666
labeled_linagora_cs_arabize,جنبو من قدام وهو يعملي هك بيديه بش نخنكو,بجنبه من قدام وهو يعملي هك بيديه باش نخنق,3.885999917984009,youtube_AUP3mzHAV1I_100,0.3333333333333333
labeled_linagora_cs_arabize,لماثولي بيديه ويقوللي شدو من رقبتو,ويمثل لي بديه ويقوللي شده من رقبته,2.7839999198913574,youtube_AUP3mzHAV1I_101,0.7142857142857143
labeled_linagora_cs_arabize,وانا مصدومة ومنيش فهم شي,اخنقه وهنا مصدومه و ما ني ش فاهمه شيء الحس,6.508999824523926,youtube_AUP3mzHAV1I_102,1.0
labeled_linagora_cs_arabize,بن لعب فيه النار وهو يبركلي ف,في بدني لهب فيه النار وهو يبرق لي في,3.365999937057495,youtube_AUP3mzHAV1I_103,0.6666666666666666
labeled_linagora_cs_arabize,وعاود في نفس الإشارات,عينيه ويعاود في نفس الاشارات بيديه باش,3.264899969100952,youtube_AUP3mzHAV1I_104,0.7142857142857143
labeled_linagora_cs_arabize,رق لتاكسيستي,نخنق تكسي ستي و انا ما ني ش,2.2839999198913574,youtube_AUP3mzHAV1I_105,1.0
labeled_linagora_cs_arabize,سوع بها دنيا تلامت قدامي ونحس في ثنية,مستوعبه دنيا لامت قدامي ونحس في ثنيه,4.426000118255615,youtube_AUP3mzHAV1I_106,0.5714285714285714
labeled_linagora_cs_arabize,موج وأنا في عالم آخر للينتلفت للشباكي,تموج و انا في عالم آخر لان تلفت لشباك,4.9670000076293945,youtube_AUP3mzHAV1I_107,0.6666666666666666
labeled_linagora_cs_arabize,ونا نحاول اني نتجه الخيال ونغم,تكسي و انا نحاول اني نتجاهل الخيال ونغمض,2.6040000915527344,youtube_AUP3mzHAV1I_108,0.625
labeled_linagora_cs_arabize,سمسفوس اما كل ما نغمض عنية,عينيا باش ما نشوفو اما كل ما نغمض عينيا,3.2860000133514404,youtube_AUP3mzHAV1I_109,0.5555555555555556
labeled_linagora_cs_arabize,,تجي فاطمه,0.6620000004768372,youtube_AUP3mzHAV1I_110,1.0
labeled_linagora_cs_arabize,ونشوفها ونشوفها طايحة قدامي تتسكك وتدم خ,ونشوفها ونشوفها طايحه قدامي تسكك ودم خ,4.506999969482422,youtube_AUP3mzHAV1I_111,0.42857142857142855
labeled_linagora_cs_arabize,منها تقول عين,خارج منها تقول عين متاع,1.9630000591278076,youtube_AUP3mzHAV1I_113,0.4
labeled_linagora_cs_arabize,وصلت للحومة وقلت للتكسيس سبا ا,ماء وصلت للحومه وقلت للتكسي صفا هنا ودوم,6.828000068664551,youtube_AUP3mzHAV1I_114,0.75
labeled_linagora_cs_arabize,وف حالية الباب وهربت نجري عجاجةد,موقف حليت الباب وهربت نجري عجاجه ودخلت,4.026000022888184,youtube_AUP3mzHAV1I_115,0.5714285714285714
labeled_linagora_cs_arabize,ضيق ويت ندخل من,من نهج ضايق وبديت ندخل يمين يسار و ما ني ش,2.7829999923706055,youtube_AUP3mzHAV1I_116,0.9090909090909091
labeled_linagora_cs_arabize,فو ماشية لنت قطع عليه,عارفه وين ماشيه ل لين تقطع عل,3.4059998989105225,youtube_AUP3mzHAV1I_117,1.0
labeled_linagora_cs_arabize,وم عاتش عندي حتى جهد وقعت نمشي,نفس وما عادش عندي حتى جهد وقع نمشي وقعدت,5.245999813079834,youtube_AUP3mzHAV1I_118,0.5555555555555556
labeled_linagora_cs_arabize,شي ونتلف طورايا ووقعت نمشي ونتلف طورايا,نمشي ونتل ورايا وقعدت نمشي ونتل ورايا,4.366000175476074,youtube_AUP3mzHAV1I_119,0.8571428571428571
labeled_linagora_cs_arabize,خايفة لا يعرضني تكسيس وهزني للمركز,وخايفه ل يعرضني تكسيس ويهزني للمركز على,2.5250000953674316,youtube_AUP3mzHAV1I_120,0.5714285714285714
labeled_linagora_cs_arabize,كساي مخلتوش,الكورس الي مخلصتوش,1.1660000085830688,youtube_AUP3mzHAV1I_121,1.0
labeled_linagora_cs_arabize,العباد ماشيا جايا بجنبي وبهديم فيا,فيها العباد ماشيه جايه بجنبي وبهدين فيا,4.306000232696533,youtube_AUP3mzHAV1I_122,0.5714285714285714
labeled_linagora_cs_arabize,حالتي وانا نصطنع في التبسيم,و في حالتي و انا نصطنع في التبسيمه باش ما,3.424999952316284,youtube_AUP3mzHAV1I_123,0.7
labeled_linagora_cs_arabize,علي حتى شي لنوصلت قدام دارنا,يلاحظو على حتى شيء لان وصلت قدام دارنا,3.325000047683716,youtube_AUP3mzHAV1I_124,0.625
labeled_linagora_cs_arabize,ق الباب مسكر بديت ندق ونعيد,نلق الباب مسكر بديت ندق ونعيط امي يا,5.145999908447266,youtube_AUP3mzHAV1I_125,0.5
labeled_linagora_cs_arabize,مي,امي يا,1.5019999742507935,youtube_AUP3mzHAV1I_126,1.0
labeled_linagora_cs_arabize,爸爸,يا بابا,0.5,youtube_AUP3mzHAV1I_127,1.0
labeled_linagora_cs_arabize,نق نضق نضق نضق نضق شي,بابا وندق ندق ندق ندق ندق شيء ما خرج لي,7.829999923706055,youtube_AUP3mzHAV1I_128,1.0
labeled_linagora_cs_arabize,د وكيف تقدام لباب وقعت,حد وقفت قدام الباب وقعدت مش,6.927000045776367,youtube_AUP3mzHAV1I_129,1.0
labeled_linagora_cs_arabize,بل الهرط حرفيا حالة م,اقعدت بل بل بل انهرت حرفيا حاله من,7.309000015258789,youtube_AUP3mzHAV1I_130,0.75
labeled_linagora_cs_arabize,هستيريا ولبكا بشهقة على عياط على سياعة,الهيستيريا و البكا شهقه على عياط على سياح,3.946000099182129,youtube_AUP3mzHAV1I_131,0.625
labeled_linagora_cs_arabize,خارجات لجارتنا وجاتني  وقاتل,لين خرجت لي جارتنا وجاتني تجري وقالتلي,2.9230000972747803,youtube_AUP3mzHAV1I_132,0.8571428571428571
labeled_linagora_cs_arabize,حليلي على بنايتي وش بيكي والصار هذي راس,يا حليلي على بنيتي آش بيك آش صار هزيت راسي,5.168000221252441,youtube_AUP3mzHAV1I_133,0.8
labeled_linagora_cs_arabize,زرتلها,وخسرت لها وما,1.1019999980926514,youtube_AUP3mzHAV1I_134,1.0
labeled_linagora_cs_arabize,ش حملتني وصلدتني ودخلتني لدارها,جاوبتها حملتني وسندت ني ودخلتني لدارها,4.666999816894531,youtube_AUP3mzHAV1I_135,0.5
labeled_linagora_cs_arabize,مع فه تقول ي يفرجوا الحصبة,ونسمع فيها تقول ا اي يفرقوا الحظبه و كل,3.7049999237060547,youtube_AUP3mzHAV1I_136,0.8888888888888888
labeled_linagora_cs_arabize,د يصدار وطلبو اللطف يحليلكم,واحد يشد داره وطلب و اللطف ي حليلكم من,2.6640000343322754,youtube_AUP3mzHAV1I_137,0.8888888888888888
labeled_linagora_cs_arabize,دخلتني الدارا قاعدتني على كرس,ربي ودخلتني لدارها قعدتني على كرسي,5.2270002365112305,youtube_AUP3mzHAV1I_138,0.8333333333333334
labeled_linagora_cs_arabize,عطاتم شربة ما وقطلي نحط لبنايتيتوفتر,واعطتني شربه ماء وقالتلي نحط لبنيتي تفطر,3.484999895095825,youtube_AUP3mzHAV1I_139,0.8571428571428571
labeled_linagora_cs_arabize,طلا براسي لي,قلتلها براسي ليه,1.5440000295639038,youtube_AUP3mzHAV1I_140,0.6666666666666666
labeled_linagora_cs_arabize,ر,قالتلي باهي باهي هدي روحك بنيتي هدي روحك,4.267000198364258,youtube_AUP3mzHAV1I_141,1.0
labeled_linagora_cs_arabize,باس أميما لاباس ما تخافيش,لاباس اميمه لاباس ما تخافيش,1.9620000123977661,youtube_AUP3mzHAV1I_142,0.4
labeled_linagora_cs_arabize,س صبر يا ربي صبر وبشوية بشوية,لاباس الصبر يا ربي الصبر وبشوي بشويه,5.788000106811523,youtube_AUP3mzHAV1I_143,0.7142857142857143
labeled_linagora_cs_arabize,ي نهدا ونحس في روح يخير شوي,بديت نهدى ونحس في روحي خير شويه والمراه,3.7260000705718994,youtube_AUP3mzHAV1I_144,0.75
labeled_linagora_cs_arabize,نة واقفة قدامي,مسكينه واقفه قدامي ودموعها,1.8420000076293945,youtube_AUP3mzHAV1I_145,0.75
labeled_linagora_cs_arabize,ا هسيت راس قلها خطح,سابقتها هزيت راسي وقلت لها ختي حليمه,5.327000141143799,youtube_AUP3mzHAV1I_146,1.0
labeled_linagora_cs_arabize,عطيني تليفون كمان نكلمم خلي جي تحلي,اعطيني تليفون كمان نكلم امي خلي تجي تحلي,3.325000047683716,youtube_AUP3mzHAV1I_147,0.5
labeled_linagora_cs_arabize,اب لمرها زادت في البكاع على القدام,الباب المراه زادت في البكي على قدام,3.2320001125335693,youtube_AUP3mzHAV1I_148,0.5714285714285714
labeled_linagora_cs_arabize,طبصت عليا وقتلي لاباس صفاتما لاباس,وتبسط على وقتلي لاباس فاطمه لاباس وراس,4.566999912261963,youtube_AUP3mzHAV1I_149,0.5714285714285714
labeled_linagora_cs_arabize,بس بقدة ربي طبري ما تخفيش أماما,لاباس بقدره ربي طبري ما تخافيش مامه,4.079999923706055,youtube_AUP3mzHAV1I_151,0.5714285714285714
labeled_linagora_cs_arabize,خزيتو وتحطيت م الكرسي ونتر,اتهزيت واتحطيت من الكرسي ونطرت لها,3.686000108718872,youtube_AUP3mzHAV1I_152,0.8333333333333334
labeled_linagora_cs_arabize,,ايديها وقتلها,0.7609999775886536,youtube_AUP3mzHAV1I_153,1.0
labeled_linagora_cs_arabize,انا عبير را م ام,ختي حليمه انا عبير راني ما ني ش فاطمه شكون,4.146999835968018,youtube_AUP3mzHAV1I_154,0.8
labeled_linagora_cs_arabize,,فاطمه الي تحكي,0.6809999942779541,youtube_AUP3mzHAV1I_155,1.0
labeled_linagora_cs_arabize,ها زاتت في نغمتها من البكاو وقطلي,عليها زادت في نغمتها من البكا وقالت لي,5.646999835968018,youtube_AUP3mzHAV1I_156,0.625
labeled_linagora_cs_arabize,ستعملي في راحة كك فاتمابنايتي ليش,ليش تعملي في روحك هك فاطمه بنيتي ليش يا,3.6059999465942383,youtube_AUP3mzHAV1I_157,0.7777777777777778
labeled_linagora_cs_arabize,كوم فاطم خل حلم,فاطمه شكون فاطمه خالتي,6.428999900817871,youtube_AUP3mzHAV1I_158,1.0
labeled_linagora_cs_arabize,خل حلم نا عبير,حليمه خالتي حليمه انا عبير عبير خالتي,5.107999801635742,youtube_AUP3mzHAV1I_160,0.8571428571428571
labeled_linagora_cs_arabize,أنا عبير اخ,حليمه انا عبير يا اخي ما,2.0230000019073486,youtube_AUP3mzHAV1I_161,0.8333333333333334
labeled_linagora_cs_arabize,فن عبير نتحدا وعم,عرفتنيش عبير بنت بنت بنت بنت حد وعمك,4.5269999504089355,youtube_AUP3mzHAV1I_162,0.875
labeled_linagora_cs_arabize,lme nis vatma kum,عليه ما ني ش فاطمه شكون,3.184000015258789,youtube_AUP3mzHAV1I_163,1.0
labeled_linagora_cs_arabize,م قتل ا الله يرحم بنيت,فاطمه قالت لي الله يرحم بنيتي الله,6.688000202178955,youtube_AUP3mzHAV1I_164,0.7142857142857143
labeled_linagora_cs_arabize,حمم ورب يصبرك ويشفيك وعلك الكلمة,يرحمهم وربي يصبرك ويشفيك وعليك الكلمه,3.9649999141693115,youtube_AUP3mzHAV1I_165,0.6666666666666666
labeled_linagora_cs_arabize,وخيضربتني بساق ع,وكها ضربتني بعق على,1.7630000114440918,youtube_AUP3mzHAV1I_166,1.0
labeled_linagora_cs_arabize,ا ر,راسي الي صار لي في اسبيتار,3.265000104904175,youtube_AUP3mzHAV1I_167,1.0
labeled_linagora_cs_arabize,واللي تحكي فيها المرة كوم وحد اخر,كوم و الي تحكي فيها المراه قوم واحده آخر,6.0289998054504395,youtube_AUP3mzHAV1I_168,0.7777777777777778
labeled_linagora_cs_arabize,تنطرتم الكرسي وتشلجت وقتلها,جمله تنطر من الكرسي وتشنج و قلتلها ا الله,4.105999946594238,youtube_AUP3mzHAV1I_169,0.8888888888888888
labeled_linagora_cs_arabize,حم ل شكون لحمه,يرحمهم متاعك على شكون الله يرحمهم خالتي,3.0439999103546143,youtube_AUP3mzHAV1I_170,0.8571428571428571
labeled_linagora_cs_arabize,خلتحليما شكون اللي مات,حليمه خالتي حليمه شكون الي مات,3.9119999408721924,youtube_AUP3mzHAV1I_171,0.6666666666666666
labeled_linagora_cs_arabize,أنسي يا فطمة بنيتي,قدلي انسي انسي يا فاطمه بنيتي انسي الله,4.567999839782715,youtube_AUP3mzHAV1I_172,0.75
labeled_linagora_cs_arabize,ش ق قلتلك اسمي بر عبير عبير,ويشفيك قنت ل قلتلك اسمي عبير عبير عبير,7.068999767303467,youtube_AUP3mzHAV1I_173,0.5
labeled_linagora_cs_arabize,س فاطمة,ما ني ش فاطمه,0.8399999737739563,youtube_AUP3mzHAV1I_175,1.0
labeled_linagora_cs_arabize,خل التراجل للدرم نعرفن,واح دخله راجل دار ما نعرفوش شكون دوب ما,3.865999937057495,youtube_AUP3mzHAV1I_176,1.0
labeled_linagora_cs_arabize,ني برنين وخار الخل حليم وقلها,شافني برق عينيه وزر لخالتي حليمه وقاللها,2.7839999198913574,youtube_AUP3mzHAV1I_177,1.0
labeled_linagora_cs_arabize,تعمل الملبوسة هذي هنا ش مجيبها,اي تعمل الملبوسه هذ هنا آش م جايبها,2.5850000381469727,youtube_AUP3mzHAV1I_178,0.75
labeled_linagora_cs_arabize,كيفاش خرجوها مس بطار جابت خاطي حليم,وكيفاش خرجوها من السبيتار جاب خي حليمه,3.440000057220459,youtube_AUP3mzHAV1I_179,0.8571428571428571
labeled_linagora_cs_arabize,يا ناس يا ناس يزورة واحرام عليكم,وقالتله يا ناس يا ناس يز راه حرام عليكم,3.696000099182129,youtube_AUP3mzHAV1I_180,0.4444444444444444
labeled_linagora_cs_arabize,وليدي لا تعظم ولا تتبلي قول الليسرنا,يا ويدي لا تعظم ولا تبلا قول الله يسترنا,3.005000114440918,youtube_AUP3mzHAV1I_181,0.5555555555555556
labeled_linagora_cs_arabize,يهديك يهديك,يهديك يهديك راه,1.7430000305175781,youtube_AUP3mzHAV1I_182,0.3333333333333333
labeled_linagora_cs_arabize,ري ب و وقنا مريض قاتل مها,مريضه جابها هو وقالها مريضه قتها وباها,6.008999824523926,youtube_AUP3mzHAV1I_183,1.0
labeled_linagora_cs_arabize,خواتها لبنات الزوز وتقوليلي مريذا,واخواتها البنات الزوز و تقولي لي مريضه,2.2039999961853027,youtube_AUP3mzHAV1I_184,0.8571428571428571
labeled_linagora_cs_arabize,مر الي خلا تعمل,انا مرض الي خليها تعمل هكة كان مريضه,2.924999952316284,youtube_AUP3mzHAV1I_185,0.75
labeled_linagora_cs_arabize,و في اسبيطار وعلاش يخرجوا فيه,خلاوها في السبيتار وعلاش يخرجوا فيها وهو,3.5250000953674316,youtube_AUP3mzHAV1I_186,0.5714285714285714
labeled_linagora_cs_arabize,ازال يحكي وأنا نشوف فزوز خيالاته,مازال يحكي و انا نشوف نشوف في زوز خيالاته,4.767000198364258,youtube_AUP3mzHAV1I_187,0.6666666666666666
labeled_linagora_cs_arabize,ن واحد راخل,واقفين واحد وراه خالتي,2.444000005722046,youtube_AUP3mzHAV1I_188,0.75
labeled_linagora_cs_arabize,وواحد راه هو وفيداهم,حليمه و واحد وراه هو و في ايديهم,4.486999988555908,youtube_AUP3mzHAV1I_189,0.875
labeled_linagora_cs_arabize,ن كيف الي موجودة,سكينه كيف الي موجوده بجنبي على,3.303999900817871,youtube_AUP3mzHAV1I_190,0.6666666666666666
labeled_linagora_cs_arabize,ولا وهما يمثلولي بداهم باش نضبحهم,الطاوله وهما يمثلو لي بيديهم باش نذبحهم,5.184000015258789,youtube_AUP3mzHAV1I_191,0.7142857142857143
labeled_linagora_cs_arabize,برقوا في عيناهم كينا خاتحليم والر,ويبرق في عينيهم كنا خالتي حليمه و الراجل,4.144999980926514,youtube_AUP3mzHAV1I_192,0.875
labeled_linagora_cs_arabize,ل نا  عالم اخر مل,الي معاها في عالم و انا في عالم آخر جمله,4.464000225067139,youtube_AUP3mzHAV1I_193,0.9
labeled_linagora_cs_arabize,عدش نجم نسمع ولا نجاوب ولا نتفاعل,ما حدش نجم نسمع ولا نجاوب ولا نتفاعل,3.0250000953674316,youtube_AUP3mzHAV1I_194,0.25
labeled_linagora_cs_arabize,,معاهم الزوز,2.063999891281128,youtube_AUP3mzHAV1I_195,1.0
labeled_linagora_cs_arabize,لات,خيالات,0.5210000276565552,youtube_AUP3mzHAV1I_196,1.0
labeled_linagora_cs_arabize,حو سرحو بيا وسلبولي عقلي وخلو,سرحوا سرحوا بيا وسلبوا لي عقلي وخلو,5.5289998054504395,youtube_AUP3mzHAV1I_197,0.5714285714285714
labeled_linagora_cs_arabize,نحس في النار بد تطلع في سقيح,نحس نحس نحس في النار بدت تطلع في سقيه,7.14900016784668,youtube_AUP3mzHAV1I_200,0.4444444444444444
labeled_linagora_cs_arabize,راخانا سخانا الي بسدني وعرق,حتى لراسي سخانه سخانه لبستني وعرق هبط,5.2270002365112305,youtube_AUP3mzHAV1I_201,0.8571428571428571
labeled_linagora_cs_arabize,ي تقول شكونها  تصب عليا,على تقول شكون صب على,2.7230000495910645,youtube_AUP3mzHAV1I_202,0.8
labeled_linagora_cs_arabize,ظلما وانا كلي نرحش مشمتش نعمل حتى شي,الظلمه و انا بكل نرش انامش نعمل حتى شيء,6.989999771118164,youtube_AUP3mzHAV1I_203,0.7777777777777778
labeled_linagora_cs_arabize,فلات الزوز شاوبجمبي في سوعة غريبة,ل لخيالات الزوز جاب جمبي في سرعه غريبه,3.805000066757202,youtube_AUP3mzHAV1I_205,0.75
labeled_linagora_cs_arabize,شتني كل واحد فاهم من يد وقفوني,وشدني كل واحد فاهم من يده وقفوني وحطو لي,4.125999927520752,youtube_AUP3mzHAV1I_206,0.4444444444444444
labeled_linagora_cs_arabize,كن,السكينه في,0.7210000157356262,youtube_AUP3mzHAV1I_207,1.0
labeled_linagora_cs_arabize,م نعرفش,يدي ما نعرفش,3.4860000610351562,youtube_AUP3mzHAV1I_208,0.6666666666666666
labeled_linagora_cs_arabize,شلقت براح كاننا ح سكي,كيفاش شقت بروحي كان و انا حاطه سكينه في,5.748000144958496,youtube_AUP3mzHAV1I_209,1.0
labeled_linagora_cs_arabize,قبط الراجل الي تناقسو مع خ,رقبه الراجل الي يتناقشوا مع خالتي,2.0439999103546143,youtube_AUP3mzHAV1I_210,0.5
labeled_linagora_cs_arabize,وما برد بدني ورجع سخانتي عاديا,حليمه وما برد بدني ورجعت سخاني عاديه,4.627999782562256,youtube_AUP3mzHAV1I_211,0.5714285714285714
labeled_linagora_cs_arabize,ماسمعت صوت خلتي حليمة وهي تسية,كان ما سمعت صوت خالتي حليمه و هيا تصيح,3.1040000915527344,youtube_AUP3mzHAV1I_213,0.8888888888888888
labeled_linagora_cs_arabize,سيع سح سيح,تصيح تصيح تصيح,2.565000057220459,youtube_AUP3mzHAV1I_214,1.0
labeled_linagora_cs_arabize,五八谈,وبعدها,0.6010000109672546,youtube_AUP3mzHAV1I_216,1.0
labeled_linagora_cs_arabize,عا وبعدها لقيت روحي في تفا,وبعدها وبعدها لقيت روحي في بيت ف,3.9649999141693115,youtube_AUP3mzHAV1I_217,0.42857142857142855
labeled_linagora_cs_arabize,tr ala,دكتور ما,2.484999895095825,youtube_AUP3mzHAV1I_218,1.0
labeled_linagora_cs_arabize,ما نعرفش شكون جابني ولا كيفاش جيد,نعرفش ما نعرفش شكون جابني ولا كيفاش جيت,6.0269999504089355,youtube_AUP3mzHAV1I_219,0.25
labeled_linagora_cs_arabize,كون حطني نا أمان دكور ماند,ولا شكون حطني هنا امان دكتور امان دكتور,5.046000003814697,youtube_AUP3mzHAV1I_220,0.875
labeled_linagora_cs_arabize,صدقني صدقني ماه ي امي فاطم,مصدقني مصدقني ماهو اي فاطمه اي فاطمه,5.868000030517578,youtube_AUP3mzHAV1I_221,1.0
labeled_linagora_cs_arabize,ورس بنت مصدقك,مصدقك وراس بنتي مصدقك قولي فاطمه شربت,4.3470001220703125,youtube_AUP3mzHAV1I_222,0.8571428571428571
labeled_linagora_cs_arabize,,دواك اليوم,0.5809999704360962,youtube_AUP3mzHAV1I_223,1.0
labeled_linagora_cs_arabize,كالعادة حطيه تحت لسانك ع رمي,ولا كي العاده حطيته تحت لسانك و من بعد رميته,2.74399995803833,youtube_AUP3mzHAV1I_224,0.8
labeled_linagora_cs_arabize,ريد كما تشرب دواكنيير يك,ريت ماو ريتك ما تشربش دواك شنوا يصير فيك,3.265000104904175,youtube_AUP3mzHAV1I_225,1.0
labeled_linagora_cs_arabize,جع تشوف الخيالات ووترجع فاطمة,ترجع تشوف الخيالات وترجع وترجع فاطمه,3.50600004196167,youtube_AUP3mzHAV1I_226,0.6666666666666666
labeled_linagora_cs_arabize,ورجع عبير والقتل والمقطول,وترجع عبير والقاتل والمقتول وكانه ما,3.4860999584198,youtube_AUP3mzHAV1I_227,0.8333333333333334
labeled_linagora_cs_arabize,ن شي اشرب تواق,عملنا شيء اشرب دواك عاش,2.0241000652313232,youtube_AUP3mzHAV1I_228,0.8
labeled_linagora_cs_arabize,,اه دكتور فمة,1.2620999813079834,youtube_AUP3mzHAV1I_230,1.0
labeled_linagora_cs_arabize,حسنا سيد العون حالتها ميش مستق,تحسن سيد العون حالتها ما هي ش مستقره,4.026100158691406,youtube_AUP3mzHAV1I_231,0.625
labeled_linagora_cs_arabize,المرة هذي هربت ولقفناها المر الجاي,جمله المره هاذي هربت وقفنا المره الجايه,4.748000144958496,youtube_AUP3mzHAV1I_232,0.8571428571428571
labeled_linagora_cs_arabize,ولا وعلم شنو ينجم يصيره,الله اعلم شن ينجم يصير,1.3420000076293945,youtube_AUP3mzHAV1I_233,0.8
labeled_linagora_cs_arabize,دكر فم ولا قضية ري عم,آخر دكتور فاطمه ولات قضيه راي عام راه,4.186999797821045,youtube_AUP3mzHAV1I_234,1.0
labeled_linagora_cs_arabize,هي في بال,تعرف هيا في بالي في,3.125999927520752,youtube_AUP3mzHAV1I_235,0.8
labeled_linagora_cs_arabize,المراقات لأكثر من خمس رواحد,بالي المراه قاتله اكثر من خمسة رواح,3.4049999713897705,youtube_AUP3mzHAV1I_236,0.8571428571428571
labeled_linagora_cs_arabize,لزمها تتحاكم كيفاش تتحاكمس,دكتور يلزمها تتحاكم كيفاش تتحاكم يا سيد,3.4170000553131104,youtube_AUP3mzHAV1I_238,0.7142857142857143
labeled_linagora_cs_arabize,أنا قانون اللي باش يحاكمها,العون انا قانون الي باش يحكمها وانه,3.7269999980926514,youtube_AUP3mzHAV1I_239,0.7142857142857143
labeled_linagora_cs_arabize,نسا,قاضي الي باش يحكم على انسانه عندها,1.6430000066757202,youtube_AUP3mzHAV1I_240,1.0
labeled_linagora_cs_arabize,صا ف الشخصية واضتراب ما بعد الصادمة,انفصام في الشخصيه واضطراب ما بعد الصدمه,2.2239999771118164,youtube_AUP3mzHAV1I_241,0.7142857142857143
labeled_linagora_cs_arabize,ن دكتور مفهمت  معنها فرا,سامحني دكتور ما فهمتش آش معنتها اضطراب في,3.1059999465942383,youtube_AUP3mzHAV1I_242,0.875
labeled_linagora_cs_arabize,شخصية,الشخصيه,0.5609999895095825,youtube_AUP3mzHAV1I_243,1.0
labeled_linagora_cs_arabize,ال,يا بابا سيد العون بالعربي المراه دخلت,3.805999994277954,youtube_AUP3mzHAV1I_244,1.0
labeled_linagora_cs_arabize,رجت في الحلة بعد ما قال م,وخرجت في الحله بعد ما قتلت امها وباها,2.563999891281128,youtube_AUP3mzHAV1I_245,0.625
labeled_linagora_cs_arabize,خواتها البنات والفرملية,واخواتها البنات وال الفرمليه,1.5420000553131104,youtube_AUP3mzHAV1I_246,0.75
labeled_linagora_cs_arabize,التقارير والتشاخيص اللي عملناه كل,هوني التقارير والتشخيص الي عملناها الكل,3.565000057220459,youtube_AUP3mzHAV1I_247,0.8333333333333334
labeled_linagora_cs_arabize,يثبتو إنو فاطمة مختلة عقليا مش فيوايا,يثبتوا ان فاطمه مختله عقليا مش في وعيه,3.2049999237060547,youtube_AUP3mzHAV1I_248,0.75
labeled_linagora_cs_arabize,مت    دكور فمت مت ا نيس,فهمت سي الدكتور فهمت فهمت يا انيس اي يا,8.569999694824219,youtube_AUP3mzHAV1I_249,1.0
labeled_linagora_cs_arabize,يب جيبا كتقرير من عند طبيب,بابا جيب جيبك تقرير من عند طبيب وخلينا,3.2239999771118164,youtube_AUP3mzHAV1I_250,0.625
labeled_linagora_cs_arabize,وع المركز وكيما كنت تسمو,نرجع المركز وكيما كنتوا تسمعوا هك كان,4.60699987411499,youtube_AUP3mzHAV1I_251,0.7142857142857143
labeled_linagora_cs_arabize,حوار متاعي للمرة الألف مع وان الشرطة,الحوار متاعي للمره الالف مع عوان الشرطه في,3.6449999809265137,youtube_AUP3mzHAV1I_252,0.75
labeled_linagora_cs_arabize,ل مرة نعاود ونفسر في نفس الموضوع وشي,كل مره نعاود ونفسر في نفس الموضوع وشيء,3.368000030517578,youtube_AUP3mzHAV1I_253,0.375
labeled_linagora_cs_arabize,بي  سمحوني ما قتلكمش,نافع ربي اه سامحوني ما قلتلكم انا,3.4260001182556152,youtube_AUP3mzHAV1I_254,0.8571428571428571
labeled_linagora_cs_arabize,لخصائ نفساني بصيط طيب العكاري,الاخصائي النفساني س طيب العكاري نخدم في,3.625999927520752,youtube_AUP3mzHAV1I_255,0.7142857142857143
labeled_linagora_cs_arabize,طار الرازي عندي اكثر من سنا,سبيتار الرازي عندي اكثر من تسعطاش سنه حاله,3.384999990463257,youtube_AUP3mzHAV1I_256,0.5
labeled_linagora_cs_arabize,كن سمع من خ,فاطمه ما كنتوا تسمعوا من اخطر واغرب,2.884999990463257,youtube_AUP3mzHAV1I_257,0.8571428571428571
labeled_linagora_cs_arabize,الات ال باشرت معاهم فلقلما,الحالات الي باشرت معهم طفله قاتله امها,3.3459999561309814,youtube_AUP3mzHAV1I_258,0.8571428571428571
labeled_linagora_cs_arabize,واخواتها لبنات الزوز وفرمليا را,وبوها واخواتها البنات الزوج فرمل رباب,3.2049999237060547,youtube_AUP3mzHAV1I_259,0.8333333333333334
labeled_linagora_cs_arabize,كانت خدم معانا ه,الي كانت تخدم معان هوني الله يرحمها,2.2639999389648438,youtube_AUP3mzHAV1I_260,0.8571428571428571
labeled_linagora_cs_arabize,وزادت قاتلت راجل جوراتهم ك دو,وينعمها وزادت قتله راجل جارتهم كدوب ما,3.625999927520752,youtube_AUP3mzHAV1I_261,0.7142857142857143
labeled_linagora_cs_arabize,مش خرجت,خرجت بون مش خرجت,1.8830000162124634,youtube_AUP3mzHAV1I_262,0.5
labeled_linagora_cs_arabize,لمصيبة أن كل الإطارات ال,والمصيبه المصيبه انه كل الاطارات في,2.8450000286102295,youtube_AUP3mzHAV1I_264,0.8333333333333334
labeled_linagora_cs_arabize,بطار هنا مصدقين مستوعبين واعين,السبيتار هنا مصدقين و مستوعبين وواعين,2.924999952316284,youtube_AUP3mzHAV1I_265,0.5
labeled_linagora_cs_arabize,كلهم إيمان أن فاطمة ملبوسة وممسوسة,وكلهم ايمان انه فاطمه ملبوسه ومسوسه,3.2850000858306885,youtube_AUP3mzHAV1I_266,1.0
labeled_linagora_cs_arabize,جنون وعبابث هما اللي حركوا فيها ا,وجنون وباب ههم الي يحركوا فيها يا و الله,3.0850000381469727,youtube_AUP3mzHAV1I_267,0.8888888888888888
labeled_linagora_cs_arabize,يا واللا حوال يعني نخليو العلم,حوال يا و الله حوال يعني نخلي العلم,3.7860000133514404,youtube_AUP3mzHAV1I_268,0.5
labeled_linagora_cs_arabize,لبحوث وسنين شقاوتعبو نمشي راخو رفا,و البحوث وسنين تعب ونمشي ورا خرافات,3.2060000896453857,youtube_AUP3mzHAV1I_269,0.8571428571428571
labeled_linagora_cs_arabize,لن  شار,الاولين بون ما علينا حبيت نشارككم اغرب,4.584000110626221,youtube_AUP3mzHAV1I_271,1.0
labeled_linagora_cs_arabize,وأغرب حالة باشرت معاها في حياتي,قصه واغرب حاله باشرت معها في حياتي,2.615999937057495,youtube_AUP3mzHAV1I_272,0.5714285714285714
labeled_linagora_cs_arabize,زلت  نباشر معاها,ومازلت باش نباشر معها لاخر نهار في,3.0840001106262207,youtube_AUP3mzHAV1I_273,0.8571428571428571
labeled_linagora_cs_arabize,نا هذي وكان فما أي جديد أكيد,المهنه هاذي وكان فمة اي جديد اكيد واكيد,4.605999946594238,youtube_AUP3mzHAV1I_274,0.75
labeled_linagora_cs_arabize,اش نرجع ونكتبلك يا دعلوش,جدا باش نرجع و نكتبلك يا دعوش وانت تحكيها,3.867000102996826,youtube_AUP3mzHAV1I_275,0.7777777777777778
labeled_linagora_cs_arabize,وتك يعطيكم الصاحة الناس الكل تسبح,بصوتك يعطيكم الصحه الناس الكل وتصبحوا,4.10699987411499,youtube_AUP3mzHAV1I_277,0.5
labeled_linagora_cs_arabize,حكايا دعلوش لليلا وفات,خير حكايات د علوش لليله وفات ان شاء الله,6.329999923706055,youtube_AUP3mzHAV1I_278,0.8888888888888888
labeled_linagora_cs_arabize,ب يكون الجزء الرابع من حكاية فاطم,يا ربي يكون الجزء الرابع من حكايه فاطمه,2.864000082015991,youtube_AUP3mzHAV1I_280,0.5
labeled_linagora_cs_arabize,وسا أعجبكم وكان عند حصن الظن,الملبوسه اعجبكم وكان عند حسن الظن ما,3.686000108718872,youtube_AUP3mzHAV1I_281,0.5714285714285714
labeled_linagora_cs_arabize,وشكل عادة الجام والبرتاج والcت,تنساوش كي العاده الجيم والبارطاج والكومنت,2.825000047683716,youtube_AUP3mzHAV1I_282,1.0
labeled_linagora_cs_arabize,الفزات التي مستنسين بهم كيما قتلكم,و الفازات الي مستانسين بهم ما قلتلكم,2.684000015258789,youtube_AUP3mzHAV1I_283,0.8571428571428571
labeled_linagora_cs_arabize,ذكم المحفظ متاعنا الأول والوحيد,هذوك المحفز متاعنا الاول والوحيد باش,4.427000045776367,youtube_AUP3mzHAV1I_284,0.6666666666666666
labeled_linagora_cs_arabize,يد نقدمو ونبدعو في القصص,نزيدوا نقدموا ونبدع في القصص و في,2.4839999675750732,youtube_AUP3mzHAV1I_285,0.7142857142857143
labeled_linagora_cs_arabize,حكايات تاعنا على قناة يوتيوب حكاي,الحكايات متاعنا على قناه يوتيوب حكايات,4.065000057220459,youtube_AUP3mzHAV1I_286,0.6666666666666666
labeled_linagora_cs_arabize,وما تساو زدك العادة حلقة صديقنا,تونسيه منسيه وما تنساو ز حلقه صديقنا,3.7249999046325684,youtube_AUP3mzHAV1I_287,0.8571428571428571
labeled_linagora_cs_arabize,مودة كل نهار احد متاع الليل,حموده كل نهار احد ثمنية متاع الليل مابقي,4.165999889373779,youtube_AUP3mzHAV1I_288,0.375
labeled_linagora_cs_arabize,اصبح الأخير النا كل,نقوللكم صبح على خير الناس الكل وللام,2.6630001068115234,youtube_AUP3mzHAV1I_289,1.0
labeled_linagora_cs_arabize,,للجميع,0.722000002861023,youtube_AUP3mzHAV1I_291,1.0
labeled_linagora_cs_arabize,هوني من المهاجرين اللي يتعرضو الإكسبلويتايون,هوني من المهاجرين الي يتعرضوا لل اكسبلواسيون,5.0320000648498535,0000051_0000161_0000001_51_161_1_0,0.5714285714285714
labeled_linagora_cs_arabize,ثلاثين,ثلاثين,1.2480000257492065,4l4ine_31328_0,0.0
labeled_linagora_cs_arabize,حنا نا cرé un centr d'industrي  في novation city en coopératيo اvك ل جايزات,دونك احنا اون ا كريي ان سنتر دانديستري كاتر بوينت زيرو في نوفاسيون سيتي ان كووبيراسيون افيك لا جيز,4.943999767303467,0000008_0000067_8_67_0,0.9473684210526315
labeled_linagora_cs_arabize,好迎记,خويا العزيز,0.6639999747276306,ar--3250_1.5.wav_3250_1.5_0,1.0
labeled_linagora_cs_arabize,كانت الأم عندها إيمان كبير كون ولدها عميرة باش يرجع كان الإيمان هذاك هو اللي مقويها شوية على رغم الحزن اللي كانت فيه حزن كبير برشا ما كانتش الأم المسكينة قدرة وأنها تتحملو وتوفات المسكينة الله,كانت الام عندها ايمان كبير كون ولدها عميره باش يرجع كان الايمان هذاكة هو الي مقويها شويه على رغم الحزن الي كانت فيه حزن كبير برشا ما كانتش الام المسكينه قادره وانها تتحمله وتوفيت المسكينه الله,13.543999671936035,segment_0000510_segment_510_0,0.4166666666666667
labeled_linagora_cs_arabize,فاهمناش ما ما لقيتش هك إني نجم منتوى نربط روحي مع بروف اللي كيف نجي لازم نخدم معاه كل شي معناها لرشرش نتاعي وكل,ما يهمناش مي ما لقيتش هكة اني نجم من توا نربط روحي مع بروف الي كيف نجي لازم نخدم معاه كل شيء معناها ريشارش متاعي و كل,9.088000297546387,0000028_0000112_0000000_28_112_0_0,0.48148148148148145
labeled_linagora_cs_arabize,بدالله يعرف طايب مليح وديما يسلغي صحابه,عبد الله يعرف يطيب مليح وديمة يستدعي صحابو,4.02400016784668,ar--3189_1.25.wav_3189_1.25_0,0.75
labeled_linagora_cs_arabize,kif kif,كيف كيف,1.5199999809265137,kif_kif_1149_0,1.0
labeled_linagora_cs_arabize,muš my tropi,مش متربي,1.3200000524520874,ar--1816_0.75.wav_1816_0.75_0,1.5
labeled_linagora_cs_arabize,والقبائل الموجودة,والقبايل الموجودة,1.7039999961853027,amenyKH_0000001_chunk_0000070_001_chunk_70_0,0.5
labeled_linagora_cs_arabize,يطيش,يطيش,0.8479999899864197,ar--1627_1.wav_1627_1_0,0.0
labeled_linagora_cs_arabize,说开,شكرا,0.5440000295639038,ar--3457_1.25.wav_3457_1.25_0,1.0
labeled_linagora_cs_arabize,الي نهار يخر نحنا في سوسيت ولا في حاجة باش نخدمو مع السيم,الي نهار آخر احنا في سوسيتي ولا في حاجة باش نخدموا مع تيم,3.4159998893737793,0000072_0000042_0000000_72_42_0_0,0.38461538461538464
labeled_linagora_cs_arabize,ال تع ا اي يعيشها التلمي التونسي حاج ياسر كير,الامونة متاع السترس الي يعيشها التلميذ التونسي حاجة ياسر كبيرة و حاجة ياسر,5.639999866485596,amenyKH_0000070_0000015_0000001_70_15_1_0,0.7692307692307693
labeled_linagora_cs_arabize,kosksi,كسكسي,1.2640000581741333,kosksi_31689_0,1.0
labeled_linagora_cs_arabize,انا في لطروت نمر واحد وحد امورو باي,انا في الاوتوروت نومرو واحد بحذا مورو باي,3.303999900817871,TunSwitchTO_0000005_0000019_0000010_jx0000007_5_19_10_jx7_0,0.5
labeled_linagora_cs_arabize,إن شاء الله يا ربي خنكلم صاحبتي لحظة نشوفها وين الو درسة فوينك فاثنية,ان شاء الله يا ربي خنكلم صاحبتي لحظة نشوفها وين الو درصاف وينك في الثنية,5.375999927520752,TunSwitchTO_0000069_0000014_0000017_py0000008_69_14_17_py8_0,0.3333333333333333
labeled_linagora_cs_arabize,ماتول شعريككثر من ح عرين سنا,ما يضهر ش عليك اكثر من واحد و عشرين سنة,2.0799999237060547,TunSwitchTO_0000046_0000009_0000010_oex_46_09_10_oex_0,0.9
labeled_linagora_cs_arabize,عملنا شيو لام,عملناه ك اشنتين نموذج,2.5360000133514404,amenyKH_Partie0000008_chunk_0000063_Partie8_chunk_63_0,1.0
labeled_linagora_cs_arabize,نمشي بالكار,نمشيو بالكار,1.2319999933242798,TunSwitchTO_0000005_0000015_0000000_wzh_5_15_00_wzh_0,0.5
labeled_linagora_cs_arabize,اللي بعده,الي بعدو,0.7360000014305115,ar--1822_1.25.wav_1822_1.25_0,1.0
labeled_linagora_cs_arabize,يصور تصويرا,يصور تصويرة,1.159999966621399,ar--1807_1.wav_1807_1_0,0.5
labeled_linagora_cs_arabize,ا هم من عاميدخل عميد شرطة المكلف بالقضية  الكل لبير تاع ويلقى كون بثلجواب من مطار محمد الخامس وظهران سيد وال الأنس بعثة جواب وغادرة البلا,الله ربي يشفيه في نهار واحد و ثلاثين ماي من عام الفين و خمس يدخل عميد الشرطه المكلف بالقضيه هاذي الكل للبيرو اعه ويلقى شكون باعثلو جواب من مطار محمد الخامس وظهر وانه سيد ولا الانسة بعثت جواب وغادرت البلاد جملة,14.199999809265137,segment_0000781_segment_781_0,0.7317073170731707
labeled_linagora_cs_arabize,itir,يطير,0.6800000071525574,ar--1882_1.wav_1882_1_0,1.0
labeled_linagora_cs_arabize,حاجة كنت كافيين والقحاوي وقل,و قهاوي و كل كافيين حاجة كانت,2.808000087738037,0000075_0000089_0000000_75_89_0_0,0.8571428571428571
labeled_linagora_cs_arabize,منجمش نعرص بها يمكن لغلطة في أما أنا ما نجمش نخبرها,انجمش نعرس بيها يمكن الغلطة فيا اما انا ما انجمش ناخو مرا,4.248000144958496,TunSwitchTO_0000196_0000022_0000057_a0000005p_196_22_57_a5p_0,0.8333333333333334
labeled_linagora_cs_arabize,الأميرة,الاميرة,1.25600004196167,ar--2240_0.75.wav_2240_0.75_0,1.0
labeled_linagora_cs_arabize,الوانك,البانكة,0.9440000057220459,ar--1755_0.75.wav_1755_0.75_0,1.0
labeled_linagora_cs_arabize,ربي وشتو ثنية لسوسة نادية ثنية كاملة مفرعسة دنيا تعدات قدامها تفكرتروحها صغيرة تجيبها,ربي وشدوا الثنية لسوسة نادية ثنية كاملة مفرعسة دنيا تعدات قدامها تفكرت روحها صغيرة تجيبها,6.703999996185303,TunSwitchTO_0000071_0000022_0000010_0000038d_71_22_10_38d_0,0.26666666666666666
labeled_linagora_cs_arabize,باش تعمل ك علاش ماتبديش بتلفونكتوا,باش تعمل كونتنت علاش ما تبداش بتاليفونك توا,3.375999927520752,Melekher0000011_0000176_0000003_Melekher11_176_3_0,0.625
labeled_linagora_cs_arabize,حبط وحاول أشعرف رومامين,هبط و حاول باش يعرف هو وين,1.7680000066757202,ar--3380_1.5.wav_3380_1.5_0,1.0
labeled_linagora_cs_arabize,نعملش فر بر اتر ممام ها  ل زون دفر نتاعي كان جفاي با دفر بر اتر ممام معناه نعطيكا نتر م سير لي برشا بسعار نبدا داخل لبلاص,اذاكا وقتها ثلاثمياة و واحد و خمسين توا اي رييوسي اتر توا مام سا سي ترا امبورتون اما يلزمنا كمية القوة المونتال يلزم تكون عندك باش تواجه مجتمع بكلسيطة منقوبة ثلاثمياة و ثنين و خمسين با دوني ا توا لو موند اغزر انا يكركروك العباد دونك جو سي با الحق ما عنديش ما نتصنعش ثلاثمياة و ثلاثة و خمسين ما نعملش ايفور بور اتر مون ميم سي سا لا زون دو كونفور متاعي كون جو فا دي فوت بور اتر موا ميم معناها نعطيك ان اوتر اكسمبل يصرلي برشا بعد ساعات نبدا داخل بلاصة,11.567999839782715,segment_0000244_segment_244_0,0.925531914893617
labeled_linagora_cs_arabize,تنشم تعمل علية مزيع,تنجم تعمل على مزية,2.7920000553131104,ar--3322_0.75.wav_3322_0.75_0,0.75
labeled_linagora_cs_arabize,هاكا الساحيليا علىالبحر وكل ما شاي حابي تبعد من تونس  تفيل وكل,هكة ساحلية على البحر و كل شيء حبيت نبعد من تونس جونر سنتر فيل و كل,6.5920000076293945,0000073_0000011_0000001_73_11_1_0,0.875
labeled_linagora_cs_arabize,كيما تحب جي بلي يعجبك,كيمة تحب جيب الي يعجبك,2.4000000953674316,ar--3601_1.wav_3601_1_0,0.6
labeled_linagora_cs_arabize,حاجات ما نعرف شنوا لازم نعمل باش نشري شوية حاجات من عندكم مانعرف شنووا نعمل باش نشري شوية حاجات نحاول نشري من عندكم حاجات نحب حد يعاوني باش نشري حاجات من عندكم,منعرفش شنوا لازم نعمل باش نشري شوية حاجات من عندكم منعرفش شونة نعمل باش نشري شوية حاجات نحاول نشري من عندكم حاجات نحب حد يعوني باش نشري حاجات من عندكم,13.984000205993652,segment_0000036_segment_36_0,0.2
labeled_linagora_cs_arabize,لتسال,البصل,0.8799999952316284,ar--1647_0.75.wav_1647_0.75_0,1.0
labeled_linagora_cs_arabize,مع الاضافة انه السيد ماطمد ذواد,مع الاضافة انو السيد المعتمد وعدنا,2.615999937057495,amenyKH_partie0000004_chunk_0000105_partie4_chunk_105_0,0.5
labeled_linagora_cs_arabize,لايف ستايل هذي نجربه من توا برشى حاجات مشكن حتى إنا نسافرو,لايفستايل هاذايا نجربوه من توا برشا حاجات مش حتى كان انا نسافروا,4.1519999504089355,0000053_0000093_0000001_53_93_1_0,0.75
labeled_linagora_cs_arabize,بون نخدم برشا ما كنكورات خفافة هكي عىالخفافي فنته,بون نخدم برشا مي كونكورات عالخفافي فهمت,3.808000087738037,0000027_0000221_0000002_27_221_2_0,0.8571428571428571
labeled_linagora_cs_arabize,أي مستثمر لا ي ولا لحاجات ازمك تراهم انتي كانجاوبت عليهم بالقذا معناها شوفو كاكزرسيس,ايه مستثمر ولا ايه ولا الحاجات لي يلزمك تراهم انت كان جاوبت عليهم بالقدا معناها شوفو كا اكسرسيس بيان,5.360000133514404,0000003_sub_audio_chunk_0000004_3_sub_audio_chunk_4_0,0.6842105263157895
labeled_linagora_cs_arabize,ل اليوم الغلبية ت نيل يم م اكا يليمشي الدارة,دونك ريلمون اليوم الاغلبية متاع لي اونترابرونور شنوا يجيو يعملو يمشو مثلا اذا كان باش يسال يمشي لادارة و يسال,4.943999767303467,0000010_0000037_10_37_0,0.95
labeled_linagora_cs_arabize,ونجي ما عندك حتى دراية بحد شي,و انت ما عندك حتى دراي بحتى شيء,2.3440001010894775,amenyKH_Personnalité_Multiple_HM_E0000001_denoised_Sync0000092_no_speaker_0000352.0000082_0000355.0000018_Personnalité_Multiple_HM_E1_denoised_Sync092_no_speaker_352.82_355.18_0,0.625
labeled_linagora_cs_arabize,يبعث,يبعث,0.9120000004768372,ar--1813_0.75.wav_1813_0.75_0,0.0
labeled_linagora_cs_arabize,فما مرونة كبيرة معنتها  توا خاطر إنسان باش يكت باش يصب كوتيزاتيون في الضمان الاجتماعي باش يصب كوتيزاتي في الاسرانس في الاسرانس في تمتاز بالمرونة,فمة مرونه كبيره معنتها توا خاطر الانسان باش يصب كوتيزاسيون في الضمان الاجتماعي يصب كوتيزاسيون في لاسيرونس فيي لاسيرونس فيي تمتاز بالمرونه,11.02400016784668,segment_0000931_segment_931_0,0.6363636363636364
labeled_linagora_cs_arabize,اثلاث,الثلاثة,0.7519999742507935,ar--1563_1.wav_1563_1_0,1.0
labeled_linagora_cs_arabize,هيلج بروسس رو مهوش ساهل رو ساعات فما تشعمة صدرك عليه ردو بالكم معنا على رواحكم ساسو رواحكم لولات,ذي هيلينق بروسيس راهو ما هو ش ساهل راهو ساعات فمة تروما هذاكة علاه ردو بالكم معناها على رواحكم سايسو رواحكم لولاد,10.312000274658203,0000662_0000090_0000000_662_90_0_0,0.6818181818181818
labeled_linagora_cs_arabize,مر م باش نجيبو السبع,باش نجيو السبعة,6.199999809265137,TunSwitchTO_0000140_0000018_0000050_rgn_140_18_50_rgn_0,1.3333333333333333
labeled_linagora_cs_arabize,معد سميل لكامور خيمة فم,ماهو تسمين الكامور واحدة و ستين خيمة فمة,1.9759999513626099,amenyKH_tataouine__for_acoustic_analysis_Sync0000182_no_speaker_0000777.0000013_0000779.0000017_tataouine__for_acoustic_analysis_Sync182_no_speaker_777.13_779.17_0,0.875
labeled_linagora_cs_arabize,,كان يو وانت تو تولك اباوت لايك بوليتيكال بيليفز,4.800000190734863,0000662_0000080_0000001_662_80_1_0,1.0
labeled_linagora_cs_arabize,لأمبيتيoن موجودة,لامبيسيون موجودة,1.0720000267028809,0000015_0000032_15_32_0,0.5
labeled_linagora_cs_arabize,呀,بالطبيعة,0.53329998254776,ar--1056_1.5.wav_1056_1.5_0,1.0
labeled_linagora_cs_arabize,ماذا دو نقص لياهدي,باهي ملا توا ناخو السورية هاذي,2.0799999237060547,ar--3419_1.25.wav_3419_1.25_0,1.0
labeled_linagora_cs_arabize,معناك تقول مش ناشويمشانا فعر حاجة اكل,معناها كي تقوللي مش نشي مشينا فيها الحاجة هاك,2.4000000953674316,amenyKH_tataouine__for_acoustic_analysis_Sync0000552_no_speaker_0001993.0000059_0001996.0000001_tataouine__for_acoustic_analysis_Sync552_no_speaker_1993.59_1996.01_0,0.8888888888888888
labeled_linagora_cs_arabize,اكهاو  معناه تنجمت,اكهو توا سمبلمن نويز معناها تنجم,3.5280001163482666,amenyKH_0000006_0000006_0002012_partie0000002_chunk_0000007_06_06_2012_partie2_chunk_7_0,1.0
labeled_linagora_cs_arabize,عاون الناس الكل باش تخرج اللي تجرحوا في السبيطار,عاون الناس الكل باش تخرج الي تجرحو في السبيطار توا,3.9839999675750732,ar--3483_1.5.wav_3483_1.5_0,0.3
labeled_linagora_cs_arabize,البا,البار,0.5839999914169312,ar--2124_1.25.wav_2124_1.25_0,1.0
labeled_linagora_cs_arabize,sor,الشورت,0.527999997138977,ar--2041_1.25.wav_2041_1.25_0,1.0
labeled_linagora_cs_arabize,لoك,الاكلة,0.5680000185966492,ar--1493_1.5.wav_1493_1.5_0,1.0
labeled_linagora_cs_arabize,موعد جديد في المحقق مع سلسلة أشهر,تحياتي موعد جديد في المحقق مع سلسله اشهر,3.4059998989105225,youtube_85PgsvXByj8_0,0.375
labeled_linagora_cs_arabize,ايا العربية واليوم نقترح عليكم قض,القضايا العربيه و اليوم نقترح عليكم قضيه,4.479000091552734,youtube_85PgsvXByj8_1,0.7142857142857143
labeled_linagora_cs_arabize,زنا الوحدة من الظواهر,باش تهزنا لوحده من الظواهر الي شوفوها,2.5959999561309814,youtube_85PgsvXByj8_2,0.7142857142857143
labeled_linagora_cs_arabize,رشا ربما في محيطنا ربما رك تشوف منها,برشا ربما في محيطنا ربما راك تشوف منها,3.7860000133514404,youtube_85PgsvXByj8_3,0.25
labeled_linagora_cs_arabize,ي محيطك داير كان عندك شكون في محيطك,في محيطك داور كان عندك شكون في محيطك هكة,4.223999977111816,youtube_85PgsvXByj8_4,0.3333333333333333
labeled_linagora_cs_arabize,ب كتبلو اسمه في التعليق با يرد,بربي يكتبله اسمه في التعليق باش يرد باله,2.683000087738037,youtube_85PgsvXByj8_5,0.5
labeled_linagora_cs_arabize,ظهرة متاعك ليبدأ يحكي في التليفون والحوم,الظهره بعك يبدا يحكي في التليفون و الحوم,4.005000114440918,youtube_85PgsvXByj8_6,0.625
labeled_linagora_cs_arabize,كل تبدأ تسمأ في النقاش متاعه يبدأ يسح,الكل تبدا تسمع النقاش متاعه ها يبدا يصيح,5.0269999504089355,youtube_85PgsvXByj8_7,0.875
labeled_linagora_cs_arabize,ايد انت في بيت هو في بيت وتسمع الهدر,ويعيط انت في بيت وهو في بيت وتسمع الهدره,3.384999990463257,youtube_85PgsvXByj8_8,0.3333333333333333
labeled_linagora_cs_arabize,أنت في دار وفي دار وتسمع الهدرل,الكل انت في داره في دار وتسمع الهدره,3.63700008392334,youtube_85PgsvXByj8_9,0.625
labeled_linagora_cs_arabize,أحيانا فم كون من الناس ا,الكل احيانا فمة شكون من الناس الي,4.410999774932861,youtube_85PgsvXByj8_10,0.7142857142857143
labeled_linagora_cs_arabize,سمعو فيه,يسمعوا في هال,0.9620000123977661,youtube_85PgsvXByj8_11,1.0
labeled_linagora_cs_arabize,هدرا ينجمو يخممولك في عمايل,الهدره ينجموا يخمم لك في عمايل كيما,5.0269999504089355,youtube_85PgsvXByj8_12,0.7142857142857143
labeled_linagora_cs_arabize,الضبط صار في قضيتنا بالنسبة للليلة,بالضبط صار في قضيتنا بالنسبه لليله قبل,4.22599983215332,youtube_85PgsvXByj8_13,0.5714285714285714
labeled_linagora_cs_arabize,نطلقوا في تفاصيلها إذا مازلت,ما ننطلق في تفاصيلها اذا ما زلت ما,3.365000009536743,youtube_85PgsvXByj8_14,0.75
labeled_linagora_cs_arabize,تحقتشبينا عبر الاشتراك في المحقق التح,التحقت بنا عبر اشتراك في المحقق التحق,3.7929999828338623,youtube_85PgsvXByj8_15,0.5714285714285714
labeled_linagora_cs_arabize,لف مشترك خلينا نوسو ل,بال ميتين و اربعين الف مشترك خلينا نوصل لل ميتين و خمسين الف,5.360000133514404,youtube_85PgsvXByj8_16,0.8461538461538461
labeled_linagora_cs_arabize,واكتبلي في التعليق كم ق,سريعا واكتب لي في التعليق كيما قلتلك,3.2799999713897705,youtube_85PgsvXByj8_17,0.7142857142857143
labeled_linagora_cs_arabize,ون الي تعرفو يحكي في التليفون ال,شكون الي تعرفه يحكي في التليفون بالصوت,3.6489999294281006,youtube_85PgsvXByj8_18,0.42857142857142855
labeled_linagora_cs_arabize,عالي وحطله باش يرد بالو وحنا ننطلق,العالي وحطله باش يرد باله واحنا ننطلق في,5.2270002365112305,youtube_85PgsvXByj8_19,0.5
labeled_linagora_cs_arabize,طلق,قضيتنا لليله,0.7020000219345093,youtube_85PgsvXByj8_20,1.0
labeled_linagora_cs_arabize,من قضيتنا لليوم تزنى المصر وتحديدا,اذا قضيتنا لليوم تهزنا لمصر و تحديدا,2.9649999141693115,youtube_85PgsvXByj8_21,0.7142857142857143
labeled_linagora_cs_arabize,محافظة الاسماعيلية في مركز التل الكبير,لمحافظه الاسماعيليه في مركز التل الكبير,3.825000047683716,youtube_85PgsvXByj8_22,0.3333333333333333
labeled_linagora_cs_arabize,ادي وإن كانت تعيش سيدة عمرها بعة و٤ سنة اسمها,غادي وان كان تعيش سيده عمرها سبعة و اربعين سنه,5.326000213623047,youtube_85PgsvXByj8_23,0.8
labeled_linagora_cs_arabize,سمه جهان أحمد موسى سيدة جهان,اسمها جيهان احمد موسى سيده جيهان كانت,3.7850000858306885,youtube_85PgsvXByj8_24,0.8571428571428571
labeled_linagora_cs_arabize,خدم وظفة في إدارة الأوقاف كانت معارسة,تخدم وظفه في اداره الاوقاف كانت معرسه,4.886000156402588,youtube_85PgsvXByj8_25,0.7142857142857143
labeled_linagora_cs_arabize,زميلها في نفس الإدارة وعندهم خمسة صغار,بزميلها في نفس اداره وعندهم خمسة صغار,3.7679998874664307,youtube_85PgsvXByj8_26,0.2857142857142857
labeled_linagora_cs_arabize,عندهم زوز بنات وثلاث ولاد,عندهم زوز بنات وثلاثه اولاد البنات,4.10699987411499,youtube_85PgsvXByj8_27,0.5
labeled_linagora_cs_arabize,ي تويم لبناية الكبيرة اسمها سارة,الاثنين توامه البنيه الكبيره اسمها ساره,3.625,youtube_85PgsvXByj8_28,0.8333333333333334
labeled_linagora_cs_arabize,طبيبة وعمرها وقت أحداث القضية,وطبيبه وعمرها وقت احداث القضيه,3.2850000858306885,youtube_85PgsvXByj8_29,0.6
labeled_linagora_cs_arabize,,ستة و عشرين,1.2419999837875366,youtube_85PgsvXByj8_30,1.0
labeled_linagora_cs_arabize,ثم عندها بنت أختها التوئم واسمها,سنه ثم عندها بنت اختها التوام واسمها,6.072000026702881,youtube_85PgsvXByj8_31,0.42857142857142855
labeled_linagora_cs_arabize,سمة وتخدم اخصائية اجتماعية عندها,اسماى وتخدم اخصائيه اجتماعيه عندها وليد,4.3460001945495605,youtube_85PgsvXByj8_32,0.6666666666666666
labeled_linagora_cs_arabize,مرو  سناء اسمه ابراهيم وعندهالواد,عمره اربعة و عشرين سنه اسمه ابراهيم وعندها الاولاد,4.828000068664551,youtube_85PgsvXByj8_33,0.7777777777777778
labeled_linagora_cs_arabize,لصغار بالكلي مازالوا يقرأوا في المراحل,الصغار بالكل مازالوا يقراوا في المراحل,2.565000057220459,youtube_85PgsvXByj8_34,0.5
labeled_linagora_cs_arabize,ولهما أحمد,الثانويه و الي هما احمد,2.1760001182556152,youtube_85PgsvXByj8_35,1.0
labeled_linagora_cs_arabize,محمد الي مازالو إذ في الثناوي,ومحمد الي مازالوا اذا في الثانويه,3.244999885559082,youtube_85PgsvXByj8_36,0.6666666666666666
labeled_linagora_cs_arabize,اسيدة جهان كانت معروفة في المنطقة,السيده جيهان كانت معروفه في المنطقه,3.8489999771118164,youtube_85PgsvXByj8_37,0.6666666666666666
labeled_linagora_cs_arabize,الحقيقة نا مراة طيبة تقدم المساعدة,الحقيقه انها مراه طيبه تقدم المساعده,4.184999942779541,youtube_85PgsvXByj8_38,0.8333333333333334
labeled_linagora_cs_arabize,الناس اللي يستحقوها سيد,للناس الي يستحقوها سيده,2.86299991607666,youtube_85PgsvXByj8_39,0.75
labeled_linagora_cs_arabize,متدينة مهيش لمتع مشاكل ولا هم يحزنوني,متدينه ماهش لمتع مشاكل ولاهم يحزنون ولي,6.5289998054504395,youtube_85PgsvXByj8_40,0.7142857142857143
labeled_linagora_cs_arabize,عرف عيلتها يشهد الحقيقةا,يعرفوا عيلتها يشهدوا الحقيقه الي فيما,3.7049999237060547,youtube_85PgsvXByj8_41,0.8333333333333334
labeled_linagora_cs_arabize,تعلق بية فيما يتعلق بزوجها فيما يتعلق,يتعلق بهايه فيما يتعلق بزوجها فيما يتعلق,4.889999866485596,youtube_85PgsvXByj8_42,0.2857142857142857
labeled_linagora_cs_arabize,صغارهم أنهم صغار متربين وعائلة,بصغاره انهم صغار متربين وعائله,3.184000015258789,youtube_85PgsvXByj8_43,0.6
labeled_linagora_cs_arabize,قبل شهور معدودة من أحداث القضية,فاضله قبل شهور معدوده من احداث القضيه,5.626999855041504,youtube_85PgsvXByj8_44,0.5714285714285714
labeled_linagora_cs_arabize,الة جيهان سيحتفل بزواج لبنات الاثنين,عيله جيهان سيحتفل بزواج البنات الاثنين,4.263999938964844,youtube_85PgsvXByj8_45,0.3333333333333333
labeled_linagora_cs_arabize,واسم ومن وقتها باش تبقى جهان,ساره واسما و من وقتها باش تبقى جيهان,4.72599983215332,youtube_85PgsvXByj8_46,0.625
labeled_linagora_cs_arabize,وزوجها مع أولادها الولاد الذكورة,وزوجها مع اولادها الاولاد الذكوره,3.0320000648498535,youtube_85PgsvXByj8_47,0.6
labeled_linagora_cs_arabize,لاثة بقاو عايشين في الداري,الثلاثه بقوا عايشين في الدار كانت الحياه,4.184999942779541,youtube_85PgsvXByj8_48,0.7142857142857143
labeled_linagora_cs_arabize,بصفة عدية حتى لوصلنا الر,ماشيه بصفه عاديه حتى يوصلنا ال اربعة اوت,4.705999851226807,youtube_85PgsvXByj8_49,0.875
labeled_linagora_cs_arabize,في قلب حرارة صيف بعتتح,الفين و ثلاثة و عشرين في قلب حراره سيف الفين و ثلاثة و عشرين اربعة اوت يطيح,6.380000114440918,youtube_85PgsvXByj8_50,0.8823529411764706
labeled_linagora_cs_arabize,جمع الزوج والأبناء الحقيقة,نهار جمعه الزوج و الابناء الحقيقه كما,4.40500020980835,youtube_85PgsvXByj8_51,0.8571428571428571
labeled_linagora_cs_arabize,مهم نجموا نقولو متدينين الثلاثة مشاو يصليو,امهم نجموا نقولوا مدينين ثلاثة مشوا يصلي,4.626999855041504,youtube_85PgsvXByj8_52,0.8571428571428571
labeled_linagora_cs_arabize,لة الجمع أول ما روح للدار,في صلاه الجمعة اول ما روحوا للدار بعد,3.7039999961853027,youtube_85PgsvXByj8_53,0.75
labeled_linagora_cs_arabize,محمد هذا الابن الأصغر في العيلة,محمد هاذا الابن الاصغر في العيله هو اول,3.0859999656677246,youtube_85PgsvXByj8_55,0.625
labeled_linagora_cs_arabize,خ,واحد مش يدخل,1.0809999704360962,youtube_85PgsvXByj8_56,1.0
labeled_linagora_cs_arabize,لكن أول محل البيب اكتشف,الد لكن اول ما حل الباب اكتشف انه فمة,6.2270002365112305,youtube_85PgsvXByj8_57,0.7777777777777778
labeled_linagora_cs_arabize,تركى م الدم في وسط الدار خلي يجري,بركه من الدم في وسط الرخل يجري باش يشوف,5.271999835968018,youtube_85PgsvXByj8_58,0.6666666666666666
labeled_linagora_cs_arabize,ل حاجة جيت البيلن,امه اول حاجه جت لباله وين يطمن,2.0230000019073486,youtube_85PgsvXByj8_59,1.0
labeled_linagora_cs_arabize,لكن أول م وصل قدام باب الكوجينا,عليها لكن اول ما وصل قدام باب الكوجينه,5.432000160217285,youtube_85PgsvXByj8_60,0.5
labeled_linagora_cs_arabize,سيكتشف جثة الويلتة متاعه,سيكتشف جثه الوالت اعه,3.431999921798706,youtube_85PgsvXByj8_61,0.75
labeled_linagora_cs_arabize,جثة متعرضة لطعانات,جثه متعرضه لطعنات,2.382999897003174,youtube_85PgsvXByj8_62,1.0
labeled_linagora_cs_arabize,عدالظاهر الحقيقة وصار عليها هجوم,متعدده الظاهر الحقيقه ان صار عليها هجوم,4.668000221252441,youtube_85PgsvXByj8_63,0.7142857142857143
labeled_linagora_cs_arabize,حشي راسها عليه آثار ضرب,وحشي راسها عليه اثار ضرب,6.229000091552734,youtube_85PgsvXByj8_64,0.4
labeled_linagora_cs_arabize,هي امرأة متدينة,عنيف هيا امراه متدينه لكن,3.7660000324249268,youtube_85PgsvXByj8_65,1.0
labeled_linagora_cs_arabize,عبايتها كانت مهزوزة الفوق,عبايتها كانت مهزوزه الفوق,3.5460000038146973,youtube_85PgsvXByj8_66,0.25
labeled_linagora_cs_arabize,كلا وآثار الطاعانات موجودة,بكلها واثار طعنات موجوده في,6.48799991607666,youtube_85PgsvXByj8_67,1.0
labeled_linagora_cs_arabize,ختلف جسما,مختلف جسمها كانت عاريه,4.426000118255615,youtube_85PgsvXByj8_68,1.0
labeled_linagora_cs_arabize,تماما درجة أن  تصورو أن وقع اغتصابها,تماما درجه انه تصوروا انه وقع اغتصابها,5.308000087738037,youtube_85PgsvXByj8_69,0.5714285714285714
labeled_linagora_cs_arabize,أو الاعتداء الجنسي,اولاعتداء الجنسي,2.944000005722046,youtube_85PgsvXByj8_70,1.0
labeled_linagora_cs_arabize,شكون الي عمل فيها هك البوة ولاد,عليها شكون الي عمل فيها هك البو ولاده,6.056000232696533,youtube_85PgsvXByj8_71,0.375
labeled_linagora_cs_arabize,حالة انهيار لكن بالوقت,في حاله انهيار لكن بالوقت باش يبلغوا,2.9240000247955322,youtube_85PgsvXByj8_72,0.5714285714285714
labeled_linagora_cs_arabize,شرطة الي بالطبيعة حضروا وسيتم نقل جهان,الشرطه الي بالطبيعه حضر وسيتم نقل جهان,4.145999908447266,youtube_85PgsvXByj8_73,0.42857142857142855
labeled_linagora_cs_arabize,أوجفتها للطب الشرعي وينطلق التحقيق,او جثتها للطب الشرعي وينطلق التحقيق,4.25600004196167,youtube_85PgsvXByj8_74,0.3333333333333333
labeled_linagora_cs_arabize,عينة مسرح الجريمة الساعة ستكشف,معاينه مسرح الجريمه الساعه ستكشف انه,2.6440000534057617,youtube_85PgsvXByj8_75,0.6666666666666666
labeled_linagora_cs_arabize,سلاح الجريمة مازال موجود كان بحض الجث,سلاح الجريمه مازال موجود كان بحض الجثه,3.6649999618530273,youtube_85PgsvXByj8_76,0.2857142857142857
labeled_linagora_cs_arabize,وزاسلحة مش سلاح سكينا وتورنفيس مفتاح,زو اسلحه مش سلاح سكينه وتنفيس مفتاح,4.745999813079834,youtube_85PgsvXByj8_77,0.5714285714285714
labeled_linagora_cs_arabize,خي كانوا مطيشين قتلك بحض الجف فلكن كانو,براغي كانوا ميشين قلتلك بحض الجث في لكن,5.688000202178955,youtube_85PgsvXByj8_78,0.75
labeled_linagora_cs_arabize,يتصورو انو سيي باش نلقاو بهم,كانوا يتصوروا انه سي باش نلقاو بهم,2.444000005722046,youtube_85PgsvXByj8_79,0.5714285714285714
labeled_linagora_cs_arabize,المجرم لكن الحقيقة سنكتشف أنه المجرم,المجرم لكن الحقيقه سنكتشف انه المجرم,2.944000005722046,youtube_85PgsvXByj8_80,0.3333333333333333
labeled_linagora_cs_arabize,اخسالهم وامسحهم الغس البرك لا ينزل,اغسلهم ومسحهم الغسل بركا لا ينزع البصمات,3.808000087738037,youtube_85PgsvXByj8_81,0.8571428571428571
labeled_linagora_cs_arabize,سلهم وامسحهم حتى لا نجد فيهم بصمات,اغسلهم ومسحهم حتى لا نجد فيهم بصمات,5.327000141143799,youtube_85PgsvXByj8_82,0.2857142857142857
labeled_linagora_cs_arabize,وفعلا ما القيناش حتى بصمين النم,وفعلا ما لقينا ش حتى بصمات بيت النوم الي,3.884999990463257,youtube_85PgsvXByj8_83,0.6666666666666666
labeled_linagora_cs_arabize,عينها الشرطة تع جهان كانت مقلوبة,تعينها الشرطه متاع جيهان كانت مقلوبه كانه,3.805000066757202,youtube_85PgsvXByj8_84,0.8571428571428571
labeled_linagora_cs_arabize,م كون يلوج على حاجة وم بعض الأشياء,كان ف شكون يلوج على حاجه وثم بعض الاشياء,4.880000114440918,youtube_85PgsvXByj8_85,0.6666666666666666
labeled_linagora_cs_arabize,لي كانت مفقودة من الداراساعة,الي كانت مفقوده من الدار ساعه العائله,2.7039999961853027,youtube_85PgsvXByj8_86,0.7142857142857143
labeled_linagora_cs_arabize,قوه كانت لابسة خاتم ذهب بقيمة ئجنيد,تقول كانت لابسه خاتم ذهب بقيمه خمسمياة جنيه,4.705999851226807,youtube_85PgsvXByj8_87,0.625
labeled_linagora_cs_arabize,تقريبا قيم,تقريبا قيم,1.4620000123977661,youtube_85PgsvXByj8_88,0.0
labeled_linagora_cs_arabize,هز يما لبست يما منساكة المهم ما القوشي,يتهز يما لبسته يما من سكها المهم ما لقو ش,4.0929999351501465,youtube_85PgsvXByj8_89,0.6
labeled_linagora_cs_arabize,الضحية فما ليتابلات متاع الولاد زوز,عند الضحيه فمة لي تبليت متاع الاولاد جوج,5.0,youtube_85PgsvXByj8_90,0.875
labeled_linagora_cs_arabize,تات تاع الولاد ذنين,تابلتات متاع الاولاد الاثنين ما,2.243000030517578,youtube_85PgsvXByj8_91,1.0
labeled_linagora_cs_arabize,فالأقرب بالنسبة للمحقين نا,فماش ف الاقرب بالنسبه للمحققين انه دافع,5.308000087738037,youtube_85PgsvXByj8_92,1.0
labeled_linagora_cs_arabize,ريمة هو السرقة لكنه,الجريمه هو السرقه لكن ههم مازالوا مشو,3.6640000343322754,youtube_85PgsvXByj8_93,0.8571428571428571
labeled_linagora_cs_arabize,ثنية وذا بهم يكتشفوا في الجلاص,فييها الثنيه واذا بم يكتشفوا في الجلاص,4.079999923706055,youtube_85PgsvXByj8_94,0.5714285714285714
labeled_linagora_cs_arabize,مبلغ يقدر,جان مبلغ قدر ب ثلاثة الف,5.066999912261963,youtube_85PgsvXByj8_95,0.8333333333333334
labeled_linagora_cs_arabize,ياخي الشخص هذي ي دخل جابشياسر,جنيه اخي الشخص هاذا الي دخل جى باش يسرق,5.079999923706055,youtube_85PgsvXByj8_96,0.7777777777777778
labeled_linagora_cs_arabize,ذ  لف جني كيف يش,وما هز ثلاثة الف جنيه كيفاش م,3.384999990463257,youtube_85PgsvXByj8_97,1.0
labeled_linagora_cs_arabize,ربما الحكاية التمثيلية,لربما الحكايه تمثيليه,2.825000047683716,youtube_85PgsvXByj8_98,1.0
labeled_linagora_cs_arabize,سراحي أن زعمة زعمة بالشيسرق على كل حال,مسرحيه انه زعمه زعمه باش يسرق على كل حال,3.7660000324249268,youtube_85PgsvXByj8_99,0.6666666666666666
labeled_linagora_cs_arabize,محققين ابداو في فحص الباب,المحققين ابداوا في فحص الباب كان لازم,3.4049999713897705,youtube_85PgsvXByj8_100,0.5714285714285714
labeled_linagora_cs_arabize,تثبت هل هو جاي بشسرق اخلع البيب وتفاجأ,التثبت هل هو جاي يسرق خلع الباب وتفاجا,3.9059998989105225,youtube_85PgsvXByj8_101,0.625
labeled_linagora_cs_arabize,وجود الضحية ولا لا كشافو الباب,بوجود الضحيه ولا لا كي شافوا الباب مش,5.747000217437744,youtube_85PgsvXByj8_102,0.625
labeled_linagora_cs_arabize,لقاو الحقيقة أنه ما كانش في آثار اقتحام,يلقاو الحقيقه انه ما كانش في اثار اقتحام,3.9600000381469727,youtube_85PgsvXByj8_103,0.5
labeled_linagora_cs_arabize,يعني شخص اللي يدخل للدار تعرفو مليح,يعني الشخص الي دخل للدار تعرفوا مليح,3.325000047683716,youtube_85PgsvXByj8_104,0.5714285714285714
labeled_linagora_cs_arabize,بل الأقرب أنها هي ليحلتل,جيهان بل الاقرب انها هيا الي حلت له,3.5859999656677246,youtube_85PgsvXByj8_105,0.875
labeled_linagora_cs_arabize,تقية طب الشرعي أول ما يصدر,ودخلته تقرير الطب الشرعي اول ما يصدر,5.427999973297119,youtube_85PgsvXByj8_107,0.5714285714285714
labeled_linagora_cs_arabize,سيثبت حشتي لا,سيثبت حاجتي اولا شده,3.496000051498413,youtube_85PgsvXByj8_108,0.75
labeled_linagora_cs_arabize,نف ما حصل على جثة المرحومة,عنف ما حصل على جثه المرحومه,4.480000019073486,youtube_85PgsvXByj8_109,0.5
labeled_linagora_cs_arabize,على راسها وإلا فيما يتعلق بالطعان,سوا على راسها ولا فيما يتعلق بالطعان,3.5920000076293945,youtube_85PgsvXByj8_110,0.2857142857142857
labeled_linagora_cs_arabize,تعرضت المرحومة لسبع طعانات أربعة في الصدر,تعرضت المرحومه لسبعه طعان اربعه في الصدر,4.703999996185303,youtube_85PgsvXByj8_111,0.5714285714285714
labeled_linagora_cs_arabize,وثلاثة في جهتها,وثلاثه في جهتها,2.944000005722046,youtube_85PgsvXByj8_112,0.3333333333333333
labeled_linagora_cs_arabize,لكن يثبت زادة أنها لم تتعرظ,اليسار لكن يثبت زاده انها لم تتعرض,3.74399995803833,youtube_85PgsvXByj8_113,0.5714285714285714
labeled_linagora_cs_arabize,داء جنسي كان عندها حسب التقرير كس,لاعتداء جنسي كان عندها حسب التقرير كسر,4.199999809265137,youtube_85PgsvXByj8_114,0.2857142857142857
labeled_linagora_cs_arabize,جمتها تقرير يثبت أن جهان تعرضت للعنف,جمجمتها تقرير يثبت انه جيهان تعرضت للعن,5.48799991607666,youtube_85PgsvXByj8_116,0.5714285714285714
labeled_linagora_cs_arabize,حتى بعد,حتى بعد,1.4019999504089355,youtube_85PgsvXByj8_117,0.0
labeled_linagora_cs_arabize,فاته,وفاتها الشخص الي قام,3.385999917984009,youtube_85PgsvXByj8_118,1.0
labeled_linagora_cs_arabize,نفا يبدو أن ندخل في حالة هسترية,بتعنيفها يبدو انه دخل في حاله هستيريه,4.053999900817871,youtube_85PgsvXByj8_119,0.7142857142857143
labeled_linagora_cs_arabize,بقى يضرب فيها يظرب فيها,وبقى يضرب فيها يضرب فيها الشيش يخلي,3.66510009765625,youtube_85PgsvXByj8_120,0.5714285714285714
labeled_linagora_cs_arabize,ققين يفمن السيد هذا كناوي,المحقين يفهموا ان السيد هاذا كان ناوي,2.684999942779541,youtube_85PgsvXByj8_121,0.8571428571428571
labeled_linagora_cs_arabize,يقتلها مصرا,يقتلها مصر انها,1.9630000591278076,youtube_85PgsvXByj8_122,0.6666666666666666
labeled_linagora_cs_arabize,موت ربما لأنها عرفت ووربما لأنه كات,تموت ربما لانها عرفت ورب م لانه كانت,6.079999923706055,youtube_85PgsvXByj8_123,0.75
labeled_linagora_cs_arabize,نetم,بيناتهم,0.6209999918937683,youtube_85PgsvXByj8_124,1.0
labeled_linagora_cs_arabize,ةهل هو تعرف من قريب أو من بعيد,حاجه هل هو تعرفوا من قريب او من بعيد هل,7.25,youtube_85PgsvXByj8_125,0.5
labeled_linagora_cs_arabize,رنها هل واحد,جيرانها هل هو واحد من,2.7639999389648438,youtube_85PgsvXByj8_126,0.6
labeled_linagora_cs_arabize,,هو واحد من,0.7820000052452087,youtube_85PgsvXByj8_127,1.0
labeled_linagora_cs_arabize,قاربها حتى ربما شكنسان كنت معاه,اقاربها حتى ربما الشك انسان كانت معاه في,5.4670000076293945,youtube_85PgsvXByj8_128,0.625
labeled_linagora_cs_arabize,علاقة معينة كل هذه الفرضيات باش تمشي فيها,علاقه معينه كل هاذي الفرضيات باش تمشي فيها,5.343999862670898,youtube_85PgsvXByj8_129,0.375
labeled_linagora_cs_arabize,شرطة وتسهل عليها,الشرطه وتسل عليها,1.3339999914169312,youtube_85PgsvXByj8_130,0.6666666666666666
labeled_linagora_cs_arabize,عائلة  سيتم فحص بعض كاميراوات المراقبة,العائله سيتم فحص بعض كاميرات المراقبه,5.0879998207092285,youtube_85PgsvXByj8_131,0.5
labeled_linagora_cs_arabize,موجودة في المنطقة وحدمنه,الموجوده في المنطقه واحده منهم,2.375999927520752,youtube_85PgsvXByj8_132,0.8
labeled_linagora_cs_arabize,ترصد,سترصد,0.8619999885559082,youtube_85PgsvXByj8_133,1.0
labeled_linagora_cs_arabize,واحد خارج من المنطقة اللي فيها دارجانو,واحد خارج من المنطقه الي فيها دار جان,2.805000066757202,youtube_85PgsvXByj8_134,0.5
labeled_linagora_cs_arabize,في نفس التوقيت التي تقريبا صارت,يجري في نفس التوقيت الي تقريبا صارت فيه,3.364000082015991,youtube_85PgsvXByj8_135,0.375
labeled_linagora_cs_arabize,لجريمة تحقيقة ملامحو من الكاميرا مر,الجريمه الحقيقه ملامحه الكاميرا ظهرهم ما,4.304999828338623,youtube_85PgsvXByj8_136,1.0
labeled_linagora_cs_arabize,شباينا لكن على الأقل نفهم تقريبا,كانتش باينه لكن على الاقل نفهموا تقريبا,5.307000160217285,youtube_85PgsvXByj8_137,0.5714285714285714
labeled_linagora_cs_arabize,معناها الجرية متاعه ماشي تاع كهل عمر,عمره معناه الجريه اعه ماشع كهل عمره في,3.8259999752044678,youtube_85PgsvXByj8_138,0.875
labeled_linagora_cs_arabize,الجارية ذ,ال خمسين ولا في ستين الجاريه ذع شاب,2.119999885559082,youtube_85PgsvXByj8_139,1.0
labeled_linagora_cs_arabize,شرين بين العشرين واثلفي,عشيني بين الع والثلا,6.111999988555908,youtube_85PgsvXByj8_140,0.75
labeled_linagora_cs_arabize,المحقين  يقومو باستجواب الشبيب,المحقين مش يقوموا باستجواب الشبيبه في,3.5859999656677246,youtube_85PgsvXByj8_141,0.6666666666666666
labeled_linagora_cs_arabize,حوم الكل اللي يعمرهم,الحومه الكل الي عمرهم في,1.7940000295639038,youtube_85PgsvXByj8_142,0.8
labeled_linagora_cs_arabize,وخاصة منهم اللي يعرفو جهان,العش وخاصه منهم الي يعرفوا جيهان بما,5.98799991607666,youtube_85PgsvXByj8_143,0.8571428571428571
labeled_linagora_cs_arabize,بما أنه حلتله البيب يعني تعرف,انه حلت له الباب يعني تعرفه و في الوقت,3.811000108718872,youtube_85PgsvXByj8_144,0.8888888888888888
labeled_linagora_cs_arabize,المحقين يستجبوا في الشباب شتجيهم جارة,الي المحقين يستجب في الشباب تجيهم جاره,2.864000082015991,youtube_85PgsvXByj8_145,0.5714285714285714
labeled_linagora_cs_arabize,جارا جار جيهان قالت اللي هي رهي هي زادا شافت ره,جاره جيهان قالتلي هيا راهي هيا زده شفت راه,5.7870001792907715,youtube_85PgsvXByj8_146,1.1111111111111112
labeled_linagora_cs_arabize,ولي سار نهارة الحادثة ني شفت واحد,شنو الي صار نهاره الحادثه راني شفت واحد,4.880000114440918,youtube_85PgsvXByj8_147,0.75
labeled_linagora_cs_arabize,ج يجري مندا,خارج يجري من دار,1.3420000076293945,youtube_85PgsvXByj8_148,0.75
labeled_linagora_cs_arabize,ما معطيتش للام موضوع أهمية ما ركزتش معاه خ,جارتي ماطش موضوع اهميه مركزتش معه خطر في,5.427999973297119,youtube_85PgsvXByj8_149,1.0
labeled_linagora_cs_arabize,ا في بليش ماتوك اسمعت عدليف,الاول ما في باليش ا ت سمعت عادلي فمة,2.9240000247955322,youtube_85PgsvXByj8_150,0.8888888888888888
labeled_linagora_cs_arabize,أكيد الشخص هذا عنده علاقة بمقتل,جريمه اكيد الشخص هاذا عنده علاقه بمقتل,3.6449999809265137,youtube_85PgsvXByj8_151,0.5714285714285714
labeled_linagora_cs_arabize,نت مادام تعرفا السيد هذا ولا عر,جهان انت مدام تعرف السيد هاذا ولا تعرف,4.72599983215332,youtube_85PgsvXByj8_152,0.75
labeled_linagora_cs_arabize,عرف السيد,ملامح وك لا لا نعرفه السيد هاذا هاذا نعرفه,4.486000061035156,youtube_85PgsvXByj8_153,0.8888888888888888
labeled_linagora_cs_arabize,اسمه إبراهيم عجوى شهراهان نعيت,مليح اسمه ابراهيم عجوه شهرا احنا نعيط,5.986999988555908,youtube_85PgsvXByj8_154,0.8571428571428571
labeled_linagora_cs_arabize,ابراهيم عجوة ولتحومتنا عمرو ثية وشر سنا يخدم,ابراهيم عجوه ولد حومتنا عمره ثمنية و عشرين سنه يخدم,5.486000061035156,youtube_85PgsvXByj8_155,0.8
labeled_linagora_cs_arabize,ر في بنك الدم في محافظ,ممرض في بنك الدم في محافظه,2.5239999294281006,youtube_85PgsvXByj8_156,0.3333333333333333
labeled_linagora_cs_arabize,سماعيلية,الاسماعيليه,0.7200000286102295,youtube_85PgsvXByj8_157,1.0
labeled_linagora_cs_arabize,والشرطة مش تحل كتاب على إبراهيم هذاحاو,والشرطه تحل كتاب على ابراهيم هاذا تحاول,4.64300012588501,youtube_85PgsvXByj8_158,0.7142857142857143
labeled_linagora_cs_arabize,رف شكون ش كتشف لحقيقة,تعرف شكون تكتشف الحقيقه,2.5850000381469727,youtube_85PgsvXByj8_159,1.0
labeled_linagora_cs_arabize,أنه مهوش ما يعرفش العائلة ميعرفش,انه ما هو ش ما يعرفش العائله ما يعرفش,6.309000015258789,youtube_85PgsvXByj8_160,0.7777777777777778
labeled_linagora_cs_arabize,ان ما يعرفش أولادها,جيهان ما يعرفش اولادها,2.8440001010894775,youtube_85PgsvXByj8_161,0.5
labeled_linagora_cs_arabize,وأنه لحقيقة لبس عليهم,وانه الحقيقه لاباس عليه ماديا,2.624000072479248,youtube_85PgsvXByj8_162,1.0
labeled_linagora_cs_arabize,التالي نجم يكون علاقته بالموضوع سن,بالتالي ينجم يكون علاقته بالموضوع انسان,4.658999919891357,youtube_85PgsvXByj8_163,0.5
labeled_linagora_cs_arabize,لا يعرفها لا يعرف رجلها لا يعرف أولادها,لا يعرفها لا يعرف رجلها لا يعرف اولادها,3.6640000343322754,youtube_85PgsvXByj8_164,0.125
labeled_linagora_cs_arabize,كفج  مش تحلو الباب ثم فرضا لسد ذي جا بس يسرى,كيفاش ز تحل الباب ثم فرضا السيد جاش يسرق,3.759999990463257,youtube_85PgsvXByj8_165,0.8888888888888888
labeled_linagora_cs_arabize,بس عليه باش يسرقتابلات وخاتم,لاباس عليه هوش يسرق تابلت وخاتم ب خمسمياة,4.006999969482422,youtube_85PgsvXByj8_166,0.75
labeled_linagora_cs_arabize,ني يم الجر,جنيه يما الجاره,5.388000011444092,youtube_85PgsvXByj8_167,1.0
labeled_linagora_cs_arabize,غالطة إبراهيم معندش علاقة بالجريمة,غالطه ابراهيم ما عندوش علاقه بالجريمه ول,5.125999927520752,youtube_85PgsvXByj8_168,1.0
labeled_linagora_cs_arabize,جارة تحب تخبي حاجة وتحط لحكاية,الجاره تحب تخبي حاجه وتحط الحكايه في,7.400000095367432,youtube_85PgsvXByj8_169,0.5714285714285714
labeled_linagora_cs_arabize,فمن قام بهذه الفعل الشنيعس,ابراهيم فمن قام بهذه الفعله الشنيعه في,6.0879998207092285,youtube_85PgsvXByj8_170,0.5714285714285714
labeled_linagora_cs_arabize,السيدة الطيبة  ش تفاصيل,حق هاذي السيده الطيبه هاذا نشوفوا تفاصيله,4.039999961853027,youtube_85PgsvXByj8_171,1.0
labeled_linagora_cs_arabize,الجزء الثاني من حكايتنا للليل,في الجزء الثاني من حكايتنا لليله,2.805000066757202,youtube_85PgsvXByj8_172,0.3333333333333333
labeled_linagora_cs_arabize,كبار,ثلاثة كبار ووحدة صغيرة,2.328000068664551,amenyKH_MIC0000001_mod_0000020_chunk_0000008_MIC00001_mod_20_chunk_8_0,0.75
labeled_linagora_cs_arabize,في اللنغار خوذ الكار نومرو عشرة,في لنقار خوذ الكار نومرو عشرة,2.6480000019073486,ar--3574_1.wav_3574_1_0,0.16666666666666666
labeled_linagora_cs_arabize,sreb vino,شراب,2.303999900817871,chreb_30431_0,2.0
labeled_linagora_cs_arabize,اجياد,الجيران,0.7360000014305115,ar--2146_1.25.wav_2146_1.25_0,1.0
labeled_linagora_cs_arabize,مكتبة,مكتبا,1.0399999618530273,maktba_31609_0,1.0
labeled_linagora_cs_arabize,ninajem naxed safut,منين انجم ناخذ سفود,2.303999900817871,TunSwitchTO_0000042_0000014_0000004_0000008tl_42_14_04_8tl_0,1.0
labeled_linagora_cs_arabize,مهو ف بليس جدود تعرف ععباد جدود,ما هو تشوف بلايص جدد تعرف على عباد جدد,2.7760000228881836,amenyKH_La_Dépression_HM_0000004_denoised_Sync0000062_no_speaker_0000253.0000062_0000256.0000050_La_Dépression_HM_4_denoised_Sync062_no_speaker_253.62_256.50_0,0.8888888888888888
labeled_linagora_cs_arabize,plen saison,بلان سيزون,0.6000000238418579,ar--1086_1.5.wav_1086_1.5_0,1.0
labeled_linagora_cs_arabize,بيش نمشيو,باش نمشيو,1.3839999437332153,TunSwitchTO_0000069_0000015_0000034_0000009ym_69_15_34_9ym_0,0.5
labeled_linagora_cs_arabize,سينا بالنسبة لي أنا my skin carotيn وs alwys so baسe,ماي سكين كير روتين واز الوايز سو بايسك بنسبة ليا انا سينون,5.079999923706055,0000075_0000035_0000002_75_35_2_0,1.0
labeled_linagora_cs_arabize,وليت شرفة البارح فيالليان تتمايلو,وليتو شرفة لبارح فالايام تتمايلوا,3.5199999809265137,youtube_mn0liIoy3OI_0,0.8
labeled_linagora_cs_arabize,عريبة حرفا حتى فهاكن لازري حايلو,عريبة حرفة حتى في هاك الاجر يحايلو,3.5,youtube_mn0liIoy3OI_1,0.7142857142857143
labeled_linagora_cs_arabize,بلاد القوري والسرح لي جودس وايلو,بلاد الكوري و السارح لي يقود زوايلوا,3.640000104904175,youtube_mn0liIoy3OI_2,0.7142857142857143
labeled_linagora_cs_arabize,واللي تعلق فانتنجومو في جويلو,و الي تعلط بانت نجوموا في قوايلوا,3.4600000381469727,youtube_mn0liIoy3OI_3,0.8571428571428571
labeled_linagora_cs_arabize,كوين طيق كوين ماطعال,و ين طريقك وين مسعاك,2.4800000190734863,youtube_mn0liIoy3OI_4,1.0
labeled_linagora_cs_arabize,وين مقبليني يحبو نولوكي لاترك,لوين مقبلين يحبوا نولوا كي الاتراك,3.799999952316284,youtube_mn0liIoy3OI_5,1.0
labeled_linagora_cs_arabize,شعبكدوني وانتي الليبايوحشاك,شعبك الدوني و انتي الي باهي و حاشاك,3.359999895095825,youtube_mn0liIoy3OI_6,1.0
labeled_linagora_cs_arabize,لوسنا ما تبعوليكساك ما غطا,فلوسنا ما تشبع و الي كساك ما غطاك,2.9600000381469727,youtube_mn0liIoy3OI_7,0.75
labeled_linagora_cs_arabize,تكتر بيلوس ربوالطالي,زيد سربيلوا شراب و زطالي,2.5999999046325684,youtube_mn0liIoy3OI_8,1.0
labeled_linagora_cs_arabize,لاتتأزميس خبحة لكو حالي,بلاد تازم يسخف حالك و حالي,3.4000000953674316,youtube_mn0liIoy3OI_9,0.8333333333333334
labeled_linagora_cs_arabize,يا مجيد نصايح من لمبروكو خالي,ياما خذيت نصايح من مبروك و خالي,3.5999999046325684,youtube_mn0liIoy3OI_10,0.5714285714285714
labeled_linagora_cs_arabize,طول باقر كلتعلان طول تلوالي,مطول باقي ركزت على طاولتي طوالي,3.5399999618530273,youtube_mn0liIoy3OI_11,1.0
labeled_linagora_cs_arabize,وشكو اللي عبر واسكون اللي عشقص فينا,و شكون لي عبر و شكون الي عشقوا الزيناء,3.5199999809265137,youtube_mn0liIoy3OI_12,0.8888888888888888
labeled_linagora_cs_arabize,ريوسكبارتموشمالعلفة مش فارينة,رؤوس كبارت مش مالعلفة مالفارينة,3.5199999809265137,youtube_mn0liIoy3OI_13,0.8
labeled_linagora_cs_arabize,ما حتبنا عارة كيف بتعبنا خدمنا تهينا,ما حسبنا عار كيف تعبنا خدمنا دهينا,3.4800000190734863,youtube_mn0liIoy3OI_14,0.5714285714285714
labeled_linagora_cs_arabize,معشن ررجال وماده تكلا ناثبيت فينا,معاشر رجال و ما تهزك الاناث في دفينة,3.680000066757202,youtube_mn0liIoy3OI_15,1.0
labeled_linagora_cs_arabize,هو يتعشى وأنت اشترنك,هو يتعشى و انتى اشطر,2.359999895095825,youtube_mn0liIoy3OI_16,0.6
labeled_linagora_cs_arabize,ثنا تخلف مع نظرفنا الشرنك,مئات سنا تخلف مان ظربنا الشر,3.5999999046325684,youtube_mn0liIoy3OI_17,0.8333333333333334
labeled_linagora_cs_arabize,ما تحسب هاش أمور ثيقة مع باشرنك,ما تحسبهاش امور ثيقة مع بشر,3.2799999713897705,youtube_mn0liIoy3OI_18,0.6666666666666666
labeled_linagora_cs_arabize,وقتت حك ركايب كل واحد دشدتريك,وقت تحك الركايب كل واحد يشد طريقه,3.380000114440918,youtube_mn0liIoy3OI_19,0.7142857142857143
labeled_linagora_cs_arabize,فرسا دولا ف يوم واحد من كارك,برشا عديا ولا فيهم واحد من كارك,3.5199999809265137,youtube_mn0liIoy3OI_20,0.5714285714285714
labeled_linagora_cs_arabize,بل ما تعمل عيلة تعلم ربب صغارك,قبل ما تعمل عيلة تعلم ربي صغارك,3.5,youtube_mn0liIoy3OI_21,0.2857142857142857
labeled_linagora_cs_arabize,تهم اللروحك يت لهالك بيها شارك,همل روحك يتلهالك بيها جارك,3.5399999618530273,youtube_mn0liIoy3OI_22,1.0
labeled_linagora_cs_arabize,مشيانك حافي ولا معاجرتك في المارك,مشيانك حافي و لا معاشرتك فالمارك,3.4600000381469727,youtube_mn0liIoy3OI_23,0.6666666666666666
labeled_linagora_cs_arabize,و,عبارك,1.1799999475479126,youtube_mn0liIoy3OI_24,1.0
labeled_linagora_cs_arabize,قيسبيدو موشي هوني,تقيسوا بعيد و موشي هوني,2.4200000762939453,youtube_mn0liIoy3OI_25,0.6
labeled_linagora_cs_arabize,جام طويلة ما تفكيركم ميزوني,جهامة طويلة اما تفكيركم ميزوني,3.5199999809265137,youtube_mn0liIoy3OI_26,0.4
labeled_linagora_cs_arabize,مش بالحيلة نرابي وما تصلنفني دوني,مش بالحيلة نرابي و ما تصنفني دوني,3.5199999809265137,youtube_mn0liIoy3OI_27,0.42857142857142855
labeled_linagora_cs_arabize,ماكمت ظمرين وماركين كلمون جلعوني,ماكم ضامرين و مارقين كي المنجي العوني,3.5999999046325684,youtube_mn0liIoy3OI_28,1.0
labeled_linagora_cs_arabize,وشمتك ما تطلعة نهاري,و شمسك ما تطلع نهاري,2.5399999618530273,youtube_mn0liIoy3OI_29,0.6
labeled_linagora_cs_arabize,موش الرس اللي تتقس بالمطاري,مش الرجلة الي تتقاس بالمصاري,3.559999942779541,youtube_mn0liIoy3OI_30,1.0
labeled_linagora_cs_arabize,طبع كديم ومنض يبخ سيبيداري,طبعي كريم و ما نضيف خرشي في داري,3.4600000381469727,youtube_mn0liIoy3OI_31,1.0
labeled_linagora_cs_arabize,كل شي في وقته موش مزروب بش ناخو بتاري,كل شئ في وقتو مش مزروب باش ناخوا بطاري,3.640000104904175,youtube_mn0liIoy3OI_32,0.6666666666666666
labeled_linagora_cs_arabize,مش م تروب بس ناخو كتاري,مش مزروب باش ناخوا بطاري,2.240000009536743,youtube_mn0liIoy3OI_33,1.0
labeled_linagora_cs_arabize,مش مزروب باش ناخد تعري,مش مزروب باش ناخوا بطاري,2.4600000381469727,youtube_mn0liIoy3OI_34,0.4
labeled_linagora_cs_arabize,مش مسروف بس ناخوبتا,مش مزروب باش ناخوا بطاري,2.059999942779541,youtube_mn0liIoy3OI_35,0.8
labeled_linagora_cs_arabize,عريق بلاد اللي ما تعيس مانسيبة فيها صغاري,بلاد الي ما تعيش ما نجيب فيها صغاري,3.9200000762939453,youtube_mn0liIoy3OI_36,0.625
labeled_linagora_cs_arabize,بالحق فما افور هو صغير على الخر تقولي تي شنيا مش,بالحق فمة افور هو صغير عالاخر تقلي تي شنيا,3.319999933242798,0000027_0000296_0000003_27_296_3_0,0.5555555555555556
labeled_linagora_cs_arabize,شباب معايشي جدي يسكت لى حق,شباب ما عادش يقد يسكت على حق,2.0799999237060547,amenyKH_tataouine__for_acoustic_analysis_Sync0000585_no_speaker_0002384.0000036_0002386.0000044_tataouine__for_acoustic_analysis_Sync585_no_speaker_2384.36_2386.44_0,0.5714285714285714
labeled_linagora_cs_arabize,ودولة توف م ناس تخرج يقوك,ودولة توا فمة ناس تخرج تقوللك,1.6640000343322754,amenyKH_tataouine__for_acoustic_analysis_Sync0000063_no_speaker_0000619.0000037_0000621.0000004_tataouine__for_acoustic_analysis_Sync063_no_speaker_619.37_621.04_0,0.5
labeled_linagora_cs_arabize,المستوى في الرجاء رفع مستوى الأعمال الدراميه حتى لا يجد مثل هذا الشخص مكان فيها و السلام,المستوى في الرجاء رفع مستوى الاعمال الدرامية حتى لا يجد مثل هاذا الشخص مكان فيها و السلام,7.239999771118164,TunSwitchTO_0000077_0000020_0000011_0000001tp_77_20_11_1tp_0,0.17647058823529413
labeled_linagora_cs_arabize,بلايعتي ليك ساخر,بالله اعطيني كاس آخر,1.2319999933242798,TunSwitchTO_0000058_0000011_0000015_0000145_58_11_15_145_0,1.0
labeled_linagora_cs_arabize,inkaramta oxfor,وين محطة الكار متاع اكسفورد,1.8559999465942383,TunSwitchTO_0000036_0000022_0000019_hpw_36_22_19_hpw_0,1.0
labeled_linagora_cs_arabize,عالية واحنا قعدين تناقشو في موضوع معين ومهمفين تشوف فيهم الاستفزاز والتفاهم,في زمان بكرى كانوا الناس متربيين اكثر من اليوم و كل حد وقدرو و الكبير يقدر,4.74399995803833,TunSwitchTO_0000062_0000021_0000039_sn0000003_62_21_39_sn3_0,1.0
labeled_linagora_cs_arabize,الثوم,الثوم,0.6399999856948853,ar--1648_1.wav_1648_1_0,0.0
labeled_linagora_cs_arabize,حاجة ياسر عجبتني اللي هي الباترياركا فل,في ال باترياركا حاجة ياسر عجبتني الي هيا ال,4.184000015258789,0000076_0000106_0000002_76_106_2_0,0.7777777777777778
labeled_linagora_cs_arabize,أكيده معاك ريزرفي طاوله الليلة مع ستة ونص أما سامحن باش نجيم مخر بنص ساع,اكيدا معاك ريزارفيت طولة لليلة مع الستة و نصف اما سامحني باش نجي امخر بنصف ساعة,7.320000171661377,TunSwitchTO_0000046_0000022_0000021_egy_46_22_21_egy_0,0.8125
labeled_linagora_cs_arabize,فماش يب تمشي كان متقعدوش متحكيو في أي حاجه حتى فرشيب حتى أي معناها  نتاع بالعباد لازمكم  ا,ما فماش ريلاسيونشيب تمشي كان ما تقعدوش و تحكيو في ايه حاجة حتى فريندشيب حتى ايه معناها كونكسيون متاع بالعباد لازمكم يو تولك,11.984000205993652,0000662_0000960_0000000_662_960_0_0,0.6086956521739131
labeled_linagora_cs_arabize,ما فماش طريقة,ما فماش طريقة,1.472000002861023,0000022_0000063_22_63_0,0.0
labeled_linagora_cs_arabize,الفلوس اللي عان قربة دولار لثلاثة من لناس,الفلوس الي عندنا قرابت خمسين دولار لثلاثة من ناس,4.079999923706055,TunSwitchTO_0000085_0000000_0000011_ikf_85_00_11_ikf_0,0.5555555555555556
labeled_linagora_cs_arabize,في كل سالة ثما حاوية للورق لقديم واحدة للبلاستيك واحدة للبلار واحدة للبيقي,في كل صالة فمة حاوية للورق القديم واحدة للبلاستيك واحدة للبلار واحدة للباقي,12.847999572753906,ar--3183_0.75.wav_3183_0.75_0,0.3076923076923077
labeled_linagora_cs_arabize,شنو هو الواعز هذي كل شي نجم يكون عنده اهمية,شنوا الواعز هذايا كل شيء ينجم يكون عندو اهمية,2.992000102996826,amenyKH_0000006_0000006_0002012_partie0000003_chunk_0000135_06_06_2012_partie3_chunk_135_0,0.6666666666666666
labeled_linagora_cs_arabize,حداودرجين يدخل السوسة الحداودرجين يدخل السوس,حداش و حداش ودرجين يدخل آه يدخل لسوسة الحداش ودرجين يدخل لسوسة,4.136000156402588,amenyKH_MIC0000001_mod_0000015_chunk_0000005_MIC00001_mod_15_chunk_5_0,0.8333333333333334
labeled_linagora_cs_arabize,bs,برشا,0.5440000295639038,ar--1527_1.5.wav_1527_1.5_0,1.0
labeled_linagora_cs_arabize,صدقني أن إذا كان هذاالمسلسل هذا يمشي فالبلاد بشتخرب لأنه في أفريل وبشقلي عندنا مليون بطاله أنا ذك البلاد تنفجر,صدقني انو اذا كان هال المسلسل هاذا يمشي ف البلاد باش تخرب لانو في افريل باش يولي عندنا مليون بطال وآنذاك البلاد تنفجر,6.960000038146973,amenyKH_0000002_chunk_0000093_002_chunk_93_0,0.6956521739130435
labeled_linagora_cs_arabize,,الدقنونة,0.6240000128746033,ar--2173_1.5.wav_2173_1.5_0,1.0
labeled_linagora_cs_arabize,momtez,ممتاز,0.8399999737739563,ar--2334_1.wav_2334_1_0,1.0
labeled_linagora_cs_arabize,الفكرة,الفكرة,0.8399999737739563,ar--1160_0.75.wav_1160_0.75_0,0.0
labeled_linagora_cs_arabize,نهار سبت اصباح شدو ثنية بعد ساعتين وصلوا,نهار السبت الصباح شدو الثنية بعد ساعتين وصلو,4.927999973297119,ar--3231_1.wav_3231_1_0,0.5
labeled_linagora_cs_arabize,الدم,الدم,0.7599999904632568,ar--2190_1.wav_2190_1_0,0.0
labeled_linagora_cs_arabize,بعض كل شي اللون معجبنيش نجم نرجعة,بعد كل شيء اللون ما عجبنيش انجم نرجعه,2.871999979019165,TunSwitchTO_0000019_0000000_0000012_0000053p_19_00_12_53p_0,0.75
labeled_linagora_cs_arabize,مانيش عارف هزيدش معايد باش كافيالخرجة بثلاث جماعات,ما ني ش عارف هزيتشي معايا دبش كافي لخرجة بثلاثة جمعات,4.392000198364258,TunSwitchTO_0000012_0000020_0000053_gt0000009_12_20_53_gt9_0,0.9090909090909091
labeled_linagora_cs_arabize,وحتى لو كانك عندك فم عباد عندهم ا يصر صغير وكل بالك راي مهيش بالبيت ولا بل ن خذ ك صغير قل هذا,و حتى لو كانك عندك فمة عباد عندهم اسباس ياسر صغير و كل بال كوان راهي ما هي ش بالبيت و الا نون خوذ كوان صغير قول هاذا,9.456000328063965,0000027_0000298_0000001_27_298_1_0,0.7142857142857143
labeled_linagora_cs_arabize,يجي يحضر ل سeio  montoring متاعه منبعد عندو نعيطوله م حنا لبusiness برint,يجي يحضر لا سيشن دي مونيتورينق متاعو من بعد عندو نعيطولهم احنا لي بيزنيس سبرينت,4.74399995803833,0000004_0000018_4_18_0,0.8
labeled_linagora_cs_arabize,سمعوا بالموضوع,جمع بالموضوع,0.6480000019073486,amenyKH_Hkayet_Tounsia_S0000001_Episode_0000017_0000020_0000003_0002017_Partie_0000003_Sync0000235_no_speaker_0003255.0000040_0003256.0000008_Hkayet_Tounsia_S01_Episode_17_20_03_2017_Partie_03_Sync235_no_speaker_3255.40_3256.08_0,0.5
labeled_linagora_cs_arabize,شني هذا تماني في الدار هذي ربسنبرسنلم نخمم انو,شنيا هاذايا تي ماني في الدار ربيع ساعة نقراه نركحو بيرسونالمون نخمم انو,5.415999889373779,0000027_0000082_0000000_27_82_0_0,0.6923076923076923
labeled_linagora_cs_arabize,الطالب,الطالب,0.7440000176429749,ar--2325_1.wav_2325_1_0,0.0
labeled_linagora_cs_arabize,كنخام في حاجاتها,معنتها ما كنتش نخمم في حاجات هكة انا,1.6239999532699585,amenyKH_Hkayet_Tounsia_S0000001_Episode_0000004_0000019_0000012_0002016_Partie_0000002_Sync0000130_no_speaker_0000873.0000087_0000875.0000048_Hkayet_Tounsia_S01_Episode_04_19_12_2016_Partie_02_Sync130_no_speaker_873.87_875.48_0,0.875
labeled_linagora_cs_arabize,وعلى آله وصحابته ومن والاه,و على آله وصحابته و من والاه,3.3440001010894775,amenyKH_0000001_chunk_0000002_001_chunk_2_0,0.5714285714285714
labeled_linagora_cs_arabize,هذهي حكايا جديدة مع كهاش العروي,هاذي حكايه جديده ما احكيهاش العرمي نص,3.806999921798706,youtube_ih7qLEAPAWE_0,1.0
labeled_linagora_cs_arabize,حبنحميدة منتج وإخراج محمد بقطايا,عماد بن حميده مونتاج واخراج محمد بوقطايه,3.2039999961853027,youtube_ih7qLEAPAWE_1,0.8571428571428571
labeled_linagora_cs_arabize,تقديم محمد الصياري,تقديم محمد السياري,1.3831000328063965,youtube_ih7qLEAPAWE_2,0.3333333333333333
labeled_linagora_cs_arabize,يحكي وعلى سلطان لا يحكم ليقر بأحكام,يحكي ولا سلطان لا يحكم لا يقر باحكام,4.045000076293945,youtube_ih7qLEAPAWE_3,0.5
labeled_linagora_cs_arabize,كامتورك على العرش,يا متوررك على العرش,1.5829999446868896,youtube_ih7qLEAPAWE_4,0.5
labeled_linagora_cs_arabize,دامو باش يضحكو يا متوسد,ودجالو باش يضحكوا يا متوسد,3.2839999198913574,youtube_ih7qLEAPAWE_5,0.4
labeled_linagora_cs_arabize,بيت الحريم,في بيت الحريم,0.7609999775886536,youtube_ih7qLEAPAWE_6,0.3333333333333333
labeled_linagora_cs_arabize,مور الرعية لا تهمو لا تعنيه وماتسمع,امور الرعيه لا تهم ولا تعنيه وما تسمع من,4.10699987411499,youtube_ih7qLEAPAWE_7,0.7777777777777778
labeled_linagora_cs_arabize,عمكو وصلت مادقولش عليها مبنية,العنكوش وصلت لا تقولش عليها مبنيه على,4.185999870300293,youtube_ih7qLEAPAWE_9,0.7142857142857143
labeled_linagora_cs_arabize,عشان من يتصنت كل يوم تصبح فشان,راس كلب عشان يتصنت كل يوم تسبح في شان,4.386000156402588,youtube_ih7qLEAPAWE_10,0.6666666666666666
labeled_linagora_cs_arabize,لأنهار خير من خو,ولا نهار خير من خوه,1.2419999837875366,youtube_ih7qLEAPAWE_11,0.6
labeled_linagora_cs_arabize,عليش مادخولش أن هكا السلطان كليو,علاش ما تقولش انه هكذا السلطان كل يوم,3.625,youtube_ih7qLEAPAWE_12,0.875
labeled_linagora_cs_arabize,وعند عادة يدور بيه زيرو لكبر,عنده عاده يدور به زيرولاكبر ومعاه,3.7850000858306885,youtube_ih7qLEAPAWE_13,0.8333333333333334
labeled_linagora_cs_arabize,ميميران يعني أمير أمراء الجيش,الميم ميران يعني امير امراء الجيش,2.9639999866485596,youtube_ih7qLEAPAWE_14,0.6666666666666666
labeled_linagora_cs_arabize,بقية الوزراء أو كيعمل بيهم ديوان,وبقيت الوزراء او كيعمل بيهم ديوان ديوان,4.8470001220703125,youtube_ih7qLEAPAWE_15,0.42857142857142855
labeled_linagora_cs_arabize,رلية يبدا ويهزو ملجا بيا ويحطوا ف,ورجليه يا بداو يهزو الجابر ويحطوا في,4.065999984741211,youtube_ih7qLEAPAWE_16,0.8571428571428571
labeled_linagora_cs_arabize,خابية ومنها,الخابيه ومنها,1.2419999837875366,youtube_ih7qLEAPAWE_17,0.5
labeled_linagora_cs_arabize,وينكتولو وهاك السلطان يتمرغد بالضحك,ينقتلوا وهكذا السلطان يتمرغد بالضحك,4.186999797821045,youtube_ih7qLEAPAWE_18,0.4
labeled_linagora_cs_arabize,هذك هي الاخدما متاحهم لا حول ولا قوةة,هاذيكه هيا الخدمه نتاعهم لا حول ولا قوه,3.6029999256134033,youtube_ih7qLEAPAWE_19,0.625
labeled_linagora_cs_arabize,بل ما يبدأ عدهم بالوزير بالوزير,وقبل ما يبدا عندهم بالوزير بالوزير و من,3.2850000858306885,youtube_ih7qLEAPAWE_21,0.625
labeled_linagora_cs_arabize,عد خزرلهم بالواحد بالواحد وعدهم من جديد,بعد خزرلهم بالواحد بالواحد وعدهم من جديد,3.1760001182556152,youtube_ih7qLEAPAWE_22,0.14285714285714285
labeled_linagora_cs_arabize,قللهم مش ناقسين واحد الكلهم لفت,وقال لهم مش ناقصين واحد كلهم تلفتوا,3.825000047683716,youtube_ih7qLEAPAWE_23,0.7142857142857143
labeled_linagora_cs_arabize,عظهم وقالوله صحيح يسيدنا,لبعضهم وقالوا له صحيح يا سيدنا ناقصنا,4.085999965667725,youtube_ih7qLEAPAWE_24,0.8571428571428571
labeled_linagora_cs_arabize,زير القلم ما ثماش فركسو عليه قاللهم,وزير القلم ما ثماش فرق سعوديه قال لهم,3.815999984741211,youtube_ih7qLEAPAWE_25,0.625
labeled_linagora_cs_arabize,فوه في السراية وطلعوه من تحت الأرض,شوفوه في السرايا وطلعوه من تحت الارض,4.566999912261963,youtube_ih7qLEAPAWE_26,0.42857142857142855
labeled_linagora_cs_arabize,لوزير الأكبر بعثلو الدارو ما لقاوشي,الوزير الاكبر ابعث له الداره ما لقاوش,3.0850000381469727,youtube_ih7qLEAPAWE_27,0.8571428571428571
labeled_linagora_cs_arabize,حبابه وشلتو الخاصة ليمستانس يمشيله,واحبابه وشلته الخاصه لمسانس يمشي,2.944999933242798,youtube_ih7qLEAPAWE_29,1.0
labeled_linagora_cs_arabize,خر بقاوي لوجو حتى لي نطلع الصباح,حتى خبر ابقوا يلوجو حتى لي نطلع الصباح,3.4049999713897705,youtube_ih7qLEAPAWE_30,0.5
labeled_linagora_cs_arabize,مبنش,وما بانش,0.5809999704360962,youtube_ih7qLEAPAWE_31,1.0
labeled_linagora_cs_arabize,السلطان من غدوة لما الديوان وجاي,السلطان من غدوه لما الديوان اوكي جاي,3.6050000190734863,youtube_ih7qLEAPAWE_32,0.42857142857142855
labeled_linagora_cs_arabize,يثبت في الوزرة الحاضرين يلقى فيهم وحدغر,يثبت في الوزراء الحاضرين يلقى فيهم وحده,3.7260000705718994,youtube_ih7qLEAPAWE_33,0.2857142857142857
labeled_linagora_cs_arabize,ناقس وزير البحر قاللم وينو كيف كيف,غير ناقص وزير البحر قال لهم وينو كيف كيف,4.50600004196167,youtube_ih7qLEAPAWE_34,0.4444444444444444
labeled_linagora_cs_arabize,يحتو مث ماش والدنيا تقلبة عليه بر وبحر,ريحته ما ثماش و الدنيا تقلبت عليه بر وبحر,4.00600004196167,youtube_ih7qLEAPAWE_35,0.6666666666666666
labeled_linagora_cs_arabize,للقاوان,ولا القهوه,0.7599999904632568,youtube_ih7qLEAPAWE_36,1.0
labeled_linagora_cs_arabize,ح,ولا في حتى,0.781000018119812,youtube_ih7qLEAPAWE_37,1.0
labeled_linagora_cs_arabize,فالثالث نهار تلمكت ديوان بحد السلطان,وثالث نهار تلمت الديوان بعد السلطان,3.184999942779541,youtube_ih7qLEAPAWE_38,0.6666666666666666
labeled_linagora_cs_arabize,لمرة هذه لمجاش هو وزير الأعمال,والمره هاذي الي ما جاش هو وزير العماله,2.8239998817443848,youtube_ih7qLEAPAWE_39,0.75
labeled_linagora_cs_arabize,هكا كانوا يسمي وزير الداخلية فيه,وهكذا كانوا يسموه وزير الداخليه فيها,2.4049999713897705,youtube_ih7qLEAPAWE_40,0.6666666666666666
labeled_linagora_cs_arabize,لزمان,كي الزمان,0.5210000276565552,youtube_ih7qLEAPAWE_41,1.0
labeled_linagora_cs_arabize,السلطان قال شنو اللعب ولا بعشانا,السلطان قال شنوا هو اللعب ولا بعشنا لم,4.546000003814697,youtube_ih7qLEAPAWE_42,0.5
labeled_linagora_cs_arabize,بعد العسكر كلو قاللهم اتطلعو,ضباط العسكر الكل وقال لهم اطلعوا لي,3.1459999084472656,youtube_ih7qLEAPAWE_43,0.8571428571428571
labeled_linagora_cs_arabize,و,الوزراء,0.5609999895095825,youtube_ih7qLEAPAWE_44,1.0
labeled_linagora_cs_arabize,كيفاش ما بين نهار وليلا ذابك الملحة,كيفاش ما بين نهار وليله ذئب و كل ملحه,2.7850000858306885,youtube_ih7qLEAPAWE_45,0.5555555555555556
labeled_linagora_cs_arabize,خرجو,تخرجوهم لي ما,0.9020000100135803,youtube_ih7qLEAPAWE_46,1.0
labeled_linagora_cs_arabize,لقاهم نزيدوا في الرتبة والراتب و,يلقاهم نزيدو في الرتبه والراتب ونزوجوا,3.7260000705718994,youtube_ih7qLEAPAWE_47,0.6666666666666666
labeled_linagora_cs_arabize,حليمي,من حريمي,0.5609999895095825,youtube_ih7qLEAPAWE_48,1.0
labeled_linagora_cs_arabize,لك ذبات خرجوا بزويلهم وكرارسهم,هكذا ضباط خرجوا بزوايلهم وكرارسهم ولا,3.9649999141693115,youtube_ih7qLEAPAWE_49,0.6666666666666666
labeled_linagora_cs_arabize,وهم غاغر وتغاغر ولا غيب ولا جبولات,خلاوهم مغاغر ودغاغر ولا غيبولات ما,3.565000057220459,youtube_ih7qLEAPAWE_50,1.0
labeled_linagora_cs_arabize,سوهمش أكثرشي من الدوامس والدهاليز,فرقسوهمش اكثر شيء ما الدوامس و الدها ليز,3.424999952316284,youtube_ih7qLEAPAWE_51,0.875
labeled_linagora_cs_arabize,بيار المهجورة والخرب فركسوم ق,ولابيار المهجوره و الخرب فرسوهم الوزير,4.625999927520752,youtube_ih7qLEAPAWE_52,1.0
labeled_linagora_cs_arabize,مما لا بانو زير القلم لو,ريحته ما فماش لا بانوازير القلم لوزير,3.885999917984009,youtube_ih7qLEAPAWE_53,0.8571428571428571
labeled_linagora_cs_arabize,بحر لوزير الأعمال,البحر لوزير العماله,1.4630000591278076,youtube_ih7qLEAPAWE_54,0.6666666666666666
labeled_linagora_cs_arabize,عدهاالأخبار الشينة ولا في سين أخرى,بعد هالاخبار الشينا ولا في سين اخرى قال,3.825000047683716,youtube_ih7qLEAPAWE_55,0.625
labeled_linagora_cs_arabize,كيفا مالقيتهم هذا كلام,لهم كيفاش ما لقيتهمش هاذا كلام آش باش,2.884999990463257,youtube_ih7qLEAPAWE_56,0.875
labeled_linagora_cs_arabize,ا,يوليو زاده,0.5920000076293945,youtube_ih7qLEAPAWE_57,1.0
labeled_linagora_cs_arabize,عليش ماتقولش أنه مبينك العسكر ثم يلذش,علاش ما تقولش انه ما بينك العسكر ثم يلدش,4.565999984741211,youtube_ih7qLEAPAWE_58,0.7777777777777778
labeled_linagora_cs_arabize,معناها جندي بقى يسأل من بلاسة لبلاسة,معناها جندي ابقى يسال من بلاصه لبلاصه,3.6449999809265137,youtube_ih7qLEAPAWE_59,0.5714285714285714
labeled_linagora_cs_arabize,وتخلدغاغر ما يجيوش البيل الشيطان,وتخلت غاغر ما يجيوش البال الشيطان حتى,3.8450000286102295,youtube_ih7qLEAPAWE_60,0.5714285714285714
labeled_linagora_cs_arabize,تحب شائب دلو على دويرة غابرة,لين طاحب شايب دلوا على دويره غابره في,4.366000175476074,youtube_ih7qLEAPAWE_61,0.875
labeled_linagora_cs_arabize,غيب قالوا يا ولدي راني كل يوم نشوف,بعض الغيب قالوا يا ولدي راني كل يوم نشوف,4.125999927520752,youtube_ih7qLEAPAWE_62,0.2222222222222222
labeled_linagora_cs_arabize,روس,فيك الروسه ماشي,1.843999981880188,youtube_ih7qLEAPAWE_63,1.0
labeled_linagora_cs_arabize,ع هاك اللي قلدش قال نزمني نطلع,ترجع هكذا يلزمني نطلع,3.24399995803833,youtube_ih7qLEAPAWE_64,1.5
labeled_linagora_cs_arabize,مشالها كالغابة وتخبا ما بين الجر,ومشى لها الغابه وتخبى ما بين الجرر,3.805000066757202,youtube_ih7qLEAPAWE_65,0.7142857142857143
labeled_linagora_cs_arabize,حشيش العالي ق,و الحشيش العالي وفقايس,2.2019999027252197,youtube_ih7qLEAPAWE_66,0.75
labeled_linagora_cs_arabize,علاش ماتقولش تعدات مديدة واكليودش يشوف,علاش ما تقولش تعديت مديده وهكذا يشوف في,4.426000118255615,youtube_ih7qLEAPAWE_67,0.75
labeled_linagora_cs_arabize,موسة جايا يسوق فيها الباش خزناجي بيدو,كابوسه جايه يسوق فيها الباش خزناجي بيدو,3.8259999752044678,youtube_ih7qLEAPAWE_68,0.2857142857142857
labeled_linagora_cs_arabize,سلطان معناها وزير المالية,متاع السلطان معناها وزير الماليه هكذا,3.765000104904175,youtube_ih7qLEAPAWE_69,0.6666666666666666
labeled_linagora_cs_arabize,دامها كالدار وهت,وقفت الزوايل متاعها الدار وهبط منها,2.5239999294281006,youtube_ih7qLEAPAWE_70,1.0
labeled_linagora_cs_arabize,بაშ ხაزنეჟი,الباش خزناجي,0.8619999885559082,youtube_ih7qLEAPAWE_71,1.0
labeled_linagora_cs_arabize,وشافوا كيفاش دق الباب متاع الدار لثلو,وشافو كيفاش دق الباب متاع الدار حلت له,3.6449999809265137,youtube_ih7qLEAPAWE_72,0.375
labeled_linagora_cs_arabize,حد زين وعين يسبي الأنظار وقدو دلال,وحده زين وعين يسبي الانبار وقد دلال عمره,5.165999889373779,youtube_ih7qLEAPAWE_73,0.5
labeled_linagora_cs_arabize,شاف كيفها الحاصل الباش خزناجي تخلو,ما شاف كيفها الحاصل الباش خزنه جديد خلوه,4.026000022888184,youtube_ih7qLEAPAWE_74,0.5
labeled_linagora_cs_arabize,تفرج بالسرقة فلفصل يساير,يتفرج بالسرقه في الفصل الي صاير في,3.0260000228881836,youtube_ih7qLEAPAWE_76,1.0
labeled_linagora_cs_arabize,ستك الدار,وستكى الدار,0.7609999775886536,youtube_ih7qLEAPAWE_77,0.5
labeled_linagora_cs_arabize,لك تفلة شاب لياقوتة قاعدةي,هيك الطفله شابه الياقوتا قاعده هيا,3.364000082015991,youtube_ih7qLEAPAWE_78,1.0
labeled_linagora_cs_arabize,حتى تلو فطور افتر,وكالوزير حتى تلو الفطور افطر معناها,4.646999835968018,youtube_ih7qLEAPAWE_79,0.6666666666666666
labeled_linagora_cs_arabize,كا و ضحكو ومنها هكا اللشاب العدالة,حكايه وضحكوا ومنها هكذا الشابه العداله,4.386000156402588,youtube_ih7qLEAPAWE_80,1.0
labeled_linagora_cs_arabize,تلو عصابا قالتلو ا نحط الك,جابت له عصابه قالت له باش نحطها لك على,2.9639999866485596,youtube_ih7qLEAPAWE_81,1.0
labeled_linagora_cs_arabize,وأنا باش نتخبأ كان طلعتني وين نولي,عينيك و انا باش نتخبى كان طلعتني وين نولي,4.3460001945495605,youtube_ih7qLEAPAWE_82,0.4444444444444444
labeled_linagora_cs_arabize,حلالك ومالك وتعتي ما تكون كان ليك,يا حلالك ومالك وتعتي ما تكون كان ليك قال,4.586999893188477,youtube_ih7qLEAPAWE_83,0.2222222222222222
labeled_linagora_cs_arabize,ي,له زير قال لها,0.8820000290870667,youtube_ih7qLEAPAWE_84,1.0
labeled_linagora_cs_arabize,مذا في عمر هذا,الغميضه في عمر هاذا,1.4830000400543213,youtube_ih7qLEAPAWE_85,0.5
labeled_linagora_cs_arabize,لحاصل تبسيمة منا تبسيمة من غادي,الحاصل تبسم منا تبسيمه من غادي,3.5250000953674316,youtube_ih7qLEAPAWE_86,0.5
labeled_linagora_cs_arabize,د غديغة منا ودحنيسة من غادي هاكا الباشخة,الدغديغه منا ودحميسه من غادي هاك الباش,3.825000047683716,youtube_ih7qLEAPAWE_87,0.7142857142857143
labeled_linagora_cs_arabize,عز ناجيد غمضة عينيه ولا ما يدل فيها حيرة,خزناش يتغمضت عينيه ولا ما يدل فيها حيره,3.6649999618530273,youtube_ih7qLEAPAWE_88,0.5
labeled_linagora_cs_arabize,الغشير الصغير يجري من بلاسة لبلاسة,كل غشيره صغير يجري من بلاصه لبلاصه,3.4649999141693115,youtube_ih7qLEAPAWE_89,0.7142857142857143
labeled_linagora_cs_arabize,وهاك الشاب بلياقوت تجري وشايخ عليه بالضحك,وهكذا شابه الياقوته تجري وشايخ عليه بضحك,4.02400016784668,youtube_ih7qLEAPAWE_90,0.5714285714285714
labeled_linagora_cs_arabize,ني العسكري باقي تبع في اللقاع,يعني العسكري باقي يتبع في اللقاء,2.884000062942505,youtube_ih7qLEAPAWE_91,0.5
labeled_linagora_cs_arabize,حتى لينا كلرض متاع وسط الدار اتزعزعت,حتى لينك الارض متاع وسط الدار اتزعزعت,3.365000009536743,youtube_ih7qLEAPAWE_92,0.2857142857142857
labeled_linagora_cs_arabize,حيث تشق,والحين تتشق,0.9020000100135803,youtube_ih7qLEAPAWE_93,1.0
labeled_linagora_cs_arabize,هاك سمية ليقوتا,وهكذا الصبيه الياقوتا دخلت,1.9830000400543213,youtube_ih7qLEAPAWE_94,1.0
labeled_linagora_cs_arabize,العسكر يبقى يستنى عشات العشية طاح الليل,العسكري يبقى يستنى عشيت العشيه تحليل,4.284999847412109,youtube_ih7qLEAPAWE_95,0.8333333333333334
labeled_linagora_cs_arabize,يخرجو م خرجوش حتى لي نطلع ع,قالوا يخرجوا ما خرجوش حتى لي نطلع عليه,3.865999937057495,youtube_ih7qLEAPAWE_96,0.5
labeled_linagora_cs_arabize,سباح خلطة القائلة وريحتهم مفماش,الصباح خلطه القايله وريحتهم ما فماش,3.4860000610351562,youtube_ih7qLEAPAWE_97,0.8333333333333334
labeled_linagora_cs_arabize,اك العسكري وهو لابد فوق استح باق,هاك العسكري وهو لابد فوق السطح وباقي,3.003999948501587,youtube_ih7qLEAPAWE_98,0.42857142857142855
labeled_linagora_cs_arabize,تعش الأمل ربما يخرجوا من وسط الحيط,مقطعش الامل ربما يخرج من وسط الحيط واذا,4.247000217437744,youtube_ih7qLEAPAWE_99,0.5
labeled_linagora_cs_arabize,ي يسمع في حس متاعكالروسا جاية,به يسمع في حصه نتاع كروسه جايه,2.2829999923706055,youtube_ih7qLEAPAWE_100,0.7142857142857143
labeled_linagora_cs_arabize,تلفت يلقاه زير الحربية هلهلالو,اتلفت يلقاه زير الحربيه هل هلو,3.184999942779541,youtube_ih7qLEAPAWE_101,0.6666666666666666
labeled_linagora_cs_arabize,نفس الحكايا صارت قدامه دق الباب خرجتله,ونفس الحكايه صارت قدامه دق الباب خرجت له,4.145999908447266,youtube_ih7qLEAPAWE_102,0.5
labeled_linagora_cs_arabize,فتر والعب معاها الغنبيذة,افطر والعب معها الغميضه,2.2049999237060547,youtube_ih7qLEAPAWE_104,0.75
labeled_linagora_cs_arabize,غدوة كيف كيف جا وزير الشورة,من غدوه كيف كيف جى وزير الشورى,2.484999895095825,youtube_ih7qLEAPAWE_105,0.5714285714285714
labeled_linagora_cs_arabize,حتى لين كملت بلوزير الأكبر متاع السلطان,حتى لين كملت بالوزير الاكبر متاع السلطان,3.1050000190734863,youtube_ih7qLEAPAWE_106,0.2857142857142857
labeled_linagora_cs_arabize,تجري ساقيه أعلم الراسو ق,يجري ساقيه اعلى من راسه باش يقابل,3.2249999046325684,youtube_ih7qLEAPAWE_107,0.8571428571428571
labeled_linagora_cs_arabize,سان ويحكيلو عن ليسار,السلطان ويحكي له على اليسار,2.1429998874664307,youtube_ih7qLEAPAWE_108,1.0
labeled_linagora_cs_arabize,خل ملك عندي ما نحكي معا,ندخل الملك عندي ما نحكي معها دخلوني,3.065000057220459,youtube_ih7qLEAPAWE_109,0.5714285714285714
labeled_linagora_cs_arabize,,للملك,0.6209999918937683,youtube_ih7qLEAPAWE_110,1.0
labeled_linagora_cs_arabize,لح الراس ما خلاوه يقابلو لا من بتلو الشعر,الحراس ما خلاوه يقابله لما نبتلو الشعر,3.4059998989105225,youtube_ih7qLEAPAWE_111,0.8571428571428571
labeled_linagora_cs_arabize,وقالوا ياسينا راهي السبة فيها وما فيها,وقالوا ياسين راهي السبه فيها وما فيها,3.384000062942505,youtube_ih7qLEAPAWE_113,0.2857142857142857
labeled_linagora_cs_arabize,زرة تاعك وحكالو علي شاف,على الوزراء تاعك واحكي له عني شافوا,3.1659998893737793,youtube_ih7qLEAPAWE_114,0.8571428571428571
labeled_linagora_cs_arabize,تفسيل,بالتفصيل,0.5759999752044678,youtube_ih7qLEAPAWE_115,1.0
labeled_linagora_cs_arabize,لسلطان من حين هزك الروسى وقال ح,السلطان من حين وهز كروسه وقال حد ما,3.6449999809265137,youtube_ih7qLEAPAWE_116,0.625
labeled_linagora_cs_arabize,تبعني حتى نشوف شنية لحكايا,يتبعني حتى نشوف شنوا هيا الحكايه,2.4240000247955322,youtube_ih7qLEAPAWE_117,0.6666666666666666
labeled_linagora_cs_arabize,سلطان شد اثنية حتى لينسلك الغابة,السلطان شد الثنيه حتى لي نصلك الغابه,3.845099925994873,youtube_ih7qLEAPAWE_118,0.7142857142857143
labeled_linagora_cs_arabize,مهو كليلدش صفل اثنية بالتدقيق,ومهوى كاليلدش وصف له ثنيه بالتدقيق حتى,3.825000047683716,youtube_ih7qLEAPAWE_119,0.8571428571428571
labeled_linagora_cs_arabize,صل لقدامهاكالدار وحم حمد ازوايلو,لين قدام هكذا الدار وحمحمه زوايلو اهبط,4.125999927520752,youtube_ih7qLEAPAWE_120,1.0
labeled_linagora_cs_arabize,روس ودق الباب خرجت لها كسبية الي تسحر,من كروسته ودق الباب خرجت لها كسبيه لتسحر,4.927000045776367,youtube_ih7qLEAPAWE_121,0.625
labeled_linagora_cs_arabize,باب فطرتو منها قالتله أيا نلعبو لعب,للباب كثرته منها قالت له ايه نلعب لعبه,4.026000022888184,youtube_ih7qLEAPAWE_122,0.875
labeled_linagora_cs_arabize,جبين عصابة وغمضت لو عينيه وبدا يحاوس ي,عجبين عصابه وغمضت له عينيه وبدايه حاوس,3.9059998989105225,youtube_ih7qLEAPAWE_123,0.8571428571428571
labeled_linagora_cs_arabize,حتى لين دخلت في الحيت,فيها حتى لين دخلت في الحيط,1.7430000305175781,youtube_ih7qLEAPAWE_124,0.3333333333333333
labeled_linagora_cs_arabize,ادخل في جرتها وهك الحيد تتسكر عليه,ادخل في جرتها وهكذا الحين تتسكر عليهم,3.065000057220459,youtube_ih7qLEAPAWE_125,0.42857142857142855
labeled_linagora_cs_arabize,وضوب ما قدم يسمع في سوت كلرعد,الاثنين ودوم ما قدم يسمع في صوت الرعد,3.7049999237060547,youtube_ih7qLEAPAWE_126,0.5
labeled_linagora_cs_arabize,وإذا بيه غدمفرعينيه زاعزين احمر والنر,واذا بيه غضم فرعينيه زاعزين احمر و النار,5.145999908447266,youtube_ih7qLEAPAWE_127,0.625
labeled_linagora_cs_arabize,مقالو  مرحب بيك يا سلطان,تتناطر من فمة قال له مرحبا بك يا سلطان,4.947999954223633,youtube_ih7qLEAPAWE_128,0.7777777777777778
labeled_linagora_cs_arabize,في مملكة الجان,في مملكه الجان,1.1419999599456787,youtube_ih7qLEAPAWE_129,0.3333333333333333
labeled_linagora_cs_arabize,سلطان ترعب ولا يرعشك القسبة في الريح,السلطان ترعب ولا يرعش كل قصبه في الريح,3.2249999046325684,youtube_ih7qLEAPAWE_130,0.5
labeled_linagora_cs_arabize,أكثر هو وقت اللي شاف الوزرة بتاعه لكلهم قاعدين,اكثر هو وقت الي شاف الوزراء كلهم قاعدين,4.546000003814697,youtube_ih7qLEAPAWE_131,0.625
labeled_linagora_cs_arabize,ف وحدة ورا سلطان الجانق,صفه وحده ورا سلطان الجان قال له هاذ مهام,4.063000202178955,youtube_ih7qLEAPAWE_132,0.7777777777777778
labeled_linagora_cs_arabize,وزرة متاعي,الوزره نتاعي اشياء,1.444000005722046,youtube_ih7qLEAPAWE_133,1.0
labeled_linagora_cs_arabize,هذا راه مش معقول وما يجيش نت اسلط,هاذا راهو مش معقول وما يجيش انت سلطان,3.6640000343322754,youtube_ih7qLEAPAWE_134,0.5
labeled_linagora_cs_arabize,وتحب تحكم في الانس الاخر قالو ما نس,الجان وتحب تحكم في الاخر قالوا اما انس,4.627999782562256,youtube_ih7qLEAPAWE_135,0.625
labeled_linagora_cs_arabize,كعليوم,تحكي عليهم,0.6420000195503235,youtube_ih7qLEAPAWE_136,1.0
labeled_linagora_cs_arabize,زير حربيتك يشعل في النار ويقول الدخان,وزير حربيتك يشعل في النار ويقول الدخان,3.947000026702881,youtube_ih7qLEAPAWE_137,0.14285714285714285
labeled_linagora_cs_arabize,سيد لبحر يبيع في الريح للمراكب,وزير البحري يبيع في الريح للمراكب,2.7639999389648438,youtube_ih7qLEAPAWE_139,0.3333333333333333
labeled_linagora_cs_arabize,الباش خزناجي لفع الخزنة والمنما,الباج خذ ناجي الافعى الخزنه والملمه,3.2660000324249268,youtube_ih7qLEAPAWE_140,1.0
labeled_linagora_cs_arabize,لفم,و الي فمة,0.6010000109672546,youtube_ih7qLEAPAWE_141,1.0
labeled_linagora_cs_arabize,تزير القلم جاهل مستنطح,وزير القلم جاهل ومستنطرح,2.9040000438690186,youtube_ih7qLEAPAWE_142,0.5
labeled_linagora_cs_arabize,وزير الأعمال لا يكمم في اللافام والكل,وزير الاعمال لا يكمل في الافام والكل,3.5450000762939453,youtube_ih7qLEAPAWE_143,0.42857142857142855
labeled_linagora_cs_arabize,فيالكف أنا باش نلقى جنون خير م جنون,تبيض في الكف انا باش نلق جنون غير مجنون,3.8350000381469727,youtube_ih7qLEAPAWE_144,0.8888888888888888
labeled_linagora_cs_arabize,ليعندك يا سلطان الإنس,الي عندك يا سلطان الانس,1.6629999876022339,youtube_ih7qLEAPAWE_145,0.6
labeled_linagora_cs_arabize,نطما مع حكايا جديدة مع حكاياش الأروي,كنتم مع حكايه جديده ما حكايهاش العروي نص,3.625999927520752,youtube_ih7qLEAPAWE_146,0.875
labeled_linagora_cs_arabize,بنحميدة منتج وإخراج محمد بقطايا,عماد بن حميده مونتاج واخراج محمد بوقتايه,3.2049999237060547,youtube_ih7qLEAPAWE_147,0.8571428571428571
labeled_linagora_cs_arabize,تقديم محمد السياري,تقديم محمد السياري,1.3630000352859497,youtube_ih7qLEAPAWE_148,0.0
labeled_linagora_cs_arabize,تان شف يي,حداش وتسعة مية اه ايه شوف لي الفين شوف لي الفين,4.25600004196167,amenyKH_MIC0000001_mod_0000062_chunk_0000002_MIC00001_mod_62_chunk_2_0,1.0
labeled_linagora_cs_arabize,لدخان يلي راجل ي,الدخان يخلي الراجل بالذات,1.5839999914169312,amenyKH_0000006_0000006_0002012_partie0000003_chunk_0000058_06_06_2012_partie3_chunk_58_0,1.0
labeled_linagora_cs_arabize,المنوعة,المنوعة,1.1440000534057617,ar--2307_0.75.wav_2307_0.75_0,0.0
labeled_linagora_cs_arabize,لملوخية كالكروية فيصل الصمع لىلتعليق على هذا الموضوع,اخضر كي الملوخية كي الكروية فيصل الصمعي للتعليق على هاذا الموضوع,3.6640000343322754,TunSwitchTO_0000076_0000022_0000022_0000004ns_76_22_22_4ns_0,0.7272727272727273
labeled_linagora_cs_arabize,كاخر الكريم الأزمة القصديا مازالت قاعمة وإمكانية قيام حرف سعبة برشا فط لحر,اخي الكريم الازمة الاقتصادية مازالت قائمة و امكانية قيام حرب صعيبة برشا في الوقت الحالي,5.455999851226807,TunSwitchTO_0000051_0000009_0000011_x0000006t_51_09_11_x6t_0,0.7333333333333333
labeled_linagora_cs_arabize,من واجبنا معنا مش لازمنا نخدمو عليها والقانون نتاع لن حاجة باهيا وكل,من واجبنا معناها مش مي لازمنا نخدموا عليها و القانون متاع الفين و ثمنطاش حاجة باهية و كل,5.127999782562256,0000050_0000078_0000001_50_78_1_0,0.6666666666666666
labeled_linagora_cs_arabize,ياخي م بعد حاسيلو قلتيا وقيت ان تكبسولولات,ياخي من بعد حاصيلو قلت ايا وقيت نتكبسوا لولاد,4.015999794006348,0000027_0000038_0000001_27_38_1_0,0.6666666666666666
labeled_linagora_cs_arabize,ا  ال            ا,يل ريدويز لور امبرانت و يل بولو موان اي بروبوز دي برودوي افيك بوكو موان دومبالاج فوار وكان امبالاج,11.807999610900879,0000049_0000176_0000000_49_176_0_0,1.0
labeled_linagora_cs_arabize,دولتوندخل بعضي اتويت منيك علية اتوتراشنو,تقول اتو ندخل بعضي اتو يتمنيكوا على اتو درى شنوا,3.8559999465942383,amenyKH_Lanxiété_Sociale_HM_0000003_denoised_Sync0000030_no_speaker_0000117.0000036_0000121.0000020_Lanxiété_Sociale_HM_3_denoised_Sync030_no_speaker_117.36_121.20_0,0.9
labeled_linagora_cs_arabize,بينا قوصيرش معادي لرجال الأعمال ا نعتبر  رجال الأعمال الشرفة ونزها معندهل يجي مدو فلاوس الحزب السياسي,بين قوسين راني ما ني ش معادي لرجال الاعمال انا نعتبر الي رجال الاعمال الشرفاء ونزهاء ما عندهم علاش يجيو يمدوا الفلوس لحزب سياسي,6.415999889373779,amenyKH_0000002_chunk_0000212_002_chunk_212_0,0.8333333333333334
labeled_linagora_cs_arabize,ḥnin,حنين,1.527999997138977,7nin_539_0,1.0
labeled_linagora_cs_arabize,prosje,روسيا,0.8479999899864197,ar--1964_0.75.wav_1964_0.75_0,1.0
labeled_linagora_cs_arabize,يم ونعرف يالخدم يم  مشال ما,كوروكر الي ذير كايندا ديسريسبكتفول تو يو اند ذير لايك كريتيكايزينق يو ديما و نعرف الي في الخدمة ديما فمة المشاكل هذوما,8.368000030517578,Melekher0000009_0000103_0000000_Melekher9_103_0_0,1.0
labeled_linagora_cs_arabize,يا أخو شكلات أسخونا,ناخذ شكلاطة سخونة,1.3839999437332153,TunSwitchTO_0000088_0000011_0000026_0000001i0000001_88_11_26_1i1_0,1.3333333333333333
labeled_linagora_cs_arabize,حرفيا,حرفيا,1.503999948501587,ar--2222_0.75.wav_2222_0.75_0,0.0
labeled_linagora_cs_arabize,صود عالي,صوت عالي,0.6639999747276306,ar--2377_1.5.wav_2377_1.5_0,0.5
labeled_linagora_cs_arabize,باش يلقى فيه الحاجات اللي يستحقهم اليوما الانتربرنور التونسي عندو احتياجات خاصة,باش يلقى فيه الحاجات لي يستحقهم ليوما ل اونترابرونور التونسي عندو احتياجات خاصة,4.552000045776367,0000001_0000015_1_15_0,0.3076923076923077
labeled_linagora_cs_arabize,في عشر عائلات ولا خ عائلات تمشي ك,في عشرة عايلات ولا خمسطاش عايلة تمشي هكاكة,2.4000000953674316,amenyKH_0000004_chunk_0000047_004_chunk_47_0,0.625
labeled_linagora_cs_arabize,نباس كارتة أخرى مشكلة أخرى أنا عشتها في البريود تاع تسعينات نتصور كلكم نقبة الأوزون ثقبالأوزون موفيباكم تسكر,اون باس كارثة اخرى مشكلة اخرى انا عشتها فال بيريود متاع التسعينات نتصور لكلكم نقبة الاوزون ثقب الاوزون ماو فيبالكم تسكر,8.015999794006348,0000038_0000021_0000001_38_21_1_0,0.7619047619047619
labeled_linagora_cs_arabize,اسeرفر,السرفور,0.8560000061988831,ar--1488_1.wav_1488_1_0,1.0
labeled_linagora_cs_arabize,من طو شي,منطولش عليكم,0.6159999966621399,0000020_0000033_20_33_0,1.5
labeled_linagora_cs_arabize,رoس,روسي,0.5600000023841858,ar--1965_1.wav_1965_1_0,1.0
labeled_linagora_cs_arabize,الفارينا بش نحط الهاقات ص ملح نخلط وعندي الخميرة الخميرة مش باش نحطو ضب الكلباشنحط,فرينه الفرينه باش نحطلها قرصه ملح نخلط وعندي الخميره الخميره مش باش نحطو الباكو الكل باش نحط,14.223999977111816,segment_0000982_segment_982_0,0.6470588235294118
labeled_linagora_cs_arabize,dيسلوبل,بيت دوبل,0.800000011920929,ar--1095_1.25.wav_1095_1.25_0,1.0
labeled_linagora_cs_arabize,سعين في المياه من النوتات اللي خذاتهم كانوا أحسن نوتات في الكلاس وتنجمو نتي تعمل  معناها عندك خبرة في الشي ذاي تسل لعباتي كنت معاي بالحق معناه أنا في الباك ناجح سعطا,مل نوتات الي خذيتهم كانوا احسن نوتات في الكلاس و تنجم انت تعمل روكبمون عندك خبرة في الشيء اذايا تسئل عباد خدمت معايا بالحق انا في الباك ناجح ب تسعة عش و آش,12.383999824523926,segment_0000192_segment_192_0,0.7575757575757576
labeled_linagora_cs_arabize,نمرو بيتي نجم تاخذ الغسيل متاعلي,نومرو بيتي ثلاثمياة و ستة و عشرين تنجم تاخذ الي الغسيل متاعي,4.51200008392334,TunSwitchTO_0000023_0000002_0000007_hkg_23_02_07_hkg_0,0.75
labeled_linagora_cs_arabize,فكرتها نتاع التحرر من ال,فكرتها متاع التحرر من ال ال,3.944000005722046,0000050_0000153_0000000_50_153_0_0,0.3333333333333333
labeled_linagora_cs_arabize,من بعد زيد طويب يبقذني اين,كيفاش من بعد يزيد الطبيب يبعثني انا,2.384000062942505,amenyKH_0000008_chunk_0000107_008_chunk_107_0,0.7142857142857143
labeled_linagora_cs_arabize,يقيس,يقيس,0.6800000071525574,ar--2439_1.wav_2439_1_0,0.0
labeled_linagora_cs_arabize,احنا يمكن بعد الثورة,احنا يمكن بعد الثوره,1.503000020980835,youtube_4cUtuPEpn3I_0,0.25
labeled_linagora_cs_arabize,الخطأ الكبير كان حين وكالة الاتصال الخارجي,الخطا الكبير كي نحينا وكاله الاتصال الخارجي,3.2639999389648438,youtube_4cUtuPEpn3I_1,0.5714285714285714
labeled_linagora_cs_arabize,أنا ما اعتبرها ضربة قاسمة,انا نعتبرها ضربه قاسمه,2.0940001010894775,youtube_4cUtuPEpn3I_2,1.25
labeled_linagora_cs_arabize,كان من المفروض انو يقع إسلاحهة وهيكلتها حتى تقوم بدورة الاتصالي احنا في تونس,كان من المفروض انه يقع اصلاحها وهيكلتها حتى تقوم بدورها الاتصالي احنا في تونس,5.78000020980835,youtube_4cUtuPEpn3I_3,0.21428571428571427
labeled_linagora_cs_arabize,ثما ضيعنا الجانب الاتصالي الخارجي والداخلي,فمة ضيعنا الجانب الاتصالي الخارجي والداخلي,4.455999851226807,youtube_4cUtuPEpn3I_4,0.16666666666666666
labeled_linagora_cs_arabize,خارجيا ماناش قعدين نسوق لصورة جيدة لتونس,خارجيا مانش قاعدين نسوق لصوره جيده لتونس,4.723999977111816,youtube_4cUtuPEpn3I_5,0.5714285714285714
labeled_linagora_cs_arabize,للأسف الشديد صورتنا في الخارج سيئة جدا واليومة احنا في حاجة إلى وكالة اتصال,للاسف الشديد صورتنا في الخارج سيئه جدا و اليوم احنا في حاجه الى وكاله اتصال,5.959000110626221,youtube_4cUtuPEpn3I_6,0.4666666666666667
labeled_linagora_cs_arabize,خارجي حقيقي أيضا حتى داخليا,خارجي حقيقي ايضا حتى داخليا,3.5980000495910645,youtube_4cUtuPEpn3I_7,0.2
labeled_linagora_cs_arabize,فما انعدامنا الثقة فما شعور بالإحباط ثما شعور بالخوف بالمستقبل وهذا خطير جدا رو الشعور هذا,فمة انعدام الثقه فمة شعور بالاحباط فمة شعور بالخوف بالمستقبل و هاذا خطير جدا راه الشعور هاذا,9.493000030517578,youtube_4cUtuPEpn3I_8,0.5882352941176471
labeled_linagora_cs_arabize,عفن عفكم الله كالسرطان إذا كان ضرب شعب راه يكون عند تداعيات لعقود على الوضع الاقتصادي,عفان وعفاكم الله كالسرطان اذا كان ضرب شعب راه يكون عنده تداعيات لعقود على الوضع الاقتصادي ولاجتماعي بالضبة,9.845100402832031,youtube_4cUtuPEpn3I_9,0.3333333333333333
labeled_linagora_cs_arabize,يلزمو يجري هدايا الخوح والجدو,يلزم يشري هدايا الخوه و الجدو,4.015999794006348,ar--3304_0.75.wav_3304_0.75_0,0.8333333333333334
labeled_linagora_cs_arabize,عملنا غلطة فضيعة على المستوى الاتصالي أضفنالها أنه الرئيس فهلا الحدث صار في جد بش مازكلريان,عملنا غلطه فظيعه على المستوى الاتصالي اضفنا لها انه الرئيس الحدث صار في جربه شمهزك لاريانا,6.895999908447266,youtube_StiVaKMApb8_0,0.5625
labeled_linagora_cs_arabize,أنتي كنقلت جملة واحدة,انت كان قلت جمله واحده,1.2719999551773071,youtube_StiVaKMApb8_1,1.0
labeled_linagora_cs_arabize,أحنا تون آنا رئيس تونس بمسلمها ويهودها,احنا تون انا رئيس تونس بمسلمها و يهودها,3.6640000343322754,youtube_StiVaKMApb8_2,0.5
labeled_linagora_cs_arabize,راك انتي شفتك البارنتيز,راك انت شفت اكالبرونتاز,2.119999885559082,youtube_StiVaKMApb8_3,0.75
labeled_linagora_cs_arabize,الخايب اللي ينظرلك بها العالم,الخايب الي ينظر لك بها العالم,1.7920000553131104,youtube_StiVaKMApb8_4,0.5
labeled_linagora_cs_arabize,رك سكرتها في ثلاث جمل وري تونس,راك سكرتها في ثلاثة جمل واظح وراهي تونس,3.3519999980926514,youtube_StiVaKMApb8_5,0.5
labeled_linagora_cs_arabize,دخلت وحلينا مشاكل لافامي ودخلنا في مرحلة أخرى احنا وأختم,دخلت وحلينا مشاكل الافمي ودخلنا في مرحله اخرى احنا واختم,6.271999835968018,youtube_StiVaKMApb8_6,0.4
labeled_linagora_cs_arabize,فيالمسلة تع جربة واحنا بدينا نحكوا على الكرة تونس عملت كما الفريق,في المصل متاع جربه واحنا بدينا نحكي على الكره تونس عملت كما الفريق,5.015999794006348,youtube_StiVaKMApb8_7,0.46153846153846156
labeled_linagora_cs_arabize,اللي بداء العب  دقيقة لولى نص ساعة لولة الميتا الأولى باهية,الي بدا لعب تلاثين دقيقه لولا نص ساعه الاولى باهيه,4.631999969482422,youtube_StiVaKMApb8_8,1.1
labeled_linagora_cs_arabize,بلاغ من الداخلية يهبط بعد ثث ساعات,بلاغ من الداخليه يهبط بعد ثلاثة ساعات,2.7360000610351562,youtube_StiVaKMApb8_9,0.2857142857142857
labeled_linagora_cs_arabize,خطاب الرئيس بعد  ساعة كان مقبول كركت اعطا فيه الثوابت ومن بحد انهيار تام,خطاب الرئيس بعد اربعة و عشرين ساعه كان مقبول كوريكت اعطى فيه الثوابت و من بعد انهيار تام,7.184000015258789,youtube_StiVaKMApb8_10,0.5
labeled_linagora_cs_arabize,الموحامي,المحامي,1.1360000371932983,ar--1759_0.75.wav_1759_0.75_0,1.0
labeled_linagora_cs_arabize,شويا كنيكوتين وفما شوي قطران,شوية هكة نيكوتين وهكة فمة شوية قطران,2.4719998836517334,amenyKH_0000006_0000006_0002012_partie0000002_chunk_0000166_06_06_2012_partie2_chunk_166_0,0.8571428571428571
labeled_linagora_cs_arabize,,لعبه ويلعبوا للاسف الشديد على صغرون الي في كرشها ويلغويه ما عادش يجي ما يجيش جمله واحده لا لا لا مستحيل احلام قالت لها لا يا اختي السقف هذاكة ما ندخلش تحتو قالت لصاحبتها مروى مستحيل نعمل هكاكة في ملايكه ما عملت حتى شيء يا اخي قالت لها,14.576000213623047,segment_0000386_segment_386_0,1.0
labeled_linagora_cs_arabize,,و الا يور يول بي لايك ايم سكيرد ايف ذاي,4.495999813079834,Melekher0000008_0000041_0000000_Melekher8_41_0_0,1.0
labeled_linagora_cs_arabize,ثم يقع تنقيز تدريجيان في كمية النيكوتين,فمة يقع التنقيص تدريجيا في كمية النيكوتين,3.2720000743865967,amenyKH_0000006_0000006_0002012_partie0000005_chunk_0000113_06_06_2012_partie5_chunk_113_0,0.42857142857142855
labeled_linagora_cs_arabize,أي أنا تحبيت هولي حب نشيولجراسة أخرى,اي اعما تعبات هوني تحب نمشيو لبلاصة اخرى,4.415999889373779,ar--3241_1.25.wav_3241_1.25_0,1.0
labeled_linagora_cs_arabize,والمنجي لولدو لهادي,و المنجي لولدو لهادي,1.0880000591278076,0000019_0000074_19_74_0,0.5
labeled_linagora_cs_arabize,,وقتاه دونك وان شاء الله ربي يوفقنا و الحمد لله قاعدين نقدموا بلقدا بلقدا هايل عالاخر لانسمون اوفيشال سيتاي ان جانفي دو ميل ديس ويت,11.991999626159668,0000026_0000014_0000000_26_14_0_0,1.0
labeled_linagora_cs_arabize,اللي باش ياخذو بها كالصلار هذاكا والخوف هو اللي خليهم محصورين بالخدمة اللي باش ياخذو بها كالصلار هذاكا,الي باش ياخذوا بيها اكا ال سالير هذاكة و الخوف هو لي خلاهم محصورين بالخدمة الي باش ياخذوا بيها اكال سالير هذاكة,7.0960001945495605,0000034_0000039_0000001_34_39_1_0,0.7727272727272727
labeled_linagora_cs_arabize,موقفت كان نسمع فيه قليا,ما وقفت كان نسمع فيه يقلي,1.7599999904632568,0000022_0000205_22_205_0,0.5
labeled_linagora_cs_arabize,بل  ش مسوس,مرحبا,1.6799999475479126,amenyKH_MIC0000001_mod_0000004_chunk_0000000_MIC00001_mod_4_chunk_0_0,3.0
labeled_linagora_cs_arabize,اليج,القيشي,0.6240000128746033,ar--2229_1.25.wav_2229_1.25_0,1.0
labeled_linagora_cs_arabize,قاعدا نتفرج في المتش ومعاياش كون معناه نقولو شوف مثلا مثلا بك نيمار معاش يكون يكون,قاعدة نتفرج فال ماتش و معايا شكون معناها نقلوا شوف مثلا مثلا بار اكزامبل نايمار مع شكون يكور,8.112000465393066,Melekher0000009_0000040_0000002_Melekher9_40_2_0,0.7777777777777778
labeled_linagora_cs_arabize,ي فكرة العرق مازالت موجودة عنا وللي لعصوريا ماهيش مشكلة لون,الي فكرة العرق مازالت موجودة عنا و الي العنصرية ما هي ش مشكلة لون,3.5999999046325684,0000050_0000009_0000000_50_9_0_0,0.5
labeled_linagora_cs_arabize,والناس الي فهم واللهما عند ش تفرق,و الناس الي فمة و الله ما عندها باش يتفرهد,1.7280000448226929,amenyKH_tataouine__for_acoustic_analysis_Sync0000041_no_speaker_0000320.0000097_0000322.0000073_tataouine__for_acoustic_analysis_Sync041_no_speaker_320.97_322.73_0,0.9
labeled_linagora_cs_arabize,نثبت عليه ديارنا وهما زادة بلدان الحيوت ياخذو من رواحنا ولا يمكن احنا,نثبت عليه ديارنا هوما زادة بلدان الحيوط ياخذوا من ارواحنا ولا يمكن احنا,4.0320000648498535,TunSwitchTO_0000028_0000023_0000049_dys_28_23_49_dys_0,0.3076923076923077
labeled_linagora_cs_arabize,الكلمحاولو وما لقاوش نقول لك انا سمحني مللي يتكلم فالكلام هذا كلوشارات وصايعين,الكلهم حاولو وما لقاوش نقلك انا سامحني ماللي يتكلم في الكلام هاذا كلوشارات و صايعين,5.880000114440918,TunSwitchTO_0000082_0000022_0000014_gfj_82_22_14_gfj_0,0.7333333333333333
labeled_linagora_cs_arabize,nzmsاtin,انجم نجي الساعتين,1.312000036239624,TunSwitchTO_0000033_0000022_0000018_nph_33_22_18_nph_0,1.0
labeled_linagora_cs_arabize,عسلما شرمضاركم مبروك معاكم الشاف اسما باي في حلقة جديدة من حضر يزازي كيما تفهمنا منقول حلقة شيملوح كل شي,ع السلامه شهر رمضانكم مبروك معكم الشيف اسما باي في حلقه جديده من حاضر ازازي كيما تفهمنا من اول حلقه شيء ما نلوحوا كل شيء,13.784000396728516,segment_0000000_segment_0_0,0.68
labeled_linagora_cs_arabize,لاثسنبوبات في كل قسل,ثلاثة انبوبات في كل قسم,1.7920000553131104,amenyKH_Partie0000008_chunk_0000053_Partie8_chunk_53_0,0.6
labeled_linagora_cs_arabize,à travailler sur l'industrie,ا ترافاي سور لانداستري كاتر بوينت زيرو,1.4639999866485596,0000008_0000060_8_60_0,1.0
labeled_linagora_cs_arabize,تخذ رسالة يعيشك,ياخي تنجم تاخذ رسالة يعيشك,1.7120000123977661,TunSwitchTO_0000011_0000000_0000010_x0000002b_11_00_10_x2b_0,0.6
labeled_linagora_cs_arabize,اشعرع الرئيسي,الشارع الرئيسي,1.0640000104904175,ar--1333_1.25.wav_1333_1.25_0,0.5
labeled_linagora_cs_arabize,في أول جزء هذا باش نحاول نجاوب على بعض التساؤلات والأسئلة اللي جاتني,في اول الجزء هاذا باش نحاول نجاوب على بعض الاسئلة و التساؤلات الي جاتني,7.159999847412109,TunSwitchTO_0000085_0000001_0000018_0000000r0000004_85_01_18_0r4_0,0.5
labeled_linagora_cs_arabize,سمحني اللوج على كابينت تليفونيك,سامحني نلوج على كابين تيليفونيك,2.9839999675750732,ar--3454_1.wav_3454_1_0,0.8
labeled_linagora_cs_arabize,المال,المال,0.6320000290870667,ar--2020_1.wav_2020_1_0,0.0
labeled_linagora_cs_arabize,خمو في الكريم اللي تلقيتوه نعندش تكون منين جاي شني لنوايا نتاع,تخمم فال كريتيزم لي تلقيتوه من عند شكون منين جاي شنيا النوايا متاعو,5.007999897003174,Melekher0000009_0000136_0000002_Melekher9_136_2_0,0.7692307692307693
labeled_linagora_cs_arabize,م,فيولونس ذيس بيرسون بيينق مين تو اوذرز تو انيمال تو مثلا كيدز بالرغم الي اي هايت كيدز اما كان,12.02400016784668,0000662_0000047_0000000_662_47_0_0,1.0
labeled_linagora_cs_arabize,نشتهي كان ويتيان بوخة وصحانفولم دمس بالكمون وبيرة تونس,نشتهي كان ويتيام بوخة و صحن فول مدمس بالكمون و بيرة تونسية,4.223999977111816,TunSwitchTO_0000014_0000021_0000046_tbs_14_21_46_tbs_0,0.6666666666666666
labeled_linagora_cs_arabize,شخت كان عندكم ك وكان عندكم قلق وكل,اند كالم يور مايند سورتو كان عندكم انكسايتي و كان عندكم قلق و كل,4.263999938964844,Melekher0000011_0000164_0000000_Melekher11_164_0_0,0.7142857142857143
labeled_linagora_cs_arabize,ey kene tymta hamci,ايه كانت متاع عمتي,2.9600000381469727,ar--3235_0.75.wav_3235_0.75_0,1.0
labeled_linagora_cs_arabize,يحبو الناس اللي عمرهم لكتبوجواب ما يعرفوش يحبو اللي ما,يحبوا الناس الي عمرهم لا كتبوا جواب ما يعرفوش يحبوا الي ما,5.688000202178955,TunSwitchTO_0000003_0000020_0000031_jq0000002_3_20_31_jq2_0,0.5833333333333334
labeled_linagora_cs_arabize,جاي من,جاي من,0.8399999737739563,ar--1028_1.wav_1028_1_0,0.0
labeled_linagora_cs_arabize,خاتم العرس,خاتم العرس,1.0640000104904175,ar--1984_1.wav_1984_1_0,0.0
labeled_linagora_cs_arabize,يحسه يوقبو فيا,نحسهم ينقبوا في,1.3839999437332153,amenyKH_Lanxiété_Sociale_HM_0000003_denoised_Sync0000016_no_speaker_0000027.0000063_0000029.0000008_Lanxiété_Sociale_HM_3_denoised_Sync016_no_speaker_27.63_29.08_0,1.0
labeled_linagora_cs_arabize,باكeن sبابcي,بابا كان شباتي,1.5199999809265137,amenyKH_Hkayet_Tounsia_S0000001_Episode_0000017_0000020_0000003_0002017_Partie_0000003_Sync0000006_no_speaker_0000852.0000067_0000854.0000021_Hkayet_Tounsia_S01_Episode_17_20_03_2017_Partie_03_Sync006_no_speaker_852.67_854.21_0,1.0
labeled_linagora_cs_arabize,شمع يكون مانعرفش انا ذوك هكانحا نصمع واحدي نعرفو للي هو نترال وك,الشمع يكون ما نعرفش انا دونك هاوكا نحاول نصنعو وحدي و نعرف الي هو ناتوريل و كل,6.415999889373779,0000053_0000149_0000001_53_149_1_0,0.8235294117647058
labeled_linagora_cs_arabize,سمحني اللوج على كابينت تليفونيك,سامحني نلوج على كابين تيليفونيك,4.02400016784668,ar--3454_0.75.wav_3454_0.75_0,0.8
labeled_linagora_cs_arabize,gélos et cerveuse,جاتو السارفوز,1.4320000410079956,ar--3108_1.25.wav_3108_1.25_0,1.5
labeled_linagora_cs_arabize,بعد ما روح عبدله التونس لذيساج في جديدا,جريدة بعد ما روح عبد الله التونس بدا في ستاج في,3.7119998931884766,ar--3156_1.25.wav_3156_1.25_0,0.5454545454545454
labeled_linagora_cs_arabize,告诉,القهوة,0.5839999914169312,ar--1379_1.25.wav_1379_1.25_0,1.0
labeled_linagora_cs_arabize,وتلفت للحظ بقلهم تنجموا وتمشيو على رواحكم اليوم منيش باش نكسر لديمونتا السوق الجاي حديث خر,وتلفت للحضبا قالهم اتنجمو تمشيو على رواحكم اليوم ما ني ش باش نكسر الديامونتا السوق الجاي حديث آخر,6.5279998779296875,0000020_0000032_20_32_0,0.5
labeled_linagora_cs_arabize,لي نعرف أنا ولون اللي تحبو رع طلع,لا نعرف اناهو اللون الي نحبو تره طلع,3.440000057220459,ar--3560_1.25.wav_3560_1.25_0,0.75
labeled_linagora_cs_arabize,كي تهبت بالترا أرخصلك برشا,كتهبط بالتران ارخسلك برشا,5.992000102996826,ar--3065_1.wav_3065_1_0,1.0
labeled_linagora_cs_arabize,بالله اكتب لي هذا,بالهيا اكتبلي هاذا,2.359999895095825,tn9769_0,1.3333333333333333
labeled_linagora_cs_arabize,hojass,خويا العزيز,0.7919999957084656,ar--3250_1.25.wav_3250_1.25_0,1.0
labeled_linagora_cs_arabize,شي مشاء الخيبر,شيء مشى الخيبر,1.6239999532699585,amenyKH_0000001_chunk_0000044_001_chunk_44_0,0.6666666666666666
labeled_linagora_cs_arabize,نبعد على لتونيزيا سات حاول ان تعرف عقلية التونسي ما تمشيش على طريقة المنتديات الأوروبية,نبعد على تونيزياسات حاول ان تعرف عقلية التونسي و ما تمشيش على طريقة المنتديات الاوروبية,5.51200008392334,TunSwitchTO_0000055_0000013_0000003_bh0000004_55_13_03_bh4_0,0.26666666666666666
labeled_linagora_cs_arabize,الطبيخ,الطباخ,0.6800000071525574,ar--1671_1.5.wav_1671_1.5_0,1.0
labeled_linagora_cs_arabize,عسلامة نلوج في بيت مزيانة,عالسلامة نلوج في بيت مزيانة,3.7200000286102295,ar--3020_1.wav_3020_1_0,0.2
labeled_linagora_cs_arabize,وأنا نسمع في العزوزشقادتح,و انا نسمع في العزوزة شقاعدا تحكي,1.5839999914169312,0000022_0000132_22_132_0,0.7142857142857143
labeled_linagora_cs_arabize,بيان سو انا ي اgري معناها بلكدي وتحس هك بساسفاcشن وتحس بفرحة معناها ان  فيeل hابي,بيان سور انا اي اقري معناها بلقدا و تحس هكة ب ساتيسفاكسيون و تحس بفرحة معناها اند يو فيل هابي,8.031999588012695,0000072_0000137_0000001_72_137_1_0,0.75
labeled_linagora_cs_arabize,عسيما,عالسلامة,0.5040000081062317,ar--1002_1.5.wav_1002_1.5_0,1.0
labeled_linagora_cs_arabize,مناه عبد جي تخلي البدنك,معناها حبت تجي دخل بدنك,1.7120000123977661,amenyKH_Personnalité_Multiple_HM_E0000001_denoised_Sync0000084_no_speaker_0000344.0000098_0000346.0000069_Personnalité_Multiple_HM_E1_denoised_Sync084_no_speaker_344.98_346.69_0,1.0
labeled_linagora_cs_arabize,يفسي,يفسر,0.5759999752044678,ar--1319_1.25.wav_1319_1.25_0,1.0
labeled_linagora_cs_arabize,ع اش تقول الشفير الي انتي تحب طابط,كيفاش تعمل باش تقول للشوفار الي انت تحب تحبط,2.0160000324249268,TunSwitchTO_0000009_0000021_0000056_uqp_9_21_56_uqp_0,0.6666666666666666
labeled_linagora_cs_arabize,خاطر ما كنت نركز مع   ا,خاطر ما كنتش نركز مع ديتايل اي وودف بايد اتونسيون تو ديتايل,4.455999851226807,0000060_0000136_0000000_60_136_0_0,0.6666666666666666
labeled_linagora_cs_arabize,عبدالله يحوس في وسط البلاد,عبد الله يحوس في وسط البلاد,2.944000005722046,ar--3076_1.wav_3076_1_0,0.3333333333333333
labeled_linagora_cs_arabize,عندنا دارنا وكرهبتنا ودار خواني وعماتي وعلتيزي كلها,عندنا دارنا و كرهبتنا و دار خوالي و عماتي و عزيزي كلهم,3.503999948501587,TunSwitchTO_0000089_0000022_0000016_0000001k0000000_89_22_16_1k0_0,0.8333333333333334
labeled_linagora_cs_arabize,حبلأحديدهم تاع السفر,نحب على حدادة متاع سفر,1.2239999771118164,TunSwitchTO_0000004_0000022_0000051_z0000077_4_22_51_z77_0,1.0
labeled_linagora_cs_arabize,ل عمير تصرفا عط م كان عي والحاج الوحيد اكان ري عل الخر  مر ير ي كن عي كا  ل لخ,يحاول وانه يعيط يقول عميره باللي تصرفات عطيه معه كانت عاديه و الحاجه الوحيده الي كانت غريبه على الاخر وملقهاش عميره تفسير هيا كونه عطيه كان يتنفس على الاخر وقت الي,12.991999626159668,segment_0000547_segment_547_0,1.0
labeled_linagora_cs_arabize,بالرسمي منتفهموش,بالرسمي ما نتفاهموش,1.0880000591278076,amenyKH_La_Dépression_HM_0000004_denoised_Sync0000052_no_speaker_0000153.0000079_0000154.0000086_La_Dépression_HM_4_denoised_Sync052_no_speaker_153.79_154.86_0,0.6666666666666666
labeled_linagora_cs_arabize,البارح واني نتفرج في قناة الجزيرة البرنامج متاع زياد كريشان فوجئت بواحد اسرائيل,البارح و انا نتفرج في قناة الجزيرة البرنامج متاع زياد كريشان فوجئت بواحد اسرائيلي,11.656000137329102,TunSwitchTO_0000018_0000000_0000050_eat_18_00_50_eat_0,0.21428571428571427
labeled_linagora_cs_arabize,نشبمسل شوية,نجم نوصلك شوية,1.2400000095367432,ar--3385_1.5.wav_3385_1.5_0,0.6666666666666666
labeled_linagora_cs_arabize,الخارضة,الخريطة,0.9440000057220459,ar--1337_0.75.wav_1337_0.75_0,1.0
labeled_linagora_cs_arabize,اللي هي البرسوناج نتاعنا سو يقوم على برشا مقابلات,يقوم على برشا موقبلات سو متعنا بيرسوناج الي هيا ال,4.1519999504089355,0000076_0000072_0000001_76_72_1_0,0.9
labeled_linagora_cs_arabize,الجمعات الجية سنو الوقت متاع البودكاست تبدل,الجمعات الجايين سينون الوقت متاع ال بودكاست تبدل,4.6479997634887695,Melekher0000012_0000012_0000001_Melekher12_12_1_0,0.5
labeled_linagora_cs_arabize,عايشة حطت اللعب بالكل على القاعة,عيشة حطت اللعب الكل على القاعة,3.0399999618530273,ar--3539_1.wav_3539_1_0,0.3333333333333333
labeled_linagora_cs_arabize,ربيا متاعنا غالطة نحنا يربي وناريت ولدخلتك جاب ريتجارك جا ما يربيكش انتي,التربيه متاعنا غالطه نحنا يربينا ريت ولد خالتك الجاب ريت جارك الجاب ما يربيكش انت,4.74399995803833,youtube_w9iPg04vLcs_0,0.7333333333333333
labeled_linagora_cs_arabize,يربيك على العباد نحن نعيشو كان بالمضار حتى في الاكتيvيتي سبورتيف توا تمشي تفرج مثلا في الجون في الكورة,يربيك على العباد نحنا نعيش كان بالمظاهر حتى في لي اكتيفيتي سبورتيف توا تمشي تفرج مثلا في لي جون في الكوره,5.984000205993652,youtube_w9iPg04vLcs_1,0.38095238095238093
labeled_linagora_cs_arabize,ليبارون كل يختاب ولادهم ماسي ما يقبلوش ولدوا فشل في حاجة كيما مقدال وينجم يكون ناجح في حاجة اخرى نحن نقرا,لي بارون الكل يخسايب ولادهم ميسي ما يقبلو ولد فشل في حاجه كيما مقداد و ينجم يكون ناجح في حاجه اخرى نحنا نقرا,7.5920000076293945,youtube_w9iPg04vLcs_2,0.5652173913043478
labeled_linagora_cs_arabize,,ونجيبوا الاعداد في حاجه كيم مقداد التجربه الي حكيتها على بنتك نحنا نعيش لغيرنا في كل شيء حتى في السبور في الخروج في الباس نلبس لغيرنا ناكلوا لغيرنا ونجيبوا العداد لغيرنا سندرله,14.308199882507324,youtube_w9iPg04vLcs_3,1.0
labeled_linagora_cs_arabize,نبنكواووالفي هذي تاع انك تحب تتكايف ما تنجمش تقاومها,لكن نحس نحب نتكيف ما نجمش نقاومها وي,9.944000244140625,amenyKH_0000006_0000006_0002012_partie0000001_0000003_chunk_0000169_06_06_2012_partie1_3_chunk_169_0,1.125
labeled_linagora_cs_arabize,ندي ساعات جيعا في ماتي,عندي ساعات وجيعة في معدتي,1.9839999675750732,TunSwitchTO_0000005_0000021_0000055_jkr_5_21_55_jkr_0,0.6
labeled_linagora_cs_arabize,حاد,حاد,1.215999960899353,haad_688_0,0.0
labeled_linagora_cs_arabize,نبدا صباح هم نم مهي ي ول م حاجات,نبدى من الصباح زعم انجم اما ما هي ش بوزيتيف و و اكتيفاسيون لا فمة حاجات,6.901000022888184,TunSwitchCS_0000097_0000277_97_277_0,0.9375
labeled_linagora_cs_arabize,sieda,سياده,1.2539000511169434,siyadda_27421_0,1.0
labeled_linagora_cs_arabize,نحب نقص على رحلة نورث ويست لطيران نمر صفر ستة وثمانين لنهار خمسة,نحب نقص على رحلة نورث ويست للطيران نومرو صفر ستة و ثمانين لنهار خمسة,5.375999927520752,TunSwitchTO_0000002_0000014_0000001_dqg_2_14_01_dqg_0,0.2857142857142857
labeled_linagora_cs_arabize,شنو اللي صار في صوت العرض اليوم,شنوا الي صار في صالة العرض اليوم,2.7200000286102295,TunSwitchTO_0000024_0000019_0000020_mcm_24_19_20_mcm_0,0.42857142857142855
labeled_linagora_cs_arabize,وفما برشى منهم في المنتدا للأسف لاداعي لذكر الأسامي هؤلاء,و فمة برشا منهم في المنتدى للاسف لا داعي لذكر الاسامي هاؤلاء,4.464000225067139,TunSwitchTO_0000002_0000014_0000041_0000005n0000004_2_14_41_5n4_0,0.75
labeled_linagora_cs_arabize,نحب نعمل حجز للطاولة من الساعتين اللي تسع تاع الليل يعيش,نحب نعمل حجز لطاولة من الساعتين لتسعة متاع الليل يعيشك,3.5280001163482666,TunSwitchTO_0000118_0000019_0000038_gd0000000_118_19_38_gd0_0,0.5
labeled_linagora_cs_arabize,snóað heða,شنوا هاذا,1.5151000022888184,chnowa_hedha_31855_0,1.0
labeled_linagora_cs_arabize,هي رايم معناها التوعي تبدا من برشا حاجات وفما حاجات ديجا عنا منهم ما جست حتينهم في في مخ,سي فريمون معناها التوعية تبدا من برشا حاجات و فمة حاجات ديجا عنا منهم مي جوست حاطينهم في مخ,7.288000106811523,TunSwitchCS_0000049_0000108_0000001_49_108_1_0,0.47368421052631576
labeled_linagora_cs_arabize,برشا في حاجات صارونا كوت بايم برشا معباد عملو انر في النت اتر,برشا حاجات صارولنا كوت بايمنت برشا عباد عملوا انسكريبسيون فال فان كاتر,5.25600004196167,TunSwitchCS_0000096_0000684_96_684_0,0.75
labeled_linagora_cs_arabize,وباهي فهمت تنجي بحذاك,وباهي فهمت توا نجي بحذاك,3.055999994277954,TunSwitchTO_0000014_0000014_0000048_0000031h_14_14_48_31h_0,0.4
labeled_linagora_cs_arabize,ناشت خفيف راشيق,ناشط خفيف رشيق,3.3096001148223877,nachet_5fif_rachi9_621_0,0.6666666666666666
labeled_linagora_cs_arabize,ظهرلي ثما غلطة في العدد,ضهرلي فمة غلطة في العدد,2.447999954223633,TunSwitchTO_0000060_0000019_0000002_0000120_60_19_02_120_0,0.4
labeled_linagora_cs_arabize,عليش عليش طال الانتظار على خاطر س دو غرو بروجي,علاش علاش طال الانتظار على خاطر سي دي قرو بروجي,4.119999885559082,TunSwitchCS_0000015_0000012_15_12_0,0.5
labeled_linagora_cs_arabize,تصنف بالليجي كيما يقولو خناناة البيت رد حلقوم حتى بلاش الحم ديما,تصنف باللي يجي كيما يقولوا خنانة البي تردها حلقوم حتى بلاش لحم ديما,4.392000198364258,TunSwitchTO_0000110_0000019_0000036_xra_110_19_36_xra_0,0.5384615384615384
labeled_linagora_cs_arabize,فرانساوية,فرنسوية,1.0880000591278076,tn9768_0,1.0
labeled_linagora_cs_arabize,هانا مع بعضنا اليوم فقط فرحان عرفت تحس تروحك فرحان وتضحك من غير سبب,هانا مع بعضنا اليوم فقت فرحان عرفت تحس روحك فرحان وتضحك من غير سبب,5.25600004196167,TunSwitchTO_0000183_0000019_0000058_0000003m_183_19_58_03m_0,0.14285714285714285
labeled_linagora_cs_arabize,قررت باش نتوقف عل الدراسة ك خذيت الباك وحتى كان المعدل كان باهي وما نجمتش نكمل قراي,قررت باش نتوقف عالدراسة داكور خذيت الباك وحتى كان المعدل كان باهي و ما نجمتش نكمل قرايتي,7.9679999351501465,TunSwitchCS_0000001_0000028_1_28_0,0.35294117647058826
labeled_linagora_cs_arabize,samahni désolé,سامحني دزولي,2.0216000080108643,sama7ni_desole_8199_0,1.0
labeled_linagora_cs_arabize,أول عكس لكن اكثر حاجة نفكرها ان عامتها رغم الضرب والترايح اللي كليناهم شمعنى بالحق بالضحح,او العكس لكن اكثر حاجة نتفكرها ان عامتها رغم الضرب و الطرايح الي كليناهم شبعنا بالحق بالضحك,6.248000144958496,TunSwitchTO_0000033_0000021_0000017_0000007uy_33_21_17_7uy_0,0.47058823529411764
labeled_linagora_cs_arabize,بعد الخدمة والطلبة لكلهم يحبو صوتها يقتلو صوتها هي بيدها دافيه أما فيها,بعد الخدمة و الطلبة كلهم يحبوا صوتها يقتل صوتها هيا بيدها دافية اما فيها,6.392000198364258,TunSwitchTO_0000020_0000014_0000053_hco_20_14_53_hco_0,0.5714285714285714
labeled_linagora_cs_arabize,tu testes un truc,تو تيست ان تروك,1.5360000133514404,TunSwitchCS_0000095_0000507_95_507_0,1.0
labeled_linagora_cs_arabize,swicra,سويسرا,1.24590003490448,Souissra_31382_0,1.0
labeled_linagora_cs_arabize,atinið dakiftahður,اعطيني الضو كيف تحضر,2.063999891281128,TunSwitchTO_0000003_0000014_0000042_hib_3_14_42_hib_0,1.0
labeled_linagora_cs_arabize,معناها  معاه في المدرسة منا ليوم قدنا متركسوش على حق ولايدكم,معناها ده كولاغ معاه في المدرسة جاونا اليوم قالوا لنا ما تسكتوش على حق اولادهم,4.288000106811523,amenyKH_Partie0000006_chunk_0000029_Partie6_chunk_29_0,0.6
labeled_linagora_cs_arabize,الحاجة اللي باش تبدلك حيت  ما وتنجم تكون مالعباد ي الباك بدلولها,الحاجة لي باش تبدلك حياتك كومبليتمون تنجم تكون العباد الي ال باك يبدللهم,4.923999786376953,TunSwitchCS_Melekher0000010_0000254_0000003_Melekher10_254_3_0,0.6923076923076923
labeled_linagora_cs_arabize,نحب نكري كره ببوات وطوع على نهاري,نحب نكري كرهبة بوات اوتو على نهارين,2.687999963760376,TunSwitchTO_0000015_0000020_0000048_frp_15_20_48_frp_0,0.5714285714285714
labeled_linagora_cs_arabize,ماهمش فد جملة في بلاد كيما تونس ماهمش د جملة خاطر,ما هم ش ايفيدون جملة في بلاد كيما تونس ما هم ش ايفيدون جملة خاطر,6.296999931335449,TunSwitchCS_0000098_0000004_98_4_0,0.5333333333333333
labeled_linagora_cs_arabize,وربما ناسمتكون هي,وربما تنجم تكون هيا ال,1.8799999952316284,amenyKH_0000006_0000006_0002012_partie0000006_chunk_0000086_06_06_2012_partie6_chunk_86_0,0.8
labeled_linagora_cs_arabize,ننجم نكري أدوات متع غطس,انجم نكري ادوات متاع غطس,2.1040000915527344,TunSwitchTO_0000147_0000019_0000048_au0000005_147_19_48_au5_0,0.6
labeled_linagora_cs_arabize,منوقتيش ونتي,من وقتاش و انت,2.3519999980926514,TunSwitchTO_0000033_0000015_0000001_cex_33_15_01_cex_0,1.0
labeled_linagora_cs_arabize,سمحني أما كل شي تاخذ,سامحني اما كل شيء تاخذ,1.7280000448226929,TunSwitchTO_0000016_0000018_0000055_ygb_16_18_55_ygb_0,0.6
labeled_linagora_cs_arabize,عنده ن كابات الدجير أنا مثلا يموت لحد في لاث شهور,عندو يون كاباسيتي ا ديجير انا مثلا يموتلي حد في ثلاثة شهور,6.485000133514404,TunSwitchCS_0000097_0000220_97_220_0,0.75
labeled_linagora_cs_arabize,وبعد ماسرجعت كل شيء,و بعد ما سترجعت كل شيء,1.3519999980926514,TunSwitchCS_0000020_0000180_20_180_0,0.6666666666666666
labeled_linagora_cs_arabize,كينمشي بحذاه ما يخلي ما يحطلي وأنا من هذاك الكل,كي نمشي بحذاه ما يخلي ما يحطلي و انا من هذاكة الكل,3.25600004196167,TunSwitchTO_0000014_0000021_0000009_0000025c_14_21_09_25c_0,0.4166666666666667
labeled_linagora_cs_arabize,وهذا اسمي الحقيقي تحياتي لكل ما ندخل قبلي وبعدي,و هاذا اسمي الحقيقي تحياتي لكل من دخل قبلي وبعدي,3.7679998874664307,TunSwitchTO_0000005_0000014_0000043_0000000ri_5_14_43_0ri_0,0.4
labeled_linagora_cs_arabize,باش ناخب أكبر تبطو باتي عايش,باش ناخذ اكبر دبدوبات يعشك,1.7519999742507935,TunSwitchTO_0000059_0000009_0000015_bc0000007_59_09_15_bc7_0,1.0
labeled_linagora_cs_arabize,معنتها انا المكانيم ف نتاعي خاطرني بنت خديجة وخديجا نسكنو في النار وتخر في رمضان وقت قن الفر تلوج الي فاتهم الت الكل والي واقفين دخلهم شقفتارهم في دارنا,معنتها انا ال ميكانيزم دي ديفونس متاعي خاطرني بنت خديجة و خديجة نسكنوا فال لا قار و تخرج في رمضان وقت شقان الفطر تلوج الي فاتهم التران الكل و الي واقفين تدخلهم يشقوا فطرهم في دارنا,13.065999984741211,TunSwitchCS_0000097_0000322_97_322_0,0.5833333333333334
labeled_linagora_cs_arabize,نقول وجنا على وجه الارض بلادنا عندك الحقة محامزة ماعاج تصعب عليهم مواضي,نقولوا جنة على وجه الارض بلادنا عندك الحق عم حمزة ما عادش تصعب عليهم المواضيع,5.039999961853027,TunSwitchTO_0000038_0000019_0000003_uth_38_19_03_uth_0,0.5333333333333333
labeled_linagora_cs_arabize,نجمو سي ونا بروجي برtnار نجمو نحكيو معاه,نجمو سي اون ان ا بروجي ان بارتنير نجمو نحكيوا معاه,2.759999990463257,TunSwitchCS_0000095_0000980_95_980_0,0.5454545454545454
labeled_linagora_cs_arabize,لا بتتجيئش,طلبت دجاج,1.0240000486373901,TunSwitchTO_0000027_0000020_0000053_0000117_27_20_53_117_0,1.0
labeled_linagora_cs_arabize,كي يحكيو على العرق مش خاطروم فرحانين لي فما مزال ثما فكرة العرق,كي يحكيوا على العرق مش خاطرهم فرحانين لي فمة مازال فمة فكرة العرق ولا,4.576000213623047,TunSwitchCS_0000050_0000088_0000001_50_88_1_0,0.42857142857142855
labeled_linagora_cs_arabize,ملناخذوا جمال معانا بالتليفون جمال,اقعد معايا سليم خلي ناخذوا جمال معانا بالتليفون جمال,4.127999782562256,amenyKH_0000006_0000006_0002012_partie0000001_0000003_chunk_0000072_06_06_2012_partie1_3_chunk_72_0,0.5555555555555556
labeled_linagora_cs_arabize,خلت باش نشوف لستيل الا دين,دخلت باش نشوف لي ستايل اي لادن,2.0160000324249268,TunSwitchCS_0000095_0001005_95_1005_0,0.7142857142857143
labeled_linagora_cs_arabize,ذونك نحب ليماركتر اللي يخمو فيال,دونك نحب لي ماركيتور الي يخمموا في,2.944000005722046,TunSwitchCS_0000095_0001102_95_1102_0,0.8571428571428571
labeled_linagora_cs_arabize,gsen,خشم,1.2379000186920166,5cham_18014_0,1.0
labeled_linagora_cs_arabize,ابني شخصيتك على خاطر كيباش تبدا بزنس راو منلو الناس باشتيك على الفيزيو نتاعك,ابني شخصيتك على خاطر كي باش تبدا بيزنيس راهو من اللول الناس باش تجيك على ال فيزيون متاعك,4.76800012588501,TunSwitchCS_0000095_0001303_95_1303_0,0.6111111111111112
labeled_linagora_cs_arabize,لوليد,الاولاد,1.0,youtube_c1NPq_SiqT8_0,1.0
labeled_linagora_cs_arabize,بيوم ما بعضنا,اليوم معا بعضنا,1.6699999570846558,youtube_c1NPq_SiqT8_1,0.6666666666666666
labeled_linagora_cs_arabize,لاش نحلو لغز,باش نحلو لغز,1.7799999713897705,youtube_c1NPq_SiqT8_2,0.3333333333333333
labeled_linagora_cs_arabize,يغز اليوتوبرز تاع تونس الكل معرفوش يحلو,لغز اليوتوبرز متاع تونس الكل معرفوش يحلوه,4.099999904632568,youtube_c1NPq_SiqT8_3,0.42857142857142855
labeled_linagora_cs_arabize,لغزة  صعيب,لغز هذايا صعيب,1.399999976158142,youtube_c1NPq_SiqT8_4,0.6666666666666666
labeled_linagora_cs_arabize,خر في اليوتوب وحد مافيه,عالاخر في اليوتوب و حد ما فهمو,2.369999885559082,youtube_c1NPq_SiqT8_5,0.7142857142857143
labeled_linagora_cs_arabize,كيف ش تطلع في trending page,كيفاش تطلع في ترندينق باج,2.6540000438690186,youtube_c1NPq_SiqT8_6,0.8
labeled_linagora_cs_arabize,أنا ساعات نعمل فيديو أول نهار يعمل ر ألف فيز,انا سعات نعمل فيديو اول نهار يعمل اربعين الف فيوز في خمسة,4.210000038146973,youtube_c1NPq_SiqT8_7,0.6666666666666666
labeled_linagora_cs_arabize,وماياتلعشتrenدing وساع تعمل فيديو,و ما يتلعش ترندينق باج و ساعات نعمل فيديو,2.8919999599456787,youtube_c1NPq_SiqT8_8,0.8888888888888888
labeled_linagora_cs_arabize,وفيه  نفيوز وشوي كمر وي جم,فيه عشرا آلاف فيوز و شوايا كومونترات و شوي جامات,2.9800000190734863,youtube_c1NPq_SiqT8_9,1.0
labeled_linagora_cs_arabize,تريندي,يطلع ترندينق,1.0,youtube_c1NPq_SiqT8_10,1.0
labeled_linagora_cs_arabize,نيذي اليوم مع بعضنا باش نحلو اللغ,لذا اليوم معا بعضنا باش نكتشفو اللغز,3.0799999237060547,youtube_c1NPq_SiqT8_11,0.5714285714285714
labeled_linagora_cs_arabize,الم يوم,انا انا اليوم,1.059999942779541,youtube_c1NPq_SiqT8_12,1.0
labeled_linagora_cs_arabize,حب الفيديو  ل  سم,نحب الفيدو الديا تطلع ترندينق شنيا يلزمني نعمل,3.190000057220459,youtube_c1NPq_SiqT8_13,1.0
labeled_linagora_cs_arabize,يوم بعضنا مش نتعلموا,اليوم معا بعضنا باش نتعلموا,1.850000023841858,youtube_c1NPq_SiqT8_14,0.6
labeled_linagora_cs_arabize,حاول وصل فيدو,نحاولو نوصلو الفيديو,1.190000057220459,youtube_c1NPq_SiqT8_15,1.0
labeled_linagora_cs_arabize,ك ندخل الtrng بيg نينق,كي ندخل ل ترندينق باج شنيا نلق,1.7039999961853027,youtube_c1NPq_SiqT8_16,0.8571428571428571
labeled_linagora_cs_arabize,سنفر پلتي,سانفارا بلطي,1.968000054359436,youtube_c1NPq_SiqT8_18,1.0
labeled_linagora_cs_arabize,جاجي هيا ونعبطو اللوتة فما رابريتخر,جيجيا و نهبتو لوطا فمة رابرات اخرين,2.609999895095825,youtube_c1NPq_SiqT8_19,1.0
labeled_linagora_cs_arabize,كما nدrgيhاs,كيما نادر ق,1.496000051498413,youtube_c1NPq_SiqT8_20,1.0
labeled_linagora_cs_arabize,دونك step o يلزمني,دانس ستيب وان يلزمني,2.615999937057495,youtube_c1NPq_SiqT8_21,0.75
labeled_linagora_cs_arabize,نكون رابر,نكون رابور يلزمني نكون رابور,3.0320000648498535,youtube_c1NPq_SiqT8_22,0.8
labeled_linagora_cs_arabize,مفمتش انا كيفاش ماجيتش البالي,ما فهمت ش انا كيفاه مجاتش البالي,2.808000087738037,youtube_c1NPq_SiqT8_23,0.7142857142857143
labeled_linagora_cs_arabize,اللي يلزمني يكون rاppeur باش نظر في الtrending pace,الي يلزمني نكون رابور باش نضهر في ترندينق باج,2.7279999256134033,youtube_c1NPq_SiqT8_24,0.6666666666666666
labeled_linagora_cs_arabize,كربر,نكون رابور,1.2079999446868896,youtube_c1NPq_SiqT8_25,1.0
labeled_linagora_cs_arabize,ماكي يزك كورا بور مكي تصرف يزك كورا بر لوج على نسدري لوج على نسري,مكي لازمك تكون رابور مكي مكي تصرف لازمك تكون رابور نلوج على انسرو نلوج على انسرو,4.622000217437744,youtube_c1NPq_SiqT8_26,0.75
labeled_linagora_cs_arabize,خالت بشلا كاع,خالد بو شلاكا,2.140000104904175,youtube_c1NPq_SiqT8_27,1.0
labeled_linagora_cs_arabize,نك شوي أنا يوتوب راكش عالي يوتوب,راكش عاليوتوب راكش عاليوتوب,2.819999933242798,youtube_c1NPq_SiqT8_28,1.5
labeled_linagora_cs_arabize,راكشعال يوتيوب وناكل في واحد مقلوب,راكش عاليوتوب و ناكل في واحد مقلوب,3.6600000858306885,youtube_c1NPq_SiqT8_29,0.5714285714285714
labeled_linagora_cs_arabize,نكفي واحد مقلوب طوا بيرد,ناكل في واحد مقلوب تاوا بارد,3.5,youtube_c1NPq_SiqT8_30,0.6666666666666666
labeled_linagora_cs_arabize,لطو بيرت وشبن محبشيذو,و تاوا بارد جبن ما حبش يذوب,3.380000114440918,youtube_c1NPq_SiqT8_31,1.0
labeled_linagora_cs_arabize,اشبل ماحبشيثو اشبل ماحبشيثو,الجبن ما حبش يذوب الجبن ما حبش يذوب,3.4600000381469727,youtube_c1NPq_SiqT8_32,1.0
labeled_linagora_cs_arabize,نسبت محبسي,الجبن ما حبش,1.0199999809265137,youtube_c1NPq_SiqT8_33,1.0
labeled_linagora_cs_arabize,وتو نيكليب واحد مقلوب,و تاوا ناكل في واحد مقلوب,1.8200000524520874,youtube_c1NPq_SiqT8_34,0.6666666666666666
labeled_linagora_cs_arabize,رشب المحبشيتو,الجبن ما حبش يذوب,2.0,youtube_c1NPq_SiqT8_35,1.0
labeled_linagora_cs_arabize,اشبت ماحبش يدور,الجبن ما حبش يذوب,2.0000998973846436,youtube_c1NPq_SiqT8_36,1.0
labeled_linagora_cs_arabize,طور ناكل في واحد مقلوم,و تاوا ناكل في واحد مقلوب,2.5,youtube_c1NPq_SiqT8_37,0.5
labeled_linagora_cs_arabize,,ستانا,0.6000000238418579,youtube_c1NPq_SiqT8_38,1.0
labeled_linagora_cs_arabize,,اان,2.0,youtube_c1NPq_SiqT8_39,1.0
labeled_linagora_cs_arabize,منلعبش ال نلعب كللبر كلايمايهم,منلعبش فيفا نلعب كان ال برو كلاي ميهموش,2.924999952316284,youtube_c1NPq_SiqT8_40,0.75
labeled_linagora_cs_arabize,ذد,شكون الي ضدو,0.9750000238418579,youtube_c1NPq_SiqT8_41,1.0
labeled_linagora_cs_arabize,ناقسقزهاو فدوكلايبش يالبح,لنا قز قز هاو فدو و كلاي باش يدبحو,2.5,youtube_c1NPq_SiqT8_42,1.0
labeled_linagora_cs_arabize,زد زدزد,زيدوا زيدوا زيدوا سبو,1.7200000286102295,youtube_c1NPq_SiqT8_43,1.0
labeled_linagora_cs_arabize,ونخدم كمرالك,نخدب كوميرسيال و كان عجبو,1.600000023841858,youtube_c1NPq_SiqT8_44,1.0
labeled_linagora_cs_arabize,وكيننكدموريد الحوما طو في لحظهد,كان نكلم ولاد الحومة التو في لحضة يهدو,3.5799999237060547,youtube_c1NPq_SiqT8_45,0.875
labeled_linagora_cs_arabize,زمن قرن طدف قلم تب فيفة تب قلم عباد بهم كلها فهم عباد,زمنن قلمن ماثر فاك الم ن تبا فيفا تبا قلمن عبادن بهمن كلاها بهمن عبادن,6.199999809265137,youtube_c1NPq_SiqT8_46,1.0
labeled_linagora_cs_arabize,قلبم المتاها,البوم المتاهة,1.0520000457763672,youtube_c1NPq_SiqT8_47,1.0
labeled_linagora_cs_arabize,سك جونب,سيك جونا باهي تهنيت,2.5,youtube_c1NPq_SiqT8_48,1.0
labeled_linagora_cs_arabize,على البويت متاع الرابريت ولنج نطلع في التر,عل بوت متاع رابورات تاو نجم نطلع في,2.950000047683716,youtube_c1NPq_SiqT8_49,0.75
labeled_linagora_cs_arabize,amamsي,اما مزال,0.5080000162124634,youtube_c1NPq_SiqT8_50,1.0
labeled_linagora_cs_arabize,ملزال ثما لغز واحد آخر فترة,مزال فمة لغز واحد آخر في ترندينق,2.9240000247955322,youtube_c1NPq_SiqT8_51,0.5714285714285714
labeled_linagora_cs_arabize,تدخل لtrendig pece تخرج بأمراض جنسية حمد لله يا رب,تدخل ل ترندينق باج تخرج امراض جنسية حمد لله يا ربي,2.888000011444092,youtube_c1NPq_SiqT8_52,0.45454545454545453
labeled_linagora_cs_arabize,ليب نرمين الصفر,كليب نرمين صفر,0.984000027179718,youtube_c1NPq_SiqT8_53,0.6666666666666666
labeled_linagora_cs_arabize,فهمت لكليp mست وعاملينو ه بالعانية مست مش لعبيت تفرج فيه لكن,توا فهمت الي لكليب ماصت و عاملينو بلعاني ماصت باش لعباد تتفرج فيه لكن,5.840000152587891,youtube_c1NPq_SiqT8_54,0.7857142857142857
labeled_linagora_cs_arabize,فما الروج يحكي على كليبشقد,فمة روج يحكي على كليب شقو دقو,2.5280001163482666,youtube_c1NPq_SiqT8_55,0.7142857142857143
labeled_linagora_cs_arabize,مشكلة فيش اللي ماهوش الروز اللي مهبط الفيديو,و مشكلو فاش الي مهوش الروج الي مهبط الفيديو,2.447999954223633,youtube_c1NPq_SiqT8_56,0.7777777777777778
labeled_linagora_cs_arabize,الروج trnدقم موش الروج مهبت الفيديو,روج ترندينق مش روج مهبط الفيديو يلزمني,2.4800000190734863,youtube_c1NPq_SiqT8_57,0.8571428571428571
labeled_linagora_cs_arabize,ني نفهم يزني نلقى حل,نفهم يلزمني نلق حل,1.4320000410079956,youtube_c1NPq_SiqT8_58,0.75
labeled_linagora_cs_arabize,ذ هداف ريال مدريد وبرشلونا تعليق عفظ الدراجة شاشة كاملة هاجديد,شنيا ادية اهداف الريل مدريد و برشالونة تعليق حافض الدراجي شاشة كاملة اتشدي,3.752000093460083,youtube_c1NPq_SiqT8_59,0.6923076923076923
labeled_linagora_cs_arabize,سي كيميلا هجدي,شاشة كاملة اتشدي,1.6200000047683716,youtube_c1NPq_SiqT8_60,1.0
labeled_linagora_cs_arabize,هذي لزمت تتحد في التويتر تع الفيديو هذي شيشا كاملهاجديد,لولاد اذيه لازم تتحط في تيتر متغ فيديو ادية شاشة كاملة اتشدي,2.7920000553131104,youtube_c1NPq_SiqT8_61,0.9166666666666666
labeled_linagora_cs_arabize,باز هذيك هو السر وراء الترnدiنج متاع,باز هذاكة هو السر ورا ترندينق باج متاع,3.5799999237060547,youtube_c1NPq_SiqT8_62,0.5
labeled_linagora_cs_arabize,قمم في عرضك قبل ما تحكي على عراض الناس,خمم في عرضك قبل ما تحكي على عرض الناس,2.303999900817871,youtube_c1NPq_SiqT8_63,0.2222222222222222
labeled_linagora_cs_arabize,شاليا ذاشنا يتحبو اليوتيوب,سارا هاذا شتحبو اليوتيوب,1.968000054359436,youtube_c1NPq_SiqT8_64,0.75
labeled_linagora_cs_arabize,أوكي كل عبر متاع فوسيتوب هذوك,اوكي اكل عبر متاع فوسي توب,2.944000005722046,youtube_c1NPq_SiqT8_65,0.6666666666666666
labeled_linagora_cs_arabize,هوكي اوكي جونبي,اوكي اوكي جونا باهي,1.4479999542236328,youtube_c1NPq_SiqT8_66,0.75
labeled_linagora_cs_arabize,برشا كورة الولياد برشا كور احقتعربي,فمة برشا كورة لولاد برشا كورة الحق متاع ربي,2.671999931335449,youtube_c1NPq_SiqT8_67,0.6666666666666666
labeled_linagora_cs_arabize,ويسطاي نرمين صفر برشا يحكي على نرمين صفر,فريستايل نرمين صفر هام برشا يحكيوا على نرمين صفر,2.4000000953674316,youtube_c1NPq_SiqT8_68,0.3333333333333333
labeled_linagora_cs_arabize,عليش برشا يحكي على نرمينصفر,ياخي علاش برشا يحكيوا على نرمين صفر,1.6160000562667847,youtube_c1NPq_SiqT8_69,0.7142857142857143
labeled_linagora_cs_arabize,نقشتيالا على نرمان صفر شادي,تقشتيلة على نرمين صفر شادي,2.799999952316284,youtube_c1NPq_SiqT8_70,0.4
labeled_linagora_cs_arabize,لي خنتفرج,بلاهي خن نتفرجو,1.1519999504089355,youtube_c1NPq_SiqT8_71,1.0
labeled_linagora_cs_arabize,نشوفو ننشوفو هذي  في الترندي,خنشوفو لولاد خنشوفو هديا خمسة و تلاثين في ترندين,2.799999952316284,youtube_c1NPq_SiqT8_72,0.8888888888888888
labeled_linagora_cs_arabize,اد خنشوفوا شنية اللي لزمني نعمل,لولاد خنشوفو شنيا الي يلزمني نعمل,2.4719998836517334,youtube_c1NPq_SiqT8_73,0.8333333333333334
labeled_linagora_cs_arabize,فيوز من مارس,اربعة و عشرين الف فيوز من اربعة و عشرين مارس,3.200000047683716,youtube_c1NPq_SiqT8_74,0.7
labeled_linagora_cs_arabize,يل يعني توا عنده قريب الجمعة وهو فيتردج يلزمنا نلقاو الحل وم لاي,يعني تاوا عندو قريب جمعة و هوا في ترندينق باج يلزمنا نلقاو حل و ميتين لايك,7.703999996185303,youtube_c1NPq_SiqT8_75,0.8125
labeled_linagora_cs_arabize,أنا عمر الليعملت عمري اللي عملت في lايك حق تعرب قريب م اليكس,انا عمري لا عملتاربع و عشرين الف فيوز و ميتين لايكس الحق متاع ربي قريب تلاثميا لايك,4.168000221252441,youtube_c1NPq_SiqT8_76,0.9411764705882353
labeled_linagora_cs_arabize,ننزمن نتبعوا الفيديو هذا,يلزمي نتبعو الفيديو هذايا,2.0239999294281006,youtube_c1NPq_SiqT8_77,0.75
labeled_linagora_cs_arabize,بالفيديو,يلزمني نتعلم مل فيديو,1.4520000219345093,youtube_c1NPq_SiqT8_78,1.0
labeled_linagora_cs_arabize,يفيش نجم نطلع,كفاش نجم نتلع في,2.0,youtube_c1NPq_SiqT8_79,0.75
labeled_linagora_cs_arabize,نبدأ الفيديو بتاعي بسابوني فالكوا,نبدا الفيديو متاعي ب ابوني في الكوان,2.680000066757202,youtube_c1NPq_SiqT8_80,0.8571428571428571
labeled_linagora_cs_arabize,ولات انزلو أبوني تو لولات انزلو أبوني,لولاد انزلو ابوني تاو لولاد انزلو ابوني,3.1760001182556152,youtube_c1NPq_SiqT8_81,0.7142857142857143
labeled_linagora_cs_arabize,باطن كلها تنزل أبوني عملولي أبوني في الجين يوتيوب متاع,كلها تنزل ابوني اعملولي ابوني في شان يوتوب متاعي,3.9600000381469727,youtube_c1NPq_SiqT8_82,0.7777777777777778
labeled_linagora_cs_arabize,أبوني يزم تعملو أبوني,ابوني يلزم تعمل ابوني,1.7599999904632568,youtube_c1NPq_SiqT8_83,1.0
labeled_linagora_cs_arabize,ذا نحط لكم هنا لجو أعملو قبوني,يلزم نحط اللوقو اعملو ابوني,2.2799999713897705,youtube_c1NPq_SiqT8_84,1.2
labeled_linagora_cs_arabize,کeمrik,اكايا مريقل,1.2798999547958374,youtube_c1NPq_SiqT8_85,1.0
labeled_linagora_cs_arabize,بيلصفر وك,نرمين صفر اوكي,1.5399999618530273,youtube_c1NPq_SiqT8_86,1.0
labeled_linagora_cs_arabize,اسكن رطلبغل,شكونو راس لبغل,2.431999921798706,youtube_c1NPq_SiqT8_87,1.0
labeled_linagora_cs_arabize,لليت ليوم بش نعملو,لولاد اليوم باش نعملوا,1.4240000247955322,youtube_c1NPq_SiqT8_88,1.0
labeled_linagora_cs_arabize,ردت فعلي على نرمين صفر قصد صفر,ردة فعلي على نرمين صفر اا قصد صفر,2.568000078201294,youtube_c1NPq_SiqT8_89,0.25
labeled_linagora_cs_arabize,ر ن عنده دقلون اتقرش علي لقلق عرفتك  لقلق ذيك,او اخزر عندو دقنونة هابطة تقولش عليه لقلق عرفتو اك طار اللقلق اذاك,4.004000186920166,youtube_c1NPq_SiqT8_90,0.9230769230769231
labeled_linagora_cs_arabize,عرفته أكلي تسكت وتrealiزيفاش قاعد تعمل,عرفتها اكلي تسكت و تريليزي فاش قاعد تعمل,3.191999912261963,youtube_c1NPq_SiqT8_91,0.625
labeled_linagora_cs_arabize,trendig page متع toوrs,ترندينق باج متاع تونس,1.6759999990463257,youtube_c1NPq_SiqT8_92,1.0
labeled_linagora_cs_arabize,peke,باقي,0.7919999957084656,youtube_c1NPq_SiqT8_93,1.0
labeled_linagora_cs_arabize,باقي يلزمننلقى حللااقي,باقي يلزمني نلق حل لولاد باقي يلزمني,2.496000051498413,youtube_c1NPq_SiqT8_94,0.8571428571428571
labeled_linagora_cs_arabize,نيش متأكد الفيديو,نلق حل باقي ما ني ش متاكد الي فيديو هديا باش يوصل,2.9000000953674316,youtube_c1NPq_SiqT8_95,1.0
labeled_linagora_cs_arabize,عملنا الراب عملنا الردة الفعل باقي حسناقص حاجة,عملنا راب عملنا ردة الفعل باقي حاس ناقص حاجة,4.0960001945495605,youtube_c1NPq_SiqT8_96,0.4444444444444444
labeled_linagora_cs_arabize,عندي منهم هذو منت نجم نطلع تراندiبيج أنا,عندي منهم ادومة يعني نجم نطلع ترندينق باج انا,2.7119998931884766,youtube_c1NPq_SiqT8_98,0.5555555555555556
labeled_linagora_cs_arabize,راخ نشوفو رد كريف يمني أوه,تره خلينا نشوفو رد كارثي من اوه اوه,2.0320000648498535,youtube_c1NPq_SiqT8_99,0.75
labeled_linagora_cs_arabize,pl tزويt في اtيtle bos,بلوس ديزويت في تيتل باز,2.559999942779541,youtube_c1NPq_SiqT8_100,0.8
labeled_linagora_cs_arabize,pلس tزويت في الtيtle bos مع vيews,بلوس ديزويت في تايتل باز معناتها فيوز,1.878000020980835,youtube_c1NPq_SiqT8_101,0.8571428571428571
labeled_linagora_cs_arabize,وكل عادمي هيش هي مهبط الفيديو,و كي العدا مهيش هيا مهبطا الفيديو,1.7120000123977661,youtube_c1NPq_SiqT8_102,0.8571428571428571
labeled_linagora_cs_arabize,نطلع   نهبط الفيديو متاع فيشانوحد نشوف,اوكي يضهرلي باش يتلع تريدين يلزمني نهبط الفيديو في شان وحدا اخرا خليني نشوف,5.559999942779541,youtube_c1NPq_SiqT8_103,0.7857142857142857
labeled_linagora_cs_arabize,أسمعني صب,اسمعني صبري,0.8960000276565552,youtube_c1NPq_SiqT8_104,1.0
labeled_linagora_cs_arabize,آخر مرة تعمللي في كمندير ماككليك بير,آخر مرا تعملي في كومنتار مكي كليكبايت,2.9149999618530273,youtube_c1NPq_SiqT8_105,0.7142857142857143
labeled_linagora_cs_arabize,يخي نسيد روحك وقت للي خذيت بريتزا في سوصة فيها جبن خايبكا وأنا عاونتك بشكليتها,ياخي نسيت روحك وقت الي خديت بيتزا في سوسة فاها جبن خايب اوكي و انا عونتك باش كليتها,6.888000011444092,youtube_c1NPq_SiqT8_106,0.7777777777777778
labeled_linagora_cs_arabize,ونسيد راحي وقت اللي وقت اللي بينت راحي في الفلوغ نتاعك باش إنت تنجم تحط اسمي في التاكس,و نسيت روحك وقتلي بينت روحي فل فلوق متعك باش انت تنجم تحط اسمي في تاق,6.71999979019165,youtube_c1NPq_SiqT8_107,0.75
labeled_linagora_cs_arabize,ونسيد روحك كعديت اسمة في التاكس باش تعمل كلك بيت بعدي,و نسيت روحك كي حاتيط اسمي تاق باش تعمل كليكبايت بعديك,4.288000106811523,youtube_c1NPq_SiqT8_108,0.8181818181818182
labeled_linagora_cs_arabize,ظهار للي نسيد روحك إنتي يا سفناريا يي يلي البيتزا بتاعك خايبة وما تفهمش في حتى شي وما تعرفش حتى تحكي تاليان باللقداي يضهار لي نسيد روحك يا سي سفناريا,ضهلي نسيت روحك انت يا سفنارية يلي بيتزا خايبة ومتفهمش في حتى شيء متعرش حتى تحكي تليان بلقدا يضهرلي نسيت روحك يا سي سفنارية,12.104000091552734,youtube_c1NPq_SiqT8_109,0.7916666666666666
labeled_linagora_cs_arabize,mرig aparamo jawi be t taوo jwi be,مريقل ابارامون جوي باهي تاوا تاوا جوي باهي,3.2799999713897705,youtube_c1NPq_SiqT8_111,1.0
labeled_linagora_cs_arabize,و جويبي اطوف أنا فرحان نيقص حتى شي,تاوا جوي باهي تاوا انا فرحان ناقس حاتا شيء,2.9519999027252197,youtube_c1NPq_SiqT8_112,0.8888888888888888
labeled_linagora_cs_arabize,سبو القيت كل شيء,سي بون لقيت كل شيء,1.6640000343322754,youtube_c1NPq_SiqT8_113,0.6
labeled_linagora_cs_arabize,يقصى حاجه برك يذولي لازمني نعملها سبريي على لفيسبوك يعني سهله على الاخر و,ناقصة حاجا بركا لازمني نعملها سبونسورد على الفايسبوك يعني ساهلة عالاخر تاو,4.679999828338623,youtube_c1NPq_SiqT8_114,0.8333333333333334
labeled_linagora_cs_arabize,عملنا الراب,عملنا راب,0.6079999804496765,youtube_c1NPq_SiqT8_115,0.5
labeled_linagora_cs_arabize,كأعملنا لرضة الفعل وتقشتيلة آ يازم تش,عملنا ردة الفعل و التقشتيلة اا يلزم تقشتيلة,2.828000068664551,youtube_c1NPq_SiqT8_116,0.875
labeled_linagora_cs_arabize,شتلا في التيتل,تقشتيلة في تايتل,1.2400000095367432,youtube_c1NPq_SiqT8_117,0.6666666666666666
labeled_linagora_cs_arabize,ق شتيلة على نرمين صفر,تقشتيلة على نرمين صفر,2.0160000324249268,youtube_c1NPq_SiqT8_118,0.5
labeled_linagora_cs_arabize,اللي هي يعني صعيب برشا باش تقشتلها الحق,الي هيا يعني صعيب برشا باش تقشتلها الحق,2.7039999961853027,youtube_c1NPq_SiqT8_119,0.25
labeled_linagora_cs_arabize,وقاشتنا رسل بغل الي معاها لي لابسرسلقلش عليها الوحدة تعلب بوتعطليا ه,و قشتلنا راس لبغل الي معها الي لابس توقلش علاها اكا لوحدة متاع توالات,5.423999786376953,youtube_c1NPq_SiqT8_120,0.9285714285714286
labeled_linagora_cs_arabize,tقastile,تقشتيلة,1.0160000324249268,youtube_c1NPq_SiqT8_121,1.0
labeled_linagora_cs_arabize,زمننوفيو هدد,يلزمنا نوفاوها بعبر,1.097000002861023,youtube_c1NPq_SiqT8_122,1.0
labeled_linagora_cs_arabize,يلزم كيما لهنا خمم في عرضيك قبل ما تحكي على عرض الناس لزم نه فيهوهاب,يلزم كيما لهنا خمم في عرضك قبل عرض الناس يلزمنا نوباوها ب عبر,3.994999885559082,youtube_c1NPq_SiqT8_123,0.6153846153846154
labeled_linagora_cs_arabize,عبرت اليوم بعد الفيديو هذي وتريندك بتاع اليوتيوب وراه عبرة كبيرة برشا,عبرة اليوم بعد القديو هذايا و تريندينع متغ اليوتوب وراه عبرة كبيرا برشا,4.48799991607666,youtube_c1NPq_SiqT8_124,0.6153846153846154
labeled_linagora_cs_arabize,جاي عاون فيها على قبار بوه,جى يعاون فيه على قبر بوه,1.5839999914169312,youtube_c1NPq_SiqT8_125,0.6666666666666666
labeled_linagora_cs_arabize,تطلع الطفلة لمها,تطلع الطفلة لمها,1.6478999853134155,youtube_c1NPq_SiqT8_126,0.0
labeled_linagora_cs_arabize,هي العبرة برشا ناس ما فيه بالهمش,هيا العبرة برشا ناس ما في بالهمش,2.4240000247955322,youtube_c1NPq_SiqT8_127,0.2857142857142857
labeled_linagora_cs_arabize,أما يلزم يولي في بير,اما يلزم يولي في بالهم,1.3359999656677246,youtube_c1NPq_SiqT8_128,0.4
labeled_linagora_cs_arabize,حس لولاد الحومة,حاسيلو ولاد الحومة,0.8679999709129333,youtube_c1NPq_SiqT8_129,0.6666666666666666
labeled_linagora_cs_arabize,أكا يكونو حلينا اللغز تاع tرendicg بيge,اكاية نكونو حلينة اللغز متغ ترندينق باج,2.568000078201294,youtube_c1NPq_SiqT8_130,0.8571428571428571
labeled_linagora_cs_arabize,إنشاءله الفيديو هذا يوصل للtrending,ان شاء الله فيديو هذايا يوصل ل ترندينق,1.8880000114440918,youtube_c1NPq_SiqT8_131,0.875
labeled_linagora_cs_arabize,كيفيش أحنا أنvا cange le process,كيفاش احنا اون فا شانجي لي بروسيس,1.8619999885559082,TunSwitchCS_0000095_0000701_95_701_0,1.0
labeled_linagora_cs_arabize,الذبان كاعمل تهبط عر ومتحط مسكر   ذا  حا باهيحيات المس,الذبان كان ما تعملش تهبط شعر و ما تحطش موستيكير يل فا رانتر للدار الذبان مش حاجة باهية في حياتكم الناموس,7.184000015258789,TunSwitchCS_0000097_0000314_97_314_0,0.9047619047619048
labeled_linagora_cs_arabize,متاع الصحاب ومتاع العائله ومتاع الحاجات هاذوكم لبتي بلازير الفان دا توي ان برسن,متاع الصوحاب و متاع العايلة و متاع الحاجات هاذوكم لي بتي بلازير يلز فون دي توا يون بيرسون,6.375,TunSwitchCS_0000095_0001393_95_1393_0,0.7777777777777778
labeled_linagora_cs_arabize,шыра бошыждетныжымжыты,الشراب مش جديد تنجم تجدده,1.7359999418258667,TunSwitchTO_0000007_0000021_0000007_0000003we_7_21_07_3we_0,1.0
labeled_linagora_cs_arabize,كيفاش نجم يكون القرار هذي ناجح ويوصل للاقلاع التام علىخ,كيفاش ينجم يكون القرار هذايا ناجح ويوصل للاقلاع التام على التدخين,4.760000228881836,amenyKH_0000006_0000006_0002012_partie0000001_0000003_chunk_0000144_06_06_2012_partie1_3_chunk_144_0,0.36363636363636365
labeled_linagora_cs_arabize,معناها يسافيت هاكا ولا هاكا في حياتك مكت لفاي وبا,معناها يل سانفيلتر هكة و لا هكة فحياتك كي تو ني فوي با,3.6480000019073486,TunSwitchCS_0000049_0000119_0000001_49_119_1_0,0.9230769230769231
labeled_linagora_cs_arabize,كبار برش,كبار برشا,1.0959999561309814,TunSwitchTO_0000099_0000019_0000034_nw0000005_99_19_34_nw5_0,0.5
labeled_linagora_cs_arabize,روحي وخلاني نروح سبيطار بعيد يجي اربعة دراج ماشي على الدار انا خرجت وشتاته,روحي وخلاوني نروح الصبيطار بعيد يجي اربعة ادراج مشي على الدار انا خرجت و الشتاء تهبط,5.791999816894531,TunSwitchTO_0000022_0000018_0000058_gc0000007_22_18_58_gc7_0,0.4375
labeled_linagora_cs_arabize,,متاع لا ما ما تكسرنيش دبوزة هاذي ما نحبش نكسرها دايور ماذابيا كان كل واحد يعيش على نفسو و انت كيما كنت تحكي من اللول ريم فمة ديما فمة حاجة تشد فيها صحيح,11.807999610900879,TunSwitchCS_0000097_0000226_97_226_0,1.0
labeled_linagora_cs_arabize,خوية قدا تو سوم ذهب وزاما كيفاش نعرف اللي أنا توا ما تغشيتش,خويا قداه توا سوم الذهب و زعما كيفاش نعرف الي انا توا ما تغشيتش,4.800000190734863,TunSwitchTO_0000003_0000020_0000041_igh_3_20_41_igh_0,0.5714285714285714
labeled_linagora_cs_arabize,أنا ولا متأسف,انا و الله متاسف,1.6239999532699585,TunSwitchTO_0000185_0000001_0000053_rkn_185_01_53_rkn_0,1.0
labeled_linagora_cs_arabize,د    ل,لا فاز ديبريسيون متاعك و جاي او لا شانس زادة دي رانكونتر عباد الي يكتبو الي معنتها افوار لا شانس ديتر في بلاصة الي,8.675000190734863,TunSwitchCS_0000097_0000108_97_108_0,1.0
labeled_linagora_cs_arabize,ويازميازمها تتبدل المنتاليتي هذي,و يلزم يلزمها تتبدل ال مونتاليتي هاذيا,2.5439999103546143,TunSwitchCS_0000096_0000194_96_194_0,0.8571428571428571
labeled_linagora_cs_arabize,hawet,حوات,1.4990999698638916,7awet_31766_0,1.0
labeled_linagora_cs_arabize,حوركم نتم تحليل دجاه خلصت فالصبتا,بحضوركم انتم التحليل ديجا خلصتو في سبيطار,2.375999927520752,amenyKH_0000008_chunk_0000165_008_chunk_165_0,1.0
labeled_linagora_cs_arabize,,باش نتعداو لل تروما لاخر نهارت لي توفى ال ريلاسيون هاذيكا بالطلاق ما تفهم حتى شيء مي جاي تو في بور قاردير سي ماريج اي بورطان جاي تو في اوسي بور لي بير,10.65999984741211,TunSwitchCS_0000097_0000057_97_57_0,1.0
labeled_linagora_cs_arabize,عندك تمطط في العضلات,عندك تمطط في العضلات,2.135999917984009,TunSwitchTO_0000009_0000018_0000053_0000007xb_9_18_53_7xb_0,0.0
labeled_linagora_cs_arabize,كان بعد مد صغيرة عرسنا,ايه كهو بعد امم مدة ص صغيرة عرسنا,3.0160000324249268,amenyKH_0000008_chunk_0000560_008_chunk_560_0,0.625
labeled_linagora_cs_arabize,الصدق أعز حاجة في السياسة,الصدق اعز حاجة في السياسة,2.3919999599456787,TunSwitchTO_0000019_0000014_0000053_lj0000007_19_14_53_lj7_0,0.2
labeled_linagora_cs_arabize,ولشكون تشبهو كيفاش ديكور دارها وزعما شكونو اللي حبتو أول مرة,و لشكون تشبه و كيفاش ديكور دارها و زعم شكونو الي حبتو اول مرة,4.952000141143799,TunSwitchTO_0000007_0000020_0000044_n0000006j_7_20_44_n6j_0,0.5714285714285714
labeled_linagora_cs_arabize,ferruj,فروج,1.4990999698638916,farrouj_20961_0,1.0
labeled_linagora_cs_arabize,huma,هوما,1.0188000202178955,houma_31043_0,1.0
labeled_linagora_cs_arabize,,مرحبا مرحبا مرحبا,1.9919999837875366,amenyKH_MIC0000001_mod_0000034_chunk_0000000_MIC00001_mod_34_chunk_0_0,1.0
labeled_linagora_cs_arabize,قالو لهم الكلنا ليها وهذا أمر الربي صنود الحياة,قالولهم لكلنا ليها و هاذا امر ربي و سنة الحياة,3.7360000610351562,TunSwitchCS_0000019_0000079_19_79_0,0.9
labeled_linagora_cs_arabize,الله الكاسترجية تونسية وموش وحدي هكا فيسفاقص على فكرة,الله الكاس ترجية تونسية وموش وحدي هكة في صفاقس على فكرة,4.0960001945495605,TunSwitchTO_0000010_0000006_0000059_p0000014_10_06_59_p14_0,0.45454545454545453
labeled_linagora_cs_arabize,أر,اربعطاش,0.9359999895095825,1132_0,1.0
labeled_linagora_cs_arabize,ذا تردون علنا الجميل إن شاء الله مربوحة وتشوف بلادنا تونس,هكذا تردون الينا الجميل ان شاء الله مربوح ونشرفو بلدنا تونس صذة,3.5480000972747803,TunSwitchTO_0000012_0000000_0000010_nd0000001_12_00_10_nd1_0,0.5833333333333334
labeled_linagora_cs_arabize,حجز للسبة بسمانو,حجز للسبعة باسم مانو,1.6080000400543213,TunSwitchTO_0000176_0000019_0000057_ymc_176_19_57_ymc_0,0.75
labeled_linagora_cs_arabize,العشية تنصب الشعبي متع تزاير العاصمة وتصلت ندايوخ حفظت برشا من الربرتوار الشعبي,العشية تنصب الشعبي متاع دزاير العاصمة و تسلطن دايوغ حفظت برشا من ريبرتوار الشعبي,5.6479997634887695,TunSwitchTO_0000158_0000019_0000052_yn0000008_158_19_52_yn8_0,0.42857142857142855
labeled_linagora_cs_arabize,جنابهم ففي اليسي الورك شني برمير شني بكسهي لازمك فيسعت بتحضر روحك وقت ديجا,بجنابهم فال ليسي الور كي شنيا بريميير شنيا باك صاي لازمك فيسع تبدى تحضر روحك ديجا,4.631999969482422,TunSwitchCS_0000028_0000070_0000000_28_70_0_0,0.875
labeled_linagora_cs_arabize,تكس نتاع للشهر في التونس مع توانس السود والمهاجرين الأفرقة جنوب الصحراء,كونتكست متاع الي صاير فتونس مع التوانسة السود و المهاجرين الافارقة جنوب الصحراء,4.495999813079834,TunSwitchCS_0000050_0000008_0000000_50_8_0_0,0.6923076923076923
labeled_linagora_cs_arabize,النجم الخلص بشيك سياحي,انجم نخلص بشاك سياحي,2.4719998836517334,TunSwitchTO_0000178_0000019_0000057_a0000004c_178_19_57_a4c_0,0.75
labeled_linagora_cs_arabize,كان م العباد عندهم فيا  يعيشو فيهم ثمساعة نقولو في الثمساعة ذوكم عندهم م   انا كي نسك,كان معنتها العباد عندهم فال فان كاتر اور يعيشوا فيهم اثناش ساعة نقولوا في الاثناش ساعة هاذوكم عندهم دي مومون دي سيلونس انا كي نسكت,8.423999786376953,TunSwitchCS_0000097_0000088_97_88_0,0.68
labeled_linagora_cs_arabize,ل هذي هي,دي شوا دي في معنتها مثلا هاذايا اهيا الثنية,3.9649999141693115,TunSwitchCS_0000097_0000045_97_45_0,1.0
labeled_linagora_cs_arabize,القطعة المكتوبة بالخط الميل تعكس التغيرات اللي صارت في نين,القطعة المكتوبة بالخط المايل تعكس التغييرات الي صارت في سنين الالف و تسعميا و تسعين,5.855999946594238,TunSwitchTO_0000007_0000021_0000032_c0000008e_7_21_32_c8e_0,0.6
labeled_linagora_cs_arabize,ما فقدش اللي فما حاجة بناتكم وتحتيوش مع بعضلا قدامهم ونكمرون بعض,ما فاقت ش الي فمة حاجة بيناتكم وما تحكيوش مع بعضكم لا قدامهم نكلموا بعضنا,4.144000053405762,TunSwitchTO_0000028_0000021_0000045_0000002n0000007_28_21_45_2n7_0,0.7333333333333333
labeled_linagora_cs_arabize,ان الناس الكل تتبدل في الدنيا ان برشا حاجات يتبدلو,ايز اباوت موفمون يتس اباوت شانج اني الناس الكل تتبدل في الدنيا انو برشا حاجات يتبدلوا دونك,6.400000095367432,TunSwitchCS_0000070_0000034_0000001_70_34_1_0,0.5882352941176471
labeled_linagora_cs_arabize,عندي حساسية فقيدي,عندي حساسية فوق يدية,1.815999984741211,TunSwitchTO_0000130_0000019_0000043_e0000002t_130_19_43_e2t_0,0.5
labeled_linagora_cs_arabize,نحب نحط هذا في صندوق أمانات,نحب نحط هاذا في صندوق امانات,1.9839999675750732,TunSwitchTO_0000143_0000019_0000047_qqh_143_19_47_qqh_0,0.3333333333333333
labeled_linagora_cs_arabize,назек барша,نعزك برشا,2.2239999771118164,en3izek_barcha_31254_0,1.0
labeled_linagora_cs_arabize,ا,شيء يدوخ لهنا ايه مطلقين من نهارت الي هزيتها لطبيب سا يا طلقتها قال لي ما هي ش حبلى,8.031999588012695,amenyKH_0000008_chunk_0000094_008_chunk_94_0,1.0
labeled_linagora_cs_arabize,والحقيقة حاجة قبلوها لعبات كنت خايفة منها ما حاجة حاجة قبلوها,و لحقيقة حاجة قبلوها لعباد كنت خايفة معناها مي حاجة حاجة قبلوها,5.800000190734863,TunSwitchCS_0000096_0000281_96_281_0,0.4166666666666667
labeled_linagora_cs_arabize,نحبو نخلصو كل واحد عشانا,نحبو نخلصو كل واحد عشانا,1.8480000495910645,TunSwitchTO_0000112_0000019_0000036_j0000006n_112_19_36_j6n_0,0.0
labeled_linagora_cs_arabize,محل تجارة تجارة,محل تجارى تجارى,2.525899887084961,mahal_tijara_tijara_4352_0,0.6666666666666666
labeled_linagora_cs_arabize,تحب نثبت تحت الكابوت,تحب نثبت تحت الكبوت,1.4639999866485596,TunSwitchTO_0000023_0000021_0000012_eia_23_21_12_eia_0,0.25
labeled_linagora_cs_arabize,ولا جابو طفل رباوه على قيم الفساد هو كتجي تشوف فما جانب محار,ولا جابوا طفلة رباوها على قيم الفساد هو كي تجي تشوف فمة جانب محافظ,5.104000091552734,TunSwitchTO_0000054_0000022_0000006_l0000006y_54_22_06_l6y_0,0.5
labeled_linagora_cs_arabize,شنيا الموسيقى هذي,شني الموسيقى هاذي,1.503999948501587,TunSwitchTO_0000033_0000021_0000048_yre_33_21_48_yre_0,0.6666666666666666
labeled_linagora_cs_arabize,تعمل  با تعرف وحكم ن كون,تدخلوا تعملوا دي سبورت باش تعرفوا رواحكم انتوما شكون,3.696000099182129,TunSwitchCS_0000070_0000028_0000001_70_28_1_0,1.0
labeled_linagora_cs_arabize,وهو قاعد شهر,وهو قاعد ستة شهر,1.440000057220459,amenyKH_0000002_chunk_0000085_002_chunk_85_0,0.25
labeled_linagora_cs_arabize,تتعمل بسكانالي دن منير ت مان وبرشا ر ذ تعديت لب مديا دن دكاش باش نلق  كش با نضحك ن كاش باش نمشي,تتعمل بسيكاناليز دون مانيير تري هيمين و برشا كرياتيفيتي دونك تعدات سي بزوان ايميديا دي بروندر دي كاشي باش نرقد دي بروند دي كاشي شيء باش نضحك دي بروند دي كاشي باش نمشي,13.324999809265137,TunSwitchCS_0000097_0000110_97_110_0,0.8484848484848485
labeled_linagora_cs_arabize,عندك حق كل شي نتاعك منحكم في مالة فما ظلم,عندك حق كل شيء متاعك و من حكم في ماله فمة ظلم,3.1679999828338623,TunSwitchTO_0000025_0000021_0000013_za0000000_25_21_13_za0_0,0.5833333333333334
labeled_linagora_cs_arabize,هوت,تسعة و عشرين اوت,1.1360000371932983,TunSwitchTO_0000024_0000021_0000012_tps_24_21_12_tps_0,1.0
labeled_linagora_cs_arabize,نشفو الا ا,نشوفوا ال كونتيتي متاع ال,2.9140000343322754,TunSwitchCS_0000098_0000152_98_152_0,1.0
labeled_linagora_cs_arabize,جواب,جواب,1.24590003490448,jweb_24637_0,0.0
labeled_linagora_cs_arabize,مسافرين الخطوط الجوية يبيس رحلة م وثلاث اللي ماشي التوكيو بالله يمشيو للباب نمر عشرين لإجراءات الحكومية,مسافرين الخطوط الجوية ايه بي سي رحلة سبعة مية و ثلاثة الي ماشية لطوكيو بالله يمشيو للباب نومرو عشرين للاجراءات الحكومية,10.336000442504883,TunSwitchTO_0000020_0000018_0000053_irw_20_18_53_irw_0,0.5714285714285714
labeled_linagora_cs_arabize,belbe,بابا,1.24590003490448,baba_19129_0,1.0
labeled_linagora_cs_arabize,bled,بليد,1.215999960899353,blid_31587_0,1.0
labeled_linagora_cs_arabize,ي ن ل بي ر ملو ستو خطر,يو قونا لايك بي سوبورتد من اللول سورتو خاطر,4.2829999923706055,TunSwitchCS_0000071_0000023_0000002_71_23_2_0,0.8888888888888888
labeled_linagora_cs_arabize,لازمني نطلب منها باش يكلمنك كيف يجي,لازمني نطلب منه باش يكلمك كيف يجي,2.5360000133514404,TunSwitchTO_0000146_0000019_0000048_0000005g0000001_146_19_48_5g1_0,0.2857142857142857
labeled_linagora_cs_arabize,fleþa,ثلاثة,1.0240000486373901,tletha_31079_0,1.0
labeled_linagora_cs_arabize,لا يا سيد اليوم نص نهار معبل كل أما غضوة به,لا يا سيد اليوم نصف النهار معبي الكل اما غدوة باهي,3.568000078201294,TunSwitchTO_0000071_0000019_0000024_0000004dr_71_19_24_4dr_0,0.6363636363636364
labeled_linagora_cs_arabize,وجينا كل ذونك نحاولو نقضيو حاجات كيف كيف زادا ممن لوكال ماركت غديكا ونطيبو نحنا,كوجينة و كل نحاولوا نقضيوا حاجات كيف كيف زادة مال لوكال ماركت غاديكا و نطيبوا نحنا,6.940000057220459,TunSwitchCS_0000053_0000052_0000001_53_52_1_0,0.625
labeled_linagora_cs_arabize,ترد بالك,ترد بالك,1.4559999704360962,trod_belek_21641_0,0.0
labeled_linagora_cs_arabize,ويرحمني وإياكم في الدنيا والآخرة,ويرحمني و اياكم في الدنيا و الآخرة,2.119999885559082,amenyKH_0000001_chunk_0000288_001_chunk_288_0,0.5714285714285714
labeled_linagora_cs_arabize,ḍerbuni,ضربوني,1.184000015258789,TunSwitchTO_0000180_0000019_0000057_0000008js_180_19_57_8js_0,1.0
labeled_linagora_cs_arabize,مومنت دني راو تالمان يتلمو عليك برشا حاجات تالم تصعب,ا ان مومون دون راهو تلمون يتلموا عليك برشا حاجات تلمون تصعب,3.6480000019073486,TunSwitchCS_0000095_0001329_95_1329_0,0.6666666666666666
labeled_linagora_cs_arabize,برا كان تحب اخرج وحدك أنا مانيش مهبول أنا خرش ينصاف الليالي,بره كان تحب اخرج وحدك انا ما ني ش مهبولة نخرج في نصافات الليالي,3.7839999198913574,TunSwitchTO_0000003_0000021_0000006_zwc_3_21_06_zwc_0,0.6428571428571429
labeled_linagora_cs_arabize,fygra,فكرة,1.0188000202178955,fekkra_13270_0,1.0
labeled_linagora_cs_arabize,ني الضرور يكون عنا مين ممشي للمعون الرسمي للخدمة,من الضروري يكون عنا منين نمشيو للماعون الرسمي للخدمة,4.136000156402588,TunSwitchTO_0000022_0000015_0000029_ndf_22_15_29_ndf_0,0.5555555555555556
labeled_linagora_cs_arabize,كانت للبريود اني تعلمت فيها iلا,كانتلي بيريود اني تعلمت فيها اي دونت,3.0350000858306885,TunSwitchCS_0000073_0000129_0000000_73_129_0_0,0.5714285714285714
labeled_linagora_cs_arabize,انا شزي د برتنار ستراتجي كيفكيف p plyر وbرi ر باش نبنيو عليهم باش نعملو عليهم لباتاتاس,اون ا شوازي دي بارتنير ستراتيجيك كيف كيف بيور بلاير بريك اند مورتار باش نبنيوا عليهم باش نعملوا عليهم لي بيطا تيست,6.047999858856201,TunSwitchCS_0000095_0000973_95_973_0,0.8181818181818182
labeled_linagora_cs_arabize,spagetti,سباغيتي,1.7683000564575195,spaguiti_31751_0,1.0
labeled_linagora_cs_arabize,كان حتى فما كلك كاتر فما لي ميمنش بيهم هاذي المشكله في عقلية التونسي لي قلك هذا تونسي مزال لخ كل برا عندو الوخ كي نجم التونسي هذاكا عندو  وعندو مة خير ملي شريت من عندهم البرا,كان حتى فمة كيلك كرياتور فمة لي ما يمنش بيهم هاذي المشكلة في عقلية التونسي الي يقلك هاذا تونسي مازال الور كي البرا عندو الور كي ينجم التونسي هذاكة عندو اكسبيريونس و عندو كومبيتونس خير ماللي شريت من عندو من البرا,12.880000114440918,TunSwitchCS_0000096_0000533_96_533_0,0.5853658536585366
labeled_linagora_cs_arabize,معناها بالنسبه ليك انلخص كلامك سند انتي بالنسبه ليك اليوم التونسي نفسانيا نتاعب وعدائي,معناها بالنسبة ليك كان نلخص كلامك آه سند انت بالنسبة ليك اليوم التونسي نفسانيا تاعب وعدائي,6.71999979019165,amenyKH_MOSAIQUEFM_FORUM_8102012_partie0000001_0000003_chunk_0000008_MOSAIQUEFM_FORUM_08102012_partie1_3_chunk_8_0,0.4375
labeled_linagora_cs_arabize,sbania,اسبانيا,1.507099986076355,Esbania_31200_0,1.0
labeled_linagora_cs_arabize,ne mela,نمل,1.5151000022888184,nemla_31146_0,2.0
labeled_linagora_cs_arabize,jrḥ,جرح,1.2539000511169434,joreh_3949_0,1.0
labeled_linagora_cs_arabize,في بالكم اللي في تونس تخلنى موصوعة إينيسة الأرقام القياسية في عدد المهرجنات الحنية والثقافية,في بالكم الي في تونس دخلنا موسوعة غينيس للارقام القياسية في عدد المهرجانات الفنية و الثقافية,6.855999946594238,TunSwitchTO_0000034_0000021_0000048_v0000009i_34_21_48_v9i_0,0.5625
labeled_linagora_cs_arabize,من نوع من ال من الوبرسيون راو ساعاد تجي كوبريون مع أقوى هذي هي االفكرة,من نوع من لوبريسيون راهو ساعات تجيب وبريسيون ما اقوى,6.007999897003174,TunSwitchCS_0000050_0000183_0000003_50_183_3_0,1.2
labeled_linagora_cs_arabize,oks على خاطر نحس اللي مخي في الوقت هذيكا وقت أنا م دoin physical activity وأنا م xercising وكلما شايف,فوكوس اون ذيم اون ذي جيم على خاطر نحس الي مخي في الوقت هذاكة وقت انا ايم دوينق ا فيزيكال اكتيفيتي و انا ايم اكسرسايزينق و كلماشي,9.607999801635742,TunSwitchCS_0000074_0000118_0000001_74_118_1_0,0.7407407407407407
labeled_linagora_cs_arabize,النجام شيناخو خمسة بلان يصبحت بعضهم,نجمشي ناخو خمسة بلايص بحذا بعضهم,2.5439999103546143,TunSwitchTO_0000004_0000010_0000034_mqb_4_10_34_mqb_0,0.6666666666666666
labeled_linagora_cs_arabize,شفماش سابون فيبيت,ما فماش صابون في بيتي,1.5759999752044678,TunSwitchTO_0000023_0000021_0000042_0000000i0000004_23_21_42_0i4_0,1.0
labeled_linagora_cs_arabize,اي نقترح عليك بكل ثقة جولة المدينة سان فرانسيسكو هاذي تعطيك نظرة شاملة على سان فرانسسكو,اي نقترح عليك بكل ثقة جولة لمدينة سان فرانسيسكو هاذي تعطيك نضرة شاملة على سان فرانسيسكو,5.4720001220703125,TunSwitchTO_0000032_0000021_0000016_0000008rj_32_21_16_8rj_0,0.1875
labeled_linagora_cs_arabize,كان من الاحرى ان يموت حبا في فلسطين لا في الكور,كان من الاحرى ان يموت حبا في فلسطين لا في كورة,3.559999942779541,TunSwitchTO_0000053_0000019_0000019_x0000009h_53_19_19_x9h_0,0.09090909090909091
labeled_linagora_cs_arabize,راو الدنيا ما توفاش في الباك هو المشكلة اللي يقوللك اللي الدنيا كل معناها يتكمل تعادز الباك وترتاح ماكش باش ترتاح خاطر باش تبدا الورينتايو,راهو الدنيا ما توفاش فال باك هو المشكلة الي يقلك الي الدنيا الكل معناها تكمل تعدي ال باك و ترتاح ماكش باش ترتاح خاطر باش تبدا ال اورينتاسيون,8.696000099182129,TunSwitchCS_0000070_0000029_0000001_70_29_1_0,0.5357142857142857
labeled_linagora_cs_arabize,في أما وقت,في اما وقت لازمني نرجع,0.9264000058174133,TunSwitchTO_0000063_0000001_0000007_b0000002p_63_01_07_b2p_0,0.6
labeled_linagora_cs_arabize,اذك انار ماشين اك ا    ك  ر  اف تولي لين دردي ا وهي بينها وبين بعدها,افيك يون اوتر ماشين افيك ان سيرفور افيك دي ديتيكتور ان في تولي لين دي برودكسيون انتليجنت دابليو ال كومينيك بينها و بين بعضها,9.744000434875488,TunSwitchCS_0000008_0000062_8_62_0,0.8333333333333334
labeled_linagora_cs_arabize,لكن العون كيف يولي عندو وسيلة تردعة وقت هيولي ماعندش عندو مشاكل مع المواط,لكن العون كيف يولي عندو وسيلة ردع وقتها يولي ما عاد ش عندو مشاكل مع المواطن,5.184000015258789,TunSwitchTO_0000002_0000016_0000054_hj0000002_2_16_54_hj2_0,0.4375
labeled_linagora_cs_arabize,لي تتكيفو شوفو الباك شنولي مكتوب عليه,ا يا الي تتكيفوا شوفوا الباكو شنوا الي مكتوب عليه,3.111999988555908,amenyKH_0000006_0000006_0002012_partie0000002_chunk_0000164_06_06_2012_partie2_chunk_164_0,0.8
labeled_linagora_cs_arabize,وهاكا كل مرة نتجيني motivan مك الفيدبaك قبيلا نحكيو على الفيدباك قداش مهمين وقداش يعطيو هاكا دز محلاها معناه باش تقدم,و هكة كل مرة تجيني موتيفاسيون ما كال فيدباك قبيلا نحكيوا على ال فيدباك قداش مهمين و قداش يعطيوا هكة دوز محلاها معناها باش تقدم,10.295999526977539,TunSwitchCS_0000096_0000305_96_305_0,0.64
labeled_linagora_cs_arabize,اي هي الوقت فطور تحب نحكيه واحنا نفطره,اي هايل وقت فطور تحب نحكيو واحنا نفطروا,2.871999979019165,TunSwitchTO_0000065_0000019_0000023_0000005o0000005_65_19_23_5o5_0,0.5
labeled_linagora_cs_arabize,نحب لبوزة صغيرة شربابيث,نحب دبوزة صغيرة شراب ابيض,1.6480000019073486,TunSwitchTO_0000014_0000018_0000055_0000031_14_18_55_031_0,0.6
labeled_linagora_cs_arabize,,اي سا ا اي جاي في يون كاريير,1.7910000085830688,TunSwitchCS_0000097_0000131_97_131_0,1.0
labeled_linagora_cs_arabize,ونظمنا مهرجانات ونظمنا دسكسبوزي متاع فوتوغرافي,و نظمنا مهراجانات و نظمنا دي اكسبوز متاع فوتوغرافي,3.759999990463257,TunSwitchCS_0000027_0000158_0000002_27_158_2_0,0.7777777777777778
labeled_linagora_cs_arabize,على خاطر يو ثنك اللي مفتعم فلوس,على خاطر يو ثينك الي باش تعمل فلوس,3.0460000038146973,TunSwitchCS_0000095_0001261_95_1261_0,0.5
labeled_linagora_cs_arabize,كفارجنيمنفعتداد علاش يخلص جملة طويلة,هل الكوارجي شنيا منفعتو لهل البلاد علاش يخلص جملة توا يلعب,3.5199999809265137,TunSwitchTO_0000032_0000021_0000047_0000000sx_32_21_47_0sx_0,0.7272727272727273
labeled_linagora_cs_arabize,شنقابل مشاكل مع الديوان,باش نقابل مشاكل مع الديوانة,1.4880000352859497,TunSwitchTO_0000002_0000018_0000048_y0000008p_2_18_48_y8p_0,0.6
labeled_linagora_cs_arabize,قريد في خزنة دار واللي أنا بنت بارد وقلت لها كيفاش عرفت هذا الكل,قريت في خزندار والي انا بنت باردو قلتلها كيفاش عرفت هاذا الكل,4.248000144958496,TunSwitchTO_0000008_0000014_0000044_u0000005p_8_14_44_u5p_0,0.75
labeled_linagora_cs_arabize,واحد وعشرين ألف,واحد و عشرين الف,1.7280000448226929,wa7id_w_3echrine_alf_31361_0,0.75
labeled_linagora_cs_arabize,خمسة,خمسة,0.6000000238418579,tn9850_0,0.0
labeled_linagora_cs_arabize,يخدم في بروجي آخر بوتاتر كل واحد شنو يحب يعور في الدنيا هذي,يخدم في بروجي اخر بو اتر كل واحد شنوا يحب يعمل في الدنيا هاذي,4.800000190734863,TunSwitchCS_0000096_0000450_96_450_0,0.42857142857142855
labeled_linagora_cs_arabize,كيف كيف الانرجي درنكس نذكر نهار,كيف كيف ال انرجي درينك نتذكر نهار,3.7780001163482666,TunSwitchCS_0000070_0000123_0000001_70_123_1_0,0.5714285714285714
labeled_linagora_cs_arabize,ليتقدم ببرامجه ويعرف ما عندهم المشاريع السياسية واجتماعية وينتظروا كلمة الشعب,ليتقدم ببرنامجه و يعرف ما عنده من مشاريع سياسية او اجتماعية و ينتظر كلمة الشعب,5.168000221252441,TunSwitchTO_0000081_0000019_0000028_ky0000004_81_19_28_ky4_0,0.7333333333333333
labeled_linagora_cs_arabize,قالو يا محمود,قالوا يا محمود,0.984000027179718,TunSwitchCS_0000019_0000111_19_111_0,0.3333333333333333
labeled_linagora_cs_arabize,اك خدمتها لسكن تاها  العال المجتمع تانا,سي ا كوز دي خدمتها ا كوز دي السكنا متاعها ا كوز دي العايلة الي هيا هذاكة هو المجتمع متاعنا,7.4019999504089355,TunSwitchCS_0000097_0000015_97_15_0,0.9
labeled_linagora_cs_arabize,عبدي نتهامش معاه ولا نتقلق لي ولي سخص دستر حتى ولو هو سوخ د فلوس من لول نقلو باي دان ولا قتلو باي,عبد ما نتفاهمش معاه ولا نتقلق ولا يولي سورس دي ستريس حتى ولا هو سورس دي فلوس من اللول نقلو باي دونك فوالا قتلو باي,10.704000473022461,TunSwitchCS_0000096_0000254_96_254_0,0.56
labeled_linagora_cs_arabize,سمحني نجم نمشي,سامحني نجم نمشي,1.1440000534057617,TunSwitchTO_0000040_0000021_0000019_0000001sy_40_21_19_1sy_0,0.3333333333333333
labeled_linagora_cs_arabize,إي على الأقل فما حاجة تتشرب,ايه على الاقل فمة حاجة تتشرب,3.303999900817871,TunSwitchTO_0000016_0000014_0000050_0000003ri_16_14_50_3ri_0,0.5
labeled_linagora_cs_arabize,مزلت ما قررتش تنجم تعثني أكثر وقت,مازلت ما قررتش تنجم تعطيني اكثر وقت,2.7119998931884766,TunSwitchTO_0000050_0000019_0000018_fc0000004_50_19_18_fc4_0,0.42857142857142855
labeled_linagora_cs_arabize,برا كان تحب خرجحكانا منش محبولة ناخرج كنصفيت اليال,بره كان تحب اخرج وحدك انا ما ني ش مهبولة نخرج في نصافات الليالي,3.0799999237060547,TunSwitchTO_0000025_0000021_0000043_ozn_25_21_43_ozn_0,0.8571428571428571
labeled_linagora_cs_arabize,ولحاجدهولا هذهما الكل هما مكونات الإستراتيجين,اول حاجة تبدا بيها فوالا هذوما الكلهم مكونات ستراتيجي دونك هذوما,3.9040000438690186,TunSwitchCS_0000096_0000174_96_174_0,0.9090909090909091
labeled_linagora_cs_arabize,تصوير المقال هذا حلو يسر و معبرة ياسر ياسر و فيها جز نصارة طرعين التف,التصويرة المقال هاذا حلوة ياسر و معبرة ياسر ياسر نشوفو فيها زوز نصارى طالعين كتف,5.136000156402588,TunSwitchTO_0000017_0000021_0000039_0000004gu_17_21_39_4gu_0,0.6
labeled_linagora_cs_arabize,خمسين,خمسين,1.1519999504089355,tn9869_0,0.0
labeled_linagora_cs_arabize,سمحني أما نحب نسلم بيان السرقة,سامحني اما نحب نسلم بيان السرقة,2.3519999980926514,TunSwitchTO_0000005_0000021_0000032_gu0000006_5_21_32_gu6_0,0.3333333333333333
labeled_linagora_cs_arabize,عنصري,عنصري,1.0,3onsouri_31777_0,0.0
labeled_linagora_cs_arabize,مامانيش بطاله مانيش عزيروفلوس عندي إنكام م عندي مدخول إضافي,مي ما ني ش بطالة ما ني ش ا زيرو فلوس عندي انكوم عندي مدخول اظافي,5.711999893188477,TunSwitchCS_0000096_0000257_96_257_0,0.875
labeled_linagora_cs_arabize,هيك الكلام اللي يقول هولي وهيك التعنيق بالخوي والبوس من ترتوشا,هاك الكلام الي يقولهولي و هاك التعنيق بالقوي و البوس من طرطوشة,3.431999921798706,TunSwitchTO_0000164_0000019_0000053_xy0000009_164_19_53_xy9_0,0.75
labeled_linagora_cs_arabize,هذا عم الشادلي,هاذا عم الشادلي,0.9279999732971191,0M1bQ4ansqQ_0,0.3333333333333333
labeled_linagora_cs_arabize,متقاعد بحبوح ومعروفة بخفة الروح,متقاعد بحبوح و معروف بخفة الروح,2.691999912261963,0M1bQ4ansqQ_1,0.3333333333333333
labeled_linagora_cs_arabize,ديما يعاون بللي نجم على خاطر يحب الناس لكلها تقدم,ديمة يعاون باللي ينجم على خاطر يحب الناس الكلها تقدم,3.559999942779541,0M1bQ4ansqQ_2,0.4
labeled_linagora_cs_arabize,وبفضل إدارتي ما عادش محتاج يعدي نهار كامل من البلاصة البلاصة باش يسجت قضياتو وقضية أحبابو,و بفضل ادارتي معادش محتاج يعدي نهار كامل من بلاصة لبلاصة باش يسقد قضياتو و قضيات احبابو,7.007999897003174,0M1bQ4ansqQ_3,0.5882352941176471
labeled_linagora_cs_arabize,على خاطر الخدمات الإدارية قربتلو و تجمعت في فضاء مشترك واحد,على خاطر الخدمات الادارية قربتلو و تجمعت في فضاء مشترك واحد,4.803999900817871,0M1bQ4ansqQ_4,0.09090909090909091
labeled_linagora_cs_arabize,نلقاو فيه مجموعة من الخدمات الأكثر أولوية عند المواطن حسب احتياجات كل المنطقة كما البوستا البلدية الستاج السوناد,نلقاو فيه مجموعة من الخدمات الاكثر اولوية عند المواطن حسب احتياجات كل منطقة كيما البوسطة البلدية ستاق سونيد,9.899999618530273,0M1bQ4ansqQ_5,0.3888888888888889
labeled_linagora_cs_arabize,القباضة بيرو الشغل صناديق الضمان الاجتماعي ثلاث واتصالات تونس,القباضة بيرو الشغل صناديق الضمان الاجتماعي الثلاثة و اتصالات تونس,4.940000057220459,0M1bQ4ansqQ_6,0.3
labeled_linagora_cs_arabize,في جباك لكنام سلم عام الشادلي بطاقة استرجاع مصاريف دوياتو,في شباك الكنام سلم عم الشادلي بطاقة استرجاع مصاريف دواياتو,4.440000057220459,0M1bQ4ansqQ_7,0.4
labeled_linagora_cs_arabize,مع عاون السنخبs استخرج شهادة التقاعد متاعو,مع عون السينربياس استخرج شهادة التقاعد متاعو,3.6600000858306885,0M1bQ4ansqQ_8,0.2857142857142857
labeled_linagora_cs_arabize,وفي الاخر تعدل شباك البوسطة وصب فلوس في الكارتا اديناغ متاع والجارو,و في اللخر تعدى لشباك البوسطة و صب فلوس في الكارطة ايدينار متاع ولد جارو,4.78000020980835,0M1bQ4ansqQ_9,0.7333333333333333
labeled_linagora_cs_arabize,الحصر اللي كان يعدي فيه نهار كامل عم الشاد ليقضاها الكل في سواعة من زمان بركا وفي دار خدمات وحدة,الحاصل الي كان يعدي فيه نهار كامل عم الشادلي قضاه الكل في سويعة من زمان بركة و في دار خدمات واحدة,7.260000228881836,0M1bQ4ansqQ_10,0.42857142857142855
labeled_linagora_cs_arabize,وعلى خاطر عام الشادلي والتوانس اللي كيفو يحبوا يقدموا في حياتهم إيدارتي قربة لهم,و على خاطر عم الشادلي و التوانسة الي كيفو يحبو يقدمو في حياتهم ادارتي قربتلهم,5.28000020980835,0M1bQ4ansqQ_11,0.7333333333333333
labeled_linagora_cs_arabize,وباش تطلعو على باقي الخدمات اللي يوفروهم لكم لميزون د سرفيس إيدارتي,و باش تطلعوا على باقي الخدمات الي يوفروهملكم لي ميزون دي سيرفيس ادارتي,4.940000057220459,0M1bQ4ansqQ_12,0.7692307692307693
labeled_linagora_cs_arabize,نحب نقدم,نحب نقدم,1.8320000171661377,0M1bQ4ansqQ_13,0.0
labeled_linagora_cs_arabize,عادل مرة أخرى نشكرك يعطيك الصحة,عادل مرة اخرى نشكرك يعطيك الصحة,2.1679999828338623,amenyKH_0000006_0000006_0002012_partie0000003_chunk_0000019_06_06_2012_partie3_chunk_19_0,0.16666666666666666
labeled_linagora_cs_arabize,diwen,ديون,1.7683000564575195,dyoun_6228_0,1.0
labeled_linagora_cs_arabize,ك عم قوني ش المنظوم  ا  في الخار ر   المسلي,كيفاش تعملت قوانينو آش بيها المنظومة هذيكة متاع الكنام ما نجحتش في الخارج وتونس لهنا نتعاركوا احنا وياها يجيبوا مسؤولين بربي يفهمونا,7.840000152587891,amenyKH_0000005_chunk_0000001_005_chunk_1_0,0.9545454545454546
labeled_linagora_cs_arabize,بربي يجمع شني الحل نتاعها الحكاية هذي ويقتاس باش,بربي يا جماعة شني الحل متاعها الحكاية هاذي و يقتاش باش,3.640000104904175,TunSwitchTO_0000095_0000023_0000023_x0000008_95_23_23_x08_0,0.5454545454545454
labeled_linagora_cs_arabize,معناتها عندك البازدوني متاك لشتنفيه ليت,معنتها عندك ال باز دي دوني متاعك تنجم تعمل فيها,2.312000036239624,TunSwitchCS_0000095_0000586_95_586_0,0.9
labeled_linagora_cs_arabize,كان أنتي تتنغاج با معناه نقولو هالك ملو راه ومتلومش من بعد لي أنتي ما وصلتش الرزالة نتاع,كان انت تو تانقاج با معناها نقلوهالك من اللول راهو ما تلومش من بعد لي انت ما وصلتش ريزولت متاعك,6.0,TunSwitchCS_0000096_0000720_96_720_0,0.65
labeled_linagora_cs_arabize,لكن غيلمو الفلسفة متاعنا ملول قا كانت اللي راهو أول حاجة نشوفو نشوفو القانون شنو يسمح ونشوفو زادة اسك فة ماش ينا انتخبريتاتيون للنصر القانوني,لكن ريلمون الفسفة متاعنا من اللول كانت الي راهو اول حاجة نشوفوا نشوفوا القانون شنوا يسمح و نشوفو زادة ايست سي كي فماش يون انتربريتاسيون للنص القانوني,8.97599983215332,TunSwitchCS_0000010_0000035_10_35_0,0.6666666666666666
labeled_linagora_cs_arabize,أبسط oبجeكتيف تحب engagمeنت تحب ليكس تحبمختاج,ابسط اوبجيكتيف تحب انقاجمون تحب لايك تحب بارتاج,4.048999786376953,TunSwitchCS_0000096_0000182_96_182_0,0.75
labeled_linagora_cs_arabize,عندك سيجارو,عندك سيقارو,0.871999979019165,TunSwitchTO_0000090_0000019_0000032_p0000009e_90_19_32_p9e_0,0.5
labeled_linagora_cs_arabize,بالله يصلح لي هيك,بالله صلحلي هاذي,1.2799999713897705,TunSwitchTO_0000005_0000020_0000043_o0000004v_5_20_43_o4v_0,1.0
labeled_linagora_cs_arabize,اللي تعدى وفات ينجم يرجعة إفريقية صفحات من التاريخ طريق المستقبل,الي تعدى و فات ينجم يرجع افريقية صفحات من التاريخ طريق للمستقبل,4.728000164031982,TunSwitchTO_0000108_0000019_0000035_zuo_108_19_35_zuo_0,0.5
labeled_linagora_cs_arabize,هوشيبينا ندلو الواحنة وكلها ما تجيما خمم حاجة كيفشتاخذها اسك هاذيك أنا غالم,هو سي بيان انا ندللوا رواحنا و كل اما ديما خمم حاجة كي باش تاخذها ايس كي هاذيكا انا ريلمون,5.328000068664551,TunSwitchCS_0000053_0000067_0000001_53_67_1_0,0.9
labeled_linagora_cs_arabize,صيرهاالحكاية هذي وهل انه ما زال عندي قابلية باش نعيش مع مجتمع,تصير ها الحكاية هاذي و هل انو مازال عندي قابلية باش نعيش مع مجتمع,4.0879998207092285,TunSwitchTO_0000010_0000021_0000008_ulq_10_21_08_ulq_0,0.5714285714285714
labeled_linagora_cs_arabize,zerzume je,زرزومية,1.7683000564575195,zarzoumiye_16136_0,2.0
labeled_linagora_cs_arabize,papaya,بابايا,1.4880000352859497,papaya_31724_0,1.0
labeled_linagora_cs_arabize,زوز كبار وزوز صغاري يعايش,زوز كبار و زوز صغار يعشك,1.7599999904632568,TunSwitchTO_0000142_0000019_0000047_0000009ma_142_19_47_9ma_0,0.6666666666666666
labeled_linagora_cs_arabize,تفضل يا سي,تفضل يا سيد,1.5679999589920044,TunSwitchTO_0000105_0000019_0000035_fd0000005_105_19_35_fd5_0,0.3333333333333333
labeled_linagora_cs_arabize,felmer,ثلج,1.0188000202178955,thalj_12013_0,1.0
labeled_linagora_cs_arabize,ظهر لي رك عملت غلطة البيت خالصة من الأول خذيته,ضاهرلي راك عملت غلطة البيت خالصة من الاول خذيتهم,2.7920000553131104,TunSwitchTO_0000085_0000019_0000030_igy_85_19_30_igy_0,0.5555555555555556
labeled_linagora_cs_arabize,هزدي لسبيتار,هزني للسبيطار,1.2719999551773071,TunSwitchTO_0000015_0000010_0000057_cg0000009_15_10_57_cg9_0,1.0
labeled_linagora_cs_arabize,اذك عبد عنده الحق يتواجد معاك ولا مايتواجدش,ايس كي عبد عندو الحق يتواجد معاك و الا ما يتواجدش,3.4159998893737793,TunSwitchCS_0000098_0000193_98_193_0,0.6363636363636364
labeled_linagora_cs_arabize,sba sweba,صبع صوابع,2.0136001110076904,sbo3_sweba3_6749_0,1.0
labeled_linagora_cs_arabize,uzir أwel,وزير اول,1.507099986076355,wazir_ewall_31732_0,1.0
labeled_linagora_cs_arabize,يمكن هذا اللي خلاني عمري لانقول الدارنا على مويولاتي ما حبيتش,يمكن هاذا الي خلاني عمري لا نقول لدارنا على ميولاتي ما حبيتش,4.104000091552734,TunSwitchTO_0000007_0000014_0000043_0000631_7_14_43_631_0,0.5
labeled_linagora_cs_arabize,لقهوة هاذي نحس روحي نعيش في كل تركينة من الشارع هذا فما تلقشا من روح,القهوة هاذي نحس روحي نعيش في كل تركينة من الشارع هاذا فمة لقشة من روحي,4.335999965667725,TunSwitchTO_0000012_0000018_0000054_vha_12_18_54_vha_0,0.3333333333333333
labeled_linagora_cs_arabize,belarusia,بلاروسيا,1.7762999534606934,Bellaroussia_31432_0,1.0
labeled_linagora_cs_arabize,والديسف معناها بارت أخرى فيفي روحك ماكنتش تعرفها جملة وأنا صارت معاه يادي جابا,هو ديسكوفور معناها بارت اخرى في روحك ما كنتش تعرفها جملة و انا صارت معايا ديجا بون,6.4720001220703125,TunSwitchCS_0000072_0000115_0000000_72_115_0_0,0.6470588235294118
labeled_linagora_cs_arabize,نحب رخسوتي,نحب ارخص وتيل,1.159999966621399,TunSwitchTO_0000018_0000020_0000050_phf_18_20_50_phf_0,0.6666666666666666
labeled_linagora_cs_arabize,وفما اtيp الاخر الي نحب نخدم عليه نحب نوصلو نحب نفهمو وللعباد اللي هو فما passive income creaion,و فمة تايب لاخر الي نحب نخدم عليه نحب نوصلو و نحب نفهموا للعباد الي هو فمة ال باسيف انكوم كرياسيون,6.5279998779296875,TunSwitchCS_0000096_0000465_96_465_0,0.6190476190476191
labeled_linagora_cs_arabize,cu je ne pense pas que,جي ني بانس با كي,1.2879999876022339,TunSwitchCS_0000095_0001192_95_1192_0,1.2
labeled_linagora_cs_arabize,صنا عنا نفس الحقوق والواجبات وكل راهو موش الفايدة يكون عندك الحقوق والواجبات هاذيك اكهو ف القانون الفايدة زاد تتطبق الفايدة كي تخرج الطفلة توال الشارع في تونس,كلنا عنا نفس الحقوق و الواجبات و كل راهو مش الفايدة يكون عندك الحقوق و الواجبات هاذيكا كهو في القانون الفايدة زادة تتطبق الفايدة كتخرج طفلة توا للشارع فتونس,11.991999626159668,TunSwitchCS_0000052_0000137_0000000_52_137_0_0,0.6551724137931034
labeled_linagora_cs_arabize,فبلاده إن يفرح كيف يراه حاجة كيف هك أما لو كانت صحيح,ببلادو انو يفرح كيف يرا حاجة كيف هكة اما لو كانت صحيحة,3.631999969482422,TunSwitchTO_0000039_0000019_0000005_oqs_39_19_05_oqs_0,0.5
labeled_linagora_cs_arabize,قهوة مكوخر صود أمي دور فيراسي ويعاود وهي طيح عليا,في قهوة مكوخر صوت امي يدور في راسي ويعاود و هي تصيح عليا,4.191999912261963,TunSwitchTO_0000031_0000015_0000001_hi0000007_31_15_01_hi7_0,0.6923076923076923
labeled_linagora_cs_arabize,ن   ما يال  وليت لبسدي  ل   فيسبوك في تون,دان يون اجونس دي ماركيتينق ديجيتال دونك وليت لامباسادريس ولا لا ريبريزونتانت دي فيسبوك في تونس,7.239999771118164,TunSwitchCS_0000095_0000006_95_6_0,0.8125
labeled_linagora_cs_arabize,طر نا وقتها مكن حا  غالط ملم   خدمت على روحيوانا ي م ا عنا,خاطر انا وقتها ما كنتش حاسة روحي غالطة جملة معناها جيتاي كوركت خدمت على روحي درا شنوا و انا في مخي الي اون ا ابيوز دي موا,9.935999870300293,TunSwitchCS_0000097_0000342_97_342_0,0.8518518518518519
labeled_linagora_cs_arabize,هاي البرشا يا سايد شنو تاخد ياسا,هايل برشا يا سيد شنوا تاخذ ديسار,2.247999906539917,TunSwitchTO_0000020_0000020_0000051_gd0000003_20_20_51_gd3_0,0.8571428571428571
labeled_linagora_cs_arabize,wenci,و انت,1.24590003490448,wenti_31064_0,1.0
labeled_linagora_cs_arabize,مي حا ه     ن   تحكم علي ممعر سكولي تاعي ن وق حم علي,ترمي حاجة هكة و كهو بارس كي يون موف كي نيست با سانس تحكم على و هيا ما تعرفش بسيكولوجي متاعي انا وقتها حكمة على,9.267000198364258,TunSwitchCS_0000097_0000432_97_432_0,0.96
labeled_linagora_cs_arabize,نخترحوه ونصحوا به لعب الكل مع العلم اللي راه,نقترحوه وننصحوا بيه العباد الكل مع العلم الي راهو,3.328000068664551,amenyKH_0000006_0000006_0002012_partie0000005_chunk_0000165_06_06_2012_partie5_chunk_165_0,0.6666666666666666
labeled_linagora_cs_arabize,عندك كاتغوري أخرى  للأكبر مثلا من الخمسه وعشرين لخمسه وربعين وعندك حتى  دبدوي دن,عندك كاتيغوري اخرى للاكبر مثلا من الخمسة و عشرين لخمسة و اربعين و عندك حتى دي برودوي ديستيني,7.519999980926514,TunSwitchCS_0000096_0000113_96_113_0,0.7777777777777778
labeled_linagora_cs_arabize,ما فماش عركة ما كنش موجود فيها,ما فماش عركة ما كنتش موجود فيها,2.1760001182556152,TunSwitchCS_0000023_0000033_23_33_0,0.14285714285714285
labeled_linagora_cs_arabize,تخلط ف      يخل  نعملهم  يب  ماق,دونك دخلت في دي بروجي جي سافي بيرتينامون لي هوما باش ما هم ش باش يخلطوا اما نعملهم كان ميم يعبيلي شوي من الوقت,7.4079999923706055,TunSwitchCS_0000097_0000197_97_197_0,0.9583333333333334
labeled_linagora_cs_arabize,نشينا الرستورانت على شارع ربيلا اختصاص طلياني وسبسيaلmnt باstا اسمو لابوما,مشينا لرستورون على شارع الرميلة اختصاص طلياني وسبيسيالمون باستا اسمو لابوما,5.559999942779541,TunSwitchTO_0000019_0000021_0000040_sv0000008_19_21_40_sv8_0,0.45454545454545453
labeled_linagora_cs_arabize,حب نبعث هذا الغزاله وقتش يحضر,نحب نبعث هاذا للغسالة وقتاش يحضر,2.6480000019073486,TunSwitchTO_0000014_0000018_0000051_0000000vp_14_18_51_0vp_0,0.6666666666666666
labeled_linagora_cs_arabize,معناها باش تنجح في الكام نتاعك باش تبيع السرفي نتاعك ماتحكيش على سرفي شنوا فيه أنا نبيع كذا ي ولا فماي فيها وفيها باش تحكي على كذا وكذا وكذا,معناها باش تنجح فال كوم متاعك باش تبيع سيرفيس متاعك ما تحكيش على سيرفيس شنوا فيه انا نبيع كذا سيرفيس ولا فورماسيون فيها و فيها باش تحكي على كذا و كذا و كذا,10.552000045776367,TunSwitchCS_0000096_0000154_96_154_0,0.5151515151515151
labeled_linagora_cs_arabize,محب قهوحليب يعيش,نحب قهوة حليب يعيشك,1.4479999542236328,TunSwitchTO_0000024_0000020_0000052_0000002p0000006_24_20_52_2p6_0,1.0
labeled_linagora_cs_arabize,لين تخرجت وانا لول فيها وللول متاع القسم ذات,لين تخرجت و انا الاول فيها ولاول متاع القسم زادة,3.368000030517578,TunSwitchTO_0000116_0000019_0000038_rn0000002_116_19_38_rn2_0,0.5
labeled_linagora_cs_arabize,zus cisbrgr ais,زوز تشيزبورجرز يعيشك,2.328000068664551,TunSwitchTO_0000055_0000019_0000020_k0000064_55_19_20_k64_0,1.0
labeled_linagora_cs_arabize,سمحني نحب نعادي قضية,سامحني نحب نعدي قضية,1.6080000400543213,TunSwitchTO_0000036_0000015_0000002_s0000006g_36_15_02_s6g_0,0.5
labeled_linagora_cs_arabize,ts아m에,تسعميه,1.1519999504089355,tes3emya_31346_0,1.0
labeled_linagora_cs_arabize,تخلي فما إنغولاشو,تخلي فمة يون ريلاسيون,1.593000054359436,TunSwitchCS_0000095_0001165_95_1165_0,0.75
labeled_linagora_cs_arabize,باهي كيف باش انطلقك بطراضي ماحبيج انطلقك لضرار وخرجك بفتيه,باهي كيف باش نطلقك بالتراضي ما حبيتش نطلقك للضرر ونخرجك بفضيحة,4.464000225067139,TunSwitchTO_0000031_0000021_0000016_g0000004n_31_21_16_g4n_0,0.7272727272727273
labeled_linagora_cs_arabize,mais tu peux ce qu'elle est si tu es capable,مي تو بو سكالر سي تو از كابابل,2.063999891281128,TunSwitchCS_0000095_0000279_95_279_0,1.25
labeled_linagora_cs_arabize,فوك ن لمت نتاعكم ن الفاي للي في مخاكم,فوكست اون ليميت متاعكم اون لي فاي الي في مخاخكم,6.0960001945495605,TunSwitchCS_0000070_0000132_0000001_70_132_1_0,0.9
labeled_linagora_cs_arabize,حط الفلوس في جواب مزين,حط الفلوس في جواب مزين,1.527999997138977,TunSwitchTO_0000006_0000021_0000007_0000037y_6_21_07_37y_0,0.0
labeled_linagora_cs_arabize,موافقك ولا طبيعي,موافقك ولى طبيعي,1.4639999866485596,TunSwitchTO_0000008_0000006_0000058_d0000003m_8_06_58_d3m_0,0.3333333333333333
labeled_linagora_cs_arabize,rjaða,رياضه,1.0188000202178955,riadha_27474_0,1.0
labeled_linagora_cs_arabize,ترين وذا يمشي تول لادي نبراه,الترينو هاذا يمشي طول لادينبرا,1.8079999685287476,TunSwitchTO_0000019_0000018_0000011_yrd_19_18_11_yrd_0,1.0
labeled_linagora_cs_arabize,qavi,قاضي,1.2379000186920166,9athi_15124_0,1.0
labeled_linagora_cs_arabize,ماتقولليش راني معاه أنا مع روحي أنا حر تحيا تونس,ما تقليش راني معاه انا مع روحي انا حر تحيى تونس,3.4079999923706055,TunSwitchTO_0000079_0000019_0000027_pa0000004_79_19_27_pa4_0,0.45454545454545453
labeled_linagora_cs_arabize,otorut,اوتوروت,1.4990999698638916,otorout_31643_0,1.0
labeled_linagora_cs_arabize,عملت حج بسمتارو تاناكة,عملت حجز باسم تارو تاناكا,1.9199999570846558,TunSwitchTO_0000162_0000019_0000053_0000009vk_162_19_53_9vk_0,0.8
labeled_linagora_cs_arabize,والعنصرية والأبوية لسكيم معناها   كلا,و العنصرية و الابوية لي سكسيزم معناها سا سي سي تري كلير,5.328000068664551,TunSwitchCS_0000050_0000151_0000001_50_151_1_0,0.9166666666666666
labeled_linagora_cs_arabize,بالله يزيبلاستفزاز وتفهات الترجي والأهلي عندهم ملايين المحبين,بالله يزيو بلا استفزاز و تفاهات الترجي و الاهلي عندهم ملايين المحبين,3.8480000495910645,TunSwitchTO_0000080_0000019_0000028_pw0000000_80_19_28_pw0_0,0.5833333333333334
labeled_linagora_cs_arabize,bon ere se s'e un debat illi,بون هاذايا سي ان سي ان ديبا الي,2.946000099182129,TunSwitchCS_0000095_0000525_95_525_0,1.0
labeled_linagora_cs_arabize,الكلام هذا باش يعطي حاجة,الكلام هاذا باش يعطي حاجة,1.7999999523162842,TunSwitchTO_0000011_0000020_0000046_l0000004a_11_20_46_l4a_0,0.2
labeled_linagora_cs_arabize,يسيح ويزيد ياقف واسط الكياس ويلاوح هاكا كعبد الوسكي تمشي قتزاز ويرجع لي ليا أن,يصيح وزيد ياقف وسط الكياس و يلوح هاك كعبة الويسكي تمشي قزاز ويرجعلي ليا انا,5.584000110626221,TunSwitchTO_0000065_0000013_0000005_tz0000002_65_13_05_tz2_0,0.8
labeled_linagora_cs_arabize,اللي يوجعك على الاخركن الناس تحسبلك منت م تحسب الحد يوجعك عل الخر نتقعدي بلاص ي مقرون بالفروي ما,الي يوجعك عاللخر كون الناس تحسبلك اما انت ما تحسب لحد يوجعك عالاخر الي انت تقعد في بلاصة جي ديس نامبورت كوا كمنديت مقرونة ال فروت دي مير,9.39799976348877,TunSwitchCS_0000097_0000420_97_420_0,0.8214285714285714
labeled_linagora_cs_arabize,بحاج كان عدي البا وسمعن رعم,استنفعتوا بحاجة كان عديتوا ال باك و سمعتوني رجعتلكم برشا ميموريز اي ريالي,5.373000144958496,TunSwitchCS_0000070_0000172_0000002_70_172_2_0,0.9230769230769231
labeled_linagora_cs_arabize,ظهرلي فيك مكليت كان الكعر,ضاهرلي فيك ما كليت كان الكعك,1.9759999513626099,TunSwitchTO_0000002_0000022_0000051_0000006o0000006_2_22_51_6o6_0,0.6666666666666666
labeled_linagora_cs_arabize,بسلامة,بالسلامة,0.7519999742507935,1048_0,1.0
labeled_linagora_cs_arabize,صندوق ديخار,صندوق ادخار,1.5016000270843506,sondou9_edi5ar_31743_0,0.5
labeled_linagora_cs_arabize,تحب نعخذلك تصويرة,تحب ناخذلك تصويرة,2.5999999046325684,TunSwitchTO_0000021_0000013_0000050_p0000043_21_13_50_p43_0,0.3333333333333333
labeled_linagora_cs_arabize,ورو فما فما دماند فما مغشيب,و راهو فمة فمة دوماند فمة مارش,2.5840001106262207,TunSwitchCS_0000096_0000537_96_537_0,1.0
labeled_linagora_cs_arabize,حاجة متعديش كيفاش معجب معجبتنيش كفاش وكلما شي  ي,سو لايك حاجة ما تتعدا ش ما عجبتي ش كيفاش و كل ماشي,6.984000205993652,TunSwitchCS_0000076_0000174_0000001_76_174_1_0,0.9230769230769231
labeled_linagora_cs_arabize,في هذا الكل الولي زادا يقطل روحو باش صغير ويكون حاضر لعوده يتسلف باش يشري الفغنيت اشكون يدفع الثمن في اللخر اتلامذه بي س في وست العام وآخر العام وهذا نرجعولو مره أخرى في مواضي عخري,في هاذا الكل الولي زادة يقتل روحو باش صغيرو يكون حاضر للعودة يتسلف باش يشري فورنيتر شكون يدفع الثمن في الاخر التلامذة بيان سور في وسط العام و في آخر العام و هاذا نرجعوا لو مرة اخرى في مواضيع اخرين,11.46399974822998,amenyKH_Partie0000009_chunk_0000039_Partie9_chunk_39_0,0.6
labeled_linagora_cs_arabize,هذيك مريقلة معنا تخليني دجاء نصل ليل ولا مصعتين نبدأ بالسيف نرق معناها,هاذيكا مريقلة معناها تخليني ديجا نصف الليل ولا ماضيساعتين نبدا بالصيف نرقد,4.567999839782715,TunSwitchCS_0000027_0000277_0000002_27_277_2_0,0.8333333333333334
labeled_linagora_cs_arabize,nem sa,نمسا,1.2539000511169434,Nemsa_31390_0,2.0
labeled_linagora_cs_arabize,أنك توقعدش بختاج معاهم نبعثوا بعضنا كتبات نبعثو لبعضنا,انك تقعد تو بارتاج معاهم نبعثوا بعضنا كتبات نبعثوا لبعضنا,3.5840001106262207,TunSwitchCS_0000095_0000628_95_628_0,0.5
labeled_linagora_cs_arabize,الماتنجم نطلعو بعد قلت لا نركز مع الفيزيك وحلت مع الفيزيك وبالحق هاذي كانت غلطة عمري معنا مش غلطة عمري ما غلطة البا,ال ماث انجم نطلعوا من بعد قلت لا نركز مع ال فيزيك وحلت مع ال فيزيك و بالحق هاذيا كانت غلطت عمري معناها مش غلطت عمري مي غلطت ال باك,10.168000221252441,TunSwitchCS_Melekher0000010_0000082_0000000_Melekher10_82_0_0,0.6333333333333333
labeled_linagora_cs_arabize,زادا هنا نحبو نفسرو الي لسوشيال ميديا راهي ماهيش دجطل ماركتينg والا نجم نقولو,زادة هنا نحبوا نفسروا الي ال سوشيال ميديا راهي ما ها ش ال ديجيتال ماركيتينق و الا نجموا نقولوا,6.288000106811523,TunSwitchCS_0000096_0000037_96_37_0,0.7894736842105263
labeled_linagora_cs_arabize,المخكاس حين وتفين وفروخ نحبو مشوة الكرة واللهوة والكارتوا,المخ كاسحين و تافهين و فروخ نحبوا ماتشووات الكورة و القهوة و الكارتة و,6.28000020980835,TunSwitchTO_0000002_0000021_0000030_swt_2_21_30_swt_0,1.0
labeled_linagora_cs_arabize,slata,سلاطة,1.4990999698638916,slata_25528_0,1.0
labeled_linagora_cs_arabize,جيت باش ننق لدار كاملة هيا طلعنا الفوتوع يحليت الباب ويا هو المالقيط,جيت باش انقل دار كاملة هيا طلعنا الفوتوي حليت الباب و ياهول ما لقيت,4.28000020980835,TunSwitchTO_0000127_0000019_0000042_gjr_127_19_42_gjr_0,0.5714285714285714
labeled_linagora_cs_arabize,tabla,طبلا,1.507099986076355,tabla_28322_0,1.0
labeled_linagora_cs_arabize,قبل,قبل,1.0188000202178955,qbel_1890_0,0.0
labeled_linagora_cs_arabize,عايش في الخيال,عايش في الخيال,1.5440000295639038,3ayech_fil_5ayel_24914_0,0.0
labeled_linagora_cs_arabize,مش الناز الكل يلا يلا س cونفورت,مش الناس الكل ال ا ال ا سي كونفور,2.8480000495910645,TunSwitchCS_0000095_0000636_95_636_0,0.7777777777777778
labeled_linagora_cs_arabize,وفي وسط البيت ثم كرسي,و في وسط البيت فمة كرسي,1.4240000247955322,TunSwitchCS_0000020_0000160_20_160_0,0.5
labeled_linagora_cs_arabize,حقة,حقة,0.871999979019165,7a99a_31299_0,0.0
labeled_linagora_cs_arabize,يجا نتفاهمو باش نحلو المسألة,ايجا نتفاهموا باش نحلوا المسالة,2.9600000381469727,TunSwitchTO_0000015_0000014_0000049_0000008hw_15_14_49_8hw_0,0.8
labeled_linagora_cs_arabize,بسم الله,بسم لله,1.1759999990463257,TunSwitchTO_0000042_0000019_0000016_hhg_42_19_16_hhg_0,0.5
labeled_linagora_cs_arabize,لازمني ناخذ الطيارة هذي الlوس aنجلs بكري غضوة اصباح,لازمني ناخذ الطيارة هاذي للوس انجلس بكري غدوة الصباح,4.320000171661377,TunSwitchTO_0000003_0000020_0000058_okh_3_20_58_okh_0,0.5555555555555556
labeled_linagora_cs_arabize,قرية المقالة متاعك لصراحة لتامة أنا أشك في بعض المعطيات اللي قل,قريت المقال متاعك و بصراحة تامة انا اشك فى بعض المعطيات اللى قلتها,4.248000144958496,TunSwitchTO_0000029_0000021_0000045_zqj_29_21_45_zqj_0,0.7692307692307693
labeled_linagora_cs_arabize,ناتurال تصير بالالأنفاسمان لي تحطهم الول يرجع,ناتوريل تصير ل انفستيسمون الي تحطو من اللول يرجع,3.5880000591278076,TunSwitchCS_0000095_0001155_95_1155_0,0.7777777777777778
labeled_linagora_cs_arabize,نجم ناخو بيت بزوز فروشة تطلع على البحر,انجم ناخذ بيت بزوز فروشة اتطل على البحر,2.447999954223633,TunSwitchTO_0000024_0000018_0000016_g0000006h_24_18_16_g6h_0,0.375
labeled_linagora_cs_arabize,بلاسة مايت كيفوش فيها يعيش,بلاصة ما يتكيفوش فيها يعيشك,1.9919999837875366,TunSwitchTO_0000019_0000020_0000050_0000677_19_20_50_677_0,0.8
labeled_linagora_cs_arabize,مركز المسيرين الشبان احنا لمو المسيرين الشبان الي عندم اقل من ربن سنان,مركز المسيرين الشبان بيان احنا نلمو المسيرين الشبان لي عندهم اقل من خمسة و اربعين سنة,6.047999858856201,TunSwitchCS_0000006_0000007_6_7_0,0.5
labeled_linagora_cs_arabize,عطاتك مخيبة يا كلمة سترها تحسها متاع عبد عامل جريمة وقت لي هو جاي,عطاتك مخيبها كلمة سترها تحسها متاع عبد عامل جريمة وقتلي هو جايب,4.360000133514404,TunSwitchTO_0000157_0000019_0000052_yg0000000_157_19_52_yg0_0,0.4166666666666667
labeled_linagora_cs_arabize,نردها معناها أدابتا للمينست نتاع التونسي ووننجح فيها نجمز لما ننجحش فيها باش ما كونش كل شي حا تنجح معناها ج متجرب و ممشيتش ومثالش,نردها معناها ادابت لل مايندست متاع التونسي و و ننجح فيها انجم زادة ما نجحش فيها باش ما نكونش كل شيء تنجح معناها تنجم تجرب وما مشاتش و ميسالش,12.406999588012695,TunSwitchCS_0000096_0000877_96_877_0,0.6896551724137931
labeled_linagora_cs_arabize,الشي هذاي يصير ترافر لسناتور الكترونيك دونك حنا فيت وقت لي جينا حبينا نحلو المشكل المشكلة فينانسي هذاي للي هو كفاش نخلي العباد,الشي هذايا يصير ا ترافير لا سيقناتور الكترونيك دونك حنا ان في وقتلي جينا حبينا نحلو المشكلة المشكل فينانسي هذايا لي هو كيفاش نخلي لعباد,8.984000205993652,TunSwitchCS_0000010_0000026_10_26_0,0.56
labeled_linagora_cs_arabize,الأuدience نتيك,ال اوديونس متاعي,1.0,TunSwitchCS_0000096_0000929_96_929_0,1.0
labeled_linagora_cs_arabize,عاليا واحنا قعدين نتناقل ف المضوع معينة كينا تشوف فيهم الاستهزازات والتفاهل,عاليا و احنا قاعدين نتناقشو في موضوع معين ومهم فين تشوف فيهم الاستفزاز و التفاهة,5.423999786376953,TunSwitchTO_0000026_0000021_0000044_0000174_26_21_44_174_0,0.8
labeled_linagora_cs_arabize,تمر,تمر,0.7120000123977661,tmar_31290_0,0.0
labeled_linagora_cs_arabize,نحبو الوناسو ما نحبو الشراب بانواعو جربتو قبل البايليز لباي على خاطر جربتو على,نحب الونس ما نحبوش الشراب بانواعو جربتو قبل البايليز لا باهي على خاطري جربو و على,6.607999801635742,TunSwitchTO_0000021_0000021_0000041_ccu_21_21_41_ccu_0,0.5
labeled_linagora_cs_arabize,دون كيفاش باش يحلو المشكله نتاعو كيف كيف كان ي هو عندو بروبليم إنتي باش تحلو البروبلام نتاعو بالسري نتاعك وباش توصلو  x n x ذو هذيكا تتسمى,دونك كيفاش باش يحلوا المشكلة متاعو كيف كيف كان سيرفيس هو عندو بروبلام انت باش تحلوا ال بروبلام متاعو بال سيرفيس متاعك باش توصلوا ان ريزولتا اكس ان اوبجيكتيف اكس دونك هذاكة تتسمى ترانسفورماسيون كلاينت,12.767999649047852,TunSwitchCS_0000096_0000149_96_149_0,0.7428571428571429
labeled_linagora_cs_arabize,جنو قعد يصير في آخر وقت,شنوا قاعد يصير في آخر وقت,1.6640000343322754,TunSwitchTO_0000008_0000020_0000045_0000053n_8_20_45_53n_0,0.3333333333333333
labeled_linagora_cs_arabize,ل  ممل ملم,كونفاليسونس معناها عملت كونفاليسونس هيلثي لي ما عملتش عملت مش كونفاليسونس ان في,6.6519999504089355,TunSwitchCS_0000097_0000188_97_188_0,1.0
labeled_linagora_cs_arabize,روبة سمحة اللابستها,روبة سمحة الي لابستها,2.072000026702881,TunSwitchTO_0000156_0000019_0000051_hk0000004_156_19_51_hk4_0,0.5
labeled_linagora_cs_arabize,مش نفس الكi معناها الممبرشhiبنتاحا من ل يحذات,مش نفس ال اكسبيرتيز معناها ال ميمبرشيب متاعها مي لي كونسبت في حد ذاتو,4.656000137329102,TunSwitchCS_0000096_0000850_96_850_0,0.7857142857142857
labeled_linagora_cs_arabize,وراو أنا   متاعي هي,وراهو انا ديس ويت ان متاعي هيا كاتر فان ديس نوف,3.009999990463257,TunSwitchCS_0000097_0000099_97_99_0,0.9090909090909091
labeled_linagora_cs_arabize,يحبو يوليو عندهم دفاهم والدياغ اللي هما مش,يحبوا يوليو عندهم دي فورم دايور الي هوما مش,3.5299999713897705,TunSwitchCS_0000050_0000240_0000003_50_240_3_0,0.6666666666666666
labeled_linagora_cs_arabize,matwada,متواضع,1.0880000591278076,metwadha3_17129_0,1.0
labeled_linagora_cs_arabize,فما شكون حلي جوابي,فمة شكون حلي جوابي,1.3200000524520874,TunSwitchTO_0000018_0000021_0000011_emc_18_21_11_emc_0,0.25
labeled_linagora_cs_arabize,لازم أتكلمني عيشك,لازم تكلمني يعيشك,1.7920000553131104,TunSwitchTO_0000037_0000019_0000002_0000002ie_37_19_02_2ie_0,0.6666666666666666
labeled_linagora_cs_arabize,منعر ل كا غالط م ل ري,ما نعرفش علاش جاي بانس ا توا سامحني كان كاني غالطة اما قلت ريم الي برشا,6.354000091552734,TunSwitchCS_0000097_0000029_97_29_0,1.0
labeled_linagora_cs_arabize,وختشيو فالمسلسل المصط توى بعض موفات الكان وتهنين عالوليتات,وقتاش يوفى المسلسل الماسط توا بعد ما وفات الكان و تهنينا على الوليدات,4.567999839782715,TunSwitchTO_0000017_0000021_0000010_o0000005f_17_21_10_o5f_0,0.9230769230769231
labeled_linagora_cs_arabize,من عدمها إذا الطفلة هذيك عطيها تعرص فقط وهذا الما يعجبنيش,من عدمها اذا الطفلة هاديكا عطيها تعرس فقط و هاذا الي ما يعجبنيش,4.02400016784668,TunSwitchTO_0000132_0000019_0000044_a0000003n_132_19_44_a3n_0,0.5384615384615384
labeled_linagora_cs_arabize,,اي بور كومونسير ا سانستالي لا دون دوران نوف موا اي يلز فون اتر اكومباني سور لي فول كيما قلنا لي فول تكنولوجيك لي فولي اونترابرونوريال اي كرياسيون جوريديك اي سيتيرا اي لي فول براتيكمو فينانسي بور كي,15.0,TunSwitchCS_0000012_sub_audio_chunk_0000006_12_sub_audio_chunk_6_0,1.0
labeled_linagora_cs_arabize,بحذا بيت الأمانة,بحذا بيت الامانات,1.159999966621399,TunSwitchTO_0000025_0000014_0000056_scd_25_14_56_scd_0,0.3333333333333333
labeled_linagora_cs_arabize,وفي تونس هما برشا د وبستاكل لكن نجمو حنا نتعداوهم بين سور ما ناقفوش غادي,في تونس فمة برشا دي اوبستاكل لكن نجمو احنا نتعداوهم بيان سور ما ناقفوش غادي,5.208000183105469,TunSwitchCS_0000096_0000083_96_83_0,0.4
labeled_linagora_cs_arabize,بالعكس ما فما دي شالnج برشا وكل لكن أنتي تتحكم في الصورة وإنتي,بالعكس معناها فمة دي شالنج برشا و كل لكن انت تتحكم في الصورة و انت,4.607999801635742,TunSwitchCS_0000096_0000331_96_331_0,0.5333333333333333
labeled_linagora_cs_arabize,ردك هذا أكد كلامي كقلت بعض الكرة من متدار عام لأنه,ردك هاذا ياكد كلامي كي قلت بعدو الكرة من المنتدى العام لانو,5.1519999504089355,TunSwitchTO_0000027_0000009_0000004_0000004tu_27_09_04_4tu_0,0.6666666666666666
labeled_linagora_cs_arabize,ر ملتزم بشهرية ولا بincام حتى كان إنتي إndبndاn م عرفش كوaشh ولا business أoوneر,ملتزم شهرية ولا انكوم حتى كان انت انديبندنت ما نعرفش كوتش ولا بيزنيس اونر,7.056000232696533,TunSwitchCS_0000096_0000759_96_759_0,0.7142857142857143
labeled_linagora_cs_arabize,فهمنا بالوقت المحلي,تفاهمنا الثمنية و نصف بالوقت المحلي,1.6799999475479126,TunSwitchTO_0000023_0000018_0000015_ugi_23_18_15_ugi_0,0.6666666666666666
labeled_linagora_cs_arabize,حر,حر,0.8479999899864197,horr_3125_0,0.0
labeled_linagora_cs_arabize,مش جس تعمل بوست ولا sتاترو ولا تصويرة وإلا فيديو,جوست تعمل بوست و الا ستاتيو و لا تصويرة و الا فيديو,3.25600004196167,TunSwitchCS_0000096_0000057_96_57_0,0.75
labeled_linagora_cs_arabize,انتي البارح قتلي ركاي بالعزوزة البارح مشاف البارح اليوم طاجين مشرك,انت البارح قلتلي ركايب العزوزة البارح مشى في البارح اليوم طاجين مشرق,4.288000106811523,TunSwitchTO_0000074_0000019_0000025_mwj_74_19_25_mwj_0,0.5833333333333334
labeled_linagora_cs_arabize,عى الasset والله abilities o active income passive income,عال اسيتس و ليابيليتيز و اكتيف انكوم و باسيف انكوم,4.263999938964844,TunSwitchCS_0000034_0000044_0000001_34_44_1_0,1.0
labeled_linagora_cs_arabize,كلاصة في العجلة شو خديت الدسن أني نخرج ونعطي دام تاعي والحقيقة,تحط العصا في العجلة سو خذيت ال ديسيجون اني نخرج و نعطي ال ديميسيون متاعي الحقيقة,6.74399995803833,TunSwitchCS_Melekher0000012_0000042_0000000_Melekher12_42_0_0,0.8125
labeled_linagora_cs_arabize,ل غير حميد حكيت تصغير بود كبير قراصن مال,اخلاق غير حميدة حكايات للصغير و الكبير قراصنة ملا,3.191999912261963,TunSwitchTO_0000020_0000021_0000041_0000004s0000005_20_21_41_4s5_0,0.8888888888888888
labeled_linagora_cs_arabize,كيما قطلك عالم آخر معناها ندي غايم جوز عباد د برسون,كيما قلتلك عالم آخر معناها اون ديراي زوز عباد دو بيرسون,3.9539999961853027,TunSwitchCS_0000096_0000350_96_350_0,0.5454545454545454
labeled_linagora_cs_arabize,أنتو cniran عرفتم كلي كن عبد,انتو كونسيديراسيون عرفت اكاللي كان عبد,3.4089999198913574,TunSwitchCS_Melekher0000009_0000050_0000001_Melekher9_50_1_0,0.8333333333333334
labeled_linagora_cs_arabize,إسمي مهتي,اسمي مهدي,0.628000020980835,TunSwitchCS_0000023_0000014_23_14_0,1.0
labeled_linagora_cs_arabize,jfamajedid,شفما جديد,1.5151000022888184,chafamma_jdid_31710_0,1.0
labeled_linagora_cs_arabize,شن هو الزيادة على البغاج ازاي,شنوا الزيادة على الباقاج الزايد,1.5759999752044678,TunSwitchTO_0000019_0000021_0000011_0000002b0000009_19_21_11_2b9_0,0.8
labeled_linagora_cs_arabize,وه يشبه لي برشة,اوه يشبهلي برشا,1.6399999856948853,TunSwitchTO_0000027_0000021_0000044_g0000002r_27_21_44_g2r_0,1.3333333333333333
labeled_linagora_cs_arabize,فيه واح يتعد كل مر ا حا  ي  في ا ر   كث كتاب لي,فيها واحد يتعدى كل مرة تاخذ حاجة منو ويعاود يل سي ريسورس فيه حاجة هاو هاو نوارة هاو دايور لي بتي برانس اكثر كتاب يخليك,11.210000038146973,TunSwitchCS_0000097_0000375_97_375_0,0.92
labeled_linagora_cs_arabize,أكثر شوية منلعام مش برشا بون بساديبو ملعبد على الاخر معناه ساديبو على الخر ع الخر بمعباد ما مهمش,اكثر شوية من العام مش برشا بون سا ديباند من العبد عالاخر معناها سا ديباند عالاخر عالاخر فمة عباد ما يهمهم ش,5.73799991607666,TunSwitchCS_0000028_0000198_0000001_28_198_1_0,0.7727272727272727
labeled_linagora_cs_arabize,ile eie sicai  a برشا i  نجم مثلا تالترني زوز مثلا,زوز الترن تنجم مثلا سكين كير برشا سامبل بات افكتيف سكين كير روتين دونت شانج,9.39799976348877,TunSwitchCS_0000075_0000060_0000001_75_60_1_0,0.9333333333333333
labeled_linagora_cs_arabize,قلبي باش ياقفو على هبلتها وصهرياتها وتصبيحنا وسفرنا والسربريزات اللي كانت تعملهم لي,قلبي باش ياقف و على هبلاتنا و سهرياتنا و تصبيحنا وسفرنا و السوربريزات الي كانت تعملهملي,5.455999851226807,TunSwitchTO_0000030_0000018_0000021_0000009b0000002_30_18_21_9b2_0,0.75
labeled_linagora_cs_arabize,اليوم فترت شتي لراس علوش مصلي يعملي الكيف وهو ماجعلي نتذكر موضوع هجرة,اليوم فطرت شطير راس علوش مصلي يعمل كيف وهو ما جعلني نتذكر موضوع هجرة,4.840000152587891,TunSwitchTO_0000174_0000019_0000057_0000623_174_19_57_623_0,0.5
labeled_linagora_cs_arabize,إصلاح منظومة الحماية الاجتماعية من اولويات البلاد لتكريس العدالة بين جميع فئات المجتمع برامج الدولة اليوم ماشيا وتزيد ويلزمنا نحسنو فيها ومن أهمها إحداث برنامج الآمان الاجتماعي للفقراء وضعاف الحال,اصلاح منظومة الحماية الاجتماعية من اولويات البلاد لتكريس العدالة بين جميع فئات المجتمع برامج الدولة اليوم ماشية و تزيد و يلزمنا نحسنو فيها و من اهمها احداث برنامج الامان الاجتماعي للفقراء و ضعاف الحال,13.875,x_s3VeyGJlU_vocals_0,0.38235294117647056
labeled_linagora_cs_arabize,المنتفعين بالمنحة الشهرية وصلوا الوشهريتهم تنجم توصل دينار حسب عدد أطفالهم وحالتهم,المنتفعين بالمنحة الشهرية وصلو لي ميتين خمسة و ثمانين الف و شهريتهم تنجم توصل لميتين و اربعين دينار حسب عدد اطفالهم و حالتهم,7.938000202178955,x_s3VeyGJlU_vocals_1,0.6521739130434783
labeled_linagora_cs_arabize,التخطية الصحية توسعت اكثر باش تزيد تشمل العاطلين عن العمل و تضمنلهم حقهم في العلاج الأجر الأدنى تزاد ثلاث مرات في ثاث سنين الخرانين وهك المتقاعدين في القطاع الخاص زادت جراياتهم,التغطية الصحية توسعت اكثر باش تزيد تشمل العاطلين عن العمل و تضمنلهم حقهم في العلاج الاجر الادنى تزاد ثلاثة مرات في الثلاثة سنين لخرانين الفين و سبعتاش الفين و ثمنطاش و الفين و تسعطاش و هكة المتقاعدين في القطاع الخاص تزادت جراياتهم,14.553000450134277,x_s3VeyGJlU_vocals_2,0.4523809523809524
labeled_linagora_cs_arabize,وتمتع بها أكثر من ألفمنتفع,و تمتع بها اكثر من ستمياء و خمسين الف منتفع,2.8399999141693115,x_s3VeyGJlU_vocals_3,0.8
labeled_linagora_cs_arabize,ناحية أخرى من نساوش منظومة أحماني,من ناحية اخرى ما ننساوش منظومة احميني,2.4400999546051025,x_s3VeyGJlU_vocals_4,0.7142857142857143
labeled_linagora_cs_arabize,اللي تبعثت توى توى للعاملات الريفيات في القطاع الفلاحي,الي تبعثت توا توا للعاملات الريفيات في القطاع الفلاحي,4.007999897003174,x_s3VeyGJlU_vocals_5,0.3333333333333333
labeled_linagora_cs_arabize,اللي باش تسهللهم التمتع بالتخطية الاجتماعية والتأمين عن حوادث الشغل,الي باش تسهلهم التمتع بالتغطية الاجتماعية و التامين عن حوادث الشغل,4.23199987411499,x_s3VeyGJlU_vocals_6,0.45454545454545453
labeled_linagora_cs_arabize,من خلال انخراط عن بعد بالتليفون,من خلال الانخراط عن بعد بالتليفون,2.4079999923706055,x_s3VeyGJlU_vocals_7,0.16666666666666666
labeled_linagora_cs_arabize,مع إحداث القانون الجديد اللي ينظم النقل متاعهم,مع احداث القانون الجديد الي ينظم النقل متاعهم,3.0959999561309814,x_s3VeyGJlU_vocals_8,0.25
labeled_linagora_cs_arabize,وعلى خاطر اليوم قعدي نسرعو في رقمنة الخدمات الاجتماعية وتحديثها,و على خاطر اليوم قاعدين نسرعو في رقمنة الخدمات الاجتماعية و تحديثها,3.927999973297119,x_s3VeyGJlU_vocals_9,0.4166666666666667
labeled_linagora_cs_arabize,دين العمل بالمعرف الاجتماعي الوحيد مع توزيع البطاقة الذكية لاباس,بدينا العمل بالمعرف الاجتماعي الوحيد مع توزيع البطاقة الذكية لباس,4.593999862670898,x_s3VeyGJlU_vocals_10,0.2
labeled_linagora_cs_arabize,اللي باش يتمتع بها أكثر من ملاين تونسي تابعين للضمان الاجتماعي,الي باش يتمتع بها اكثر من سبعة ملاين تونسي تابعين للضمان الاجتماعي,4.374100208282471,x_s3VeyGJlU_vocals_11,0.25
labeled_linagora_cs_arabize,ونزيدوهم بطاقات العلاج آمال اللي قاعدة توزع على عائلة محدودة الدخل,و نزيدوهم بطاقات العلاج امان الي قاعدة تتوزع على تسعمياء الف عائلة محدودة الدخل,5.656000137329102,x_s3VeyGJlU_vocals_12,0.5
labeled_linagora_cs_arabize,وهك نكونو قدمنا خطوة كبيرة,و هكة نكونو قدمنا خطوة كبيرة,1.9589999914169312,x_s3VeyGJlU_vocals_13,0.3333333333333333
labeled_linagora_cs_arabize,باش منظومة الحماية الاجتماعية تولي شاملة للتوانسة الكل,باش منظومة الحماية الاجتماعية تولي شاملة للتوانسة الكل,3.5920000076293945,x_s3VeyGJlU_vocals_14,0.0
labeled_linagora_cs_arabize,نحب نقدم,نحب نقدم,0.8799999952316284,x_s3VeyGJlU_vocals_15,0.0
labeled_linagora_cs_arabize,eso mal,الصومال,1.2539000511169434,Essoumal_31536_0,2.0
labeled_linagora_cs_arabize,هذيك الكل وساهلكي انتي تقرو خاطر ديما تقعد في الد ديما انتي تقعد صاحب القرار,هذاكة لكلو ساهل كي انت تقررو خاطر ديما تقعد فال ديسيجون ديما انت تقعد صاحب القرار,5.199999809265137,TunSwitchCS_0000097_0000173_97_173_0,0.5625
labeled_linagora_cs_arabize,snaš,ثناش,1.0959999561309814,4nech_31319_0,1.0
labeled_linagora_cs_arabize,þamma þamma,فمة فمة,2.2827999591827393,fama_4ema_13291_0,1.0
labeled_linagora_cs_arabize,سكرو البلاد على بقية العالم,سكروا البلاد على بقية العالم,1.9040000438690186,TunSwitchTO_0000028_0000020_0000054_lku_28_20_54_lku_0,0.2
labeled_linagora_cs_arabize,تعمل الد ا,تعاود تعمل ال ديبريسيون بار سي كي او فينال,2.5399999618530273,TunSwitchCS_0000097_0000037_97_37_0,0.8888888888888888
labeled_linagora_cs_arabize,бaнaф saji,بنفسجي,1.4880000352859497,banafsaji_30456_0,2.0
labeled_linagora_cs_arabize,maqful quest-ce qu'esse,مقفول و كسكاس,2.029599905014038,makfoul_et_keskes_31602_0,1.0
labeled_linagora_cs_arabize,قديش كريزا حلاقة لشتار نهار,بقداش كراء الزحلاقة لشطر نهار,1.4639999866485596,TunSwitchTO_0000034_0000018_0000023_0000003oy_34_18_23_3oy_0,0.8
labeled_linagora_cs_arabize,هذيك تقدم جسt annoوncemeنت متاع معلومة لي ذي,هاذيكا قدمت جوست انونسمون متاع معلومة لي هاذيكا,2.9119999408721924,TunSwitchCS_0000096_0000207_96_207_0,0.625
labeled_linagora_cs_arabize,ياهمزز دولار حط الباقي عندك,اهم زوز دولار حط الباقي عندك,2.303999900817871,TunSwitchTO_0000012_0000021_0000037_u0000003n_12_21_37_u3n_0,0.3333333333333333
labeled_linagora_cs_arabize,مخار ل فر مشاكل ت ال  و,ديما خاطر مثلا فال راب فمة ديما مشاكل متاع لي جينيراسيون شكون ال اولد سكول و نيو سكول,6.446000099182129,TunSwitchCS_0000098_0000101_98_101_0,0.8333333333333334
labeled_linagora_cs_arabize,العرس وتكملوا في عقلك مش كل شي لازم قبل العرس,العرس و تكملو في عقلك مش كل شيء لازم قبل العرس,3.0959999561309814,TunSwitchTO_0000006_0000014_0000043_qpy_6_14_43_qpy_0,0.2727272727272727
labeled_linagora_cs_arabize,نحب بيت الزوز بقديتاسوا الليلة,نحب بيت لزوز بقداش تسوى لليلة,2.111999988555908,TunSwitchTO_0000037_0000015_0000003_fyr_37_15_03_fyr_0,0.6666666666666666
labeled_linagora_cs_arabize,weld,ولد,1.24590003490448,weld_10737_0,1.0
labeled_linagora_cs_arabize,هكا حاجات دديمونستراي تتورiال,هكة حاجات دي ديمونستراسيون توتوريال,2.4639999866485596,TunSwitchCS_0000096_0000300_96_300_0,0.8
labeled_linagora_cs_arabize,فماشي بلا ستقبل لغسيل نهار لاحك,فماشي بلاصة تقبل الغسيل نهار الاحد,2.4079999923706055,TunSwitchTO_0000017_0000020_0000049_go0000004_17_20_49_go4_0,0.6666666666666666
labeled_linagora_cs_arabize,سغير,صغير,1.1200000047683716,sguir_7607_0,1.0
labeled_linagora_cs_arabize,هل يكشي اليوم أن نقولو الي لغاشت ون كنستر سويال ونعملو قانوني جرمة العنصرية وإلا لازمنا نكونو واعي,هل يكفي اليوم انا نقولوا الي لا راس ايست يون كونستركسيون سوسيال و نعملوا قانون يجرم العنصرية و الا لازمنا نكونوا واعين,7.001999855041504,TunSwitchCS_0000050_0000008_0000001_50_8_1_0,0.7727272727272727
labeled_linagora_cs_arabize,خرж tو,خرج توا,1.2719999551773071,TunSwitchTO_0000076_0000019_0000026_hqq_76_19_26_hqq_0,1.0
labeled_linagora_cs_arabize,وهذك عليش اليوم جبتلكم هالمشرب,وذاك علاش اليوم جبت لكم هالمشرب,2.552000045776367,amenyKH_0000011_chunk_0000067_011_chunk_67_0,0.6666666666666666
labeled_linagora_cs_arabize,يعملوا في الحس ويقلدوا في أصوات ويضحكوا ويفدلكوا,يعملو فالحس و يقلدو في اصوات و يضحكو و يفدلكو,3.368000030517578,TunSwitchCS_0000023_0000126_23_126_0,0.9
labeled_linagora_cs_arabize,كيفاش نعملوا باش نمشي والديزنيلان,كيفاش نعملوا باش نمشيو لديزني لاند,2.2720000743865967,TunSwitchTO_0000103_0000019_0000034_0000038o_103_19_34_38o_0,0.5
labeled_linagora_cs_arabize,دولار التسكرامشيان بالصرف لا بالكارت,تسعين دولار لتسكرة مشيان بالصرف ولا بالكارطة,2.9519999027252197,TunSwitchTO_0000027_0000021_0000014_gel_27_21_14_gel_0,0.7142857142857143
labeled_linagora_cs_arabize,عن سختمماشوريخة ممتعم الفورماتيون,ا ان سيرتان مومون باش يولي يخمم تعمل فورماسيون,2.384000062942505,TunSwitchCS_0000096_0000419_96_419_0,1.0
labeled_linagora_cs_arabize,ثم بونو تقريبا ما حتة الطرينو,فمة بنوك قريبة من محطة الترينو,2.815999984741211,TunSwitchTO_0000030_0000019_0000000_0000788_30_19_00_788_0,1.0
labeled_linagora_cs_arabize,ما تمشيش تنجم تشوف مصورتي,ما تمشيش تنجم تشوف مصورتي,1.8240000009536743,TunSwitchTO_0000037_0000021_0000018_v0000021_37_21_18_v21_0,0.0
labeled_linagora_cs_arabize,قعدنا صحاب لرواحنا بفمالعلاقة هذك قررناها,قعدنا صحاب لرواحنا بور يون فوا معنتها العلاقة هاذيكا قررناها,5.4710001945495605,TunSwitchCS_0000097_0000071_97_71_0,0.6
labeled_linagora_cs_arabize,qariet,قريات,1.2379000186920166,9aryet_31899_0,1.0
labeled_linagora_cs_arabize,انلوج على كارتا وريد,نلوج على كارطة اوريدو,1.3040000200271606,TunSwitchTO_0000021_0000021_0000012_vet_21_21_12_vet_0,0.75
labeled_linagora_cs_arabize,قيد نمرو بيتك فيالظهر,قيد نومرو بيتك في الضهر,1.6239999532699585,TunSwitchTO_0000030_0000020_0000059_oiq_30_20_59_oiq_0,0.6
labeled_linagora_cs_arabize,معناها انتي أنا الحقيقة حتى أنا برسونلما ستفدت منو المسكلاسع الخر خاطر أنا في حياتي الحقيقه النظام بالنسبه لي أنا حاجة صعيبه معناها,معناها انت انا لحقيقة حتى انا بيرسونالمون استفدت منو ال ماستركلاس عاللخر خاطر انا في حياتي لحقيقة النظام بالنسبة ليا انا حاجة صعيبة معناها,10.02400016784668,TunSwitchCS_0000096_0000612_96_612_0,0.625
labeled_linagora_cs_arabize,لأنه المسافة بعيدة والشركة التونسية لتوزع المياة كل كان,الا انو المسافة بعيدة و الشركة التونسية لتوزيع المياه تقول لك انا,4.576000213623047,amenyKH_partie0000004_chunk_0000116_partie4_chunk_116_0,0.75
labeled_linagora_cs_arabize,ا,دونك ا بارتير اون كومونس توجور افيك لي وديت,2.6559998989105225,TunSwitchCS_0000095_0000042_95_42_0,0.8888888888888888
labeled_linagora_cs_arabize,أربع ليلات,اربعة ليلات,0.7919999957084656,TunSwitchTO_0000021_0000018_0000012_dq0000009_21_18_12_dq9_0,0.5
labeled_linagora_cs_arabize,علاق ف مشكل يملك يقاف تحفظي ا و,علاقة في مشكلة يعمل يعملك ايقاف تحفظي الي هو فان كاتر اور رينوفلاب دونك كارونت اور,6.75600004196167,TunSwitchCS_0000097_0000146_97_146_0,0.9375
labeled_linagora_cs_arabize,مي    شا  نحس المش للي قعدر نحس بيهم قعدين نخرجو في سوتي,ماي فويس ايز سو شايكينق اند نحس ال ايموشيون اي قاعدا نحس بيهم قاعدين يخرجوا في صوتي,6.0960001945495605,TunSwitchCS_0000074_0000046_0000001_74_46_1_0,0.7647058823529411
labeled_linagora_cs_arabize,zouzmenez,زوز من الناس,2.128000020980835,TunSwitchTO_0000074_0000000_0000007_cc0000002_74_00_07_cc2_0,1.0
labeled_linagora_cs_arabize,لكن نعطيو الأهمية المركز التكوين يلزمو يولي فيه,لكن نعطيوا الاهمية لمركز التكوين يلزمو يولي في,3.128000020980835,TunSwitchTO_0000057_0000019_0000020_pus_57_19_20_pus_0,0.5
labeled_linagora_cs_arabize,ماتفهمش حتى جملة من الإنجليزية,ما تفهمش حتى جملة من الانقليزية,1.8639999628067017,TunSwitchTO_0000003_0000006_0000055_hi0000008_3_06_55_hi8_0,0.5
labeled_linagora_cs_arabize,نحب استوش ماكياش,نحب سطوش ماكياج,1.7120000123977661,TunSwitchTO_0000134_0000019_0000045_0000002is_134_19_45_2is_0,0.6666666666666666
labeled_linagora_cs_arabize,كانانا خلي بنتي نهار كامل وهي شادة في الانفلون هذي هايشريت الآيفون كاتا,كان انا نخلي بنتي نهار كامل و هيا شادة فال انفلوونسوز هاذيا هاي شرات ال ايفون كاتورز,4.736000061035156,TunSwitchCS_0000041_0000011_0000000_41_11_0_0,0.7647058823529411
labeled_linagora_cs_arabize,هو شديت تروحي باش ما نكلموش ومبعد رخيت نلقى تليفون وبسر,هو شديت روحي باش ما نكلموش و بعد رخيت نلق تاليفونو مسكر,4.216000080108643,TunSwitchTO_0000026_0000018_0000059_duy_26_18_59_duy_0,0.5
labeled_linagora_cs_arabize,rouge,روج,1.6239999532699585,rouj_24203_0,1.0
labeled_linagora_cs_arabize,ي من نهار ولا ساعة ولا وقت ول نح,سامتايمز لايك يجيك معناها نهار ولا ساعة ولا وقت تقول نحب,5.974999904632568,TunSwitchCS_0000060_0000026_0000002_60_26_2_0,0.5454545454545454
labeled_linagora_cs_arabize,دونك تيماجينت تكون كمباني متاعك تصرف في نمل دولار بر جور,دونك تو ايماجين تكون كومباني متاعك تصرف في سانك ميل دولار بار جور,3.48799991607666,TunSwitchCS_0000095_0000565_95_565_0,0.46153846153846156
labeled_linagora_cs_arabize,واحد وثلاثين ألف,واحد و ثلاثين الف,1.8320000171661377,wa7id_w_4la4ine_alf_31362_0,0.75
labeled_linagora_cs_arabize,ممشش معاي,ما مشاش معايا,1.968000054359436,TunSwitchTO_0000097_0000019_0000034_flw_97_19_34_flw_0,1.0
labeled_linagora_cs_arabize,يصير متأكد ريم لداخل تعرف اي نت م  تمشي فيه,بيان سور انا متاكدة ريم الداخل تعرف الي انت مش باش تمشي فيه,3.4800000190734863,TunSwitchCS_0000097_0000263_97_263_0,0.6923076923076923
labeled_linagora_cs_arabize,منت لي نوليت كون ابل ل بيتر دي روي,معنتها لين وليت سي كون ابيل لي بيتر دو روا,3.635999917984009,TunSwitchCS_0000097_0000025_97_25_0,0.8
labeled_linagora_cs_arabize,تن بعث هالك كانت حب استنع هوني,توا نبعثهالك كان تحب استنى هوني,2.25600004196167,TunSwitchTO_0000016_0000021_0000039_0000032x_16_21_39_32x_0,1.0
labeled_linagora_cs_arabize,ك   حا,في في روحك الي هوما اكثر حاجتين ظاهرلي يخليوا العبد اتاشي للحياة و يخليها تكون جويز الحياة هاذيكا خاطر هو موجود باش يكون سعيد الانسان هذاكة و باش يخرج روحو مال,11.430000305175781,TunSwitchCS_0000097_0000229_97_229_0,1.0
labeled_linagora_cs_arabize,ولايقولك السنا مافماش ميزانية متاع خلاع بلس دس بلاد أمورها الأمنية ما تعجبش,ولا يقول لك السنة ما ثماش آه ميزانية متاع خلاعة في بلس ده سا البلاد امورها الامنية ما تعجبش,5.111999988555908,amenyKH_0000007_chunk_0000001_007_chunk_1_0,0.7368421052631579
labeled_linagora_cs_arabize,الحقيقة ماتفاهمناش أنا عندي برنسيب في حياتي في حياتي الشخصية ولا  العملية أنو,لحقيقة ما تفاهمناش انا عندي برينسيب في حياتي في حياتي الشخصية ولا العملية انو,7.3520002365112305,TunSwitchCS_0000096_0000253_96_253_0,0.42857142857142855
labeled_linagora_cs_arabize,وكيما كان يتعامل مع المنجي والصفر,و كيما كان يتعامل مع المنجي و السفر,1.9279999732971191,TunSwitchCS_0000019_0000059_19_59_0,0.5
labeled_linagora_cs_arabize,قلبي يوجاني,قلبي يوجعني,0.7039999961853027,TunSwitchTO_0000027_0000018_0000018_0000008up_27_18_18_8up_0,0.5
labeled_linagora_cs_arabize,easy on stage mata alaky mata esry tsoe tsoe aleizy trovoi,ايزي اون ستاج معنتها لايك معنتها ياسر تو از تو ا لايز تو فوا,4.535999774932861,TunSwitchCS_0000095_0000470_95_470_0,1.0
labeled_linagora_cs_arabize,عندي يصغر منها فالموديل هو بيدا,عندي اصغر منها في المودال هو بيده,2.5439999103546143,TunSwitchTO_0000010_0000020_0000045_i0000009_10_20_45_i09_0,0.5714285714285714
labeled_linagora_cs_arabize,و يا ربي ماكنتش نتصور باللي مازال عندي ها,اوه يا ربي ما كنتش نتصور باللي مازال عندي هاذا,2.5840001106262207,TunSwitchTO_0000172_0000019_0000055_quz_172_19_55_quz_0,0.4
labeled_linagora_cs_arabize,فالصاك هذا مهما كان الطقس,في الصاك هاذا مهما كان الطقس,2.328000068664551,TunSwitchTO_0000063_0000019_0000023_0000001ok_63_19_23_1ok_0,0.5
labeled_linagora_cs_arabize,معناها فما واقع مرير لحقيقه للي يعيشو فيه هما نا,معناها فمة واقع مرير الحقيقة لي يعيشوا فيه هوما الناس,4.348999977111816,TunSwitchCS_0000051_0000107_0000002_51_107_2_0,0.6
labeled_linagora_cs_arabize,راو eنتربرنر مش معناها,راهو اونترابرونور مش معناها,3.247999906539917,TunSwitchCS_0000096_0000325_96_325_0,0.5
labeled_linagora_cs_arabize,الصحفين التونيسيين تما يتعرضولو في تقاريرهم سنوية يعني ما تقولوا ليش اللي معحوا بالكر,الصحفيين التونسيين ديما يتعرضولو في تقاريرهم السنوية يعني ما تقولوليش الي ما في بالكمش,5.751999855041504,TunSwitchTO_0000011_0000021_0000036_0000008ww_11_21_36_8ww_0,0.6428571428571429
labeled_linagora_cs_arabize,فما وي نحط الشهابا قريبا هني,فمة وين نحطوا الجوابات قرييب من هوني,2.496000051498413,TunSwitchTO_0000149_0000019_0000049_0000001n0000005_149_19_49_1n5_0,1.0
labeled_linagora_cs_arabize,فيه سبع أنواع من الفيتامينات والمعاد,فيه سبعة انواع من الفتامينات و المعادن,3.9200000762939453,TunSwitchTO_0000048_0000019_0000017_dnp_48_19_17_dnp_0,0.7142857142857143
labeled_linagora_cs_arabize,da buza,دبوزة,1.24590003490448,dabouza_10815_0,2.0
labeled_linagora_cs_arabize,عجبتني الخرجة يعيش,عجبتني الخرجة يعيشك,1.4559999704360962,TunSwitchTO_0000009_0000014_0000044_mnr_9_14_44_mnr_0,0.3333333333333333
labeled_linagora_cs_arabize,vusa,بوسا,1.1200000047683716,boussa_31023_0,1.0
labeled_linagora_cs_arabize,ذونك إحنا هنا التريك لي قيناها لا فmول باش نرع ديما الadi نتاعنا منوعة معناه,دونك احنا هنا الطريق لي لقيناها لا فورمول باش نرجعوا ديما ال اوديونس متاعنا منوعة معناها,6.0320000648498535,TunSwitchCS_0000096_0000648_96_648_0,0.625
labeled_linagora_cs_arabize,نشوف هديما الصباح في الترينو,نشوفها ديما الصباح في الترينو,2.4800000190734863,TunSwitchTO_0000046_0000019_0000017_0000007dj_46_19_17_7dj_0,0.4
labeled_linagora_cs_arabize,عنب,عنب,1.2379000186920166,3neb_31126_0,0.0
labeled_linagora_cs_arabize,ناكل نشرب نترانة نهزدي المكتب ر م ر,ان دو تروا ناكل نشرب نترانا نهز ولادي للمكتب نروح مخي سكرتوا سكرت,5.729000091552734,TunSwitchCS_0000097_0000191_97_191_0,0.8461538461538461
labeled_linagora_cs_arabize,تونس بي نايت أعرف ن تحد سقيق تونس بي نيت دس دورة,تونس باي نايت اعرف وين تحط ساقيك تونس باي نايتدز دورى,4.868000030517578,TunSwitchTO_0000043_0000015_0000028_ah0000007_43_15_28_ah7_0,0.8181818181818182
labeled_linagora_cs_arabize,النجم منهز الصحونة,انجم نهز الصحونة,1.7519999742507935,TunSwitchTO_0000069_0000019_0000024_gep_69_19_24_gep_0,0.6666666666666666
labeled_linagora_cs_arabize,البيت هذي اسر صغيرة,البيت هاذي ياسر صغيرة,2.1040000915527344,TunSwitchTO_0000002_0000021_0000005_krq_2_21_05_krq_0,0.5
labeled_linagora_cs_arabize,دونك سفا سلكناها شويا ي عندنا كم عندنا دي انجنيور و عندنا رايمن د,دونك سا فا سلكناها شوية اي عنا كوم عنا دي انجينير و عنا فريمون دي,5.97599983215332,TunSwitchCS_0000095_0000589_95_589_0,0.7333333333333333
labeled_linagora_cs_arabize,في القهوة هذي نحس روحي نعيش في كل تركينة من الشارع هذا ثما لقشة من روح,في القهوة هاذي نحس روحي نعيش في كل تركينة من الشارع هاذا فمة لقشة من روحي,4.671999931335449,TunSwitchTO_0000089_0000019_0000031_d0000006i_89_19_31_d6i_0,0.25
labeled_linagora_cs_arabize,الواقع متاع لزوزين لمعا,المعامل لي وزين الواقع متاع ال,3.6760001182556152,TunSwitchCS_0000076_0000075_0000004_76_75_4_0,0.8333333333333334
labeled_linagora_cs_arabize,كان إبراهيم رجل صالح ويعرف ربي وكان زادة رجل غناي برشا نهار من نهارات شاف إبراهيم منامة ظهرلو فيها ربي باش يقلو ما تخافش يا إبراهيم أنا باش نحميك,كان ابراهيم راجل صالح و يعرف ربي و كان زادة راجل غني برشا نهار من نهارات شاف ابراهيم منامة ظهرلو فيها ربي باش يقلو ما تخافش يا ابراهيم انا باش نحميك,13.880000114440918,05_Abraham2_Hajer_Ishmael_OneStory_AEB_0,0.3548387096774194
labeled_linagora_cs_arabize,وأجرك كبير عندي وقتها جاوب إبراهيم ربي وقالو يا ربي كيفاش باش تجازيني وأنا ماشي منها الدنيا هاذي حتى ولايد ما عنديش باش يورثني من بعد ما نموت خدامي هو اللي باش يورثني,وآجرك كبير عندي وقتها جاوب ابراهيم ربي و قالوا يا ربي كيفاش باش تجازيني و انا ماشي من ها الدنية هاذي حتى وليد ما عنديش باش يورثني من بعد ما نموت خديمي هو الي باش يورثني,13.567999839782715,05_Abraham2_Hajer_Ishmael_OneStory_AEB_1,0.3333333333333333
labeled_linagora_cs_arabize,ياخي جاو بوربي وقالو موش خديمك اللي باش يورثك أما ولدك اللي باش يجي منك هو اللي باش يورثك وصدق براهيم كلام ربي وآمن بيه,يخي جاوبو ربي و قالوا مش خديمك الي باش يورثك اما ولدك الي باش يجي منك هو الي باش يورثك و صدق ابراهيم كلام ربي و آمن بيه,11.399999618530273,05_Abraham2_Hajer_Ishmael_OneStory_AEB_2,0.5357142857142857
labeled_linagora_cs_arabize,نهار من نهارات خزرة صارة مرة براهيم لرجلها وقتلو أنا توى ما نظناش علاش ما تاخذش خديمتي هاجر فماش ما ربي يرزقنا بليد منها,نهار من نهارات خزرت سارة مرة ابراهيم لراجلها و قتلو انا توا ما نظناش علاش ما تخذشي خديمتي هاجر فماش ما ربي يرزقنا بوليد منها,12.071999549865723,05_Abraham2_Hajer_Ishmael_OneStory_AEB_3,0.4
labeled_linagora_cs_arabize,وعمل الإبراهيم كيف ما قتلو مرتو صرة واخذا هاجر,و عمل ابراهيم كيف ما قالتلو مرتو سارة و خذا هاجر,3.808000087738037,05_Abraham2_Hajer_Ishmael_OneStory_AEB_4,0.6363636363636364
labeled_linagora_cs_arabize,وحبلت هاجر أما من بعد ما حبلت ولاتما متكبرة على للاتها سارة الشي اللي خلى سارة تغزر لإبراهيم راجلها وتقلو,و حبلت هاجر اما من بعد ما حبلت ولات متكبرة على للاتها سارة الشي الي خلى سارة تخزر لابراهيم راجلها و تقلو,9.727999687194824,05_Abraham2_Hajer_Ishmael_OneStory_AEB_5,0.4090909090909091
labeled_linagora_cs_arabize,إبراهيم هاذا كفويا معاك من بعد ما خذيتلك خدينتي وكيف ما حبلت أن لليتها صغرت في عينيها ووليت غزرلي بمحقرانية,ابراهيم هاذا كفويا معاك من بعد ما خذيتلك خديمتي و كيف ما حبلت انا للاتها صغرت في عينيها ولات تخزرلي بمحقرانية,8.984000205993652,05_Abraham2_Hajer_Ishmael_OneStory_AEB_6,0.38095238095238093
labeled_linagora_cs_arabize,ربي هو اللي يفصلها ما بيناتنا يا براهيم ياخي جاوابها إبراهيم وقتها وقلها هاني خدمتك قدامك أعمل فيها اللي تحب عليه,ربي هو الي يفصلها ما بيناتنا يا ابراهيم ياخي جاوبها ابراهيم وقتها و قلها هاني خديمتك قدامك اعمل فيها الي تحب عليه,9.423999786376953,05_Abraham2_Hajer_Ishmael_OneStory_AEB_7,0.4090909090909091
labeled_linagora_cs_arabize,وقتها بذات صارة ضل ف هاجر لين خرجت هاجر وهربت منها وقعدت ماشية فالثنية لين ظهرت تلها ملايكة من عند ربي وأمرتها باش ترجع للاتها صارة وتسمع كلامها,وقتها بدات سارة تذل في هاجر لين خرجت هاجر و هربت منها و قعدت ماشية في الثنية لين ظهرتلها ملايكة من عند ربي آمرتها باش ترجع للاتها سارة و تسمع كلامها,13.960000038146973,05_Abraham2_Hajer_Ishmael_OneStory_AEB_8,0.5161290322580645
labeled_linagora_cs_arabize,وزادا وعد ربي هاجر باش يكفر أولادها لين ما عادش يتعدو وقلها ربي اللي باش تولدو ليد وتسميه إسماعيل ومعناها ربي يسمع,و زادة وعد هاجر ربي باش يكثر اولادها لين ما عادش يتعده و قلها ربي الي باش تولد وليد و تسميه اسماعيل و معناها ربي يسمع,12.472000122070312,05_Abraham2_Hajer_Ishmael_OneStory_AEB_9,0.6538461538461539
labeled_linagora_cs_arabize,على خاطر ربي سمع صوتها وقت اللي تانت وتذلت وعملت هاجر كيف ما قالها ربي وقت اللي ولدت ولدها سماته اسماعيل,على خاطر ربي سمع صوتها وقت الي تهانت وتذلت و عملت هاجر كيف ما قلها ربي وقت الي ولدت ولدها سماتو اسماعيل,10.279999732971191,05_Abraham2_Hajer_Ishmael_OneStory_AEB_10,0.3181818181818182
labeled_linagora_cs_arabize,ووقت اللي ولدته كان عمر إبراهيم ستة وثمانين سنة,و كان وقتها وقت الي ولدت كان عمر ابراهيم ستا و ثمانين سنة,4.1519999504089355,05_Abraham2_Hajer_Ishmael_OneStory_AEB_11,0.7692307692307693
labeled_linagora_cs_arabize,بشا خايب يعيف,بشع خايب يعيف,3.4240000247955322,becha3_5ayeb_y3ayef_12900_0,0.3333333333333333
labeled_linagora_cs_arabize,فما ريحت زهر تغربك ع الدخله وهك الديكور التونسي الحر وسط دار كبيره في,فمة ريحة زهر تضربك عالدخلة وهاك الديكور التونسي الحر وسط دار كبير في,5.751999855041504,TunSwitchTO_0000030_0000015_0000000_p0000009o_30_15_00_p9o_0,0.5384615384615384
labeled_linagora_cs_arabize,باهي ما فما حتى مشكل نجم نشوف باسبورك,باهي ما فمة حتى مشكل انجم نشوف باسبورك,2.063999891281128,TunSwitchTO_0000154_0000019_0000051_a0000033_154_19_51_a33_0,0.25
labeled_linagora_cs_arabize,طلوبيي  بشينا التونس نحوسو بشينا المرسا درنا,قتلو باهي نمشيوا اكاهو مشينا لتونس نحوسوا مشينا للمرسى درنا,4.400000095367432,TunSwitchCS_0000027_0000175_0000001_27_175_1_0,0.9
labeled_linagora_cs_arabize,نحب تريكو سوفيديت,نحب تريكو صوف يديه طوال,1.74399995803833,TunSwitchTO_0000021_0000020_0000051_0000006rp_21_20_51_6rp_0,0.6
labeled_linagora_cs_arabize,فمشي بلاي سماح في الحي,فماشي بلايص سماح في الحي,1.9040000438690186,TunSwitchTO_0000039_0000018_0000057_0000007p0000008_39_18_57_7p8_0,0.4
labeled_linagora_cs_arabize,ويرزبك تستنى الإكسبرس وعة أخرى فيصل الصمعي للتعليق علىهذا الموضوع,ويلزمك تستنى لكسبريس سويعة اخرى فيصل الصمعي للتعليق على هاذا الموضوع,5.684000015258789,TunSwitchTO_0000044_0000019_0000016_0000003df_44_19_16_3df_0,0.5454545454545454
labeled_linagora_cs_arabize,þvör,صفر,0.9760000109672546,sfer_6232_0,1.0
labeled_linagora_cs_arabize,وثبو تونس وقالو من لبلاد ولات هيستيريا جماعية وبعد نفس هيك الناس هذوكم عرضوه,وسبو تونس وقالوا ملا بلاد وولات هيستيريا جماعية و بعد نفس هاك الناس هذوكم عرضوهم,5.984000205993652,TunSwitchTO_0000168_0000019_0000055_sm0000000_168_19_55_sm0_0,0.6
labeled_linagora_cs_arabize,أنو يقعد يستنى لاخر شهر باش يعرف روح ربح ولا على خاطر تو سpلم الinvestment يصير,انو يقعد يستنى لاخر الشهر باش يعرف روحو ربح ولا لا على خاطر تو سامبلمون ال انفستمنت يصير,5.831999778747559,TunSwitchCS_0000095_0000909_95_909_0,0.3888888888888889
labeled_linagora_cs_arabize,دونك أول حاجة سيكر,دونك اول حاجة سي كي,2.1040000915527344,TunSwitchCS_0000095_0000941_95_941_0,0.6
labeled_linagora_cs_arabize,حتى كيف نمشي نقدي بر كمل مليجراند سوخفاش,حتى كيف نمشي نقضي بار اكزامبل من لي قراند سورفاس,3.5840001106262207,TunSwitchCS_0000053_0000150_0000003_53_150_3_0,0.7
labeled_linagora_cs_arabize,فكر س مخرجت جملة مدار جملة ربع شهور,نتفكر سيشن ما خرجتش جملة من الدار جملة اربعة شهور,4.02400016784668,TunSwitchCS_0000027_0000359_0000000_27_359_0_0,0.7
labeled_linagora_cs_arabize,nömr,نمر,1.507099986076355,nmer_28718_0,1.0
labeled_linagora_cs_arabize,الله كما يصرش تتقال كلمة جام ولا جامبا,الور كي ما يلزمش تتقال كلمة جايم ولا جايم با,2.359999895095825,TunSwitchCS_0000096_0000188_96_188_0,0.7
labeled_linagora_cs_arabize,ها كيفاش صنعناها البرنامج وكعبرناها النقمة تيفي برنامج يمين يصارة متاعها,هاو كيفاش صنعناه البرنامج و كعبرناها لنقمة تي في برنامج يمين يسار متاع,4.631999969482422,TunSwitchTO_0000004_0000021_0000006_0000032e_4_21_06_32e_0,0.6923076923076923
labeled_linagora_cs_arabize,ce pا un trيك aلa cart معنتها باش تخدم الناس كل معنته لaمarkجينا,سي با ان تروك ا لا كارت معنتها باش تخدم الناس الكل معنتها لا مارك تجينا,4.9120001792907715,TunSwitchCS_0000095_0001178_95_1178_0,0.75
labeled_linagora_cs_arabize,دور على اللي صار مع الزنقة الثالثة,دور على الليسار مع الزنقة الثالثة,1.7280000448226929,TunSwitchTO_0000128_0000019_0000042_id0000008_128_19_42_id8_0,0.3333333333333333
labeled_linagora_cs_arabize,بالنسبة للناس اللي عندهم أفكار بر اكمبل اليوم,بالنسبة للناس لي عندهم افكار بار اكزامبل اليوم,3.0480000972747803,TunSwitchCS_0000005_0000021_5_21_0,0.5
labeled_linagora_cs_arabize,كيفاش نو حددلي ممثل ولا كوتش يقول لي لا كوتش قولو تحب الشي هذا ونشوف فيه اللي هو انتي تحب شفت روحك أوك فازي هو كيفاش تع,كيف شنوا حددلي ممثل و لا كوتش يقلي لا كوتش نقلو تحب الش هاذا و نشوف فيه الي هو انت تحب شفت روحك اوكي فازي هاو كيفاش تعمل,11.008000373840332,TunSwitchCS_0000043_0000079_0000000_43_79_0_0,0.5714285714285714
labeled_linagora_cs_arabize,إنتي كتخلت معانا ممبر عندك أبجكتيف تv لانسي,انت كان دخلت معانا ميمبر عندك اوبجيكتيف تو فو لانسي,3.184000015258789,TunSwitchCS_0000096_0000721_96_721_0,0.7
labeled_linagora_cs_arabize,لا تحب بيت بزوز فروشات لاستخدام شخص برك عندنا واحدة حاضر,لا تحب بيت بزوز فروشات لاستخدام شخص بركا عندنا واحدة حاضرة,5.751999855041504,TunSwitchTO_0000002_0000006_0000055_zzx_2_06_55_zzx_0,0.18181818181818182
labeled_linagora_cs_arabize,حلوف خبيف,حلوف خبيث,1.9759999513626099,7alouf_5bith_16343_0,0.5
labeled_linagora_cs_arabize,نحب فريقة يا عيشك,نحب فياقة يعيشك,2.312000036239624,TunSwitchTO_0000068_0000000_0000003_b0000072_68_00_03_b72_0,1.0
labeled_linagora_cs_arabize,كتوب يتربي سبحان وسألتهم اللع فسألوه البخت وعنا مثل شعب,المكتوب بيد ربي سبحانو وان سالتم الله فاسئلوه البخت وعنا مثل شعبي,4.808000087738037,TunSwitchTO_0000018_0000021_0000039_0000039h_18_21_39_39h_0,0.75
labeled_linagora_cs_arabize,كاس يمشي وكاس يجي لينو خيت بليلحمرة كيف موجود,كاس يمشي و كاس يجي لين وفات بليلة حمراء في لون الروبة,3.624000072479248,TunSwitchTO_0000036_0000009_0000007_ksp_36_09_07_ksp_0,0.75
labeled_linagora_cs_arabize,مع النظام السابق حاجة أخرى نلقوها في هاذومة هي بالتصور متاع في النظام,مع النظام السابق حاجة اخرى نلقاوها في هذوما هيا بتصاور متاع فيلم ظافر,4.895999908447266,TunSwitchTO_0000113_0000019_0000037_a0000007s_113_19_37_a7s_0,0.5384615384615384
labeled_linagora_cs_arabize,جنات تكمندي في زي تنكري باش تعمل فيديو على التيكتوك هاذا,جنات تكمندي في زي تنكري باش تعمل فيديو عالتيك توك هاذي,3.440000057220459,TunSwitchTO_0000059_0000019_0000022_dix_59_19_22_dix_0,0.2727272727272727
labeled_linagora_cs_arabize,شنو قريت نعرفش إكونومي جستيو كومتابليتي,شنوا قريت ما نعرف ش ايكونومي جيستيون كونتابيليتي,3.640000104904175,TunSwitchCS_0000096_0000472_96_472_0,0.875
labeled_linagora_cs_arabize,قسر عليا اثنيا في كوتي ويبسيت باش تعمل بي كذاي ستا و لا لاند بيج حتى دجا خدمتها مجربتها وتخدم فيها للكلي نتاع,تقصر عليا الثنية في كوت ويبسايت باش تعمل بيه كذا اي سيتيرا ولا لاندينق باج حتى ديجا خادمتهم و مجربتها و تخدم فيها لي كلاينت متاعها,7.751999855041504,TunSwitchCS_0000096_0000678_96_678_0,0.7307692307692307
labeled_linagora_cs_arabize,ومن بعد وكردو لاناك تقد تحكي معاهم هذيك هو غير المال,و من بعد او كور دي لاني كي تقعد تحكي معاهم هذاكة هو ريلمون,3.9089999198913574,TunSwitchCS_0000095_0000626_95_626_0,0.7857142857142857
labeled_linagora_cs_arabize,بن لما توغيتي بعيدة على بعضها برشا,بون لا ماتوريتي بعيد على بعضها برشا,2.864000082015991,TunSwitchCS_0000095_0000260_95_260_0,0.5714285714285714
labeled_linagora_cs_arabize,سو سيمبل معناها تاكل بالمنظم تمشي تترينة بالقداية,سو سامبل معناها تاكل بالمنظم تمشي تترانا بالقدا,4.9629998207092285,TunSwitchCS_Melekher0000011_0000089_0000000_Melekher11_89_0_0,0.375
labeled_linagora_cs_arabize,سبات جي في محكر نتي باش تحل بزنس ولازمك كليونات لازمك تدور ع العباض وتعمل برو وتبعث مساجات ودي يمايل وتدق حتى عالبيبان باش تقلهم راهو أنا عندي كذا ونرجم نخدملك,سوبوز تجي في مخك الي انت باش تحل بيزنيس و لازم كليونات لازمك تدور عالعباد و تعمل بروسبيكسيون و تبعث ميساجات و دي ايميل و تدق حتى عالبيبان باش تقولهم راهو انا عندي كذا و تنجم نخدملك,12.064000129699707,TunSwitchCS_0000096_0000364_96_364_0,0.6486486486486487
labeled_linagora_cs_arabize,تجم طيحسوم ال دولاري عيشك,تنجم تطيح السوم لعشرين دولار يعيشك,2.640000104904175,TunSwitchTO_0000049_0000011_0000011_gbv_49_11_11_gbv_0,1.0
labeled_linagora_cs_arabize,جلسة,جلسة,1.0108000040054321,jalsa_31734_0,0.0
labeled_linagora_cs_arabize,tenil,تنين,1.2299000024795532,tennin_6897_0,1.0
labeled_linagora_cs_arabize,ي          ل,راسك باش يتكسر دونك اكلي تبدل شوية مع صديق سي بيان كهو مشيت بحذا صاحبتي حكاية جمعا يضهرلي مال بيريود دي,10.161999702453613,TunSwitchCS_0000027_0000273_0000001_27_273_1_0,1.0
labeled_linagora_cs_arabize,sayib,صعيب,1.2719999551773071,s3ib_6305_0,1.0
labeled_linagora_cs_arabize,لازم ندور على اللساء,لازمني ندور على ليسار,2.7360000610351562,TunSwitchTO_0000029_0000014_0000059_wok_29_14_59_wok_0,0.5
labeled_linagora_cs_arabize,اللي تنجم تنجح بهم ولا اترفر استراتيجيات هذوكم تنجح بيهم على السوشيال ميديا,الي تنجم تنجح بيهم ولا ا ترافير الستراتيجيات هاذوكم تنجح بيهم على ال سوشيال ميديا,5.432000160217285,TunSwitchCS_0000096_0000052_96_52_0,0.5333333333333333
labeled_linagora_cs_arabize,بارغم ما يعرفونيش معنا   ور هلن مي,بالرغم ما يعرفونيش معناها ذاي وير ذاي وير هلبينق مي اوت,3.2960000038146973,TunSwitchCS_0000071_0000026_0000001_71_26_1_0,0.7272727272727273
labeled_linagora_cs_arabize,دكتور هيشمعمي عوينا هو ضيفنا اليوم في الستوديو,آه دكتور هشام عم عوينة هو ضيفنا اليوم في الستوديو,3.4159998893737793,amenyKH_0000006_0000006_0002012_partie0000006_chunk_0000007_06_06_2012_partie6_chunk_7_0,0.4
labeled_linagora_cs_arabize,تsخرج,وقتاش خرجت,0.5680000185966492,TunSwitchCS_0000022_0000178_22_178_0,1.0
labeled_linagora_cs_arabize,خاتر  ك تو اباتي دe باز مك ترج لو ت كمنس ار,خاطر سي كي تو از باتي دي با لازمك ترجعلو تو كومونس بار,4.159999847412109,TunSwitchCS_0000095_0000138_95_138_0,0.9230769230769231
labeled_linagora_cs_arabize,إي باش نبل البنية هاذي,ايه بجنب البنية هاذي,2.5239999294281006,TunSwitchTO_0000031_0000021_0000046_rjc_31_21_46_rjc_0,0.75
labeled_linagora_cs_arabize,انتي ياسر سبحة,انت ياسر سمحة,1.6160000562667847,TunSwitchTO_0000026_0000020_0000053_nwy_26_20_53_nwy_0,0.6666666666666666
labeled_linagora_cs_arabize,دايحب روحك حتكان محبوك,دايور حب روحك حتى كان ما حبوكش,3.069999933242798,TunSwitchCS_0000097_0000469_97_469_0,0.8571428571428571
labeled_linagora_cs_arabize,معناه قطوسه ونفتيت واحد وت ميد مي داي  هذيكا هيئا يو جاي هذيكا هيئا الدنيا هذيكا هيا العيشه,معناها قطوسة و نبتات و واحد و يت مايد ماي داي سو هاذايكا هيا يو قايز هاذيكا هيا الدنيا هاديكا هيا العيشة,12.0,TunSwitchCS_Melekher0000008_0000146_0000000_Melekher8_146_0_0,0.7727272727272727
labeled_linagora_cs_arabize,مشكل كل حويجات مش غادية,مش هكة الكل حويجات مش غاليين,1.815999984741211,TunSwitchTO_0000038_0000021_0000019_gpr_38_21_19_gpr_0,0.6666666666666666
labeled_linagora_cs_arabize,ومن لا عنده فضة فعنه الناس مفضل,و من لا عنده فضة فعنه الناس منفضة,3.1070001125335693,TunSwitchCS_0000020_0000143_20_143_0,0.375
labeled_linagora_cs_arabize,مش متعركة معاها أمك نكذب على خطر عيب وزيد منا البارح كيتعديتلي,مش متعاركة معاها امك نكذب على خاطر عيب وزيد مانا البارح كي تعديتلي,4.895999908447266,TunSwitchTO_0000026_0000021_0000014_qob_26_21_14_qob_0,0.46153846153846156
labeled_linagora_cs_arabize,لا تفضل تنجم تخلي أسئلتك للآخر كيف ينكمل نصداك,لا تفضل تنجم تخلي اسئلتك للخر كيف نكمل نستدعيكم,3.8399999141693115,TunSwitchTO_0000015_0000021_0000010_u0000004_15_21_10_u04_0,0.4444444444444444
labeled_linagora_cs_arabize,الضرصة القدامية عاملة فيه,الضرسة القدامية عاملة فية,1.5839999914169312,TunSwitchTO_0000032_0000019_0000001_0000008g0000003_32_19_01_8g3_0,0.5
labeled_linagora_cs_arabize,حكيتهك مع الروفي مت,ما حكيت هكة مع البروفات متفاهميش مش,3.4240000247955322,TunSwitchCS_0000028_0000111_0000003_28_111_3_0,0.8571428571428571
labeled_linagora_cs_arabize,معانا محرز بالتليفون مرحباه,معانا محرز بالتليفون مرحبا,1.527999997138977,amenyKH_0000006_0000006_0002012_partie0000001_0000003_chunk_0000108_06_06_2012_partie1_3_chunk_108_0,0.25
labeled_linagora_cs_arabize,من ش  حني يماني قوية ل خ,تري تري سبيسيال معنتها من شيرة ساعات تحسني ايماني قوي عاللخر خاطر من,6.199999809265137,TunSwitchCS_0000097_0000385_97_385_0,0.9230769230769231
labeled_linagora_cs_arabize,انا ريمعي ا يح اخر يدللني ن كن بب امي خي صديقي,انا ريم عطشوشي بو اتر جي ميريط كي حد اخر يدللني حتى انا شكون بابا امي اختي صديقي,7.563000202178955,TunSwitchCS_0000097_0000284_97_284_0,0.7222222222222222
labeled_linagora_cs_arabize,ختار الشرب اللي ساعد,اختار الشراب الي يساعدك,1.3519999980926514,TunSwitchTO_0000022_0000020_0000051_cx0000004_22_20_51_cx4_0,1.0
labeled_linagora_cs_arabize,لشيفخ يوريوكوين وين يزمك تمشي وكيفاش ل بusinesس موديل يزمو يتبدل,لي شيفر يوريوك وين وين يلزمك تمشي و كيفاش لي بيزنيس موديل يلزم يتبدل,4.171000003814697,TunSwitchCS_0000095_0000090_95_90_0,0.7142857142857143
labeled_linagora_cs_arabize,العك  عبا  و,سينون لا لا لي رياكسيون معنتها بالعكس فمة عباد يجيوا و يرجعوا فمة,4.744999885559082,TunSwitchCS_0000098_0000230_98_230_0,0.9230769230769231
labeled_linagora_cs_arabize,قلت  بالحق ي   ساد وحسيت روحي هك م  وانا عم دم,قلت الي بالحق اي واز سو ساد و حسيت روحي هكة ايم ستوبيد و انا ايم دامب اند,6.431000232696533,TunSwitchCS_0000070_0000125_0000002_70_125_2_0,0.7777777777777778
labeled_linagora_cs_arabize,smed,سميد,1.2379000186920166,smid_31782_0,1.0
labeled_linagora_cs_arabize,واسم السائر الكبير وقد اخترته لأنه شخصية مثيرة ينظر لفوده,هو اسم الثائر الكبير و قد اخترته لانه شخصية مثيرة و يندر و جودها,4.400000095367432,TunSwitchTO_0000010_0000021_0000035_0000004f0000007_10_21_35_4f7_0,0.7142857142857143
labeled_linagora_cs_arabize,dictionnaire,ديكسيونار,1.503999948501587,dictionnaire_6295_0,1.0
labeled_linagora_cs_arabize,يمكن أما لازمنا أحطوهم بعد على بعضهم,يمكن اما لازمنا نحطوهم بعاد على بعضهم,2.063999891281128,TunSwitchTO_0000167_0000019_0000054_bb0000004_167_19_54_bb4_0,0.42857142857142855
labeled_linagora_cs_arabize,دو لاي منترا سا لاي منتر زادا نتر سفير وقتا معنديش,دونك جي فولاي مونتر سا اي جي فولاي مونتر زادة نوتر سافوار وقتها ما عنديش,4.98199987411499,TunSwitchCS_0000095_0000232_95_232_0,0.9333333333333333
labeled_linagora_cs_arabize,الباك ويبدا يعطي فيك هكا ينظر عليك بالحق كل عبض,ال باك و يبدا يعطي فيك هكة ينظر عليك بالحق كل عبد,3.25600004196167,TunSwitchCS_0000070_0000055_0000002_70_55_2_0,0.5
labeled_linagora_cs_arabize,إذا نحن بحاجة إلى مجلس تأسيسي ينجم ينظم كل هذا,اذن نحن بحاجة الى مجلس تاسيسي ان ينجم ينظم كل هاذا,3.7039999961853027,amenyKH_0000002_chunk_0000107_002_chunk_107_0,0.45454545454545453
labeled_linagora_cs_arabize,šnoła ež,شنوا آش,1.5151000022888184,chnouwwa_ech_31058_0,1.0
labeled_linagora_cs_arabize,الناس كلت نشتعطي رايها أما ردو بن نخطر الدستور كتو,الناس لكل تنجم تعطي رايها اما نردوا بالنا خاطر الدستور كتبوا,2.8959999084472656,TunSwitchTO_0000033_0000018_0000023_0000005x0000006_33_18_23_5x6_0,0.7272727272727273
labeled_linagora_cs_arabize,رجع صغير أقبل مانحكي وأحبابي على منافس الترج,رجعة صغيرة قبل ما نحكيو احبابي على منافس الترجي,3.0290000438690186,youtube__aKNEARPHf8_0,0.7777777777777778
labeled_linagora_cs_arabize,محتمل في ربع نهائ دور الأبطال الإفريقية شامبيونز ليغ,المحتمل في ربع نهائي رابطة الابطال الافريقية التشمبينزليغ,3.7909998893737793,youtube__aKNEARPHf8_1,0.875
labeled_linagora_cs_arabize,نحكي تاريخيا شيخ الأنديا التونسية بربع تتويجات,نحكيو تاريخيا شيخ الاندية التونسية بي اربعة تتويجات,3.369999885559082,youtube__aKNEARPHf8_2,0.5
labeled_linagora_cs_arabize,من الوقتمن الحاضر,من الف و تسعميا و اربعة و تسعين لي وقتنا الحاضر,3.0239999294281006,youtube__aKNEARPHf8_3,0.8181818181818182
labeled_linagora_cs_arabize,يسعى التراجي بقيادة راضيجعيدي للقب الوحاظر محمد وغي ببليس,يسع الترجي بي قيادت راضي الجعايدي للقب الخامد خمسة و خميس و حاضر محمد و الغيب ابليس,5.363999843597412,youtube__aKNEARPHf8_4,0.8823529411764706
labeled_linagora_cs_arabize,لاحظة قبل ما ننسى أحباب مبروك الشبان مال الترجي انتصار بالثنائية مزيان على النادي الرياضي لحمام لانف,لحظة قبل ما نينسا احبابي مبروك لي شباب امال الترجي الانتصار بي ثونايه مزيانا على النادي الرياضي لي حمام الانف,7.124000072479248,youtube__aKNEARPHf8_5,0.65
labeled_linagora_cs_arabize,أهداف خليل القنيشي في دقيقةوزكرية لعب في دقيقة مبروك للتراجي,الاهداف خليل الخنيسي في الدقيق ثمنية و ستين و زكريا العايب في الدقيق ثنينا و سبعين مبرو للترجي,5.4629998207092285,youtube__aKNEARPHf8_6,0.8333333333333334
labeled_linagora_cs_arabize,الا حبت حتى من بعيد المهم انما تغلط شغلتة كبيرة ممكن دمرة لاحيت,الا حبت حتى من بعيد المهم انها متغلطش غلطة كبيرة ممكن تدمرلها حياتها,5.111999988555908,TunSwitchTO_0000033_0000019_0000002_0000001ca_33_19_02_1ca_0,0.38461538461538464
labeled_linagora_cs_arabize,kbir,كبير,1.0188000202178955,kbir_12242_0,1.0
labeled_linagora_cs_arabize,بعد معد تروحي انه مسطحيل مزت نهار نمسل باسبور متاعو نمشي نماتا,بعد ما وعدت روحي انو يستحيل مازلت نهار نمس الباسبور متاعي و نمشي لمطار,4.184000015258789,TunSwitchTO_0000008_0000021_0000007_0000472_8_21_07_472_0,0.7857142857142857
labeled_linagora_cs_arabize,قالو لي لجريب ياسر منتشرغل,قالوا الي القريب ياسر منتشرة غادي,4.688000202178955,TunSwitchTO_0000021_0000011_0000025_wlm_21_11_25_wlm_0,0.8333333333333334
labeled_linagora_cs_arabize,بركنتر أنتي بالورقة وستيلو بازيكمنت,بار كونتر انت بالورقة و الستيلو باسيكمون,2.4240000247955322,TunSwitchCS_0000096_0000108_96_108_0,0.8571428571428571
labeled_linagora_cs_arabize,kayeno,كينو,0.9039999842643738,keyennou_31302_0,1.0
labeled_linagora_cs_arabize,شنوم الكياسات اللي نبد عليهم,شنوما الكياسات الي نبعد عليهم,1.3359999656677246,TunSwitchTO_0000035_0000018_0000024_f0000005d_35_18_24_f5d_0,0.6
labeled_linagora_cs_arabize,نراوح منداري بعد جمعة اللي عاديتها بحديه وهو شدني من يدي قلي,نروح لداري بعد الجمعة الي عديتها بحذاه وهو شدني من يدي قالي,3.2160000801086426,TunSwitchTO_0000037_0000018_0000026_0000004q0000000_37_18_26_4q0_0,0.5833333333333334
labeled_linagora_cs_arabize,مخديج تعمل معلومات ف التيرة,مخذيتش تعمر المعلومات في الطيارة,2.7360000610351562,TunSwitchTO_0000003_0000017_0000020_glk_3_17_20_glk_0,1.0
labeled_linagora_cs_arabize,نحبتفاحية عيشي,نحب تفاح يعشك,1.2719999551773071,TunSwitchTO_0000025_0000020_0000052_xzu_25_20_52_xzu_0,1.0
labeled_linagora_cs_arabize,في سهلاكك السيجارو,فيس في استهلاك هاكي السيقارو,2.2799999713897705,amenyKH_0000006_0000006_0002012_partie0000005_chunk_0000180_06_06_2012_partie5_chunk_180_0,0.8
labeled_linagora_cs_arabize,حبيت شراب هذا متاع الاستقبال بعض الركوب نشربوه على صاحتك,حبيت الشراب هاذا متاع الاستقبال بعد الركوب نشربوه على صحتك,4.4079999923706055,TunSwitchTO_0000004_0000017_0000021_ux0000002_4_17_21_ux2_0,0.4
labeled_linagora_cs_arabize,فازدين راهي الخبزة تباعة بدي نعرف الأزمة المالية لكن يحرز العباد كيما الغنوشي أنقظو البلاد,فاسدين راهي الخبزة تباعت بدينار في الازمة المالية لكن يحرز لعباد كيما الغنوشي انقذوا البلاد,6.303999900817871,TunSwitchTO_0000013_0000014_0000048_dpd_13_14_48_dpd_0,0.4666666666666667
labeled_linagora_cs_arabize,خاطر هي ما تعرفنيش المرأ م  جات وقالت هالي بتاتر قالت هالي بس ك الفلاك حست اللي أنا هاكا خايفة,خاطر هيا ما تعرفنيش المراء فهمت دونك جات قالتهالي بو اتر قالتهالي بارس كي ال فولاي حست لي انا هكة خايفة,8.432000160217285,TunSwitchCS_0000095_0000472_95_472_0,0.7142857142857143
labeled_linagora_cs_arabize,أنا نغزر ربي ماش نغزر ليكانتي,انا نغزر لربي مش نغزر ليك انت,1.5679999589920044,amenyKH_0000008_chunk_0000600_008_chunk_600_0,0.7142857142857143
labeled_linagora_cs_arabize,وليت قبل كن نل  ا ي كلر اي ا ل نحماكل  ل ي فيحاجا غالطينولاخايبين,وليت قبل كنت ندخل دان ان ايتا هيستيريك دي كولير الي جي بيرد لا فوا لين ناكل روحي ماكلة لي الي جي كومبونس لا كولير هاذيكا في حاجات غالطين و لا خايبين,12.27400016784668,TunSwitchCS_0000097_0000258_97_258_0,0.9375
labeled_linagora_cs_arabize,اللي يخلينا أحنا,الي يخلينا احنا,0.9359999895095825,TunSwitchCS_0000007_0000053_7_53_0,0.6666666666666666
labeled_linagora_cs_arabize,ظهر لكليتبرشا,ظاهرلي كليت برشا,1.0959999561309814,TunSwitchTO_0000034_0000021_0000017_chm_34_21_17_chm_0,1.0
labeled_linagora_cs_arabize,نجم تعمل معاه قايد جيد تلا ولا حاجه وتحطو بالفلوش معناه,تنجم تعمل معاه قايد قايد ديتيلزاسيون ولا حاجة و تحطهم بالفلوس معناها,5.552000045776367,TunSwitchCS_0000096_0000769_96_769_0,0.6666666666666666
labeled_linagora_cs_arabize,trokin aبع my life with you and giving you حاجات اللي أنا عونوني i hope they help you as well,توكينق اباوت ماي لايف ويذ يو اند قيفينق يو حاجات الي انا عاونوني اي هوب ذاي هلب يو از ويل,6.688000202178955,TunSwitchCS_0000074_0000138_0000003_74_138_3_0,0.95
labeled_linagora_cs_arabize,الراش مثلا إذي كان فما اش ولا حاجه تبدا بالانجلش الناس كلي فمو انجلش والكبليا بالدرجه,ال بريزنتاسيون مثلا اذا كان فمة بريزنتاسيون ولا حاجة تبدى بال انقليش الناس الكل يفهموا انقليش و اكسبليكاسيون بالدارجة,7.184000015258789,TunSwitchCS_0000096_0000649_96_649_0,0.7894736842105263
labeled_linagora_cs_arabize,ا خفيف    لخر ختار حسن ريق,لي سقراطس ليجار يعني السواقر الخفيفة لايت وال الترا لايت الى آخره مغالطة كبيرة بطبيعة يعني ي يختاروا احسن طريقة باش,11.32800006866455,amenyKH_0000006_0000006_0002012_partie0000005_chunk_0000057_06_06_2012_partie5_chunk_57_0,1.0
labeled_linagora_cs_arabize,نا ا حاجات     برشا نا دف يلا,و اون ا بارتاج حاجات الي جي سوي سور الي برشا ناس باش فون سيدونتيفيي في كلام,4.676000118255615,TunSwitchCS_0000097_0000512_97_512_0,0.8235294117647058
labeled_linagora_cs_arabize,ثم إدمان على مادة النيكوتين م الناس الي هم,فمة ادمان على مادة النيكوتين فمة ناس الي هوما,2.7920000553131104,amenyKH_0000006_0000006_0002012_partie0000006_chunk_0000069_06_06_2012_partie6_chunk_69_0,0.5555555555555556
labeled_linagora_cs_arabize,شعرها اصر  وحميرهاديم مهابشوي على فمها وتدا دور تحكي مع العباد الكل لهي فيا الخرين في مصر اسمها الفتاح,شعرها اصفر بومب و حميرها ديما هابطة هكاي شوية على فمها وتبدا تدور تحكي مع العباد الكل الي هيا في لي سوسيتي لخرين في مصر اسمها الفتاح,10.116000175476074,TunSwitchCS_0000097_0000118_97_118_0,0.5925925925925926
labeled_linagora_cs_arabize,ما ما تعرفش عليها نهار الشركة الي تخدم فيها سكرت كيما هكا كورونا جيت سابون فما برشا عبيض خصرت خدمتها خاتر ما عندها حتى حاجة أخرى,ما تعرفش عليها نهار الشريكة لي تخدم فيها سكرت كيما هكة كورونا جات سي بون فمة برشا عباد خسرت خدمتها خاطر ما عندها حتى حاجة اخرى,9.656000137329102,TunSwitchCS_0000096_0000261_96_261_0,0.46153846153846156
labeled_linagora_cs_arabize,يندي سايل معنيه هذيكا هي نتي الستايل اللي تحب عليه نتيو,فايند يور ستايل معناها هاذيكا هيا انت و ال ستايل الي تحب عليه انت و ال,4.382999897003174,TunSwitchCS_0000096_0000332_96_332_0,0.875
labeled_linagora_cs_arabize,قداش تاخل الإجراءات,قداش تاخو للاجراءات,1.2000000476837158,TunSwitchTO_0000101_0000019_0000034_0000004s0000004_101_19_34_4s4_0,0.6666666666666666
labeled_linagora_cs_arabize,الي جاني سا بون كا ماجتش معاها رعني عني سا بون قلت مش لازم هني أنا نخدم  جوفي د سرفيس,الي جاني سي بون كان ما جاتش معاها راني راني سي بون قلت مش لازم هاني انا نخدم جي في دي سيرفيس,6.895999908447266,TunSwitchCS_0000096_0000682_96_682_0,0.5909090909090909
labeled_linagora_cs_arabize,مي صب الحمدلله ماتري,لكن سا فا الحمد الله معناتها آه,1.784000039100647,amenyKH_0000006_0000006_0002012_partie0000001_0000003_chunk_0000273_06_06_2012_partie1_3_chunk_273_0,1.0
labeled_linagora_cs_arabize,الحبس النسا كلما عمري ما سمعتها قبل ما ندخل الحبس ملنوبة اليوم بعد,الحبس للنسا كلمة عمري ما سمعتها قبل ما ندخل لحبس منوبة اليوم بعد,4.455999851226807,TunSwitchTO_0000022_0000021_0000041_vsw_22_21_41_vsw_0,0.3076923076923077
labeled_linagora_cs_arabize,أكثر مسمو البزنس شويا مويهم بزنس ناجم نقولو,اكثر من سمول بيزنيس شوية موايان بيزنيس نجموا نقولوا,3.3359999656677246,TunSwitchCS_0000096_0000069_96_69_0,1.0
labeled_linagora_cs_arabize,عملت فيه اللي تتخيلو رحلات عملنا ومشينا الجنوب,عملت فيه الي تتخيلو رحلات عملنا و مشينا للجنوب,3.7200000286102295,TunSwitchCS_0000027_0000158_0000001_27_158_1_0,0.4444444444444444
labeled_linagora_cs_arabize,برش عباد,و جاي كونو جاي رانكونتر برشا عباد,1.843000054359436,TunSwitchCS_0000097_0000122_97_122_0,0.8571428571428571
labeled_linagora_cs_arabize,حزار,حزار,1.2799999713897705,7azzar_14949_0,0.0
labeled_linagora_cs_arabize,وينيجي ақыرп جаزا,وين اجي اقرب جزار,2.007999897003174,TunSwitchTO_0000035_0000019_0000002_jyz_35_19_02_jyz_0,1.0
labeled_linagora_cs_arabize,نولي تبيب ولا نولي ابوكا لازم نقرا بعض الفاك ما معناها في الفاك أمانا كن نحب نولي معناها نعمل فيه,نولي طبيب ولا نولي افوكا لازمني نقرا من بعد ال فاك اما انا معناها فال فاك اما انا كان نحب نولي معناها نعمل في,9.46399974822998,TunSwitchCS_Melekher0000010_0000257_0000001_Melekher10_257_1_0,0.625
labeled_linagora_cs_arabize,با م بفي  عب   د,كي تبدى حاجة سورتو تحبها فمة بروفات راك تتعب تعمل افور لين تفد,5.007999897003174,TunSwitchCS_0000027_0000081_0000002_27_81_2_0,1.0
labeled_linagora_cs_arabize,سواء كان في بلادنا ولا حتى في العالم أجمع,آه سواء كان في بلادنا ولا حتى في العالم اجمع,2.687999963760376,amenyKH_0000006_0000006_0002012_partie0000005_chunk_0000139_06_06_2012_partie5_chunk_139_0,0.2
labeled_linagora_cs_arabize,وبعد ما قوم يسوع علعزر مشهاذا القدس وكان فم وقتها ناس متفاهمين باش يستحيلو على يسوع ويدبرو كيفاش يقتلوه ويسوع بيتو تنبأ على موتو وقت اللي كان مازال مع تلامذا,و بعد ما قاوم يسوع العازر مشى للقدس و كان فمة وقتها ناس متفاهمين باش يستحايلو على يسوع و يدبرو كيفاش يقتلوه و يسوع بيده تننبا على موته وقت الي كان ما زال مع التلامذة,13.552000045776367,31_Jesus_Trial_Death_OneStory_AEB_0,0.6
labeled_linagora_cs_arabize,وفما انهار وهما ياكلو مع بعضهم خبرهم يسوع بللي فما واحد من بين لامذا متاعو باش يخونو ويسلمو للموت,و فمة نهار و همة ياكلو مع بعضهم خبرهم يسوع باللي فمة واحد من بين التلامذة متاعو باش يخونه و يسلمه للموت,8.895999908447266,31_Jesus_Trial_Death_OneStory_AEB_1,0.5
labeled_linagora_cs_arabize,وقتها يسوع كان يقصد في واحد اسم يهوذا اللي اعطالا الناس اللي باش يشدو يسوع اماره و هي الشخص اللي باش يسلم عليه بالبوس هو المقصود وهذاك هو يسوع,وقتها يسوع كان يقصد في واحد اسمه يهوذا الي عطى للناس الي باش يشدو يسوع امارة و هيا الشخس الي باش يسلم عليه بالبوس هو المقصود و هذاكة هو يسوع,12.807999610900879,31_Jesus_Trial_Death_OneStory_AEB_2,0.36666666666666664
labeled_linagora_cs_arabize,وقت اللي كان يسوع يحكي مع تلامثتو جا يهوذا ومعاه الجماعة من عند الشيوخ اللي باش يشدو يسوع وكيف سلم يهوذا على يسوع قدمو اجماعة وشدوه وهزوه عند شيخ الكهان باش يحاكموه,وقت الي كان يسوع يحكي مع تلامذت جى يهوذا و معاه الجماعة من عند الشيوخ الي باش يشدو يسوع و كيف سلم يهوذا على يسوع قدم للجماعة و شدوه و هزوه عند شيخ الكهان باش يحاكموه,14.62399959564209,31_Jesus_Trial_Death_OneStory_AEB_3,0.3888888888888889
labeled_linagora_cs_arabize,وقتها لو جورو على شهاذة زور تخليهم يقتلوه أما ما لقاوش من بعد اسأل شيخ الكهان يسوع وقالو انتي هو المسيح ولد ربي ياخي جاوبو يسوع ي نعم كيما قلت,وقتها لوجولو على شهادة زور تخليهم يقتلوه اما ما لقاوش من بعد سال شيخ الكهان يسوع و قالوا انت هو المسيح ولد ربي يخي جاوبو يسوع اي نعم كيما قلت,14.112000465393066,31_Jesus_Trial_Death_OneStory_AEB_4,0.3333333333333333
labeled_linagora_cs_arabize,ياخي قرر المجلس باش يتحاكم يسوع على خطر راو انو قاعد يشرك بالله وزيد على هذا كانت الناس تصيح وتعيط يستهل الموت اقتلوه,ياخي قرر المجلس باش يتحاكم يسوع على خاطر راو انه قاعد يشرك بالله و زيد على هاذا كانت الناس تصيح و تعيط يستاهل الموت اقتلوه,10.479999542236328,31_Jesus_Trial_Death_OneStory_AEB_5,0.32
labeled_linagora_cs_arabize,وكانوا العسكر الرومانيين يضربو في يسوع ويبسقو عليه,و كانوا العسكر الرومانيين يضربو في يسوع و يبزقو عليه,3.8959999084472656,31_Jesus_Trial_Death_OneStory_AEB_6,0.4
labeled_linagora_cs_arabize,ومن بعد كتفوه وهزوه للوالي باش يحكم عليه الحكم لاخر لكن الوالي ما كانش موافق عىاللي قالو المجلس وقت اللي قالو يموت يسوع,و من بعد كتفوه و هزوه للوالي باش يحكم عليه الحكم الاخر لكن الوالي ما كانش موافق على الي قالوا المجلس وقت الي قالوا يموت يسوع,11.175999641418457,31_Jesus_Trial_Death_OneStory_AEB_7,0.38461538461538464
labeled_linagora_cs_arabize,أما على خاطر الشعب دخل بعضو يحبو يسوع يموت قلهم لوالي أنا خاطيني اوينو ما بيني ديكم كان تحبو تقتلوه أما دامو في رقبتكم راني مانيش مسؤول على قتلانو,اما على خاطر الشعب دخل بعضو يحبو يسوع يموت قالهم الوالي انا خاطيني هاوينه ما بين يديكم كان تحبوا تقتلوه اما دمه في رقابيكم راني ما ني ش مسؤول على قتلانو,12.576000213623047,31_Jesus_Trial_Death_OneStory_AEB_8,0.45161290322580644
labeled_linagora_cs_arabize,وتعذب يسوع برشا قبل ما يهزو للبلاصة اللي باشي تصلب فيها,و تعذب يسوع برشا قبل ما يهزوه للبلاصة الي باش يتصلب فيها,4.455999851226807,31_Jesus_Trial_Death_OneStory_AEB_9,0.5
labeled_linagora_cs_arabize,وتصلب يسوع وتصلبو معاه زوز قطعية ومجرمين واحد علي مين وواحد علي صار وكانت الناس تتمسخر عليه وتقلو كان انتي المسيح بالمنجد منع روحك,و تصلب يسوع و تصلبو معاه زوز قطعة و مجرمين واحد على الليمين و واحد على يسار و كانت الناس تتمسخر عليه و تقلو كان انت المسيح بالمنجد منع روحك,13.960000038146973,31_Jesus_Trial_Death_OneStory_AEB_10,0.6
labeled_linagora_cs_arabize,الغريب في الحكاية حتى القطعية واحد منهم زادا كان يتمسخر ويقلو في نفس الكلام اما المجرم الاخر خزر للول وقال حتى انتي باش تصلب كيفو,الغريب في الحكاية حتى قطعية واحد منهم زادة كان يتمسخر و يقولو في نفس الكلام اما المجرم الآخر خزر للاول و قال حتى انت باش تتصلب كيفو,12.416000366210938,31_Jesus_Trial_Death_OneStory_AEB_11,0.37037037037037035
labeled_linagora_cs_arabize,تتمقعر عليه انتي على الأقل تستحق الموت اما هو مسكين معمل شي,تتمقعر عليه انت على الاقل تستحق الموت اما هو مسكين ما عمل حتى شيء,5.584000110626221,31_Jesus_Trial_Death_OneStory_AEB_12,0.42857142857142855
labeled_linagora_cs_arabize,وقتها قاملو يسوع وقالو اليوم باش تكون معايا في الجنة وعيط يسوع عيتقوية ومات وقت اللي مات يسوع تزرزت الدنيا وظلامت بالرغم اللي وقتها كانت قائلة,وقتها قاملو يسوع و قالوا اليوم باش تكون معايا في الجنة و عيط يسوع عيطة قوية و مات وقت الي مات يسوع تزلزلت الدنية و ظلامت بالرغم الي وقتها كانت قايلة,12.37600040435791,31_Jesus_Trial_Death_OneStory_AEB_13,0.4838709677419355
labeled_linagora_cs_arabize,اش نولي عبد اخر كانو وحش اش يوي,باش نولي عبد آخر كانوا وحش باش يولي,2.1040000915527344,amenyKH_0000006_0000006_0002012_partie0000005_chunk_0000030_06_06_2012_partie5_chunk_30_0,0.625
labeled_linagora_cs_arabize,ياسر غالطة فكرة اني نخبي فلوسي لبعض الإنترنت وكنموتو كان,ياسر غالطة فكرة اني نخبي فلوسي لبعد الانتريت و كي نموت و كان,4.656000137329102,TunSwitchTO_0000073_0000019_0000024_x0000092_73_19_24_x92_0,0.46153846153846156
labeled_linagora_cs_arabize,احنا كمش نحكيو على تونس الحقيقة الومرشي لي أنكور فيارش,احنا كان باش نحكيوا على تونس لحقيقة لي مارش يل ايست انكور فيرج,4.671999931335449,TunSwitchCS_0000095_0001225_95_1225_0,0.7692307692307693
labeled_linagora_cs_arabize,فكرة باهية معمل وقتج,فكرة باهية معمل وقتاش جاي,1.7200000286102295,TunSwitchTO_0000152_0000019_0000051_0000008ej_152_19_51_8ej_0,0.4
labeled_linagora_cs_arabize,يقول كون اليابان بلاد غني,يقولوا كون اليابان بلاد غنية,1.6959999799728394,TunSwitchTO_0000021_0000018_0000057_i0000008h_21_18_57_i8h_0,0.4
labeled_linagora_cs_arabize,منيش موافق,ما ني ش موافق,1.8320000171661377,TunSwitchTO_0000005_0000018_0000049_kgb_5_18_49_kgb_0,0.75
labeled_linagora_cs_arabize,البرsonal براnد توى مهمة عالخر تنفسروا ش معنيا personal بrand,ال بيرسونال براند توا مهمة عالاخر نفسر معناها بيرسونال براند,4.111999988555908,TunSwitchCS_0000096_0000073_96_73_0,1.0
labeled_linagora_cs_arabize,beielt,بيلت,1.507099986076355,bayalt_31235_0,1.0
labeled_linagora_cs_arabize,bgar,بقر,1.24590003490448,bgar_29942_0,1.0
labeled_linagora_cs_arabize,بدli blastn fضr,بدلي بلاستي من فضلك,1.7200000286102295,TunSwitchTO_0000033_0000009_0000006_eod_33_09_06_eod_0,1.0
labeled_linagora_cs_arabize,جابو طفلة رباوة على قيام الفساد هو كيتجي تشوف ما جانب محافظة,جابوا طفلة رباوها على قيم الفساد هو كي تجي تشوف فمة جانب محافظ,5.5920000076293945,TunSwitchTO_0000088_0000020_0000014_0000005gs_88_20_14_5gs_0,0.5384615384615384
labeled_linagora_cs_arabize,معتها يديaلمو كيفش تبدأ حاجة,معنتها ايديالمون كي باش تبدا حاجة,2.568000078201294,TunSwitchCS_0000095_0000607_95_607_0,0.8333333333333334
labeled_linagora_cs_arabize,ما تخدغوش جملة in  كان سبوكم,ما تاخذوهوش جملة انتو كونسيديراسيون كان سبوكم,3.7980000972747803,TunSwitchCS_Melekher0000009_0000080_0000000_Melekher9_80_0_0,0.42857142857142855
labeled_linagora_cs_arabize,ملح البانو متاع النباتات يخلي لحمك حنين ومالس,ملح البانو متاع النباتات يخلي لحمك حنين و مالس,3.0320000648498535,TunSwitchTO_0000012_0000021_0000008_euz_12_21_08_euz_0,0.2222222222222222
labeled_linagora_cs_arabize,بستها من جبينها ومشيت حطيت اسلع الكل في القراش بحض عجاش وخرجت معا,بستها من جبينها و مشيت حطيت السلعة الكل في القاراج بحذا عجاج و خرجت مع,5.288000106811523,TunSwitchTO_0000002_0000015_0000010_jj0000003_2_15_10_jj3_0,0.6
labeled_linagora_cs_arabize,تعرفشيفماشي وت الرخاص,تعرفشي فماشي وتلا رخاص,2.3440001010894775,TunSwitchTO_0000084_0000019_0000029_0000007d0000003_84_19_29_7d3_0,1.0
labeled_linagora_cs_arabize,هزراسك الفوق على شاشة الحسوب اتوتلقى مكتوب بحذاها هناك,هز راسك الفووق على شاشة الحاسوب اتو تلقى مكتوب بحذاها هناك,3.6640000343322754,TunSwitchTO_0000017_0000018_0000056_0000032t_17_18_56_32t_0,0.5454545454545454
labeled_linagora_cs_arabize,نسلمو باشا على وسالحياة,مرحبا ايه,2.247999906539917,amenyKH_0000007_chunk_0000064_007_chunk_64_0,2.0
labeled_linagora_cs_arabize,دسيتواتيون مختلفين وشوفو روحكم كيفاش تتفاعلو,دي سيتواسيون مختلفين و شوفوا رواحكم كيفاش تتفاعلوا,4.182000160217285,TunSwitchCS_0000072_0000116_0000002_72_116_2_0,0.75
labeled_linagora_cs_arabize,باش نجمو ناخذو دسison mاrketing,باش نجمو ناخذوا دي ديسيجن ماركيتينق,2.111999988555908,TunSwitchCS_0000095_0000887_95_887_0,0.6666666666666666
labeled_linagora_cs_arabize,قد ما يعملو ما يجيش شي قدام خنار متاع بنات الخارج,قد ما يعملو مايجي شيء قدام الخنار متاع بنات الخارج,4.248000144958496,TunSwitchTO_0000003_0000018_0000049_0000312_3_18_49_312_0,0.4
labeled_linagora_cs_arabize,يكم أنا خدمت شغل مخشي لا ستخدمت على مرشي هذا ونعرف,اي كوم انا خدمت سور لي مارش خدمت عال مارش هاذا و نعرف,4.039999961853027,TunSwitchCS_0000095_0000141_95_141_0,0.9230769230769231
labeled_linagora_cs_arabize,فلعباد جي على الشهر وعارفون انتاع الزاي,العباد تجي على الشهرة و على الفول متاعي الباهي,2.4230000972747803,youtube_lZFZFbToauc_0,0.8888888888888888
labeled_linagora_cs_arabize,منسيمون جمري عام عن  صغا نخدم ش صباح ي,خميس بن على بن سليمان القمري ثنين و اربعين عام عندي زوز صغار نخدم شوية في الصباح شوية تاي,6.660999774932861,youtube_lZFZFbToauc_1,0.8947368421052632
labeled_linagora_cs_arabize,ولا  ا يشو,و العشية شوية فول,2.309999942779541,youtube_lZFZFbToauc_2,1.0
labeled_linagora_cs_arabize,الموسي,خدمتي نحبها ياسر ممتاز بيها ياسر ديما حاطين موزيك و ديما عامل جو,5.010000228881836,youtube_lZFZFbToauc_3,1.0
labeled_linagora_cs_arabize,الشمال      ل,بالنسبة للشمال يحبوا شوية جو ويحبوا شوية لعب كل يوم نشطح و ما على باليش,7.033999919891357,youtube_lZFZFbToauc_4,1.0
labeled_linagora_cs_arabize,السد ل,فول عمي خميس كي تدور السند و الهند ما تلقاهوش الاقبال بلقدا بلقدا باهي ياسر,5.453000068664551,youtube_lZFZFbToauc_5,1.0
labeled_linagora_cs_arabize,نتشرنا  سوت العبادكن حبني ل مشهور ياسل,من تشهرنا لاباس توا طلعت كل العباد تحبني و وليت مشهور ياسر ياسر,4.129000186920166,youtube_lZFZFbToauc_6,0.9230769230769231
labeled_linagora_cs_arabize,اللعلم ل قسم ن مر,الله اعلم كل نهار بقسمه بنتي مرة عشرا مرة خمسطاش,4.129000186920166,youtube_lZFZFbToauc_7,1.0
labeled_linagora_cs_arabize,مصدورين ونخل للراس الحمد لله,مستورين و ناكلوا لاباس و الحمد لله,2.5329999923706055,youtube_lZFZFbToauc_8,0.7142857142857143
labeled_linagora_cs_arabize,فرحان    حن  لحمل,فرحان بيها بالطبيعة فرحان بخدمتي ديما فرحان بيها هذى الي وصلتني و الحمد لله يارب,5.7779998779296875,youtube_lZFZFbToauc_9,0.9333333333333333
labeled_linagora_cs_arabize,ذن نحب نبدأ بالبرال xبر نتاعي اللي ما كانتش تساهلة في اللسا خط,دونك نحب نبدا بال بيرسونال اكسبيريونس متاعي الي ما كانت ش ساهلة فال ليسي خاطر,5.0289998054504395,TunSwitchCS_0000072_0000004_0000002_72_4_2_0,0.8666666666666667
labeled_linagora_cs_arabize,أما تقدم,فمة تقدم,0.6159999966621399,TunSwitchTO_0000018_0000018_0000001_0000007fo_18_18_01_7fo_0,0.5
labeled_linagora_cs_arabize,لب ما ومعدم تطبيق القانون وكل,ا لابسونس دي ريقلمونتاسيون و عدم تطبيق القانون و كل,5.248000144958496,TunSwitchCS_0000051_0000086_0000002_51_86_2_0,0.8
labeled_linagora_cs_arabize,لا يمكن أن تتجاوز وجهته نظر في شيء و القرار يبقى بيد الإدارة,لا يمكن ان تتجاوز وجهة نظر في شيء و القرار يبقى بيد الادارة,5.3520002365112305,TunSwitchTO_0000012_0000019_0000010_aqx_12_19_10_aqx_0,0.23076923076923078
labeled_linagora_cs_arabize,أول حاجة أنتي متأكد اللي فما حب بيناتكم على خاطر ما تنجم تبني حياة جديدة,اول حاجة انت متاكدة الي فمة حب بيناتكم على خاطر ما تنجم تبني حياة جديدة,4.4720001220703125,TunSwitchTO_0000051_0000019_0000018_vpv_51_19_18_vpv_0,0.3333333333333333
labeled_linagora_cs_arabize,ناس تسخايب اللي هي باش تتليفره  فينت كاتر ور,الناس تسخايب الي هيا باش تتليفرا ان فان كاتر اور,3.0480000972747803,TunSwitchCS_0000095_0000939_95_939_0,0.7
labeled_linagora_cs_arabize,المنطق هذيا ما يعتيش اكلو,ال ها المنطق هذايا ما يعطيش اكلو مية في المية,3.559999942779541,amenyKH_0000006_0000006_0002012_partie0000005_chunk_0000186_06_06_2012_partie5_chunk_186_0,0.7
labeled_linagora_cs_arabize,واللي هي خدمتك أكل مليون اللي تاخو فيه نقولو مثلا تصرف في تسعمة,و الي هيا خدمتك اكا المليون الي تاخو فيه نقولو مثلا تصرف في,4.514999866485596,TunSwitchCS_0000034_0000022_0000002_34_22_2_0,0.5384615384615384
labeled_linagora_cs_arabize,fdit mala fda,فديت ملا فدا,2.2827999591827393,fadit_mella_fada_31586_0,1.0
labeled_linagora_cs_arabize,أحداش,حداش,0.7919999957084656,tn9856_0,1.0
labeled_linagora_cs_arabize,صحيح كلامك ماهاش أحزاب إسلامية هناك أما اللي حبيت نقولو اللي احنا,صحيح كلامك ما هي ش احزاب اسلامية هناك اما الي احبت نقولوا الي احنا,5.0320000648498535,TunSwitchTO_0000004_0000015_0000020_0000002sz_4_15_20_2sz_0,0.7142857142857143
labeled_linagora_cs_arabize,ما حاجة الولاد كيفيه ما نعملو شي ما نريفزوش ما نتحركوش,فمة حاجة لولاد اي كيفاه ما نعملوا شيء ما نريفزوش ما نتحركوش,3.5199999809265137,TunSwitchCS_0000027_0000028_0000000_27_28_0_0,0.5
labeled_linagora_cs_arabize,sukker,سكر,1.4990999698638916,sokor_27763_0,1.0
labeled_linagora_cs_arabize,فيه برشة مطع,فيه برشا مطعم,1.8880000114440918,TunSwitchTO_0000009_0000021_0000007_oq0000004_9_21_07_oq4_0,0.6666666666666666
labeled_linagora_cs_arabize,بليش حليبي عايشك,بلاش حليب يعيشك,1.5839999914169312,TunSwitchTO_0000170_0000019_0000055_wqh_170_19_55_wqh_0,1.0
labeled_linagora_cs_arabize,ya mamعينaya,يا ممو عينيا,2.1600000858306885,Ya_mamou_3ineya_31250_0,1.0
labeled_linagora_cs_arabize,وما عاندش نعرف شنعمل بالحق كنت مريضة بيدة في اسبيطار كبير ومعبي بالمرضة اللي,وما عاد ش نعرف آش نعمل بالحق كنت مريضة بايتة في سبيتار كبير ومعبي بالمرضى الي,5.375999927520752,TunSwitchTO_0000005_0000015_0000021_0000003yg_5_15_21_3yg_0,0.5
labeled_linagora_cs_arabize,وين لحيا,وين الاحياء,0.656000018119812,TunSwitchTO_0000005_0000021_0000006_zsi_5_21_06_zsi_0,0.5
labeled_linagora_cs_arabize,قصة حياتها والتحف اللي كانوا في درما ماتها ونحكيل على مرتي وفجهته على بيعان الدار,قصة حياتها و التحف الي كانوا في دار مماتها ونحكيلها على مرتي وفجعتها على بيعان الدار,5.168000221252441,TunSwitchTO_0000082_0000019_0000029_beb_82_19_29_beb_0,0.4375
labeled_linagora_cs_arabize,تعرفو كيفاش يستعمل لتليفون,تعرفوا كيفاش يستعمل التاليفون,1.7760000228881836,TunSwitchTO_0000009_0000006_0000058_s0000009x_9_06_58_s9x_0,0.5
labeled_linagora_cs_arabize,فamوق,في اما وقت,0.8320000171661377,TunSwitchTO_0000138_0000019_0000046_0000009zk_138_19_46_9zk_0,1.0
labeled_linagora_cs_arabize,باش تسنا درجين,باش تستنى درجين,1.1360000371932983,TunSwitchTO_0000011_0000021_0000008_0000002zg_11_21_08_2zg_0,0.3333333333333333
labeled_linagora_cs_arabize,أنا حمدولا عمري ما دقيت البي معناها عمري ما مشيت الكليا ولا البراند حتى نخدم حتى بران نحب نخدم معاها,انا حمد الله عمري ما دقيت الباب معناها عمري ما مشيت ل كلاينت ولا براند حتى نخدم حتى براند نحب نخدم معاها,7.4720001220703125,TunSwitchCS_0000096_0000365_96_365_0,0.36363636363636365
labeled_linagora_cs_arabize,نلبس حسن ما عندك ال يوم صار يا شي,البس احسن ما عندك اليوم سهريا شيك,2.7119998931884766,TunSwitchTO_0000016_0000020_0000049_ygb_16_20_49_ygb_0,1.0
labeled_linagora_cs_arabize,حاصص روشو زادة مع الحكاية حزنها مستناها وف الدورة أما فما طيئ,حاسس روجو زادم على حكاية حزنها مستنيها في الدورة اما فمة تيار,6.960000038146973,TunSwitchTO_0000004_0000021_0000030_u0000057_4_21_30_u57_0,0.8333333333333334
labeled_linagora_cs_arabize,يكونو نتوغال ونجمو هكاكا معناها,يكونو ناتوريل و انجموا هكاكة معناها,4.25600004196167,TunSwitchCS_0000053_0000090_0000001_53_90_1_0,0.6666666666666666
labeled_linagora_cs_arabize,mrhbe,مرحبا,1.5151000022888184,marhabe_2356_0,1.0
labeled_linagora_cs_arabize,فما ماشروحي,فمة مجروحين,1.215999960899353,TunSwitchTO_0000107_0000019_0000035_0000003ek_107_19_35_3ek_0,1.0
labeled_linagora_cs_arabize,و ال لني منم نقعد فرد بلا نتعرف على برش عبا,و و فو كي ليباراكتيفيتي تخليني ما نجمش نقعد فرد بلاصة دونك نتعرف على برشا عباد,6.0,TunSwitchCS_0000097_0000114_97_114_0,0.6875
labeled_linagora_cs_arabize,إدك ونيسايدو شانجي بلي ننجمو مش كنينا قاعدا نحاول نبدل,ادوكير اون اساي دي شانجي باللي نجموا مش كان انا قعدا نحاول نبدل,4.202000141143799,TunSwitchCS_0000095_0000843_95_843_0,0.6923076923076923
labeled_linagora_cs_arabize,يذكرك ستين ول على بيلو,يركركو في التاي ولا على بالو,1.8450000286102295,TunSwitchCS_0000019_0000142_19_142_0,0.8333333333333334
labeled_linagora_cs_arabize,لازمني نشوف طبيب,لازمني نشوف طبيب,1.2480000257492065,TunSwitchTO_0000034_0000015_0000001_0000005yf_34_15_01_5yf_0,0.0
labeled_linagora_cs_arabize,ي برشا مرات نخرجو مع بعضنا معتابتراني في بلاصة قاعدة في طاولة متناشفتهم لدين اتتات,دايور برشا مرات نخرجوا مع بعضنا معنتها امبوسيب تراني في بلاصة قاعدة في طاولة معنتها انا شفتهم لي دينير ان تيت ا تيت,7.171000003814697,TunSwitchCS_0000097_0000091_97_91_0,0.6086956521739131
labeled_linagora_cs_arabize,مرحبا بيك مرcي pوuر vتر conفiancة كذاي,مرحبا بيك ميرسي بور فوت كونفيونس كذا,3.936000108718872,TunSwitchCS_0000096_0000966_96_966_0,0.7142857142857143
labeled_linagora_cs_arabize,ولا رد اللي ممكن يخدم في تونس تخدم به العوامل ولنا تفهم به المرشا تجرب فيه  اما الفكرة هو ان كفا تكبر كفا تمشي لدول الاخرى كفاش تنجم تعمل  ار ا تنجتكبر,ولا برودوي الي ممكن يخدم في تونس تخدم بيه لعوام لولانيا تفهم بيه ال مارش تجرب فيه بالظبط اما الفكرة هو انو كيفاش تكبر كيفاش تمشي لدول اخرى كيفاش تنجم تعمل ال قروث بالظبط اكزاكتمون كيفاش تنجم تكبر,15.0,TunSwitchCS_0000002_sub_audio_chunk_0000003_2_sub_audio_chunk_3_0,0.5526315789473685
labeled_linagora_cs_arabize,كيفاش أنتي كجان أرتيس تحب تخدم وتحب تقدم وتحب تطور,دونك كيفاش انت كا جون ارتيست تحب تخدم و تحب تقدم و تحب تطور,4.25600004196167,TunSwitchCS_0000098_0000261_98_261_0,0.6428571428571429
labeled_linagora_cs_arabize,حذايا هو فمل السعهوني وننهار طول مبو واحدي صوفية اللي فيك,حذايا هاو فمة الوسع هوني و انا نهار وطول نبوم وحدي صوفية الي فيك,3.944000005722046,TunSwitchTO_0000126_0000019_0000041_atx_126_19_41_atx_0,0.7857142857142857
labeled_linagora_cs_arabize,وكانو صغار هاذو معنتها يتجنبو,و كانوا صغار هاذم معنتها يتجنبوه,2.9660000801086426,TunSwitchCS_0000034_0000008_0000003_34_8_3_0,0.6666666666666666
labeled_linagora_cs_arabize,تتغششانا معد با نفهم عليش نيتغ ا رسما,دونك باش تتغشش انا ما عادش باش نفهم علاش انت متغشش الوس كي انت نورمالمون تطلب مني السماح,4.059000015258789,TunSwitchCS_0000097_0000063_97_63_0,0.9444444444444444
labeled_linagora_cs_arabize,نجم تفهمني كيف هاش نعمل,تنجم تفهمني كيفاش نعمل,1.4559999704360962,TunSwitchTO_0000003_0000014_0000001_0000122_3_14_01_122_0,0.75
labeled_linagora_cs_arabize,وحد وعشرين,واحد و عشرين,2.111999988555908,tn9866_0,1.0
labeled_linagora_cs_arabize,عندكم نشرة للأحداث,عندكم نشرة على الاحداث,1.7680000066757202,TunSwitchTO_0000140_0000019_0000047_0000006iy_140_19_47_6iy_0,0.5
labeled_linagora_cs_arabize,بالفرحة,بالفرحة,1.2000000476837158,b_el_farha_31747_0,0.0
labeled_linagora_cs_arabize,ma it was life changing,يت واز لايف شانجينق اما,2.375999927520752,TunSwitchCS_0000075_0000014_0000001_75_14_1_0,1.0
labeled_linagora_cs_arabize,معانا نذار من تونس مرحبا,معانا نزار شخ من تونس مك مرحبا,2.3440001010894775,amenyKH_Partie0000005_chunk_0000002_Partie5_chunk_2_0,0.42857142857142855
labeled_linagora_cs_arabize,الهي ي في يل  حاج م نعمل,الي هيا نورمالمون ديقناستيك فيزيك يخليني برشا حاجات ما نجمش نعملهم,4.1579999923706055,TunSwitchCS_0000097_0000271_97_271_0,1.0
labeled_linagora_cs_arabize,اليان الياباني ساعدك,اليان الياباني يساعدك,1.8960000276565552,TunSwitchTO_0000017_0000014_0000051_0000002oz_17_14_51_2oz_0,0.3333333333333333
labeled_linagora_cs_arabize,لكن مش أي ستراتيجي فما برشا دي ستراتيجي,لكن مش اي ستراتيجي فمة برشا ستراتيجي,2.7119998931884766,TunSwitchCS_0000096_0000036_96_36_0,0.42857142857142855
labeled_linagora_cs_arabize,ما فقتش كيف الفيقة نوقزت الست ونص,مفقتش كيف الفياقة نوقزت الستة و نصف,3.319999933242798,TunSwitchTO_0000023_0000014_0000056_0000008qj_23_14_56_8qj_0,0.8571428571428571
labeled_linagora_cs_arabize,أو فورما ثما ليستحقل شكون يخدملو لستراتيجي نتاعو,او فورماسيون فمة لي يستحق شكون يخدملو لا ستراتيجي متاعو,4.576000213623047,TunSwitchCS_0000096_0000061_96_61_0,0.8
labeled_linagora_cs_arabize,معملت لوشاي ثانيا إذا خرج الغنوش يراهي البلاد في خبري كانا منذ وقت طويل,معملتوا شيء ثانبا اذا خرج الغنوشي راهي البلاد في خبر كان منذ وقت طويل,4.703999996185303,TunSwitchTO_0000123_0000019_0000040_wo0000000_123_19_40_wo0_0,0.5714285714285714
labeled_linagora_cs_arabize,ما تشجعش في فريقتك بالباهي,ما تشجعش في فريقك بالباهي,1.7999999523162842,TunSwitchTO_0000129_0000019_0000043_jf0000006_129_19_43_jf6_0,0.2
labeled_linagora_cs_arabize,zامە zامە,زعما زعما,1.6080000400543213,za3ma_za3ma_31310_0,1.0
labeled_linagora_cs_arabize,orab,غراب,1.5151000022888184,ghrAb_5149_0,1.0
labeled_linagora_cs_arabize,دونك هاذا م الكل حاجات ديزافانتاج معناه موجودين ديز برتونيتي نجم نقولو موجودين قدامك أما أنتي ماكش ستغل فيه,دونك هاذم الكل حاجات دي افونتاج معناها موجودين دي وبورتونيتي نجموا نقولوا موجودين قدامك اما انت ماكش تستغل فيهم,8.503999710083008,TunSwitchCS_0000096_0000265_96_265_0,0.6842105263157895
labeled_linagora_cs_arabize,البار حوانا نتفرج في قناة الجزيرة البرنامج نتاع زياد كريشاء,البارح و انا نتفرج في قناة الجزيرة البرنامج متاع زياد كريشان,5.263999938964844,TunSwitchTO_0000004_0000020_0000042_s0000005g_4_20_42_s5g_0,0.45454545454545453
labeled_linagora_cs_arabize,دانك فلا د بديت غاديكا ومبعد طورنا بشوي بشويا يونا ديدي دبتلي في اللويستي كبتا فما برشا مابين لبار لي يقول الولد ولاك اما الي قرايتك خذ ديلومك مبعد برا مشرع على روحك وعمل مشاريعك,اي دونك فوالا دونك بدات غاديكا و من بعد طورنا بالشوية بالشوية اي اون ا ديسايد دي بوستولي فال اوست بري انكوباتور فمة برشا مابين لي بارون الي يقول لولدو لا كملي قرايتك خوذ ديبلومك و بعد برا مشرع على روحك و اعمل مشاريعك بالنسبة,14.935999870300293,TunSwitchCS_0000013_sub_audio_chunk_0000000_13_sub_audio_chunk_0_0,0.7777777777777778
labeled_linagora_cs_arabize,دونك انفايت كان لبجكتيف بالشهريا هذيكا هي لxر أنو نقان دكبرين لماكيمم خاطر كان عندي ديما لبجكتيف أنو نولي اب,دونك ان في كان لوبجيكتيف بالشهرية هاذيكا سي ال اكسبيريونس انو جي قان ديكسبيريونس لي ماكسيموم خاطر كان عندي ديما لوبجيكتيف انو نولي انديبندنت,9.343999862670898,TunSwitchCS_0000096_0000228_96_228_0,0.7083333333333334
labeled_linagora_cs_arabize,ما نجمش نبيع لك هذا بلاش وصفة الطبي,ما نجمش نبيعلك هاذا بلاش وصفة طبية,2.7279999256134033,TunSwitchTO_0000028_0000019_0000000_0000002co_28_19_00_2co_0,0.5714285714285714
labeled_linagora_cs_arabize,ويرافي كلعضرو تقدم البات,و يرا في كي العظروت قدام الباب,1.4800000190734863,TunSwitchCS_0000021_0000014_21_14_0,1.0
labeled_linagora_cs_arabize,enezeda,انا زادة,0.9919999837875366,TunSwitchTO_0000095_0000019_0000033_f0000002l_95_19_33_f2l_0,1.0
labeled_linagora_cs_arabize,الزون de conفort متاع تخدم على بروجe بركة ما نشمتش,لا زون دي كونفور متاع تخدم على بروجي بركا ما نجمتش,4.0879998207092285,TunSwitchCS_0000095_0000099_95_99_0,0.6363636363636364
labeled_linagora_cs_arabize,ل تاعي  بل  أي حد يقلي ي جمل   نحولها لى,ليباراكتيفيتي متاعي دوبليكير بال بال هايبركرياتيفيتي معنتها اي حد يقلي اي جملة جي سوي كابابل باش نحاولها الى كونساي,9.02400016784668,TunSwitchCS_0000097_0000113_97_113_0,0.8947368421052632
labeled_linagora_cs_arabize,صاو الفيلم باش حكينا الحكاية,الفيلم باش يحكيلنا الحكاية سو,3.1760001182556152,TunSwitchCS_0000076_0000031_0000001_76_31_1_0,0.6
labeled_linagora_cs_arabize,مع فطور الصباح التاكس والخدمة الداخلة يكون ب دولار الليلة للواحد,مع فطور الصباح التاكس و الخدمة داخلة يكون بخمسة و اربعين دولار الليلة للواحد,4.360000133514404,TunSwitchTO_0000114_0000019_0000037_t0000077_114_19_37_t77_0,0.42857142857142855
labeled_linagora_cs_arabize,هذوم الكل سيدي شوز اللي متعما حليناش عنا عليهم معنتها,هذوما الكل سي دي شوز الي ما حليناش عين عليهم معنتها,3.8949999809265137,TunSwitchCS_0000095_0001400_95_1400_0,0.5454545454545454
labeled_linagora_cs_arabize,ي movد t فرoم ستي اللي عيش فيها بلصة اللي كبرت فيها وتولت فيها,اي موفد اوت فروم ذي سيتي الي نعيش فيها البلاصة لي كبرت فيها و تولدت فيها و كل,7.296000003814697,TunSwitchCS_0000074_0000003_0000002_74_3_2_0,0.7777777777777778
labeled_linagora_cs_arabize,لكل من يعيش في تونس فليلفت إلى مجتمعه وليترك هذه الخاراة,لكل من يعيش في تونس فليلفت الى مجتمعه وليترك هاذي الخرائط,3.7920000553131104,TunSwitchTO_0000122_0000019_0000039_i0000086_122_19_39_i86_0,0.2727272727272727
labeled_linagora_cs_arabize,نحبو على الأول نزورو وال ستريeت,نحبوا على الاول نزوروا وول ستريت,2.8959999084472656,TunSwitchTO_0000006_0000021_0000032_rn0000008_6_21_32_rn8_0,0.8333333333333334
labeled_linagora_cs_arabize,bufe,بوفي,1.5151000022888184,bouffi_2911_0,1.0
labeled_linagora_cs_arabize,ما عمري مطلعت على ثلاثة ونص في المات وأنا باك مات وتصورو معناها انتوما,ما عمري ما طلعت على ثلاثة و نص فال ماث و انا باك ماث و تصوروا معناها انتوما,5.056000232696533,TunSwitchCS_0000070_0000061_0000001_70_61_1_0,0.6111111111111112
labeled_linagora_cs_arabize,دكرا باب هي عندها لتكنيك بيداغوجي,رباب هيا عندها لي تكنيك بيداقوجيك,3.312000036239624,TunSwitchCS_0000096_0000670_96_670_0,1.0
labeled_linagora_cs_arabize,دونك في مخينة كني وليت سهلام تعتيها نو نشوف فيها الرقحة,دونك فمخي انا كايني ولات صالة متاع تياتغ الي هو نشوف فيه عالركح,3.9200000762939453,TunSwitchCS_0000043_0000028_0000001_43_28_1_0,0.8461538461538461
labeled_linagora_cs_arabize,خرج علي,خرج عليا,0.7519999742507935,TunSwitchTO_0000013_0000021_0000009_w0000008g_13_21_09_w8g_0,0.5
labeled_linagora_cs_arabize,مش بالحق اللي عشت كتبتسيناريو دافيلم عليها الحكاء,مش بالحق الي عشت دايور كتبت ان سيناريو دون فيلم عليها الحكاية,5.8979997634887695,TunSwitchCS_0000097_0000153_97_153_0,0.6666666666666666
labeled_linagora_cs_arabize,عندي زوز اخوات بنات,عندي زوز خواتي بنات,1.0080000162124634,TunSwitchTO_0000139_0000019_0000046_cnf_139_19_46_cnf_0,0.25
labeled_linagora_cs_arabize,cétait un peu compliqué le départ,ايتاي ان بو كومبليكي لي ديبار,1.6299999952316284,TunSwitchCS_0000095_0000266_95_266_0,1.0
labeled_linagora_cs_arabize,عايشك سيدي توا ياحيا انتي عادل نتي ويحيا عماركم معناهمتقاربين برشايحيا,يعيشك سيد توا يحيى انت آه عادل انت ويحيى آه اربعة و اربعين اعماركم معناها متقاربين برشا يحيى ثلاثة و اربعين,7.480000019073486,amenyKH_0000006_0000006_0002012_partie0000003_chunk_0000010_06_06_2012_partie3_chunk_10_0,0.9047619047619048
labeled_linagora_cs_arabize,رقم الجهة هو سفر ثلاثة النومرو هو واحد وثلاثين ثلاثة وعشرين خمسة وربعين سبعة وستين,رقم الجهة هو صفر ثلاثة النومرو هو واحد و ثلاثين ثلاثة و عشرين خمسة و اربعين سبعة و ستين,7.791999816894531,TunSwitchTO_0000005_0000012_0000048_m0000003n_5_12_48_m3n_0,0.47368421052631576
labeled_linagora_cs_arabize,خرج ربي الشعب متاعه من أرض العبودية مصر وكيف خرجوا من مصر قاعدهم ربي في الصحرة باش يرجعوا الأرض الموعد اللي يوعدهم بيها,خرج ربي الشعب متاعو من ارض العبودية مصر و كيف خرجو من مصر قادهم ربي في الصحراء باش يرجعو لارض الموعد الي وعدهم بيها,9.576000213623047,14_Moses3_Golden_Calf_OneStory_AEB_0,0.4583333333333333
labeled_linagora_cs_arabize,وفاثنية متاحهم عمل ربي برشا معجزات على خطرهم باش يوكلهم ويشربهم ويحميهم,و في الثنيه متاعهم عمل ربي برشا معجزات على خاطرهم باش يوكلهم و يشربهم و يحميهم,6.960000038146973,14_Moses3_Golden_Calf_OneStory_AEB_1,0.5625
labeled_linagora_cs_arabize,شهرين بعد ما خرجو من مصر نصبو الخيام متاحهم بحض الجبل وجبل هذا هو اللي طلع عليه موسى باش ياخذ من عند ربي الشريعة يعني وصاية ربي,شهرين بعد ما خرجو من مصر نصبو الخيم متاعهم بحذا الجبل و الجبل هاذا هو الي طلع عليه موسى باش ياخذ من عند ربي الشريعة يعني وصاية ربي,10.911999702453613,14_Moses3_Golden_Calf_OneStory_AEB_2,0.25
labeled_linagora_cs_arabize,ومن بين هاالوصايا متصنعوش إيلها وماتعبدوش وماتزجوش لغيري,و من بين ها الوصاية ما تصنعوش آلهة و ما تعبدوش و ما تسجدوش لغيري,5.263999938964844,14_Moses3_Golden_Calf_OneStory_AEB_3,0.8666666666666667
labeled_linagora_cs_arabize,وموسى حال  الشعب الكل كلام ربي هذا والشعب جاوبموسى باللي راهم باش يعملوا اللي قال عليه ربي الكل وباش يتبعوه في كلامه,و موسى اعلن للشعب الكل كلام ربي هاذا و الشعب جاوب موسى باللي راهم باش يعملو الي قال عليه ربي الكل و باش يتبعوه في كلامو,10.071999549865723,14_Moses3_Golden_Calf_OneStory_AEB_4,0.5384615384615384
labeled_linagora_cs_arabize,وكيتلعم موسى فوق الشبال باش يكلم ربي قعد يوم وليلة,وكي طلع موسى فوق الجبل باش يكلم ربي قعد اربعين يوم و اربعين ليلة,5.072000026702881,14_Moses3_Golden_Calf_OneStory_AEB_5,0.5
labeled_linagora_cs_arabize,هاوكيف الشاء صطبطا موسى وموسى قعد برشا ما رجعش مشاو يتزمرو الهارون وقالو لو جيوينو موسى شبي مارجعش الطاوى,هاو كيف الشعب استبطى موسى و موسى قعد برشا ما رجعش مشاو يتذمرو لهارون و قالولوا توينه موسى آش بيه ما رجعش التوا,9.696000099182129,14_Moses3_Golden_Calf_OneStory_AEB_6,0.6956521739130435
labeled_linagora_cs_arabize,أصنعلنا آلها باش تقودنا وقتها هارون أمرهم باش يجيبو الجلالط بالسياغة متاعهم الكل,اصنعلنا آلهة باش تقودنا وقتها هارون آمرهم باش يجيبو البلالط و السياغا متاعهم الكل,6.015999794006348,14_Moses3_Golden_Calf_OneStory_AEB_7,0.42857142857142855
labeled_linagora_cs_arabize,ولم هارون كالسياغة الكل وصنع بيه عجل مذهب وقالو لهم هل عجل الذهب لهذا هو إلهكم اللي حرركم وخرجكم المصر ومنعو بدية المصريين,و لم هارون السياغا الكل و صنع بيها عجل من الذهب و قاللهم ها العجل الذهب هاذا هو الاهكم الي حرركم و خرجكم من مصر و من عبودية المصريين,11.479999542236328,14_Moses3_Golden_Calf_OneStory_AEB_8,0.7586206896551724
labeled_linagora_cs_arabize,ومن غضوة قدمولو الذبيحة متاعهم وعبدوه وسجدولو ومن بعد ما كراوو شربو عاملو في خلاها ما والاها وفزدو كيما حبو,و من غدوا قدمولو الذبيح متاعهم و عبدوه و سجدول و من بعد ما كلاو و شربو عملو في خلاها ما ولاها و فسدو كيما حبو,10.215999603271484,14_Moses3_Golden_Calf_OneStory_AEB_9,0.6153846153846154
labeled_linagora_cs_arabize,وفي هاك الوقت تغشش ربي برشا وقال الموسى على الشي اللي عاملو الشعب نتاعو وكيفاش عبدو إله غيره وقال ربي الموسى اللي باش يهلكهم الكل على أعمالهم,و في هاك الوقت تغشش ربي برشا و قال لموسى على الشي الي عملو الشعب متاعو و كيفاش عبدو الاه غيرو و قال ربي لموسى الي باش يهلكهم الكل على اعمالهم,11.847999572753906,14_Moses3_Golden_Calf_OneStory_AEB_10,0.5483870967741935
labeled_linagora_cs_arabize,لكن موسى وقتها طلب من ربي باش يرحمهم وذكر ربي ف الوعد اللي وعدو الإبراهيم وإسحاق ويعقوب باش يكثرهم كيف نجوم السمام,لكن موسى وقتها طلب من ربي باش يرحمهم و ذكر ربي في الوعد الي وعده لابراهيم و اسحاق و يعقوب باش يكثرهم كيف نجوم السماء,9.48799991607666,14_Moses3_Golden_Calf_OneStory_AEB_11,0.44
labeled_linagora_cs_arabize,واللي باش عطيهم الأرض اللي وعدهم بيها لاخر الدنيا ومن بعد ربي يحنى عليهم وما هلكهمش,و الي باش يعطيهم الارض الي وعدهم بيها لآخر الدنية و من بعد ربي حن عليهم و ما هلكهمش,6.007999897003174,14_Moses3_Golden_Calf_OneStory_AEB_12,0.631578947368421
labeled_linagora_cs_arabize,وكيف هبط موسى وشاف الشي اللي يعملو فيه الشعب تغشش برشا ورمال الواح متاع الشريعة اللي كان منقوش عليها الوصايا العشرة متاع ربي يا خذ كسرة,و كيف هبط موسى و شاف الشي الي يعملو فيه الشعب تغشش برشا و رمى الالواح متاع الشريعة الي كان منقوش علاها الوصاية العشرة متاع ربي ياخي تكسرت,10.704000473022461,14_Moses3_Golden_Calf_OneStory_AEB_13,0.5
labeled_linagora_cs_arabize,لكن مرة أخرى طلع موسى وخذا الألواح متاع الشريعة مع عند ربي وزيد لم موسى الشعب الكل وأعلن لهم علي مكتوب في الألواح متاع الشريعة على وصايا ربي المكتوبة,لكن مرة اخرى طلع موسى و خذا الالواح متاع الشريعة من عند ربي و زادة لم موسى الشعب الكل و علنلهم على الي مكتوب في الالواح متاع الشريعة على وصايا ربي المكتوبة,11.432000160217285,14_Moses3_Golden_Calf_OneStory_AEB_14,0.375
labeled_linagora_cs_arabize,قاللهم ربي إله رؤوف رحيم ما يتغشرش فيسع ويغفر المعاصي والذنوب كيف نستعرفو بها لكن زادا هو عادل ويعاقب المذنب,قالهم ربي الاه رؤوف رحيم ما يتغشش فيسع و يغفر المعاصي و الذنوب كيف يستعرفو بيها لكن زادة عادل و يعاقب المذنب,12.104000091552734,14_Moses3_Golden_Calf_OneStory_AEB_15,0.5909090909090909
labeled_linagora_cs_arabize,وربي زادا قال طيعوني و ما تعبدوش آلها أخرى غيري,و ربي زادة قال طيعوني و ما تعبدوش آلهة اخرى غيري,3.496000051498413,14_Moses3_Golden_Calf_OneStory_AEB_16,0.45454545454545453
labeled_linagora_cs_arabize,احنا موجودين في بودكاس اسمو dep cofons pocast socity and mentاlhل,احنا موجودين في بودكاست اسمو ديب كونفيسيون بودكاست سوسايتي اند مونتال هيلث,5.708000183105469,TunSwitchCS_0000097_0000009_97_9_0,0.6666666666666666
labeled_linagora_cs_arabize,هذا مع أنو المجهود الفردي ماهوش كافي يلزم الدولة تتحرك,هاذا مع انو المجهود الفردي ما هو ش كافي يلزم الدولة تتحرك و,3.5739998817443848,TunSwitchCS_0000049_0000030_0000003_49_30_3_0,0.46153846153846156
labeled_linagora_cs_arabize,أيا كيفاش باش ندبر البروف دونك بالحق ما أسهل يمكن ميتود,ايا كيفاش باش ندبر ال بروف دونك بالحق ما اسهل يمكن ميتود,4.895999908447266,TunSwitchCS_0000028_0000114_0000003_28_114_3_0,0.3333333333333333
labeled_linagora_cs_arabize,تاوا ثلاثة وأربع,توا الثلاثة و ربع,1.4320000410079956,TunSwitchTO_0000023_0000020_0000052_ps0000008_23_20_52_ps8_0,1.0
labeled_linagora_cs_arabize,mыmtez,ممتاز,1.4240000247955322,moumtez_9684_0,1.0
labeled_linagora_cs_arabize,فلجرزع ثنيت نزحلق,الثلج رجع الثنية تتزحلق,2.055999994277954,TunSwitchTO_0000006_0000022_0000047_0000000k0000006_6_22_47_0k6_0,1.0
labeled_linagora_cs_arabize,باش تلبي كلرغبة نوتاعكح تمثيب,باش تلبي هاكي الرغبة فهمتني,2.7119998931884766,amenyKH_0000006_0000006_0002012_partie0000005_chunk_0000066_06_06_2012_partie5_chunk_66_0,0.6
labeled_linagora_cs_arabize,srwalax,سروال آخر,1.4639999866485596,TunSwitchTO_0000009_0000020_0000045_t0000005u_9_20_45_t5u_0,1.0
labeled_linagora_cs_arabize,يتعاود ديمة,يتعاود ديما,1.6239999532699585,yet3awed_dima_11518_0,0.5
labeled_linagora_cs_arabize,أنا بالنسبة لي هذاك المات انتي وحش مات وهذاك شنحب نعمل في حيت أنا علاش بازيع,انا بالنسبة ليا هذاكة ال ماث يا ولدي وحش ماث و هذاكة شنحب نعمل فحياتي انا علاش باز,5.394000053405762,TunSwitchCS_0000028_0000079_0000004_28_79_4_0,0.7777777777777778
labeled_linagora_cs_arabize,شنو الأبجكتيف نتاعك مرليل هذاك,شنوا لوبجيكتيف متاعك مال ريل هاذيا,1.74399995803833,TunSwitchCS_0000096_0000181_96_181_0,1.0
labeled_linagora_cs_arabize,شنو يخ نمشي المكتبة مثلا باش تكون انفينمن كعلي ناس كل تقرع فيه وكل,شنوا آخر نمشي للمكتبة مثلا باش تكون انفيرونمون اكاللي الناس الكل تقرا فيه و كل,5.520999908447266,TunSwitchCS_Melekher0000010_0000228_0000000_Melekher10_228_0_0,0.6666666666666666
labeled_linagora_cs_arabize,ان سن  نير كنسن يبدا,كان يون بيرسون ايست نوار كي انسان يبدا,3.2780001163482666,TunSwitchCS_0000050_0000090_0000003_50_90_3_0,0.875
labeled_linagora_cs_arabize,إيه عنا حجزلي,ايه عندنا حجز ليلك,1.1920000314712524,TunSwitchTO_0000105_0000015_0000007_0000003vr_105_15_07_3vr_0,1.0
labeled_linagora_cs_arabize,باش نشوف في هذه الرحلة,شباش نشوف في هاذي الرحلة,1.6640000343322754,TunSwitchTO_0000019_0000018_0000056_p0000002k_19_18_56_p2k_0,0.4
labeled_linagora_cs_arabize,لا في قناة الآرتي ولا هجاكة تبيعة فينا نحن التوانسا نموت على هزامحين,لا في قناة الارتي ولا هكاكة طبيعة فينا نحنا التوانسة نموتو على هزان الطحين,5.751999855041504,TunSwitchTO_0000009_0000016_0000055_ig0000002_9_16_55_ig2_0,0.5714285714285714
labeled_linagora_cs_arabize,كيما الكرا لفيت لي إنتي عندك دار ولا لوكال وتكريه وتدخل منو فلوس لفاتلي هذيكا سيباس ف إنكام هذيكا غفنو,كيما الكرا لي في الي انت عندك دار ولا لوكال و تكريه و تدخل منو فلوس لي في الي هاذاكه سي باسيف انكوم هذاكة ريفنيو,7.823999881744385,TunSwitchCS_0000096_0000458_96_458_0,0.68
labeled_linagora_cs_arabize,نحب كاكيعيش,نحب كعكة يعيشك,1.74399995803833,TunSwitchTO_0000067_0000019_0000023_gts_67_19_23_gts_0,0.6666666666666666
labeled_linagora_cs_arabize,شنو يفرخ منتوجك على المنافس,شنوا يفرق منتوجك على المنافس,2.4000000953674316,TunSwitchTO_0000007_0000018_0000053_0000004uy_7_18_53_4uy_0,0.4
labeled_linagora_cs_arabize,قرصنة مدبر تونس نيوز اليوم الأبيض و الزيتون الأخضر,قرصنة مدبرة تونس نيوز اليوم الابيض و الزيتون الاخضر,4.311999797821045,TunSwitchTO_0000018_0000014_0000052_cuu_18_14_52_cuu_0,0.3333333333333333
labeled_linagora_cs_arabize,ل قري فرايد وفهم نعرف اطبيب حل يهل,تلمون قريت فرويد و فهمت انا نعرف الطبيب هذاكة شنوا باش نحكيلو و شنوا الدواء لي باش يعطيهولي دونك انا كان نحب,6.584000110626221,TunSwitchCS_0000097_0000102_97_102_0,0.9545454545454546
labeled_linagora_cs_arabize,المدة الأخيرة صبو عليها أركام مباني حتى ان المنطقة اصبح كان عمارة مهدبة,المدة الاخيرة صبو عليها ركام مباني حتي ان المنطقة اصبحت كانها عمارة مهدمة,5.056000232696533,TunSwitchTO_0000030_0000021_0000046_0000001ks_30_21_46_1ks_0,0.46153846153846156
labeled_linagora_cs_arabize,دارة العامة للمترو لبخدامة وللدارة العامة والوزارة معبب  الكنكر عليش,الادارة العامة للميترو طالبة خدامة و الادارة العامة للوزارة ما حبتش تسيب الخدم الكونكور علاش,6.039999961853027,amenyKH_0000004_chunk_0000010_004_chunk_10_0,0.8666666666666667
labeled_linagora_cs_arabize,gaz,غاز,1.24590003490448,gaz_5810_0,1.0
labeled_linagora_cs_arabize,فيسبوك الحاجة الإيجابية الوحيدة اذي قابلت بها أصحابي في المدرسة ور معها,فايس بوك الحاجة الايجابية الوحيدة اني قابلت بيه اصحابي في المدرسة و المعهد,4.74399995803833,TunSwitchTO_0000015_0000021_0000038_thb_15_21_38_thb_0,0.6153846153846154
labeled_linagora_cs_arabize,تونس بلد للأمانة ذو بنية تحتية جيدة جدا وهو حسبما,تونس بلد للامانه ذو بنيه تحتيه جيده جدا وهو حسب ما,4.791999816894531,TunSwitchTO_0000004_0000006_0000056_vn0000006_4_06_56_vn6_0,0.5454545454545454
labeled_linagora_cs_arabize,سمحني م نجمتش نتبعك نجم تتكلم أكثر بشوية يعايشك,سامحني ما نجمتش نتبعك تنجم تتكلم اكثر بالشوية يعيشك,4.888000011444092,TunSwitchTO_0000005_0000022_0000047_0000096v_5_22_47_96v_0,0.6666666666666666
labeled_linagora_cs_arabize,تعملو البوستنغ تتلهيلو معناها بالبروجي الكل م يعمل حتى شي هو,تعملوا ال بوستينق تتلهالو معناها بال بروجي الكل ما يعمل حتى شيء هو,4.311999797821045,TunSwitchCS_0000096_0000063_96_63_0,0.6153846153846154
labeled_linagora_cs_arabize,fersita frešhet,فرشتا فراشة,2.2827999591827393,ferchita_frachet_31036_0,1.0
labeled_linagora_cs_arabize,وهي كانت تقول عليا مهبول كنت ننجم نحكي معاها في المواضيع الكل فرغلها قلبي نحس,و هي كانت تقول عليا مهبول كنت انجم نحكي معاها في المواضيع الكل نفرغلها قلبي نحسها,4.728000164031982,TunSwitchTO_0000091_0000019_0000032_0000009vk_91_19_32_9vk_0,0.3125
labeled_linagora_cs_arabize,البرانيني نجمو ياخذو كتب المكتبة,البرانيين ينجموا ياخذوا كتب من المكتبة,2.25600004196167,TunSwitchTO_0000036_0000021_0000018_mp0000004_36_21_18_mp4_0,0.6666666666666666
labeled_linagora_cs_arabize,أبدأ بالموجود بالليز كيب موللي عندك,ابدا بالموجود بال لي اكويبمون لي عندك,2.2799999713897705,TunSwitchCS_0000096_0000922_96_922_0,0.7142857142857143
labeled_linagora_cs_arabize,اهو ل تي قل خ خير منك  رب كث من   حب تول خت  ل  ن,الي هو لي بارون كي تجي تقلك اختك خير منك اختك متربية اكثر منك اختك دونك تولي تحب تولي اختك سي كي ما تنجمش تولي اختك و دو كو تنسى انت شكون,11.345999717712402,TunSwitchCS_0000097_0000034_97_34_0,0.9375
labeled_linagora_cs_arabize,أنا عطوشت,انا عطشت,0.7039999961853027,TunSwitchTO_0000016_0000021_0000010_a0000007r_16_21_10_a7r_0,1.0
labeled_linagora_cs_arabize,الي هو لونو بنفسجي,الي هو لونو بنفسجي,1.7519999742507935,amenyKH_0000011_chunk_0000033_011_chunk_33_0,0.0
labeled_linagora_cs_arabize,فما لي جابو قالونا مشتوى انترسا أما مشتوى عندي ننغاجمن آخر,فمة الي جاوب و قالنا مش توا انترسي اما مش توا عندي ان انقاجمون اخر,5.895999908447266,TunSwitchCS_0000096_0000816_96_816_0,0.9333333333333333
labeled_linagora_cs_arabize,الرسم مالة الوحيد الي باش نستعملو هو لكر نتاعك المت للي عندك المعرفه المعلومات لي عندك,راس المال الوحيد لي باش تستعملو هو ال اكسبيريونس متاعك ال كومبيتونس الي عندك المعرفة المعلومات الي عندك,6.631999969482422,TunSwitchCS_0000096_0000468_96_468_0,0.6666666666666666
labeled_linagora_cs_arabize,وخلي كل واحد معناها يشوف حيات هذيك هي من    مش على خاطر ح,كان نو بليز ساي يت اوت لاود و خلي كل واحد معناها يشوف حياتو و هاذيكا هيا معناها دو نوت فورس انيثينق مش على خاطر ما تحب,12.0,TunSwitchCS_Melekher0000008_0000113_0000000_Melekher8_113_0_0,0.7407407407407407
labeled_linagora_cs_arabize,,و الله معنتها بيانتو كارونت دو ان,3.6559998989105225,TunSwitchCS_0000097_0000443_97_443_0,1.0
labeled_linagora_cs_arabize,مم حت,ما فمة حتى مشكل,0.7440000176429749,TunSwitchTO_0000029_0000018_0000020_0000009dz_29_18_20_9dz_0,1.0
labeled_linagora_cs_arabize,في صندوق التضامن الاجتماعي كان في العوام الخرى قبل ما يتوفى لنطيت متاعو وكان حاجة,في صندوق التضامن الاجتماعي كان في الاعوام الاخرة قبل ما يتوفى الانتريت متاعو كان حاجة,5.296000003814697,TunSwitchTO_0000028_0000014_0000059_uwr_28_14_59_uwr_0,0.26666666666666666
labeled_linagora_cs_arabize,نحتلو نستعمرو بلاد  اللي فيها تقريبا ثناشر مليون م,نحتلوا نستعمروا بلاد الي فيها اكثر تقريبا اثناش مليون مواطن,7.5920000076293945,TunSwitchCS_0000051_0000046_0000000_51_46_0_0,0.6
labeled_linagora_cs_arabize,باش تاخد باش تبدا عندك أكسي على أفلام و مسلسلات د بن كاليتي اككلوsيف تستا,باش تاخذ باش تبدا عندك اكسيس على افلام و مسلسلات دي بون كاليتي اكسكلوسيف اي سيتيرا,8.736000061035156,TunSwitchCS_0000096_0000562_96_562_0,0.5
labeled_linagora_cs_arabize,لقلقك كان يقعدهوني,يقلقك كان نقعد هوني,1.25600004196167,TunSwitchTO_0000029_0000021_0000014_zf0000000_29_21_14_zf0_0,0.75
labeled_linagora_cs_arabize,دي ف تاع حاجة تخوف,دايور سي في متاعي حاجة تخوف,3.0429999828338623,TunSwitchCS_0000097_0000132_97_132_0,0.6666666666666666
labeled_linagora_cs_arabize,وك مش لازم   ما نتصور الي ما لازمكمش زادا تبدو بعد برشا على بعضكم,تو هاف لايك ديفيرانت فيوز و كل مش لازم كوبي كونفورم مي نتصور الي ما لازمكم ش زادة تبداو بعاد برشا على بعضكم اكاللي,11.041999816894531,TunSwitchCS_Melekher0000008_0000077_0000001_Melekher8_77_1_0,0.6666666666666666
labeled_linagora_cs_arabize,skuen,شكون,1.0188000202178955,chkoune_31056_0,1.0
labeled_linagora_cs_arabize,نحب بلاسة بيهي,نحب بلاصة باهية,1.031999945640564,TunSwitchTO_0000032_0000018_0000022_0000002s0000003_32_18_22_2s3_0,0.6666666666666666
labeled_linagora_cs_arabize,وعندك في المصورة باللويل,عندك فيلم مصورة بالالوان,1.6080000400543213,TunSwitchTO_0000039_0000021_0000019_zdv_39_21_19_zdv_0,1.0
labeled_linagora_cs_arabize,ديز xبر دايجيو يحكيو,دي دي اكسبيرت يجيوا يحكيوا,2.4639999866485596,TunSwitchCS_0000096_0000573_96_573_0,1.0
labeled_linagora_cs_arabize,نجم إن كور دغوت تحس روحك الي أنتي اثنيه هاذيكا ماسيحة تبدل ثنيه ما تت توتخاصتوجو,تنجم ان كور دي روت تحس روحك الي انت الثنية هاذيكا ما ها ش صحيحة تبدل الثنية مي تو تراس توجور,5.800000190734863,TunSwitchCS_0000095_0001317_95_1317_0,0.7142857142857143
labeled_linagora_cs_arabize,كون           خل,باش تكون في ريلاسيونشيب فهمت مش مثلا يور ترايينق تو فورقيت اباوت يور اكس بعد لاخر بليز دو نوت دو ذيس يور هرت,10.076000213623047,TunSwitchCS_0000662_0000116_0000001_662_116_1_0,1.0
labeled_linagora_cs_arabize,хаты,خاتم,1.1679999828338623,5etem_2054_0,1.0
labeled_linagora_cs_arabize,منين نطلعو للبابور,منين نطلعوا للبابور,1.1200000047683716,TunSwitchTO_0000087_0000019_0000031_0000004n0000002_87_19_31_4n2_0,0.3333333333333333
labeled_linagora_cs_arabize,دونك نرجع كان ديجا وقتها فما ستاتستيك لي لفنت ن لينيه في بريود الكورونا كل,دونك نرجعوا كان ديجا فمة ستاتيستيك الي لي فانت ان لين في بيريود الكورونا,5.4079999923706055,TunSwitchCS_0000096_0000243_96_243_0,0.6428571428571429
labeled_linagora_cs_arabize,سمحني التولات ما يخدموش عاولني,سامحني التواليت ما يخدمش عاوني,3.328000068664551,TunSwitchTO_0000012_0000014_0000047_ya0000008_12_14_47_ya8_0,0.8
labeled_linagora_cs_arabize,notre force eça en fit notre force est de génerer barشa creatives,اي نوتر فورس سي سا ان في نوتر فورس سي دي جينيري برشا كرياتيف,4.263999938964844,TunSwitchCS_0000095_0000195_95_195_0,1.0
labeled_linagora_cs_arabize,karhba kraheb,كرهبة كراهب,2.037600040435791,krehba_kreheb_30668_0,1.0
labeled_linagora_cs_arabize,رغم أن,رغم انو,1.184000015258789,raghm_annou_31307_0,0.5
labeled_linagora_cs_arabize,حكم على روحك ال  ججما بين الاخوات,تحكم على روحك الي هو لي جوجمون بين الاخوات,3.0299999713897705,TunSwitchCS_0000097_0000033_97_33_0,0.5555555555555556
labeled_linagora_cs_arabize,عالمي ي,على مية,0.8479999899864197,TunSwitchTO_0000192_0000022_0000056_hjd_192_22_56_hjd_0,1.0
labeled_linagora_cs_arabize,من أول جديد وفهمني اللي حياتي ملكي وحدي,من اول جديد و فهمني الي حياتي ملكي وحدي و توا,3.5959999561309814,TunSwitchTO_0000011_0000006_0000059_bng_11_06_59_bng_0,0.5454545454545454
labeled_linagora_cs_arabize,معناها ما عملناشكل رجعنا ب فاليدي وكونفيرما وكذاك,معناها ما عملناش اكا رجعنا بور فاليدي كونفيرمي و كذا,3.9119999408721924,TunSwitchCS_0000096_0000782_96_782_0,0.6
labeled_linagora_cs_arabize,csena,خزانة,1.0188000202178955,khzena_1351_0,1.0
labeled_linagora_cs_arabize,dixneuf indeux mile dixneuf,ديس نوف فان دو ميل ديس نوف,1.3919999599456787,TunSwitchCS_0000095_0000164_95_164_0,1.0
labeled_linagora_cs_arabize,سرتول الناس وسوا عندك الديزنغاجم ولا اتصرف على عائله ولا ما نعرفشنو عندك ولا اندبند وحدك معنيه,سورتو للناس كي سي سوا عندك دي انقاجمون ولا تصرف على عايلة ولا ما نعرفش شنوا عندك ولا انديبندنت وحدك معناها,7.5879998207092285,TunSwitchCS_0000096_0000262_96_262_0,0.6190476190476191
labeled_linagora_cs_arabize,لمرة ما لقتاش لافي الأرض لافي السنا,المراء من القيتهاش لا في الارض لا في السماء,2.2309999465942383,TunSwitchCS_0000022_0000173_22_173_0,1.0
labeled_linagora_cs_arabize,أقل منها في أوروبا وأمريكا من يستطيع أن يصدق هذ,اقل منها في اوروبا و امريكا من يستطيع ان يصدق هاذا,3.384000062942505,TunSwitchTO_0000165_0000019_0000054_wrf_165_19_54_wrf_0,0.5454545454545454
labeled_linagora_cs_arabize,ثم شق كبير يدعر الحكومة ويدعي للهدوء اذا ردتم يتاحت الحكومة,فمة شق كبير يدعم الحكومة و يدعو الى الهدوء اذا اردتم اطاحة الحكومة,4.751999855041504,TunSwitchTO_0000036_0000019_0000026_0000893_36_19_26_893_0,0.6153846153846154
labeled_linagora_cs_arabize,بيرو المعلم ما فيه حتى شي لوح,بيرو المعلم ما فيه حتى شيء لوحة و,2.9040000438690186,amenyKH_Partie0000008_chunk_0000056_Partie8_chunk_56_0,0.375
labeled_linagora_cs_arabize,ما كنتش نعرف اللي ثم types متاع content ثما the tepe متاع contenu,ما كنتش نعرف الي فمة تيب متاع كونتنت فمة دي تايب متاع كونتونو,4.624000072479248,TunSwitchCS_0000096_0000201_96_201_0,0.6153846153846154
labeled_linagora_cs_arabize,يعني ميسورة الحال,يعني ميسورة الحال,0.9760000109672546,TunSwitchCS_0000022_0000015_22_15_0,0.0
labeled_linagora_cs_arabize,لرويحنا   ميروي لعبا ش نخرجو مع بعضنا ولا لي,لرواحنا سي يون ريلاسيون لي ما يراوهاش العباد فاش ما نخرجوش مع بعضنا ولا كاللي معنتها سي ان تروك انتيم,7.3429999351501465,TunSwitchCS_0000097_0000072_97_72_0,0.85
labeled_linagora_cs_arabize,اسمي كميرا نحب نلغي حجدي لنرض الجمعة,اسمي كيميرا نحب نلغي حجزي متاع نهار الجمعة,2.9679999351501465,TunSwitchTO_0000009_0000021_0000035_whs_9_21_35_whs_0,0.5
labeled_linagora_cs_arabize,وانا هزتني السرحة والبهتة ومانيش نصدق ولا ماستوعب الشي اللي قاعدة تحكي فيها المرة,و انا هزتني السرحة و البهتة و ما ني ش مصدقة ولا مستوعبة الشي لي قاعدة تحكي فيه ها المراء,4.831999778747559,TunSwitchCS_0000022_0000134_22_134_0,0.7
labeled_linagora_cs_arabize,lasce je,العشية,1.0188000202178955,el_3chiyya_27024_0,2.0
labeled_linagora_cs_arabize,شراب واحد اخر منفضل,شراب واحد آخر من فضلك,1.3279999494552612,TunSwitchTO_0000004_0000014_0000002_df0000004_4_14_02_df4_0,0.6
labeled_linagora_cs_arabize,وقع جب سبع خير بربي حبيت نتكلم ربي يشوفون الأسوام خاطر غالية برشا معاش نجمو نقضيو را ومعاش نجمو نعيشو,صندوق عجب صباح الخير بربي حبيت نتكلم بربي شوفوا لنا ال الاسوام خاطر غالية برشا ما عادش نجموا نقضيو راهو ما عادش نجموا نعيشوا,7.624000072479248,amenyKH_0000004_chunk_0000031_004_chunk_31_0,0.7083333333333334
labeled_linagora_cs_arabize,نتصور عندي الدوخة نتاع الهواء,نتصور عندي الدوخة متاع الهواء,1.944000005722046,TunSwitchTO_0000022_0000014_0000054_n0000004o_22_14_54_n4o_0,0.2
labeled_linagora_cs_arabize,اللي ماشي للجامعة اللي ماشي يخدم ونقعد حياتي واقف نخمم فيالباك نسمع,الي ماشي للجامع الي ماشي يخدم وانا قاعد حياتي واقفة نخمم في الباك نسمع,4.039999961853027,TunSwitchTO_0000133_0000019_0000045_s0000007w_133_19_45_s7w_0,0.5714285714285714
labeled_linagora_cs_arabize,شيت البنقشتح م طفلة طفلة رى,مشيت لبوه لقيتو يشطح مع طفلة اخرى بيان سور طفلة اخرى دان لي تون,2.9760000705718994,TunSwitchCS_0000097_0000482_97_482_0,0.8571428571428571
labeled_linagora_cs_arabize,من هوني للشط,من هوني للشط,1.0640000104904175,TunSwitchTO_0000065_0000014_0000043_0000002f0000008_65_14_43_2f8_0,0.0
labeled_linagora_cs_arabize,لومكنا عليش نمشي نصرة في فلوس أل كأنا عندي عبيد,دونك انا علاش نمشي نصرف في فلوس الور كي انا عندي عباد,3.640000104904175,TunSwitchCS_0000096_0000807_96_807_0,0.6666666666666666
labeled_linagora_cs_arabize,خالي لكلين يحلم يرا روحو وفي البن هذيكا في ترانسفرماتيون هذيكا يبعد أب يشري,خلي ال كلاينت يحلم يرا روحو فال بوينت هذاكة فال ترانسفورماسيون هاذيكا من بعد اب يشري,5.056000232696533,TunSwitchCS_0000096_0000156_96_156_0,0.75
labeled_linagora_cs_arabize,من بعد باش تجي الاتاب منتاع ال الي هو لازم يكون أتيرا في فلر جوتي الي باش خل عبدا والله تعم في كن سفا,من بعد باش يجي ال ايتاب متاع ال كونتنت الي هو لازم يكون اتيران فيه فالور اجوتي الي باش يخلي العبد و الله تعمل في كونتونو سا فا,7.25600004196167,TunSwitchCS_0000096_0000386_96_386_0,0.6071428571428571
labeled_linagora_cs_arabize,والله الزواج باش يولي من المستحيل في تونس,و الله الزواج باش ايولي من المستحيل في تونس,3.7839999198913574,TunSwitchTO_0000021_0000014_0000054_0000001ku_21_14_54_1ku_0,0.3333333333333333
labeled_linagora_cs_arabize,ويعلم ربي زرت وتلة وقصورات وقداش كليت لونغوست وكافيارو شرب تاغلة,ويعلم ربي آش زرت وتلة وقصورات وقداش كليت لونقوست وكافيار وشربت اغلى,6.495999813079834,TunSwitchTO_0000006_0000020_0000044_bp0000003_6_20_44_bp3_0,0.4166666666666667
labeled_linagora_cs_arabize,باش ندفع خمسين دولار,باش ندفع خمسين دولار,1.968000054359436,TunSwitchTO_0000145_0000019_0000048_ev0000002_145_19_48_ev2_0,0.0
labeled_linagora_cs_arabize,أنا وفات جاتا معناها جات من بريود,انا ان في جات معناها جات يون بيريود,3.128000020980835,TunSwitchCS_0000096_0000665_96_665_0,0.75
labeled_linagora_cs_arabize,nɣerersu,نعرسو,1.159999966621399,n3arrsou_31269_0,1.0
labeled_linagora_cs_arabize,فم ا العقلية لايتم جديد وهاني جاي كان ماهر الخليفي على خاطر كل مقالا برايم تركي مهمة ياسر عليش لا القانون ما يتبدلش انتوم خدمتو على تغيير القانون كاري  لنا نحكي قانون نتاع بلاد,فمة ابرونتيساج في العقلية لاهي يتم جديد و و هاني جايك انا ماهر الخليفي على خاطر كلمة قالها براهيم تركي مهمة ياسر علاش لا القانون ما يتبدلش انتوما خدمتو على تغير القانون كاريمون معناها لهنا نحكيو على قانون متاع بلاد,13.567999839782715,TunSwitchCS_0000007_sub_audio_chunk_0000002_7_sub_audio_chunk_2_0,0.55
labeled_linagora_cs_arabize,raqbe,رقبة,1.2379000186920166,rakba_5270_0,1.0
labeled_linagora_cs_arabize,ذونك برا يمشي اصرف عليها,دونك برا امشي اصرف عليها,1.3969999551773071,TunSwitchCS_0000095_0001095_95_1095_0,0.4
labeled_linagora_cs_arabize,ل يقى في مخاطبتك للمصرف واللي يحب نطلب حاجة لازم نعرف كفيش نطلب,اللياقة في مخاطبتك للمشرف والي يحب يطلب حاجة لازم يعرف كيفاش يطلبها,4.047999858856201,TunSwitchTO_0000024_0000021_0000042_m0000003s_24_21_42_m3s_0,0.6666666666666666
labeled_linagora_cs_arabize,تعرفني تونسي ونتمنى لو كانجاو توانسة كل هك تونس ف القلب,تعرفني تونسي ونتمانا لو كان جاو التوانسة الكل هكة تونس في القلب,4.191999912261963,TunSwitchTO_0000022_0000021_0000012_mas_22_21_12_mas_0,0.5833333333333334
labeled_linagora_cs_arabize,كيفاش كان,كيفاش كانت,0.6399999856948853,TunSwitchTO_0000093_0000019_0000032_lqs_93_19_32_lqs_0,0.5
labeled_linagora_cs_arabize,احكي لي وينك تستنى الساعة تحت قهوة يعمللي قهوة بليش سكر تستحفظ على المتاعك,احكيلي وينك استنى ساعة تحب قهوة اي اعملي قهوة بلاش سكر تستحفض على ال متاعك,5.072000026702881,TunSwitchTO_0000007_0000006_0000058_fn0000000_7_06_58_fn0_0,0.7333333333333333
labeled_linagora_cs_arabize,منين ناخو تسكر المترو,منين ناخذ تسكرة للميترو,1.2079999446868896,TunSwitchTO_0000022_0000018_0000012_u0000009r_22_18_12_u9r_0,0.75
labeled_linagora_cs_arabize,على على الاستعلاق الأبي فنساميوه لسبريماسيزم بلانك اللي هو اليوما,على على الاستعلاء الابيض نسميوه لي سوبريماسيزم بلان الي هو ليوما,4.736000061035156,TunSwitchCS_0000050_0000043_0000001_50_43_1_0,0.7272727272727273
labeled_linagora_cs_arabize,ولا عندهم حسابات طفيهم عدش تفرج عليهم فما غيرهم برشا,ولا هم عندهم حساباتهم طفيهم ما عادش تتفرج عليهم فمة غيرهم برشا,4.98799991607666,TunSwitchTO_0000032_0000002_0000010_vwg_32_02_10_vwg_0,0.5
labeled_linagora_cs_arabize,mтin,ميتين,1.4639999866485596,mitine_31339_0,1.0
labeled_linagora_cs_arabize,ما لا امشي طول ودور على اليمين مع الشارع الثالث توتلقاه على يمينك,ملا امشي طول و دور على الليمين مع الشارع الثالث توا تلقاه على يمينك,4.960000038146973,TunSwitchTO_0000003_0000015_0000011_0000007bj_3_15_11_7bj_0,0.5
labeled_linagora_cs_arabize,في أما وقت لازمني نكون في المطار,في اما وقت لازمني نكون في المطار,2.072000026702881,TunSwitchTO_0000004_0000014_0000042_0000007jf_4_14_42_7jf_0,0.14285714285714285
labeled_linagora_cs_arabize,ذونك أنا بعض كدجاء جزت ركاست على عام العمر,دونك انا من بعد ديجا جوست ركزت على عام من العمر,3.0160000324249268,TunSwitchCS_0000096_0000116_96_116_0,0.7272727272727273
labeled_linagora_cs_arabize,سرتان نيفاو معاش بشتاخذها كيما هي خطرنتي  رتا نيفاو عندك بusiness وعندك return on adpend وعندك scaلability وعندك p مع الكليeن تاع,سيرتان نيفو ما عادش باش تاخذها كيما هيا خاطر انت سيرتان نيفو عندك بيزنيس و عندك ريتورن اون انفستمنت عندك سكالابيليتي عندك ابي مع ال كلي متاعك,9.543999671936035,TunSwitchCS_0000095_0000530_95_530_0,0.8888888888888888
labeled_linagora_cs_arabize,تعرف عليش مشيت وتزيت,تعرف علاش مشات و تزيد,1.6640000343322754,TunSwitchCS_0000095_0000520_95_520_0,0.8
labeled_linagora_cs_arabize,باش نخرج من الهوم وفيس خاطر مانش عبد ني نخدم بحظة فرش,باش نخرج مال هوم وفيس خاطر ما ني ش عبد الي نخدم بحذا فرش,3.8259999752044678,TunSwitchCS_0000096_0000274_96_274_0,0.5
labeled_linagora_cs_arabize,نهاري ما نجمش نطلبة من عندها مشنو تخسد بالضب,نهاري منجمش نطلبه من عنده اما شنوا تقصد بالضبط,2.5920000076293945,TunSwitchTO_0000136_0000019_0000045_qy0000002_136_19_45_qy2_0,0.8888888888888888
labeled_linagora_cs_arabize,قلت لا يامي زيت أنا قررت ومانا باش نخلق,قلتلها يامي زايد انا قررت و مرة باش نخلق,3.0239999294281006,TunSwitchCS_0000021_0000195_21_195_0,0.6666666666666666
labeled_linagora_cs_arabize,okrana,اكرانيا,1.24590003490448,Okrania_31416_0,1.0
labeled_linagora_cs_arabize,قطر ولا الإماراتز حتى كاس الحومت وتشوف الدنيا كا تقلب,قطر ولا الامارات تهز حتى كاس الحومة توا تشوف دنيا كيفاش تتقلب,3.880000114440918,TunSwitchTO_0000160_0000019_0000053_kx0000003_160_19_53_kx3_0,0.6666666666666666
labeled_linagora_cs_arabize,فما بنات دخلوهم بتتجاج ونقعت قالو للتحقيق السن فيك,فمة بنات دخلوهم لبيت الدجاج و انا قعدت قالوا لي التحقيق يستني فيك,4.5279998779296875,TunSwitchTO_0000024_0000018_0000058_0000007in_24_18_58_7in_0,0.7692307692307693
labeled_linagora_cs_arabize,وين المغصلة القريبة,وين المغسلة القريبة,1.0240000486373901,TunSwitchTO_0000020_0000018_0000012_isc_20_18_12_isc_0,0.3333333333333333
labeled_linagora_cs_arabize,haslima i sel mik,عالسلامة يسلمك,2.290800094604492,asslema_ysalmek_reponse_2530_0,2.0
labeled_linagora_cs_arabize,نح بالكر  ملفاز دويات وطب كلشي عديت الفا,تنحى بال كرياتيفيتي دونك مال فاز مال فاز دوايات و طبة و كل شيء تعديت ل فاز,8.871999740600586,TunSwitchCS_0000097_0000112_97_112_0,1.0
labeled_linagora_cs_arabize,عشرة وابعي عايشي,عشرة طوابع يعيشك,1.159999966621399,TunSwitchTO_0000041_0000021_0000020_udh_41_21_20_udh_0,0.6666666666666666
labeled_linagora_cs_arabize,انا عرست والحمدللله العرص لكل تكلف ماليوم وصدقاني كل شي,انا عرست و الحمد لله العرس الكل تكلف مليون وصدقوني كل شيء,4.480000019073486,TunSwitchTO_0000028_0000021_0000014_jma_28_21_14_jma_0,0.6666666666666666
labeled_linagora_cs_arabize,علموهم ولديهم الجارة,علموهم و الديهم التجارة,1.4800000190734863,TunSwitchCS_0000019_0000051_19_51_0,0.75
labeled_linagora_cs_arabize,فما حوايش تساهل تسكر عليها خاطر بالحق لازم تسكر كيما المشاكل,فمة حوايج تستاهل تسكر عليها خاتر بالحق لازم تتسكر كيما المشاكل,4.056000232696533,TunSwitchTO_0000173_0000019_0000056_r0000007w_173_19_56_r7w_0,0.45454545454545453
labeled_linagora_cs_arabize,nharekzin,نهارك زين,1.507099986076355,nharik_zin_31192_0,1.0
labeled_linagora_cs_arabize,وبعمر واللقانا حد وين ما تخبين نبداو نتفرجو فيهم الفوق كيفاش يلوجو علينا,وبعمرو لا لقانا حد وين متخبين نبداوا نتفرجوا فيهم من الفوق كيفاش يلوجوا علينا,4.728000164031982,TunSwitchTO_0000020_0000021_0000011_0000006za_20_21_11_6za_0,0.6428571428571429
labeled_linagora_cs_arabize,اللي هي تحط د ررتي وأناهي معناها الحاجه فما حاجات  مش منحرقوش الك ما فما د تكنيك,الي هيا تحط دي بريوريتي و اناهي معناها الحاجة فمة حاجات ان في مش ما نحرقوش ال كونتونو فمة دي تيكنيك,6.535999774932861,TunSwitchCS_0000096_0000621_96_621_0,0.8095238095238095
labeled_linagora_cs_arabize,صدقني حتى في القاوة وواحد معتها وعندي زملاء وتكيفو من ديما متها ديما ننصحتيهم ونبعد نبعد عليها معاش قنت قبل,صدقني حتى في القهوة و واحد معناتها م عندي زملاء ويتكيفوا وليت ديما معناتها ديما ننصح فيهم ونبعد نبعد عليهم ما عادش كنت قبل,8.32800006866455,amenyKH_0000006_0000006_0002012_partie0000001_0000003_chunk_0000197_06_06_2012_partie1_3_chunk_197_0,0.625
labeled_linagora_cs_arabize,نحب نعمل نظر على بيت التبديل,نحب نعمل نضرة على بيت التبديل,1.8559999465942383,TunSwitchTO_0000027_0000014_0000058_lmz_27_14_58_lmz_0,0.16666666666666666
labeled_linagora_cs_arabize,عندكم غلال البحرة,عندكم غلال البحر,1.3200000524520874,TunSwitchTO_0000035_0000015_0000002_nwy_35_15_02_nwy_0,0.3333333333333333
labeled_linagora_cs_arabize,lhend,الهند,1.5151000022888184,Hend_12574_0,1.0
labeled_linagora_cs_arabize,العائدات متاعنا القديمة متاعنا القديمة ماجاش خلي باش يجي الجديد خلينا احنا توى الكل الكل,العائدات متاعنا القديمة متاعنا القديمة ما جا ش خلي باش يجي الجديد خلينا احنا توا الكل لكل,7.199999809265137,TunSwitchTO_0000006_0000006_0000057_0000008xi_6_06_57_8xi_0,0.29411764705882354
labeled_linagora_cs_arabize,أناهي الحكومة اللي باش تدخل لك في إصلاحات خطيرة,اشك اناهي الحكومة الي باش تدخل لك في اصلاحات خطيرة,2.8399999141693115,amenyKH_0000002_chunk_0000076_002_chunk_76_0,0.4
labeled_linagora_cs_arabize,تحسن دراسية تكون على الأقل,كون في ال رنتره السنة الدراسية تكون على الاقل,2.9119999408721924,amenyKH_partie0000004_chunk_0000106_partie4_chunk_106_0,0.7777777777777778
labeled_linagora_cs_arabize,تحب تشري لوبا,تحب تشري روبة,0.9039999842643738,TunSwitchTO_0000028_0000018_0000019_oby_28_18_19_oby_0,0.3333333333333333
labeled_linagora_cs_arabize,الكل هم مطبوعين,الكلهم مطبوعين,1.6959999799728394,TunSwitchTO_0000010_0000020_0000033_l0000007b_10_20_33_l7b_0,1.0
labeled_linagora_cs_arabize,فما طريقة تفكير و طريقة التعامل  مع البرودوي مع االسولوسيون مع المشروع بصفة عامة,فمة طريقة تفكير و طريقة تعامل مع ال برودوي مع ال سولوسيون مع المشروع بصفة عامة,8.552000045776367,TunSwitchCS_0000005_0000049_5_49_0,0.375
labeled_linagora_cs_arabize,biro,بيرو,1.507099986076355,birou_2918_0,1.0
labeled_linagora_cs_arabize,كفاش تحاول أنك تشو cntrول تزيmوشa وتحاول أنك تتعدى,كيفاش تحاول انك تو كونترول تي ايموشيون و تحاول انك تتعدى,4.760000228881836,TunSwitchCS_0000095_0001367_95_1367_0,0.8181818181818182
labeled_linagora_cs_arabize,باش نخدموها شغلي بوتيك فيزيك,باش نخدموها سور لي بوتيك فيزيك,1.5839999914169312,TunSwitchCS_0000095_0000970_95_970_0,0.3333333333333333
labeled_linagora_cs_arabize,تقوللي بقداش تليفون هذا,تقلي بقداش التالفون هاذا,1.600000023841858,TunSwitchTO_0000004_0000023_0000036_0000008k0000009_4_23_36_8k9_0,0.75
labeled_linagora_cs_arabize,سمحنا رانا معبين اغضوة اللي,سامحنا رانا معبيين غدوة الليل,2.0959999561309814,TunSwitchTO_0000078_0000019_0000026_h0000003n_78_19_26_h3n_0,0.8
labeled_linagora_cs_arabize,إيه بقاج واحد اخر جاني للبيت نتاعي تنجم تثبت يعيشك,ايه باقاج واحد آخر جاني للبيت متاعي تنجم تثبت يعيشك,4.5920000076293945,TunSwitchTO_0000012_0000020_0000046_0000006at_12_20_46_6at_0,0.4
labeled_linagora_cs_arabize,لازمني نبادل الدولارات هذا,لازمني نبدل الدولارات هاذم,1.8240000009536743,TunSwitchTO_0000029_0000020_0000054_c0000000j_29_20_54_c0j_0,0.5
labeled_linagora_cs_arabize,تبدل الفلوس متاع البرة,تبدل فلوس متاع البرة,2.0480000972747803,TunSwitchTO_0000182_0000019_0000057_mhw_182_19_57_mhw_0,0.25
labeled_linagora_cs_arabize,تحب عصير شنو,تحب عصير شنوا,0.9919999837875366,TunSwitchTO_0000025_0000018_0000016_zbu_25_18_16_zbu_0,0.3333333333333333
labeled_linagora_cs_arabize,وقت لي هو يبدا عامل جوع لي يعمل فيه وشايخ عليه ويحس يروح إل انتبر,وقت الي هو يبدا عامل جو على يعمل فيه و شايخ عليه و يحس روحو يل انتربروند,3.927999973297119,TunSwitchCS_0000095_0000767_95_767_0,0.5882352941176471
labeled_linagora_cs_arabize,فالك الغياكسيون تاع العباد ليقرا بلي نورمال,ال رياكسيون متاع لعباد الي قرابلي نورمال,4.379000186920166,TunSwitchCS_0000035_0000087_0000000_35_87_0_0,0.8571428571428571
labeled_linagora_cs_arabize,دمت لنا فقرا يا كونسنا أنا تونسي أتكلم لقة التوانس العربية ولا أتكلم لوق,دمت لنا فخرا يا تونسنا انا تونسي اتكلم لغة التوانسة العربية و لا اتكلم لغة,5.6479997634887695,TunSwitchTO_0000014_0000021_0000037_srj_14_21_37_srj_0,0.6666666666666666
labeled_linagora_cs_arabize,آه باهي تصور خداش الخدمة هذي تاخذ كان تطرح سؤال ثاني على كل واحد يجافي ساخوذ باغاجنا لازمنا توا نمشي والمكتب الديوان,اه باهي تصور قداش الخدمة هاذي تاخذ كان تطرح سؤال ثاني على كل واحد ايجا فيسع و خوذ باقاجنا لازمنا توا نمشيو لمكتب الديوانة,7.239999771118164,TunSwitchTO_0000150_0000019_0000050_a0000008k_150_19_50_a8k_0,0.4583333333333333
labeled_linagora_cs_arabize,وعندي قرابة دولار بليون ليابان,عندي قرابة الفين و خمسة مية دولار باليان الياباني,3.200000047683716,TunSwitchTO_0000035_0000021_0000018_ni0000003_35_21_18_ni3_0,0.7777777777777778
labeled_linagora_cs_arabize,بين سور دخل برشا فلوس,بيان سور دخل برشا فلوس,1.25600004196167,TunSwitchCS_0000096_0000001_96_1_0,0.2
labeled_linagora_cs_arabize,حبله حامل,حبلى حامل,2.0216000080108643,7ebla_7amel_8837_0,0.5
labeled_linagora_cs_arabize,عندي نفس العمر,عندي نفس العمر,1.8960000276565552,TunSwitchTO_0000011_0000018_0000054_xko_11_18_54_xko_0,0.0
labeled_linagora_cs_arabize,ن تعكتا  فما شكون أمن بينا ومانا نسويهم مش لي أمنو بينا منلو لخاطر بداو معانا وقت الي ما فمح,بور ريبوندر ا تا كاستيون فمة شكون امن بينا ما ننساوهمش الي امنو بينا من اللول خاطر بداو معنا وقتلي ما فمة,5.473999977111816,TunSwitchCS_0000095_0000342_95_342_0,0.8636363636363636
labeled_linagora_cs_arabize,ما ينجم يركز كان بالدخالوهو مش صحيحة مجرد تصور في مخوة وبالطبيعة ذا كان يستانس  يكون حياته كاملة,ينجم يركز كان بال بالدخان بالطبيعة اذا كان باش يستانس يعني باش يكون حياتو كاملة,8.303999900817871,amenyKH_0000006_0000006_0002012_partie0000003_chunk_0000103_06_06_2012_partie3_chunk_103_0,0.8666666666666667
labeled_linagora_cs_arabize,عندو دوتر باتولوجية خلو,عندو دوتغ باثولوجي خلاوه,1.8380000591278076,TunSwitchCS_0000097_0000320_97_320_0,0.75
labeled_linagora_cs_arabize,قتلك تحب تتفكر مطعم الطفول كي كانوا ياحفطوحما كامل,قالتلك تحب تتفكر مطعم الطفولة كي كانوا يهبطوا حومة كاملة,3.9600000381469727,TunSwitchTO_0000006_0000018_0000053_a0000005h_6_18_53_a5h_0,0.5
labeled_linagora_cs_arabize,عيد ميلادك قرب,عيد ميلادك قرب,1.0800000429153442,TunSwitchTO_0000026_0000014_0000057_i0000005z_26_14_57_i5z_0,0.0
labeled_linagora_cs_arabize,swaya,سوايع,1.2539000511169434,swey3_31870_0,1.0
labeled_linagora_cs_arabize,هذا وضع السياحة في تونس سياحتنا مصنفة الثانية عربيا بعد الامارات وتحتل المركز في العالم,هاذا وضع السياحة في تونس سياحتنا مصنفة الثانية عربيا بعد الامارات وتحتل المركز في العالم,6.0960001945495605,TunSwitchTO_0000058_0000019_0000021_xkl_58_19_21_xkl_0,0.06666666666666667
labeled_linagora_cs_arabize,ا هاذي معنتها تسهلك دنيا الكل خاطر بو كان ت   تفياج مش لناس كل جمتساف,فورماسيون هاذي معنتها تسهلك الدنيا الكل خاطر بون كان تو فواياج مش الناس الكل تنجم تسافر,5.383999824523926,TunSwitchCS_0000095_0000635_95_635_0,0.5625
labeled_linagora_cs_arabize,نبميحة  اا في الخر نحب نقول ب,لي اكسبيريونس متاعها سو ذاتس يت في اللخر نحب نقول بي يورسيلفز بي ا قود بيرسون,12.0,TunSwitchCS_0000662_0000136_0000000_662_136_0_0,0.8125
labeled_linagora_cs_arabize,فما حاجة اللي ما تمشيش في كارت ثبيطي تنجم تعطيني وحدة أخرى يعيشك,فمة حاجة الي ما تمشيش في كارطة بيتي تنجم تعطيني واحدة اخرى يعيشك,4.960000038146973,TunSwitchTO_0000010_0000014_0000045_knp_10_14_45_knp_0,0.46153846153846156
labeled_linagora_cs_arabize,وي طط,وي اونتر اوتر,1.3389999866485596,TunSwitchCS_0000095_0001069_95_1069_0,0.6666666666666666
labeled_linagora_cs_arabize,تلقى روحك تعيش في الناشح فيصل الصمع للتعليق على هذا الموضوع,تلقى روحك تعيش في الناشح فيصل الصمعي للتعليق على هاذا الموضوع,3.2799999713897705,TunSwitchTO_0000125_0000019_0000040_0000004ro_125_19_40_4ro_0,0.18181818181818182
labeled_linagora_cs_arabize,أكيد كيفا نجم نعونك,اكيد كيفاش نجم نعاونك,1.4880000352859497,TunSwitchTO_0000026_0000018_0000018_c0000001r_26_18_18_c1r_0,0.75
labeled_linagora_cs_arabize,قطلهمينا,قلتلهم انا,0.9879999756813049,TunSwitchCS_0000023_0000134_23_134_0,1.0
labeled_linagora_cs_arabize,يسوسمية شوف لي لفيل,حداش وتسعة مية شوف لي الفين,1.600000023841858,amenyKH_MIC0000001_mod_0000019_chunk_0000005_MIC00001_mod_19_chunk_5_0,0.6666666666666666
labeled_linagora_cs_arabize,فما منو حاجة ياسرة ناشخت عليها,فمة منو حاجة ياسر انا شخت عليها,2.8239998817443848,TunSwitchCS_0000095_0000632_95_632_0,0.5714285714285714
labeled_linagora_cs_arabize,التنرفيز والغش والامبلسيفيته راهيما عندها وينتواصل باش نحي لكم الإنرجي,التنرفيز و الغش و ال امبولسيفيتي راهي ما عندها من توصل باش تنحي لك من ال انرجي,6.015999794006348,TunSwitchCS_0000095_0001373_95_1373_0,0.8235294117647058
labeled_linagora_cs_arabize,عندكشي جولة أخرة,عندكشي جولة آخرى,1.2319999933242798,TunSwitchTO_0000013_0000018_0000051_d0000002p_13_18_51_d2p_0,0.3333333333333333
labeled_linagora_cs_arabize,انتي ك تبدأ خدم البرسن متاعك بعض لبارامتر باش القام حاضرين رس باش تكتبهم تكتك,ماهو انت كي تبدا خادم ال بيرسونا متاعك بعد لي بارامتر باش تلقاهم حاضرين جوست باش تكتبهم تك تك,4.8480000495910645,TunSwitchCS_0000096_0000162_96_162_0,0.7368421052631579
labeled_linagora_cs_arabize,تبسم محمود وقالو عندك أفكار هايلة يا وحياتي,تبسم محمود و قالوا عندك افكار هايلة يا وحيد,4.072000026702881,TunSwitchCS_0000019_0000176_19_176_0,0.4444444444444444
labeled_linagora_cs_arabize,ha treje,عطريا,1.507099986076355,3otryya_31765_0,2.0
labeled_linagora_cs_arabize,قداش ناقفو من مرة باش ن,قداش ناقفوا من مرة باش نبدل,1.6239999532699585,TunSwitchTO_0000008_0000021_0000033_ywu_8_21_33_ywu_0,0.3333333333333333
labeled_linagora_cs_arabize,kerate,كراتي,1.24590003490448,karati_31750_0,1.0
labeled_linagora_cs_arabize,نشوفي شعبي اللي كان على حق يثور نشوف الناس تقاتل تنهبو ضغوء,نشوف في شعبي الي كان على حقو يثور نشوف في الناس تتقاتل تنهب و تغور,4.0960001945495605,TunSwitchTO_0000040_0000019_0000015_0000071y_40_19_15_71y_0,0.6
labeled_linagora_cs_arabize,سوملوتيل داخل فيه فطور الصباح,سوم الوتيل داخل فيه فطور الصباح,1.6399999856948853,TunSwitchTO_0000031_0000018_0000022_0000005f_31_18_22_05f_0,0.3333333333333333
labeled_linagora_cs_arabize,أغلبية معناه إسلام زما رسمت,اغلبية معناها التلامذة ما رسمتش,1.687999963760376,amenyKH_partie0000004_chunk_0000051_partie4_chunk_51_0,1.0
labeled_linagora_cs_arabize,فما حنوت ورد مشيرة الأخرى مشيارة,فمة حانوت ورد من الشيرة الاخرى من الشارع,2.496000051498413,TunSwitchTO_0000014_0000020_0000047_bmt_14_20_47_bmt_0,0.875
labeled_linagora_cs_arabize,لنغ فرنساي أنغلاي أي حاجه هاذيكا ماهيش كمبتة معناها انتي قريتها وتنجم تعلمها للعباد تنجم ت تصنع منها فلوس,لانق فرونساي انقلاي اي حاجة هاذيكا ما هي ش كومبيتونس معناها انت قريتها و تنجم تعلمها للعباد تنجم تصنع منها فلوس,8.64799976348877,TunSwitchCS_0000096_0000473_96_473_0,0.6190476190476191
labeled_linagora_cs_arabize,بوهم فرانساوي اما في راس أصغر مولود في تونس خاطر روحنا لتونس نخليكم,بوهم فرنساوي اما فراس اصغر مولود في تونس خاطر روحنا لتونس نخليكم,4.631999969482422,TunSwitchTO_0000011_0000014_0000045_0000086y_11_14_45_86y_0,0.3333333333333333
labeled_linagora_cs_arabize,être fier des résultats qu'on a fait,اتر فيير دي ريزولتا كون ا في,2.3359999656677246,TunSwitchCS_0000095_0000487_95_487_0,1.0
labeled_linagora_cs_arabize,دارو هو متتكي على الفوتوي حاجة تفرق بين تجربة سوفيان وتجربة,دارو وهو متكي على فوتاي حاجة تفرق بين تجربة سفيان و تجربتي,3.375999927520752,TunSwitchTO_0000036_0000018_0000025_drf_36_18_25_drf_0,0.5
labeled_linagora_cs_arabize,وaكيب وناس كل تجم تعمل على قد راه محلاها كيتخرج كرا d كاليتي وتخرج,و اكسسيبل الناس الكل تنجم تعمل على قد راهو محلاها كي تخرج كريات دي كاليتي و تخرج,5.541999816894531,TunSwitchCS_0000095_0001109_95_1109_0,0.7058823529411765
labeled_linagora_cs_arabize,musiqa musika,موسيقى موزيكا,2.696000099182129,mousi9a_musika_17557_0,1.0
labeled_linagora_cs_arabize,حتى لا ننسى سجل توى واربح رحلة إلى شمال المتوسط,حتى لا ننسى سجل توا و اربح رحلة الى شمال المتوسط,3.2079999446868896,TunSwitchTO_0000120_0000019_0000039_0000001it_120_19_39_1it_0,0.36363636363636365
labeled_linagora_cs_arabize,وكل واحد عند  ن ف ر خ,و كل واحد عندو يون ابتيتيود مثلا انا جي سوي سور معنتها سارة اختي,4.210000038146973,TunSwitchCS_0000097_0000387_97_387_0,0.9285714285714286
labeled_linagora_cs_arabize,في مهب الايام تبسيما لمراة واقف على كياس طبيع في خبزاتها الانجازات العظيمة هي القوة,في مهب الايام تبسيمة المراه واقفة على كياس تبيع في خبزاتها الانجازات العظيمة هيا القوة,7.208000183105469,TunSwitchTO_0000005_0000006_0000056_xy0000006_5_06_56_xy6_0,0.3333333333333333
labeled_linagora_cs_arabize,هي الحكايا مانا خاصريتش شي أماري بحين كرامتنا بالله يزينا ونتطيح لخشام فيه,هيا الحكاية ما نا خاسرين شيء اما رابحين كرامتنا بالله يزينا من تطييح الخشم في,5.248000144958496,TunSwitchTO_0000009_0000023_0000040_gec_9_23_40_gec_0,0.8
labeled_linagora_cs_arabize,tvöl,طفل,1.2539000511169434,tfol_8940_0,1.0
labeled_linagora_cs_arabize,موش معمول بالبيه,مش معمول بالباهي,1.8240000009536743,TunSwitchTO_0000061_0000019_0000022_eak_61_19_22_eak_0,0.6666666666666666
labeled_linagora_cs_arabize,نجمو تسابونا الطاولع يعيشكما,تنجموا تسيبولنا الطاولة يعيشكم,3.111999988555908,TunSwitchTO_0000013_0000020_0000047_vxg_13_20_47_vxg_0,1.0
labeled_linagora_cs_arabize,ما قعدناش جنب لجنب,ما قعدناش جنب لجنب,1.656000018119812,TunSwitchTO_0000024_0000014_0000056_kps_24_14_56_kps_0,0.0
labeled_linagora_cs_arabize,قعدت فيهاكالحوس جبت سيغارو وجابتلي صوفيا غهوة عربي اعطي كلما خوض كلما,قعدت في هاك الحوسة جبدت سيقارو و جابتلي صوفية قهوة عربي اعطي كلمة خوذ كلمة,5.072000026702881,TunSwitchTO_0000030_0000021_0000015_iv0000000_30_21_15_iv0_0,0.8
