dataset,prediction,duration_s,audio_id,source_url,seg_start,seg_end
unlabeled_youtube, إدارة الصيدلة والأدوية بوزارة الصحة تقرر سحب أربعة مكملات غذائية من السوق لعدم تطابقها مع المواصفات خبر قد يعتبر في ظاهره عاديا لكنه يخفي مشاكل كبرى تتعلق بإدارة,14.97599983215332,MDU2ROgeKns_0,https://www.youtube.com/watch?v=MDU2ROgeKns,0.0,15.0
unlabeled_youtube, فهذه المواد نجدها معروضة في مسالك أخرى غير الصيدليات حيث أنها تباع ويروج لها عبر الأنترنت ومواقع التواصل الاجتماعي لما أسمعت شلي وقاع صحب بعض المكملات,15.0,MDU2ROgeKns_1,https://www.youtube.com/watch?v=MDU2ROgeKns,15.0,30.0
unlabeled_youtube, بقى المواقع اللواب اللي هم يبيعوا في الأشياء هذية في الحقيقة أنا ما ندورش بيهم كنت نشري الحق ولو يظهر لي حاجة باية ما نفع توكيل للوزارة كما قال منعته منعته ما,15.0,MDU2ROgeKns_2,https://www.youtube.com/watch?v=MDU2ROgeKns,30.0,45.0
unlabeled_youtube, ما نشب معرضين لشي هذا الشكال بتاع المكملات الغذائية المصنوعة في تونس اللي ننجم نقاها في الصيدريات ولا ننجم نقاها في أي موقع تجاري آخر ولا حتى في مواقع التواصل الاجتماعي ولا على الانترنت فهما أشكال كبير في المكملات الغذائية اللي,15.0,MDU2ROgeKns_3,https://www.youtube.com/watch?v=MDU2ROgeKns,45.0,60.0
unlabeled_youtube, المصنعين محلين ما يخضعون حتى قانون ونلاحظوا اللي برشة موجهين للأطفال وهذا يختار الصافي على الصحة الصغار اليوم عنا هذو ما اللي صحبته مزرورة,15.0,MDU2ROgeKns_4,https://www.youtube.com/watch?v=MDU2ROgeKns,60.0,75.0
unlabeled_youtube, صحة لكن زادة فما في اريانة زادة اكتشفوا اللي فما محل غير مؤهل لصناعة المواد هذه وقعت يصنع في بعض الحاجات اللي هي موجهة خاصة للاطفال منظمة الدفاع عن المستهلك اكدت تلقيها,14.895999908447266,MDU2ROgeKns_5,https://www.youtube.com/watch?v=MDU2ROgeKns,75.0,90.0
unlabeled_youtube, تشكيات من عديد المواطنين تعرضوا لعمليات تحيل عند اقتناء مكملات غذائية من مواقع الانترنت في وقت تطالب خلاله نقابة أصحاب الصيدريات الخاصة وزارة الصحة بتفعيل القانون المنظم لهذا القطع,14.84000015258789,MDU2ROgeKns_6,https://www.youtube.com/watch?v=MDU2ROgeKns,90.0,105.0
unlabeled_youtube, اليوم القانون موجود في رفوف وزارة الصحة ما اصدرش القانون هذي هو امر حكومي. الامر حكومي هذي متفق عليه من طرف جميع المداخلين في القطاع ما فمناش عليش لتوا مخرجش الامر الحكومي هذي. دونك في غياب القانون فما غياب للمخالفات.,14.904000282287598,MDU2ROgeKns_7,https://www.youtube.com/watch?v=MDU2ROgeKns,105.0,120.0
unlabeled_youtube, وغياب للمراقبة بعضهم كل يوم ما تجب تعملهم حتى شيء حتى في الصنع وإلا في التوزيع المكملة الغذائية صحيحية مع نهابية لكن ماذا بينا زادا ناخدو نصيحة الطبيب المباشر متعنا اقبال اقبال على المواد هذية,14.991999626159668,MDU2ROgeKns_8,https://www.youtube.com/watch?v=MDU2ROgeKns,120.0,135.0
unlabeled_youtube, ونأكد ونأكد هنا ونعود قديش أحنا كمنظمة تشكيات جات المنظمة شكيات من على أساس وقع اقتناء على أساس مكاملات غذائية وكانت مواد تثبت لبرشها مشاكل صحية هوني دعوة إلى التوتر,15.0,MDU2ROgeKns_9,https://www.youtube.com/watch?v=MDU2ROgeKns,135.0,150.0
unlabeled_youtube, المكملات الغذائية هي ضرورة صحية للعديد من الأشخاص المتحدة,15.0,MDU2ROgeKns_10,https://www.youtube.com/watch?v=MDU2ROgeKns,150.0,165.0
unlabeled_youtube, مطالبين باتباع نصائح المختصين وتثبت من مصدر هذه المواد كي لا تتحول إلى أكذوبة تجارية تكون نتائجها عكسية,9.343999862670898,MDU2ROgeKns_11,https://www.youtube.com/watch?v=MDU2ROgeKns,165.0,175.2759
unlabeled_youtube, مرحبا بكم في صحتك اليوم دكتورة سلمة برمضان دغمتولوج معها بيش نحكيه على امراض نفسي او ربما ما نعرشته هيدا صحة حلنا اذا كان هدي,14.944000244140625,Xp9IhmeyW1w_0,https://www.youtube.com/watch?v=Xp9IhmeyW1w,0.0,15.0
unlabeled_youtube, بالضبط اللي بش نحكيه عليه اليوم هل إنه الجلدة متاعنا تنجم تكون طريقة بيها تعدي دي مساج اللي راهو فما حاجة سفابة معتال بتخانس متخ دي مساج توري اللي فما حاجة سفابة صحيا نفسيا وتكون ترجم بعض,15.0,Xp9IhmeyW1w_1,https://www.youtube.com/watch?v=Xp9IhmeyW1w,15.0,30.0
unlabeled_youtube, البسيكو درماتولوجي البسيكو درماتولوجي البسيكو درماتولوجي البسيكو درماتولوجي البسيكو درماتولوجي البسيكو درماتولوجي البسيكو درماتولوجي البسيكو درماتولوجي البسيكو درماتولوجي البسيكو درماتولوجي البسيكو درماتولوجي البسيكو درماتولوجي البسيكو درماتولوجي البسيكو درماتولوجي البسيكو درماتولوجي البسيكو درماتولوجي البسيكو درماتولوجي البسيكو درماتولوجي البسيكو درماتولوجي البسيكو درماتولوجي البسيكو درماتولوجي البسيكو درماتولوجي البسيكو درماتولوجي البسيكو درماتولوجي البسيكو درماتولوجي البسيكو درماتولوجي البسيكو درماتولوجي البسيكو درماتولوجي البسيكو درماتولوجي البسيكو درماتولوجي البسيكو درماتولوجي البسيكو درماتولوجي البسيكو درماتولوجي البسيكو درماتولوجي البسيكو درماتولوجي البسيكو درماتولوجي البسيكو درماتولوجي,15.0,Xp9IhmeyW1w_2,https://www.youtube.com/watch?v=Xp9IhmeyW1w,30.0,45.0
unlabeled_youtube, الجلدي. عليش طريقة الموضوع هذي هنا خاطر في العيادة متاعنا كل يوم كأتب جلد ديما كما قلت انتي طوان لاحظوا اللي الأمراض هذي جلدية ديما عندها سبب نفسي أو بالعكس,14.567999839782715,Xp9IhmeyW1w_3,https://www.youtube.com/watch?v=Xp9IhmeyW1w,45.0,60.0
unlabeled_youtube, في النوم والجنيني المخ جي مجلد عندهم نفس الوريجين المخ جي مجلد عندهم نفس الوريجين المخ جي مجلد عندهم نفس الوريجين المخ جي مخ جي مخ جي مخ جي مخ جي مخ جي مخ جي مخ جي مخ جي مخ جي مخ جي مخ جي مخ جي مخ جي مخ جي مخ جي مخ جي مخ جي مخ جي مخ جي مخ جي مخ جي مخ جي مخ جي مخ جي مخ جي مخ جي مخ جي مخ جي مخ جي مخ جي مخ جي مخ جي مخ جي مخ جي مخ جي مخ جي مخ جي مخ جي مخ جي مخ جي مخ جي مخ جي مخ جي مخ جي مخ جي مخ جي مخ جي مخ جي مخ جي مخ جي مخ جي مخ جي مخ جي مخ جي مخ جي مخ جي مخ جي مخ جي مخ جي مخ جي مخ جي مخ جي مخ جي مخ جي مخ جي مخ جي مخ جي مخ جي مخ جي مخ جي مخ جي مخ جي مخ جي مخ جي مخ جي مخ جي مخ جي مخ جي مخ جي مخ جي مخ جي مخ جي مخ جي مخ جي مخ جي مخ جي مخ جي مخ جي مخ جي مخ جي مخ جي مخ جي مخ جي مخ جي مخ جي م,14.97599983215332,Xp9IhmeyW1w_4,https://www.youtube.com/watch?v=Xp9IhmeyW1w,60.0,75.0
unlabeled_youtube, فهو بعد وكتشافنا دعنرمان الى حتى الهبيدرم يعني الى طبقة السادحية متاع الجلد عندها علاقة كبيرا عندها دي ترمي نزون نيروز.,14.447999954223633,Xp9IhmeyW1w_5,https://www.youtube.com/watch?v=Xp9IhmeyW1w,75.0,90.0
unlabeled_youtube, الأعصاب والجلد عندهم ارتباط كبير ببعضهم وثيق وفي الكواسانس معناها البيبي ملي تولد حتى لين يكبر طريقته بش يتعامل مع المحيط متاعه,14.84000015258789,Xp9IhmeyW1w_6,https://www.youtube.com/watch?v=Xp9IhmeyW1w,90.0,105.0
unlabeled_youtube, هي الجلد تكتيل معناتها مش تكتيل خاطر ما نسير لأمه يترضعه وتحظنه وتعنقه هو بشي يحس أتخبير هذيك الكل والمساج اللي بشي يتقاله مع الأم والشعور يعني الإيموسيون اللي بشي تعاده وقدمه بشي,14.991999626159668,Xp9IhmeyW1w_7,https://www.youtube.com/watch?v=Xp9IhmeyW1w,105.0,120.0
unlabeled_youtube, سجلوا غاديكا وفاما برشا علماء يعني منهم أطباء الجلد في العالم وكل شي ترقوا للموضوع ذي وعملوا رابط وليحذوا ولقاوا فهم رابط كبير فما ديزانتراكشون انتخ النفس يعني اه,14.960000038146973,Xp9IhmeyW1w_8,https://www.youtube.com/watch?v=Xp9IhmeyW1w,120.0,135.0
unlabeled_youtube, النفس والجلد معنتها الجلد يأثر على الجلد بالنفس هي فيزا لكي نلقاه أمراض الجلدية ما بين الأسباب متاحها فما تقلقات وتقلقات,14.847999572753906,Xp9IhmeyW1w_9,https://www.youtube.com/watch?v=Xp9IhmeyW1w,135.0,150.0
unlabeled_youtube, مثلا البسوريازيس يسميهم للملاضي بسيكوسوماتيك والتسمية هذي هي لتندنس توا معنى,15.0,Xp9IhmeyW1w_10,https://www.youtube.com/watch?v=Xp9IhmeyW1w,150.0,165.0
unlabeled_youtube, البسوريازيز هي الصدفية الصدفية عنده عدة عوامل منها عوامل جينية,15.0,Xp9IhmeyW1w_11,https://www.youtube.com/watch?v=Xp9IhmeyW1w,165.0,180.0
unlabeled_youtube, منها عوامل متاع في الانفيرونما منها عوامل مثلا ديزاغرسيون انفكسيوز ولا فيزيك ونلقاو زي دافا مع عوامل نفسية العوامل نفسية هذي هي سورتو هي الدكلنش لابوسي معنا هي تخلي,15.0,Xp9IhmeyW1w_12,https://www.youtube.com/watch?v=Xp9IhmeyW1w,180.0,195.0
unlabeled_youtube, من عرفة البسوريازيس يجيب أزميت كل أزمة متاع البسوريازيس يجيب جنرالما نلقاوها ديقلنشيه بحيث بحيث بحيث بحيث بحيث بحيث بحيث بحيث بحيث بحيث بحيث بحيث بحيث بحيث بحيث بحيث بحيث بحيث بحيث بحيث بحيث بحيث بحيث بحيث بحيث بحيث بحيث بحيث بحيث بحيث بحيث بحيث بحيث بحيث بحيث بحيث بحيث بحيث بحيث بحيث بحيث بحيث بحيث بحيث بحيث بحيث بحيث بحيث بحيث بحيث بحيث بحيث بحيث بحيث بحيث بحيث بحيث بحيث بحيث بحيث بحيث بحيث بحيث بحيث بحيث بحيث بحيث بحيث بحيث بحيث بحيث بحيث بحيث بحيث بحيث بحيث بحيث بحيث بحيث بحيث بحيث بحيث بحيث بحيث بحيث بحيث بحيث بحيث بحيث بحيث بحيث بحيث بحيث بحيث بحيث بحيث بحيث ب,14.991999626159668,Xp9IhmeyW1w_13,https://www.youtube.com/watch?v=Xp9IhmeyW1w,195.0,210.0
unlabeled_youtube, نلقاوه بالعكس مثلا بالمتعدي والعكس بخليفة السادافية فماش حاجة اخرى تنرجو فول فول فول فول فول فول فول فول فول فول فول فول فول فول فول فول فول فول فول فول فول فول فول فول فول فول فول فول فول فول فول فول فول فول فول فول فول فول فول فول فول فول فول فول فول فول فول فول فول فول فول فول فول فول فول فول فول فول فول فول فول فول فول فول فول فول فول فول فول فول فول فول فول فول فول فول فول فول فول فول فول فول فول فول فول فول فول فول فول فول فول فول فول فول فول فول فول فول فول فول فول فول فول فول فول فول فول فول فول فول فول فول فول فول فول فول فول فول فول فول فول فول فول فول فول فول فول فول فول,15.0,Xp9IhmeyW1w_14,https://www.youtube.com/watch?v=Xp9IhmeyW1w,210.0,225.0
unlabeled_youtube, العلماء اللي ترقوا في الموضوع اللي قادينا حكيو فيه اليوم، لابسيكو درماتولوجي، لأجزما يقول لك هو يدل على اين سيباراتيون,15.0,Xp9IhmeyW1w_15,https://www.youtube.com/watch?v=Xp9IhmeyW1w,225.0,240.0
unlabeled_youtube, بين الأم والصغير دكتور دكتور دكتور دكتور دكتور دكتور دكتور دكتور دكتور دكتور دكتور دكتور دكتور دكتور دكتور دكتور دكتور دكتور دكتور دكتور دكتور دكتور دكتور دكتور دكتور دكتور دكتور دكتور دكتور دكتور دكتور دكتور دكتور دكتور دكتور دكتور دكتور دكتور دكتور دكتور دكتور دكتور دكتور دكتور دكتور دكتور دكتور دكتور دكتور دكتور دكتور دكتور دكتور دكتور دكتور دكتور دكتور دكتور دكتور دكتور دكتور دكتور دكتور دكتور دكتور دكتور دكتور دكتور دكتور دكتور دكتور دكتور دكتور دكتور دكتور دكتور دكتور دكتور دكتور دكتور دكتور دكتور دكتور دكتور دكتور دكتور دكتور دكتور دكتور دكتور دكتور دكتور دكتور دكتور دكتور دكتور دكتور دكتور دكتور دكتور دكتور دكتور دكتور دكتور دكتور دكتور دكتور دكتور دكتور د,15.0,Xp9IhmeyW1w_16,https://www.youtube.com/watch?v=Xp9IhmeyW1w,240.0,255.0
unlabeled_youtube, يتساجل في الجلد الكل مثلاً مثلاً الإكزيما العلماء,15.0,Xp9IhmeyW1w_17,https://www.youtube.com/watch?v=Xp9IhmeyW1w,255.0,270.0
unlabeled_youtube, تفرق الصغير على أم وعلى بكري,15.0,Xp9IhmeyW1w_18,https://www.youtube.com/watch?v=Xp9IhmeyW1w,270.0,285.0
unlabeled_youtube, نحن نحن نحن نحن نحن نحن نحن نحن نحن نحن نحن نحن نحن نحن نحن نحن نحن نحن نحن نحن نحن نحن نحن نحن نحن نحن نحن نحن نحن نحن نحن نحن نحن نحن نحن نحن نحن نحن نحن نحن نحن نحن نحن نحن نحن نحن نحن نحن نحن نحن نحن نحن نحن نحن نحن نحن نحن نحن نحن نحن نحن نحن نحن نحن نحن نحن نحن نحن نحن نحن نحن نحن نحن نحن نحن نحن نحن نحن نحن نحن نحن نحن نحن نحن نحن نحن نحن نحن نحن نحن نحن نحن نحن نحن نحن نحن نحن نحن نحن نحن نحن نحن نحن نحن نحن نحن نحن نحن نحن نحن نحن نحن نحن نحن نحن نحن نحن نحن نحن نحن نحن نحن نحن نحن نحن نحن نحن نحن نحن نحن نحن نحن نحن نحن نحن نحن نحن نحن نحن نحن نحن نحن نحن نحن نحن نحن نحن نحن,15.0,Xp9IhmeyW1w_19,https://www.youtube.com/watch?v=Xp9IhmeyW1w,285.0,300.0
unlabeled_youtube, إلي تقلقات جلدية مثلا نعطي أمثلة مثلا الهذيين معنى أمراض نفسية واحدة يبدأ عنده مثلا الهذيين,15.0,Xp9IhmeyW1w_20,https://www.youtube.com/watch?v=Xp9IhmeyW1w,300.0,315.0
unlabeled_youtube, يتخيل حاجات يصرحوا في الجلدة متى ويقول لك نتخيل في حاجة ولا نتخيل في حشرات تسرح ولا حاجة يبدأ يحك ويحك ويحك ويحك ويحك ويجي في العيادة متى الجلدة ما يمشي,15.0,Xp9IhmeyW1w_21,https://www.youtube.com/watch?v=Xp9IhmeyW1w,315.0,330.0
unlabeled_youtube, طب النفسي مثال اخر مثلا تريكوتيلوماني هم الناس اللي تقلع شعارها تقلع شعارها بستخيس عندهم القلق عندهم الفجعة,15.0,Xp9IhmeyW1w_22,https://www.youtube.com/watch?v=Xp9IhmeyW1w,330.0,345.0
unlabeled_youtube, يقلعوا شعارهم ولا يقلعوا حوجبهم شعارهم داع رأسهم يعني اي اي كنقولوا مثلا امراض نفسية ولا تقلقات نفسية رأوا فيها الدرجات الكل انا مش بشرتي هي مرض نفسي كبير,15.0,Xp9IhmeyW1w_23,https://www.youtube.com/watch?v=Xp9IhmeyW1w,345.0,360.0
unlabeled_youtube, مالخفيف مالخفيف الى اقصى درجة مثلا فما مثلا ليكلوا ظوافرهم ليكلوا ظوافرهم فنالما سيسا يعني سترس معنى مش حاجة غراف ولكن تقعد مربوطة بسترس,15.0,Xp9IhmeyW1w_24,https://www.youtube.com/watch?v=Xp9IhmeyW1w,360.0,375.0
unlabeled_youtube, نحن نحن نحن نحن نحن نحن نحن نحن نحن نحن نحن نحن نحن نحن نحن نحن نحن نحن نحن نحن نحن نحن نحن نحن نحن نحن نحن نحن نحن نحن نحن نحن نحن نحن نحن نحن نحن نحن نحن نحن نحن نحن نحن نحن نحن نحن نحن نحن نحن نحن نحن نحن نحن نحن نحن نحن نحن نحن نحن نحن نحن نحن نحن نحن نحن نحن نحن نحن نحن نحن نحن نحن نحن نحن نحن نحن نحن نحن نحن نحن نحن نحن نحن نحن نحن نحن نحن نحن نحن نحن نحن نحن نحن نحن نحن نحن نحن نحن نحن نحن نحن نحن نحن نحن نحن نحن نحن نحن نحن نحن نحن نحن نحن نحن نحن نحن نحن نحن نحن نحن نحن نحن نحن نحن نحن نحن نحن نحن نحن نحن نحن نحن نحن نحن نحن نحن نحن نحن نحن نحن نحن نحن نحن نحن نحن نحن نحن نحن,15.0,Xp9IhmeyW1w_25,https://www.youtube.com/watch?v=Xp9IhmeyW1w,375.0,390.0
unlabeled_youtube, المترجم الى المترجم الى المترجم الى المترجم الى المترجم الى المترجم الى المترجم الى المترجم الى المترجم الى المترجم الى المترجم الى المترجم الى المترجم الى المترجم الى المترجم الى المترجم الى المترجم الى المترجم الى المترجم الى المترجم الى المترجم الى المترجم الى المترجم الى المترجم الى المترجم الى المترجم الى المترجم الى المترجم الى المترجم الى المترجم الى المترجم الى المترجم الى المترجم الى المترجم الى المترجم الى المترجم الى المترجم الى المترجم الى المترجم الى المترجم الى المترجم الى المترجم الى المترجم الى المترجم الى المترجم الى المترجم الى المترجم الى المترجم الى المترجم الى المترجم الى المترجم الى المترجم الى المترجم الى المترجم الى المترجم الى المترجم الى المترجم الى المترجم الى المترجم الى المترجم الى المترجم الى المترجم الى المترجم الى المترجم الى المترجم الى المترجم الى المترجم الى المترجم الى المترجم الى المترجم الى المترجم الى المترجم الى المترجم الى المترجم الى,15.0,Xp9IhmeyW1w_26,https://www.youtube.com/watch?v=Xp9IhmeyW1w,390.0,405.0
unlabeled_youtube, في الجلد المتعو بعد يمشي للدرمتولوك يقولوا هذا طلع لي وانا منيش فيهم شنو إليون دني مالتا أي أي أي أي أي أي أي أي أي أي أي أي أي أي أي أي أي أي أي أي أي أي أي أي أي أي أي أي أي أي أي أي أي أي أي أي أي أي أي أي أي أي أي أي أي أي أي أي أي أي أي أي أي أي أي أي أي أي أي أي أي أي أي أي أي أي أي أي أي أي أي أي أي أي أي أي أي أي أي أي أي أي أي أي أي أي أي أي أي أي أي أي أي أي أي أي أي أي أي أي أي أي أي أي أي أي أي أي أي أي أي أي أي أي أي أي أي أي أي أي أي أي أي أي أي أي أي أي أي أي أي أي أي أي أي أي أي أي أي أي أي أي أي أي أي أي أي أي أي أي أي أي أي أي أي أي أي أي أي أي أي أي أي أي أي أي أي أي أي أي أي أي أي أي أي أي أي أي أي أي أي أي أي أي أي أي أي أي أي أي أي أي أي أي أي أي أي أي أي أي أي أي أي أي أي أي أي أي أي أي أي أي أي أي أي أي أي أي أي أي أي أي أي أي أي أي أي أي أي أي أي أي أي أي أي أي أي أي أي أي أي أي أي أي أي أي أي أي أي أي أي أي أي أي أي أي أي أي أي أي أي أي أي أي أي أي أي أي أي أي أي أي أي أي أي أي أي أي أي أي أي أي أي أي أي أي أي أي أي أي أي أي أي أي أي أي أي أي أي أي أي أي أي أي أي أي أي أي أي أي أي أي أي أي أي أي أي أي أي أي أي أي أي أي أي أي أي أي أي أي أي أي أي أي أي أي أي أي أي أي أي أي أي أي أي أي أي أي أي أي أي أي أي أي أي أي أي أي أي أي أي أي أي أي أي أي أي أي أي أي أي أي أي أي أي أي أي أي أي أي أي أي أي أي أي أي أي أي أي أي أي أي أي أي أي,14.95199966430664,Xp9IhmeyW1w_27,https://www.youtube.com/watch?v=Xp9IhmeyW1w,405.0,420.0
unlabeled_youtube, تقلقات موهما ديه بشنا نقول عليها ايه كامل تقلقات ديه يكثر السرس والا دپرسيون العباد للأشخاص اللي قاهم ان دپرسيون وإلا عندهم لانكسيته,14.95199966430664,Xp9IhmeyW1w_28,https://www.youtube.com/watch?v=Xp9IhmeyW1w,420.0,435.0
unlabeled_youtube, لأن هذا الجلد يتحدث في الوصول الوصول الوصول الوصول الوصول الوصول الوصول الوصول الوصول الوصول الوصول الوصول الوصول الوصول الوصول الوصول الوصول الوصول الوصول الوصول الوصول الوصول الوصول الوصول الوصول الوصول الوصول الوصول الوصول الوصول الوصول الوصول الوصول الوصول الوصول الوصول الوصول الوصول الوصول الوصول الوصول الوصول الوصول الوصول الوصول الوصول الوصول الوصول الوصول الوصول الوصول الوصول الوصول الوصول الوصول الوصول الوصول الوصول الوصول الوصول الوصول الوصول الوصول الوصول الوصول الوصول الوصول الوصول الوصول الوصول الوصول الوصول الوصول الوصول الوصول الوصول الوصول الوصول الوصول الوصول الوصول الوصول الوصول الوصول الوصول الوصول الوصول الوصول الوصول الوصول الوصول الوصول الوصول الوصول الوصول الوصول الوصول الوصول الوصول الوصول الوصول الوصول الوصول الوصول الوصول الوصول الوصول الوصول ال,14.95199966430664,Xp9IhmeyW1w_29,https://www.youtube.com/watch?v=Xp9IhmeyW1w,435.0,450.0
unlabeled_youtube, نحن نحن نحن نحن نحن نحن نحن نحن نحن نحن نحن نحن نحن نحن نحن نحن نحن نحن نحن نحن نحن نحن نحن نحن نحن نحن نحن نحن نحن نحن نحن نحن نحن نحن نحن نحن نحن نحن نحن نحن نحن نحن نحن نحن نحن نحن نحن نحن نحن نحن نحن نحن نحن نحن نحن نحن نحن نحن نحن نحن نحن نحن نحن نحن نحن نحن نحن نحن نحن نحن نحن نحن نحن نحن نحن نحن نحن نحن نحن نحن نحن نحن نحن نحن نحن نحن نحن نحن نحن نحن نحن نحن نحن نحن نحن نحن نحن نحن نحن نحن نحن نحن نحن نحن نحن نحن نحن نحن نحن نحن نحن نحن نحن نحن نحن نحن نحن نحن نحن نحن نحن نحن نحن نحن نحن نحن نحن نحن نحن نحن نحن نحن نحن نحن نحن نحن نحن نحن نحن نحن نحن نحن نحن نحن نحن نحن نحن نحن,15.0,Xp9IhmeyW1w_30,https://www.youtube.com/watch?v=Xp9IhmeyW1w,450.0,465.0
unlabeled_youtube, تبدل معا تشكل جلد النظارة تجم تغميق شوية تبدأ تيغن وكل شيء هده عنده علقة كبيرة زيدة زيدة بالطلاق والسترس هده يأيون ديكوفرة طب النفس الجلدي اللي اليوم,15.0,Xp9IhmeyW1w_31,https://www.youtube.com/watch?v=Xp9IhmeyW1w,465.0,480.0
unlabeled_youtube, نحن نحن نحن نحن نحن نحن نحن نحن نحن نحن نحن نحن نحن نحن نحن نحن نحن نحن نحن نحن نحن نحن نحن نحن نحن نحن نحن نحن نحن نحن نحن نحن نحن نحن نحن نحن نحن نحن نحن نحن نحن نحن نحن نحن نحن نحن نحن نحن نحن نحن نحن نحن نحن نحن نحن نحن نحن نحن نحن نحن نحن نحن نحن نحن نحن نحن نحن نحن نحن نحن نحن نحن نحن نحن نحن نحن نحن نحن نحن نحن نحن نحن نحن نحن نحن نحن نحن نحن نحن نحن نحن نحن نحن نحن نحن نحن نحن نحن نحن نحن نحن نحن نحن نحن نحن نحن نحن نحن نحن نحن نحن نحن نحن نحن نحن نحن نحن نحن نحن نحن نحن نحن نحن نحن نحن نحن نحن نحن نحن نحن نحن نحن نحن نحن نحن نحن نحن نحن نحن نحن نحن نحن نحن نحن نحن نحن نحن نحن,15.0,Xp9IhmeyW1w_32,https://www.youtube.com/watch?v=Xp9IhmeyW1w,480.0,495.0
unlabeled_youtube, يجب أن يجب أن يجب أن يجب أن يجب أن يجب أن يجب أن يجب أن يجب أن يجب أن يجب أن يجب أن يجب أن يجب أن يجب أن يجب أن يجب أن يجب أن يجب أن يجب أن يجب أن يجب أن يجب أن يجب أن يجب أن يجب أن يجب أن يجب أن يجب أن يجب أن يجب أن يجب أن يجب أن يجب أن يجب أن يجب أن يجب أن يجب أن يجب أن يجب أن يجب أن يجب أن يجب أن يجب أن يجب أن يجب أن يجب أن يجب أن يجب أن يجب أن يجب أن يجب أن يجب أن يجب أن يجب أن يجب أن يجب أن يجب أن يجب أن يجب أن يجب أن يجب أن يجب أن يجب أن يجب أن يجب أن يجب أن يجب أن يجب أن يجب أن يجب أن يجب أن يجب أن يجب أن يجب أن يجب أن يجب أن يجب أن يجب أن يجب أن يجب أن يجب أن يجب أن يجب أن يجب أن يجب أن يجب أن يجب أن يجب أن يجب أن يجب أن يجب أن يجب أن يجب أن يجب أن يجب أن يجب أن يجب أن يجب أن يجب أن يجب أن يجب أن يجب أن يجب أن يجب أن يجب أن يجب أن يجب أن يجب أن يجب أن يجب أن,15.0,Xp9IhmeyW1w_33,https://www.youtube.com/watch?v=Xp9IhmeyW1w,495.0,510.0
unlabeled_youtube, بين الدغماتولوج معناها أول تبيب بش يشوفو الشخص هدايا يزمو يتعلم مش يتعلم معناه يزمو يكون أذن صاغية يسمعو ويقدر أكل القلق متاع وخاطر من سيوش من عقول ونعود الجلدة,14.97599983215332,Xp9IhmeyW1w_34,https://www.youtube.com/watch?v=Xp9IhmeyW1w,510.0,525.0
unlabeled_youtube, هي الأوغان يعني العضو اللي يخلي الشخص يتعامل مع المحيط الخارج مدعو يعطيك السحقة شكرا لك دكتورة سلمة برمدان ديرماتولوج لليوم معرفتنا على الطب النفسي,14.991999626159668,Xp9IhmeyW1w_35,https://www.youtube.com/watch?v=Xp9IhmeyW1w,525.0,540.0
unlabeled_youtube, ما فيها كان أكيد حاجة إيجابية بيش تكون النتائج العيلة جي أخير,15.0,Xp9IhmeyW1w_36,https://www.youtube.com/watch?v=Xp9IhmeyW1w,540.0,555.0
unlabeled_youtube, كنت دخلتنا في ساعتك لباس وإن شاء الله في وقت آخر نحكي على أكثر مواضيع مرحبا بكم مجدد في لمك موسيقى موسيقى موسيقى موسيقى,15.0,Xp9IhmeyW1w_37,https://www.youtube.com/watch?v=Xp9IhmeyW1w,555.0,570.0
unlabeled_youtube, مع موزايك بلوس مايفوتك شيء في عالم السياسة ومنذ الثقافة,15.0,Xp9IhmeyW1w_38,https://www.youtube.com/watch?v=Xp9IhmeyW1w,570.0,585.0
unlabeled_youtube, الاخبار الوطنية والعالمية نحلوها ونكسفو لكم كواليسها وفي ساعاتنا ثانية نحكيو ثقافة جديد الوكتوب السينما والموزيكا في العالم موزايا بروس ميناثين الجماعة من السبعة للتسعى نتعليم معي انا حسنا,15.0,Xp9IhmeyW1w_39,https://www.youtube.com/watch?v=Xp9IhmeyW1w,585.0,600.0
unlabeled_youtube, اشتركوا في القناة,14.991999626159668,Xp9IhmeyW1w_40,https://www.youtube.com/watch?v=Xp9IhmeyW1w,600.0,615.0
unlabeled_youtube, لحدي شو 53 دقيقة,1.9600000381469727,Xp9IhmeyW1w_41,https://www.youtube.com/watch?v=Xp9IhmeyW1w,615.0,616.9891
unlabeled_youtube, والخمول بالتوتر والقلق والاكتئاب خلال هذه الفترة هالمشاعر السلبية هذية شنوه معانتها التفسير الطبي متاح هل هناك معانتها اليوم ما فمح,15.0,kBZDwmRWer0_0,https://www.youtube.com/watch?v=kBZDwmRWer0,0.0,15.0
unlabeled_youtube, اشتركوا في القناة,15.0,kBZDwmRWer0_1,https://www.youtube.com/watch?v=kBZDwmRWer0,15.0,30.0
unlabeled_youtube, فيدباك فيدباك ضيفنا في المباشر الدكتور حسين دربيل طبيب المختص في اليوميو باتي والعلم,15.0,kBZDwmRWer0_2,https://www.youtube.com/watch?v=kBZDwmRWer0,30.0,45.0
unlabeled_youtube, مرحبا بك دكتور أهلا وسهلا مساء الخيرات شكرا شكرا شكرا على قبل دعوتنا مرحبا وتدوين أنا قريت على صفتك على فيسبوك تتحدث على جملة,15.0,kBZDwmRWer0_3,https://www.youtube.com/watch?v=kBZDwmRWer0,45.0,60.0
unlabeled_youtube, من الأحاسيس السلبية خلال هذه الفترة اللي يحسوا بها الناس شنوه وراء ذلك يعني شنوه الأسباب هل النوة مع تالي التقص للتوقيت شنوه بالضبط مع تالي خلينا نحسوا بالأحاسيس ذاية متاع الإرهاق متاع التعب ومتاع,15.0,kBZDwmRWer0_4,https://www.youtube.com/watch?v=kBZDwmRWer0,60.0,75.0
unlabeled_youtube, من فترة تجسوها في الأي ديت أو مع المرضى ولا حتى مع الأصدقاء ولا مع الأصدقاء,15.0,kBZDwmRWer0_5,https://www.youtube.com/watch?v=kBZDwmRWer0,75.0,90.0
unlabeled_youtube, ولينا نسمعهم برشة الكلمة إذية أي نسمعهم برشة حتى عند نس صغار لحقيقة وشباب ونشتين نغمناه تسمع برشة متعب معين في حتشين متقلق متوتر,15.0,kBZDwmRWer0_6,https://www.youtube.com/watch?v=kBZDwmRWer0,90.0,105.0
unlabeled_youtube, نسمعه من الأشياء ذيهو بشكل كبير باشا وهذا غريب غريب لأنه عند أن دور دي ملادي وقت نيس مع ذو مش مرضى,15.0,kBZDwmRWer0_7,https://www.youtube.com/watch?v=kBZDwmRWer0,105.0,120.0
unlabeled_youtube, وعنده مرض مع تلتوازن يخفضوه مريق الأمور وفهم ما فماش علاش بشيحس بالأحاسيس هذي يا مرد؟ بشيحس بالأحاسيس تلبيه الغريبة شوية ورحقيقة برشة ناس يواجهوا يعملوا في برشة تصور وبرشة تحديل ويبدأ,15.0,kBZDwmRWer0_8,https://www.youtube.com/watch?v=kBZDwmRWer0,120.0,135.0
unlabeled_youtube, يسأل في الـ AI يركبو الهلويس والحقيقة عنده حق المسيان خاطر ما تجم أنت تتعب نهار سنين وطر قدس بحسب حلب,15.0,kBZDwmRWer0_9,https://www.youtube.com/watch?v=kBZDwmRWer0,135.0,150.0
unlabeled_youtube, إذا لم يجب أن نحصلوا,15.0,kBZDwmRWer0_10,https://www.youtube.com/watch?v=kBZDwmRWer0,150.0,165.0
unlabeled_youtube, في سبب وحيط لكن من الأسباب الكبيرة اللي هي حاجة الحقيقة أول مرة تصير نجو ما أقولك في تاريخ البشرية وتاريخ الإنسانية وطار نشوفك معايا في الفكرة ولا أنه لأول مرة في تاريخ,15.0,kBZDwmRWer0_11,https://www.youtube.com/watch?v=kBZDwmRWer0,165.0,180.0
unlabeled_youtube, معنى أن الانسان بعيد عن الطبيعة، عن الطبيعة، معنى أن تجد تقنيس عنده صليخيين، أربعيين، أسبوع من الدار للبيرو، للعطار، للدار، معنى ما فهم,15.0,kBZDwmRWer0_12,https://www.youtube.com/watch?v=kBZDwmRWer0,180.0,195.0
unlabeled_youtube, ما هو عمره ما صار في تاريخ البشرية مع تصمم نسرا هو بالحق ما يمشيش على سقيت,14.960000038146973,kBZDwmRWer0_13,https://www.youtube.com/watch?v=kBZDwmRWer0,195.0,210.0
unlabeled_youtube, من الطبيعي انه الانسان ممشيش على سقيه بكل ملك رحبا للبيرو ومدبيرو للدار وقاهو وغيرو فاله هاي اللي هو عمره ولا صار في تاريخ البشرية ما فاماش لانه,14.432000160217285,kBZDwmRWer0_14,https://www.youtube.com/watch?v=kBZDwmRWer0,210.0,225.0
unlabeled_youtube, أكثر حاجة طبيعية عند الأنسان هو أنه يتحرك على سقي وأنه يقرب من الطبيعة من الأشيار من الحيوانات من الهضاب من الجبال من السهول من البحار من الليلاك,14.95199966430664,kBZDwmRWer0_15,https://www.youtube.com/watch?v=kBZDwmRWer0,225.0,240.0
unlabeled_youtube, نحن نحن نحن نحن نحن نحن نحن نحن نحن نحن نحن نحن نحن نحن نحن نحن نحن نحن نحن نحن نحن نحن نحن نحن نحن نحن نحن نحن نحن نحن نحن نحن نحن نحن نحن نحن نحن نحن نحن نحن نحن نحن نحن نحن نحن نحن نحن نحن نحن نحن نحن نحن نحن نحن نحن نحن نحن نحن نحن نحن نحن نحن نحن نحن نحن نحن نحن نحن نحن نحن نحن نحن نحن نحن نحن نحن نحن نحن نحن نحن نحن نحن نحن نحن نحن نحن نحن نحن نحن نحن نحن نحن نحن نحن نحن نحن نحن نحن نحن نحن نحن نحن نحن نحن نحن نحن نحن نحن نحن نحن نحن نحن نحن نحن نحن نحن نحن نحن نحن نحن نحن نحن نحن نحن نحن نحن نحن نحن نحن نحن نحن نحن نحن نحن نحن نحن نحن نحن نحن نحن نحن نحن نحن نحن نحن نحن نحن نحن,15.0,kBZDwmRWer0_16,https://www.youtube.com/watch?v=kBZDwmRWer0,240.0,255.0
unlabeled_youtube, لكي تسقيك وبشسمك وتقرب برشة من الطبيعة هذه هي تفغيطة وصارت أبحاث والأبحاث هذه نحن نستعرف الكفتزان الكفتزان نعملون لهم تحليل دم ولكن أكثر,14.991999626159668,kBZDwmRWer0_17,https://www.youtube.com/watch?v=kBZDwmRWer0,255.0,270.0
unlabeled_youtube, نحن نحن نحن نحن نحن نحن نحن نحن نحن نحن نحن نحن نحن نحن نحن نحن نحن نحن نحن نحن نحن نحن نحن نحن نحن نحن نحن نحن نحن نحن نحن نحن نحن نحن نحن نحن نحن نحن نحن نحن نحن نحن نحن نحن نحن نحن نحن نحن نحن نحن نحن نحن نحن نحن نحن نحن نحن نحن نحن نحن نحن نحن نحن نحن نحن نحن نحن نحن نحن نحن نحن نحن نحن نحن نحن نحن نحن نحن نحن نحن نحن نحن نحن نحن نحن نحن نحن نحن نحن نحن نحن نحن نحن نحن نحن نحن نحن نحن نحن نحن نحن نحن نحن نحن نحن نحن نحن نحن نحن نحن نحن نحن نحن نحن نحن نحن نحن نحن نحن نحن نحن نحن نحن نحن نحن نحن نحن نحن نحن نحن نحن نحن نحن نحن نحن نحن نحن نحن نحن نحن نحن نحن نحن نحن نحن نحن نحن نحن,14.600000381469727,kBZDwmRWer0_18,https://www.youtube.com/watch?v=kBZDwmRWer0,270.0,285.0
unlabeled_youtube, عليش برشة نتقال في الشيء هذا الأسباب النفسية هل الأسباب فيزيائية فيزيك هل نفم بالحق معناتها علاقة بيناتنا وبيناتنا في محيطنا,14.416000366210938,kBZDwmRWer0_19,https://www.youtube.com/watch?v=kBZDwmRWer0,285.0,300.0
unlabeled_youtube, لذلك أنك أنت تقعد في مليو كل مصنوع صنعان أو مليو صنعات الطبيعة عن فرق كبير وكبير وكبير برشا برشا برشا برشا,14.800000190734863,kBZDwmRWer0_20,https://www.youtube.com/watch?v=kBZDwmRWer0,300.0,315.0
unlabeled_youtube, يعني انت عمل تجربة خاطر انت عرف اللي فتلي طب هو علم تجريبي دي ما نقول لها الحكاية في دنك انسان يجب جارب انت اسبوع اعطي الرحط لشاف انا,15.0,kBZDwmRWer0_21,https://www.youtube.com/watch?v=kBZDwmRWer0,315.0,330.0
unlabeled_youtube, نحن نحن نحن نحن نحن نحن نحن نحن نحن نحن نحن نحن نحن نحن نحن نحن نحن نحن نحن نحن نحن نحن نحن نحن نحن نحن نحن نحن نحن نحن نحن نحن نحن نحن نحن نحن نحن نحن نحن نحن نحن نحن نحن نحن نحن نحن نحن نحن نحن نحن نحن نحن نحن نحن نحن نحن نحن نحن نحن نحن نحن نحن نحن نحن نحن نحن نحن نحن نحن نحن نحن نحن نحن نحن نحن نحن نحن نحن نحن نحن نحن نحن نحن نحن نحن نحن نحن نحن نحن نحن نحن نحن نحن نحن نحن نحن نحن نحن نحن نحن نحن نحن نحن نحن نحن نحن نحن نحن نحن نحن نحن نحن نحن نحن نحن نحن نحن نحن نحن نحن نحن نحن نحن نحن نحن نحن نحن نحن نحن نحن نحن نحن نحن نحن نحن نحن نحن نحن نحن نحن نحن نحن نحن نحن نحن نحن نحن نحن,15.0,kBZDwmRWer0_22,https://www.youtube.com/watch?v=kBZDwmRWer0,330.0,345.0
unlabeled_youtube, أنا ممكن لطفتها شوية بعض الأيامات. أنا عدت نتقى ناس أسابية في سمين ما عنده حتى كونتاكت مع طبيعا. من بيرو من تال دات. وهذه فيهم بشكل,15.0,kBZDwmRWer0_23,https://www.youtube.com/watch?v=kBZDwmRWer0,345.0,360.0
unlabeled_youtube, كبير برشا في الاحاسيس الغريبة السلبية اللي عمت برشا عن الإنسان مع نتالي موحد لازم يبرمج في حياته ومعنته في البرنامج ومتحياته أنه عن قليلة مرة في الأسبوع يخرج لبلاث,15.0,kBZDwmRWer0_24,https://www.youtube.com/watch?v=kBZDwmRWer0,360.0,375.0
unlabeled_youtube, لا لا مرة في اليوم مرة في اليوم مرة في اليوم عن طرح الجسم الإنسان فيه آغيت من نيت نغال ما هو معتها آآ ريتم يومي كل شيء يتحسب باليوم باليوم إنتي تحكي درس,15.0,kBZDwmRWer0_25,https://www.youtube.com/watch?v=kBZDwmRWer0,375.0,390.0
unlabeled_youtube, دكتور وانا نغذر في المليون اللي نعيش فيه نقول يا رب بينا بشي نقاها طبيعة بلا وعند اللي حكا عليها دكتور ببعيدة شو هي احنا طوال بواحلة في السبع ممكن اربع خمسة ستاكيد,15.0,kBZDwmRWer0_26,https://www.youtube.com/watch?v=kBZDwmRWer0,390.0,405.0
unlabeled_youtube, لكن أنا أحكي لك على ما هو الدراساتكم والحقيقة أنت حاطك تمشي للغاية,15.0,kBZDwmRWer0_27,https://www.youtube.com/watch?v=kBZDwmRWer0,405.0,420.0
unlabeled_youtube, بتمشي الملدان الصناعية على الأخر وطبقى في أكبر شوارع عالمي معناتها أنت في نيويورك معناتها الأخشيتيكت اللي عمل سانتر بارك معناتها,15.0,kBZDwmRWer0_28,https://www.youtube.com/watch?v=kBZDwmRWer0,420.0,435.0
unlabeled_youtube, رأيت تهوه بالجنون في العصر هذيك وجيها من أوروبا وقال لهم رأيه أنا في وسط نيار كلا أنا مش تعمل لغابة كبيرة برشا قالوا له أنت مجنون أنت موجه طبيعي باش مكان كما رأي غالي برشا تعملوا تعملوا,15.0,kBZDwmRWer0_29,https://www.youtube.com/watch?v=kBZDwmRWer0,435.0,450.0
unlabeled_youtube, ولكن هو وناس نحن ندعم أنه حتى تصفح من جوجل أيرث أو جوجل ماب وقابت على نيويورك وشوف سينترل بارك وفيش النظم مستطيل غابة كبيرة برشا,15.0,kBZDwmRWer0_30,https://www.youtube.com/watch?v=kBZDwmRWer0,450.0,465.0
unlabeled_youtube, ولي نيويوركيه اللي يسموه في أكبر ماتحات صحابية متكل يوم وهاوك تشوفه أعمل سنترل بارك وشوف شوف انتي في قلب الحضارة نمشي لأوروبا كيف موجودين لزيس باس بيخ,15.0,kBZDwmRWer0_31,https://www.youtube.com/watch?v=kBZDwmRWer0,465.0,480.0
unlabeled_youtube, بصفة يومية هو المشكل شوية المشكل المشكل بصفة يومية بصفة يومية,15.0,kBZDwmRWer0_32,https://www.youtube.com/watch?v=kBZDwmRWer0,480.0,495.0
unlabeled_youtube, معتا حتى قال له فتا نكتمش على سخيك معتا,15.0,kBZDwmRWer0_33,https://www.youtube.com/watch?v=kBZDwmRWer0,495.0,510.0
unlabeled_youtube, رغم كل أستطيع أن أتخيل أن يقولوني أن الأوثاف والتراف,15.0,kBZDwmRWer0_34,https://www.youtube.com/watch?v=kBZDwmRWer0,510.0,525.0
unlabeled_youtube, لا ينقص الكورتزال,15.0,kBZDwmRWer0_35,https://www.youtube.com/watch?v=kBZDwmRWer0,525.0,540.0
unlabeled_youtube, تنقص دمو في الدم، تنقص دمو في الدم، تنقص دمو في الدم، الدورة دمو في عكتة نشط، ممكنك يصلوا أكثر أكسجين، تولي تتصرف أفضل، تولي بتوازن أكثر.,14.984000205993652,kBZDwmRWer0_36,https://www.youtube.com/watch?v=kBZDwmRWer0,540.0,555.0
unlabeled_youtube, نحن نحن نحن نحن نحن نحن نحن نحن نحن نحن نحن نحن نحن نحن نحن نحن نحن نحن نحن نحن نحن نحن نحن نحن نحن نحن نحن نحن نحن نحن نحن نحن نحن نحن نحن نحن نحن نحن نحن نحن نحن نحن نحن نحن نحن نحن نحن نحن نحن نحن نحن نحن نحن نحن نحن نحن نحن نحن نحن نحن نحن نحن نحن نحن نحن نحن نحن نحن نحن نحن نحن نحن نحن نحن نحن نحن نحن نحن نحن نحن نحن نحن نحن نحن نحن نحن نحن نحن نحن نحن نحن نحن نحن نحن نحن نحن نحن نحن نحن نحن نحن نحن نحن نحن نحن نحن نحن نحن نحن نحن نحن نحن نحن نحن نحن نحن نحن نحن نحن نحن نحن نحن نحن نحن نحن نحن نحن نحن نحن نحن نحن نحن نحن نحن نحن نحن نحن نحن نحن نحن نحن نحن نحن نحن نحن نحن نحن نحن,15.0,kBZDwmRWer0_37,https://www.youtube.com/watch?v=kBZDwmRWer0,555.0,570.0
unlabeled_youtube, تقول لي والله أنا نسل في كترين ميتاج ومعندي كان بلقان صغير يسينش أعمل نبتة صغير هكذا بلقان ثلاثة أربعة نبتة هكو هم يونسوا,15.0,kBZDwmRWer0_38,https://www.youtube.com/watch?v=kBZDwmRWer0,570.0,585.0
unlabeled_youtube, وتسقيهم وتتلعي بيهم بارا؟ نعم نعم نعم نعم نعم نعم نعم نعم نعم نعم نعم نعم نعم نعم نعم نعم نعم نعم نعم نعم نعم نعم نعم نعم نعم نعم نعم نعم نعم نعم نعم نعم نعم نعم نعم نعم نعم نعم نعم نعم نعم نعم نعم نعم نعم نعم نعم نعم نعم نعم نعم نعم نعم نعم نعم نعم نعم نعم نعم نعم نعم نعم نعم نعم نعم نعم نعم نعم نعم نعم نعم نعم نعم نعم نعم نعم نعم نعم نعم نعم نعم نعم نعم نعم نعم نعم نعم نعم نعم نعم نعم نعم نعم نعم نعم نعم نعم نعم نعم نعم نعم نعم نعم نعم نعم نعم نعم نعم نعم نعم نعم نعم نعم نعم نعم نعم نعم نعم نعم نعم نعم نعم نعم نعم نعم نعم نعم نعم نعم نعم نعم نعم نعم نعم نعم نعم نعم نعم نعم نعم نعم نعم نعم نعم نعم نعم نعم نعم نعم نعم نعم نعم نعم نعم نعم نعم نعم نعم نعم نعم نعم نعم نعم نعم نعم نعم نعم نعم نعم نعم نعم نعم نعم نعم نعم نعم نعم نعم نعم نعم نعم نعم نعم نعم نعم نعم نعم نعم نعم نعم نعم نعم نعم نعم نعم نعم نعم نعم نعم نعم نعم نعم نعم نعم نعم نعم نعم نعم نعم نعم نعم نعم نعم نعم,14.831999778747559,kBZDwmRWer0_39,https://www.youtube.com/watch?v=kBZDwmRWer0,585.0,600.0
unlabeled_youtube, مكتوبة فيها انه ربح فيها اكثر من التتوقع بكثير. معتنا مش بشرطين مرسو رياضة لفاتنك تمشي معناتها على ساخيك وكهاوي يعني هكا ولا امار شكرا. لا لا لا اذيك سيلا فيزيولوجيا اذيك,14.887999534606934,kBZDwmRWer0_40,https://www.youtube.com/watch?v=kBZDwmRWer0,600.0,615.0
unlabeled_youtube, يعطي الحاجة الطبيعي. أنا أشخطك في تاريخ البشرية ولا عمره صارت ناس ما تتحرك. ما في ناس ما. الثاني دي سبا. غير موجود. نمشي إلا في العصر متاعنا هذه وفي الظرف المكاني والزماني متاعنا. بالحق الغريب.,14.97599983215332,kBZDwmRWer0_41,https://www.youtube.com/watch?v=kBZDwmRWer0,615.0,630.0
unlabeled_youtube, ترجمة نانسي قنقر,15.0,kBZDwmRWer0_42,https://www.youtube.com/watch?v=kBZDwmRWer0,630.0,645.0
unlabeled_youtube, خاطر تزو كرحبا ترجعو كرحبا هكا ولي هدوه أغلب حالة الصغار بتاع اليوم لا نحكيوش عليه الشيء لا نحكيوش عليه كله,15.0,kBZDwmRWer0_43,https://www.youtube.com/watch?v=kBZDwmRWer0,645.0,660.0
unlabeled_youtube, حاجة عادية حتى تتعرف حتى تشوف 15-14 عدو حب شباب عضلات ضعيفة مجيش النوم,15.0,kBZDwmRWer0_44,https://www.youtube.com/watch?v=kBZDwmRWer0,660.0,675.0
unlabeled_youtube, حاجة غريبة مش مكتوبة في كتب الطب بالنسبة خاصة للصغار اللي عمرهم 15 عسينة مش مكتوب الشيبة ما عمليش فانونيش في في العمر هذيك في العمر هذيك معنى تعمر الأقبال على الحياة,15.0,kBZDwmRWer0_45,https://www.youtube.com/watch?v=kBZDwmRWer0,675.0,690.0
unlabeled_youtube, لا توجد ما فهماش احساس بالتعب لانو الصلاة مفيش التهاب خاطر الاحساس بالتعب هو يجي مش نو قول انا رعوا عن الارهاق وتعب وصمو,15.0,kBZDwmRWer0_46,https://www.youtube.com/watch?v=kBZDwmRWer0,690.0,705.0
unlabeled_youtube, هذا يدل على التهاب داخل الخلية الخلية لا سليل فونكسيونال الخلية هذه والتي فيها التهاب والخلية معاش تجمع,15.0,kBZDwmRWer0_47,https://www.youtube.com/watch?v=kBZDwmRWer0,705.0,720.0
unlabeled_youtube, المواد التهابية المواد التهابية المواد التهابية المواد التهابية المواد التهابية المواد التهابية المواد التهابية المواد التهابية المواد التهابية المواد التهابية المواد التهابية المواد التهابية المواد التهابية المواد التهابية المواد التهابية المواد التهابية المواد التهابية المواد التهابية المواد التهابية المواد التهابية المواد التهابية المواد التهابية المواد التهابية المواد التهابية المواد التهابية المواد التهابية المواد التهابية المواد التهابية المواد التهابية المواد التهابية المواد التهابية المواد التهابية المواد التهابية المواد التهابية المواد التهابية المواد التهابية المواد التهابية المواد التهابية المواد التهابية المواد التهابية المواد التهابية المواد التهابية,15.0,kBZDwmRWer0_48,https://www.youtube.com/watch?v=kBZDwmRWer0,720.0,735.0
unlabeled_youtube, بالقلق والتوتر والحاجات السلبية دي الكل. واضح. شكرا دكتور حسن دربيل. طبي مختص,7.952000141143799,kBZDwmRWer0_49,https://www.youtube.com/watch?v=kBZDwmRWer0,735.0,743.04
unlabeled_youtube, موضوع جديد اليوم موضوع في التغذية والنيوتريسيون بما انه بش نحكي وعلى ان اليمان موجود متوفر في اسواقنا,14.97599983215332,He2QrPJpeac_0,https://www.youtube.com/watch?v=He2QrPJpeac,0.0,15.0
unlabeled_youtube, مرحباً أميرا,15.0,He2QrPJpeac_1,https://www.youtube.com/watch?v=He2QrPJpeac,15.0,30.0
unlabeled_youtube, سباح الورد يا ربي سأحويلك البس بس؟ جيت تشير في البس بس واللي؟ سور سور سور سور سور اللي نعرفه إنا انتي ديمة ديمة ديمة,15.0,He2QrPJpeac_2,https://www.youtube.com/watch?v=He2QrPJpeac,30.0,45.0
unlabeled_youtube, تقول هذية فيه برشة ماء اي بغلف الماء فيه اكيد برشة فويل بش تحكيهم لانتي اي هو تسعين بالمئة منه ماء تسعين بالمئة منه ماء تسعين بالمئة منه ماء تسعين بالمئة منه ماء تسعين بالمئة منه ماء تسعين بالمئة منه ماء والبيقي الياف وفيتامينات,14.968000411987305,He2QrPJpeac_3,https://www.youtube.com/watch?v=He2QrPJpeac,45.0,60.0
unlabeled_youtube, يعني كتقول تسعين بالمية مية أول سؤال لهوش برشة كالوريات بالحق بيانسور هو كيفو كيم الفاقر,14.920000076293945,He2QrPJpeac_4,https://www.youtube.com/watch?v=He2QrPJpeac,60.0,75.0
unlabeled_youtube, كما الخيار. هذو ما حاجاتهما كلهم مية. والبيقي أليف معانتها هو نان سول ما حاجة ميش كالوغيك. اما اللي اكثر من هكا معانتها قديش فيه أليف اللي هي تنجم تعاون لبدا. يخرج ليتوكسين,14.968000411987305,He2QrPJpeac_5,https://www.youtube.com/watch?v=He2QrPJpeac,75.0,90.0
unlabeled_youtube, يخرج لديشيء. دعونا نحكيو عالي كالوري. نحكيو أكثر عالمنفع. دعونا في الرجيم. ما أنتها. ما أنتها. ما أنتها. ما أنتها. ما أنتها. ما أنتها. ما أنتها. ما أنتها. ما أنتها. ما أنتها. ما أنتها. ما أنتها. ما أنتها. ما أنتها. ما أنتها. ما أنتها. ما أنتها. ما أنتها. ما أنتها. ما أنتها. ما أنتها. ما أنتها. ما أنتها. ما أنتها. ما أنتها. ما أنتها. ما أنتها. ما أنتها. ما أنتها. ما أنتها. ما أنتها. ما أنتها. ما أنتها. ما أنتها. ما أنتها. ما أنتها. ما أنتها. ما أنتها. ما أنتها. ما أنتها. ما أنتها. ما أنتها. ما أنتها. ما أنتها. ما أنتها. ما أنتها. ما أنتها. ما أنتها. ما أنتها. ما أنتها. ما أنتها. ما أنتها. ما أنتها. ما أنتها. ما أنتها. ما أنتها. ما أنتها. ما أنتها. ما أنتها. ما أنتها. ما أنتها.,15.0,He2QrPJpeac_6,https://www.youtube.com/watch?v=He2QrPJpeac,90.0,105.0
unlabeled_youtube, البسبيس والفاقوس نيكلو قد منحبو أولنتي في الطفح ما نقولو هيش خاطر شوية سكر ديجا البسبيس والخيار والفاقوس أولنتي دي ما نقولو للباسيان ركتي,15.0,He2QrPJpeac_7,https://www.youtube.com/watch?v=He2QrPJpeac,105.0,120.0
unlabeled_youtube, يعني حتى كان جيته جوعه في الليل يعمل صحان بس بيس وعلى حتى ما طليثه متاع الصباح ييك القد ما يحب وقد ما بشيكل بالعكس معانتا يخو في منفع معانتا نان سولمون نحكيه على حاجة كوبفة اللي هي بيش تخليه ما يكلش حاجته,14.935999870300293,He2QrPJpeac_8,https://www.youtube.com/watch?v=He2QrPJpeac,120.0,135.0
unlabeled_youtube, اخرين اما راهي تعاون مام في الديجيسيون وتخالج مام لتوكسين ما اللي بدات الالبس بيس هاك البذرة اللي هي معندها تتزرع بين اوتو سبتمبر ثلاثة شهور ونبدأو انشيخو بيه طوى وقتو,14.97599983215332,He2QrPJpeac_9,https://www.youtube.com/watch?v=He2QrPJpeac,135.0,150.0
unlabeled_youtube, وقت البس بيس هذي السيزون بتاعه البس بيس لحقيقة المنفعة بتاعه كبيرة وكبيرة برشة اللي بش نحكي وعليها ولكن دي ما نحب نحكي على الحاجات اللي ما نستعملوها مش العروش متاع البس بيس العروش متاع البس بيس نستعملوه في,14.911999702453613,He2QrPJpeac_10,https://www.youtube.com/watch?v=He2QrPJpeac,150.0,165.0
unlabeled_youtube, الفرفوشة. اي. والنمحكي. الشبطية. اه وديجا تحية للمدام عزيزة. اه وقت اللي سمعتك تحكي يا بغامونتي قلت اللي بيش تحكي على على البسبس والعرش قلت لي ما تنسيش بيش تقول,14.95199966430664,He2QrPJpeac_11,https://www.youtube.com/watch?v=He2QrPJpeac,165.0,180.0
unlabeled_youtube, المحكك ولا الفرفوشة هما يقولوا اللي هو الكوسكسي اللي يتيب بالعروش متاع البسبيس ونحبوه ياسر أما الحقيقة أنا نقول العروش متاع البسبيس ما نجموش نستعملوهم كان وقت اللي نطيبو الفرفوشة,15.0,He2QrPJpeac_12,https://www.youtube.com/watch?v=He2QrPJpeac,180.0,195.0
unlabeled_youtube, حتى الفلاحة يعرفوا قيمتها بارشا وقت اللي نحيو البس بس دي ما,15.0,He2QrPJpeac_13,https://www.youtube.com/watch?v=He2QrPJpeac,195.0,210.0
unlabeled_youtube, الفضلات اللي هي هذيك العروشة اللي تقعد يخليوها كمقوية فيها برشا بوتاس كمقوي لتربيدو كسامي جيستعملوها ولي أكثر من هكذا ده وساعات حتى كيبدأ عنده,15.0,He2QrPJpeac_14,https://www.youtube.com/watch?v=He2QrPJpeac,210.0,225.0
unlabeled_youtube, وميشا يعطيوها للميشا متاحهم على خاطر يعرفوا اللي هي فيها برشة منفع شوفوا فيه قبعات لي قال لي قال لي في سلايد أو سي قال لي في الكفتة,15.0,He2QrPJpeac_15,https://www.youtube.com/watch?v=He2QrPJpeac,225.0,240.0
unlabeled_youtube, شيف وفيق تحياليك سلم عليك شيف وفيق هو زيدي يعطينا الافكة تجي فكرة والله ما عرفيش حتى ما عرفيش هما تصورها تبنت هو شيف وفيق جيمة يعطيني الحقيقة البلوس في الافكار متاعي لزاستوس معتالي تمشي الخذار تقوله برب يقص,15.0,He2QrPJpeac_16,https://www.youtube.com/watch?v=He2QrPJpeac,240.0,255.0
unlabeled_youtube, أكبر غلطة تعلموا تعلموا كي تشريوا أي حاجة بالحق خذوها بحشي شاوريش كما نقولكم جيمة كل شيء ما ليفتت خذار قالي كلمة بحشي شاوريش,15.0,He2QrPJpeac_17,https://www.youtube.com/watch?v=He2QrPJpeac,255.0,270.0
unlabeled_youtube, رك علامتها للعبيد معنتها اي خضوها بحشيشة وريشة على خط المنفعة في الكل معنتها في سلايت يسر يسر يسر يسر بنينة معنتها في سلايت يسر بنينة معنتها تعاملوا معها كما بشتقصوا,15.0,He2QrPJpeac_18,https://www.youtube.com/watch?v=He2QrPJpeac,270.0,285.0
unlabeled_youtube, ولا المعدنو سنقص الفصلاته ويجي بني اراوي ياسر ياسر بنين والحاجة اللي نحنا البس بس جيني غالما تلقاه مسقي بلا بالمتر دوك يجي بنين معنطا حتى كي تيكلوا ما فيهوش المرارة ما ويش خايب,14.95199966430664,He2QrPJpeac_19,https://www.youtube.com/watch?v=He2QrPJpeac,285.0,300.0
unlabeled_youtube, نحن عنا الامتر حمد الله بها والحاجة يزمنا نفهمها اللي هو فيه برجة فيتامين سي واللي هو يعمل برجة فيكساسيون للحديد للفاخ دي ما نقول ورا الفيتامين سي مثلا مش كان في القوارس بس بس نقاو فيه برجة فيتامين سي,14.991999626159668,He2QrPJpeac_20,https://www.youtube.com/watch?v=He2QrPJpeac,300.0,315.0
unlabeled_youtube, نسى هدوكا يتجنب,15.0,He2QrPJpeac_21,https://www.youtube.com/watch?v=He2QrPJpeac,315.0,330.0
unlabeled_youtube, اما العبيد اللي عندهم فقر الدم العبيد اللي عندهم مشكلة متاع امتصاص الاحديد في بدنهم يكثروا من البسبيس معانا انتها ما تخزلوش هاك الكعبة البسبيس السامبل عادية تقول ما فيه حتى شي مايش عدس بش طلع لي الاحديد مايش مع,15.0,He2QrPJpeac_22,https://www.youtube.com/watch?v=He2QrPJpeac,330.0,345.0
unlabeled_youtube, فيها برشة حديث وفيها الفيتامين سي اللي يعمل برشة فيكساسيو حاجة اخرى البسبيس والخص والتيوت دي جا قلته قبل من اكثر الخضرة اللي تعاون على ادرار الحليب عن,15.0,He2QrPJpeac_23,https://www.youtube.com/watch?v=He2QrPJpeac,345.0,360.0
unlabeled_youtube, عند المرأة المرضعة المرأة اللي ترضى وحليبها ناقص يزيمها تكثر من البسبيس يزيمها تاكل بليش بسبيس المرأة اللي ترضى تستعمل جانية غالما البسبيس الاجرين الاحبوب وتعمل به التزان تقول لك علي,15.0,He2QrPJpeac_24,https://www.youtube.com/watch?v=He2QrPJpeac,360.0,375.0
unlabeled_youtube, ونحكيوه هذيكا واحد وثيكا سيجي اخر اما راهو البس بيس من اكثر الخضرة هو والخاص واللي ترى ذو ما حاجيت بحق ميجوش للبيت بس بيس خاص لي تيزيد يسرح لي المعدوس يشايح لحلي المعدوس,14.968000411987305,He2QrPJpeac_25,https://www.youtube.com/watch?v=He2QrPJpeac,375.0,390.0
unlabeled_youtube, يشايح الحليب مع كنوس هو كخضرة يشايح الحليب بسبيس خاص لكي يزيد الحليب طوال العبيد اللي تلقاها ما يشتراها وعندها مشكل متابخولكتين عندها مشكل في اللي زغمان طم تخوب المعنتها موجود في بدانها,15.0,He2QrPJpeac_26,https://www.youtube.com/watch?v=He2QrPJpeac,390.0,405.0
unlabeled_youtube, البرولاكتين دي ما يطلع عندها البرولاكتيني ناجم يطلع عند الطفلة صبية اللي عند المرأة المعارسة ما يمعند درجال صغار اما موجود فما يبدأ عنده مشكل إيبوفيزار معنطها معنطها معنطها معنطها معنطها معنطها معنطها معنطها معنطها معنطها معنطها معنطها معنطها معنطها معنطها معنطها معنطها معنطها معنطها معنطها معنطها معنطها معنطها معنطها معنطها معنطها معنطها معنطها معنطها معنطها معنطها معنطها معنطها معنطها معنطها معنطها معنطها معنطها معنطها معنطها معنطها معنطها معنطها معنطها معنطها معنطها معنطها معنطها معنطها معنطها معنطها معنطها معنطها معنطها معنطها معنطها معنطها معنطها معنطها معنطها معنطها معنطها معنطها معنطها معنطها معنطها معنطها معنطها معنطها معنطها معنطها معنطها معنطها معنطها معنطها معنطها معنطها معنطها معنطها معنطها معنطها معنطها معنطها معنطها معنطها معنطها معنطها معنطها معنطها معنطها معن,15.0,He2QrPJpeac_27,https://www.youtube.com/watch?v=He2QrPJpeac,405.0,420.0
unlabeled_youtube, إذاً إذاً إذاً إذاً إذاً إذاً إذاً إذاً إذاً إذاً إذاً إذاً إذاً إذاً إذاً إذاً إذاً إذاً إذاً إذاً إذاً إذاً إذاً إذاً إذاً إذاً إذاً إذاً إذاً إذاً إذاً إذاً إذاً إذاً إذاً إذاً إذاً إذاً إذاً إذاً إذاً إذاً إذاً إذاً إذاً إذاً إذاً إذاً إذاً إذاً إذاً إذاً إذاً إذاً إذاً إذاً إذاً إذاً إذاً إذاً إذاً إذاً إذاً إذاً إذاً إذاً إذاً إذاً إذاً إذاً إذاً إذاً إذاً إذاً إذاً إذاً إذاً إذاً إذاً إذاً إذاً إذاً إذاً إذاً إذاً إذاً إذاً إذاً إذاً إذاً إذاً إذاً إذاً إذاً إذاً إذاً إذاً إذاً إذاً إذاً إذاً إذاً إذاً إذاً إذاً إذاً إذاً إذاً إذاً إذاً إذاً إذاً إذاً إذاً إذاً إذاً إذاً إذاً إذاً إذاً إذاً إذاً إذاً إذاً إذاً إذاً إذاً إذاً إذاً إذاً إذاً إذاً إذاً إذاً إذاً إذاً إذاً إذاً إذاً إذاً إذاً إذاً إذاً إذاً إذاً إذاً إذاً إذاً,15.0,He2QrPJpeac_28,https://www.youtube.com/watch?v=He2QrPJpeac,420.0,435.0
unlabeled_youtube, المنفعة متاحة أكثر من البس بيس بيس بيس بيس بيس بيس بيس بيس بيس بيس بيس بيس بيس بيس بيس بيس بيس بيس بيس بيس بيس بيس بيس بيس بيس بيس بيس بيس بيس بيس بيس بيس بيس بيس بيس بيس بيس بيس بيس بيس بيس بيس بيس بيس بيس بيس بيس بيس بيس بيس بيس بيس بيس بيس بيس بيس بيس بيس بيس بيس بيس بيس بيس بيس بيس بيس بيس بيس بيس بيس بيس بيس بيس بيس بيس بيس بيس بيس بيس بيس بيس بيس بيس بيس بيس بيس بيس بيس بيس بيس بيس بيس بيس بيس بيس بيس بيس بيس بيس بيس بيس بيس بيس بيس بيس بيس بيس بيس بيس بيس بيس بيس بيس بيس بيس بيس بيس بيس بيس بيس بيس بيس بيس بيس بيس بيس بيس بيس بيس بيس بيس بيس بيس بيس بيس بيس بيس بيس بيس بيس بيس بيس بيس بي,15.0,He2QrPJpeac_29,https://www.youtube.com/watch?v=He2QrPJpeac,435.0,450.0
unlabeled_youtube, كانت روح بالحقرة كانت روح بالعروش أنا ديما نقول خضرة بلي تحط فيها فلوس راك ماكش قاعد تستغل مية بالمية معاش طايش وخضرة في البوبال معناتها,15.0,He2QrPJpeac_30,https://www.youtube.com/watch?v=He2QrPJpeac,450.0,465.0
unlabeled_youtube, حتى لقشور ساعات متاع الخضر يستعملوها معنات الكوزينيير وفيها فايدة اكثر من هكا ياخذوا معنات البس بيس كي نفوها ساعتي نحيوك القشرة البرانية الكل مي خالي وفيها حتى شاي معنات اخسل بالقدي بالقدي اوكي حت شوية خال اوكي,14.968000411987305,He2QrPJpeac_31,https://www.youtube.com/watch?v=He2QrPJpeac,465.0,480.0
unlabeled_youtube, اما مش انك تخلي نصها و ثم اليكلوا يلوح القلب الداخليني و ثم الحقيقة مع انتا قدروها اي ما تطيشوا شيء قدروها حطوها انفالور افهموا روحكم انتما تتعاملوا مع حاجة قيمة على الاخر و تخذوها كاملة و تسغلوها,14.968000411987305,He2QrPJpeac_32,https://www.youtube.com/watch?v=He2QrPJpeac,480.0,495.0
unlabeled_youtube, العروش متاع البسبسبسبسبسبسبسبسبسبسبسبسبسبسبسبسبسبسبسبسبسبسبسبسبسبسبسبسبسبسبسبسبسبسبسبسبسبسبسبسبسبسبسبسبسبسبسبسبسبسبسبسبسبسبسبسبسبسبسبسبسبسبسبسبسبسبسبسبسبسبسبسبسبسبسبسبسبسبسبسبسبسبسبسبسبسبسبسبسبسبسبسبسبسبسبسبسبسبسبسبسبسبسبسبسبسبسبسبسبسبسبسبسبسبسبسبسبسبسبسبسبسبسبسبسبسبسبسبسبسبسبسبسبسبسبسبسبسبسبسبسبسبسبسبسبسبسبسبسبسبسبسبسبسبسبسبسبسبسبسبسبسبسبسبسبسبسبسبسبسبسبسبسبسبسبسبسبسبسبسبسبسبسبسبسبسبسبسبسبسبسبسبسبسبسبسبسبسبسبسبسبسبسبسبسبسبسبسبسبسبسبسبسبسبسبسبسبسبسبسبسبسبسبسبسبسبسبسبسبسبسبسبسبسبسبسبسبسبسبسبسبسبسبسبسبسبسبسبسبسبسبسبسبسبسبسبسبسبسبسبسبسبسبسبسبسبسبسبسبسبسبسبسبسبسبسبسبسبسبسبسبسبسبسبسبسبسبسبسبسبسبسبسبسبسبسبسبسبسبسبسبسبسبسبسبسبسبسبسبسبسبسبسبسبسبسبسبسبسبسبسبسبسبسبسبسبسبسبسبسبسبسبسبسبسبسبسبسبسبسبسبسبسب,15.0,He2QrPJpeac_33,https://www.youtube.com/watch?v=He2QrPJpeac,495.0,510.0
unlabeled_youtube, برشا بوتاسيوم دك أخو بي ديوغ كيفو كيما الخضرة الورقية الخضرة الكل ملح شوية يبدأ فيه ملوحية أي؟ على الخطر في برشا بوتاسيوم ما تخافوش منه ما ويش سوديوم معتا أنت كانت تعمل السلاطة ما تحطش فيها الملح؟ هو,15.0,He2QrPJpeac_34,https://www.youtube.com/watch?v=He2QrPJpeac,510.0,525.0
unlabeled_youtube, تحط برشا عروش متاع بسويس وتعصر عصيرة قارس فانتي راك هوني فريما معانتها بشتاخو الملوحية اللي حاشتك بيها واكثر من هكا برشا يخاف يقولك انك يناحي الملح مش به البدني بدني الضرر بدني يزدحق,14.95199966430664,He2QrPJpeac_35,https://www.youtube.com/watch?v=He2QrPJpeac,525.0,540.0
unlabeled_youtube, يستحق الملح اما يحب ذا يكون الملح الطبيعي كيف مالحاجات اللي مهمة في البسبيس العبيد اللي عندهم مشاكل الهضم الكل معنتها الكنستيباسيان موفيس ديجيستيان اللي يقول لك معتدي ماما فوخة,14.984000205993652,He2QrPJpeac_36,https://www.youtube.com/watch?v=He2QrPJpeac,540.0,555.0
unlabeled_youtube, ناكل أي حاجة تقعد برشا سويا في معتي عليك بعروش البسبيس تذور اللي ذكرنا فيك عب البسبيس اللي نعبلوه هنا في جان ساعات صحيح أما العروش رهم أقوى ملا ملا ملا ملا ملا أكيد لاخذر جيمة صحيح,15.0,He2QrPJpeac_37,https://www.youtube.com/watch?v=He2QrPJpeac,555.0,570.0
unlabeled_youtube, معتالاج نرمي منهم شوي في سليتة ولا في حاجة ولا يسريبا نحن نحط,15.0,He2QrPJpeac_38,https://www.youtube.com/watch?v=He2QrPJpeac,570.0,585.0
unlabeled_youtube, حطوه في الخبز حطوه في باشا حجيز معانتا تقلنا شيف وفيق ثمت بس نوع نجمو بالحق معانتا نستعملوه بالجدي بالجدي بالجدي بحاجات الاخرى اللي زي دايزمنا ما ننسوهاش في البس بيس اللي هو من اهم الخضر,15.0,He2QrPJpeac_39,https://www.youtube.com/watch?v=He2QrPJpeac,585.0,600.0
unlabeled_youtube, اللي ضعف هوني تاو حتى اللي مكنش يكل بشي ولي يكل اي اي اي اي اه من اهم الخضار اللي ضعف شمعانتها معانتها البس بس الحاجة الخاصية اللي بها اللي فيه انه يقوي الميتابوليزم داك الديجيسيون بيش تكون اسرع تسعين بالميامين,15.0,He2QrPJpeac_40,https://www.youtube.com/watch?v=He2QrPJpeac,600.0,615.0
unlabeled_youtube, حتى السلم تبدل كل شيء التكستور كل شيء يفهم بشي يتبدل وإذا أنت عملت اليوم تبال بيزا كبير على اللخ يوم دخلتها بعضها وكليت وصهرت عمت كل شيء,14.944000244140625,He2QrPJpeac_41,https://www.youtube.com/watch?v=He2QrPJpeac,615.0,630.0
unlabeled_youtube, فهمنا غدوة بالحق غدوة أقرح سيبك في برشة بس بيس وعجي نهار كامل كل في بس بيس نظف كل شي مع أنت غير عاجي مع أنت بالحق راهو بش يعمل تنظيفة كبيرة برج يعني ولا,14.680000305175781,He2QrPJpeac_42,https://www.youtube.com/watch?v=He2QrPJpeac,630.0,645.0
unlabeled_youtube, عناتها راهو كشو سوات بالبيز في مايكلة ولا في شرم عناتها راهو ديغو تيك عالاخر ينظف لبدال العبيد اللي عندهم الكبدال مشحمة ولي قول لكينا راني الله غالب وحتى النظم,15.0,He2QrPJpeac_43,https://www.youtube.com/watch?v=He2QrPJpeac,645.0,660.0
unlabeled_youtube, عليك بالبس بيس عيش بالبس بيس معناتها خليه معاك انت تناج متحطه في كرهابتك معناتها ووقت ما يختل لك يجربه يصبره وكي تحط عليه برشا قرص,14.760000228881836,He2QrPJpeac_44,https://www.youtube.com/watch?v=He2QrPJpeac,660.0,675.0
unlabeled_youtube, وتغطيه في حق ثم يسيله حتى شيء أما أعصر علي باشا قرص خاطره ينجم يكحا البس بس ناي ثم عبيدي يعملون شوية غاس ناي ثم عبيدي يعملون شوية غاس أما رأي النجمو نفاورو نجمو نعملو مركز,14.704000473022461,He2QrPJpeac_45,https://www.youtube.com/watch?v=He2QrPJpeac,675.0,690.0
unlabeled_youtube, فمش كون يعملو يحطوووووووووووووووووووووووووووووووووووووووووووووووووووووووووووووووووووووووووووووووووووووووووووووووووووووووووووووووووووووووووووووووووووووووووووووووووووووووووووووووووووووووووووووووووووووووووووووووووووووووووووووووووووووووووووووووووووووووووووووووووووووووووووووووووووووووووووووووووووووووووووووووووووووووووووووووووووووووووووووووووووووووووووووووووووووووووووووووووووووووووووووووووووووووووووووووووووووووووووووووووووووووووووووووووووووووووووووووو,14.97599983215332,He2QrPJpeac_46,https://www.youtube.com/watch?v=He2QrPJpeac,690.0,705.0
unlabeled_youtube, نحب نحكيه وعلينا بحال البس بيسة مابا نخدم معك وخده بش نجيب حكة البس بيسة معينة كيفما حاجة معانتها كيفما حاجة بالحق نحبها معانتها تتحفظ اليوم عند العبيد عروش البس بيسة,15.0,He2QrPJpeac_47,https://www.youtube.com/watch?v=He2QrPJpeac,705.0,720.0
unlabeled_youtube, قصوها فصلاتة وهي أسهل طريقة وأكثر طريقة كلاسية طريقة إفكاس دو كثما حاجة أحفظوها اليوم عروش البس بيس يتقصوا فصلاتة وخليوها يدخل في,14.935999870300293,He2QrPJpeac_48,https://www.youtube.com/watch?v=He2QrPJpeac,720.0,735.0
unlabeled_youtube, العادة الغذائية متاعنا وتحية لشيف وفيك عايشك وتحية لكنت زيدة لشيف وفيك مدام عزيزة لي قتلي على الفرفوشة تحية لها برشة نيسية تفعلوا معنا الحقيقة كينا حكيوا على المواضيع عذوم على خطر حاجة سامبل موجودين أكسيسيبل عند الديار الكل,15.0,He2QrPJpeac_49,https://www.youtube.com/watch?v=He2QrPJpeac,735.0,750.0
unlabeled_youtube, تحلم عبية بالقشور بالخضرة تفكرت حاجة تفكرت حاجة تفكرت حاجة تفكرت حاجة تفكرت حاجة تفكرت حاجة تفكرت حاجة تفكرت حاجة تفكرت حاجة تفكرت حاجة تفكرت حاجة تفكرت حاجة تفكرت حاجة تفكرت حاجة تفكرت حاجة تفكرت حاجة تفكرت حاجة تفكرت حاجة تفكرت حاجة تفكرت حاجة تفكرت حاجة تفكرت حاجة تفكرت حاجة تفكرت حاجة تفكرت حاجة تفكرت حاجة تفكرت حاجة تفكرت حاجة تفكرت حاجة تفكرت حاجة تفكرت حاجة تفكرت حاجة تفكرت حاجة تفكرت حاجة تفكرت حاجة تفكرت حاجة تفكرت حاجة تفكرت حاجة تفكرت حاجة تفكرت حاجة تفكرت حاجة تفكرت حاجة تفكرت حاجة تفكرت حاجة تفكرت حاجة تفكرت حاجة تفكرت حاجة تفكرت حاجة تفكرت حاجة تفكرت حاجة تفكرت حاجة تفكرت حاجة تفكرت حاجة تفكرت حاجة تفكرت حاجة تفكرت حاجة تفكرت حاجة تفكرت حاجة تفكرت حاجة تفكرت حاجة تفكرت حاجة تفكر,15.0,He2QrPJpeac_50,https://www.youtube.com/watch?v=He2QrPJpeac,750.0,765.0
unlabeled_youtube, بيش طايبين الكسكسي بسفرجل قطي خديت قرنيتها وخبيتها نعود نحياها حتى هي قطي بيش نعمل الكسكسي بسفرجل نسلم عليها برشرة نقول احنا نستدعى وكون يبحثين في البلاتو زداجي بالحق ولا صافي بليزيلا لانت,15.0,He2QrPJpeac_51,https://www.youtube.com/watch?v=He2QrPJpeac,765.0,780.0
unlabeled_youtube, مع المستمعين مستمعات أميرة نحب نشكرك برشا عايشة يعطيك الصحة إن شاء الله نتلقاو كما كل مرة في الجمعة على موضوع جديد وإحنا أنا في لتوق على الإهباط الكل دوا من خضرة سفرج الرمين الدقلة البسبيس ومزيل مزيل جاي برشا مواضيع,15.0,He2QrPJpeac_52,https://www.youtube.com/watch?v=He2QrPJpeac,780.0,795.0
unlabeled_youtube, اشتركوا في القناة اشتركوا في القناة اشتركوا في القناة اشتركوا في القناة اشتركوا في القناة اشتركوا في القناة اشتركوا في القناة اشتركوا في القناة اشتركوا في القناة اشتركوا في القناة اشتركوا في القناة اشتركوا في القناة اشتركوا في القناة اشتركوا في القناة اشتركوا في القناة اشتركوا في القناة اشتركوا في القناة اشتركوا في القناة اشتركوا في القناة اشتركوا في القناة اشتركوا في القناة اشتركوا في القناة اشتركوا في القناة اشتركوا في القناة اشتركوا في القناة اشتركوا في القناة اشتركوا في القناة اشتركوا في القناة اشتركوا في القناة اشتركوا في القناة اشتركوا في القناة اشتركوا في القناة اشتركوا في القناة اشتركوا في القناة اشتركوا في القناة اشتركوا في القناة اشتركوا في القناة اشتركوا في القناة اشتركوا في القناة اشتركوا في القناة اشتركوا في القناة اشتركوا في القناة اشتركوا في القناة,8.631099700927734,He2QrPJpeac_53,https://www.youtube.com/watch?v=He2QrPJpeac,795.0,803.6311
unlabeled_youtube, على اسلامتكم مرحبا بكم على عينكم يمسيكم بالخير والهنير وارضا وإنما كنتم مرحبا بكم هذا موعد جديد وموعدكم,14.991999626159668,bjRIzAO-3Ac_0,https://www.youtube.com/watch?v=bjRIzAO-3Ac,0.0,15.0
unlabeled_youtube, شكراً لكم الأسبوعي مع حكاية مننا تحية للكيبل الكل معايا مروين بالعمار في الإخراج أشويق المجري في الإخراج الرقمي سلاح الدين الكريمي في الإعداد والتنسيق وتابعونا على الباج أوفيسين تعموزيك على فيسبوك,15.0,bjRIzAO-3Ac_1,https://www.youtube.com/watch?v=bjRIzAO-3Ac,15.0,30.0
unlabeled_youtube, هو كل جمعة يكون عنا ضيف نعيش معه تجربته العلمية المهنية ونكتشفه الإتار العلمي والمهني اللي المحيط متاعه ككل واليوم ضيفنا خرينا,15.0,bjRIzAO-3Ac_2,https://www.youtube.com/watch?v=bjRIzAO-3Ac,30.0,45.0
unlabeled_youtube, كلية الطب بتونس طبيب رئيس سابقا في قسم العلاج الألم بمستشفى الرابطة ورئيس الجمعية التوصية لدراسة علاج الألم رحب بحذية بدكتور مرشد عبد المولى,15.0,bjRIzAO-3Ac_3,https://www.youtube.com/watch?v=bjRIzAO-3Ac,45.0,60.0
unlabeled_youtube, مرحبا بيك. مرحبا بيك ونشكركم على الاستدافة وعيشك. نورنا يا سيدي شكرا لك أيضا على قبولها خلي نفهمه أكثر على الديسيبلين هذية وله العالم هذا الكله,15.0,bjRIzAO-3Ac_4,https://www.youtube.com/watch?v=bjRIzAO-3Ac,60.0,75.0
unlabeled_youtube, وكل عادة البداية تكون بالتعارف حس التعارف دكتور في حس التعارف نقترح عليك نصيف ورقة اللي فيها تقدم لنا روحك كيف ما تحب انتي,15.0,bjRIzAO-3Ac_5,https://www.youtube.com/watch?v=bjRIzAO-3Ac,75.0,90.0
unlabeled_youtube, نتعرف عليك أكثر نصيف ورقة هذي رجعتني للدراسة والله أشتقدم روحي عبد المولى مرشد من موليد سفيقس نعتز بجهتي هنا سفيقسي تحية الأهلينات سفيقس,15.0,bjRIzAO-3Ac_6,https://www.youtube.com/watch?v=bjRIzAO-3Ac,90.0,105.0
unlabeled_youtube, نعم نعم نعم نعم نعم نعم نعم نعم نعم نعم نعم نعم نعم نعم نعم نعم نعم نعم نعم نعم نعم نعم نعم نعم نعم نعم نعم نعم نعم نعم نعم نعم نعم نعم نعم نعم نعم نعم نعم نعم نعم نعم نعم نعم نعم نعم نعم نعم نعم نعم نعم نعم نعم نعم نعم نعم نعم نعم نعم نعم نعم نعم نعم نعم نعم نعم نعم نعم نعم نعم نعم نعم نعم نعم نعم نعم نعم نعم نعم نعم نعم نعم نعم نعم نعم نعم نعم نعم نعم نعم نعم نعم نعم نعم نعم نعم نعم نعم نعم نعم نعم نعم نعم نعم نعم نعم نعم نعم نعم نعم نعم نعم نعم نعم نعم نعم نعم نعم نعم نعم نعم نعم نعم نعم نعم نعم نعم نعم نعم نعم نعم نعم نعم نعم نعم نعم نعم نعم نعم نعم نعم نعم نعم نعم نعم نعم نعم نعم نعم نعم نعم نعم نعم نعم نعم نعم نعم نعم نعم نعم نعم نعم نعم نعم نعم نعم نعم نعم نعم نعم نعم نعم نعم نعم نعم نعم نعم نعم نعم نعم نعم نعم نعم نعم نعم نعم نعم نعم نعم نعم نعم نعم نعم نعم نعم نعم نعم نعم نعم نعم نعم نعم نعم نعم نعم نعم نعم نعم نعم نعم نعم نعم نعم نعم نعم نعم نعم نعم نعم نعم نعم نعم,14.991999626159668,bjRIzAO-3Ac_7,https://www.youtube.com/watch?v=bjRIzAO-3Ac,105.0,120.0
unlabeled_youtube, فهمتني؟ عايشك؟ أب؟ أب. فهمتني مغروم بالرياضة كيف كيف؟ يعني تمارس ولا تتابع الرياضة؟ أنا نتابع برشة الرياضة ونمارس الرياضة نمزلت نرعب في الكرة.,14.97599983215332,bjRIzAO-3Ac_8,https://www.youtube.com/watch?v=bjRIzAO-3Ac,120.0,135.0
unlabeled_youtube, عندك جمعية؟ لا، عندك جمعية نرعب مع أصحابي مع العبد البلايس الكل عندك جمعية تحبها أكثر؟ عندك جمعية أكثر نحب نديرها دي سفيقتي,15.0,bjRIzAO-3Ac_9,https://www.youtube.com/watch?v=bjRIzAO-3Ac,135.0,150.0
unlabeled_youtube, أنا قريت شوية في سفيق الستة سنين من سفر إلى ستة سنين وبعد نمشينا للمستير الوالد كان نيخدم في المستير وبعد جينا لتونس فهمتني وفي تونس قريت في باب الخضرة نحب نسمي خاطرنا على,15.0,bjRIzAO-3Ac_10,https://www.youtube.com/watch?v=bjRIzAO-3Ac,150.0,165.0
unlabeled_youtube, طبيب محب للرياضة,14.928000450134277,bjRIzAO-3Ac_11,https://www.youtube.com/watch?v=bjRIzAO-3Ac,165.0,180.0
unlabeled_youtube, وخاصة كوارجي. ما عاد فهمه بتاحي طيب. لا طيب فهمه اللي تراج ضد هذومه. اللي تراج بتاع الكورة. يعني موجودين بكثرة. انتي من الناس اللي يمنوا اللي كتاب دولا وانو مش اختصاص كما,15.0,bjRIzAO-3Ac_12,https://www.youtube.com/watch?v=bjRIzAO-3Ac,180.0,195.0
unlabeled_youtube, من الناس اللي تمن اللي البطاح هي اللي تعطي كوارجية صحاح وكورة صحيحة في بلاي والله ازوز ازوز قطر فما تساعة تلقى اندون هذيك تلقى في البطح فمتن تمشي في البطح,15.0,bjRIzAO-3Ac_13,https://www.youtube.com/watch?v=bjRIzAO-3Ac,195.0,210.0
unlabeled_youtube, وده يرقبال كانوا يهزوا الملعبية من البتاحي. حمادي العجربي كانت اسمع بيه. ملعبية متاع باتحا. فامتني اه. تميم بتارق ملعبية متاع باتحا. لكن طوالي فاماليزا اكاديمية هده هو ما يعملوا الاكاديمية و,15.0,bjRIzAO-3Ac_14,https://www.youtube.com/watch?v=bjRIzAO-3Ac,210.0,225.0
unlabeled_youtube, يظهر في البطحة أكثر من الأكاديمية؟ يظهر في البطحة أكثر من الأكاديمية؟ يظهر في البطحة أكثر من الأكاديمية البطحة ليس موجودين؟ نقص نقص الكورو بشدين تاليفونات,15.0,bjRIzAO-3Ac_15,https://www.youtube.com/watch?v=bjRIzAO-3Ac,225.0,240.0
unlabeled_youtube, مشكلة كبيرة. مشكلة كبيرة. مشكلة كبيرة. انا يدولي في الحقيقة هذية خطرة هذو ما اللي تغاني يكريوا فيهم الحقيقة غالين على الوليات صغار. معنى عشرة دينارات لوحد بيش تلعب ساعة كورة. فهمتني. يدولي يشوفوا معنى بلايس الدولة تشوفوا,15.0,bjRIzAO-3Ac_16,https://www.youtube.com/watch?v=bjRIzAO-3Ac,240.0,255.0
unlabeled_youtube, بلايس وتعمل فيها معناها بتاحي من الضمين اكثر وتخلي اللعبات تكور معناها تخرج للخارج لايطاش مش نسمي لك انا عمنا وربما مش راو نعمل في البيبليسيتي عمنا مشيت الهونغ كونغ باحدة بنتي بنتي في هونغ كونغ مشينا,15.0,bjRIzAO-3Ac_17,https://www.youtube.com/watch?v=bjRIzAO-3Ac,255.0,270.0
unlabeled_youtube, بيش البلاسة عالبحر ثمانية تيرانات نتعفولي بسايبينا كيك إيجاء العبار إيجاء العبار إيجاء العبار إيجاء العبار إيجاء العبار إيجاء العبار إيجاء العبار إيجاء العبار إيجاء العبار إيجاء العبار إيجاء العبار إيجاء العبار إيجاء العبار إيجاء العبار إيجاء العبار إيجاء العبار إيجاء العبار إيجاء العبار إيجاء العبار إيجاء العبار إيجاء العبار إيجاء العبار إيجاء العبار إيجاء العبار إيجاء العبار إيجاء العبار إيجاء العبار إيجاء العبار إيجاء العبار إيجاء العبار إيجاء العبار إيجاء العبار إيجاء العبار إيجاء العبار إيجاء العبار إيجاء العبار إيجاء العبار إيجاء العبار إيجاء العبار إيجاء العبار إيجاء العبار إيجاء العبار إيجاء العبار إيجاء العبار إيجاء العبار إيجاء العبار إيجاء العبار إيجاء العبار إيجاء العبار إيجاء العبار إيجاء العبار إيجاء العبار إيجاء العبار إيجاء العبار إيجاء العبار إيجاء العبار إيجاء العبار إيجاء العبار إيجاء الع,15.0,bjRIzAO-3Ac_18,https://www.youtube.com/watch?v=bjRIzAO-3Ac,270.0,285.0
unlabeled_youtube, نقبل بيك الناس الكل تكون عندها نشاط رياضي يلزم يكون هما نشاط رياضي حسب رأينا نشاط رياضي حاجة اساسية كيما الماكلة احنا الكلنا في العائلة نعملوا رياضة الكل انا وبناتي زود,15.0,bjRIzAO-3Ac_19,https://www.youtube.com/watch?v=bjRIzAO-3Ac,285.0,300.0
unlabeled_youtube, ومرتي ولدي. نسكولت عم رياضة كل يوم. دكار. انتي علمتهم لحكاية هذي متى ضرورة رياضة معناه؟ هما انا علمتهم انا قد شوفوا فيه. خاطر شوفوا فيه كل يوم بدل في حويجي.,14.984000205993652,bjRIzAO-3Ac_20,https://www.youtube.com/watch?v=bjRIzAO-3Ac,300.0,315.0
unlabeled_youtube, نلعب طلعهما بالنسبة لهم رياضة حاجة عادية خلي حكيه وماله على الاختصاص متاعك وعلى اختيارك للطب منذ الطفولة الصغيرة متاعك ووقت اللي تكاور في البطحة تقول انا نحب نولي تبيب ولا كيفية؟,14.95199966430664,bjRIzAO-3Ac_21,https://www.youtube.com/watch?v=bjRIzAO-3Ac,315.0,330.0
unlabeled_youtube, أنا كنت ما عندي إش فكرة هكا معينة كنت نحب نعمل فارماسي معناها أكثر كوميرس وحسابات وفهمتها وبعدها كيكا الجيت بالصدفة معناها,15.0,bjRIzAO-3Ac_22,https://www.youtube.com/watch?v=bjRIzAO-3Ac,330.0,345.0
unlabeled_youtube, أنا أنا أنا أنا أنا أنا أنا أنا أنا أنا أنا أنا أنا أنا أنا أنا أنا,15.0,bjRIzAO-3Ac_23,https://www.youtube.com/watch?v=bjRIzAO-3Ac,345.0,360.0
unlabeled_youtube, وقت اللي نتفجع نقرأ فهمتني نحس فما نتفجع نقرأ بش نعطيك فكرة أنا في الميتسين بتاعي عاودت عامين فهمتني بكل صراحة ما نقرأ في عقل يعني العامل واللي نشري تكره,15.0,bjRIzAO-3Ac_24,https://www.youtube.com/watch?v=bjRIzAO-3Ac,360.0,375.0
unlabeled_youtube, بقعدت نحاوس عام كامل فهمتني ومش نشريت معديش خلوص تشريلي كرهبة مش مكترهب كبارة وكرهبة عادي وكهونا وقت اللي نتكبست نقرأ لها وقت نتكبست نقرأ لها وقت نحب نتكبست نقرأ,15.0,bjRIzAO-3Ac_25,https://www.youtube.com/watch?v=bjRIzAO-3Ac,375.0,390.0
unlabeled_youtube, الاختصاص متاعك معناك كملت الخمسة سنين طب وجيه وقت بيش تعادي الغزي دانا ولا بيش تختار اختصاص كان في ذهنك اختصاص قبله وتقول وانتي تقرأ في المدسين تقول نحب نعمل الاختصاص,15.0,bjRIzAO-3Ac_26,https://www.youtube.com/watch?v=bjRIzAO-3Ac,390.0,405.0
unlabeled_youtube, وإلا جيت بالصدفة حتى لنلقيت لشما؟ هي جيت بالصدفة أنا مثلاً ما كنتش حتى راحنا بعد خمسة سنين نعملو دستاج متاع انترنا عاديت بالجينيكولوجي بالبيداتري بالكاردجوب فهمت ما كنتش نحب نعمل,15.0,bjRIzAO-3Ac_27,https://www.youtube.com/watch?v=bjRIzAO-3Ac,405.0,420.0
unlabeled_youtube, على خطرك الصغير اللي يجيبك يتقول فل صغير هكا عمره شهرين وشهره,15.0,bjRIzAO-3Ac_28,https://www.youtube.com/watch?v=bjRIzAO-3Ac,420.0,435.0
unlabeled_youtube, قلت لي مرة صديقة طبيبة وقلت له ليش ما عملتش بادياتري محلية البادياتري والصغيرات والبنبين وتخلت ليه يتوقي يجيك في نص الليل الثمانية وهو يبكي ثمانية سويع ويبكي وتبتنجوش حتى تسأله قلت لي وقت,15.0,bjRIzAO-3Ac_29,https://www.youtube.com/watch?v=bjRIzAO-3Ac,435.0,450.0
unlabeled_youtube, اقول لي كيف تصارف معنا. نحب بارشة الى الى الى الى الى الى الى الى الى الى الى الى الى الى الى الى الى الى الى الى الى الى الى الى الى الى الى الى الى الى الى الى الى الى الى الى الى الى الى الى الى الى الى الى الى الى الى الى الى الى الى الى الى الى الى الى الى الى الى الى الى الى الى الى الى الى الى الى الى الى الى الى الى الى الى الى الى الى الى الى الى الى الى الى الى الى الى الى الى الى الى الى الى الى الى الى الى الى الى الى الى الى الى الى الى الى الى الى الى الى الى الى الى الى الى الى الى الى الى الى الى الى الى الى الى الى الى الى الى الى الى الى الى الى الى الى الى الى الى الى الى الى الى الى الى الى الى الى الى الى الى الى الى الى الى الى الى الى الى الى الى الى الى الى الى الى الى الى الى الى الى الى الى الى الى الى الى الى الى الى الى الى الى الى الى الى الى الى الى الى الى الى الى الى الى الى الى الى الى الى الى الى الى الى الى الى الى الى الى الى الى الى ال,14.984000205993652,bjRIzAO-3Ac_30,https://www.youtube.com/watch?v=bjRIzAO-3Ac,450.0,465.0
unlabeled_youtube, المركز الوطني لعلاج الألم دي عام سبعة وتسعين نهارنا نقرأ في الجريدة,15.0,bjRIzAO-3Ac_31,https://www.youtube.com/watch?v=bjRIzAO-3Ac,465.0,480.0
unlabeled_youtube, نحن نحن نحن نحن نحن نحن نحن نحن نحن نحن نحن نحن نحن نحن نحن نحن نحن نحن نحن نحن نحن نحن نحن نحن نحن نحن نحن نحن نحن نحن نحن نحن نحن نحن نحن نحن نحن نحن نحن نحن نحن نحن نحن نحن نحن نحن نحن نحن نحن نحن نحن نحن نحن نحن نحن نحن نحن نحن نحن نحن نحن نحن نحن نحن نحن نحن نحن نحن نحن نحن نحن نحن نحن نحن نحن نحن نحن نحن نحن نحن نحن نحن نحن نحن نحن نحن نحن نحن نحن نحن نحن نحن نحن نحن نحن نحن نحن نحن نحن نحن نحن نحن نحن نحن نحن نحن نحن نحن نحن نحن نحن نحن نحن نحن نحن نحن نحن نحن نحن نحن نحن نحن نحن نحن نحن نحن نحن نحن نحن نحن نحن نحن نحن نحن نحن نحن نحن نحن نحن نحن نحن نحن نحن نحن نحن نحن نحن نحن,15.0,bjRIzAO-3Ac_32,https://www.youtube.com/watch?v=bjRIzAO-3Ac,480.0,495.0
unlabeled_youtube, وحكيت معها وانا وقتنا نعم في الاكوبنكتور نعمل في اماستير داكوبنكتور الوخص بالإبار الصينية عليش نقول الصينية خاطر فما بلوزور ميتود فما الاكوبنكتور ميتسين تراديشونال شينو,15.0,bjRIzAO-3Ac_33,https://www.youtube.com/watch?v=bjRIzAO-3Ac,495.0,510.0
unlabeled_youtube, يجب أن يجب أن يجب أن يجب أن يجب أن يجب أن يجب أن يجب أن يجب أن يجب أن يجب أن يجب أن يجب أن يجب أن يجب أن يجب أن يجب أن يجب أن يجب أن يجب أن يجب أن يجب أن يجب أن يجب أن يجب أن يجب أن يجب أن يجب أن يجب أن يجب أن يجب أن يجب أن يجب أن يجب أن يجب أن يجب أن يجب أن يجب أن يجب أن يجب أن يجب أن يجب أن يجب أن يجب أن يجب أن يجب أن يجب أن يجب أن يجب أن يجب أن يجب أن يجب أن يجب أن يجب أن يجب أن يجب أن يجب أن يجب أن يجب أن يجب أن يجب أن يجب أن يجب أن يجب أن يجب أن يجب أن يجب أن يجب أن يجب أن يجب أن يجب أن يجب أن يجب أن يجب أن يجب أن يجب أن يجب أن يجب أن يجب أن يجب أن يجب أن يجب أن يجب أن يجب أن يجب أن يجب أن يجب أن يجب أن يجب أن يجب أن يجب أن يجب أن يجب أن يجب أن يجب أن يجب أن يجب أن يجب أن يجب أن يجب أن يجب أن يجب أن يجب أن يجب أن يجب أن يجب أن يجب أن يجب أن يجب أن يجب أن يجب أن,15.0,bjRIzAO-3Ac_34,https://www.youtube.com/watch?v=bjRIzAO-3Ac,510.0,525.0
unlabeled_youtube, وكي دخلت وبدت تكتشف في المدسين هذه والعملية العلاج هذه كيف جلقيتها؟ عالم غريب ولا عالم كيتا باسيوني هكذا بجدت تتعلم أكثر؟,15.0,bjRIzAO-3Ac_35,https://www.youtube.com/watch?v=bjRIzAO-3Ac,525.0,540.0
unlabeled_youtube, أعلم أن أعلم أن أعلم أن أعلم أن أعلم أن أعلم أن أعلم أن أعلم أن أعلم أن أعلم أن أعلم أن أعلم أن أعلم أن أعلم أن أعلم أن أعلم أن أعلم أن أعلم أن أعلم أن أعلم أن أعلم أن أعلم أن أعلم أن أعلم أن أعلم أن أعلم أن أعلم أن أعلم أن أعلم أن أعلم أن أعلم أن أعلم أن أعلم أن أعلم أن أعلم أن أعلم أن أعلم أن أعلم أن أعلم أن أعلم أن أعلم أن أعلم أن أعلم أن أعلم أن أعلم أن أعلم أن أعلم أن أعلم أن أعلم أن أعلم أن أعلم أن أعلم أن أعلم أن أعلم أن أعلم أن أعلم أن أعلم أن أعلم أن أعلم أن أعلم أن أعلم أن أعلم أن أعلم أن أعلم أن أعلم أن أعلم أن أعلم أن أعلم أن أعلم أن أعلم أن أعلم أن أعلم أن أعلم أن أعلم أن أعلم أن أعلم أن أعلم أن أعلم أن أعلم أن أعلم أن أعلم أن أعلم أن أعلم أن أعلم أن أعلم أن أعلم أن أعلم أن أعلم أن أعلم أن أعلم أن أعلم أن أعلم أن أعلم أن أعلم أن أعلم أن أعلم أن أعلم أن أعلم أن أعلم أن أعلم أن أعلم أن أعلم أن أعلم أن أعلم أن أعلم أن أعلم أن أعلم أن أعلم أن أعلم أن أعلم أن أعلم أن,15.0,bjRIzAO-3Ac_36,https://www.youtube.com/watch?v=bjRIzAO-3Ac,540.0,555.0
unlabeled_youtube, خطر هو الاختساس مش موجود. وصورتو نحكي عالم تاع المرضى اللي عندهم الكنسر. حشيك سارتان. مريد تلقاها ما يرقدش وعنده الم نره فما مرضى تقعد شهرين تلاته ما ترقدش لو كيحكي,15.0,bjRIzAO-3Ac_37,https://www.youtube.com/watch?v=bjRIzAO-3Ac,555.0,570.0
unlabeled_youtube, العلاقة هذه بالطب الألم,15.0,bjRIzAO-3Ac_38,https://www.youtube.com/watch?v=bjRIzAO-3Ac,570.0,585.0
unlabeled_youtube, هو يجب أن تتعلم,15.0,bjRIzAO-3Ac_39,https://www.youtube.com/watch?v=bjRIzAO-3Ac,585.0,600.0
unlabeled_youtube, فهمتني خطر هو معناه اختصاص ما بين قوسين جديد ماش حاجة جديدة خطر علاج الألم ما تلقاش ما تلقاش كان في الأمراض السارة تانية تلقاه في الميغرين كيما قلت,14.895999908447266,bjRIzAO-3Ac_40,https://www.youtube.com/watch?v=bjRIzAO-3Ac,600.0,615.0
unlabeled_youtube, في الألم الذهر في الألم في الألم في الألم في الألم في الألم في الألم في الألم في الألم في الألم في الألم في الألم في الألم في الألم في الألم في الألم في الألم في الألم في الألم في الألم في الألم في الألم في الألم في الألم في الألم في الألم في الألم في الألم في الألم في الألم في الألم في الألم في الألم في الألم في الألم في الألم في الألم في الألم في الألم في الألم في الألم في الألم في الألم في الألم في الألم في الألم في الألم في الألم في الألم في الألم في الألم في الألم في الألم في الألم في الألم في الألم في الألم في الألم في الألم في الألم في الألم في الألم في الألم في الألم في الألم في الألم في الألم في الألم في الألم في الألم في الألم في الألم في الألم في الألم في الألم في الألم في الألم في الألم في الألم في الألم في الألم في الألم في الألم في الألم في الألم في الألم في الألم في الألم في الألم في الألم في الألم في الألم في الألم في الألم في الألم في الألم في الألم في الألم في الألم في الألم في الألم في الألم في الألم في الألم في الألم في الألم في الألم في الألم في الألم في الألم في الألم في الألم في الألم في الألم في الألم في الألم في الألم في الألم في الألم في الألم في الألم في الألم في الألم في الألم في الألم في الألم في الألم في الألم في الألم في الألم في الألم في الألم في الألم في الألم في الألم في الألم في الألم في الألم في الألم في الألم في الألم في الألم في الألم في الألم في الألم في الألم في الألم,14.847999572753906,bjRIzAO-3Ac_41,https://www.youtube.com/watch?v=bjRIzAO-3Ac,615.0,630.0
unlabeled_youtube, ما فيهش ألم هؤلاء هؤلاء هؤلاء هؤلاء هؤلاء هؤلاء هؤلاء هؤلاء هؤلاء هؤلاء هؤلاء هؤلاء هؤلاء هؤلاء هؤلاء هؤلاء هؤلاء هؤلاء هؤلاء هؤلاء هؤلاء هؤلاء هؤلاء هؤلاء هؤلاء هؤلاء هؤلاء هؤلاء هؤلاء هؤلاء هؤلاء هؤلاء هؤلاء هؤلاء هؤلاء هؤلاء هؤلاء هؤلاء هؤلاء هؤلاء هؤلاء هؤلاء هؤلاء هؤلاء هؤلاء هؤلاء هؤلاء هؤلاء هؤلاء هؤلاء هؤلاء هؤلاء هؤلاء هؤلاء هؤلاء هؤلاء هؤلاء هؤلاء هؤلاء هؤلاء هؤلاء هؤلاء هؤلاء هؤلاء هؤلاء هؤلاء هؤلاء هؤلاء هؤلاء هؤلاء هؤلاء هؤلاء هؤلاء هؤلاء هؤلاء هؤلاء هؤلاء هؤلاء هؤلاء هؤلاء هؤلاء هؤلاء هؤلاء هؤلاء هؤلاء هؤلاء هؤلاء هؤلاء هؤلاء هؤلاء هؤلاء هؤلاء هؤلاء هؤلاء هؤلاء هؤلاء هؤلاء هؤلاء هؤلاء هؤلاء هؤلاء هؤلاء هؤلاء هؤلاء هؤلاء هؤلاء هؤلاء هؤلاء هؤلاء هؤ,14.383999824523926,bjRIzAO-3Ac_42,https://www.youtube.com/watch?v=bjRIzAO-3Ac,630.0,645.0
unlabeled_youtube, عندو كنسير والميتاستاز ولا غيره انتو ما دوركم انكم الديوي والألم متاع المريض؟ نحن الديوي والألم متاع المريض طوى باقي نعود نرجع للأمراض السرطانية طوى,14.968000411987305,bjRIzAO-3Ac_43,https://www.youtube.com/watch?v=bjRIzAO-3Ac,645.0,660.0
unlabeled_youtube, مريض يعمل اما جراحة ولا كيميوي شيميو تيرابي ولا اشعة غاديو تيرابي ولا توفى ماليمينو تيرابي يعني تخيط من جديد لكن المريض الطبيب هذي بشي بدأ معناها بقدر,15.0,bjRIzAO-3Ac_44,https://www.youtube.com/watch?v=bjRIzAO-3Ac,660.0,675.0
unlabeled_youtube, تحس أنه فما وعي يبنون بالاختصاص هذا، الأهميته إن كان عند الناس,15.0,bjRIzAO-3Ac_45,https://www.youtube.com/watch?v=bjRIzAO-3Ac,675.0,690.0
unlabeled_youtube, عند المؤسسات الطبية الاستشفائية؟ ما زال ما زال في تونس معناها الناس معناها ساعات معناها ما زال ما يعرفوش اللي فما اختصاص انت علاج القلم اولا احنا معناش حق,14.968000411987305,bjRIzAO-3Ac_46,https://www.youtube.com/watch?v=bjRIzAO-3Ac,690.0,705.0
unlabeled_youtube, في تعريفك قلت لي,14.935999870300293,bjRIzAO-3Ac_47,https://www.youtube.com/watch?v=bjRIzAO-3Ac,705.0,720.0
unlabeled_youtube, نعم، نعم، نعم، نعم، نعم، نعم، نعم، نعم، نعم، نعم، نعم، نعم، نعم، نعم، نعم، نعم، نعم، نعم، نعم، نعم، نعم، نعم، نعم، نعم، نعم، نعم، نعم، نعم، نعم، نعم، نعم، نعم، نعم، نعم، نعم، نعم، نعم، نعم، نعم، نعم، نعم، نعم، نعم، نعم، نعم، نعم، نعم، نعم، نعم، نعم، نعم، نعم، نعم، نعم، نعم، نعم، نعم، نعم، نعم، نعم، نعم، نعم، نعم، نعم، نعم، نعم، نعم، نعم، نعم، نعم، نعم، نعم، نعم، نعم، نعم، نعم، نعم، نعم، نعم، نعم، نعم، نعم، نعم، نعم، نعم، نعم، نعم، نعم، نعم، نعم، نعم، نعم، نعم، نعم، نعم، نعم، نعم، نعم، نعم، نعم، نعم، نعم، نعم، نعم، نعم، نعم، نعم، نعم، نعم، نعم، نعم، نعم، نعم، نعم، نعم، نعم، نعم، نعم، نعم، نعم، نعم، نعم، نعم، نعم، نعم، نعم، نعم، نعم، نعم، نعم، نعم، نعم، نعم، نعم، نعم، نعم، نعم، نعم، نعم، نعم، نعم، نعم، نعم، نعم، نعم، نعم، نعم، نعم،,15.0,bjRIzAO-3Ac_48,https://www.youtube.com/watch?v=bjRIzAO-3Ac,720.0,735.0
unlabeled_youtube, وبين سفيقس والمستير كبيرت؟ عديد ست سنين في سفيقس دير قريت عشهر بريمير كهو وفي مستير أربع سنين والبقية في تونس والتغيير هذي,15.0,bjRIzAO-3Ac_49,https://www.youtube.com/watch?v=bjRIzAO-3Ac,735.0,750.0
unlabeled_youtube, بالنسبة لك أنت كتفل قريت في سفاقس و قريت في المستير و مشيت الباب الخضرة تحس أنه يضيف لك في التركيب النفسية متاع أو تحس بالعكس؟ أكيد أكيد أكيد، أكيد، أكيد، c'est très enrichissant,15.0,bjRIzAO-3Ac_50,https://www.youtube.com/watch?v=bjRIzAO-3Ac,750.0,765.0
unlabeled_youtube, فهمتني؟ يضيف لي أنا أضاف لي فهمتني خطر أنا توا كينو نحكي مع أصحابي نخالط أنا نسكول لراه ومش خطر وجاي من بلاسه ذيكا ولا من بلاسه ذيكا دونك,15.0,bjRIzAO-3Ac_51,https://www.youtube.com/watch?v=bjRIzAO-3Ac,765.0,780.0
unlabeled_youtube, جس انا مش نقول لك حاجة لي انا زوجتي من جير برا فعمتني والوالد ماخو ما بنزرت واخويا ماخو مساحل معنى هادي جاء عائلة معنى شلل اي اي مش مش متاعشي هويات متاعشي هويات انا انا اذا فتلي لو فتلي,14.97599983215332,bjRIzAO-3Ac_52,https://www.youtube.com/watch?v=bjRIzAO-3Ac,780.0,795.0
unlabeled_youtube, ليس كنت في مستير وفي تون وفي سفير. شنوه معناها تحس اللي هو يلفرج لبرسوناليتيتي على الصغير معادش عندوك التعلق الشديد بالمنطقة بالمكتب بالأصدقاء واللي قويه أكثر بش يكون عندو يبني علاقات بسهولة ولا؟,14.991999626159668,bjRIzAO-3Ac_53,https://www.youtube.com/watch?v=bjRIzAO-3Ac,795.0,810.0
unlabeled_youtube, يبني حلقات زادة واحدة يزم يرد باله خاطر في عمر معين هي معناها متاع الانسان تتكون من سفر لستة سنين ومعاد انت والتجارة بمتاعك انه تعرف,15.0,bjRIzAO-3Ac_54,https://www.youtube.com/watch?v=bjRIzAO-3Ac,810.0,825.0
unlabeled_youtube, تعرف برشع بيت تعرف برشع اماكن تعرف باب الخضرة ذكريات معاها عندك فرحات بانتمائك اللي في باب الخضرة عليش نوع أزمة للأسير اللي عاشتهم في باب الخضرة,15.0,bjRIzAO-3Ac_55,https://www.youtube.com/watch?v=bjRIzAO-3Ac,825.0,840.0
unlabeled_youtube, أنه قبل كانت تفهمها ديسيبلين قبل تحكينا على التسعينات الثمانينات قداش؟ ثمانينات ثمانينات ثمانينات سبعينات ثمانينات ثمانينات أنه كانت عنا إدارة قوية برشا خوفه كان بدأوا,15.0,bjRIzAO-3Ac_56,https://www.youtube.com/watch?v=bjRIzAO-3Ac,840.0,855.0
unlabeled_youtube, يدخلين الصباح يبدأ القيم العام ويقف الناس تشد تحيد تحيد فماش هذي فهمتني ولا شعر طويل واحد ساعات يش بدو ولا متفكر فيش بدو من شعره طب تحطوا اسمه لهنا غضوا جيم حاشب فهمتني,15.0,bjRIzAO-3Ac_57,https://www.youtube.com/watch?v=bjRIzAO-3Ac,855.0,870.0
unlabeled_youtube, كنا نرعب برشا كورا بكل سراحة ديما نكورو في شارع في فين تحب قريت عند أساذ كبار منهم الميداني بن سالح كنت أسمعو به أكيد طبعا,14.991999626159668,bjRIzAO-3Ac_58,https://www.youtube.com/watch?v=bjRIzAO-3Ac,870.0,885.0
unlabeled_youtube, تحية مالا لكل قدماء باب الخضر ضيفنا اليوم مرشد عبد المولى,15.0,bjRIzAO-3Ac_59,https://www.youtube.com/watch?v=bjRIzAO-3Ac,885.0,900.0
unlabeled_youtube, طبيب مختص في مداوية الألم زلنا نحكيه معاه على البحكوغ متاعه على تجربته في الاختصاص هدية الاختصاص اللاتبي نمشيه القابل للنقاش قابل للنقاش,15.0,bjRIzAO-3Ac_60,https://www.youtube.com/watch?v=bjRIzAO-3Ac,900.0,915.0
unlabeled_youtube, دكتور مرحبا بك مرة أخرى ونشكرك على قبول الدعوة في قابل النقاش نطرح بعض الموضعين نتنقش فيه مع ذيفنا وانتي رئيس الجمعية التونسية لدراسة وعلاج الألم الهدف في امتلك,15.0,bjRIzAO-3Ac_61,https://www.youtube.com/watch?v=bjRIzAO-3Ac,915.0,930.0
unlabeled_youtube, في أوروبا اختصاصهم وكافئة مثلا نحن في المؤتمر الخارج,15.0,bjRIzAO-3Ac_62,https://www.youtube.com/watch?v=bjRIzAO-3Ac,930.0,945.0
unlabeled_youtube, لكن ما زال ما هوش اختصاص,15.0,bjRIzAO-3Ac_63,https://www.youtube.com/watch?v=bjRIzAO-3Ac,945.0,960.0
unlabeled_youtube, أستاذ في علاج الألم لكن إختصاص 100% ما زال ما هو إختصاص المهم أنه لإختصاص ولا المهم أنه يتقر,15.0,bjRIzAO-3Ac_64,https://www.youtube.com/watch?v=bjRIzAO-3Ac,960.0,975.0
unlabeled_youtube, والله اهم حاجة انه يتقرع حتى كان الوقت الحذر يولي كفاءة مثالش والله يرى انت رحت سؤال على العميدة على رئيس عيمات الاطباء,15.0,bjRIzAO-3Ac_65,https://www.youtube.com/watch?v=bjRIzAO-3Ac,975.0,990.0
unlabeled_youtube, قاتل حكينا بعدنا قاتل سفا سفا سفا سفا سفا سفا سفا سفا سفا سفا سفا سفا سفا سفا سفا سفا سفا سفا سفا سفا سفا سفا سفا سفا سفا سفا سفا سفا سفا سفا سفا سفا سفا سفا سفا سفا سفا سفا سفا سفا سفا سفا سفا سفا سفا سفا سفا سفا سفا سفا سفا سفا سفا سفا سفا سفا سفا سفا سفا سفا سفا سفا سفا سفا سفا سفا سفا سفا سفا سفا سفا سفا سفا سفا سفا سفا سفا سفا سفا سفا سفا سفا سفا سفا سفا سفا سفا سفا سفا سفا سفا سفا سفا سفا سفا سفا سفا سفا سفا سفا سفا سفا سفا سفا سفا سفا سفا سفا سفا سفا سفا سفا سفا سفا سفا سفا سفا سفا سفا سفا سفا سفا سفا سفا سفا سفا سفا سفا سفا سفا سفا سفا سفا سفا سفا سفا سفا سفا سفا سفا سفا سفا سفا سفا,15.0,bjRIzAO-3Ac_66,https://www.youtube.com/watch?v=bjRIzAO-3Ac,990.0,1005.0
unlabeled_youtube, نعم نعم نعم نعم نعم نعم نعم نعم نعم نعم نعم نعم نعم نعم نعم نعم نعم نعم نعم نعم نعم نعم نعم نعم نعم نعم نعم نعم نعم نعم نعم نعم نعم نعم نعم نعم نعم نعم نعم نعم نعم نعم نعم نعم نعم نعم نعم نعم نعم نعم نعم نعم نعم نعم نعم نعم نعم نعم نعم نعم نعم نعم نعم نعم نعم نعم نعم نعم نعم نعم نعم نعم نعم نعم نعم نعم نعم نعم نعم نعم نعم نعم نعم نعم نعم نعم نعم نعم نعم نعم نعم نعم نعم نعم نعم نعم نعم نعم نعم نعم نعم نعم نعم نعم نعم نعم نعم نعم نعم نعم نعم نعم نعم نعم نعم نعم نعم نعم نعم نعم نعم نعم نعم نعم نعم نعم نعم نعم نعم نعم نعم نعم نعم نعم نعم نعم نعم نعم نعم نعم نعم نعم نعم نعم نعم نعم نعم نعم نعم نعم نعم نعم نعم نعم نعم نعم نعم نعم نعم نعم نعم نعم نعم نعم نعم نعم نعم نعم نعم نعم نعم نعم نعم نعم نعم نعم نعم نعم نعم نعم نعم نعم نعم نعم نعم نعم نعم نعم نعم نعم نعم نعم نعم نعم نعم نعم نعم نعم نعم نعم نعم نعم نعم نعم نعم نعم نعم نعم نعم نعم نعم نعم نعم نعم نعم نعم نعم نعم نعم نعم نعم نعم,15.0,bjRIzAO-3Ac_67,https://www.youtube.com/watch?v=bjRIzAO-3Ac,1005.0,1020.0
unlabeled_youtube, ساعات و يلزم دي ستاج و بول فامتين. التبيب الإحساس بالألم هو إحساس ذاتي شخص يشعر بيه. معناها أنا نشعر بالألم هذك. الناس الكل عندها قدرة أن,15.0,bjRIzAO-3Ac_68,https://www.youtube.com/watch?v=bjRIzAO-3Ac,1020.0,1035.0
unlabeled_youtube, إنها تصور لك الألم بتاعها إنها تعبر لك عليه مش نجم تلقاه له لا مش نسكول لا مش نسكول ملا كيفش نجم تطلع إحساسه بالألم وإلا على الإشياء بتاع عشرة قداش عندي إحساس بالألم أنا ما جبتش هذيك على الإشياء الفيزيوية الأنالوجيك,14.887999534606934,bjRIzAO-3Ac_69,https://www.youtube.com/watch?v=bjRIzAO-3Ac,1035.0,1050.0
unlabeled_youtube, فما يبطي تغيقلات هكا صغيرة تعطيه هو يعمل كيرسور من سفر العشرة خمسة وجيع متوسطة ستة سبعة تقوى عشرة العشرة وجيع قوية على الأخر هذي هي سليشية الفيزيويل أنالوجيك واحدة ثنين فما بالكلام,14.935999870300293,bjRIzAO-3Ac_70,https://www.youtube.com/watch?v=bjRIzAO-3Ac,1050.0,1065.0
unlabeled_youtube, فهمتني؟ وجي عا ضعيفة وجي عا متوسطة وجي عا قوية وجي عا قوية برش فهمتني؟ أربعة فهمة لشيل دي ميميك دي ميميك تعطيه إن بتتغيقلات تعطيه وجه واحد يضحك وجه واحد منرفز وجه واحد يبكي ومن تالي فيها,15.0,bjRIzAO-3Ac_71,https://www.youtube.com/watch?v=bjRIzAO-3Ac,1065.0,1080.0
unlabeled_youtube, صغيرات؟ نعملوها للناس اللي ما تفهمش ليش هي الفيزيوية الانالوجيك نعملوها للصغار ونعملوها للناس الكبار من جمش يتكلم بسهولة,15.0,bjRIzAO-3Ac_72,https://www.youtube.com/watch?v=bjRIzAO-3Ac,1080.0,1095.0
unlabeled_youtube, أنا هدا شو أقول لك؟ ساعات نقوله فلان شو كاع وإلا الوجيع اللي أنا متوجع منها برشا وتنجم باكيني لاخر تنجم متوجع ويتقلق وكها,15.0,bjRIzAO-3Ac_73,https://www.youtube.com/watch?v=bjRIzAO-3Ac,1095.0,1110.0
unlabeled_youtube, تقعد وفاك الموضوعية متاعكم متاع هاذا نفيق به اللي هو شوكاع دونك لو جعب بشي يحطها دي سور دي سرخك الاخر يحط لي سنك سور دي س في نفس الألم ربما هو ما هو المريض كي يجيك المريض كي يجيك فهمتني هو دجا بشي قول لك,15.0,bjRIzAO-3Ac_74,https://www.youtube.com/watch?v=bjRIzAO-3Ac,1110.0,1125.0
unlabeled_youtube, هل هو المريض قادمه؟؟؟؟؟؟؟؟؟؟؟؟؟؟؟؟؟؟؟؟؟؟؟؟؟؟؟؟؟؟؟؟؟؟؟؟؟؟؟؟؟؟؟؟؟؟؟؟؟؟؟؟؟؟؟؟؟؟؟؟؟؟؟؟؟؟؟؟؟؟؟؟؟؟؟؟؟؟؟؟؟؟؟؟؟؟؟؟؟؟؟؟؟؟؟؟؟؟؟؟؟؟؟؟؟؟؟؟؟؟؟؟؟؟؟؟؟؟؟؟؟؟؟؟؟؟؟؟؟؟؟؟؟؟؟؟؟؟؟؟؟؟؟؟؟؟؟؟؟؟؟؟؟؟؟؟؟؟؟؟؟؟؟؟؟؟؟؟؟؟؟؟؟؟؟؟؟؟؟؟؟؟؟؟؟؟؟؟؟؟؟؟؟؟؟؟؟؟؟؟؟؟؟؟؟؟؟؟؟؟؟؟؟؟؟؟؟؟؟؟؟؟؟؟؟؟؟؟؟؟؟؟؟؟؟؟؟؟؟؟؟؟؟؟؟؟؟؟؟؟؟؟؟؟؟؟؟؟؟؟؟؟؟؟؟؟؟؟؟؟؟؟؟؟؟؟؟؟؟؟؟؟؟؟؟؟؟؟؟؟؟؟؟؟؟؟؟؟؟؟؟؟؟؟؟؟؟؟؟؟؟؟؟؟؟؟؟؟؟؟؟؟؟؟؟؟؟؟؟؟؟؟؟؟؟؟؟؟؟؟؟؟؟؟؟؟؟؟؟؟؟؟؟؟؟؟؟؟؟؟؟؟؟؟؟؟؟؟؟؟؟؟؟؟؟؟؟؟؟؟؟؟؟؟؟؟؟؟؟؟؟؟؟؟؟؟؟؟؟؟؟؟؟؟؟؟؟؟؟؟؟؟؟؟؟؟؟؟؟؟؟؟؟؟؟؟؟؟؟؟؟؟؟؟,15.0,bjRIzAO-3Ac_75,https://www.youtube.com/watch?v=bjRIzAO-3Ac,1125.0,1140.0
unlabeled_youtube, واضحة جدا كيفاش نجمو توازنو,15.0,bjRIzAO-3Ac_76,https://www.youtube.com/watch?v=bjRIzAO-3Ac,1140.0,1155.0
unlabeled_youtube, بين إنكم تخفوا الألم وبين إنكم ما تخليوش المريض يتيح في الإدمان على الأحراب اللي تناحيله جيعة. نجبت موضوع حساس شوية. خطر إحنا,15.0,bjRIzAO-3Ac_77,https://www.youtube.com/watch?v=bjRIzAO-3Ac,1155.0,1170.0
unlabeled_youtube, إذا كان الطبيب يعرف كيف يستعملهم، ما يعملوش إدمان,14.984000205993652,bjRIzAO-3Ac_78,https://www.youtube.com/watch?v=bjRIzAO-3Ac,1170.0,1185.0
unlabeled_youtube, يعملوا إدمان عند الناس اللي تستعملها وهي ما عديش إلم فهمتني خاطر فما أنواع متاع حرابش اللي تعمل إدمان واللي الغالب يلزمني نقولها الصيدليات,14.944000244140625,bjRIzAO-3Ac_79,https://www.youtube.com/watch?v=bjRIzAO-3Ac,1185.0,1200.0
unlabeled_youtube, يعطيه فيها من غير هردونس والمريض يتيح في الأدمان أنا يجيوني يساعد نعشي زي مني يقولها وليه مش لازم نسمي يجييني فمشكون ياخذ باكو كامل من نوع متع الدول,14.960000038146973,bjRIzAO-3Ac_80,https://www.youtube.com/watch?v=bjRIzAO-3Ac,1200.0,1215.0
unlabeled_youtube, نحن نحن نحن نحن نحن نحن نحن نحن نحن نحن نحن نحن نحن نحن نحن نحن نحن نحن نحن نحن نحن نحن نحن نحن نحن نحن نحن نحن نحن نحن نحن نحن نحن نحن نحن نحن نحن نحن نحن نحن نحن نحن نحن نحن نحن نحن نحن نحن نحن نحن نحن نحن نحن نحن نحن نحن نحن نحن نحن نحن نحن نحن نحن نحن نحن نحن نحن نحن نحن نحن نحن نحن نحن نحن نحن نحن نحن نحن نحن نحن نحن نحن نحن نحن نحن نحن نحن نحن نحن نحن نحن نحن نحن نحن نحن نحن نحن نحن نحن نحن نحن نحن نحن نحن نحن نحن نحن نحن نحن نحن نحن نحن نحن نحن نحن نحن نحن نحن نحن نحن نحن نحن نحن نحن نحن نحن نحن نحن نحن نحن نحن نحن نحن نحن نحن نحن نحن نحن نحن نحن نحن نحن نحن نحن نحن نحن نحن نحن,15.0,bjRIzAO-3Ac_81,https://www.youtube.com/watch?v=bjRIzAO-3Ac,1215.0,1230.0
unlabeled_youtube, فهمتك فهمتك فهمتك فهمتك فهمتك فهمتك فهمتك فهمتك فهمتك فهمتك فهمتك فهمتك فهمتك فهمتك فهمتك فهمتك فهمتك فهمتك فهمتك فهمتك فهمتك فهمتك فهمتك فهمتك فهمتك فهمتك فهمتك فهمتك فهمتك فهمتك فهمتك فهمتك فهمتك فهمتك فهمتك فهمتك فهمتك فهمتك فهمتك فهمتك فهمتك فهمتك فهمتك فهمتك فهمتك فهمتك فهمتك فهمتك فهمتك فهمتك فهمتك فهمتك فهمتك فهمتك فهمتك فهمتك فهمتك فهمتك فهمتك فهمتك فهمتك فهمتك فهمتك فهمتك فهمتك فهمتك فهمتك فهمتك فهمتك فهمتك فهمتك فهمتك فهمتك فهمتك فهمتك فهمتك فهمتك فهمتك فهمتك فهمتك فهمتك فهمتك فهمتك فهمتك فهمتك فهمتك فهمتك فهمتك فهمتك فهمتك فهمتك فهمتك فهمتك فهمتك فهمتك فهمتك فهمتك فهمتك فهمتك فهمتك فهمتك فهمتك فهمتك فهمتك فهمتك فهمتك فهمتك فهمتك فهمتك فهمتك فهمتك,15.0,bjRIzAO-3Ac_82,https://www.youtube.com/watch?v=bjRIzAO-3Ac,1230.0,1245.0
unlabeled_youtube, كان بالوصفة الطبية. فهمتين؟ وفهمها أدوية جدد بغلي دولغ نروباتيك تاو مش بش نتخلو في الديتاي اللي هما بخي جابالين وجابابانتين اللي يعملو قدمين. فهمتين؟ إذا كان ما استمعتهمش طبيب بيانسور بشي,15.0,bjRIzAO-3Ac_83,https://www.youtube.com/watch?v=bjRIzAO-3Ac,1245.0,1260.0
unlabeled_youtube, يعملوا إدمان. دوره مهم جدا في أنه يعطي الدواء اللي ما يعملش إدمان للمريض. إنه حيله لجعة فقط. ما يعملش إدمان. ما دامه هو يستعمل فيه الغاية معينة للآلام. ما يعملش,15.0,bjRIzAO-3Ac_84,https://www.youtube.com/watch?v=bjRIzAO-3Ac,1260.0,1275.0
unlabeled_youtube, بالنسبة لعلاج الألم في تونس كيف تشترى المستقبل والإمكانيات وزيد اليوم بالنسبة للأطباء شنو الأشكاليات ربما للتعرض؟,14.984000205993652,bjRIzAO-3Ac_85,https://www.youtube.com/watch?v=bjRIzAO-3Ac,1275.0,1290.0
unlabeled_youtube, نحن نحن نحن نحن نحن نحن نحن نحن نحن نحن نحن نحن نحن نحن نحن نحن نحن نحن نحن نحن نحن نحن نحن نحن نحن نحن نحن نحن نحن نحن نحن نحن نحن نحن نحن نحن نحن نحن نحن نحن نحن نحن نحن نحن نحن نحن نحن نحن نحن نحن نحن نحن نحن نحن نحن نحن نحن نحن نحن نحن نحن نحن نحن نحن نحن نحن نحن نحن نحن نحن نحن نحن نحن نحن نحن نحن نحن نحن نحن نحن نحن نحن نحن نحن نحن نحن نحن نحن نحن نحن نحن نحن نحن نحن نحن نحن نحن نحن نحن نحن نحن نحن نحن نحن نحن نحن نحن نحن نحن نحن نحن نحن نحن نحن نحن نحن نحن نحن نحن نحن نحن نحن نحن نحن نحن نحن نحن نحن نحن نحن نحن نحن نحن نحن نحن نحن نحن نحن نحن نحن نحن نحن نحن نحن نحن نحن نحن نحن,15.0,bjRIzAO-3Ac_86,https://www.youtube.com/watch?v=bjRIzAO-3Ac,1290.0,1305.0
unlabeled_youtube, أما مثلاً وقت اللي يفهم نقص في الأدوية هزيت روحي ومشيت قبلت مدير الصيدلية المركزية ومشيت قبلت سيد وزير صح أولاً مشيت لو في نتاق,14.616000175476074,bjRIzAO-3Ac_87,https://www.youtube.com/watch?v=bjRIzAO-3Ac,1305.0,1320.0
unlabeled_youtube, المؤتمر اللي عملناه وأعلمته قلت له رأيه فما نقص حد في أدوية معايدة الحاجة الثانية أنه أنه,15.0,bjRIzAO-3Ac_88,https://www.youtube.com/watch?v=bjRIzAO-3Ac,1320.0,1335.0
unlabeled_youtube, فرنسا مش معناه فرنسا مش روبير بالنسبة لي اما عندهم تقريب ميتين وخمس وستين كونسولتة سان دولار فعلها كل الوحد معناه نجمو نجمو نعملو سانتر فرجنو نعم ستة تتسعين,15.0,bjRIzAO-3Ac_89,https://www.youtube.com/watch?v=bjRIzAO-3Ac,1335.0,1350.0
unlabeled_youtube, نعم نعم نعم نعم نعم نعم نعم نعم نعم نعم نعم نعم نعم نعم نعم نعم نعم نعم نعم نعم نعم نعم نعم نعم نعم نعم نعم نعم نعم نعم نعم نعم نعم نعم نعم نعم نعم نعم نعم نعم نعم نعم نعم نعم نعم نعم نعم نعم نعم نعم نعم نعم نعم نعم نعم نعم نعم نعم نعم نعم نعم نعم نعم نعم نعم نعم نعم نعم نعم نعم نعم نعم نعم نعم نعم نعم نعم نعم نعم نعم نعم نعم نعم نعم نعم نعم نعم نعم نعم نعم نعم نعم نعم نعم نعم نعم نعم نعم نعم نعم نعم نعم نعم نعم نعم نعم نعم نعم نعم نعم نعم نعم نعم نعم نعم نعم نعم نعم نعم نعم نعم نعم نعم نعم نعم نعم نعم نعم نعم نعم نعم نعم نعم نعم نعم نعم نعم نعم نعم نعم نعم نعم نعم نعم نعم نعم نعم نعم نعم نعم نعم نعم نعم نعم نعم نعم نعم نعم نعم نعم نعم نعم نعم نعم نعم نعم نعم نعم نعم نعم نعم نعم نعم نعم نعم نعم نعم نعم نعم نعم نعم نعم نعم نعم نعم نعم نعم نعم نعم نعم نعم نعم نعم نعم نعم نعم نعم نعم نعم نعم نعم نعم نعم نعم نعم نعم نعم نعم نعم نعم نعم نعم نعم نعم نعم نعم نعم نعم نعم نعم نعم نعم,15.0,bjRIzAO-3Ac_90,https://www.youtube.com/watch?v=bjRIzAO-3Ac,1350.0,1365.0
unlabeled_youtube, بشي تكون في موحدات أخرى ولا بشي تم تعميم؟ لا، سعادة في المنطقة المنطقة المنطقة المنطقة المنطقة المنطقة المنطقة المنطقة المنطقة المنطقة المنطقة المنطقة المنطقة المنطقة المنطقة المنطقة المنطقة المنطقة المنطقة المنطقة المنطقة المنطقة المنطقة المنطقة المنطقة المنطقة المنطقة المنطقة المنطقة المنطقة المنطقة المنطقة المنطقة المنطقة المنطقة المنطقة المنطقة المنطقة المنطقة المنطقة المنطقة المنطقة المنطقة المنطقة المنطقة المنطقة المنطقة المنطقة المنطقة المنطقة المنطقة المنطقة المنطقة المنطقة المنطقة المنطقة المنطقة المنطقة المنطقة المنطقة المنطقة المنطقة المنطقة المنطقة المنطقة المنطقة المنطقة المنطقة المنطقة المنطقة المنطقة المنطقة المنطقة المنطقة المنطقة المنطقة المنطقة المنطقة المنطقة المنطقة المنطقة المنطقة المنطقة المنطقة المنطقة المنطقة المنطقة المنطقة المنطقة المنطقة المنطقة المنطقة المنطقة المنطقة المنطقة المنطقة المنطقة المنطقة المنطقة المنطقة المنطقة المنطقة المنطقة المنط,15.0,bjRIzAO-3Ac_91,https://www.youtube.com/watch?v=bjRIzAO-3Ac,1365.0,1380.0
unlabeled_youtube, بالنسبة لكم قلت لي كلمة مهمة جدا قلت لي الدولار,15.0,bjRIzAO-3Ac_92,https://www.youtube.com/watch?v=bjRIzAO-3Ac,1380.0,1395.0
unlabeled_youtube, ساروا قبل دي ربتور أما توافر فرanchement جيوي لانسي أن أبل فمتيم اللي راديو نبتاك,15.0,bjRIzAO-3Ac_93,https://www.youtube.com/watch?v=bjRIzAO-3Ac,1395.0,1410.0
unlabeled_youtube, في الأسبوع هذا والأسبوع اللي قبله والأسبوع الجي مش لقاوم مشاكل كبيرة خاطر الأدوية القوية بتاع,15.0,bjRIzAO-3Ac_94,https://www.youtube.com/watch?v=bjRIzAO-3Ac,1410.0,1425.0
unlabeled_youtube, ما انا مش فهمين عليش الادوية هذية معناها اي لاي تيغو تيغي فما تلايثها اره,15.0,bjRIzAO-3Ac_95,https://www.youtube.com/watch?v=bjRIzAO-3Ac,1425.0,1440.0
unlabeled_youtube, ما عادش موجودين بشوية بشوية بشوية بشوية حتى ما فميش هالي ما تفمه الباليديوه اما ساعات المالات كنسيروه ما نجموش نديوهم بالباليديو ما نجموش نحن نوخروا بالتوالي خاطر بشي بدا غير كافي واذا كان الناس الكل بشي,15.0,bjRIzAO-3Ac_96,https://www.youtube.com/watch?v=bjRIzAO-3Ac,1440.0,1455.0
unlabeled_youtube, فهمت؟,15.0,bjRIzAO-3Ac_97,https://www.youtube.com/watch?v=bjRIzAO-3Ac,1455.0,1470.0
unlabeled_youtube, معناها بالنسبة لك محتاجين للأدوية، الوعي أكثر من طرف الناس بأهمية الديسيبلين هذه؟ ولا بالنسبة لك أنت يجب أن يكون فهمة وعي بالديسيبلين هذه وبمكانتها؟,15.0,bjRIzAO-3Ac_98,https://www.youtube.com/watch?v=bjRIzAO-3Ac,1470.0,1485.0
unlabeled_youtube, في المستشفيات بالنسبة للدولة بالنسبة للدولة يلزي ما حسب راي يعملوا دي سنترشدد والله يا راي متكلفش حال كبير يا راي ميزبيش متاخيال راي لو تخيت مودلة دولة,15.0,bjRIzAO-3Ac_99,https://www.youtube.com/watch?v=bjRIzAO-3Ac,1485.0,1500.0
unlabeled_youtube, يجب أن يجب أن يجب أن يجب أن يجب أن يجب أن يجب أن يجب أن يجب أن يجب أن يجب أن يجب أن يجب أن يجب أن يجب أن يجب أن يجب أن يجب أن يجب أن يجب أن يجب أن يجب أن يجب أن يجب أن يجب أن يجب أن يجب أن يجب أن يجب أن يجب أن يجب أن يجب أن يجب أن يجب أن يجب أن يجب أن يجب أن يجب أن يجب أن يجب أن يجب أن يجب أن يجب أن يجب أن يجب أن يجب أن يجب أن يجب أن يجب أن يجب أن يجب أن يجب أن يجب أن يجب أن يجب أن يجب أن يجب أن يجب أن يجب أن يجب أن يجب أن يجب أن يجب أن يجب أن يجب أن يجب أن يجب أن يجب أن يجب أن يجب أن يجب أن يجب أن يجب أن يجب أن يجب أن يجب أن يجب أن يجب أن يجب أن يجب أن يجب أن يجب أن يجب أن يجب أن يجب أن يجب أن يجب أن يجب أن يجب أن يجب أن يجب أن يجب أن يجب أن يجب أن يجب أن يجب أن يجب أن يجب أن يجب أن يجب أن يجب أن يجب أن يجب أن يجب أن يجب أن يجب أن يجب أن يجب أن يجب أن يجب أن يجب أن,15.0,bjRIzAO-3Ac_100,https://www.youtube.com/watch?v=bjRIzAO-3Ac,1500.0,1515.0
unlabeled_youtube, ولا تجيب لي واحد انت في حياته ما تعرضش الالام ولا ما جيتوش وجاعة ولا مسختان ما اما مش كل الالامة هي زي ما تكون اوجاع قوية دكتور باش نمشيه لتبيب مختص في الالام وإلا حتى الوجاع الباصية,15.0,bjRIzAO-3Ac_101,https://www.youtube.com/watch?v=bjRIzAO-3Ac,1515.0,1530.0
unlabeled_youtube, كل واحد كيفاش فما اللي يبدأ يحاول وحده فما اللي يمشي للصيدلية يعطيها ادوية ان شاء الله ما يعطيها ادوية دي زنطي انفلاماتوار ويسألوا عند القرح ولا مثلا,15.0,bjRIzAO-3Ac_102,https://www.youtube.com/watch?v=bjRIzAO-3Ac,1530.0,1545.0
unlabeled_youtube, خاطر نتفكر أنا فهمة واحد دو كمprimé d'anti-inflamatoires تكلفولو بالملين فلمتا؟ رساتو في لفاش غسريك فلمتا؟ عملو إموراجي غسريك وفاق اللي يمشي حبيدي,15.0,bjRIzAO-3Ac_103,https://www.youtube.com/watch?v=bjRIzAO-3Ac,1545.0,1560.0
unlabeled_youtube, كل عات كيفاش؟ في تعريفك قبيلة واحنا نتحط وقلت اللي انتي ابو عندك زوز وليدات وبنوتا زوز بنات ولاية زوز بنات ولاية اي شنو الابو ولا الطبيب كيفاش يعيش تجربة هذي متاع الابوة؟,14.991999626159668,bjRIzAO-3Ac_104,https://www.youtube.com/watch?v=bjRIzAO-3Ac,1560.0,1575.0
unlabeled_youtube, والله ساعة هما حتى واحد ما حاب يعمل متين. اي بي. انا جبت وحدك المضاختر حتينها. لا لا لا. زالي بوزيلا كسب. هي المادام تبيبه ولا مش تبيبه. مادام تبيبه ولا دي. مادام تبيبه مرات الجلدية.,14.904000282287598,bjRIzAO-3Ac_105,https://www.youtube.com/watch?v=bjRIzAO-3Ac,1575.0,1590.0
unlabeled_youtube, حتى واحد ما حاب يعمل ميتين وحمد الله ما كانوا بقراية بالقديق ويجيوا يقولوا لي بهانا في الشواب بيش نعملوا ويقولوا لي لنمشي معاكم برا امشي واحدك تصرف,14.831999778747559,bjRIzAO-3Ac_106,https://www.youtube.com/watch?v=bjRIzAO-3Ac,1590.0,1605.0
unlabeled_youtube, اختار اللي تحبوا. اختار اللي تحبوا. اختار اللي يحبوا باش مباحق. وشتو اقرعوا فينا المهو؟ الغزوز عملوا إيباست ماناش كتعرفيه. تعرفيه اللي يقول إيباست في تونس. وبعد عملوا إيان تي إيكو آآآآآآآآآآآآآآآآآآآآآآآآآآآآآآآآآآآآآآآآآآآآآآآآآآآآآآآآآآآآآآآآآآآآآآآآآآآآآآآآآآآآآآآآآآآآآآآآآآآآآآآآآآآآآآآآآآآآآآآآآآآآآآآآآآآآآآآآآآآآآآآآآآآآآآآآآآآآآآآآآآآآآآآآآ�,14.887999534606934,bjRIzAO-3Ac_107,https://www.youtube.com/watch?v=bjRIzAO-3Ac,1605.0,1620.0
unlabeled_youtube, تليكوم في فرنسا وولدي الاخر عمل دوفين ما منعمش ببليسيتي ايكونامي جيسيون حسين الكل هم ماش في الدون بعاد عالمدسين معين عباد عالمدسين جملة وانتي فرحان باهم لي هو ماخرامش مدسين ليه والله المدلية كانوا,15.0,bjRIzAO-3Ac_108,https://www.youtube.com/watch?v=bjRIzAO-3Ac,1620.0,1635.0
unlabeled_youtube, شوية إنانية أموة واحد معناية أمو الأهم أنهم سعادة لا ولا شيخين هم توا شيخين ببعو أسمع فالحسر هدية عم ما نشعرف أنا,15.0,bjRIzAO-3Ac_109,https://www.youtube.com/watch?v=bjRIzAO-3Ac,1635.0,1650.0
unlabeled_youtube, جنراسيون جديدة كلهم هم مش فرحانين انتي ما عندهم حاجة نقصة فوليد التسعينيات ولدك انا ولدي اي هكك اي اي اي اي انا بنتي,15.0,bjRIzAO-3Ac_110,https://www.youtube.com/watch?v=bjRIzAO-3Ac,1650.0,1665.0
unlabeled_youtube, واحدة منهم عادت باك عام الثورة 2011 وحنا نعسو عاليسي مازاسيس ايامات حلوة ايامات الثورة وعام كبير اذا كا جمعت الباك اذوكم تجندت لهم لتواصل كل بشكل,15.0,bjRIzAO-3Ac_111,https://www.youtube.com/watch?v=bjRIzAO-3Ac,1665.0,1680.0
unlabeled_youtube, بيهي دكتور ربي فضل هوملك تعرفنا هك على الجانب شوية من الحياة متاعك خلي مشيو للبرتري,15.0,bjRIzAO-3Ac_112,https://www.youtube.com/watch?v=bjRIzAO-3Ac,1680.0,1695.0
unlabeled_youtube, البرتري دكتور جملة من الأسئلان ذكر اللي معنا دكتور مرشد عبد المولى,15.0,bjRIzAO-3Ac_113,https://www.youtube.com/watch?v=bjRIzAO-3Ac,1695.0,1710.0
unlabeled_youtube, مختص في مداوية الألم دكتور نطرح لك جملة من الأسألة وجاوبنا عليهم في عقلك بزربة كما تحب نزيدون تنخشفهم دو هو اسمه بورتري تونسي لو ما كنتش طبيب مختص,15.0,bjRIzAO-3Ac_114,https://www.youtube.com/watch?v=bjRIzAO-3Ac,1710.0,1725.0
unlabeled_youtube, في مداوية الألم شنو هو كنت تختار كاختصاص؟ في الطب؟ نكستخو مثلاً هو كان مش طب؟ مش نبهت كرا قل لي مش نبهت كرا لاعب كورت قدم,14.272000312805176,bjRIzAO-3Ac_115,https://www.youtube.com/watch?v=bjRIzAO-3Ac,1725.0,1740.0
unlabeled_youtube, وشن هو اللي يمنعك؟ ها؟ وشن هو اللي يمنعك بش تكمل تأخر؟ إخي ما يمشيوش مع بعضهم تبو كورة خدمة؟ ما يمشيوش، ما يمشيوش يتختار هكي هكي وقتش اخترت في حياتك أنك فهمت اللي يلزمني نضحي بكورة من أشبه؟,14.984000205993652,bjRIzAO-3Ac_116,https://www.youtube.com/watch?v=bjRIzAO-3Ac,1740.0,1755.0
unlabeled_youtube, ليه مش من الأول حتيت في مخي اللي أنا باش نغرامي الكورة ما هيش حاجة لي باش تعيش بيها وتعيش منها فهمتني خاطر احنا في وقت من الوقات ما كانش شفا مع البروفيسيوناليزم وكل,14.631999969482422,bjRIzAO-3Ac_117,https://www.youtube.com/watch?v=bjRIzAO-3Ac,1755.0,1770.0
unlabeled_youtube, فهمت؟ ليه حتى بالبروفيسيوناليزم اما كارييرو صغيرة لها بكورت القدم ايه كارييرو صغيرة ايه كارييرو صغيرة اما ليه فاما امس لقبل اللي كانوا يقراوا كيما هشمي الوحشي كيما حامد كامون كيما اسكندر السويح,14.944000244140625,bjRIzAO-3Ac_118,https://www.youtube.com/watch?v=bjRIzAO-3Ac,1770.0,1785.0
unlabeled_youtube, دونك في وقت من الوقات استريت باش تختاروا واخترتوا الطب لي ما كنتش عامل بينها في ريمون باش عامل كارييرا ما كنت مغروم برشا داكو,15.0,bjRIzAO-3Ac_119,https://www.youtube.com/watch?v=bjRIzAO-3Ac,1785.0,1800.0
unlabeled_youtube, الأستاذ مني عمري خمس سنين يعني الوالد غالامني بالكورة أكهاو بعد اختصاصك في مداوية الألم نظرتك وإحساسك بالألم هم بيدهم ولا تغيرهم؟,14.37600040435791,bjRIzAO-3Ac_120,https://www.youtube.com/watch?v=bjRIzAO-3Ac,1800.0,1815.0
unlabeled_youtube, سؤال ما فيمتوش بعد اللي اختصيت في انك تداوي الناس من القلم والقلم اللي جيهم انتي احساسك بالقلم انتي وقت لجيك وجيعة تعرف احساسك بها تغير تعلمت حاجة جديدة تغير,14.880000114440918,bjRIzAO-3Ac_121,https://www.youtube.com/watch?v=bjRIzAO-3Ac,1815.0,1830.0
unlabeled_youtube, تغير شوية تغير شوية تغير شوية تغير شوية تغير شوية تغير شوية تغير شوية تغير شوية تغير شوية تغير شوية تغير شوية تغير شوية تغير شوية تغير شوية تغير شوية تغير شوية تغير شوية تغير شوية تغير شوية تغير شوية تغير شوية تغير شوية تغير شوية تغير شوية تغير شوية تغير شوية تغير شوية تغير شوية تغير شوية تغير شوية تغير شوية تغير شوية تغير شوية تغير شوية تغير شوية تغير شوية تغير شوية تغير شوية تغير شوية تغير شوية تغير شوية تغير شوية تغير شوية تغير شوية تغير شوية تغير شوية تغير شوية تغير شوية تغير شوية تغير شوية تغير شوية تغير شوية تغير شوية تغير شوية تغير شوية تغير شوية تغير شوية تغير شوية تغير شوية تغير شوية تغير شوية تغير شوية تغير شوية تغير شوية تغير شوية تغير شوية تغير شوية تغير شوية تغير شوية تغير شوية تغير شوية تغير شوية تغير شوية تغير شوية,15.0,bjRIzAO-3Ac_122,https://www.youtube.com/watch?v=bjRIzAO-3Ac,1830.0,1845.0
unlabeled_youtube, أكثر الآلام. ما تقول إنتي ماني الشوكاع. أنا من أصلي ماني الشوكاع. فهمتني. أما تواني تحمل أكثر. نعاش عليش. خاطر فهمها شنية أسبابها. خاطر فهمها اللي تنجم توفى في وقت من الأوقات. وي. فهمها آلام توفى فهمها آلام ما توفى.,15.0,bjRIzAO-3Ac_123,https://www.youtube.com/watch?v=bjRIzAO-3Ac,1845.0,1860.0
unlabeled_youtube, تتواصل. الألم النفسي. ساعتجوا مع بعض. يقول لك الألم لدولخ إيقو. الألم الحادة. ساكمباني دونانكسيته تالاق نفسي.,14.968000411987305,bjRIzAO-3Ac_124,https://www.youtube.com/watch?v=bjRIzAO-3Ac,1860.0,1875.0
unlabeled_youtube, الهلم المزمنا يساكمل من ديپرسيون كتئب ، هناك الأشياء ، المزمنا ، المزمنا ، المزمنا ، المزمنا ، المزمنا ، المزمنا ، المزمنا ، المزمنا ، المزمنا ، المزمنا ، المزمنا ، المزمنا ، المزمنا ، المزمنا ، المزمنا ، المزمنا ، المزمنا ، المزمنا ، المزمنا ، المزمنا ، المزمنا ، المزمنا ، المزمنا ، المزمنا ، المزمنا ، المزمنا ، المزمنا ، المزمنا ، المزمنا ، المزمنا ، المزمنا ، المزمنا ، المزمنا ، المزمنا ، المزمنا ، المزمنا ، المزمنا ، المزمنا ، المزمنا ، المزمنا ، المزمنا ، المزمنا ، المزمنا ، المزمنا ، المزمنا ، المزمنا ، المزمنا ، المزمنا ، المزمنا ، المزمنا ، المزمنا ، المزمنا ، المزمنا ، المزمنا ، المزمنا ، المزمنا ، المزمنا ، المزمنا ، المزمنا ، المزمنا ، المزمنا ، المزمنا ، المزمنا ، المزمنا ، المزمنا ، المزمنا ، المزمنا ، المزمنا ، المزمنا ، المزمنا ، المزمنا ، المزمنا ، المزمنا ، المزمنا ، المزمنا ، المزمنا ، المزمنا ، المزمنا ، المزمنا ، المزمنا ، المزمنا ، المزمنا ، المز,14.67199993133545,bjRIzAO-3Ac_125,https://www.youtube.com/watch?v=bjRIzAO-3Ac,1875.0,1890.0
unlabeled_youtube, ربي يشفي الجميع هكا نزيدون فهمو أكثر يظهر اللوجاية أو المدوات بتاعها في غرفة المريض دكتور,14.95199966430664,bjRIzAO-3Ac_126,https://www.youtube.com/watch?v=bjRIzAO-3Ac,1890.0,1905.0
unlabeled_youtube, وقت تبدأ في غرفة شخص مريض وعنده أو جاع شنو اللي يغلب؟ الطبيب ولا الإنسان اللي فيك؟ سؤال سعيد برشا هذي فهمتني على خطر والله إلى أكثرية الطبيب,15.0,bjRIzAO-3Ac_127,https://www.youtube.com/watch?v=bjRIzAO-3Ac,1905.0,1920.0
unlabeled_youtube, بطبيب خطر تعرفت الحالات الصعيبة خطر في الظاهر دولار محليها ديما نحكي عن الإلم السرطانية خطر تعرض لها برشا,15.0,bjRIzAO-3Ac_128,https://www.youtube.com/watch?v=bjRIzAO-3Ac,1920.0,1935.0
unlabeled_youtube, في خدمتي وخاطر آآ آآ آآ آآ آآ آآ آآ آآ آآ آآ آآ آآ آآ آآ آآ آآ آآ آآ آآ آآ آآ آآ آآ آآ آآ آآ آآ آآ آآ آآ آآ آآ آآ آآ آآ آآ آآ آآ آآ آآ آآ آآ آآ آآ آآ آآ آآ آآ آآ آآ آآ آآ آآ آآ آآ آآ آآ آآ آآ آآ آآ آآ آآ آآ آآ آآ آآ آآ آآ آآ آآ آآ آآ آآ آآ آآ آآ آآ آآ آآ آآ آآ آآ آآ آآ آآ آآ آآ آآ آآ آآ آآ آآ آآ آآ آآ آآ آآ آآ آآ آآ آآ آآ آآ آآ آآ آآ آآ آآ آآ آآ آآ آآ آآ آآ آآ آآ آآ آآ آآ آآ آآ آآ آآ آآ آآ آآ آآ آآ آآ آآ آآ آآ آآ آآ آآ آآ آآ آآ آآ آآ آآ آآ آآ آآ آ,15.0,bjRIzAO-3Ac_129,https://www.youtube.com/watch?v=bjRIzAO-3Ac,1935.0,1950.0
unlabeled_youtube, وهنا انتي قوليش كون يغلب الطبيب ولا الانسان اوه سعيبا سعيبا لحقيقة ايه وهي لحقيقة انا ديما يغلب الطبيب بسك جولي جامي فيه وانا ضد الحكاية هذه,15.0,bjRIzAO-3Ac_130,https://www.youtube.com/watch?v=bjRIzAO-3Ac,1950.0,1965.0
unlabeled_youtube, ولكن أعرف أنه يساعد للمساعدة ولمساعدة ولمساعدة ولمساعدة ولمساعدة ولمساعدة ولمساعدة ولمساعدة ولمساعدة ولمساعدة ولمساعدة ولمساعدة ولمساعدة ولمساعدة ولمساعدة ولمساعدة ولمساعدة ولمساعدة ولمساعدة ولمساعدة ولمساعدة ولمساعدة ولمساعدة ولمساعدة ولمساعدة ولمساعدة ولمساعدة ولمساعدة ولمساعدة ولمساعدة ولمساعدة ولمساعدة ولمساعدة ولمساعدة ولمساعدة ولمساعدة ولمساعدة ولمساعدة ولمساعدة ولمساعدة ولمساعدة ولمساعدة ولمساعدة ولمساعدة ولمساعدة ولمساعدة ولمساعدة ولمساعدة ولمساعدة ولمساعدة ولمساعدة ولمساعدة ولمساعدة ولمساعدة ولمساعدة ولمساعدة ولمساعدة ولمساعدة ولمساعدة ولمساعدة ولمساعدة ولمساعدة ولمساعدة ولمساعدة ولمساعدة ولمساعدة ولمساعدة ولمساعدة ولمساعدة ولمساعدة ولمساعدة ولمساعدة و,15.0,bjRIzAO-3Ac_131,https://www.youtube.com/watch?v=bjRIzAO-3Ac,1965.0,1980.0
unlabeled_youtube, وهو اللي يطلب حاجاتك منها. وفهموا جوية دا العائلة اللي ترافق تاع الأشخاص اللي عندهم هكا دي مالا دي لورد. هاي العائلة التونسية باشا. ناس قلت العم والخارج.,15.0,bjRIzAO-3Ac_132,https://www.youtube.com/watch?v=bjRIzAO-3Ac,1980.0,1995.0
unlabeled_youtube, ويعاونو اغزموك وفمه هلا؟ ايه بان اغزموك وفمه حاشتين عليش بان اغزمو؟ خطر توفيت وناس يجي يتقول لك الولد ولا مرته قبل تقول لك اسمعه وردبيرك وتقول له وراه ولمريب ما تقولوش اللي عنده,15.0,bjRIzAO-3Ac_133,https://www.youtube.com/watch?v=bjRIzAO-3Ac,1995.0,2010.0
unlabeled_youtube, عندك المرض الخيب. اتنسان في تونس ما يجبكش تجبت كلمة كانسر حشيك. يجبك دي ما تقوله ما تقوله وش لي عندك المرض الخيب. يقعد المريض قدام يقولها ما تخافش روزه. جسي جي غي مستنسب المرض. ها يتفادل سيفوين لفوليني وين مولود كذين,14.991999626159668,bjRIzAO-3Ac_134,https://www.youtube.com/watch?v=bjRIzAO-3Ac,2010.0,2025.0
unlabeled_youtube, يقول لي ما هو دكتور عندي هنا الكانسير متاع البومان. يتلقى في باله. هو تلقى في باله. أنا نعرف وانتي تعرف نبنيه حيط بنادنا. لا تقول,14.968000411987305,bjRIzAO-3Ac_135,https://www.youtube.com/watch?v=bjRIzAO-3Ac,2025.0,2040.0
unlabeled_youtube, مهمة الكومنكسون في الخارج يخارج يقولولو بونا عملنا احنا دي تابل روند في الكونغريم تاعنا في الاسوشيات,14.97599983215332,bjRIzAO-3Ac_136,https://www.youtube.com/watch?v=bjRIzAO-3Ac,2040.0,2055.0
unlabeled_youtube, دولور نرجع للسوسيتين بتاع نعملنا دي زاتولي واحد يقول لك من الاحسن تقوله واحد يقول لك من الاحسن ما تقوله لكن القانون ما عندكش الحق بش تخبي عليه هذيك بدنه هو يحكم فيه,14.760000228881836,bjRIzAO-3Ac_137,https://www.youtube.com/watch?v=bjRIzAO-3Ac,2055.0,2070.0
unlabeled_youtube, فهو بشي اختيارات إنسانية في العمل هذي ساعات يحضر الطبيب، ساعات يحضر الإنسان,14.62399959564209,bjRIzAO-3Ac_138,https://www.youtube.com/watch?v=bjRIzAO-3Ac,2070.0,2085.0
unlabeled_youtube, ستاااااااااااااااااااااااااااااااااااااااااااااااااااااااااااااااااااااااااااااااااااااااااااااااااااااااااااااااااااااااااااااااااااااااااااااااااااااااااااااااااااااااااااااااااااااااااااااااااااااااااااااااااااااااااااااااااااااااااااااااااااااااااااااااااااااااااااااااااااااااااااااااااااااااااااااااااااااااااااااااااااااااااااااااااااااااااااااااااااااااااااااااااااااااااااااااااااااااااااااااااااااااااااااااااااااااااااااااااااااااااا,15.0,bjRIzAO-3Ac_139,https://www.youtube.com/watch?v=bjRIzAO-3Ac,2085.0,2100.0
unlabeled_youtube, فهمتني بيش معاتش بيش تنسى النهار هذيك بشي جي نهار اخر غدوة فهمتني ساعات كنهار واحد صاحبي التسعة بتاع الليل بعتلي دي غاديو قلش بيك ما شفتهمش تسيييييييييييييييييييييييييييييييييييييييييييييييييييييييييييييييييييييييييييييييييييييييييييييييييييييييييييييييييييييييييييييييييييييييييييييييييييييييييييييييييييييييييييييييييييييييييييييييييييييييييييييييييييييييييييييييييييييييييييييييييييييييييييييييييييييييييييييييييييييييييييييييييييييييييييييييييييييييييييييييييييييييييييييييييييييييييييييييييييييييي,14.991999626159668,bjRIzAO-3Ac_140,https://www.youtube.com/watch?v=bjRIzAO-3Ac,2100.0,2115.0
unlabeled_youtube, لو عندك قوة خارقة تنجل دوي بها الإنسانية من وجعة، شنوال وجعة اللي ترغب؟,15.0,bjRIzAO-3Ac_141,https://www.youtube.com/watch?v=bjRIzAO-3Ac,2115.0,2130.0
unlabeled_youtube, تلغيها تماما كتبيب سهل عليك لطفع عليكم معناك,15.0,bjRIzAO-3Ac_142,https://www.youtube.com/watch?v=bjRIzAO-3Ac,2130.0,2145.0
unlabeled_youtube, والله يجيت هي حالات معناه دي كوزان دي كوزان دي كوزان,15.0,bjRIzAO-3Ac_143,https://www.youtube.com/watch?v=bjRIzAO-3Ac,2145.0,2160.0
unlabeled_youtube, كوزنة والكوزين داويته لكنه ليس مستطعاً. كانت مستطعاً. كانت مستطعاً. كانت مستطعاً. كانت مستطعاً. كانت مستطعاً. كانت مستطعاً. كانت مستطعاً. كانت مستطعاً. كانت مستطعاً. كانت مستطعاً. كانت مستطعاً. كانت مستطعاً. كانت مستطعاً. كانت مستطعاً. كانت مستطعاً. كانت مستطعاً. كانت مستطعاً. كانت مستطعاً. كانت مستطعاً. كانت مستطعاً. كانت مستطعاً. كانت مستطعاً. كانت مستطعاً. كانت مستطعاً. كانت مستطعاً. كانت مستطعاً. كانت مستطعاً. كانت مستطعاً. كانت مستطعاً. كانت مستطعاً. كانت مستطعاً. كانت مستطعاً. كانت مستطعاً. كانت مستطعاً. كانت مستطعاً. كانت مستطعاً. كانت مستطعاً. كانت مستطعاً. كانت مستطعاً. كانت مستطعاً. كانت مستطعاً. كانت مستطعاً. كانت مستطعاً. كانت مستطعاًاً. كانت مستطعاً. كانت مستطعاً. كانت,14.807999610900879,bjRIzAO-3Ac_144,https://www.youtube.com/watch?v=bjRIzAO-3Ac,2160.0,2175.0
unlabeled_youtube, ميش سهلة ميش سهلة التفل اللي عمره عشرة سنين مرشد وقتين عمره عشرة سنين تتذكروا عشرة سنين انا في مستير اي تتذكروا تفكر شوية اي شنو تحب تقول,14.855999946594238,bjRIzAO-3Ac_145,https://www.youtube.com/watch?v=bjRIzAO-3Ac,2175.0,2190.0
unlabeled_youtube, اخترت اثنية صحيحة بكل صراحة فانتين اي اي اي اي اي اي اي اي اي اي اي اي اي اي اي اي اي اي اي اي اي اي اي اي اي اي اي اي اي اي اي اي اي اي اي اي اي اي اي اي اي اي اي اي اي اي اي اي اي اي اي اي اي اي اي اي اي اي اي اي اي اي اي اي اي اي اي اي اي اي اي اي اي اي اي اي اي اي اي اي اي اي اي اي اي اي اي اي اي اي اي اي اي اي اي اي اي اي اي اي اي اي اي اي اي اي اي اي اي اي اي اي اي اي اي اي اي اي اي اي اي اي اي اي اي اي اي اي اي اي اي اي اي اي اي اي اي اي اي اي اي اي اي اي اي اي اي اي اي اي اي اي اي اي اي اي اي اي اي اي اي اي اي اي اي اي اي اي اي اي اي اي اي اي اي اي اي اي اي اي اي اي اي اي اي اي اي اي اي اي اي اي اي اي اي اي اي اي اي اي اي اي اي اي اي اي اي اي اي اي اي,15.0,bjRIzAO-3Ac_146,https://www.youtube.com/watch?v=bjRIzAO-3Ac,2190.0,2205.0
unlabeled_youtube, اثنية هذي. ايبا تسوسي. ان شاء الله. نشد صحيح في الكورة. نشد صحيح في الكورة وان شاء الله سيسيست هز تيتر خطر عندها برشة معززش تيتر. اين راني والله لنفهم في الكورة.,14.97599983215332,bjRIzAO-3Ac_147,https://www.youtube.com/watch?v=bjRIzAO-3Ac,2205.0,2220.0
unlabeled_youtube, رتحت نطلق حاجة والله رتحت. طوينا بالنسبة ليك تقول لي معلومة هكي. لا والله رتحت على خطر انا. على خطر الجمعة هذي. ما احنا في الدارة انا كل واحد تفم كورة الكورة. فهمتني انا زوز,14.97599983215332,bjRIzAO-3Ac_148,https://www.youtube.com/watch?v=bjRIzAO-3Ac,2220.0,2235.0
unlabeled_youtube, انا اتفرجت في زوز ما تشويتش,15.0,bjRIzAO-3Ac_149,https://www.youtube.com/watch?v=bjRIzAO-3Ac,2235.0,2250.0
unlabeled_youtube, يعني شي دوغ يعني الناس معناها متر ونص على تيران ميفحش ميهبتش اللوتا,14.95199966430664,bjRIzAO-3Ac_150,https://www.youtube.com/watch?v=bjRIzAO-3Ac,2250.0,2265.0
unlabeled_youtube, فهمتني؟ ناس لبسة مليح تقول هدو ما بشي المسرح هيك الغازون بتاعهم الاربيتر قوي الاربيتر سمحني في الكلمة شلكو فيه غير عادي فهمتني؟,14.607999801635742,bjRIzAO-3Ac_151,https://www.youtube.com/watch?v=bjRIzAO-3Ac,2265.0,2280.0
unlabeled_youtube, يتفرج في ماتش كمان هذيكا وبعضيك ترجع تفرج في ماتش في تونس تقول ميسي بكسكسيكسا على الصرح كسافرت من جو بمور واحد درا ومعنيش متاع دوز جمعيين درا ومعني شي ارتحت انتي ارتحت مش لعقي خاكم,14.935999870300293,bjRIzAO-3Ac_152,https://www.youtube.com/watch?v=bjRIzAO-3Ac,2280.0,2295.0
unlabeled_youtube, كيفاش تتخلص من كل الإلام اللي تشوفها بصفة يومية في العمل المتاعك؟ شنو الحاجة اللي تمكنك من أنك تنسى ذلك كل يومية؟,15.0,bjRIzAO-3Ac_153,https://www.youtube.com/watch?v=bjRIzAO-3Ac,2295.0,2310.0
unlabeled_youtube, نحط فيلم جميعا,15.0,bjRIzAO-3Ac_154,https://www.youtube.com/watch?v=bjRIzAO-3Ac,2310.0,2325.0
unlabeled_youtube, وميتفرج في انتجه,15.0,bjRIzAO-3Ac_155,https://www.youtube.com/watch?v=bjRIzAO-3Ac,2325.0,2340.0
unlabeled_youtube, نعم نعم نعم نعم نعم نعم نعم نعم نعم نعم نعم نعم نعم نعم نعم نعم نعم نعم نعم نعم نعم نعم نعم نعم نعم نعم نعم نعم نعم نعم نعم نعم نعم نعم نعم نعم نعم نعم نعم نعم نعم نعم نعم نعم نعم نعم نعم نعم نعم نعم نعم نعم نعم نعم نعم نعم نعم نعم نعم نعم نعم نعم نعم نعم نعم نعم نعم نعم نعم نعم نعم نعم نعم نعم نعم نعم نعم نعم نعم نعم نعم نعم نعم نعم نعم نعم نعم نعم نعم نعم نعم نعم نعم نعم نعم نعم نعم نعم نعم نعم نعم نعم نعم نعم نعم نعم نعم نعم نعم نعم نعم نعم نعم نعم نعم نعم نعم نعم نعم نعم نعم نعم نعم نعم نعم نعم نعم نعم نعم نعم نعم نعم نعم نعم نعم نعم نعم نعم نعم نعم نعم نعم نعم نعم نعم نعم نعم نعم نعم نعم نعم نعم نعم نعم نعم نعم نعم نعم نعم نعم نعم نعم نعم نعم نعم نعم نعم نعم نعم نعم نعم نعم نعم نعم نعم نعم نعم نعم نعم نعم نعم نعم نعم نعم نعم نعم نعم نعم نعم نعم نعم نعم نعم نعم نعم نعم نعم نعم نعم نعم نعم نعم نعم نعم نعم نعم نعم نعم نعم نعم نعم نعم نعم نعم نعم نعم نعم نعم نعم نعم نعم نعم,15.0,bjRIzAO-3Ac_156,https://www.youtube.com/watch?v=bjRIzAO-3Ac,2340.0,2355.0
unlabeled_youtube, نعم نعم نعم نعم نعم نعم نعم نعم نعم نعم نعم نعم نعم نعم نعم نعم نعم نعم نعم نعم نعم نعم نعم نعم نعم نعم نعم نعم نعم نعم نعم نعم نعم نعم نعم نعم نعم نعم نعم نعم نعم نعم نعم نعم نعم نعم نعم نعم نعم نعم نعم نعم نعم نعم نعم نعم نعم نعم نعم نعم نعم نعم نعم نعم نعم نعم نعم نعم نعم نعم نعم نعم نعم نعم نعم نعم نعم نعم نعم نعم نعم نعم نعم نعم نعم نعم نعم نعم نعم نعم نعم نعم نعم نعم نعم نعم نعم نعم نعم نعم نعم نعم نعم نعم نعم نعم نعم نعم نعم نعم نعم نعم نعم نعم نعم نعم نعم نعم نعم نعم نعم نعم نعم نعم نعم نعم نعم نعم نعم نعم نعم نعم نعم نعم نعم نعم نعم نعم نعم نعم نعم نعم نعم نعم نعم نعم نعم نعم نعم نعم نعم نعم نعم نعم نعم نعم نعم نعم نعم نعم نعم نعم نعم نعم نعم نعم نعم نعم نعم نعم نعم نعم نعم نعم نعم نعم نعم نعم نعم نعم نعم نعم نعم نعم نعم نعم نعم نعم نعم نعم نعم نعم نعم نعم نعم نعم نعم نعم نعم نعم نعم نعم نعم نعم نعم نعم نعم نعم نعم نعم نعم نعم نعم نعم نعم نعم نعم نعم نعم نعم نعم نعم,14.984000205993652,bjRIzAO-3Ac_157,https://www.youtube.com/watch?v=bjRIzAO-3Ac,2355.0,2370.0
unlabeled_youtube, ما زال من عشنه الموضوع. هذا كيفيش نعيشك. إن شاء الله هكا ما تشوفش الألم. إن شاء الله. إن شاء الله كان الداوي المرضى بتاعك بالألم. إن شاء الله دي ما زادها,15.0,bjRIzAO-3Ac_158,https://www.youtube.com/watch?v=bjRIzAO-3Ac,2370.0,2385.0
unlabeled_youtube, نشكرك بارشا في مرشد عبد المولى على حضورك معنا,15.0,bjRIzAO-3Ac_159,https://www.youtube.com/watch?v=bjRIzAO-3Ac,2385.0,2400.0
unlabeled_youtube, على كل هذه التوضيحات وعلى المجال هكا الاختصاص هذا الغريب شوية كمام وداوية الألم كيفش اكتشفناه بفضلك انتي شكرا دكتور يعطيك صاحة تحية لك مرسي لك بالكل مروين في الإخراج أشوق في الإخراج الرقمي,15.0,bjRIzAO-3Ac_160,https://www.youtube.com/watch?v=bjRIzAO-3Ac,2400.0,2415.0
unlabeled_youtube, اشتركوا في القناة,10.194700241088867,bjRIzAO-3Ac_161,https://www.youtube.com/watch?v=bjRIzAO-3Ac,2415.0,2425.1947
unlabeled_youtube, ريحة رمضان على موزيك فم سيدة سونية بشيخ كاتبة الدولة السحة مرحبا بك,14.887999534606934,AQvfenACz1g_0,https://www.youtube.com/watch?v=AQvfenACz1g,0.0,15.0
unlabeled_youtube, شكراً مرحباً بك وشكراً على الاستضافة ومرحباً بكل مستمعية يا مزايكة يعطيك صحيح لله وشكراً لك على قبول الدعوة أيضاً نتحثوا على الوضعية اللي جدت مؤخراً بعد نداء طبيب عن نفاذ مخدر,14.871999740600586,AQvfenACz1g_1,https://www.youtube.com/watch?v=AQvfenACz1g,15.0,30.0
unlabeled_youtube, ديور اللي نجمو يعملو بيها العمليات من غير المخدر هذكا ما نجموش يعملو العملية سيد يوسف الشهد اليوم كان موجود في المستشفى تاعة السبتار اللي هو عبد الرحمن ميمي في أريين,14.423999786376953,AQvfenACz1g_2,https://www.youtube.com/watch?v=AQvfenACz1g,30.0,45.0
unlabeled_youtube, والسيدة الليلة المركزية من جهة تقول وأنه الدواء متوفر ومن جهة أخرى الأطبائي يقولك مش متوفر وأنا كان حفاما حاجة أني قصدتني حتى فاصمة معنية من نجوش نعمل معنية من نجوش نعمل,14.640000343322754,AQvfenACz1g_3,https://www.youtube.com/watch?v=AQvfenACz1g,45.0,60.0
unlabeled_youtube, شكرا كنت في مجلس وزيري مضايق أشرف علي سيد رئيس الحكومة,14.687999725341797,AQvfenACz1g_4,https://www.youtube.com/watch?v=AQvfenACz1g,60.0,75.0
unlabeled_youtube, المؤسسات الاستشفائية العمومية. لذلك، لذلك، لذلك، أنت كحكومة، أننا نتعلم أننا نتعلم أننا نتعلم أننا نتعلم أننا نتعلم أننا نتعلم أننا نتعلم أننا نتعلم أننا نتعلم أننا نتعلم أننا نتعلم أننا نتعلم أننا نتعلم أننا نتعلم أننا نتعلم أننا نتعلم أننا نتعلم أننا نتعلم أننا نتعلم أننا نتعلم أننا نتعلم أننا نتعلم أننا نتعلم أننا نتعلم أننا نتعلم أننا نتعلم أننا نتعلم أننا نتعلم أننا نتعلم أننا نتعلم أننا نتعلم أننا نتعلم أننا نتعلم أننا نتعلم أننا نتعلم أننا نتعلم أننا نتعلم أننا نتعلم أننا نتعلم أننا نتعلم أننا نتعلم أننا نتعلم أننا نتعلم أننا نتعلم أننا نتعلم أننا نتعلم أننا نتعلم أننا نتعلم أننا نتعلم أننا نتعلم أننا نتعلم أننا نتعلم أننا نتعلم أننا نتعلم أننا نتعلم أننا نتعلم أننا نتعلم أننا نتعلم أننا نتعلم أننا نتعلم أننا نتعلم أننا نتعلم أننا نتعلم أننا نتعلم أننا نتعلم أننا نتعلم أننا نتعلم أننا نتعلم,14.824000358581543,AQvfenACz1g_5,https://www.youtube.com/watch?v=AQvfenACz1g,75.0,90.0
unlabeled_youtube, هو قبل حتى صيحة الفزاعة بتاع الدكتور فوزي عداد الاشكاليات هذه الطرحة بالنسبة للدواء موجود مش موجود احنا مش نشخيص نعرفوه ونصنفوه اللي هو فما مجموعة,14.631999969482422,AQvfenACz1g_6,https://www.youtube.com/watch?v=AQvfenACz1g,90.0,105.0
unlabeled_youtube, مجموعة من الأدوية اللي هي بالحق ميش موجودة مجموعة من الأدوية اللي هي موجودة بكمية ناقصة ومجموعة من الأدوية اللي هي معنيتها موجودة في السوق كيف عادتها ولا أقل شوية متوفرة ولا أحنا,14.904000282287598,AQvfenACz1g_7,https://www.youtube.com/watch?v=AQvfenACz1g,105.0,120.0
unlabeled_youtube, كوزارة صحة عنا قاعدين نشتغلوا على التوفير معنات هالدويات هيدوما منيش قاعدين مربعين يدينا سيخت ودي مراهو منيش مش ننكنو نقول اللي هو الدوي,15.0,AQvfenACz1g_8,https://www.youtube.com/watch?v=AQvfenACz1g,120.0,135.0
unlabeled_youtube, موجود متوفر و هنا نحن نحن نحن نحن نحن نحن نحن نحن نحن نحن نحن نحن نحن نحن نحن نحن نحن نحن نحن نحن نحن نحن نحن نحن نحن نحن نحن نحن نحن نحن نحن نحن نحن نحن نحن نحن نحن نحن نحن نحن نحن نحن نحن نحن نحن نحن نحن نحن نحن نحن نحن نحن نحن نحن نحن نحن نحن نحن نحن نحن نحن نحن نحن نحن نحن نحن نحن نحن نحن نحن نحن نحن نحن نحن نحن نحن نحن نحن نحن نحن نحن نحن نحن نحن نحن نحن نحن نحن نحن نحن نحن نحن نحن نحن نحن نحن نحن نحن نحن نحن نحن نحن نحن نحن نحن نحن نحن نحن نحن نحن نحن نحن نحن نحن نحن نحن نحن نحن نحن نحن نحن نحن نحن نحن نحن نحن نحن نحن نحن نحن نحن نحن نحن نحن نحن نحن نحن نحن نحن نحن نحن نحن نحن نحن نحن ن,14.680000305175781,AQvfenACz1g_9,https://www.youtube.com/watch?v=AQvfenACz1g,135.0,150.0
unlabeled_youtube, كنت تسمح مدام معناها سونية؟,14.880000114440918,AQvfenACz1g_10,https://www.youtube.com/watch?v=AQvfenACz1g,150.0,165.0
unlabeled_youtube, ناقص ناقص ناقص ناقص ناقص ناقص ناقص ناقص ناقص ناقص ناقص ناقص ناقص ناقص ناقص ناقص ناقص ناقص ناقص ناقص ناقص ناقص ناقص ناقص ناقص ناقص ناقص ناقص ناقص ناقص ناقص ناقص ناقص ناقص ناقص ناقص ناقص ناقص ناقص ناقص ناقص ناقص ناقص ناقص ناقص ناقص ناقص ناقص ناقص ناقص ناقص ناقص ناقص ناقص ناقص ناقص ناقص ناقص ناقص ناقص ناقص ناقص ناقص ناقص ناقص ناقص ناقص ناقص ناقص ناقص ناقص ناقص ناقص ناقص ناقص ناقص ناقص ناقص ناقص ناقص ناقص ناقص ناقص ناقص ناقص ناقص ناقص ناقص ناقص ناقص ناقص ناقص ناقص ناقص ناقص ناقص ناقص ناقص ناقص ناقص ناقص ناقص ناقص ناقص ناقص ناقص ناقص ناقص ناقص ناقص ناقص,15.0,AQvfenACz1g_11,https://www.youtube.com/watch?v=AQvfenACz1g,165.0,180.0
unlabeled_youtube, هي المتوفرة المواقع الأدوية الغير متوفرة تماما على خطر فما لي قالوا أدوية السكري وضغط الدم والتخطير وأصناف من المضادات الحيوية وحبوب منع الحمل وعدد من الأدوية العادية للأمراض السرطانية,14.944000244140625,AQvfenACz1g_12,https://www.youtube.com/watch?v=AQvfenACz1g,180.0,195.0
unlabeled_youtube, ساعة الأمراض السرطانية إذا كفاما أنسيحكي كي معنى تمسطر وين فاما سندق الاجتماعي اللي تتخل فيهم عترافير الأكلام لفنانسمنتهم ودايوغ المريث بالنسبة للأدوية ذوما يخذها من الكلينيك للبوليكلينيك,14.37600040435791,AQvfenACz1g_13,https://www.youtube.com/watch?v=AQvfenACz1g,195.0,210.0
unlabeled_youtube, ترجمة نانسي قنقر نانسي قنقر نانسي قنقر نانسي قنقر نانسي قنقر نانسي قنقر نانسي قنقر نانسي قنقر نانسي قنقر نانسي قنقر نانسي قنقر نانسي قنقر نانسي قنقر نانسي قنقر نانسي قنقر نانسي قنقر نانسي قنقر نانسي قنقر نانسي قنقر نانسي قنقر نانسي قنقر نانسي قنقر نانسي قنقر نانسي قنقر نانسي قنقر نانسي قنقر نانسي قنقر نانسي قنقر نانسي قنقر نانسي قنقر نانسي قنقر نانسي قنقر نانسي قنقر نانسي قنقر نانسي قنقر نانسي قنقر نانسي قنقر نانسي قنقر نانسي قنقر نانسي قنقر نانسي قنقر نانسي قنقر نانسي قنقر نانسي قنقر نانسي قنقر نانسي قنقر نانسي قنقر نانسي قنقر نانسي قنقر نانسي قنقر نانسي قنقر نانسي قنقر نانسي قنقر نانسي قنقر نانسي قنقر ن,15.0,AQvfenACz1g_14,https://www.youtube.com/watch?v=AQvfenACz1g,210.0,225.0
unlabeled_youtube, لقد وصلنا إلى المرحلة التي كانت دولة وكي حكومة,15.0,AQvfenACz1g_15,https://www.youtube.com/watch?v=AQvfenACz1g,225.0,240.0
unlabeled_youtube, على خطر اينك يجي حد يقول الأدوية السكري وضغط الدم والتخدير وأصنف من المضادات الحيوية وحبه بمنع الحمل وعدد من الأدوية للأمراض السرطانية مهيش متوفرة في تونس ما واحد يقول يحب يعرف المعلومة كان فما هذو ما,15.0,AQvfenACz1g_16,https://www.youtube.com/watch?v=AQvfenACz1g,240.0,255.0
unlabeled_youtube, أدوية السكرية أدوية السكرية أدوية السكرية أدوية السكرية أدوية السكرية أدوية السكرية أدوية السكرية أدوية السكرية أدوية السكرية أدوية السكرية أدوية السكرية أدوية السكرية أدوية السكرية أدوية السكرية أدوية السكرية أدوية السكرية أدوية السكرية أدوية السكرية أدوية السكرية أدوية السكرية أدوية السكرية أدوية السكرية أدوية السكرية أدوية السكرية أدوية السكرية أدوية السكرية أدوية السكرية أدوية السكرية أدوية السكرية أدوية السكرية أدوية السكرية أدوية السكرية أدوية السكرية أدوية السكرية أدوية السكرية أدوية السكرية أدوية السكرية أدوية السكرية أدوية السكرية أدوية السكرية أدوية السكرية أدوية السكرية أدوية السكرية أدوية السكرية أدوية السكرية أدوية السكرية أدوية السكرية أدوية السكرية أدوية السكرية أدوية السكرية أدوية السكرية أدوية السكرية أدوية السكرية أدوية السكرية أدوية السكرية أدوية السكرية أدوية السكرية أدوية السكرية أدوية السكرية أدوية السكرية أدوية السكرية أدوية السكرية أدوية السكرية أدو,14.831999778747559,AQvfenACz1g_17,https://www.youtube.com/watch?v=AQvfenACz1g,255.0,270.0
unlabeled_youtube, كما قلت إلينا نمشيو مش نقولو معنى تشنو التدخل كبير,15.0,AQvfenACz1g_18,https://www.youtube.com/watch?v=AQvfenACz1g,270.0,285.0
unlabeled_youtube, معناتها اليوم معناتها في المجلس شنو القرارات اللي اخذيناهم يصرتوه في وزارة الصحة والصيدلية المركزية هو اللي الدياكنوستيك والتشخيص معناتها من أهم الحاجات اللي هو النقص في السيولة بالنسبة لصيدلية المركزية انت عند,15.0,AQvfenACz1g_19,https://www.youtube.com/watch?v=AQvfenACz1g,285.0,300.0
unlabeled_youtube, المزاودين الأجين بقاعدين يخلصوا معناتها بصفة متأخرة اللي هما بيدهم عندهم اللي لابوغاتوار متاحهم في البلدين اللي منين جايين منهم اللي هما زادا يجموا يمشيوا معاهم,14.944000244140625,AQvfenACz1g_20,https://www.youtube.com/watch?v=AQvfenACz1g,300.0,315.0
unlabeled_youtube, مدة أشهر لكن كي توصل المرحلة وما بيدهم يتخلقوا لذا التزاود بالنسبة للدوهدومة اللي جايين من الخارج مش يكون بكمية أنقص عندك الفلوس متاعك تشري تولي معناتها معتش تدخل في اللقاء,14.815999984741211,AQvfenACz1g_21,https://www.youtube.com/watch?v=AQvfenACz1g,315.0,330.0
unlabeled_youtube, ترجمة نانسي قنقر,14.887999534606934,AQvfenACz1g_22,https://www.youtube.com/watch?v=AQvfenACz1g,330.0,345.0
unlabeled_youtube, ولي نسحب المارشي مش نكونوا معنيتها وافحين نسحب وقال اينا تونس مش نزودها لا دي ما التزويد موجود بكميات صغيرة السخت وهذاك عليش هنا مش نرجع الكميات الصغيرة عليش خاطر,14.887999534606934,AQvfenACz1g_23,https://www.youtube.com/watch?v=AQvfenACz1g,345.0,360.0
unlabeled_youtube, إنتي كنت تزاود في quantité X والتي تزاود في X divisé par 10. C'est tout à fait logique. اللي الفارماسية هذيك ترقى فيها موجودة وهذيك مش موجودة. لكن هنا نرجعو pour parler de الحاكمة et la bonne gouvernance اللي مش,14.760000228881836,AQvfenACz1g_24,https://www.youtube.com/watch?v=AQvfenACz1g,360.0,375.0
unlabeled_youtube, يجب أن يكون لدينا فكرة على المعارضة على المعارضة على المعارضة على المعارضة على المعارضة على المعارضة على المعارضة على المعارضة على المعارضة على المعارضة على المعارضة على المعارضة على المعارضة على المعارضة على المعارضة على المعارضة على المعارضة على المعارضة على المعارضة على المعارضة على المعارضة على المعارضة على المعارضة على المعارضة على المعارضة على المعارضة على المعارضة على المعارضة على المعارضة على المعارضة على المعارضة على المعارضة على المعارضة على المعارضة على المعارضة على المعارضة على المعارضة على المعارضة على المعارضة على المعارضة على المعارضة على المعارضة على المعارضة على المعارضة على المعارضة على المعارضة على المعارضة على المعارضة على المعارضة على المعارضة على المعارضة على المعارضة على المعارضة على المعارضة على المعارضة على المعارضة على المعارضة على المعارضة على المعارضة على المعارضة على المعارضة على المعارضة على المعارضة على المعارضة على المعارضة على المعارضة على المعارضة على المعارضة على المعارضة على المعارضة على المعارضة على المعارضة,14.871999740600586,AQvfenACz1g_25,https://www.youtube.com/watch?v=AQvfenACz1g,375.0,390.0
unlabeled_youtube, وقت اللي فهمها الاشكالية هذية. نرجع بالنسبة للدويات واللي ناقصها. كيف ما فهميش تويولة بغف اللي لابوغاتواخ اللي دي ما نأكد راه وما سكر حتى لابوغاتواخ كيف ما تم تداولو ولا قالوا احنا معاش مش تعملو مع تونس. تونس هيك.,14.991999626159668,AQvfenACz1g_26,https://www.youtube.com/watch?v=AQvfenACz1g,390.0,405.0
unlabeled_youtube, دي ما جانسيست اللي راهو النقص تلقاه مدة جمعة جمعتين وبعد يتم إعادة التزويد معنا,15.0,AQvfenACz1g_27,https://www.youtube.com/watch?v=AQvfenACz1g,405.0,420.0
unlabeled_youtube, مرة أخرى وبقي لكن المواطن التونسي مش يحس اللي هو فما نقص وعنده الحق اليوم مش المواطن التونسي اللي حاسس بالنقص اليوم المواطن التونسي والطبيب والطبيب معنى وقتني الطبيب يوصل يقول أنا نسألش,15.0,AQvfenACz1g_28,https://www.youtube.com/watch?v=AQvfenACz1g,420.0,435.0
unlabeled_youtube, هو ما نجمش يعمل العملية على خاطر الدبوزة هذيك صغيرة وفيت له لكن بعد معنيتها كلك زوغ تم تزويد الاسبيتار بالمادة هذيك ورجال تخدم معنيتها النقص يكون غير,15.0,AQvfenACz1g_29,https://www.youtube.com/watch?v=AQvfenACz1g,435.0,450.0
unlabeled_youtube, ضرفي مش دفاسون كونتينو مفم حتى واحد لكن دي ما أقول لك رابع ذلك نقطة أنا نتفهم تقولي به نقص ضرفي تقول أنت نهار اثنين ومبعد نزودك أنت,14.880000114440918,AQvfenACz1g_30,https://www.youtube.com/watch?v=AQvfenACz1g,450.0,465.0
unlabeled_youtube, تعرف ومطلعة أكثر مني أنا وأكثر من الناس الكل على إنسال دوبراشون قادش لزيمها وقت بيش تتحذر قادش لو ستاف يلزمو بيش يحذر واللي فاصمة واحدة تنجم تحكم فيه وكالدبوزة الصغيرة ذيك بعد ما تحذر سال دوبراشون,14.871999740600586,AQvfenACz1g_31,https://www.youtube.com/watch?v=AQvfenACz1g,465.0,480.0
unlabeled_youtube, معناه اليوم إذا كانت الاستغاثة من عملية,15.0,AQvfenACz1g_32,https://www.youtube.com/watch?v=AQvfenACz1g,480.0,495.0
unlabeled_youtube, معنى هيا يظهر لي في أزمة حقيقية أخذر باي أحنا في أزمة نقض ومربعين دينا لا هذيك عليش نسأل فيه منيش قاعدين مربعين دينا هذيك عليش مني أول ما جئت أحنا من البلاتو قتلك راهو التشخيص والصيحات الفزعم تحت,15.0,AQvfenACz1g_33,https://www.youtube.com/watch?v=AQvfenACz1g,495.0,510.0
unlabeled_youtube, ما تحذرش الدولة تحذر ينسى لدوة ومن بعد نلقى روح ينقص دوة ويبطل لدوة ويبطل لدوة ويبطل لدوة ويبطل لدوة ويبطل لدوة ويبطل لدوة ويبطل لدوة ويبطل لدوة ويبطل لدوة ويبطل لدوة ويبطل لدوة ويبطل لدوة ويبطل لدوة ويبطل لدوة ويبطل لدوة ويبطل لدوة ويبطل لدوة ويبطل لدوة ويبطل لدوة ويبطل لدوة ويبطل لدوة ويبطل لدوة ويبطل لدوة ويبطل لدوة ويبطل لدوة ويبطل لدوة ويبطل لدوة ويبطل لدوة ويبطل لدوة ويبطل لدوة ويبطل لدوة ويبطل لدوة ويبطل لدوة ويبطل لدوة ويبطل لدوة ويبطل لدوة ويبطل لدوة ويبطل لدوة ويبطل لدوة ويبطل لدوة ويبطل لدوة ويبطل لدوة ويبطل لدوة ويبطل لدوة ويبطل لدوة و,15.0,AQvfenACz1g_34,https://www.youtube.com/watch?v=AQvfenACz1g,510.0,525.0
unlabeled_youtube, إنتي تسهل لكن أنا مش نجيوبك بسؤيل. إس كو حسب رأيك الدولة تونسية ولا كوزارة الصحة عندها الفلوس مش توفر السبيطار. مش نحكي كوزارة مش حكي كمؤسسات.,14.86400032043457,AQvfenACz1g_35,https://www.youtube.com/watch?v=AQvfenACz1g,525.0,540.0
unlabeled_youtube, عندها الفلوس. مش تجم تشري. اكل كونسومابل هذكا. وهي بخلط المواطن التونسي. اللي هي تشوف فيه كل يوم. ما حبيتش تشري له. لوان دوسا. كمام معمرها. ما نجمو نتصورو فلوح. كي تقول لي. اون بون.,14.815999984741211,AQvfenACz1g_36,https://www.youtube.com/watch?v=AQvfenACz1g,540.0,555.0
unlabeled_youtube, نفهمك لكن زيدا كيفيش نحكي على انبون جوفرنانس وين عندي سبطار ديون بتاعه تفوت 30 مليار فهمك كيفيش سي تنسخك اللي راه وهذاك عليش ديما,14.968000411987305,AQvfenACz1g_37,https://www.youtube.com/watch?v=AQvfenACz1g,555.0,570.0
unlabeled_youtube, نرجع مش نقول التشخيص نعرفوه الحلول هي اللي مهمة وأهم وتو يلزمها تتحط على الطاولة بصفة استعجالية كيف ما قلت راهو الديون اللي تراكمت على الفارماسي سنترا,14.784000396728516,AQvfenACz1g_38,https://www.youtube.com/watch?v=AQvfenACz1g,570.0,585.0
unlabeled_youtube, وليتراكمت على المؤسسات الاستشفائية خطر زيدا ما تنسيش عن بعض المؤسسات الاستشفائية هي يبيدة تشري لكونسوماب لامتاحها وحدها حتى مش اترافير لفرماسي سنترال والدويجها اترافير لفرماسي سنترال الخاصة والعومية مدى السنة,14.928000450134277,AQvfenACz1g_39,https://www.youtube.com/watch?v=AQvfenACz1g,585.0,600.0
unlabeled_youtube, طعام فهمت كيفيش ما انت عندها الحق اللي هي كالكونسومة بالتشري فيهم من مزاودين اخرين خواص اندي كيف معاش تخلص المزاود الخواص ومعاش تخلص لفرماسي سنترال فرماسي سنترال راجعة بالنظر وتحت نفس سلطة الشراء,15.0,AQvfenACz1g_40,https://www.youtube.com/watch?v=AQvfenACz1g,600.0,615.0
unlabeled_youtube, والفارماسي سنترال ليش تخلص في المزود الأجنبي من غاديكا اللي هو قاعد يجيب لها في الدواء هذيكا سيتوتا في لوجيك اللي الأزمة هذية زادت كثرت ونرجع لس أزمة صندوق,14.616000175476074,AQvfenACz1g_41,https://www.youtube.com/watch?v=AQvfenACz1g,615.0,630.0
unlabeled_youtube, الاجتماعية لكن الحلول بدنا فيهم progressivement امام معنى تلا percepcion بتاع الوزاجي والمواطن التونسي ككل مش يحس اللي فما تحسين لكن معوش مش يكون ايني تاوى معنى تسي باع ان شو,14.991999626159668,AQvfenACz1g_42,https://www.youtube.com/watch?v=AQvfenACz1g,630.0,645.0
unlabeled_youtube, المواطن يستنى منه وحقه راهه المواطن يستنى منه يقول لك الدواء يتقطعه لا يجب أن يفوت لجمعه يجب أن نلقاهه وعنده الحق في الشيء هذيك يقوله المواطن,14.751999855041504,AQvfenACz1g_43,https://www.youtube.com/watch?v=AQvfenACz1g,645.0,660.0
unlabeled_youtube, نعم نعم نعم نعم نعم نعم نعم نعم نعم نعم نعم نعم نعم نعم نعم نعم نعم نعم نعم نعم نعم نعم نعم نعم نعم نعم نعم نعم نعم نعم نعم نعم نعم نعم نعم نعم نعم نعم نعم نعم نعم نعم نعم نعم نعم نعم نعم نعم نعم نعم نعم نعم نعم نعم نعم نعم نعم نعم نعم نعم نعم نعم نعم نعم نعم نعم نعم نعم نعم نعم نعم نعم نعم نعم نعم نعم نعم نعم نعم نعم نعم نعم نعم نعم نعم نعم نعم نعم نعم نعم نعم نعم نعم نعم نعم نعم نعم نعم نعم نعم نعم نعم نعم نعم نعم نعم نعم نعم نعم نعم نعم نعم نعم نعم نعم نعم نعم نعم نعم نعم نعم نعم نعم نعم نعم نعم نعم نعم نعم نعم نعم نعم نعم نعم نعم نعم نعم نعم نعم نعم نعم نعم نعم نعم نعم نعم نعم نعم نعم نعم نعم نعم نعم نعم نعم نعم نعم نعم نعم نعم نعم نعم نعم نعم نعم نعم نعم نعم نعم نعم نعم نعم نعم نعم نعم نعم نعم نعم نعم نعم نعم نعم نعم نعم نعم نعم نعم نعم نعم نعم نعم نعم نعم نعم نعم نعم نعم نعم نعم نعم نعم نعم نعم نعم نعم نعم نعم نعم نعم نعم نعم نعم نعم نعم نعم نعم نعم نعم نعم نعم نعم نعم,14.920000076293945,AQvfenACz1g_44,https://www.youtube.com/watch?v=AQvfenACz1g,660.0,675.0
unlabeled_youtube, ترجمة نانسي قنقر,14.791999816894531,AQvfenACz1g_45,https://www.youtube.com/watch?v=AQvfenACz1g,675.0,690.0
unlabeled_youtube, فهمنا اللي زيت معنى كان مش نقعد بحلول ترقيعية شوية منه شوية منه لا يلزم تدخل الدولة واليوم سيد الرئيس اخذي القرار هذي اللي الدولة مش تدخل لي توفير السيولة لي توفير,14.871999740600586,AQvfenACz1g_46,https://www.youtube.com/watch?v=AQvfenACz1g,690.0,705.0
unlabeled_youtube, ترجمة نانسي قنقر,15.0,AQvfenACz1g_47,https://www.youtube.com/watch?v=AQvfenACz1g,705.0,720.0
unlabeled_youtube, يعني اليوم تونس والمستحقتها من المزاودين في الخارج بالنسبة للفاقم السيسطران هما خمساميات مليار,15.0,AQvfenACz1g_48,https://www.youtube.com/watch?v=AQvfenACz1g,720.0,735.0
unlabeled_youtube, معناتها يعدي شفخ كله خاطر ما تنسيش رايس سلسلة كاملة أمينا سي أم بو كمبلكس خاطر الفارماسي سنترال تسير لكنا والسبيتاراتنا يسيلوا لكنا والفارماسي سنترال تسيل سبيتاراتنا يسيل,15.0,AQvfenACz1g_49,https://www.youtube.com/watch?v=AQvfenACz1g,735.0,750.0
unlabeled_youtube, معناتها هو الحل الأجدر تواف تسريع خلاص ديون الصيدة اللي هي المركزية وتكون معناتها تدخل هذا اليوم قرار أول قرار خفايا سيد الرئيس معناتها في اللجنة هو توفير السيولة اللاجئة,15.0,AQvfenACz1g_50,https://www.youtube.com/watch?v=AQvfenACz1g,750.0,765.0
unlabeled_youtube, نحن نحن نحن نحن نحن نحن نحن نحن نحن نحن نحن نحن نحن نحن نحن نحن نحن نحن نحن نحن نحن نحن نحن نحن نحن نحن نحن نحن نحن نحن نحن نحن نحن نحن نحن نحن نحن نحن نحن نحن نحن نحن نحن نحن نحن نحن نحن نحن نحن نحن نحن نحن نحن نحن نحن نحن نحن نحن نحن نحن نحن نحن نحن نحن نحن نحن نحن نحن نحن نحن نحن نحن نحن نحن نحن نحن نحن نحن نحن نحن نحن نحن نحن نحن نحن نحن نحن نحن نحن نحن نحن نحن نحن نحن نحن نحن نحن نحن نحن نحن نحن نحن نحن نحن نحن نحن نحن نحن نحن نحن نحن نحن نحن نحن نحن نحن نحن نحن نحن نحن نحن نحن نحن نحن نحن نحن نحن نحن نحن نحن نحن نحن نحن نحن نحن نحن نحن نحن نحن نحن نحن نحن نحن نحن نحن نحن نحن نحن,15.0,AQvfenACz1g_51,https://www.youtube.com/watch?v=AQvfenACz1g,765.0,780.0
unlabeled_youtube, ترجمة نانسي قنقر,14.895999908447266,AQvfenACz1g_52,https://www.youtube.com/watch?v=AQvfenACz1g,780.0,795.0
unlabeled_youtube, صغير برشا. وعندهم معنية ديزانستالاتيون فريمان نوفير. أما اللي غروس بوات اللي هي الثقة تيما في تونس واللي هما معنية فهم جانب كبير منهم من فرنسا. العلاقات اللي تربطنا بفرنسا معنية أكبر برشا من الحاجات هذوما.,14.807999610900879,AQvfenACz1g_53,https://www.youtube.com/watch?v=AQvfenACz1g,795.0,810.0
unlabeled_youtube, موسيقى موسيقى موسيقى موسيقى موسيقى موسيقى موسيقى موسيقى موسيقى موسيقى موسيقى موسيقى موسيقى موسيقى موسيقى موسيقى موسيقى موسيقى موسيقى موسيقى موسيقى موسيقى موسيقى موسيقى موسيقى موسيقى موسيقى موسيقى موسيقى موسيقى موسيقى موسيقى موسيقى موسيقى موسيقى موسيقى موسيقى موسيقى موسيقى موسيقى موسيقى موسيقى موسيقى موسيقى موسيقى موسيقى موسيقى موسيقى موسيقى موسيقى موسيقى موسيقى موسيقى موسيقى موسيقى موسيقى موسيقى موسيقى موسيقى موسيقى موسيقى موسيقى موسيقى موسيقى موسيقى موسيقى موسيقى موسيقى موسيقى موسيقى موسيقى موسيقى موسيقى موسيقى موسيقى موسيقى موسيقى موسيقى موسيقى موسيقى موسيقى موسيقى موسيقى موسيقى موسيقى موسيقى موسيقى موسيقى موسيق,14.767999649047852,AQvfenACz1g_54,https://www.youtube.com/watch?v=AQvfenACz1g,810.0,825.0
unlabeled_youtube, هو طلب من اللجنة مش تعطي الرابور غدوة عطاهم 24 ساعة معناتها مش يعطي المقرر متاحهم كيفاش مش نمشي للسيولة هذية في هذا الإتار خلنا تحطوا على الدواء وعليك المخدر اللي يتحدث عليه,15.0,AQvfenACz1g_55,https://www.youtube.com/watch?v=AQvfenACz1g,825.0,840.0
unlabeled_youtube, الطبيب فوزي عديد قال لك يصنع في تونس في لبوغات وقت تونسية على ملك رجل أعمل تونس دير ممثل زادة في البرلمة اي شبيه مش موجود شبيه مش موجود خطرنا موقعنا نخرين خطرنا مش نتخل,15.0,AQvfenACz1g_56,https://www.youtube.com/watch?v=AQvfenACz1g,840.0,855.0
unlabeled_youtube, ترجمة نانسي قنقر كنقر كنقر كنقر كنقر كنقر كنقر كنقر كنقر كنقر كنقر كنقر كنقر كنقر كنقر كنقر كنقر كنقر كنقر كنقر كنقر كنقر كنقر كنقر كنقر كنقر كنقر كنقر كنقر كنقر كنقر كنقر كنقر كنقر كنقر كنقر كنقر كنقر كنقر كنقر كنقر كنقر كنقر كنقر كنقر كنقر كنقر كنقر كنقر كنقر كنقر كنقر كنقر كنقر كنقر كنقر كنقر كنقر كنقر كنقر كنقر كنقر كنقر كنقر كنقر كنقر كنقر كنقر كنقر كنقر كنقر كنقر كنقر كنقر كنقر كنقر كنقر كنقر كنقر كنقر كنقر كنقر كنقر كنقر كنقر كنقر كنقر كنقر كنقر كنقر كنقر كنقر كنقر كنقر كنقر كنقر كنقر كنقر كنقر كنقر كنقر كنقر كنقر كنقر كنقر كنقر كنقر كنقر كنقر ك,15.0,AQvfenACz1g_57,https://www.youtube.com/watch?v=AQvfenACz1g,855.0,870.0
unlabeled_youtube, حاوكما و هيدوما للمزور معنى تا أبار القرارات اللي اخذينيهم اليوم معنى تا في المجلس الوزيري الراهو فما دي مزور داكمبانيما أمين اللي يلزمهم يمشي,15.0,AQvfenACz1g_58,https://www.youtube.com/watch?v=AQvfenACz1g,870.0,885.0
unlabeled_youtube, لا أقول لك,15.0,AQvfenACz1g_59,https://www.youtube.com/watch?v=AQvfenACz1g,885.0,900.0
unlabeled_youtube, التنظيم العلاقة بين المؤسسة الاستشفائية من جهة والكنام من جهة والسينسيس من جهة أخرى والفارماسي سنترال من جهة أخرى كينه حاجة أخكيك حاجة متاع الستينة,15.0,AQvfenACz1g_60,https://www.youtube.com/watch?v=AQvfenACz1g,900.0,915.0
unlabeled_youtube, والسبعينات اليوم يجبنا نبدلو نساق التعامل بيناتهم او طريقة جديدة في التعامل بيناتهم حتى ما نتحوش يذولي في المشاكل هذه وقالها ما نشمس حقين من عشر هذه الريفور ما نتحطيت ما نتصبك على الاشكالية هي الريفور,14.935999870300293,AQvfenACz1g_61,https://www.youtube.com/watch?v=AQvfenACz1g,915.0,930.0
unlabeled_youtube, نحن نسديو في أكثر من ثمانين في المئة,15.0,AQvfenACz1g_62,https://www.youtube.com/watch?v=AQvfenACz1g,930.0,945.0
unlabeled_youtube, الخدمات كقطاع عمومي بالنسبة للمواطنين التوينس. ونحن نكون معناتها إن بارتي في وسط تمويل الصحة والتمويل الأساسي من نجي. فما الدولة فما الصندق الاجتماعي وفما المواطن.,14.432000160217285,AQvfenACz1g_63,https://www.youtube.com/watch?v=AQvfenACz1g,945.0,960.0
unlabeled_youtube, المواطن اللي هو قاعد يدفع من مكتوبه من القرارات اللي إخذيهم زيدا سيد الرئيس اليوم في وسط المجلس متاعنا اللي هو فيما صندوق اللي هو تم بعثوا الأحداث بتاعه بمقتضى قانون في المواطن,14.871999740600586,AQvfenACz1g_64,https://www.youtube.com/watch?v=AQvfenACz1g,960.0,975.0
unlabeled_youtube, في الميزنين في عام 2017. السندوق هذا يشنوه. السندوق هذا يشنوه. السندوق هذا يشنوه. سندوق هذا يشنوه. سندوق هذا يشنوه. سندوق هذا يشنوه. سندوق هذا يشنوه. سندوق هذا يشنوه. سندوق هذا يشنوه. سندوق هذا يشنوه. سندوق هذا يشنوه. سندوق هذا يشنوه. سندوق هذا يشنوه. سندوق هذا يشنوه. سندوق هذا يشنوه. سندوق هذا يشنوه. سندوق هذا يشنوه. سندوق هذا يشنوه. سندوق هذا يشنوه. سندوق هذا يشنوه. سندوق هذا يشنوه. سندوق هذا يشنوه. سندوق هذا يشنوه. سندوق هذا يشنوه. سندوق هذا يشنوه. سندوق هذا يشنوه. سندوق هذا يشنوه. سندوق هذا يشنوه. سندوق هذا يشنوه. سندوق هذا يشنوه. سندوق هذا يشنوه. سندوق هذا يشنوه. سندوق هذا يشنوه.,15.0,AQvfenACz1g_65,https://www.youtube.com/watch?v=AQvfenACz1g,975.0,990.0
unlabeled_youtube, تفعيل ومش بعفو خاترو ديجا موجود بموقتفا عمر معنى تفيقانو الماليه توالي اتوالي اتوالي اتوالي اتوالي اتوالي اتوالي اتوالي اتوالي اتوالي اتوالي اتوالي اتوالي اتوالي اتوالي اتوالي اتوالي اتوالي اتوالي اتوالي اتوالي اتوالي اتوالي اتوالي اتوالي اتوالي اتوالي اتوالي اتوالي اتوالي اتوالي اتوالي اتوالي اتوالي اتوالي اتوالي اتوالي اتوالي اتوالي اتوالي اتوالي اتوالي اتوالي اتوالي اتوالي اتوالي اتوالي اتوالي اتوالي اتوالي اتوالي اتوالي اتوالي اتوالي اتوالي اتوالي اتوالي اتوالي اتوالي اتوالي اتوالي اتوالي اتوالي اتوالي اتوالي اتوالي اتوالي اتوالي اتوالي اتوالي اتوالي اتوالي اتوالي اتوالي اتوالي اتوالي اتوالي اتوالي اتوالي اتوالي اتوالي ا,14.991999626159668,AQvfenACz1g_66,https://www.youtube.com/watch?v=AQvfenACz1g,990.0,1005.0
unlabeled_youtube, الكاتاستروف اللي هما مثلا كيف اللي عايشينه اليوم نجم احنا بالصندوق هذا يتم تمويله اي برودي يكون هو نصيف بوغل السنتي مضر بساحة المواطن يلزم تصير اين تاكساشون عليها ويدخل في الصندوق الخاص,14.736000061035156,AQvfenACz1g_67,https://www.youtube.com/watch?v=AQvfenACz1g,1005.0,1020.0
unlabeled_youtube, خاص للصحة العمومية ما يدخلش في حتى صندوق واحد اخر معناتها اسبوا صندوق موساندت الصحة العمومية موجود لكن يزم يتم تفعيله هذا يزبق من القرارات اللي اخذيناهم على مدى طويل مدى طويل ولا مدى متواصل,15.0,AQvfenACz1g_68,https://www.youtube.com/watch?v=AQvfenACz1g,1020.0,1035.0
unlabeled_youtube, المترجمات المترجمات المترجمات المترجمات المترجمات المترجمات المترجمات المترجمات المترجمات المترجمات المترجمات المترجمات المترجمات المترجمات المترجمات المترجمات المترجمات المترجمات المترجمات المترجمات المترجمات المترجمات المترجمات المترجمات المترجمات المترجمات المترجمات المترجمات المترجمات المترجمات المترجمات المترجمات المترجمات المترجمات المترجمات المترجمات المترجمات المترجمات المترجمات المترجمات المترجمات المترجمات المترجمات المترجمات المترجمات المترجمات المترجمات المترجمات المترجمات المترجمات المترجمات المترجمات المترجمات المترجمات المترجمات المترجمات المترجمات المترجمات المترجمات المترجمات المترجمات المترجمات المترجمات المترجمات المترجمات المترجمات المترجمات المترجمات المترجمات المترجمات المترجمات المترجمات المترجمات المترجمات المترجمات المترجمات المترجمات المترجمات المترجمات المترجمات المترجمات المترجمات المترجمات المترجمات المترجمات المترجمات المترجمات المترجمات المترجم,15.0,AQvfenACz1g_69,https://www.youtube.com/watch?v=AQvfenACz1g,1035.0,1050.0
unlabeled_youtube, تسريح في أسلاح سندق الاجتماعية كيف تقول هالعلي,15.0,AQvfenACz1g_70,https://www.youtube.com/watch?v=AQvfenACz1g,1050.0,1065.0
unlabeled_youtube, المصنعي الأدوية التوانسة اليوم في القرارات اللي يتخذيه واللي هو يلزم يتم تسجيحهم معنية بصفة الآليات هذوكم مرحلة,15.0,AQvfenACz1g_71,https://www.youtube.com/watch?v=AQvfenACz1g,1065.0,1080.0
unlabeled_youtube, يجب أن يجب أن يجب أن يجب أن يجب أن يجب أن يجب أن يجب أن يجب أن يجب أن يجب أن يجب أن يجب أن يجب أن يجب أن يجب أن يجب أن يجب أن يجب أن يجب أن يجب أن يجب أن يجب أن يجب أن يجب أن يجب أن يجب أن يجب أن يجب أن يجب أن يجب أن يجب أن يجب أن يجب أن يجب أن يجب أن يجب أن يجب أن يجب أن يجب أن يجب أن يجب أن يجب أن يجب أن يجب أن يجب أن يجب أن يجب أن يجب أن يجب أن يجب أن يجب أن يجب أن يجب أن يجب أن يجب أن يجب أن يجب أن يجب أن يجب أن يجب أن يجب أن يجب أن يجب أن يجب أن يجب أن يجب أن يجب أن يجب أن يجب أن يجب أن يجب أن يجب أن يجب أن يجب أن يجب أن يجب أن يجب أن يجب أن يجب أن يجب أن يجب أن يجب أن يجب أن يجب أن يجب أن يجب أن يجب أن يجب أن يجب أن يجب أن يجب أن يجب أن يجب أن يجب أن يجب أن يجب أن يجب أن يجب أن يجب أن يجب أن يجب أن يجب أن يجب أن يجب أن يجب أن يجب أن يجب أن يجب أن يجب أن يجب أن,15.0,AQvfenACz1g_72,https://www.youtube.com/watch?v=AQvfenACz1g,1080.0,1095.0
unlabeled_youtube, كيف يمكن أن تكون مصنعاً في تونس؟ كيف يمكن أن تكون مصنعاً في تونس؟ كيف يمكن أن تكون مصنعاً في تونس؟ كيف يمكن أن تكون مصنعاً في تونس؟,15.0,AQvfenACz1g_73,https://www.youtube.com/watch?v=AQvfenACz1g,1095.0,1110.0
unlabeled_youtube, ويعرف مواطن كيف وكيف ومعنى تولد بليد وتونسي ومهوش مشيو قد يقول لك ليه ما الليفريل كان بالفلوس يصيروا دي تانسيو واحد ومشكورين اشك فا او اللي يسوليسيت يقول لك احنا هنا دكو وقت ايش تبدأ تتوفر الادويات,14.968000411987305,AQvfenACz1g_74,https://www.youtube.com/watch?v=AQvfenACz1g,1110.0,1125.0
unlabeled_youtube, تقريباً إذا كنت تصلح المشكلة متاع الفلوس أنا متأكدة اللي بقدرة ربي دي سي معنى إنتا كلك سمان تو غنطر غنطر غنطر خاطر راهو الرسائل متاع الطمقنا احنا منيش مش نستناو حتى لين الفلوس مش تتصب مش نخلصو,14.968000411987305,AQvfenACz1g_75,https://www.youtube.com/watch?v=AQvfenACz1g,1125.0,1140.0
unlabeled_youtube, ونحن نستدعوك وقتا نجعلنا,15.0,AQvfenACz1g_76,https://www.youtube.com/watch?v=AQvfenACz1g,1140.0,1155.0
unlabeled_youtube, شكرا لك شكرا لك ديما تكون معنا وشكرا لك على الرياكتيفيتام بتاعك لسونيا بشيخ كاتبة الدولة,10.95199966430664,AQvfenACz1g_77,https://www.youtube.com/watch?v=AQvfenACz1g,1155.0,1166.617
