dataset,prediction,duration_s,audio_id,source_url,seg_start,seg_end
unlabeled_youtube, إدارة الصيدلة والأدوية بوزارة الصحة تقرر سحب أربعة مكملات غذائية من السوق لعدم تطابقها مع المواصفات خبر قد يعتبر في ظاهره عاديا لكنه يخفي مشاكل كبرى تتعلق بها,14.97599983215332,MDU2ROgeKns_0,https://www.youtube.com/watch?v=MDU2ROgeKns,0.0,15.0
unlabeled_youtube, فهذه المواد نجدها معروضة في مسالك أخرى غير الصيدليات حيث أنها تباع ويروج لها عبر الأنترنت ومواقع التواصل الاجتماعي لم أسمع أن يقع سحب بعض المكملات,15.0,MDU2ROgeKns_1,https://www.youtube.com/watch?v=MDU2ROgeKns,15.0,30.0
unlabeled_youtube, كنت نشري الحق ولو يظهر لي حاجة باية ما نفعل توكيلي للوزارة كما قال منعته منعته ما نفعل,15.0,MDU2ROgeKns_2,https://www.youtube.com/watch?v=MDU2ROgeKns,30.0,45.0
unlabeled_youtube, لا نريد أن نعرض لشيء من هذا الأشكال في المكاملات الغذائية المصنوعة في تونس يمكننا أن نلقيها في الصيدلية أو في أي موقع تجاري آخر أو حتى في مواقع التواصل الاجتماعي أو على الإنترنت هناك أشكال كبيرة في المكاملات الغذائية,15.0,MDU2ROgeKns_3,https://www.youtube.com/watch?v=MDU2ROgeKns,45.0,60.0
unlabeled_youtube, المصنعين محلين ما يخضعوا لحتى قانون ملاحظوا اللي برشا موجهين للأطفال وهذا يختار صافي على الصحة الصغار اليوم عنا هذومة اللي سحبته مزرعة,15.0,MDU2ROgeKns_4,https://www.youtube.com/watch?v=MDU2ROgeKns,60.0,75.0
unlabeled_youtube, منظمة الدفاع عن المستهلك أكدت تلقيها,14.895999908447266,MDU2ROgeKns_5,https://www.youtube.com/watch?v=MDU2ROgeKns,75.0,90.0
unlabeled_youtube, تشكيات من عديد المواطنين تعرضوا لعمليات تحيل عند اقتناء مكملات غذائية من مواقع الانترنت في وقت تطالب خلاله نقابة أصحاب الصيدريات الخاصة وزارة الصحة بتفعيل القانون المنظم لهذا القطع,14.84000015258789,MDU2ROgeKns_6,https://www.youtube.com/watch?v=MDU2ROgeKns,90.0,105.0
unlabeled_youtube, اليوم القانون موجود في رفوف وزارة الصحة ما صدرش القانون هذيه هو أمر حكومي الأمر الحكومي هذيه متفق عليه من طرف جميع المداخلين في القطاع ما فهمناش علاش لتوا ما خرجش الأمر الحكومي هذيه في غياب القانون في مغياب للمخالفات,14.904000282287598,MDU2ROgeKns_7,https://www.youtube.com/watch?v=MDU2ROgeKns,105.0,120.0
unlabeled_youtube, وغياب المراقبة. بعضا كل يوم ما تجب تعمل لهم حتى شيء حتى في الصنع وإلا في التوسيق. المكملة غذائية صحيحة مع مهابية لكن ماذا بينا زيدا ناخدو نصيحة الطبيب المباشر متاعنا اقبل اقبل على المواد هذية.,14.991999626159668,MDU2ROgeKns_8,https://www.youtube.com/watch?v=MDU2ROgeKns,120.0,135.0
unlabeled_youtube, ونأكد ونأكد هنا ونعود قديش احنا كمنظمة تشكيات جات المنظمة اشكيات من على اساس وقع اقتناء على اساس مكملات غذائية وكانت مواد تسبب في برشا مشاكل صحية هون دعوة الى التوزيع,15.0,MDU2ROgeKns_9,https://www.youtube.com/watch?v=MDU2ROgeKns,135.0,150.0
unlabeled_youtube, المكملات الغذائية هي ضرورة صحية للعديد من الأشخاص المتحدثين,15.0,MDU2ROgeKns_10,https://www.youtube.com/watch?v=MDU2ROgeKns,150.0,165.0
unlabeled_youtube, باتباع نصائح المختصين وتثبت من مصدر هذه المواد كي لا تتحول إلى أكذوبة تجارية تكون نتائجها عكسية,9.343999862670898,MDU2ROgeKns_11,https://www.youtube.com/watch?v=MDU2ROgeKns,165.0,175.2759
unlabeled_youtube, مرحبا بكم في صحتك اللي بيس بحثنا اليوم دكتورة سلمة برمضان ديغماتولوج معها بيش نحكيوا على أمراض نفسية أو ربما ما نعرف تهيد صحة حالنا إذا كان هذي,14.944000244140625,Xp9IhmeyW1w_0,https://www.youtube.com/watch?v=Xp9IhmeyW1w,0.0,15.0
unlabeled_youtube, بالضبط اللي بيش نحكيه عليه اليوم هل أنه الجلدة متاعنا تنجم تكون طريقة بيها تعدي دي ميساج اللي راهو فم حاجة سببها مع تلبي ترانسميتر دي ميساج توري اللي فم حاجة سببها صحيا نفسيا وتكون ترجم بعضها,15.0,Xp9IhmeyW1w_1,https://www.youtube.com/watch?v=Xp9IhmeyW1w,15.0,30.0
unlabeled_youtube, مرحبا بك بحضرنا دكتورة عسلما مرحبا بك هذا هو معناتك الجلدة مرية ترجم ساعات بعض الإشكاليات الصحية نحن نتحدث عن البسيكو ديرماتولوجي هي بالعربية الطب النفسي,15.0,Xp9IhmeyW1w_2,https://www.youtube.com/watch?v=Xp9IhmeyW1w,30.0,45.0
unlabeled_youtube, الجلدي عليش اتطرقت للموضوع هذي هنا خاطر في العيادة متاعنا كل يوم كأطبق جلد ديما كما قلت انتي توا نلاحظوا اللي الأمراض هذي جلدية ديما عندها سبب نفسي أو بالعكس,14.567999839782715,Xp9IhmeyW1w_3,https://www.youtube.com/watch?v=Xp9IhmeyW1w,45.0,60.0
unlabeled_youtube, في التطوير الامبريوناري في النمو والجنيني، المخ الجي من الجلد لديهم نفس الاريجين الامبريولوجيكية، الإكتوديرم,14.97599983215332,Xp9IhmeyW1w_4,https://www.youtube.com/watch?v=Xp9IhmeyW1w,60.0,75.0
unlabeled_youtube, بعضهم. فوبعد واكتشفنا دانيرمان اللي حتى اللي يعني الطبقة السطحية متاع الجلد عندها علاقة عندها ديترمينيزون نيرفوز. اه هم. بيك. دونك سيستيم متاع المخ,14.447999954223633,Xp9IhmeyW1w_5,https://www.youtube.com/watch?v=Xp9IhmeyW1w,75.0,90.0
unlabeled_youtube, الأعصاب والجلد عندهم ارتباط كبير ببعضهم وثيق وفي الكحوصانس معناها الببي ملي تولد حتى لين يكبر طريقته باش يتعامل مع الانتراج متاعه المحيط متاعه,14.84000015258789,Xp9IhmeyW1w_6,https://www.youtube.com/watch?v=Xp9IhmeyW1w,90.0,105.0
unlabeled_youtube, هي الجلد. تاكتيل معناتها. مش هي تاكتيل. اه. خاطر ما ننسيوش اللي امه كي تردعوا وتحذنوا وتعنقوا وهو بش يحس اتخذها هذيك الكل. اه. والمساج اللي بش يتقالوا مع الام والشعور يعني اللي بش يتعادلوا قدامه بش,14.991999626159668,Xp9IhmeyW1w_7,https://www.youtube.com/watch?v=Xp9IhmeyW1w,105.0,120.0
unlabeled_youtube, سجلوا غاديكا دكا وفما برشا علماء يعني منهم أطباء الجلد في العالم وكل شيء ترقوا للموضوع ذي وعملوا رابط ولاحظوا ولقاوا فما رابط كبير فما ديزانتيراكسيون انتر النفس يعني اه,14.960000038146973,Xp9IhmeyW1w_8,https://www.youtube.com/watch?v=Xp9IhmeyW1w,120.0,135.0
unlabeled_youtube, الجلد يؤثر على الجنب النفسي يوجد أمراض جلدية ما بين الأسباب المتاحة فما تقلقات وتقلقات,14.847999572753906,Xp9IhmeyW1w_9,https://www.youtube.com/watch?v=Xp9IhmeyW1w,135.0,150.0
unlabeled_youtube, نفسي بين السبب يعني ما فيهش كان أسباب معناها دي كوز فيزيك كهو مثلاً مثلاً البسوريازيس يسميهم هما يسميهم الملاذي بسيكو سوماتيك والتسمية هذي هي تندنس تاوى معناها,15.0,Xp9IhmeyW1w_10,https://www.youtube.com/watch?v=Xp9IhmeyW1w,150.0,165.0
unlabeled_youtube, واللي يعوضوها بالسيكو درماتولوجي على خطر الاحتياجات ديكو ديكو ديكو ديكو ديكو ديكو ديكو ديكو ديكو ديكو ديكو ديكو ديكو ديكو ديكو ديكو ديكو ديكو ديكو ديكو ديكو ديكو ديكو ديكو ديكو ديكو ديكو ديكو ديكو ديكو ديكو ديكو ديكو ديكو ديكو ديكو ديكو ديكو ديكو ديكو ديكو ديكو ديكو ديكو ديكو ديكو ديكو ديكو ديكو ديكو ديكو ديكو ديكو ديكو ديكو ديكو ديكو ديكو ديكو ديكو ديكو ديكو ديكو ديكو ديكو ديكو ديكو ديكو ديكو ديكو ديكو ديكو ديكو ديكو ديكو ديكو ديكو ديكو ديكو ديكو ديكو ديكو ديكو ديكو ديكو ديكو ديكو ديكو ديكو ديكو ديكو ديكو ديكو ديكو ديكو ديكو ديكو ديكو ديكو ديكو ديكو ديكو ديكو ديكو,15.0,Xp9IhmeyW1w_11,https://www.youtube.com/watch?v=Xp9IhmeyW1w,165.0,180.0
unlabeled_youtube, منها عوامل في الانفيرونمان منها عوامل مثلاً ديزاغريسيون انفكسيوز ولا فيزيك ونلقاه زده فمع عوامل نفسية العوامل النفسية هذي هي سرتو هي الديكلانش لابوسي معناها هي تخلي,15.0,Xp9IhmeyW1w_12,https://www.youtube.com/watch?v=Xp9IhmeyW1w,180.0,195.0
unlabeled_youtube, نعرف أن السوريازيس يأتي بأزمات، كل أزمة تأتي بالسوريازيس دائماً نلقاها ديكلانشية بشكل إيماني أو بشكل إيماني أو بشكل إيماني أو بشكل إيماني أو بشكل إيماني أو بشكل إيماني أو بشكل إيماني أو بشكل إيماني أو بشكل إيماني أو بشكل إيماني أو بشكل إيماني أو بشكل إيماني أو بشكل إيماني أو بشكل إيماني أو بشكل إيماني أو بشكل إيماني أو بشكل إيماني أو بشكل إيماني أو بشكل إيماني أو بشكل إيماني أو بشكل إيماني أو بشكل إيماني أو بشكل إيماني أو بشكل إيماني أو بشكل إيماني أو بشكل إيماني أو بشكل إيماني أو بشكل إيماني أو بشكل إيماني أو بشكل إيماني أو بشكل إيماني أو بشكل إيماني أو بشكل إيماني أو بشكل إيماني أو بشكل إيماني أو بشكل إيماني أو بشكل إيماني أو بشكل إيماني أو بشكل إيماني أو بشكل إيماني أو بشكل إيماني أو بشكل إيماني أو بشكل إيماني أو بشكل إيماني أو بشكل إيماني أو بشكل إيماني أو بشكل إيماني أو بشكل إيماني أو بشكل إيماني أو بشكل إ,14.991999626159668,Xp9IhmeyW1w_13,https://www.youtube.com/watch?v=Xp9IhmeyW1w,195.0,210.0
unlabeled_youtube, شعورية هذي مجموعة نلقاها بالعكس مثلا بالمتعدد بالعكس بخلاف السادة فيها فميش حاجة أخرى تنجم فيه مثلا أكثر حاجات شو يوعن مثلا فيها الحساسية,15.0,Xp9IhmeyW1w_14,https://www.youtube.com/watch?v=Xp9IhmeyW1w,210.0,225.0
unlabeled_youtube, سواء عند الصغير أو حتى عند الكبار العلماء الذين ترقوا في الموضوع الذي نتحدث عنه اليوم، البسيكو درماتولوجي يقولون أن الإكزيما يدل على سيبارة مختلفة,15.0,Xp9IhmeyW1w_15,https://www.youtube.com/watch?v=Xp9IhmeyW1w,225.0,240.0
unlabeled_youtube, بين الأم والصغير داكور معناها جنرالما العباد اللي يعملوا الإكزيما والي بريكوس معناها على بكري معناها سيبراسون بريكوس معناها الأم يزمها تقعد معناها قريبة لصغيرها وتعطيها,15.0,Xp9IhmeyW1w_16,https://www.youtube.com/watch?v=Xp9IhmeyW1w,240.0,255.0
unlabeled_youtube, يتسجل في جلد الكل مثلاً الإكزيما العلماء يتسجلون في جلد الكل,15.0,Xp9IhmeyW1w_17,https://www.youtube.com/watch?v=Xp9IhmeyW1w,255.0,270.0
unlabeled_youtube, تفرق الزغير على أمه وعلى بكري,15.0,Xp9IhmeyW1w_18,https://www.youtube.com/watch?v=Xp9IhmeyW1w,270.0,285.0
unlabeled_youtube, يجب أن نجد أمراض نفسية,15.0,Xp9IhmeyW1w_19,https://www.youtube.com/watch?v=Xp9IhmeyW1w,285.0,300.0
unlabeled_youtube, إلى تقلقات جلدية مثلا نعطي أمثلة مثلا الهذيين فمعنى أمراض نفسية ويحدي بده عنده مثلا هذيين,15.0,Xp9IhmeyW1w_20,https://www.youtube.com/watch?v=Xp9IhmeyW1w,300.0,315.0
unlabeled_youtube, يتخيل حاجات يصرحوا في الجلدة ويقول لك نتخيل في حاجة نتخيل في حشرات تصرح ولا حاجة ويبدأ يحق ويحق ويحق ويحق ويجي في العيدة متاع الجلدة ممشي,15.0,Xp9IhmeyW1w_21,https://www.youtube.com/watch?v=Xp9IhmeyW1w,315.0,330.0
unlabeled_youtube, في العيادة طب النفسي مثل اخر مثلا فمالا تريكو تيلو ماني تريكو تيلو ماني هم الناس اللي تقلع شعارها تقلع شعارها بستريس تلما استريسي عندهم القلق عندهم الفجعة,15.0,Xp9IhmeyW1w_22,https://www.youtube.com/watch?v=Xp9IhmeyW1w,330.0,345.0
unlabeled_youtube, يقلعوا شعارهم ولا يقلعوا حواجبهم شعارهم تعرأسهم يعني؟ كنقولوا مثلاً أمراض نفسية ولا تقلقات نفسية رأوا فيها الدرجات الكل أنا مش بشرتي هي مرض نفسي كبير وما يقلق,15.0,Xp9IhmeyW1w_23,https://www.youtube.com/watch?v=Xp9IhmeyW1w,345.0,360.0
unlabeled_youtube, فما الدرجة تكون يعني من الخفيف من الخفيف إلى أقصى درجة مثلاً فما مثلاً ليكلوا ظوافرهم ليكلوا ظوافرهم فنالماً سيسا يعني معنى مش حاجة جراف ولكن تقعد مربوطة بسترس,15.0,Xp9IhmeyW1w_24,https://www.youtube.com/watch?v=Xp9IhmeyW1w,360.0,375.0
unlabeled_youtube, فما يكون عندهم التروبل للإدنتيتي فما يكون عندهم التروبل للإدنتيتي فما يكون عندهم التروبل للإدنتيتي فما يكون عندهم التروبل للإدنتيتي فما يكون عندهم التروبل للإدنتيتي فما يكون عندهم التروبل للإدنتيتي فما يكون عندهم التروبل للإدنتيتي فما يكون عندهم التروبل للإدنتيتي فما يكون عندهم التروبل للإدنتيتي فما يكون عندهم التروبل للإدنتيتي فما يكون عندهم التروبل للإدنتيتي فما يكون عندهم التروبل للإدنتيتي فما يكون عندهم التروبل للإدنتيتي فما يكون عندهم التروبل للإدنتيتي فما يكون عندهم التروبل للإدنتيتي فما يكون عندهم التروبل للإدنتيتي فما يكون عندهم التروبل للإدنتيتي فما يكون عندهم التروبل للإدنتيتي فما يكون عندهم التروبل للإدنتيتي فما يكون عندهم التروبل للإدنتيتي فما يكون عندهم التروبل للإدنتيتي فما يكون عندهم التروبل للإدنتيتي فما يكون عندهم التروبل للإدنتيتي فما يكون عندهم التروبل للإدنتيتي فما يكون عندهم التروبل للإدنتيتي فما يكون عندهم التروبل للإدتي فما يكون عندهم التروبل للإدتي فما يكون عندهم التروبل للإدتي فما يكون عندهم التروبل للإدتي فما يكون عندهم التروبل للإدتي فما يكون,15.0,Xp9IhmeyW1w_25,https://www.youtube.com/watch?v=Xp9IhmeyW1w,375.0,390.0
unlabeled_youtube, في الفرنسية يسمى لباتو ميمي لباتو ميمي هو صعوبة بسيكياتريكية ويجعل الشخص يعمل دلزومات,15.0,Xp9IhmeyW1w_26,https://www.youtube.com/watch?v=Xp9IhmeyW1w,390.0,405.0
unlabeled_youtube, في الجلد متاعه وبعد يمشي للدرماتولوك يقولوا هذا طلع لي وانا منيش فهم شنو؟ يلي ان ديني معلتها؟ ايه ايه ايه انقنسيماً مفيقش بروحه؟ انقنسيماً مفيقش بروحه اااااااااااااااااااااااااااااااااااااااااااااااااااااااااااااااااااااااااااااااااااااااااااااااااااااااااااااااااااااااااااااااااااااااااااااااااااااااااااااااااااااااااااااااااااااااااااااااااااااااااااااااااااااااااااااااااااااااااااااااااااااااااااااااااااااااااااااااااااااااااااااااااااااااااااااااااااااااااااااااااااااااااااااااااااااااااااااااا,14.95199966430664,Xp9IhmeyW1w_27,https://www.youtube.com/watch?v=Xp9IhmeyW1w,405.0,420.0
unlabeled_youtube, التقالقات مهمة دي باش نقول عليها. اه. ايوه. ايوه. ايوه. ايوه. ايوه. ايوه. ايوه. ايوه. ايوه. ايوه. ايوه. ايوه. ايوه. ايوه. ايوه. ايوه. ايوه. ايوه. ايوه. ايوه. ايوه. ايوه. ايوه. ايوه. ايوه. ايوه. ايوه. ايوه. ايوه. ايوه. ايوه. ايوه. ايوه. ايوه. ايوه. ايوه. ايوه. ايوه. ايوه. ايوه. ايوه. ايوه. ايوه. ايوه. ايوه. ايوه. ايوه. ايوه. ايوه. ايوه. ايوه. ايوه. ايوه. ايوه. ايوه. ايوه. ايوه. ايوه. ايوه. ايوه. ايوه. ايوه. ايوه. ايوه. ايوه. ايوه. ايوه. ايوه. ايوه. ايوه. ايوه. ايوه. ايوه. ايوه. ايوه. ايوه. ايوه. ايوه. ايوه. ايوه. ايوه. ايوه. ايوه. ايوه. ايوه,14.95199966430664,Xp9IhmeyW1w_28,https://www.youtube.com/watch?v=Xp9IhmeyW1w,420.0,435.0
unlabeled_youtube, لا، يجب أن نتغير حالة الجلد لأن الجلد لديه نيروميدياتور من السلول الكتانية لديهم أشياء تتغيرها من السلول النروسية لديهم نيروميدياتور في الاثنين,14.95199966430664,Xp9IhmeyW1w_29,https://www.youtube.com/watch?v=Xp9IhmeyW1w,435.0,450.0
unlabeled_youtube, لذلك عندما تجدها مضغطة جلدها يزيد أكثر و عندما تجدها حمراء قليلاً تجدها مضغطة كثيراً تجدها مضغطة كثيراً تجدها مضغطة كثيراً تجدها مضغطة كثيراً تجدها مضغطة كثيراً تجدها مضغطة كثيراً تجدها مضغطة كثيراً تجدها مضغطة كثيراً تجدها مضغطة كثيراً تجدها مضغطة كثيراً تجدها مضغطة كثيراً تجدها مضغطة كثيراً تجدها مضغطة كثيراً تجدها مضغطة كثيراً تجدها مضغطة كثيراً تجدها مضغطة كثيراً تجدها مضغطة كثيراً تجدها مضغطة كثيراً تجدها مضغطة كثيراً تجدها مضغطة كثيراً تجدها مضغطة كثيراً تجدها مضغطة كثيراً تجدها مضغطة كثيراً تجدها مضغطة كثيراً تجدها مضغطة كثيراً تجدها مضغطة كثيراً تجدها مضغطة كثيراً تجدها مضغطة كثيراً تجدها مضغطة كثيراً,15.0,Xp9IhmeyW1w_30,https://www.youtube.com/watch?v=Xp9IhmeyW1w,450.0,465.0
unlabeled_youtube, تبدل معاد شكل الجلد النظارة تجمد تغمق شوية تبدأ تغنو كل شيء هذا عنده علاقة كبيرة زده زده بالطلاق والسترس هذا هي ديكوفيرت بالنفس الجلدي اللي اليوم,15.0,Xp9IhmeyW1w_31,https://www.youtube.com/watch?v=Xp9IhmeyW1w,465.0,480.0
unlabeled_youtube, يربط معلتها هذا بهذا ونتصور في اختصاصكم تكون فاهمة برشا كولابوراشيون مع اختصاص الطب النفسي واندوما ويس ويرسا جنرالما يزاتيريس شل درماتو الحالات هذوما درماتو هو,15.0,Xp9IhmeyW1w_32,https://www.youtube.com/watch?v=Xp9IhmeyW1w,480.0,495.0
unlabeled_youtube, والي يطلب يعمل الكولابراسيون مع البسيكيات وفلخ الفامة نتيجة منتينة جمهورية براوي ذاك الفامة برزة شارجة دون لي دو سانس بان سور برزة شارجة دون لي دو سانس اي سورتو سورتو سورتو اول حاجة تبدى بها سيلا رولاسيون ميدسان ملات,15.0,Xp9IhmeyW1w_33,https://www.youtube.com/watch?v=Xp9IhmeyW1w,495.0,510.0
unlabeled_youtube, بين الدغمتولوج أول طبيب باش يشوفه الشخص هذي يزمه يتعلم مش يتعلم يعني يزمه يكون أذن صاغية يسمعه ويقدر القلق متاعه خاطر منسوش منعقوله نعود الجلدة,14.97599983215332,Xp9IhmeyW1w_34,https://www.youtube.com/watch?v=Xp9IhmeyW1w,510.0,525.0
unlabeled_youtube, هي العضو الذي يجعل الشخص يتعامل مع المحيط الخارجي,14.991999626159668,Xp9IhmeyW1w_35,https://www.youtube.com/watch?v=Xp9IhmeyW1w,525.0,540.0
unlabeled_youtube, معروف أنه ساعات يقولك زفريك يظهر أمامك اليوم إذا كان فما كاريما كولابوراشيون بين الزوز اختصاصات اللي فايت المريض ما فيها كان أكيد حاجة إيجابية بيش تكون نتائج العلاجية خير,15.0,Xp9IhmeyW1w_36,https://www.youtube.com/watch?v=Xp9IhmeyW1w,540.0,555.0
unlabeled_youtube, مرحبا بكم مرحبا بكم مرحبا بكم مرحبا بكم مرحبا بكم مرحبا بكم مرحبا بكم مرحبا بكم مرحبا بكم مرحبا بكم مرحبا بكم مرحبا بكم مرحبا بكم مرحبا بكم مرحبا بكم مرحبا بكم مرحبا بكم مرحبا بكم مرحبا بكم مرحبا بكم مرحبا بكم مرحبا بكم مرحبا بكم مرحبا بكم مرحبا بكم مرحبا بكم مرحبا بكم مرحبا بكم مرحبا بكم مرحبا بكم مرحبا بكم مرحبا بكم مرحبا بكم مرحبا بكم مرحبا بكم مرحبا بكم مرحبا بكم مرحبا بكم مرحبا بكم مرحبا بكم مرحبا بكم مرحبا بكم مرحبا بكم مرحبا بكم مرحبا بكم مرحبا بكم مرحبا بكم مرحبا بكم مرحبا بكم مرحبا بكم مرحبا بكم مرحبا بكم مرحبا بكم مرحبا بكم مرحبا بكم مرحبا بكم مرحبا بكم مرحبا بكم مرحبا بكم مرحبا بكم مرحبا بكم مرحبا بكم مرحبا بكم مرح,15.0,Xp9IhmeyW1w_37,https://www.youtube.com/watch?v=Xp9IhmeyW1w,555.0,570.0
unlabeled_youtube, مع موزايك بلوس ما يفوتك شيء في عالم السياسة وموند الثقافة,15.0,Xp9IhmeyW1w_38,https://www.youtube.com/watch?v=Xp9IhmeyW1w,570.0,585.0
unlabeled_youtube, الأخبار الوطنية والعالمية نحلوها ونكسفو لكم كواليسها وفي ساعتنا الثانية نحكي وثقافة جديد لكتب السينما والموسيقى في العالم موسيقى مرثين الجمعة من السبعة للتسعين تعليم معي أنا حسين,15.0,Xp9IhmeyW1w_39,https://www.youtube.com/watch?v=Xp9IhmeyW1w,585.0,600.0
unlabeled_youtube, اشتركوا في القناة,14.991999626159668,Xp9IhmeyW1w_40,https://www.youtube.com/watch?v=Xp9IhmeyW1w,600.0,615.0
unlabeled_youtube, لحظة شو تلاتة وخمسين تقريبا,1.9600000381469727,Xp9IhmeyW1w_41,https://www.youtube.com/watch?v=Xp9IhmeyW1w,615.0,616.9891
unlabeled_youtube, بالتوتر والقلق والاكتئاب خلال هذه الفترة هل مشاعر السلبية هذية؟ شنو معناتها التفسير الطبي متاحة؟ هل هناك معناتها اليوم ما فهمها,15.0,kBZDwmRWer0_0,https://www.youtube.com/watch?v=kBZDwmRWer0,0.0,15.0
unlabeled_youtube, تخلينا نحسوا بالأحاسيس الكل وإلا لا فما الناس تبقى فينا تقول كاي صحيح عندي نفس العرض هذي ونحس في نفس الحكاية هذي خلال هذه الفترة عنده علاقة بالتقص عنده علاقة بشنوة معتها بالضبط نحكي في الموضوع وتفاصيل ولا تتساءل,15.0,kBZDwmRWer0_1,https://www.youtube.com/watch?v=kBZDwmRWer0,15.0,30.0
unlabeled_youtube, فيدباك فيدباك ضيفنا في المباشر الدكتور حسين دربيل طبيب مختص في اليوميوباتي والعلماء,15.0,kBZDwmRWer0_2,https://www.youtube.com/watch?v=kBZDwmRWer0,30.0,45.0
unlabeled_youtube, مرحبا بك دكتور أهلا وسهلا بس الخيرات شكرا شكرا على قبول دعوتنا مرحبا والتدوينة نقلت على صفحتك على فيسبوك تتحدث على جملة,15.0,kBZDwmRWer0_3,https://www.youtube.com/watch?v=kBZDwmRWer0,45.0,60.0
unlabeled_youtube, من الأحاسيس السلبية خلال هذه الفترة اللي حاسوا بها الناس شنو وراء ذلك؟ شنو الأسباب؟ هل أنه معتدل التقص للتوقيت؟ شنو بالضبط معتدل يخلينا نحسوا بالأحاسيس هذية متاع الإرهاق متاع التعب ومتاع,15.0,kBZDwmRWer0_4,https://www.youtube.com/watch?v=kBZDwmRWer0,60.0,75.0
unlabeled_youtube, من فترة تجسسها في الأيادات أو مع المرضى أو حتى مع الأصدقاء أو مع الأصدقاء,15.0,kBZDwmRWer0_5,https://www.youtube.com/watch?v=kBZDwmRWer0,75.0,90.0
unlabeled_youtube, ونسمعهم برشا الكلمة دي نسمعهم برشا حتى عند ناس صغار الحقيقة وشباب وناشطين تسمع برشا متعب معين في حاجين متقلق متوتر,15.0,kBZDwmRWer0_6,https://www.youtube.com/watch?v=kBZDwmRWer0,90.0,105.0
unlabeled_youtube, وكتاب قصة معينة في حد شان ونسمعه من أشياء ذي وبشكل كبير باشر وهذا غريب غريب لأنه عندهر دي ملاذي وقت ناس ما عندهم مرض غريب,15.0,kBZDwmRWer0_7,https://www.youtube.com/watch?v=kBZDwmRWer0,105.0,120.0
unlabeled_youtube, واللي عنده مرضمة معتدل توازن ياخذ في دواه مليك الامور وما فهماش علاش بيش يحس بالحساس هذية برضي عسيزة سلبية الغريبة شوية ورحيقة برشا ناس يواجهوا يعملوا في برشا تصاور وبرشا تحليل ويبدأوا,15.0,kBZDwmRWer0_8,https://www.youtube.com/watch?v=kBZDwmRWer0,120.0,135.0
unlabeled_youtube, يسأل في الآي آي يركبوا الهلويس والحقيقة عنده حق نسيان خاطر ما تجي منتي تتعب نهار سنين وطرق قدس,15.0,kBZDwmRWer0_9,https://www.youtube.com/watch?v=kBZDwmRWer0,135.0,150.0
unlabeled_youtube, وترجع لحياة أما الإحساس هذا مع تاليد بشكل بشكل معتا متواصل هو غريب شوية هم مش محصلون,15.0,kBZDwmRWer0_10,https://www.youtube.com/watch?v=kBZDwmRWer0,150.0,165.0
unlabeled_youtube, وفيه سبب وحيد لكن من الأسباب الكبيرة اللي هي معتها حاجة الحقيقة أول مرة تصير نجم أقول لك في تاريخ البشرية وتاريخ الإنسانية ودعونا نشوف كنت معايا في الفكرة ولا أنه لأول مرة في تاريخ,15.0,kBZDwmRWer0_11,https://www.youtube.com/watch?v=kBZDwmRWer0,165.0,180.0
unlabeled_youtube, الانسان معناته الانسان بعيد على الطبيعة. شو معناته? معناته تجب تلقى ناس عنده صليخين اربع يوم اسبوع. اه من الدار للبيرو للعطار للدار معناته ما ما فمي,15.0,kBZDwmRWer0_12,https://www.youtube.com/watch?v=kBZDwmRWer0,180.0,195.0
unlabeled_youtube, لا شجرة لا زهرة لا تربة لا حد شيء معلت حكا؟,14.960000038146973,kBZDwmRWer0_13,https://www.youtube.com/watch?v=kBZDwmRWer0,195.0,210.0
unlabeled_youtube, من الطبيعي أنه الإنسان ممشيش على ثقيبه كل ملكة رهبة للديرو والديرو للدار وقهوة وغيره فعلا هاي اللي هو عمره ولا صار في تاريخ البشرية ما فماش لأنه,14.432000160217285,kBZDwmRWer0_14,https://www.youtube.com/watch?v=kBZDwmRWer0,210.0,225.0
unlabeled_youtube, الأشياء الأكثر طبيعية عند الإنسان هو أن يتحرك على سقي وأنه يقرب من الطبيعة من الأشجار من الحيوانات من الهضاب من الجبال من السهول من البحار من الليلاك,14.95199966430664,kBZDwmRWer0_15,https://www.youtube.com/watch?v=kBZDwmRWer0,225.0,240.0
unlabeled_youtube, موسيقى,15.0,kBZDwmRWer0_16,https://www.youtube.com/watch?v=kBZDwmRWer0,240.0,255.0
unlabeled_youtube, تقرب برشا من الطبيعة هذي احنا نستعرف الكفتزون الكفتزون نجمو نعملولهم معنا تحليل الدم ولكن,14.991999626159668,kBZDwmRWer0_17,https://www.youtube.com/watch?v=kBZDwmRWer0,255.0,270.0
unlabeled_youtube, والعلم ورى بشكل كبير برشا الناس اللي يقربوا برشا من الناتير من الطبيعة نسبة الكورتيزون تنقص برشا في الجسم الوطني,14.600000381469727,kBZDwmRWer0_18,https://www.youtube.com/watch?v=kBZDwmRWer0,270.0,285.0
unlabeled_youtube, عليش بصمت برشا برشا برشا ما يتقال في الشيء هذي الأسباب النفسية متجمد تكون الأسباب فيزيائية فيزيك هنصمت بالحق بعناتها على قبيناتنا وبينات المحيطين تاعنا,14.416000366210938,kBZDwmRWer0_19,https://www.youtube.com/watch?v=kBZDwmRWer0,285.0,300.0
unlabeled_youtube, انك انت تقعد اه في اه ميليا اه كله مصنوع صنعان ولا ميليا صنعته الطبيعة الفرق كبير وكبير وكبير برشا برشا برشا نجم,14.800000190734863,kBZDwmRWer0_20,https://www.youtube.com/watch?v=kBZDwmRWer0,300.0,315.0
unlabeled_youtube, اشتركوا في القناة اشتركوا في قناة التواصل الاجتماعي بقناة التواصل الاجتماعي بقناة التواصل الاجتماعي بقناة التواصل الاجتماعي بقناة التواصل الاجتماعي بقناة التواصل الاجتماعي بقناة التواصل الاجتماعي بقناة التواصل الاجتماعي بقناة التواصل الاجتماعي بقناة التواصل الاجتماعي بقناة التواصل الاجتماعي بقناة التواصل الاجتماعي بقناة التواصل الاجتماعي بقناة التواصل الاجتماعي بقناة التواصل الاجتماعي بقناة التواصل الاجتماعي بقناة التواصل الاجتماعي بقناة التواصل الاجتماعي بقناة التواصل الاجتماعي بقناة التواصل الاجتماعي بقناة التواصل الاجتماعي بقناة التواصل الاجتماعي بقناة التواصل الاجتماعي بقناة التواصل الاجتماعي بقناة التواصل الاجتماعي بقناة التواصل الاجتماعي بقناة التواصل الاجتماعي بقناة التواصل الاجتماعي بقناة التواصل الاجتماعي بقناة التواصل الاجتماعي بقناة التواصل الاج,15.0,kBZDwmRWer0_21,https://www.youtube.com/watch?v=kBZDwmRWer0,315.0,330.0
unlabeled_youtube, طبيعي انك تمشي على سقيك انك تقعد بحظة بحظة في ما في جنينة صغيرة في جردة في آآ تقلب تمشي تقعد على البحار آآ في آآ خاطر بالحقيقة غنيب برشا بالحقيقة وسؤال نسألوه غنيب برشا,15.0,kBZDwmRWer0_22,https://www.youtube.com/watch?v=kBZDwmRWer0,330.0,345.0
unlabeled_youtube, أنا بقى ممكن لطفتها شوية بعض الأيامات لو تنطقها ناس أسابيع في سمين ما عنده حتى كونتاكت مع طبيعة من بيرو لبيرو من تل ده وهي دي سام بشكل,15.0,kBZDwmRWer0_23,https://www.youtube.com/watch?v=kBZDwmRWer0,345.0,360.0
unlabeled_youtube, كبير برشا في هذه الحاسيس الغريبة السلبية اللي عمت برشا على الإنسان معنى تدري ما واحد لازم يبرمج في حياته معنى في البرنامج ومتحيطه أنه عن قليلة مرة في الأسبوع يخرج لبلاد,15.0,kBZDwmRWer0_24,https://www.youtube.com/watch?v=kBZDwmRWer0,360.0,375.0
unlabeled_youtube, لا لا مرة في اليوم مرة في اليوم يعني مرة في اليوم عن خاطر جسم الإنسان فيه ريتم نيكتينغال ما هو معته ريتم يومي كل شيء تحسب باليوم باليوم أنت تحكي دوما,15.0,kBZDwmRWer0_25,https://www.youtube.com/watch?v=kBZDwmRWer0,375.0,390.0
unlabeled_youtube, دكتور وانا نغزر في المليون يعني نعيش فيه نقول يا رب انا مش نقع طبيعة بلاء وعندنا نحكي عليها دكتور بعيدة شو هي احنا طبعا طبعا احنا في في في السبع اه ممكن اربع خمسة ستة كيلو,15.0,kBZDwmRWer0_26,https://www.youtube.com/watch?v=kBZDwmRWer0,390.0,405.0
unlabeled_youtube, على مركز البلاد ممكن فميس برشا طبيعة فميس برشا ناس مازالوا بقى وكمان فميس شوية غابة فميس شوية جاربة فميس تبعد شوية لكن أنا نحكي لك على اشنو الدراسات بكم والحقيقة انتحاطك تمشي بالغابة,15.0,kBZDwmRWer0_27,https://www.youtube.com/watch?v=kBZDwmRWer0,405.0,420.0
unlabeled_youtube, بتنشي الملدين الصناعية على الاخر وتبقى في اكبر شوارع عالمية معنى انت في نيويورك معنى انت الاكشتاك اللي عمل سانترل بارك معنى انت,15.0,kBZDwmRWer0_28,https://www.youtube.com/watch?v=kBZDwmRWer0,420.0,435.0
unlabeled_youtube, رأى التهمور بالجنون في العصر ذلك وجاء من أوروبا وقال لهم رأوا أنا في وسط نيار كلاني باش تعمل غابة كبيرة برشا قالوا له أنت مجنون أنت موش طبيعي باش مكان كما دا غالي برشا تعملوه تعملوه,15.0,kBZDwmRWer0_29,https://www.youtube.com/watch?v=kBZDwmRWer0,435.0,450.0
unlabeled_youtube, ولكن هو وناس ندعوهم أنه حتى أستعمل جوجل أرث أو جوجل مات وأقعد على نيويورك وشوف سينترل بارك وفيش منظمة مستطيل غابة كبيرة برشا,15.0,kBZDwmRWer0_30,https://www.youtube.com/watch?v=kBZDwmRWer0,450.0,465.0
unlabeled_youtube, ولي نيويوركي اللي يسمو في أكبر معتحات صحاب يعمل كل يوم وهوك تشوف وأعمل سينترل بارك وشوف شوف أنت في قلب الحضارة تمشي لأوروبا كيف موجودين في الاسباس بيرك,15.0,kBZDwmRWer0_31,https://www.youtube.com/watch?v=kBZDwmRWer0,465.0,480.0
unlabeled_youtube, بصفة يومية هو المشكلة شوية معناتها المشكلة المشكلة بصفة يومية بصفة يومية بصفة يومية,15.0,kBZDwmRWer0_32,https://www.youtube.com/watch?v=kBZDwmRWer0,480.0,495.0
unlabeled_youtube, حتى قال له فتى أنك تمشي على سخيك,15.0,kBZDwmRWer0_33,https://www.youtube.com/watch?v=kBZDwmRWer0,495.0,510.0
unlabeled_youtube, في الشوارع يتسمى كونتاك ديريكت مع الطبيعة هكذا أم لا؟ رغم كل ما أستطيع أتخيل أن يقولون أنه الأوساف والتراب,15.0,kBZDwmRWer0_34,https://www.youtube.com/watch?v=kBZDwmRWer0,510.0,525.0
unlabeled_youtube, ترجمة نانسي قنقر,15.0,kBZDwmRWer0_35,https://www.youtube.com/watch?v=kBZDwmRWer0,525.0,540.0
unlabeled_youtube, تقص دم في الدم تنقص ضغط الدم الدورة دمية بتاعك تتمشط مخيك يوصل له أكثر أكسجين تولي تتصرف أفضل تولي بتوازن أكثر,14.984000205993652,kBZDwmRWer0_36,https://www.youtube.com/watch?v=kBZDwmRWer0,540.0,555.0
unlabeled_youtube, نحن لا نحن متوازنين صحيح هذا هو دون كده نعاود نقول اللي اردت مش يكون على المستوى القريب المتوسط والبعيد دون تستنجع انا اكوغ اموالا,15.0,kBZDwmRWer0_37,https://www.youtube.com/watch?v=kBZDwmRWer0,555.0,570.0
unlabeled_youtube, تقول لي والله أنا نسكن في 4 متاج ومعندي كام بلقان صغير يسيلش أعمل نبتة صغيرة هكذا في البلقان ثلاثة أربع نبتات هكذا هم ينصبون,15.0,kBZDwmRWer0_38,https://www.youtube.com/watch?v=kBZDwmRWer0,570.0,585.0
unlabeled_youtube, بعضهم. وانت تتبنس تتبنس بهم وما يتبنسوا بيك. وتسقيهم وتتلعب بيهم بره. ايه ايه ما فيها بس. ما فيها بس ايه بيه اشياء. اه صغيرة برشة انا ان اكد لك اني اكتب,14.831999778747559,kBZDwmRWer0_39,https://www.youtube.com/watch?v=kBZDwmRWer0,585.0,600.0
unlabeled_youtube, مكتوبة فيها انه الربح فيها اكثر من ما تتوقع بكثير. مم. معنى مش بشرطين مرسو رياضة. لو فاتنك تمشي معنات على سخيك وكهوة يعني هكا ولا امارة شكرا. لا لا اهي اذي كانت تسمى اذي كانت سئلة فيزيولوجية اذي كان لا لا,14.887999534606934,kBZDwmRWer0_40,https://www.youtube.com/watch?v=kBZDwmRWer0,600.0,615.0
unlabeled_youtube, أعطى الحاجة الطبيعية أنا أشكت لك في تاريخ البشرية ولا عمره صارت ناس ما تتحرك في ناس ما غير مولود إلا في العصر متاعنا هذا في ظرف المكاني والزماني متاعنا بالحق غريب,14.97599983215332,kBZDwmRWer0_41,https://www.youtube.com/watch?v=kBZDwmRWer0,615.0,630.0
unlabeled_youtube, أنك تصمع ناس بحق عنده أسابيع ما ممشيش على سقي وليها حاجة حاجة ما هيش طبيعية دونك سأكسليك تعطينا تفسير حقيقي الغريب الغريب رغم ديجان ما تصار على كلام ده ما تترجم أنت تشد,15.0,kBZDwmRWer0_42,https://www.youtube.com/watch?v=kBZDwmRWer0,630.0,645.0
unlabeled_youtube, شو يددوا قالقوا خاطر تزو كرهبة ترجعوا كرهبة هكا واللي هذي أغلب حالة الزغار بتاع اليوم,15.0,kBZDwmRWer0_43,https://www.youtube.com/watch?v=kBZDwmRWer0,645.0,660.0
unlabeled_youtube, ونقضوا زم زم مع حاجة عادية لا لا حاجة مايش عادية مايش عادية حتى تعرف هتشوف 15 او 14 او عنده حب شباب عضلاته ضعيفة مجيش النور,15.0,kBZDwmRWer0_44,https://www.youtube.com/watch?v=kBZDwmRWer0,660.0,675.0
unlabeled_youtube, حاجات غريبة مش مكتوبة في كتب الطب بالنسبة خاصة للصغار اللي عمرهم خمسة عشر سنة مش مكتوب الشهرة ما عملناش فنو ناش في العمر هذيك في العمر هذيك معنى تعمر الأقبال على الحياة,15.0,kBZDwmRWer0_45,https://www.youtube.com/watch?v=kBZDwmRWer0,675.0,690.0
unlabeled_youtube, النشاط مع تصغيرها وفي العمر هذيك ما فهماش حاجة اسمها التعب لا توجد ما فهماش احساس بالتعب لانه السلامة فيش التهاب خاطر الاحساس بالتعب ويجي مش نقول انا راعي عن الارهاق وتعب وصموم,15.0,kBZDwmRWer0_46,https://www.youtube.com/watch?v=kBZDwmRWer0,690.0,705.0
unlabeled_youtube, وتوتر هذا يدل على التهاب داخل أنصالية الخلية لا سليل فونكسيونال الخلية هذية والتي فيها أنسيستين أكسيدة فيها التهاب والخلية لا تعيش,15.0,kBZDwmRWer0_47,https://www.youtube.com/watch?v=kBZDwmRWer0,705.0,720.0
unlabeled_youtube, تخدم 100% من الواجبات متاحة تنقص بانكة ذيك خليها مش تسيب مواد مرابين قوصين سميهم مواد سامة اللي هما مواد التهابية المواد التهابية اللي تدور باكتو وتمشي حتى البخو وتعطينا الأحساس,15.0,kBZDwmRWer0_48,https://www.youtube.com/watch?v=kBZDwmRWer0,720.0,735.0
unlabeled_youtube, بالقلق والتوتر والحاجات السلبية واضح شكرا دكتور حسن دربال,7.952000141143799,kBZDwmRWer0_49,https://www.youtube.com/watch?v=kBZDwmRWer0,735.0,743.04
unlabeled_youtube, ان شاء الله ديما صحتكم تكون لباس وبخير في صحتك لباس كل مرة موضوع جديد اليوم موضوع في التغذية ونوتريسيون بما اننا بيش نحكيه على ان اليمن موجود متوفر في اسواقنا ريتو,14.97599983215332,He2QrPJpeac_0,https://www.youtube.com/watch?v=He2QrPJpeac,0.0,15.0
unlabeled_youtube, اميرة العسكريك العادة اخصائية التغذية في صحتك لباس مرحبا اميرة مرحبا,15.0,He2QrPJpeac_1,https://www.youtube.com/watch?v=He2QrPJpeac,15.0,30.0
unlabeled_youtube, مرحباً بكم مرحباً بكم مرحباً بكم مرحباً بكم مرحباً بكم مرحباً بكم مرحباً بكم مرحباً بكم مرحباً بكم مرحباً بكم مرحباً بكم مرحباً بكم مرحباً بكم مرحباً بكم مرحباً بكم مرحباً بكم مرحباً بكم مرحباً بكم مرحباً بكم مرحباً بكم مرحباً بكم مرحباً بكم مرحباً بكم مرحباً بكم مرحباً بكم مرحباً بكم مرحباً بكم مرحباً بكم مرحباً بكم مرحباً بكم مرحباً بكم مرحباً بكم مرحباً بكم مرحباً بكم مرحباً بكم مرحباً بكم مرحباً بكم مرحباً بكم مرحباً بكم مرحباً بكم مرحباً بكم مرحباً بكم مرحباً بكم مرحباً بكم مرحباً بكم مرحباً بكم مرحباً بكم مرحباً بكم مرحباً بكم مرحباً بكم مرحباً بكم مرحباً بكم مرحباً بكم مرحباً بكم مرحباً بكم مرحب,15.0,He2QrPJpeac_2,https://www.youtube.com/watch?v=He2QrPJpeac,30.0,45.0
unlabeled_youtube, تقول هذه فيه برشا ماء. ايه. بغلي في الماء فيه اكيد برشا فويل بتحكيهم لانتي تقوم. ايه هو تسعين بالمية منه ماء. اه تسعين بالمية منه ماء. في بني برشا ما وش تسعين بالمية. اي تسعين بالمية منه ماء والباقي الياف وفيتامينات. انت حتى العبيد اللي مهم,14.968000411987305,He2QrPJpeac_3,https://www.youtube.com/watch?v=He2QrPJpeac,45.0,60.0
unlabeled_youtube, شرابين في الماء. اهي. اهي. يعني كتقول تسعين بالمية ماء. اول سؤال. اهوش برشة كالوريات. بالحق. اهي.,14.920000076293945,He2QrPJpeac_4,https://www.youtube.com/watch?v=He2QrPJpeac,60.0,75.0
unlabeled_youtube, كما الخيار. مم. هذوما حاجات هما كلهم مي. والباقي اليف معنى انت هو نون سلما حاجة مش كالوريك. اما اللي اكثر من هكا معنى انت قديش فيه اليف اللي هي تنجم تعاون البدن. مم. تخرج لتوكسين,14.968000411987305,He2QrPJpeac_5,https://www.youtube.com/watch?v=He2QrPJpeac,75.0,90.0
unlabeled_youtube, يخرج للدشاة لذلك لا نتحدث حتى عن الكالوري لنحكي أكثر عن المنفع ودائر في الرجيم كل نوعية الرجيم رجيم إيبوكالوريك إيبربروتيني ديكان اللي هو,15.0,He2QrPJpeac_6,https://www.youtube.com/watch?v=He2QrPJpeac,90.0,105.0
unlabeled_youtube, نحن نحب أن نأكل البسبيس والفاقوس قد ما نحبه فلن نقول هذا لأننا نحب السكر البسبيس والخيار وإلا الفاقوس نحن نحب أن نقول للبسبيس وإلا الفاقوس قد ما نحبه فلن نقول هذا لأننا نحب السكر البسبيس والخيار وإلا الفاقوس نحن نحب السكر البسبيس والخيار وإلا الفاقوس نحن نحب السكر البسبيس والخيار وإلا الفاقوس نحن نحب السكر البسبيس والخيار وإلا الفاقوس نحن نحن نحب السكر البسبيس والخيار وإلا الفاقوس نحن نحن نحن نحن نحن نحن نحن نحن نحن نحن نحن نحن نحن نحن نحن نحن نحن نحن نحن نحن نحن نحن نحن نحن نحن نحن نحن نحن نحن نحن نحن نحن نحن نحن نحن نحن نحن نحن نحن نحن نحن نحن نحن نحن نحن نحن نحن نحن نحن نحن نحن نحن نحن نحن نحن نحن نحن نحن نحن نحن نحن نحن نحن نحن نحن نحن نحن نحن نحن نحن نحن نحن نحن نحن نحن نحن نحن نحن نحن,15.0,He2QrPJpeac_7,https://www.youtube.com/watch?v=He2QrPJpeac,105.0,120.0
unlabeled_youtube, يأكل قد ما تحب يعني حتى كان جاته جوعه في الليل يعمل صحن بصباح وقت ما يخترنش على حتى ما طلتها متاع الصباح يأكل قد ما يحب وقد ما بش يأكل بالعكس معانتا ياخو فيه منفع معانتا نانسيلمان نحكيه على حاجة كبفة اللي هي باش تخليه ما يكلش حاجته,14.935999870300293,He2QrPJpeac_8,https://www.youtube.com/watch?v=He2QrPJpeac,120.0,135.0
unlabeled_youtube, الاخرين اما راهي تعاون مام في الدجاسيون وتخالج مام التوكسين من البداية بي الالبس بيس هاك البذرة اللي هي معندها تتزرع بين اوتو سبتمبر ثلاثة شهور ونبدأ ونشيخو به تاوى وقتو,14.97599983215332,He2QrPJpeac_9,https://www.youtube.com/watch?v=He2QrPJpeac,135.0,150.0
unlabeled_youtube, وقت البسبيس هذي السيزون بتاعه البسبيس الحقيقة المنفعة بتاعه كبيرة وكبيرة برشا اللي بش نحكيوا عليها ولكن ديما نحب نحكي على الحاجات اللي ما نستعملوها مش العروش متاع البسبيس العروش متاع البسبيس نستعملوها في,14.911999702453613,He2QrPJpeac_10,https://www.youtube.com/watch?v=He2QrPJpeac,150.0,165.0
unlabeled_youtube, فرفوشة. اي. اه. وديجا تحية المدام عزيزة. اه وقت اللي سمعتك تحكي يا بغامونتش قلت لي باش تحكي على على البسبس والعروش قلت لي ما تنساش باش تقول,14.95199966430664,He2QrPJpeac_11,https://www.youtube.com/watch?v=He2QrPJpeac,165.0,180.0
unlabeled_youtube, يقول المحكك ولا الفرفوشة هما يقولوا الي هو الكسكسي الي تيب بالعروش متاع البس بيس ونحبوه يسر اما الحقيقة انا نقول العروش متاع البس بيس ما نجموش نستعملوهم كان وقت الي نطيبوا الفرفوشة,15.0,He2QrPJpeac_12,https://www.youtube.com/watch?v=He2QrPJpeac,180.0,195.0
unlabeled_youtube, لأن المنفع الذي يوجد فيه أكبر منها كيكا برشا حتى الفلاحة يعرف قيمتها برشا وهذا هو الوقت الذي نحاول أن نحاول أن نحاول أن نحاول أن نحاول أن نحاول أن نحاول أن نحاول أن نحاول أن نحاول أن نحاول أن نحاول أن نحاول أن نحاول أن نحاول أن نحاول أن نحاول أن نحاول أن نحاول أن نحاول أن نحاول أن نحاول أن نحاول أن نحاول أن نحاول أن نحاول أن نحاول أن نحاول أن نحاول أن نحاول أن نحاول أن نحاول أن نحاول أن نحاول أن نحاول أن نحاول أن نحاول أن نحاول أن نحاول أن نحاول أن نحاول أن نحاول أن نحاول أن نحاول أن نحاول أن نحاول أن نحاول أن نحاول أن نحاول أن نحاول أن نحاول أن نحاول أن نحاول أن نحاول أن نحاول أن نحاول أن نحاول أن نحاول أن نحاول أن نحاول أن نحاول أن نحاول أن نحاول أن نحاول أن نحاول أن نحاول أن نحاول أن نحاول أن نحاول أن نحاول أن نحاول أن نحاول أن نحاول أن نحاول أن نحاول أن نحاول أن نحاول أن نحاول أن نحاول أن ن,15.0,He2QrPJpeac_13,https://www.youtube.com/watch?v=He2QrPJpeac,195.0,210.0
unlabeled_youtube, الفضلات اللي هي هذيك العروشة اللي تقعد يخليوها كمقويات فيها برشا بوتاس كمقوي لتربيده كسامي دي استعملوها واللي أكثر من هكذا زيدة ساعة حتى يبدأ عنده,15.0,He2QrPJpeac_14,https://www.youtube.com/watch?v=He2QrPJpeac,210.0,225.0
unlabeled_youtube, وميشة يعطيها اللي الميشة متاحة دك على خاطر يعرفوا اللي هي فيها برشا منفع شوفوا في قبعات لي طاوة قال لي قال لي في سلايت أو سي قال لي في الكفتة,15.0,He2QrPJpeac_15,https://www.youtube.com/watch?v=He2QrPJpeac,225.0,240.0
unlabeled_youtube, شيف وفيق تحياليك سلم عليك شيف وفيق اي بيه في الكفتة تجي فكرة بيه والله ما عرفيش حتى ما عرفيش اما تساورها تبند هو شيف وفيق دي ما يعطيني الحقيقة البلوز في الافكار متاعي لزاستيوس معتها اللي تبشي للخذار تقولوا برب يقص,15.0,He2QrPJpeac_16,https://www.youtube.com/watch?v=He2QrPJpeac,240.0,255.0
unlabeled_youtube, لا تفعل ذلك لا تفعل ذلك لا تفعل ذلك لا تفعل ذلك لا تفعل ذلك لا تفعل ذلك لا تفعل ذلك لا تفعل ذلك لا تفعل ذلك لا تفعل ذلك لا تفعل ذلك لا تفعل ذلك لا تفعل ذلك لا تفعل ذلك لا تفعل ذلك لا تفعل ذلك لا تفعل ذلك لا تفعل ذلك لا تفعل ذلك لا تفعل ذلك لا تفعل ذلك لا تفعل ذلك لا تفعل ذلك لا تفعل ذلك لا تفعل ذلك لا تفعل ذلك لا تفعل ذلك لا تفعل ذلك لا تفعل ذلك لا تفعل ذلك لا تفعل ذلك لا تفعل ذلك لا تفعل ذلك لا تفعل ذلك لا تفعل ذلك لا تفعل ذلك لا تفعل ذلك لا تفعل ذلك لا تفعل ذلك لا تفعل ذلك لا تفعل ذلك لا تفعل ذلك لا تفعل ذلك لا تفعل ذلك لا تفعل ذلك لا تفعل ذلك لا تفعل ذلك لا تفعل ذلك لا تفعل ذلك لا تفعل ذلك لا تفعل ذلك لا تفعل ذلك لا تفعل ذلك لا تفعل ذلك لا تفعل ذلك لا تفعل ذلك لا تفعل ذلك لا تفعل ذلك لا تفعل ذلك لا تفعل ذلك لا تفعل ذلك لا تفعل ذلك لا تفعل ذلك لا تفعل ذلك لا تفعل ذلك لا تفعل ذلك لا تفعل ذلك لا تفعل ذلك لا تفعل ذلك لا تفعل ذلك لا تفعل ذلك لا تفعل ذلك لا تفعل ذلك لا تفعل ذلك,15.0,He2QrPJpeac_17,https://www.youtube.com/watch?v=He2QrPJpeac,255.0,270.0
unlabeled_youtube, يسر يسر يسر بنينا,15.0,He2QrPJpeac_18,https://www.youtube.com/watch?v=He2QrPJpeac,270.0,285.0
unlabeled_youtube, يجب أن يكون لديه خصوصاً من البيسبس. يجب أن يكون لديه خصوصاً من البيسبس. يجب أن يكون لديه خصوصاً من البيسبس. يجب أن يكون لديه خصوصاً من البيسبس. يجب أن يكون لديه خصوصاً من البيسبس. يجب أن يكون لديه خصوصاً من البيسبس. يجب أن يكون لديه خصوصاً من البيسبس. يجب أن يكون لديه خصوصاً من البيسبس. يجب أن يكون لديه خصوصاً من البيسبس. يجب أن يكون لديه خصوصاً من البيسبس. يجب أن يكون لديه خصوصاً من البيسبس. يجب أن يكون لديه خصوصاً من البيسبس. يجب أن يكون لديه خصوصاً من البيسبس. يجب أن يكون لديه خصوصاً من البيسبس. يجب أن يكون لديه خصوصاً من البيسبس. يجب أن يكون لديه خصوصاً من البيسبس. يجب أن يكون لديه خصوصاً من البيسبس. يجب أن يكون لديه خصوصاً من البيسبس. يجب أن يكون لديه خصوصاً من البيسبس. يجب أن يكون لديه خصوصاً من البيسبس. يجب أن,14.95199966430664,He2QrPJpeac_19,https://www.youtube.com/watch?v=He2QrPJpeac,285.0,300.0
unlabeled_youtube, نحن لدينا المتر حمد الله جيد والشيء الذي يجب أن نفهمه هو أنه يحتوي على الكثير من الفيتامين C والذي يقوم بعمل الكثير من الفكسات للحديد للفخ نحن نقول أن الفيتامين C ليس كالقوارث لكنه يحتوي على الكثير من الفيتامين C,14.991999626159668,He2QrPJpeac_20,https://www.youtube.com/watch?v=He2QrPJpeac,300.0,315.0
unlabeled_youtube, فالعباد الذين لديهم الموغلوبين في الدم ناقص يطلعون الموغلوبين. بالعباد الذين لديهم مشكلة تطلعون الموغلوبين وإلا لديهم إكسية في الدم وعندهم مشكلة تخفر الدم لا ننصح به.,15.0,He2QrPJpeac_21,https://www.youtube.com/watch?v=He2QrPJpeac,315.0,330.0
unlabeled_youtube, اما العبيد اللي عندهم فقر الدم العبيد اللي عندهم مشكلة متاع امتصاص الاحديد في بدنهم يكسروا من البسبيس معانا انت ما تخزلوش هاك الكعبة البسبيس السامبل عادية تقول ما في حتى شي مايش عدس باش تطلعلي الاحديد مايش معدل,15.0,He2QrPJpeac_22,https://www.youtube.com/watch?v=He2QrPJpeac,330.0,345.0
unlabeled_youtube, فيها برشا حديث وفيها الفيتامين C اللي يعمل برشا فيكساسيون حاجة أخرى البسبيس والخسوة اللي تيوت ديجا قلت أقبل من أكثر الخضرة اللي تعاون على درار الحليب عاماً,15.0,He2QrPJpeac_23,https://www.youtube.com/watch?v=He2QrPJpeac,345.0,360.0
unlabeled_youtube, عند المرأة المرضعة المرأة اللي ترضع وحليبها ناقص يزامها تكثر من البسبس يزامها تاكل بليش بسبس المرأة اللي ترضع تستعمل جينيغالما البسبس لجرين الحبوب وتعمل بها تيزان تقولك علي,15.0,He2QrPJpeac_24,https://www.youtube.com/watch?v=He2QrPJpeac,360.0,375.0
unlabeled_youtube, نحن نتحدث عن هذا الموضوع ولكن هذا الموضوع من أكثر الخضراء والخصوص التي تشبهها لأنها لا تأتي للمنزل بل تشبه خصوصا لتزييد الاحليق المعدوس يشيح الاحليق المعدوس يشيح الاحليق المعدوس يشيح الاحليق المعدوس يشيح الاحليق المعدوس يشيح الاحليق المعدوس يشيح الاحليق المعدوس يشيح الاحليق المعدوس يشيح الاحليق المعدوس يشيح الاحليق المعدوس يشيح الاحليق المعدوس يشيح الاحليق المعدوس يشيح الاحليق المعدوس يشيح الاحليق المعدوس يشيح الاحليق المعدوس يشيح الاحليق المعدوس يشيح الاحليق المعدوس يشيح الاحليق المعدوس يشيح الاحليق المعدوس يشيح الاحليق المعدوس يشيح الاحليق المعدوس يشيح الاحليق المعدوس يشيح الاحليق المعدوس يشيح الاحليق المعدوس يشيح الاحليق المعدوس يشيح الاحليق المعدوس يشيح الاحليق المعدوس يشيح الاحليق المعدوس يشيح الاحليق المعدوس يشيح الاحليق المعدوس يشيح الاحليق المعدوس يشيح الاحليق المعدوس يشيح الاحليق المعدوس يشيح الاحليق المعدوس يشيح الاحلي,14.968000411987305,He2QrPJpeac_25,https://www.youtube.com/watch?v=He2QrPJpeac,375.0,390.0
unlabeled_youtube, يشايح الحليب مع الموز هو كخضرة يشايح الحليب بس بيس خاص لتوزيد الحليب طيب العبيد اللي تلقاها ما يشترى ذا وعندها مشكلة بتاع بخولة كتير عندها مشكلة في الليزومان طيب ما تخوب المعنتها موجودة في بدانها,15.0,He2QrPJpeac_26,https://www.youtube.com/watch?v=He2QrPJpeac,390.0,405.0
unlabeled_youtube, البرولاكتين دي ما يطلع عندها البرولاكتيني أرموني نجم يطلع عند طفلة صبية إلا عند المرأة المعارسة ميم عند رجال صغار أما موجود ثم اللي بده عنده مشكل إيبوفيزير معانتها معانتها باتولوجي كاملة في البداية,15.0,He2QrPJpeac_27,https://www.youtube.com/watch?v=He2QrPJpeac,405.0,420.0
unlabeled_youtube, يجب أن يبعدوا عن البثباس إذا كان لديك مشكلة بخلاكتين دي ما يطلع وتأخذ في التخيط ما هوش منصوح أنك تكثر من البثباس وإليك يلزم أنك حتى تبعد عليه العروش متاع البثباس,15.0,He2QrPJpeac_28,https://www.youtube.com/watch?v=He2QrPJpeac,420.0,435.0
unlabeled_youtube, المنفعة بتاعها أكثر من البس بيس بيدو استنيني تقف هذه الجملة بتقف فيها معناك الناس اللي تشري تقولوا قصر ميلي العروش وتروح بالراس البس بيس إذا كانت تحب يزل العروش ويقلبو إذا كانت تحب يزمك تختار يزمك تقلب فيها,15.0,He2QrPJpeac_29,https://www.youtube.com/watch?v=He2QrPJpeac,435.0,450.0
unlabeled_youtube, كانت تروح بالحقرة كانت تروح بالعروش معنتك أنا ديما أقول خضرة باللي تحط فيها فلوس رأيك ماكش قاعد تستغل مئة بالمئة وفيها في حقها معنتك ما عشت أيشو خضرة في البوبال معنتك,15.0,He2QrPJpeac_30,https://www.youtube.com/watch?v=He2QrPJpeac,450.0,465.0
unlabeled_youtube, حتى الخشور ساعات الخضر يستعملوها معناتها الكوزينيين وفيها فائدة و أكثر من هكا ياخذوا معناتها البس بيس كي نفوها ساعاتي نحيوها كالقشة البرانية الكل ميخلو فيها حتى شي معناتها أغسل بالجدي بالجدي أوكي حط شوية خل أوكي,14.968000411987305,He2QrPJpeac_31,https://www.youtube.com/watch?v=He2QrPJpeac,465.0,480.0
unlabeled_youtube, أما مش أنك تخلي نصها وثم يياكلوا يلوح القلب الداخليني وثم الحقيقة مع أنت قدروها قدروها قدروها حطوها انظلوا افهموا روحكم كما تتعاملوا مع حاجة قيمة على الأخر وخذوا حاكمنا وتسغلوها,14.968000411987305,He2QrPJpeac_32,https://www.youtube.com/watch?v=He2QrPJpeac,480.0,495.0
unlabeled_youtube, العروش متاع البسبيس العروش متاع البسبيس أول حاجة هي تعاون على خفض ضغط الدم لذلك العباد اللي عندهم مشكلة متاع التنسيون دي ما طالع عليهم أنهم ياخذوا العروش متاع البسبيس على خاطر فيه,15.0,He2QrPJpeac_33,https://www.youtube.com/watch?v=He2QrPJpeac,495.0,510.0
unlabeled_youtube, كما أن الخضرة الورقية الخضراء كلها ملح قليلاً يبدأ فيها ملوحة على خطر أن هناك الكثير من البوتاسيوم لا تخافوا منه لا يوجد سوديوم إذا كنت تقوم بعمل صلاطة لا تضع فيها الملح,15.0,He2QrPJpeac_34,https://www.youtube.com/watch?v=He2QrPJpeac,510.0,525.0
unlabeled_youtube, إذا كنت تضع الكثير من عروش في السويس و تعصير عصير قارس فإنك هنا تحتاج إلى الملوحة التي تحتاج إليها وأكثر من ذلك يخاف الكثير ويقول لك أنك نحي الملح وليس به الضرورة أو الضرورة أو الضرورة التي تحتاج إليها,14.95199966430664,He2QrPJpeac_35,https://www.youtube.com/watch?v=He2QrPJpeac,525.0,540.0
unlabeled_youtube, يستحق الملح اما يحب ذا يكون الملح الطبيعي كيف كيف ملحاجات اللي مهمة في البس بس العبيد اللي عندهم مشاكل الهضم الكل معناتها الكونستيباسيون الموفيس ديجيستيون اللي يقولك معتي دي ماما فخمة,14.984000205993652,He2QrPJpeac_36,https://www.youtube.com/watch?v=He2QrPJpeac,540.0,555.0
unlabeled_youtube, نأكل أي حاجة تقعد برشا سوية في معتي عليك بعروش البسبيس ذي ذو اللي ذكرنا في كعب البسبيس ذي اللي نعملوه هنا في جيون ساعات صحيح أما العروش راهم أقوى من أكيد لخضر ديما صحيح,15.0,He2QrPJpeac_37,https://www.youtube.com/watch?v=He2QrPJpeac,555.0,570.0
unlabeled_youtube, نحن نرمي منهم شوية في سلايتة ولا في حاجة,15.0,He2QrPJpeac_38,https://www.youtube.com/watch?v=He2QrPJpeac,570.0,585.0
unlabeled_youtube, حطوه في الخبز حطوه في باشا حاجات مع انت طيب انا شايف وافيق فهمت بس انو نجمو بالحق مع انت نستعملوه بالجدي بالجدي الحاجات الاخرى اللي زادة يزمنا ما ننسوهاش في البس بيس اللي هو من اهم الخضار,15.0,He2QrPJpeac_39,https://www.youtube.com/watch?v=He2QrPJpeac,585.0,600.0
unlabeled_youtube, اللي الضعف هوني تاو حتى اللي ما كانش يأكل بشي والي يأكل اي اي معانتها من اهم الخضار اللي الضعف شو معانتها معانتها البسباس الحاجة الخاصية اللي بها اللي فيه انه يقوي الميتابوليزما بتاعك ديكو الدجيسيون باش تكون اسرع تسعين بالمئة مين,15.0,He2QrPJpeac_40,https://www.youtube.com/watch?v=He2QrPJpeac,600.0,615.0
unlabeled_youtube, تقلد وفيهش دي كالوري ديجا حتى اللي سيل متاعك بيش يتبدلوا عناتها كل شيء التكستور كل شيء كل شيء فيهم بيش يتبدل وإذا أنت سيبوزون أنت عملت اليوم طبعا بيزة كبيرة على الأخ يوم دخلتها بعضها وقليت وسهرت عملت كل شيء,14.944000244140625,He2QrPJpeac_41,https://www.youtube.com/watch?v=He2QrPJpeac,615.0,630.0
unlabeled_youtube, غدوة بالحق غدوة أقرح سيبك في برشة بسبيس وعدي نهار كامل كل في بسبيس نظف كل شي مع أنت غير عادي مع أنت بالحق راهو بيش يعمل تنظيفة كبيرة على اللحوم ده ولا,14.680000305175781,He2QrPJpeac_42,https://www.youtube.com/watch?v=He2QrPJpeac,630.0,645.0
unlabeled_youtube, عناتها راهو كسو سوات بالبيز في ميكلة ولا في شرم عناتها راهو ديغو فيك على الأخر ينظف البداية العبيد اللي عندهم الكبدال مشحمة واللي يقول كينا راني الله غالب وحتى نظم روحنا,15.0,He2QrPJpeac_43,https://www.youtube.com/watch?v=He2QrPJpeac,645.0,660.0
unlabeled_youtube, أول ما نرجع نبال بس تعاود عليك بالبس بيس عيش بالبس بيس معناتها خليها معاك انت تنجم تحطوا فيك رهبتك معناتها ووقت ما يخطر لك يحكى بالخطاوة بفي حتى شيء البس بيس يصبرها وكي تحط عليه برشة قرص,14.760000228881836,He2QrPJpeac_44,https://www.youtube.com/watch?v=He2QrPJpeac,660.0,675.0
unlabeled_youtube, وتغطيه في حق ثم يصير له حتى الشيء اما اعصر عليه باشا قلس خاطرو ينجم يكحل البس بس ناي ناي ثم عبيد يعمل لهم شوية غاز ناي ناي ثم عبيد يعمل شوية غاز اما رو نجمو نفورو نجمو نعملو مرة,14.704000473022461,He2QrPJpeac_45,https://www.youtube.com/watch?v=He2QrPJpeac,675.0,690.0
unlabeled_youtube, فمش كوني اعملو يحطو في الكوسكسي يتفاور مع خضرة الكوسكسي بنين مرقة البس بيس ما انا عاش كان جربتها ليسر بنينها جربتها سينو تفاورو الا تصمتو وتحطو حتى في صلاتة معانتها فمال يقولك ران حس يعملي شوية جاز,14.97599983215332,He2QrPJpeac_46,https://www.youtube.com/watch?v=He2QrPJpeac,690.0,705.0
unlabeled_youtube, أحنا نحب نزيد ونحكي وعلينا بحال البس بيس أما ما نختم معكم خدوة بش نجيب حوكة البس بيس معينة كيفما حاجة بالحق نحب أن تتحفظ اليوم عند العبيد عروش البس بيس,15.0,He2QrPJpeac_47,https://www.youtube.com/watch?v=He2QrPJpeac,705.0,720.0
unlabeled_youtube, بيس بيس قصوها في صلاتة اللي هي اسهل طريقة واكثر طريقة كلاسيك. طريقة افكاس. افكاس. ده كان ثم حاجة احفظوها اليوم عروش البس بيس. في صلاتة. يتقصوا في صلاتة كيما ما قصوا المعدنوس. وخليوها يدخل في,14.935999870300293,He2QrPJpeac_48,https://www.youtube.com/watch?v=He2QrPJpeac,720.0,735.0
unlabeled_youtube, العادات الغذائية متاعنا وتحية لشيف وفيق عيشك وتحية لكنت زيدا لشيف وفيق مدام عزيزة اللي حقتلي على الفرفوشة تحية لها برشا ناس يتفعلوا معنا لحقيقة كي نحكيوا على المواضيع هذوم على خطر حاجات سامب الموجودين أكسيسيبل عند الديار الكل,15.0,He2QrPJpeac_49,https://www.youtube.com/watch?v=He2QrPJpeac,735.0,750.0
unlabeled_youtube, و ساعات من في قوش تلقاها البوبال تحلم عبية بالقشور بالخضرة تفكر حكينا على الجنارية تفكرت حاجة تفكرت حاجة وتخصوح حكينا على سفرجل مادام رافا وقتها هي اعطتنا الفكرة الاغراء هي بعفت يعني مش نقول لك في الجريك مستدعيتنا,15.0,He2QrPJpeac_50,https://www.youtube.com/watch?v=He2QrPJpeac,750.0,765.0
unlabeled_youtube, نحن نستدعى كوني بحظينا في البلاتو زيدا جي بالحق ولا سوف يبليزي,15.0,He2QrPJpeac_51,https://www.youtube.com/watch?v=He2QrPJpeac,765.0,780.0
unlabeled_youtube, مع المستمعين ومستمعات أميرة نحب نشكرك برشا يعطيك الصحة إن شاء الله نتلقاو كيما كل مرة في الجمعة على موضوع جديد وإحنا فيه لتوغ على ليهبط الكل توا من خضرس فرج الرمين الدقلة البسبيس ومزيل مزيل جاي برشا مواضيع,15.0,He2QrPJpeac_52,https://www.youtube.com/watch?v=He2QrPJpeac,780.0,795.0
unlabeled_youtube, اخرين ان شاء الله في صحتك لباس. امينة اقول لك شيها طيبة. ان شاء الله نهاركم مسيح. وان شاء الله لكلنا اليوم فطورنا سلايتا بالبس بيس. بالعروش. بالعروش. والبس بيس.,8.631099700927734,He2QrPJpeac_53,https://www.youtube.com/watch?v=He2QrPJpeac,795.0,803.6311
unlabeled_youtube, أمينة بندوة أمينة بندوة أمينة بندوة أمينة بندوة أمينة بندوة أمينة بندوة أمينة بندوة أمينة بندوة أمينة بندوة أمينة بندوة أمينة بندوة أمينة بندوة أمينة بندوة أمينة بندوة أمينة بندوة أمينة بندوة أمينة بندوة أمينة بندوة أمينة بندوة أمينة بندوة أمينة بندوة أمينة بندوة أمينة بندوة أمينة بندوة أمينة بندوة أمينة بندوة أمينة بندوة أمينة بندوة أمينة بندوة أمينة بندوة أمينة بندوة أمينة بندوة أمينة بندوة أمينة بندوة أمينة بندوة أمينة بندوة أمينة بندوة أمينة بندوة أمينة بندوة أمينة بندوة أمينة بندوة أمينة بندوة أمينة بندوة أمينة بندوة أمينة بندوة أمينة بندوة أمينة بندوة أمينة بندوة أمينة بندوة أمينة بندوة أمينة بندوة أمينة بندوة أمينة بندوة أمينة بندوة أمينة بندوة أمينة,14.991999626159668,bjRIzAO-3Ac_0,https://www.youtube.com/watch?v=bjRIzAO-3Ac,0.0,15.0
unlabeled_youtube, مرحبا بكم,15.0,bjRIzAO-3Ac_1,https://www.youtube.com/watch?v=bjRIzAO-3Ac,15.0,30.0
unlabeled_youtube, هو كل جمعة يكون عنا ضيف نعيش معاه تجربته العلمية المهنية ونكتشفه الإطار العلمي والمهني اللي المحيط متاعه ككل واليوم ضيفنا خريطة,15.0,bjRIzAO-3Ac_2,https://www.youtube.com/watch?v=bjRIzAO-3Ac,30.0,45.0
unlabeled_youtube, كلية الطب بتونس طبيب رئيس سابقا في قسم العلاج الألم بمستشفى الرابطة ورئيس الجمعية التوصية لدراسة علاج الألم رحب بحذية بدكتور مرشد عبد المولى دكتور مرشد,15.0,bjRIzAO-3Ac_3,https://www.youtube.com/watch?v=bjRIzAO-3Ac,45.0,60.0
unlabeled_youtube, مرحبا بك عسلما مرحبا بك ونشكركم على الاستدافة مرحبا عيشك نورنا يا سيدي شكرا لك أيضا على قبولها خلي نفهمه أكثر على الديسبلين هذي ولا هالعالم هذي الكلو متاعين,15.0,bjRIzAO-3Ac_4,https://www.youtube.com/watch?v=bjRIzAO-3Ac,60.0,75.0
unlabeled_youtube, علاج الألم وكل عادة البداية تكون بالتعارف حس التعارف دكتور في حس التعارف نقترح عليك نصيف ورقة اللي فيها تقدم لنا روحك كيف ما تحب انت,15.0,bjRIzAO-3Ac_5,https://www.youtube.com/watch?v=bjRIzAO-3Ac,75.0,90.0
unlabeled_youtube, نتعرف عليك أكثر نصيف ورقة هذه رجعتني للدراسة والله شقدم روحي عبد المولى مرشد من موليد سفاقس نعتز بجهتي تحية لأهلنا في سفاقس,15.0,bjRIzAO-3Ac_6,https://www.youtube.com/watch?v=bjRIzAO-3Ac,90.0,105.0
unlabeled_youtube, طبيب علاج الألم نعمل علاج الألم منحبش نقول مختص خطر مازال مهوش مختص مهوش ارتساس مهوش ارتساس مهوش ارتساس مهوش ارتساس مهوش ارتساس مهوش ارتساس مهوش ارتساس مهوش ارتساس مهوش ارتساس مهوش ارتساس مهوش ارتساس مهوش ارتساس مهوش ارتساس مهوش ارتساس مهوش ارتساس مهوش ارتساس مهوش ارتساس مهوش ارتساس مهوش ارتساس مهوش ارتساس مهوش ارتساس مهوش ارتساس مهوش ارتساس مهوش ارتساس مهوش ارتساس مهوش ارتساس مهوش ارتساس مهوش ارتساس مهوش ارتساس مهوش ارتساس مهوش ارتساس مهوش ارتساس مهوش ارتساس مهوش ارتساس مهوش ارتساس مهوش ارتساس مهوش ارتساس مهوش ارتساس مهوش ارتساس مهوش ارتساس مهوش ارتساس مهوش ارتساس مهوش ارتساس مهوش ارتساس مهوش ارتساس مهوش ارتساس مهوش ارتساس مهوش ارتساس مهوش ارتساس مهوش ارتساس مهوش ارتساس,14.991999626159668,bjRIzAO-3Ac_7,https://www.youtube.com/watch?v=bjRIzAO-3Ac,105.0,120.0
unlabeled_youtube, مغروم بالرياضة كل كيف يعني تمارس ولا تتابع الرياضة؟ نتابع برشا رياضة ونمارس الرياضة نمزجت نلعب في الكرة,14.97599983215332,bjRIzAO-3Ac_8,https://www.youtube.com/watch?v=bjRIzAO-3Ac,120.0,135.0
unlabeled_youtube, هل لديك جمعية ؟ نعم لدينا جمعية نلعب مع صحابي نلعب في كل المكان هل لديك جمعية تحبها أكثر ؟ نعم لدينا جمعية أكثر نحب أن ندرس فيها,15.0,bjRIzAO-3Ac_9,https://www.youtube.com/watch?v=bjRIzAO-3Ac,135.0,150.0
unlabeled_youtube, انا قريت شوية في سفاق الست سنين من صفر الى ست سنين بعد مشينا للمستير الوالد كان يخدم في المستير وبعد جينا لتونس فهمتني وفي تونس قريت في باب الخذرة نحب نسميه خاطر نعلمه,15.0,bjRIzAO-3Ac_10,https://www.youtube.com/watch?v=bjRIzAO-3Ac,150.0,165.0
unlabeled_youtube, بانتمائي لليسي متاعي اللي هو باب الخذرة اللي طلع رجال وبرشة عباد ولعبت في البتاحي متاع تونس الكلب كرة فهمتني ولا؟ طبيب محب للرياضة,14.928000450134277,bjRIzAO-3Ac_11,https://www.youtube.com/watch?v=bjRIzAO-3Ac,165.0,180.0
unlabeled_youtube, انت من الناس اللي يمنوا الكتاب دولة وانو مش اختصاص كمان,15.0,bjRIzAO-3Ac_12,https://www.youtube.com/watch?v=bjRIzAO-3Ac,180.0,195.0
unlabeled_youtube, من الناس اللي تمن اللي البتاح هي اللي تعطيك ورجية صحاح وكورة صحيحة في بلد وانا ازوز ازوز خاطر فما تساعد تلقى اندون اندون هذيك تلقى في البتحة فانت تمشي في البتحة,15.0,bjRIzAO-3Ac_13,https://www.youtube.com/watch?v=bjRIzAO-3Ac,195.0,210.0
unlabeled_youtube, كانوا يهزون ملعبية من البتاحي حمادي العجربية كانت تسمع بيه ملعبية بتاع باتحا فمتنين تميم بتارق ملعبية بتاع باتحا لكن توا ولو فماليز اكاديمية هدوما يعملوا الاكاديمية,15.0,bjRIzAO-3Ac_14,https://www.youtube.com/watch?v=bjRIzAO-3Ac,210.0,225.0
unlabeled_youtube, يظهر في البطحة أكثر من الأكاديمية؟ يظهر في البطحة أكثر من الأكاديمية,15.0,bjRIzAO-3Ac_15,https://www.youtube.com/watch?v=bjRIzAO-3Ac,225.0,240.0
unlabeled_youtube, حاجة نادرة إنك تشوف صغيرات تلعب في الشارع ولا في البطحة أنا دولي في الحقيقة هذي خاطر هذوم الاتغان يكريوا فيهم الحقيقة غالين على الولاد الصغار معناها عشرة دينارات لوحد باش تلعب ساعة كورة فهمتني دولي يشوفوا معناها بلايس الدولة تشوفوا,15.0,bjRIzAO-3Ac_16,https://www.youtube.com/watch?v=bjRIzAO-3Ac,240.0,255.0
unlabeled_youtube, و تعمل فيها معناها بتاعي من الظمين اكثر و تخلي العباية تكوّر معناها توكي تخرج للخارج لا يطلعش بش نسميه لكي نعمل و البعض مش راوي نعمل في البيبليسيتي عملي مشيت الهونغ كونغ بحظة بنتي بنتي في هونغ كونغ,15.0,bjRIzAO-3Ac_17,https://www.youtube.com/watch?v=bjRIzAO-3Ac,255.0,270.0
unlabeled_youtube, يجب أن يكون هناك مكان على البحر يجب أن يكون هناك مكان على البحر يجب أن يكون هناك مكان على البحر يجب أن يكون هناك مكان على البحر يجب أن يكون هناك مكان على البحر يجب أن يكون هناك مكان على البحر يجب أن يكون هناك مكان على البحر يجب أن يكون هناك مكان على البحر يجب أن يكون هناك مكان على البحر يجب أن يكون هناك مكان على البحر يجب أن يكون هناك مكان على البحر يجب أن يكون هناك مكان على البحر يجب أن يكون هناك مكان على البحر يجب أن يكون هناك مكان على البحر يجب أن يكون هناك مكان على البحر يجب أن يكون هناك مكان على البحر يجب أن يكون هناك مكان على البحر يجب أن يكون هناك مكان على البحر يجب أن يجب أن يكون هناك مكان على البحر يجب أن يجب أن يكون هناك مكان على البحر يجب أن يجب أن يكون هناك مكان على البحر يجب أن يجب أن يجب أن يكون هناك مكان على البحر يجب أن يجب أن يجب أن يجب أن يجب أن يجب أن يجب أن يجب أن يجب أن يجب أن يجب أن يجب أن يجب أن يجب أن يجب أن يجب أن يجب أن يجب أن يجب أن يجب أن يجب أن يجب أن يجب أن يجب أن يجب أن يجب أن يجب أن يجب أن يجب أن,15.0,bjRIzAO-3Ac_18,https://www.youtube.com/watch?v=bjRIzAO-3Ac,270.0,285.0
unlabeled_youtube, نعم نعم نعم نعم نعم نعم نعم نعم نعم نعم نعم نعم نعم نعم نعم نعم نعم نعم نعم نعم نعم نعم نعم نعم نعم نعم نعم نعم نعم نعم نعم نعم نعم نعم نعم نعم نعم نعم نعم نعم نعم نعم نعم نعم نعم نعم نعم نعم نعم نعم نعم نعم نعم نعم نعم نعم نعم نعم نعم نعم نعم نعم نعم نعم نعم نعم نعم نعم نعم نعم نعم نعم نعم نعم نعم نعم نعم نعم نعم نعم نعم نعم نعم نعم نعم نعم نعم نعم نعم نعم نعم نعم نعم نعم نعم نعم نعم نعم نعم نعم نعم نعم نعم نعم نعم نعم نعم نعم نعم نعم نعم نعم نعم نعم نعم نعم نعم نعم نعم نعم نعم نعم نعم نعم نعم نعم نعم نعم نعم نعم نعم نعم نعم نعم نعم نعم نعم نعم نعم نعم نعم نعم نعم نعم نعم نعم نعم نعم نعم نعم نعم نعم نعم نعم نعم نعم نعم نعم نعم نعم نعم نعم نعم نعم نعم نعم نعم نعم نعم نعم نعم نعم نعم نعم نعم نعم نعم نعم نعم نعم نعم نعم نعم نعم نعم نعم نعم نعم نعم نعم نعم نعم نعم نعم نعم نعم نعم نعم نعم نعم نعم نعم نعم نعم نعم نعم نعم نعم نعم نعم نعم نعم نعم نعم نعم نعم نعم نعم نعم نعم نعم نعم,15.0,bjRIzAO-3Ac_19,https://www.youtube.com/watch?v=bjRIzAO-3Ac,285.0,300.0
unlabeled_youtube, ومرتي ولدي ناس كلتا عم رياضة كل يوم داكور انتي علمتم الحكاية هذي متى ضرورة الرياضة معناها هما انا علمتم انا قد شوفوا فيها خاطر ستيون ديسيبليز رأيي رياضة معناها خاطر شوفوا فيها كل يوم بدل في حويجي,14.984000205993652,bjRIzAO-3Ac_20,https://www.youtube.com/watch?v=bjRIzAO-3Ac,300.0,315.0
unlabeled_youtube, فهمتي نمشي نخرج نلعب نطلع هما بالنسبة لي مريضة حاجة عادية معناها خلينا نحكي وميلة على الاختصاص متاعك وعلى اختيارك للطب اختيارك منذ الطفولة الصغيرة متاعك وقت اللي تكوّر في البدحة تقول أنا لحب نولي طبيب ولا كفاية,14.95199966430664,bjRIzAO-3Ac_21,https://www.youtube.com/watch?v=bjRIzAO-3Ac,315.0,330.0
unlabeled_youtube, انا كنت ما عنديش فكرة هكا معينة كنت نحب بطيطة نعمل فرماسي داكو معني ها اكثر كوميرس وحسابات وبطيطة فهمت؟ بعد داكيكا جيت بصدفة معني,15.0,bjRIzAO-3Ac_22,https://www.youtube.com/watch?v=bjRIzAO-3Ac,330.0,345.0
unlabeled_youtube, أنا لست شخصاً بريئاً أنا إنسان,15.0,bjRIzAO-3Ac_23,https://www.youtube.com/watch?v=bjRIzAO-3Ac,345.0,360.0
unlabeled_youtube, وقت اللي نتفجع نقرأ فهمتني نحس فما نتفجع نقرأ باش نعطيك فكرة أنا في الميديسين بتاعي عاودت عامين فهمتني بكل صراحة نقرأ في عقلي نعمل وليني شريط كره,15.0,bjRIzAO-3Ac_24,https://www.youtube.com/watch?v=bjRIzAO-3Ac,360.0,375.0
unlabeled_youtube, كتشوف في سياق السيارات ايه؟ اما كملت قرايتك بعد كملت اللي ايه وقت نتكبس نقرا ما وقت نحب نتكبس نتكبس نتكبس نتكبس نتكبس نتكبس نتكبس نتكبس نتكبس نتكبس نتكبس نتكبس نتكبس نتكبس نتكبس نتكبس نتكبس نتكبس نتكبس نتكبس نتكبس نتكبس نتكبس نتكبس نتكبس نتكبس نتكبس نتكبس نتكبس نتكبس نتكبس نتكبس نتكبس نتكبس نتكبس نتكبس نتكبس نتكبس نتكبس نتكبس نتكبس نتكبس نتكبس نتكبس نتكبس نتكبس نتكبس نتكبس نتكبس نتكبس نتكبس نتكبس نتكبس نتكبس نتكبس نتكبس نتكبس نتكبس نتكبس نتكبس نتكبس نتكبس نتكبس نتكبس نتكبس نتكبس نتكبس نتكبس نتكبس نتكبس نتكبس نتكبس نتكبس نتكبس نتكبس نتكبس نتكبس نتكبس نتكب,15.0,bjRIzAO-3Ac_25,https://www.youtube.com/watch?v=bjRIzAO-3Ac,375.0,390.0
unlabeled_youtube, بيه الاختصاص متاعك معناكي كملت الخمسة سنين طب وجاي وقت بيش تعادي الغزيدانة ولا بيش تختار اختصاص كان في ذهنك اختصاص قبله تقول وانتي تقرأ في المدسين تقول نحب نعمل الاختصاص,15.0,bjRIzAO-3Ac_26,https://www.youtube.com/watch?v=bjRIzAO-3Ac,390.0,405.0
unlabeled_youtube, وإلا جاءت بالصدفة حتى لي نلقيت لشما؟ هي جاءت بالصدفة أنا مثلاً ما كنتش خطر إحنا بعد خمس سنين نعملوا ديستاج متاع أنترنا عديت بالجينيكولوجيا بالبيداتريا بالكارديو فهمت؟ ما كنتش نحب نعمل,15.0,bjRIzAO-3Ac_27,https://www.youtube.com/watch?v=bjRIzAO-3Ac,405.0,420.0
unlabeled_youtube, نعمل اختصاص نتاع بيدياترية مثلا تعجبنيش عليه؟ ما نحبش فهمتني على خطرك الصغير اللي جي يبكي يتقول الفول صغير هكا عمره شهرين وشهره ستريه ديفسيل لو خدم إيران بيدياترية صعيب,15.0,bjRIzAO-3Ac_28,https://www.youtube.com/watch?v=bjRIzAO-3Ac,420.0,435.0
unlabeled_youtube, لماذا لم تقوم بعمل بيدياترية جميلة للأطفال والأطفال الصغيرين والأطفال الصغيرين؟ لقد أخبرتني بذلك في نصف الليل في الثمانية، وهو يبكي في الثمانية ويبكي، وأنت لا تستطيع أن تسأله لا، هذا ليس بسيطاً,15.0,bjRIzAO-3Ac_29,https://www.youtube.com/watch?v=bjRIzAO-3Ac,435.0,450.0
unlabeled_youtube, ونحب الكثير من الشركات الطبيعية نحب الشركات الطبيعية,14.984000205993652,bjRIzAO-3Ac_30,https://www.youtube.com/watch?v=bjRIzAO-3Ac,450.0,465.0
unlabeled_youtube, ماذا عن مداوة الألم؟ نحن نقرأ في الجريدة,15.0,bjRIzAO-3Ac_31,https://www.youtube.com/watch?v=bjRIzAO-3Ac,465.0,480.0
unlabeled_youtube, نتحدث مع دكتور مونيا حديث، نحن نتحدث مع دكتور مونيا حديث، نحن نتحدث مع دكتور مونيا حديث، نحن نتحدث مع دكتور مونيا حديث، نحن نتحدث مع دكتور مونيا حديث، نحن نتحدث مع دكتور مونيا حديث، نحن نتحدث مع دكتور مونيا حديث، نحن نتحدث مع دكتور مونيا حديث، نحن نتحدث مع دكتور مونيا حديث، نحن نتحدث مع دكتور مونيا حديث، نحن نتحدث مع دكتور مونيا حديث، نحن نتحدث مع دكتور مونيا حديث، نحن نتحدث مع دكتور مونيا حديث، نحن نتحدث مع دكتور مونيا حديث، نحن نتحدث مع دكتور مونيا حديث، نحن نتحدث مع دكتور مونيا حديث، نحن نتحدث مع دكتور مونيا حديث، نحن نتحدث مع دكتور مونيا حديث، نحن نتحدث مع دكتور مونيا حديث، نحن نتحدث مع دكتور مونيا حديث، نحن نتحدث مع دكتور مونيا حديث، نحن نتحدث مع دكتور مونيا حديث، نحن نتحدث مع دكتور مونيا حديث، نحن نتحدث مع دك,15.0,bjRIzAO-3Ac_32,https://www.youtube.com/watch?v=bjRIzAO-3Ac,480.0,495.0
unlabeled_youtube, وحكيت معها وانا وقتنا نعمل في الأكوبنكتور نعمل في أمستير الأكوبنكتور الوخص بالإبارة الصينية عليش نقول الصينية خاطر فما بلوزير ميثود فما الأكوبنكتور ميديسين تراديسيونال شينو,15.0,bjRIzAO-3Ac_33,https://www.youtube.com/watch?v=bjRIzAO-3Ac,495.0,510.0
unlabeled_youtube, لقد أخبرتني بأنني سأعطيك الحياة المفضلة لأنك لا تستطيع أن تتحرك في المنزل,15.0,bjRIzAO-3Ac_34,https://www.youtube.com/watch?v=bjRIzAO-3Ac,510.0,525.0
unlabeled_youtube, قبل أني بعد شهر أو شهرين دخلت للصندوق وكي دخلت وبدأت تكتشف في المدينة هذه والعملية العلاج هذه كيف جلقيتها؟ عالم غريب ولا عالم كي تباسيوني هكذا بجديد تتعلم أكثر؟ ليه عالم غريب؟ ليه؟,15.0,bjRIzAO-3Ac_35,https://www.youtube.com/watch?v=bjRIzAO-3Ac,525.0,540.0
unlabeled_youtube, ماذا يجب عليك أن تفكر في ذلك؟ يجب عليك أن تجد وكيف تجد وكيف تجد وكيف تجد وكيف تجد وكيف تجد وكيف تجد وكيف تجد وكيف تجد وكيف تجد وكيف تجد وكيف تجد وكيف تجد وكيف تجد وكيف تجد وكيف تجد وكيف تجد وكيف تجد وكيف تجد وكيف تجد وكيف تجد وكيف تجد وكيف تجد وكيف تجد وكيف تجد وكيف تجد وكيف تجد وكيف تجد وكيف تجد وكيف تجد وكيف تجد وكيف تجد وكيف تجد وكيف تجد وكيف تجد وكيف تجد وكيف تجد وكيف تجد وكيف تجد وكيف تجد وكيف تجد وكيف تجد وكيف تجد وكيف تجد وكيف تجد وكيف تجد وكيف تجد وكيف تجد وكيف تجد وكيف تجد وكيف تجد وكيف تجد وكيف تجد وكيف تجد وكيف تجد وكيف تجد وكيف تجد وكيف تجد وكيف تجد وكيف تجد وكيف تجد وكيف تجد وكيف تجد وكيف تجد وكيف تجد وكيف تجد وكيف تجد وكيف تجد وكيف تجد وكيف تجد وكيف تج,15.0,bjRIzAO-3Ac_36,https://www.youtube.com/watch?v=bjRIzAO-3Ac,540.0,555.0
unlabeled_youtube, لأن الاختصاص ليس موجوداً ونحكي على ألم المرضى الذين لديهم السرطان المريض يجد المرضى لا يرقض ويجد المرضى لديه ألم مرضى يقعد شهرين أو ثلاثة لا يرقض,15.0,bjRIzAO-3Ac_37,https://www.youtube.com/watch?v=bjRIzAO-3Ac,555.0,570.0
unlabeled_youtube, بعد أسبوع أو أسبوعين يقول لك أعطيك صحة بركة لو فكرت أني رقت وما عشاندي ألم وكل شيء تشيخ أنت كطبيب طبعاً العلاقة هذه بطب الألم,15.0,bjRIzAO-3Ac_38,https://www.youtube.com/watch?v=bjRIzAO-3Ac,570.0,585.0
unlabeled_youtube, ولا علاج الألم كيفش بنيتها أنت معناها ستاء أنه كل مرة يجيك حد دويه وإلا أنك تريد تعرف أكثر وتقرأ أكثر وتتكون أكثر في المجال هو يزمك تتكلم,15.0,bjRIzAO-3Ac_39,https://www.youtube.com/watch?v=bjRIzAO-3Ac,585.0,600.0
unlabeled_youtube, فهمتني؟ خاطر هو معناه اختصاص ما بينقوسين جديد مش حاجة جديدة خاطر علاج الألم ما تلقاش ما تلقاش كان في الأمراض السرطانية تلقاه في الميغرين كيما قلت انت,14.895999908447266,bjRIzAO-3Ac_40,https://www.youtube.com/watch?v=bjRIzAO-3Ac,600.0,615.0
unlabeled_youtube, في الألم الظهر، في الألم، في الألم، في الألم، في الألم، في الألم، في الألم، في الألم، في الألم، في الألم، في الألم، في الألم، في الألم، في الألم، في الألم، في الألم، في الألم، في الألم، في الألم، في الألم، في الألم، في الألم، في الألم، في الألم، في الألم، في الألم، في الألم، في الألم، في الألم، في الألم، في الألم، في الألم، في الألم، في الألم، في الألم، في الألم، في الألم، في الألم، في الألم، في الألم، في الألم، في الألم، في الألم، في الألم، في الألم، في الألم، في الألم، في الألم، في الألم، في الألم، في الألم، في الألم، في الألم، في الألم، في الألم، في الألم، في الألم، في الألم، في الألم، في الألم، في الألم، في الألم، في الألم، في الألم، في الألم، في الألم، في الألم، في الألم، في الألم، في الألم، في الألم، في الألم، في الألم، في الألم، في الألم، في الألم، في الألم، في الألم، في الألم، في الألم، في الألم، في الألم، في الألم، في الألم، في الألم، في الألم، في الألم، في الألم، في الألم، في الألم، في الألم، في الألم، في الألم، في الألم، في الألم، في الألم، في الألم، في الألم، في الألم، في الألم، في الألم، في الألم، في الألم، في الألم، في الألم، في الألم، في الألم، في الألم، في الألم، في الألم،,14.847999572753906,bjRIzAO-3Ac_41,https://www.youtube.com/watch?v=bjRIzAO-3Ac,615.0,630.0
unlabeled_youtube, لا يوجد ألم هم جميعهم كما لو كان هناك اختصاص واحد هذا هو القوة من هذا الاختصاص فهمت؟ يعني أنتم المساعدة للمساعدة للطبيب الذي يقوم بعمل الامبوتات,14.383999824523926,bjRIzAO-3Ac_42,https://www.youtube.com/watch?v=bjRIzAO-3Ac,630.0,645.0
unlabeled_youtube, عنده كانسير وإلا متستاز ولا غيره أنتم دوركم أنكم الدوي والألم متاع المريض نحن الدوي والألم متاع المريض طبعاً بقي نعود نرجع للأمراض السرطانية طبعاً,14.968000411987305,bjRIzAO-3Ac_43,https://www.youtube.com/watch?v=bjRIzAO-3Ac,645.0,660.0
unlabeled_youtube, مريض يعمل أما جراحة ولا كيميائي ولا أشعة ولا توفمة لينمينو ترابي لكن المريض الطبيب هذا بشي بده معناها قد,15.0,bjRIzAO-3Ac_44,https://www.youtube.com/watch?v=bjRIzAO-3Ac,660.0,675.0
unlabeled_youtube, يجب أن يكون هناك نهار يسيد المريض بالماء لإختصاص علاج الألم هل تشعر أن هناك وعي بالإختصاص هذا؟ وعي عن ما يكون؟ وعي عن أهميته؟ إن كان عند الناس؟,15.0,bjRIzAO-3Ac_45,https://www.youtube.com/watch?v=bjRIzAO-3Ac,675.0,690.0
unlabeled_youtube, لا عند المؤسات الطبية الاستشفائية مازال مازال في تونس معناها الناس معناها ساعات معناها مازال ميعرفوش اللي فاما اختصاص لتعيلج القلم اولا احنا معناش,14.968000411987305,bjRIzAO-3Ac_46,https://www.youtube.com/watch?v=bjRIzAO-3Ac,690.0,705.0
unlabeled_youtube, في تعريفك قلت لي,14.935999870300293,bjRIzAO-3Ac_47,https://www.youtube.com/watch?v=bjRIzAO-3Ac,705.0,720.0
unlabeled_youtube, نعم خدمة الوالد كان يعمل في البنك,15.0,bjRIzAO-3Ac_48,https://www.youtube.com/watch?v=bjRIzAO-3Ac,720.0,735.0
unlabeled_youtube, بعد 6 سنوات في سفيقس و بعد 4 سنوات في مستير والبقية في تونس,15.0,bjRIzAO-3Ac_49,https://www.youtube.com/watch?v=bjRIzAO-3Ac,735.0,750.0
unlabeled_youtube, بالنسبة لك أنت كطفل قريت في سفاقس وقريت في المستير ومشيت للباب الخضراء تحس أنه يضيف لك في التركيبة النفسية متاعك؟ أكيد أكيد أكيد أكيد أكيد أكيد أكيد أكيد أكيد أكيد أكيد أكيد أكيد أكيد أكيد أكيد أكيد أكيد أكيد أكيد أكيد أكيد أكيد أكيد أكيد أكيد أكيد أكيد أكيد أكيد أكيد أكيد أكيد أكيد أكيد أكيد أكيد أكيد أكيد أكيد أكيد أكيد أكيد أكيد أكيد أكيد أكيد أكيد أكيد أكيد أكيد أكيد أكيد أكيد أكيد أكيد أكيد أكيد أكيد أكيد أكيد أكيد أكيد أكيد أكيد أكيد أكيد أكيد أكيد أكيد أكيد أكيد أكيد أكيد أكيد أكيد أكيد أكيد أكيد أكيد أكيد أكيد أكيد أكيد أكيد أكيد أكيد أكيد أكيد أكيد أكيد أكيد أكيد أكيد أكيد أكيد أكيد أكيد أكيد أكيد أكيد أكيد أكيد أكيد أكيد أكيد أكيد أكيد أكيد أكيد أكيد أكيد أكيد أكيد أكيد أكيد أكيد أكيد أكيد أكيد أكيد أكيد أكيد أكيد أكيد أكيد أكيد أ,15.0,bjRIzAO-3Ac_50,https://www.youtube.com/watch?v=bjRIzAO-3Ac,750.0,765.0
unlabeled_youtube, فهمتني اضيف لي انا اضاف لي فهمتني خطر انا توا كينا نحكي مع صحابي خالتنا الناس كل رو مش خطروا جاي من بلاسة ايه ذيكا ولا من بلاسة ايه ذيكا,15.0,bjRIzAO-3Ac_51,https://www.youtube.com/watch?v=bjRIzAO-3Ac,765.0,780.0
unlabeled_youtube, أنا زوجتي من جربرة والوالد من بنزرت وخويا من ساحل معناها عائلة معناها مشكلة معناها مشكلة متعشي هويات متعشي هويات أنا ذا فتلي,14.97599983215332,bjRIzAO-3Ac_52,https://www.youtube.com/watch?v=bjRIzAO-3Ac,780.0,795.0
unlabeled_youtube, كنت في مستير و في تونس و في سير ما معنى تحس انه هو الفرج لبرسوناليته على الصغير ما عادش عندك التعلق الشديد بالمنطقة بالمكتب بالاصدقاء واللي يقويها اكثر باش يكون عنده يبني علاقات بسهولة ولا,14.991999626159668,bjRIzAO-3Ac_53,https://www.youtube.com/watch?v=bjRIzAO-3Ac,795.0,810.0
unlabeled_youtube, و يبني علاقات و زادة واحدة يرد باله خاطر في عمر معين هي الانسان تتكون من صفر الى ست سنين و بعد انت و التجارب متاعك,15.0,bjRIzAO-3Ac_54,https://www.youtube.com/watch?v=bjRIzAO-3Ac,810.0,825.0
unlabeled_youtube, باب الخضرة دكريات معاها عندك فرحان بانتمائك للليسيك باب الخضرة عليش نوع أجمل الأشياء اللي عاشتهم في باب الخضرة؟,15.0,bjRIzAO-3Ac_55,https://www.youtube.com/watch?v=bjRIzAO-3Ac,825.0,840.0
unlabeled_youtube, قبل تحكينا على التسعينيات و الثمانينيات قديش ثمانينيات ثمانينيات ثمانينيات ثمانينيات ثمانينيات ثمانينيات ثمانينيات ثمانينيات ثمانينيات ثمانينيات ثمانينيات ثمانينيات ثمانينيات ثمانينيات ثمانينيات ثمانينيات ثمانينيات ثمانينيات ثمانينيات ثمانينيات ثمانينيات ثمانينيات ثمانينيات ثمانينيات ثمانينيات ثمانينيات ثمانينيات ثمانينيات ثمانينيات ثمانينيات ثمانينيات ثمانينيات ثمانينيات ثمانينيات ثمانينيات ثمانينيات ثمانينيات ثمانينيات ثمانينيات ثمانينيات ثمانينيات ثمانينيات ثمانينيات ثمانينيات ثمانينيات ثمانينيات ثمانينيات ثمانينيات ثمانينيات ثمانينيات ثمانينيات ثمانينيات ثمانينيات ثمانينيات ثمانينيات ثمانينيات ثمانينيات ثمانينيات ثمانينيات ثمانينيات ثمانينيات ثمانينيات ثمانينيات ثمانينيات ثمانينيات ثمانينيات ثمانينيات ثمانينيات ثمانينيات ثمانيني,15.0,bjRIzAO-3Ac_56,https://www.youtube.com/watch?v=bjRIzAO-3Ac,840.0,855.0
unlabeled_youtube, وفي الصباح يبدأ القيم العام ويقف الناس تشد حيد تحيد فماشي هذي ولا شعر طويل واحد ساعات يشبدو ولا متفكر يشبدو من شعره ويحطو اسمو لهنا غدا واتجي محاش,15.0,bjRIzAO-3Ac_57,https://www.youtube.com/watch?v=bjRIzAO-3Ac,855.0,870.0
unlabeled_youtube, وكننا نلعب برشا كورة بكل صراحة ديما كوروا في الشارع في فين تحب وقريت عند أساذة كبار منهم الميداني بن سالح كنت أسمعه أكيد طبعا,14.991999626159668,bjRIzAO-3Ac_58,https://www.youtube.com/watch?v=bjRIzAO-3Ac,870.0,885.0
unlabeled_youtube, تحية لكل قدماء باب الخضراء,15.0,bjRIzAO-3Ac_59,https://www.youtube.com/watch?v=bjRIzAO-3Ac,885.0,900.0
unlabeled_youtube, طبيب مختص في مداوات الألم مازلنا نحكي معه على الباركوغ متاعه على تجربته في الاختصاص هذي الاختصاص اللي تبي نمشي والقابل للنقاش,15.0,bjRIzAO-3Ac_60,https://www.youtube.com/watch?v=bjRIzAO-3Ac,900.0,915.0
unlabeled_youtube, دكتور مرحبا بك مرة أخرى ونشكرك على قبول الدعوة في قابل النقاش نطرح بعض المواضيع نتناقش فيهم مع ذيفنا وانتي رئيسة الجمعية التونسية لدراسة وعليج الألم الهدف متأكد,15.0,bjRIzAO-3Ac_61,https://www.youtube.com/watch?v=bjRIzAO-3Ac,915.0,930.0
unlabeled_youtube, أنه يولي اختصاص في الخارج ولا اختصاص ولا ما زال اليوم من كمبيتانس كافئة هو في أوروبا اختصاصهم وكافئة زوز مثلاً نحن في المؤتمر الخامس,15.0,bjRIzAO-3Ac_62,https://www.youtube.com/watch?v=bjRIzAO-3Ac,930.0,945.0
unlabeled_youtube, انا استدعيت رئيس الجامعية في فرنسا لعلاج الألم فهو يقرر في دولار في الفاكولتية لكن ما زال ليس هناك اختصاص,15.0,bjRIzAO-3Ac_63,https://www.youtube.com/watch?v=bjRIzAO-3Ac,945.0,960.0
unlabeled_youtube, اختصاص مئة في المئة اختصاص مئة في المئة اختصاص مئة في المئة اختصاص مئة في المئة اختصاص مئة في المئة اختصاص مئة في المئة اختصاص مئة في المئة اختصاص مئة في المئة اختصاص مئة في المئة اختصاص مئة في المئة اختصاص مئة في المئة اختصاص مئة في المئة اختصاص مئة في المئة اختصاص مئة في المئة اختصاص مئة في المئة اختصاص مئة في المئة اختصاص مئة في المئة اختصاص مئة في المئة اختصاص مئة في المئة اختصاص مئة في المئة اختصاص مئة في المئة اختصاص مئة في المئة اختصاص مئة في المئة اختصاص مئة في المئة اختصاص مئة في المئة اختصاص مئة في المئة اختصاص مئة في المئة اختصاص مئة في المئة اختصاص مئة في المئة اختصاص مئة في المئة اختصاص مئة في المئة اختصاص مئة في المئة اختصاص مئة في المئة اختصاص مئة في المئة اختصاص مئة في المئة اختصاص مئة في المئة اختصاص مئة في المئة اختصص مئة في المئة اختصص مئة في المئة اختصص مئة في المئة اختصص,15.0,bjRIzAO-3Ac_64,https://www.youtube.com/watch?v=bjRIzAO-3Ac,960.0,975.0
unlabeled_youtube, والله أهم حاجة أنه يتقرأ حتى كان الوقت الحاضر يولي كفاءة مثالش لأنه أنا طرحت سؤال على العميدة على رئيس عيمة الأطباء,15.0,bjRIzAO-3Ac_65,https://www.youtube.com/watch?v=bjRIzAO-3Ac,975.0,990.0
unlabeled_youtube, قبل أن أتقرأ مدرسة في المدرسة المدرسة المدرسة المدرسة المدرسة المدرسة المدرسة المدرسة المدرسة المدرسة المدرسة المدرسة المدرسة المدرسة المدرسة المدرسة المدرسة المدرسة المدرسة المدرسة المدرسة المدرسة المدرسة المدرسة المدرسة المدرسة المدرسة المدرسة المدرسة المدرسة المدرسة المدرسة المدرسة المدرسة المدرسة المدرسة المدرسة المدرسة المدرسة المدرسة المدرسة المدرسة المدرسة المدرسة المدرسة المدرسة المدرسة المدرسة المدرسة المدرسة المدرسة المدرسة المدرسة المدرسة المدرسة المدرسة المدرسة المدرسة المدرسة المدرسة المدرسة المدرسة المدرسة المدرسة المدرسة المدرسة المدرسة المدرسة المدرسة المدرسة المدرسة المدرسة المدرسة المدرسة المدرسة المدرسة المدرسة المدرسة المدرسة المدرسة المدرسة المدرسة المدرسة المدرسة المدرسة المدرسة,15.0,bjRIzAO-3Ac_66,https://www.youtube.com/watch?v=bjRIzAO-3Ac,990.0,1005.0
unlabeled_youtube, في تونس في تونس نقلت للمستوى الأول المستوى الأول نقلت للمستوى الأول نقلت للمستوى الأول نقلت للمستوى الأول نقلت للمستوى الأول نقلت للمستوى الأول نقلت للمستوى الأول نقلت للمستوى الأول نقلت للمستوى الأول نقلت للمستوى الأول نقلت للمستوى الأول نقلت للمستوى الأول نقلت للمستوى الأول نقلت للمستوى الأول نقلت للمستوى الأول نقلت للمستوى الأول نقلت للمستوى الأول نقلت للمستوى الأول نقلت للمستوى الأول نقلت للمستوى الأول نقلت للمستوى الأول نقلت للمستوى الأول نقلت للمستوى الأول نقلت للمستوى الأول نقلت للمستوى الأول نقلت للمستوى الأول نقلت للمستوى الأول نقلت للمستوى الأول نقلت للمستوى الأول نقلت للمستوى الأول نقلت للمستوى الأول نقلت للمستوى الأول نقلت للمستوى الأول نقلت للمستوى الأول نقلت للمستوى الأول نقلت للمستوى الأول نقلت للمستوى الأول نقلت للمستوى الأول نقلت للمستوى الأول ن,15.0,bjRIzAO-3Ac_67,https://www.youtube.com/watch?v=bjRIzAO-3Ac,1005.0,1020.0
unlabeled_youtube, ساعات ويلزم ديستاج والفمتين التبيب الاحساس بالقلم هو احساس ذاتي شخص يشعر بيه سبجيكتيف اي معناها انا نشعر بالقلم هذيك الناس الكل عندها قدرة ان,15.0,bjRIzAO-3Ac_68,https://www.youtube.com/watch?v=bjRIzAO-3Ac,1020.0,1035.0
unlabeled_youtube, أنها تصور لك الألم بتاعها أنها تعبر لك عليه باش تجم تلقاله لا مش نسكل لا مش نسكل مالك كيفاش نجم تطلع إحساسه بالألم وإلا مع الليشيل بتاع عشرة قديش عندك إحساس بالألم هاني أنا ما جبتش ذيك الليشيل الفيزيويل أنالوجيك,14.887999534606934,bjRIzAO-3Ac_69,https://www.youtube.com/watch?v=bjRIzAO-3Ac,1035.0,1050.0
unlabeled_youtube, هناك بعض الأموال الصغيرة التي تعطيه كورسور من صفر إلى عشرة، خمسة إلى متوسطة، ستة إلى سبعة، عشرة إلى عشرة، ثم قوية على الأخرى. هذه هي الأمور الفيزيوالية الأنالوجية. ثانياً، هناك بالكلام,14.935999870300293,bjRIzAO-3Ac_70,https://www.youtube.com/watch?v=bjRIzAO-3Ac,1050.0,1065.0
unlabeled_youtube, وجهها ضعيفة وجهها متوسطة وجهها قوية وجهها قوية برش فهمتني أربعة فمالشال دي ميميك دي ميميك تعطيه بطيط غايلات تعطيه وجه واحد يضحك وجه واحد منارفز وجه واحد يبكي ومن تالي فيها,15.0,bjRIzAO-3Ac_71,https://www.youtube.com/watch?v=bjRIzAO-3Ac,1065.0,1080.0
unlabeled_youtube, نعملها للناس الذين لا يفهمون الأشياء الفيزيائية الأنالوجيكية نعملها للصغار ونعملها للناس الكبار الذي لا يستطيع أن يتكلم بصوته,15.0,bjRIzAO-3Ac_72,https://www.youtube.com/watch?v=bjRIzAO-3Ac,1080.0,1095.0
unlabeled_youtube, فلان شو كاع؟ الوجيعة اللي انا بتوجع منها برشا وتنجم تبكيني الاخر تنجم توجع ويتقلق وكهذا,15.0,bjRIzAO-3Ac_73,https://www.youtube.com/watch?v=bjRIzAO-3Ac,1095.0,1110.0
unlabeled_youtube, تقعدوا في الموضوعية بتاعكم بتاع هذا نفيق به اللي هو شو كاع بيش يحطها ديس سور ديس الاخر يحطلي سنك سور ديس في نفس الالم ربما هو مو المريض كيجيك المريض كيجيك فهمتني هو ديجيبش يقول لك,15.0,bjRIzAO-3Ac_74,https://www.youtube.com/watch?v=bjRIzAO-3Ac,1110.0,1125.0
unlabeled_youtube, لدي وجهة قوية ضعيفة متوسطة وهكذا يجلس قدامك على الكرسي هل المريض قادم؟ هل يجلس؟ هل يجلس؟ هل يضحك؟ هل يضحك؟ هل يضحك؟ هل يضحك؟ هل يضحك؟ هل يضحك؟ هل يضحك؟ هل يضحك؟ هل يضحك؟ هل يضحك؟ هل يضحك؟ هل يضحك؟ هل يضحك؟ هل يضحك؟ هل يضحك؟ هل يضحك؟ هل يضحك؟ هل يضحك؟ هل يضحك؟ هل يضحك؟ هل يضحك؟ هل يضحك؟ هل يضحك؟ هل يضحك؟ هل يضحك؟ هل يضحك؟ هل يضحك؟ هل يضحك؟ هل يضحك؟ هل يضحك؟ هل يضحك؟ هل يضحك؟ هل يضحك؟ هل يضحك؟ هل يضحك؟ هل يضحك؟ هل يضحك؟ هل يضحك؟ هل يضحك؟ هل يضحك؟ هل يضحك؟ هل يضحك؟ هل يضحك؟ هل يضحك؟ هل يضحك؟ هل يضحك؟ هل يضحك؟ هل يضحك؟ هل يضحك؟ هل يضحك؟ هل يضحك؟ هل يضحك؟ هل يضحك؟ هل يضحك؟ هل يضحك؟ هل يض,15.0,bjRIzAO-3Ac_75,https://www.youtube.com/watch?v=bjRIzAO-3Ac,1125.0,1140.0
unlabeled_youtube, فهمت؟ ديجا احنا تقدر تعاونكم باش موفما شوية خبرة زي دا اللي تخليك تعرفك اسكو المريض ديجا عنده جاعة قوية متوسطة ولا ضعيفة واضحة جدا كيفاش نجموا توازنوا,15.0,bjRIzAO-3Ac_76,https://www.youtube.com/watch?v=bjRIzAO-3Ac,1140.0,1155.0
unlabeled_youtube, بين أنكم تخفوا الألم وبين أنكم ما تخليوش المريض يتيح في الإدمان على الأحراب اللي تنحيه لوجيعة موضوع حساس شوية خاطر أحنا لأنا,15.0,bjRIzAO-3Ac_77,https://www.youtube.com/watch?v=bjRIzAO-3Ac,1155.0,1170.0
unlabeled_youtube, لذلك لا يجب عليهم أن يقوموا باستخدام الأدوية التي تستخدمها الطبيب لإستخدام الأدوية التي تستخدمها الطبيب لإستخدام الأدوية التي تستخدمها الطبيب لإستخدام الأدوية التي تستخدمها الطبيب لإستخدام الأدوية التي تستخدمها الطبيب لإستخدام الأدوية التي تستخدمها الطبيب لإستخدام الأدوية التي تستخدمها الطبيب لإستخدام الأدوية التي تستخدمها الطبيب لإستخدام الأدوية التي تستخدمها الطبيب لإستخدام الأدوية التي تستخدمها الطبيب لإستخدام الأدوية التي تستخدمها الطبيب لإستخدام الأدوية التي تستخدمها الطبيب لإستخدام الأدوية التي تستخدمها الطبيب لإستخدام الأدوية التي تستخدمها الطبيب لإستخدام الأدوية التي تستخدام الأدوية التي تستخدمها الطبيب لإستخدام الأدوية التي تستخدام الأدوية التي تستخدام الأدوية التي تستخدام الأدوية التي تستخدام الأدوية التي تستخدام الأدوية التي تستخدام الأدوية التي تستخدام الأدوية التي تستخدام الأدوية التي تستخدام الأدوية التي تستخدام الأدوية التي تستخدام الأدوية التي تستخدام الأدوية التي تستخد,14.984000205993652,bjRIzAO-3Ac_78,https://www.youtube.com/watch?v=bjRIzAO-3Ac,1170.0,1185.0
unlabeled_youtube, يعملوا ادمان يعملوا ادمان عند الناس اللي تستعملها وهي معديش الام فهمتين خاطر فما انواع فما انواع متاع حرابش اللي تعمل ادمان واللي الغالب يلزم نقولها السيداليات,14.944000244140625,bjRIzAO-3Ac_79,https://www.youtube.com/watch?v=bjRIzAO-3Ac,1185.0,1200.0
unlabeled_youtube, يعطيو فيها من غير أردنانس والمريض يتيح في الأدمان أنا يجيوني ساعات نعشي زي ما يقول أولا مش لازم نسمي يجيني فما شكون ياخذ باكو كامل من نوع متعدوين,14.960000038146973,bjRIzAO-3Ac_80,https://www.youtube.com/watch?v=bjRIzAO-3Ac,1200.0,1215.0
unlabeled_youtube, يشربونه كل يوم لا يجب أن نسميه اسم لا يجب أن نسميه اسم لا يجب أن نسميه اسم لا يجب أن نسميه اسم لا يجب أن نسميه اسم لا يجب أن نسميه اسم لا يجب أن نسميه اسم لا يجب أن نسميه اسم لا يجب أن نسميه اسم لا يجب أن نسميه اسم لا يجب أن نسميه اسم لا يجب أن نسميه اسم لا يجب أن نسميه اسم لا يجب أن نسميه اسم لا يجب أن نسميه اسم لا يجب أن نسميه اسم لا يجب أن نسميه اسم لا يجب أن نسميه اسم لا يجب أن نسميه اسم لا يجب أن نسميه اسم لا يجب أن نسميه اسم لا يجب أن نسميه اسم لا يجب أن نسميه اسم لا يجب أن نسميه اسم لا يجب أن نسميه اسم لا يجب أن نسميه اسم لا يجب أن نسميه اسم لا يجب أن نسميه اسم لا يجب أن نسميه اسم لا يجب أن نسميه اسم لا يجب أن نسميه اسم لا يجب أن نسميه اسم لا يجب أن نسميه اسم لا يجب أن نسميه اسم لا يجب أن نسميه اسم لا يجب أن نسميه اسم لا يجب أن نسميه اسم لا يجب أن نسميه اسم لا يجب أن نسميه اسم لا يجب أن نسم,15.0,bjRIzAO-3Ac_81,https://www.youtube.com/watch?v=bjRIzAO-3Ac,1215.0,1230.0
unlabeled_youtube, فهمتك فهمتك فهمتك فهمتك فهمتك فهمتك فهمتك فهمتك فهمتك فهمتك فهمتك فهمتك فهمتك فهمتك فهمتك فهمتك فهمتك فهمتك فهمتك فهمتك فهمتك فهمتك فهمتك فهمتك فهمتك فهمتك فهمتك فهمتك فهمتك فهمتك فهمتك فهمتك فهمتك فهمتك فهمتك فهمتك فهمتك فهمتك فهمتك فهمتك فهمتك فهمتك فهمتك فهمتك فهمتك فهمتك فهمتك فهمتك فهمتك فهمتك فهمتك فهمتك فهمتك فهمتك فهمتك فهمتك فهمتك فهمتك فهمتك فهمتك فهمتك فهمتك فهمتك فهمتك فهمتك فهمتك فهمتك فهمتك فهمتك فهمتك فهمتك فهمتك فهمتك فهمتك فهمتك فهمتك فهمتك فهمتك فهمتك فهمتك فهمتك فهمتك فهمتك فهمتك فهمتك فهمتك فهمتك فهمتك فهمتك فهمتك فهمتك فهمتك فهمتك فهمتك فهمتك فهمتك فهمتك فهمتك فهمتك فهمتك فهمتك فهمتك فهمتك فهمتك فهمتك فهمتك فهمتك فهمتك فهمتك فهمتك فهمتك,15.0,bjRIzAO-3Ac_82,https://www.youtube.com/watch?v=bjRIzAO-3Ac,1230.0,1245.0
unlabeled_youtube, كان بالوصفة الطبية فهمتين؟ وفهم هادوية جدد بورلي دولار نورو باتيك تاو مش بش ندخلو فلي ديتاي اللي هم بخي جابالين وجابا بانتين اللي يعملوا ادمان فهمتين؟ إذا كان ما يستمعتي همش طبيب بسر بش,15.0,bjRIzAO-3Ac_83,https://www.youtube.com/watch?v=bjRIzAO-3Ac,1245.0,1260.0
unlabeled_youtube, يعملوا إدمان. دونك أطبيب الألم دوره مهم جدا في أنه يعطي الدواء اللي ما يعملش إدمان للمريض. ينحيله لوجعة فقط. ما يعملش إدمان. ما دامه هو يستعمل فيه الغاية معينة للألم. ما يعملش,15.0,bjRIzAO-3Ac_84,https://www.youtube.com/watch?v=bjRIzAO-3Ac,1260.0,1275.0
unlabeled_youtube, بالنسبة لعلاج الألم في تونس كيف ترى مستقبله وإمكانياته زاد اليوم بالنسبة للأطباء؟ ما هي الإشكاليات ربما للتعرض؟,14.984000205993652,bjRIzAO-3Ac_85,https://www.youtube.com/watch?v=bjRIzAO-3Ac,1275.0,1290.0
unlabeled_youtube, هل هناك علاقة بالمؤسسات؟ خاصة أنه هناك مركز واحد في تونس، هل هؤلاء في الرابط؟ لا، لا يوجد مشكلة، نحن الآن، نحن نحن نحن نحن نحن نحن نحن نحن نحن نحن نحن نحن نحن نحن نحن نحن نحن نحن نحن نحن نحن نحن نحن نحن نحن نحن نحن نحن نحن نحن نحن نحن نحن نحن نحن نحن نحن نحن نحن نحن نحن نحن نحن نحن نحن نحن نحن نحن نحن نحن نحن نحن نحن نحن نحن نحن نحن نحن نحن نحن نحن نحن نحن نحن نحن نحن نحن نحن نحن نحن نحن نحن نحن نحن نحن نحن نحن نحن نحن نحن نحن نحن نحن نحن نحن نحن نحن نحن نحن نحن نحن نحن نحن نحن نحن نحن نحن نحن نحن نحن نحن نحن نحن نحن نحن نحن نحن نحن نحن نحن نحن نحن نحن نحن نحن نحن نحن نحن نحن نحن نحن نحن نحن نحن نحن نحن نحن نحن نح,15.0,bjRIzAO-3Ac_86,https://www.youtube.com/watch?v=bjRIzAO-3Ac,1290.0,1305.0
unlabeled_youtube, أما مثلا وقت اللي فما نقص في الأدوية هزيت روحي ومشيت قبلت مدير الصيدلية المركزية ومشيت قبلت سيد وزير صح أولا مشيت له في نتا,14.616000175476074,bjRIzAO-3Ac_87,https://www.youtube.com/watch?v=bjRIzAO-3Ac,1305.0,1320.0
unlabeled_youtube, المؤتمر الذي قمنا به وأعلمته وقلت له أنه هناك نقص حاد في أدوية معينة. هذا هو الشيء الأول. الشيء الثاني هو أنه لا يوجد أحد في الجمهورية كاملة,15.0,bjRIzAO-3Ac_88,https://www.youtube.com/watch?v=bjRIzAO-3Ac,1320.0,1335.0
unlabeled_youtube, فرنسا ليست روبير بالنسبة لي ولكن لديهم تقريباً ٢٥٥ ٢٠٠ دولار نحن نستطيع أن نقوم بعمل مركز في الجنوب من عام ٩٦,15.0,bjRIzAO-3Ac_89,https://www.youtube.com/watch?v=bjRIzAO-3Ac,1335.0,1350.0
unlabeled_youtube, كمان عنا خبرة معاها أقديم ليه أقديم ليش ليه المشكلة أقديم ما فيه ثلاثة أربعة طبع تختمك ودكي الحكاية ما تبنيش أكثر علي,15.0,bjRIzAO-3Ac_90,https://www.youtube.com/watch?v=bjRIzAO-3Ac,1350.0,1365.0
unlabeled_youtube, لكي يكون هناك موحدات أخرى أو لكي يتم التعميم؟ لا، في حالات كارسينولوجية في السوسة أو في السفر أو في أماكن أخرى,15.0,bjRIzAO-3Ac_91,https://www.youtube.com/watch?v=bjRIzAO-3Ac,1365.0,1380.0
unlabeled_youtube, بالنسبة لكم قلت لي كلمة مهمة جداً قلت لي الدولة,15.0,bjRIzAO-3Ac_92,https://www.youtube.com/watch?v=bjRIzAO-3Ac,1380.0,1395.0
unlabeled_youtube, سارت قبل صاروا ديربتور متاع دوايات معينة بتعيدش ألم؟ ساروا قبل ديربتور أما توا فرنشماً جي بي لانسي أن أبل فمتيم الراديون بتاع دوايات معينة بتعيدش ألم؟ سارت قبل صاروا ديربتور متاع دوايات معينة بتعيدش ألم؟ سارت قبل صاروا ديربتور متاع دوايات معينة بتعيدش ألم؟ سارت قبل صاروا ديربتور متاع دوايات معينة بتعيدش ألم؟ سارت قبل صاروا ديربتور متاع دوايات معينة بتعيدش ألم؟ سارت قبل صاروا ديربتور متاع دوايات معينة بتعيدش ألم؟ سارت قبل صاروا ديربتور متاع دوايات معينة بتعيدش ألم؟ سارت قبل صاروا ديربتور متاع دوايات معينة بتعيدش ألم؟ سارت قبل صاروا ديربتور متاع دوايات معينة بتعيدش ألم؟ سارت قبل صاروا ديربتور متاع دوايات معينة بتعيدش ألم؟ سارت قبل صاروا ديربتور متاع دوايات معينة بتعيدش ألم؟ سارت قبل صاروا ديربتور متاع دوايات معينة بتعيدش ألم؟ سارت قبل صاروا ديربتور متاع دوايات معينة بتعيدش ألم؟ سارت قبل صاروا ديربت,15.0,bjRIzAO-3Ac_93,https://www.youtube.com/watch?v=bjRIzAO-3Ac,1395.0,1410.0
unlabeled_youtube, نحن الآن في هذا الأسبوع والأسبوع القادم والأسبوع القادم لا يوجد مشاكل كبيرة لأن الأدوية القوية التي أتحدث عنها هي المورفينيك,15.0,bjRIzAO-3Ac_94,https://www.youtube.com/watch?v=bjRIzAO-3Ac,1410.0,1425.0
unlabeled_youtube, لا يوجد أي شيء في مكان المورفين الأنجكتابل الذي لا يكفي أحداً لا نفهم لماذا هذه الأدوية لم تتم إغلاقها,15.0,bjRIzAO-3Ac_95,https://www.youtube.com/watch?v=bjRIzAO-3Ac,1425.0,1440.0
unlabeled_youtube, لا يوجد أدوية موجودة بشكل مباشر حتى لا يوجد أدوية موجودة بشكل مباشر حتى لا يوجد أدوية موجودة بشكل مباشر حتى لا يوجد أدوية موجودة بشكل مباشر حتى لا يوجد أدوية موجودة بشكل مباشر حتى لا يوجد أدوية موجودة بشكل مباشر حتى لا يوجد أدوية موجودة بشكل مباشر حتى لا يوجد أدوية موجودة بشكل مباشر حتى لا يوجد أدوية موجودة بشكل مباشر حتى لا يوجد أدوية موجودة بشكل مباشر حتى لا يوجد أدوية موجودة بشكل مباشر حتى لا يوجد أدوية موجودة بشكل مباشر حتى لا يوجد أدوية موجودة بشكل مباشر حتى لا يوجد أدوية موجودة بشكل مباشر حتى لا يوجد أدوية موجودة بشكل مباشر حتى لا يوجد أدوية موجودة بشكل مباشر حتى لا يوجد أدوية مباشر حتى لا يوجد أدوية مباشر حتى لا يوجد أدوية مباشر حتى لا يوجد أدوية مباشر حتى لا يوجد أدوية مباشر حتى لا يوجد أدوية مباشر حتى لا يوجد أدوية مباشر حتى لا يوجدوية مباشر,15.0,bjRIzAO-3Ac_96,https://www.youtube.com/watch?v=bjRIzAO-3Ac,1440.0,1455.0
unlabeled_youtube, لكي تكتب المورفين الانجكتابل بشتوفة في لحظة فهمتني؟ لأن المشكلة أننا نكتبوها المورفين الانجكتابل المورفين الانجكتابل تكتب في الريانيماسيون في البوست أوبيراتوار في التروماتولوجي فهمت؟,15.0,bjRIzAO-3Ac_97,https://www.youtube.com/watch?v=bjRIzAO-3Ac,1455.0,1470.0
unlabeled_youtube, معناها بالنسبة لك محتاجين للأدوية الوعي أكثر زي دا اللي فهمته من طرف الناس بأهمية الدسيبلين هذي ولا بالنسبة لك أنت يزم يكون فاما وعي بالدسيبلين هذي وبمكانتها,15.0,bjRIzAO-3Ac_98,https://www.youtube.com/watch?v=bjRIzAO-3Ac,1470.0,1485.0
unlabeled_youtube, في المستشفيات بالنسبة للدولة بالنسبة للدولة يلزم حسب رأيي يعملوا دي صندوق جدد والله يروا متكلفش حاجة كبيرة ميزبيش ماتريال رو لتخدموا دولة,15.0,bjRIzAO-3Ac_99,https://www.youtube.com/watch?v=bjRIzAO-3Ac,1485.0,1500.0
unlabeled_youtube, يجب أن يكون مدكًا في الحرارة لأنه يوجد بعض التقنيات ولكنها ليست جيدة جداً لأنه يجب أن يكون مدكًا في الحرارة لأنه يوجد بعض التقنيات ولكنها ليست جيدة جداً لأنه يوجد بعض التقنيات ولكنها ليست جيدة جداً لأنه يوجد بعض التقنيات ولكنها ليست جيدة جداً لأنه يوجد بعض التقنيات ولكنها ليست جيدة جداً لأنه يوجد بعض التقنيات ولكنها ليست جيدة جداً لأنه يوجد بعض التقنيات ولكنها ليست جيدة جداً لأنه يوجد بعض التقنيات ولكنها ليست جيدة جداً لأنه يوجد بعض التقنيات ولكنها ليست جيدة جداً لأنه يوجد بعض التقنيات ولكنها ليست جيدة جداً لأنه يوجد بعض التقنيات ولكنها ليست جيدة جداً لأنه يوجد بعض التقنيات ولكنها ليست جيدة جداً لأنه يوجد بعض التقنيات ولكنها ليست جيدة جداً لأنه يوجد بعض التقنيات ولكنها ليست جيدة جداً لأنه يوجد بعض التقنيات ولكنها ليست جيدة جداً لأنه يوجد بعض التقنيات ولكنها ليست جيدة جداً لأنه يوجد بعض التقنيات ولكنها ليست جيدة جداً لأنه يوجد بعض التقنيات ولكنها ليست ج,15.0,bjRIzAO-3Ac_100,https://www.youtube.com/watch?v=bjRIzAO-3Ac,1500.0,1515.0
unlabeled_youtube, تجيب لي واحد انت في حياتي وما تعرضش الالام ولا ما جاتوش وجاية اما مش كل الالام اهي يزم تكون اوجاع قوية دكتور باش نمشيوا لتبيب مختص في الالام واقل حتى الاوجاع البسيطة,15.0,bjRIzAO-3Ac_101,https://www.youtube.com/watch?v=bjRIzAO-3Ac,1515.0,1530.0
unlabeled_youtube, كل واحد كيفاش فما يبدأ يحاول وحده فما يمشي لصيدلية يعطيها دوية ان شاء الله ما يعطيها ادوية ديزانتي انفلاماتوار ويسألوا عندك قرح ولا مثلا,15.0,bjRIzAO-3Ac_102,https://www.youtube.com/watch?v=bjRIzAO-3Ac,1530.0,1545.0
unlabeled_youtube, لأننا نتفكر أنه هناك واحد دو كمبريمي دانتينفلاماتوار تكلفوه بالملين فهمت؟ رأسه في لباش غستريك فهمت؟ عمله إموراجي غستريك وفبال يمشي يحب يديه,15.0,bjRIzAO-3Ac_103,https://www.youtube.com/watch?v=bjRIzAO-3Ac,1545.0,1560.0
unlabeled_youtube, في تعريفك قبيلة ونحن نتحدث وقلت أنت أبو عندك زوز ولدات وبنت زوز بنات ولد شنو الأبو ولا الطبيب كيفاش يعيش تجربة هذه متاع الأبوة,14.991999626159668,bjRIzAO-3Ac_104,https://www.youtube.com/watch?v=bjRIzAO-3Ac,1560.0,1575.0
unlabeled_youtube, والله ساعة هما حتى واحد ما حاب يعمل متين ايوه واجبتوا وحدك الماضي خاطر حتى انا جاليب وزيلة كسيب ايه المدام تبيبة ولا مش تبيبة مدام تبيبة مرت تبيبة مرض الجلدية,14.904000282287598,bjRIzAO-3Ac_105,https://www.youtube.com/watch?v=bjRIzAO-3Ac,1575.0,1590.0
unlabeled_youtube, لم يكن هناك أي شخص يريد أن يقوم بعمل ميثين ومع ذلك كانوا في القرية في القدية عندما يأتون ويقولون لي في الشوارع ماذا نفعل؟ أقول لهم أننا نذهب معكم لنذهب نحن واحدة نتصرف,14.831999778747559,bjRIzAO-3Ac_106,https://www.youtube.com/watch?v=bjRIzAO-3Ac,1590.0,1605.0
unlabeled_youtube, اختار من تحبه اختار من تحبه اختار من تحبه اختار من تحبه اختار من تحبه اختار من تحبه اختار من تحبه اختار من تحبه اختار من تحبه اختار من تحبه اختار من تحبه اختار من تحبه اختار من تحبه اختار من تحبه اختار من تحبه اختار من تحبه اختار من تحبه اختار من تحبه اختار من تحبه اختار من تحبه اختار من تحبه اختار من تحبه اختار من تحبه اختار من تحبه اختار من تحبه اختار من تحبه اختار من تحبه اختار من تحبه اختار من تحبه اختار من تحبه اختار من تحبه اختار من تحبه اختار من تحبه اختار من تحبه اختار من تحبه اختار من تحبه اختار من تحبه اختار من تحبه اختار من تحبه اختار من تحبه اختار من تحبه اختار من تحبه اختار من تحبه اختار من تحبه اختار من تحبه اختار من تحبه اختار من تحبه اختار من تحبه اختار من تحبه اختار من تحبه اختار من تحبه اختار من تحبه اختار من تحبه اختار من تحبه اختار من تحبه اختار من,14.887999534606934,bjRIzAO-3Ac_107,https://www.youtube.com/watch?v=bjRIzAO-3Ac,1605.0,1620.0
unlabeled_youtube, شاسمة تيلي كوم سوب باريس في فرنسا والدي الاخر عمل دوفين ما بنعملش بيبليسيتي ايكونومي جيستيون حسين الكل هم مش في الدون بعاد على المدسين وانت فرحان بقيم لي هو مقرمش مدسين ليه والله المدسين كانوا حاليين,15.0,bjRIzAO-3Ac_108,https://www.youtube.com/watch?v=bjRIzAO-3Ac,1620.0,1635.0
unlabeled_youtube, أول أهم أنهم سعادة لا ولا شيخين هم شيخين في العصر هذا ما نشعر فينا,15.0,bjRIzAO-3Ac_109,https://www.youtube.com/watch?v=bjRIzAO-3Ac,1635.0,1650.0
unlabeled_youtube, جديدة كلهم مش فرحانين دي ما عندهم حاجة ناقصة فهمتش؟ فوليد التسعينيات ولدك؟ انا ولدي اي هيك ايه؟ ايه؟ ايه؟ ايه؟ ايه؟ ايه؟ ايه؟ ايه؟ ايه؟ ايه؟ ايه؟ ايه؟ ايه؟ ايه؟ ايه؟ ايه؟ ايه؟ ايه؟ ايه؟ ايه؟ ايه؟ ايه؟ ايه؟ ايه؟ ايه؟ ايه؟ ايه؟ ايه؟ ايه؟ ايه؟ ايه؟ ايه؟ ايه؟ ايه؟ ايه؟ ايه؟ ايه؟ ايه؟ ايه؟ ايه؟ ايه؟ ايه؟ ايه؟ ايه؟ ايه؟ ايه؟ ايه؟ ايه؟ ايه؟ ايه؟ ايه؟ ايه؟ ايه؟ ايه؟ ايه؟ ايه؟ ايه؟ ايه؟ ايه؟ ايه؟ ايه؟ ايه؟ ايه؟ ايه؟ ايه؟ ايه؟ ايه؟ ايه؟ ايه؟ ايه؟ ايه؟ ايه؟ ايه؟ ايه؟ ايه؟ ايه؟ ايه؟ ايه؟ ايه؟ ايه؟ ايه؟ ايه؟ ايه؟ ايه؟ ايه؟ ايه؟ ايه؟ ايه؟ ايه؟ ايه؟ ايه؟ ايه؟ ايه؟ ايه؟ ايه؟ ايه؟ ايه؟ ايه؟ اي,15.0,bjRIzAO-3Ac_110,https://www.youtube.com/watch?v=bjRIzAO-3Ac,1650.0,1665.0
unlabeled_youtube, وحدة منهم عادت باك عام الثورة 2011 ونحن نعيسوا على الليسي ماذا سيس أيامات حلوة يا باك الثورة وعام كبير ذاك جماعة الباك ذوكم تجندت لهم التواسى الكلبش,15.0,bjRIzAO-3Ac_111,https://www.youtube.com/watch?v=bjRIzAO-3Ac,1665.0,1680.0
unlabeled_youtube, ديو البكاروريا باش فرحنا لهم معناها ديو غا ايامات جميلة في فترة هذيك به دكتور ربي فضل هملك تعرفنا هكا على الجانب شوية من الحياة بتاعك خلي مشيو للبورتري,15.0,bjRIzAO-3Ac_112,https://www.youtube.com/watch?v=bjRIzAO-3Ac,1680.0,1695.0
unlabeled_youtube, الحكاية منها الحكاية منها البرتري دكتور جملة من الأسئلان ذكر لي معنا دكتور مرشد عبد المولى,15.0,bjRIzAO-3Ac_113,https://www.youtube.com/watch?v=bjRIzAO-3Ac,1695.0,1710.0
unlabeled_youtube, مختص في مداوية الأهلي دكتور نطرح عليك جملة من الأسئلة ودعونا عليهم في عقلك بزربة كما تحب نزيد نتناقش فيهم دو هو اسمه بورتري تونسي لو ما كنتش طبيب مختص,15.0,bjRIzAO-3Ac_114,https://www.youtube.com/watch?v=bjRIzAO-3Ac,1710.0,1725.0
unlabeled_youtube, في مداوات الألم شنو كنت تختار كاختصاص؟ في الطب؟ نجا ستخوه مثلاً وكان مش طب؟ مش نبه تكره قل لي لاعب كرة قدم,14.272000312805176,bjRIzAO-3Ac_115,https://www.youtube.com/watch?v=bjRIzAO-3Ac,1725.0,1740.0
unlabeled_youtube, ما الذي يمنعك؟ ما الذي يمنعك لكي تكمل؟ لم يذهبوا مع بعضهم تريدون كورة خدمة؟ لم يذهبوا، لم يذهبوا يجب أن تختار هكذا ولم تختار في حياتك فهمت أنني يجب أن أضحي الكورة من أجل... لماذا من الأول؟,14.984000205993652,bjRIzAO-3Ac_116,https://www.youtube.com/watch?v=bjRIzAO-3Ac,1740.0,1755.0
unlabeled_youtube, لقد وضعت في رأيي أن الغرامي الكرة ليست شيء يستطيع أن تعيش بها ويعيش منها لأننا في وقت ما لم نكن لدينا البروفيسيوناليزم,14.631999969482422,bjRIzAO-3Ac_117,https://www.youtube.com/watch?v=bjRIzAO-3Ac,1755.0,1770.0
unlabeled_youtube, وحتى بالبروفيسيوناليزم كاريره صغيرة لعب كرة القدم ايه كاريره صغيرة ايه كاريره صغيرة اما ليه فما امثلة قبل اللي كانوا يقراوا كما هشمي الوحشي كما حامد كمون كما اسكندر السويح,14.944000244140625,bjRIzAO-3Ac_118,https://www.youtube.com/watch?v=bjRIzAO-3Ac,1770.0,1785.0
unlabeled_youtube, كانوا يقراو كي ما زيت لمساني نجحوا في قرايتهم وفي الرياضة بتاعهم فامتنيه دوك في وقت من الوقات استريت باش تختاروا واخترتوا الطب ليه ما كنتش عامل منها بش عامل كارييرا ما كنت مغروم برشا نمشي لل,15.0,bjRIzAO-3Ac_119,https://www.youtube.com/watch?v=bjRIzAO-3Ac,1785.0,1800.0
unlabeled_youtube, بعد اختصاصك في مداوية الألم نظرتك وأحساسك بالألم هما بيدهم ولا تغيركم؟,14.37600040435791,bjRIzAO-3Ac_120,https://www.youtube.com/watch?v=bjRIzAO-3Ac,1800.0,1815.0
unlabeled_youtube, سؤال ما فمتوش بعد اللي اختصيت في انك تداوي الناس من القلم والقلم اللي جيهم انت احساسك بالقلم انت وقت اللي جيك وجيعة تعرف احساسك بيها تغير تعلمت حاجة جديدة تغير,14.880000114440918,bjRIzAO-3Ac_121,https://www.youtube.com/watch?v=bjRIzAO-3Ac,1815.0,1830.0
unlabeled_youtube, وليت تعرف كيش تعامل معاها؟ تغير شوية تغير شوية تغير شوية وليت نحمل أكثر الألم داكو يعني إنسان كي يفهم الوجيعة وأسبابها في البداية نجم يتحملها أكثر؟ نحن نتحمل أكثر وليت نتحمل أكثر,15.0,bjRIzAO-3Ac_122,https://www.youtube.com/watch?v=bjRIzAO-3Ac,1830.0,1845.0
unlabeled_youtube, أكثر الآلام كما تقول أنت مني الشكاع أنا من أصلي مني الشكاع فهمتني أما توا نتحمل أكثر نعرف عليش خاطر فهمها شنية أفبابها خاطر فهمها اللي تنجم توفى في وقت من الأوقات وي وي فما آلام توفى فما آلام ما توفيش,15.0,bjRIzAO-3Ac_123,https://www.youtube.com/watch?v=bjRIzAO-3Ac,1845.0,1860.0
unlabeled_youtube, تتواصل. الألم النفسي. ساعات يجوا مع بعضهم. يقول لك الألم الحادة الساكم بانيا دي نانكسيتي تلقى النفسي.,14.968000411987305,bjRIzAO-3Ac_124,https://www.youtube.com/watch?v=bjRIzAO-3Ac,1860.0,1875.0
unlabeled_youtube, الألم المزمن يتحول الى اكتئاب و يتحول الى اكتئاب و يتحول الى اكتئاب و يتحول الى اكتئاب و يتحول الى اكتئاب و يتحول الى اكتئاب و يتحول الى اكتئاب و يتحول الى اكتئاب و يتحول الى اكتئاب و يتحول الى اكتئاب و يتحول الى اكتئاب و يتحول الى اكتئاب و يتحول الى اكتئاب و يتحول الى اكتئاب و يتحول الى اكتئاب و يتحول الى اكتئاب و يتحول الى اكتئاب و يتحول الى اكتئاب و يتحول الى اكتئاب و يتحول الى اكتئاب و يتحول الى اكتئاب و يتحول الى اكتئاب و يتحول الى اكتئاب و يتحول الى اكتئاب و يتحول الى اكتئاب و يتحول الى اكتئاب و يتحول الى اكتئاب و يتحول الى اكتئاب و يتحول الى اكتئاب و يتحول الى اكتئاب و يتحول الى اكتئاب و يتحول الى اكتئاب و يتحول الى اكتئاب و يتحول الى اكتئاب و يتحول الى اكتئاب و يتحول الى اكتئاب و يتحول الى ا,14.67199993133545,bjRIzAO-3Ac_125,https://www.youtube.com/watch?v=bjRIzAO-3Ac,1875.0,1890.0
unlabeled_youtube, يجب أن نفهم أكثر ما يظهر في الوجاعة والمداوات في غرفة المريض دكتور,14.95199966430664,bjRIzAO-3Ac_126,https://www.youtube.com/watch?v=bjRIzAO-3Ac,1890.0,1905.0
unlabeled_youtube, وقت تبدأ في غرفة شخص مريض وعنده أوجاع شنو اللي يغلب؟ الطبيب ولا الإنسان اللي فيك؟ سؤال صعيب برشا فهمت يعني خاطر والله الأكثرية الطبيب,15.0,bjRIzAO-3Ac_127,https://www.youtube.com/watch?v=bjRIzAO-3Ac,1905.0,1920.0
unlabeled_youtube, لأنني تعرضت لحالات صعيبة لأنها في الظهر سبسيالية ومحلية وغيرها نحن دائما نتحدث عن الألم السرطانية لأنها تعرض لها الكثير من الحالات,15.0,bjRIzAO-3Ac_128,https://www.youtube.com/watch?v=bjRIzAO-3Ac,1920.0,1935.0
unlabeled_youtube, في خدمتي وخاطر أعلام قوية فهمت؟ ساعات المريض يخرج العائلة اللي بحثة وش نقولها؟ ويقول لك دكتور عمل لي حل خالينو في حياتي فهمت؟,15.0,bjRIzAO-3Ac_129,https://www.youtube.com/watch?v=bjRIzAO-3Ac,1935.0,1950.0
unlabeled_youtube, وهنا أنت تقول أنه يجب أن يغلب الطبيب أو الإنسان صعيب صعيب صعيب صعيب صعيب صعيب صعيب صعيب صعيب صعيب صعيب صعيب صعيب صعيب صعيب صعيب صعيب صعيب صعيب صعيب صعيب صعيب صعيب صعيب صعيب صعيب صعيب صعيب صعيب صعيب صعيب صعيب صعيب صعيب صعيب صعيب صعيب صعيب صعيب صعيب صعيب صعيب صعيب صعيب صعيب صعيب صعيب صعيب صعيب صعيب صعيب صعيب صعيب صعيب صعيب صعيب صعيب صعيب صعيب صعيب صعيب صعيب صعيب صعيب صعيب صعيب صعيب صعيب صعيب صعيب صعيب صعيب صعيب صعيب صعيب صعيب صعيب صعيب صعيب صعيب صعيب صعيب صعيب صعيب صعيب صعيب صعيب صعيب صعيب صعيب صعيب صعيب صعيب صعيب صعيب صعيب صعيب صعيب صعيب صعيب صعيب صعيب صعيب صعيب صعيب ص,15.0,bjRIzAO-3Ac_130,https://www.youtube.com/watch?v=bjRIzAO-3Ac,1950.0,1965.0
unlabeled_youtube, أريد أن أعرف ماذا يتعلق بالسعادة والسعادة الدولية والسعادة الدولية والسعادة الدولية والسعادة الدولية والسعادة الدولية والسعادة الدولية والسعادة الدولية والسعادة الدولية والسعادة الدولية والسعادة الدولية والسعادة الدولية والسعادة الدولية والسعادة الدولية والسعادة الدولية والسعادة الدولية والسعادة الدولية والسعادة الدولية والسعادة الدولية والسعادة الدولية والسعادة الدولية والسعادة الدولية والسعادة الدولية والسعادة الدولية والسعادة الدولية والسعادة الدولية والسعادة الدولية والسعادة الدولية والسعادة الدولية والسعادة الدولية والسعادة الدولية والسعادة الدولية والسعادة الدولية والسعادة الدولية والسعادة الدولية والسعادة الدولية والسعادة الدولية والسعادة الدولية والسعادة الدولية والسعادة الدولية والسعادة الدولية والسعادة الدولية والسعادة الدولية والسعادة الدولية والسعادة الدولية والسعادة الدولية والسعادة الدولية والسعادة الدولية والسعادة الدولية والسعادة الدولية والسعادة الدولية والسعادة الدولية والسعادة الدولية والسعادة الدولية وال,15.0,bjRIzAO-3Ac_131,https://www.youtube.com/watch?v=bjRIzAO-3Ac,1965.0,1980.0
unlabeled_youtube, يطلب حاجات كي منها وفهموا جوعة العائلة اللي ترافق تاع الاشخاص اللي عندهم هكا دي مالا دي الوردن كي العائلة التونسية باشا نسقلت العام والخارج,15.0,bjRIzAO-3Ac_132,https://www.youtube.com/watch?v=bjRIzAO-3Ac,1980.0,1995.0
unlabeled_youtube, لماذا ليس هناك حاجة للتعاون؟ لماذا ليس هناك حاجة للتعاون؟ لماذا ليس هناك حاجة للتعاون؟ لماذا ليس هناك حاجة للتعاون؟ لماذا ليس هناك حاجة للتعاون؟ لماذا ليس هناك حاجة للتعاون؟ لماذا ليس هناك حاجة للتعاون؟ لماذا ليس هناك حاجة للتعاون؟ لماذا ليس هناك حاجة للتعاون؟ لماذا ليس هناك حاجة للتعاون؟ لماذا ليس هناك حاجة للتعاون؟ لماذا ليس هناك حاجة للتعاون؟ لماذا ليس هناك حاجة للتعاون؟ لماذا ليس هناك حاجة للتعاون؟ لماذا ليس هناك حاجة للتعاون؟ لماذا ليس هناك حاجة للتعاون؟ لماذا ليس هناك حاجة للتعاون؟ لماذا ليس هناك حاجة للتعاون؟ لماذا ليس هناك حاجة للتعاون؟ لماذا ليس هناك حاجة للتعاون؟ لماذا ليس هناك حاجة للتعاون؟ لماذا ليس هناك حاجة للتعاون؟ لماذا ليس هناك حاجة للتعاون؟ لماذا ليس هناك حاجة للتعاون؟ لماذا ليس هناك حاجة للتعاون؟ لماذا ليس هناك حاجة للتعاون؟ لماذا ليس هناك حاجة للتعاون؟ لماذا ليس هناك حاجة للت,15.0,bjRIzAO-3Ac_133,https://www.youtube.com/watch?v=bjRIzAO-3Ac,1995.0,2010.0
unlabeled_youtube, يجب عليك أن تقل لهم أنك لديك المرض الخائب يجب عليك أن تقل لهم أنك لديك المرض الخائب يجب عليك أن تقل لهم أنك لديك المرض الخائب يجب عليك أن تقل لهم أنك لديك المرض الخائب يجب عليك أن تقل لهم أنك لديك المرض الخائب يجب عليك أن تقل لهم أنك لديك المرض الخائب يجب عليك أن تقل لهم أنك لديك المرض الخائب يجب عليك أن تقل لهم أنك لديك المرض الخائب يجب عليك أن تقل لهم أنك لديك المرض الخائب يجب عليك أن تقل لهم أن تقل لهم أن تقل لهم أن تقل لهم أن تقل لهم أن تقل لهم أن تقل لهم أن تقل لهم أن تقل لهم أن تقل لهم أن تقل لهم أن تقل لهم أن تقل لهم أن تقل لهم أن تقل لهم أن تقل لهم أن تقل لهم أن تقل لهم أن تقل لهم أن تقل لهم أن تقل لهم أن تقل لهم أن تقل لهم أن تقل لهم أن تقل لهم أن تقل لهم أن تقل لهم أن تقل لهم أن تقل لهم أن تقل لهم أن تقل لهم أن تقل لهم أن تقل لهم أن تقل لهم أن تقل لهم أن تقل لهم أن تقل لهم أن تقل لهم أن تقل لهم أن تقل لهم أن تقل لهم أن تقل,14.991999626159668,bjRIzAO-3Ac_134,https://www.youtube.com/watch?v=bjRIzAO-3Ac,2010.0,2025.0
unlabeled_youtube, يقول لي باش تشكي شو عندك؟ يقول لي مو دكتور عندي انا الكانسير متاع البومان فهمت؟ يتلقى في باله هو يتلقى في باله، سيلو نندي انا نعرف وانتي تعرف نبنيو حيت بينادنا,14.968000411987305,bjRIzAO-3Ac_135,https://www.youtube.com/watch?v=bjRIzAO-3Ac,2025.0,2040.0
unlabeled_youtube, هذا ما أحبه دائماً لقد قمت بعمل محاولات أخرى في المحاولات المهمة والمعلومات في الخارج يخرجون ويقولون له حسناً، لقد قمنا بعمل محاولات أخرى في محاولات أخرى في محاولات أخرى في محاولات أخرى في محاولات أخرى في محاولات أخرى في محاولات أخرى في محاولات أخرى في محاولات أخرى في محاولات أخرى في محاولات أخرى في محاولات أخرى في محاولات أخرى في محاولات أخرى في محاولات أخرى في محاولات أخرى في محاولات أخرى في محاولات أخرى في محاولات أخرى في محاولات أخرى في محاولات أخرى في محاولات أخرى في محاولات أخرى في محاولات أخرى في محاولات أخرى في محاولات أخرى في محاولات أخرى في محاولات أخرى في محاولات أخرى في محاولات أخرى في محاولات أخرى في محاولات أخرى في محاولات أخرى في محاولات أخرى في محاولات أخرى في محاولات أخرى في محاولات أخرى في محاولات أخرى في محاولات أخرى في محاولات أخرى في محاولات أخرى في محاولات أخرى في,14.97599983215332,bjRIzAO-3Ac_136,https://www.youtube.com/watch?v=bjRIzAO-3Ac,2040.0,2055.0
unlabeled_youtube, دولار نرجع لسوسيتي متاعنا عملنا دي زاتوليه إسي كونتروفيرسي واحد يقول لك من الأحسن تقوله واحد يقول لك من الأحسن ما تقوله لكن القانون ما عندكش الحق بش تخبي عليه هذيك بدنه هو يحكم فيه,14.760000228881836,bjRIzAO-3Ac_137,https://www.youtube.com/watch?v=bjRIzAO-3Ac,2055.0,2070.0
unlabeled_youtube, يجب أن تقلق و أن تقلق و أن تقلق و أن تقلق و أن تقلق و أن تقلق و أن تقلق و أن تقلق و أن تقلق و أن تقلق و أن تقلق و أن تقلق و أن تقلق و أن تقلق و أن تقلق و أن تقلق و أن تقلق و أن تقلق و أن تقلق و أن تقلق و أن تقلق و أن تقلق و أن تقلق و أن تقلق و أن تقلق و أن تقلق و أن تقلق و أن تقلق و أن تقلق و أن تقلق و أن تقلق و أن تقلق و أن تقلق و أن تقلق و أن تقلق و أن تقلق و أن تقلق و أن تقلق و أن تقلق و أن تقلق و أن تقلق و أن تقلق و أن تقلق و أن تقلق و أن تقلق و أن تقلق و أن تقلق و أن تقلق و أن تقلق و أن تقلق و أن تقلق و أن تقلق و أن تقلق و أن تقلق و أن تقلق و أن تقلق و أن تقلق و أن تقلق و أن تقلق و أن تقلق و أن تقلق و أن تقلق و أن تقلق و أن تقلق و أن تقلق و أن تقلق و أن تقلق و أن تقلق و أن تقلق و أن تقلق و أن تقلق و أن تقلق و أن تقلق و أن تق,14.62399959564209,bjRIzAO-3Ac_138,https://www.youtube.com/watch?v=bjRIzAO-3Ac,2070.0,2085.0
unlabeled_youtube, نعم نعم تستطيع أن تتعدى على الكثير من الأشخاص يجب أن تكون قوية وذلك لأننا نعمل الكثير من الرياضة نعمل المخش ونلعب الكرة لأنك في الليل يجب أن تغلق كل هذا الشيء,15.0,bjRIzAO-3Ac_139,https://www.youtube.com/watch?v=bjRIzAO-3Ac,2085.0,2100.0
unlabeled_youtube, لكي لا تنسى هذا اليوم لأنه يأتي غدوة في النهار الأخير ساعت كالنهار واحدة صاحبة تسعة متعاليل أرسل لي ديغة ديو قلت لك ما شوفتها؟ قلت لك ما هي سكرتنا؟ قلت لك ما هي سكرتنا؟,14.991999626159668,bjRIzAO-3Ac_140,https://www.youtube.com/watch?v=bjRIzAO-3Ac,2100.0,2115.0
unlabeled_youtube, لو عندك قوة خارقة تنجب الدوي بها الإنسانية من وجيعة، ما هو الوجيعة التي ترغب فيها؟,15.0,bjRIzAO-3Ac_141,https://www.youtube.com/watch?v=bjRIzAO-3Ac,2115.0,2130.0
unlabeled_youtube, كتبيب سهل عليك اللطف عليكم معناكم,15.0,bjRIzAO-3Ac_142,https://www.youtube.com/watch?v=bjRIzAO-3Ac,2130.0,2145.0
unlabeled_youtube, كانت داوية حد هكا في الوضعية الميدي وانتي تعرفوا قريب لك عزيز عليك ولا يجيت هي حالات معنى دي كوزان معنى دي كوزان,15.0,bjRIzAO-3Ac_143,https://www.youtube.com/watch?v=bjRIzAO-3Ac,2145.0,2160.0
unlabeled_youtube, كوزين داويت هميس تي با فاسيل. همم. سي تري دير. سي تري دير. هنك تعرف المقال متاع الحكاية شنية. او او تلغزرك تغزله الامريب يغزلك. همتنى. سي تري دير.,14.807999610900879,bjRIzAO-3Ac_144,https://www.youtube.com/watch?v=bjRIzAO-3Ac,2160.0,2175.0
unlabeled_youtube, مرشد وقتين عمره عشر سنين تتذكروا؟ عشر سنين أنا في مستير تتفكروا؟ تفكروا في شيء تحمم؟ شنو تحب تقول؟,14.855999946594238,bjRIzAO-3Ac_145,https://www.youtube.com/watch?v=bjRIzAO-3Ac,2175.0,2190.0
unlabeled_youtube, هو كان يجيك عشرة ثانية مرشد طويل ماذا سأقول له؟ ماذا سأقول له؟ أعتقد أنني اخترت الثانية الصحيحة بكل صراحة ماذا سأقول له؟,15.0,bjRIzAO-3Ac_146,https://www.youtube.com/watch?v=bjRIzAO-3Ac,2190.0,2205.0
unlabeled_youtube, ترجمة نانسي قنقر,14.97599983215332,bjRIzAO-3Ac_147,https://www.youtube.com/watch?v=bjRIzAO-3Ac,2205.0,2220.0
unlabeled_youtube, انا ارتحت على خطر الجمعة هذي احنا في الدارة انا كل واحد فما كورة الكورة,14.97599983215332,bjRIzAO-3Ac_148,https://www.youtube.com/watch?v=bjRIzAO-3Ac,2220.0,2235.0
unlabeled_youtube, انا اتفرجت في زوز ما تشويتش,15.0,bjRIzAO-3Ac_149,https://www.youtube.com/watch?v=bjRIzAO-3Ac,2235.0,2250.0
unlabeled_youtube, مع هذه البيس جي وبروج وحسيلو يعني شيء دوغ يعني ناس معناها متر ونص ع تيران ما يفحش ما يهبطش اللوتا,14.95199966430664,bjRIzAO-3Ac_150,https://www.youtube.com/watch?v=bjRIzAO-3Ac,2250.0,2265.0
unlabeled_youtube, ناس لابسة مليح تقول هيدو ما بشي المسرح الاربيتر قوي الاربيتر هني الاربيتر بديو سامحني في الكلمة شلكوا فيه غير عادي فهمتني؟,14.607999801635742,bjRIzAO-3Ac_151,https://www.youtube.com/watch?v=bjRIzAO-3Ac,2265.0,2280.0
unlabeled_youtube, يتفرج في ماتش كيمن هذيك وبعدي كترجع تتفرج في ماتش في تونس تكون بس كسكسيك صح؟ حسروح كسافرت؟ جو بور واحد دراو معانيش متاع ديوز جمعيات دراو مانعين شي رتحت انتي رتحت ليه مش لحقي خاكم,14.935999870300293,bjRIzAO-3Ac_152,https://www.youtube.com/watch?v=bjRIzAO-3Ac,2280.0,2295.0
unlabeled_youtube, كيف تتخلص من كل الألام التي تشاهدها بصفة يومية في العمل؟ ما هي الحاجة التي تمكنك من أن تنسى هذا كل يوم؟,15.0,bjRIzAO-3Ac_153,https://www.youtube.com/watch?v=bjRIzAO-3Ac,2295.0,2310.0
unlabeled_youtube, نتفرج فيه برشا فيلم نتفرج سيستماتيك معه في الخبار ثمانية مش متاع تونس نتفرج فيها نحط فيلم جميل,15.0,bjRIzAO-3Ac_154,https://www.youtube.com/watch?v=bjRIzAO-3Ac,2310.0,2325.0
unlabeled_youtube, في الليل نشاهد الفيلم نحاول أن نضع الوحدات التوانسة التي نرى حلها والسيري الأخضر ونقول أن هناك شخص يتفرج فيها دوما حياته كاملة ويتفرج في إنتاج,15.0,bjRIzAO-3Ac_155,https://www.youtube.com/watch?v=bjRIzAO-3Ac,2325.0,2340.0
unlabeled_youtube, نحن نحب الكثير من المثلات,15.0,bjRIzAO-3Ac_156,https://www.youtube.com/watch?v=bjRIzAO-3Ac,2340.0,2355.0
unlabeled_youtube, انا احب الكثير من الفيلمات اي مصرحية جديدة انا اذهب لتشاهدها اي فيلم جديد انا اذهب لتشاهد الفيلم الجديد جيد او باراسور يقولون جيد يبدو انه كسح قليلا,14.984000205993652,bjRIzAO-3Ac_157,https://www.youtube.com/watch?v=bjRIzAO-3Ac,2355.0,2370.0
unlabeled_youtube, بس دي يعطيك الصحة وان شاء الله هكا ما تشوفش الالام انت قاعد كاين الداوي المرضى متاعك بالالام وان شاء الله ديما زيدا,15.0,bjRIzAO-3Ac_158,https://www.youtube.com/watch?v=bjRIzAO-3Ac,2370.0,2385.0
unlabeled_youtube, نحس روحي تكلمت برشا وكتشفنا الجانب والعلم بتاعك نشكرك برشا في مرشد عبد المولى على حضورك معنا,15.0,bjRIzAO-3Ac_159,https://www.youtube.com/watch?v=bjRIzAO-3Ac,2385.0,2400.0
unlabeled_youtube, على كل هذه التوضيحات وعلى المجال هكذا الاختصاص هذا الغريب شوية كمان مدوية الألم كيفش اكتشفناه بفضلك انتي شكرا دكتور يعطيك صحة تحية لك مرحبا لك بالكل مروين في الإخراج أشوك في الإخراج الرقمي,15.0,bjRIzAO-3Ac_160,https://www.youtube.com/watch?v=bjRIzAO-3Ac,2400.0,2415.0
unlabeled_youtube, اشتركوا في القناة,10.194700241088867,bjRIzAO-3Ac_161,https://www.youtube.com/watch?v=bjRIzAO-3Ac,2415.0,2425.1947
unlabeled_youtube, ريحة رمضان على موسيقى فم سيدة سونية بشير كاتبة الدولة للصحة مرحبا بك,14.887999534606934,AQvfenACz1g_0,https://www.youtube.com/watch?v=AQvfenACz1g,0.0,15.0
unlabeled_youtube, شكراً مرحباً بك وشكراً على الاستثافة ومرحباً بكل مستمعية يا مزيكة يعطيك صحة لله وشكراً لك على قبول الدعوة أيضاً نتحث على الوضعية اللي جدت مؤخراً بعد نداء طبيب عن نفاذ مخدر,14.871999740600586,AQvfenACz1g_1,https://www.youtube.com/watch?v=AQvfenACz1g,15.0,30.0
unlabeled_youtube, دياغ اللي نجمو يعملوا بيه العمليات من غير المخدر هذيكة ما نجموش يعملوا العمليات السيد يوسف الشهد اليوم كان موجود في المستشفى تاع الاسبيتار اللي هو عبد الرحمن ميمي في أريان,14.423999786376953,AQvfenACz1g_2,https://www.youtube.com/watch?v=AQvfenACz1g,30.0,45.0
unlabeled_youtube, والسيدة لي المركزية من جهة تقول أنه الدواء متوفر ومن جهة أخرى الأطباء يقولوا أنه ليس متوفر وأنا كانت أفهم حاجة نقصتني حتى في أسماء يعني لا نستطيع أن نقوم بإجراء تحديث كبير لا نستطيع أن نقوم بإجراء تحديث كبير,14.640000343322754,AQvfenACz1g_3,https://www.youtube.com/watch?v=AQvfenACz1g,45.0,60.0
unlabeled_youtube, شكراً. أنا توجيت كنت في مجلس وزيري مضايق. أشرف علي سيد رئيس الحكومة.,14.687999725341797,AQvfenACz1g_4,https://www.youtube.com/watch?v=AQvfenACz1g,60.0,75.0
unlabeled_youtube, المؤسسات الاستشفائية العمومية. لذلك، لكي أقول لكم، كحكومة، نحن نأتي بإمكانيات مختلفة، ووزارة الصحة، بالطبع. أردت أن أقول لك، يمين، رغم أن لا نأتي مع سؤالك.,14.824000358581543,AQvfenACz1g_5,https://www.youtube.com/watch?v=AQvfenACz1g,75.0,90.0
unlabeled_youtube, هو قبل حتى صيحة الفزاعة بتاع الدكتور فوزي عداد الإشكاليات هذه اتطرحت بالنسبة للدواء موجود مش موجود احنا بش نتشخيص نعرفوه ونصنفوه اللي هو فما مجبور,14.631999969482422,AQvfenACz1g_6,https://www.youtube.com/watch?v=AQvfenACz1g,90.0,105.0
unlabeled_youtube, مجموعة من الأدوية اللي هي بالحق ما هيش موجودة مجموعة من الأدوية اللي هي موجودة بكمية ناقصة ومجموعة من الأدوية اللي هي موجودة في السوق كيف عادتها ولا أقل شوية متوفرة,14.904000282287598,AQvfenACz1g_7,https://www.youtube.com/watch?v=AQvfenACz1g,105.0,120.0
unlabeled_youtube, كوزارة الصحة عنا قاعدين نشتغلوا على لتوفير الدوائيات هذوما مانيش قاعدين مربعين يدينا سخت ودي مرة هو مانيش نقول اللي هو الدوائيات,15.0,AQvfenACz1g_8,https://www.youtube.com/watch?v=AQvfenACz1g,120.0,135.0
unlabeled_youtube, موجود متوفر وهنا ما ذبيه كان ما نحكيش كان عدوى فمزيد المستلزمات الطبية اللي نحكي وعليك تحكي انت على فاسمة وعلى ديغان ستيريل حتى شوفناهم في الريزو سوشيو حتى هم متصور,14.680000305175781,AQvfenACz1g_9,https://www.youtube.com/watch?v=AQvfenACz1g,135.0,150.0
unlabeled_youtube, التشخيص معروف لا نستطيع أن نتحدث عنه لكن يجب أن نتحدث عن الحلول ما هو الحل؟ الحل للأزمة هذه؟ هل تسمح مدام سونيا؟,14.880000114440918,AQvfenACz1g_10,https://www.youtube.com/watch?v=AQvfenACz1g,150.0,165.0
unlabeled_youtube, كنت واضحة، قلت هناك أدوية ليست موجودة تماماً، و هناك أدوية ناقصة، و هناك أدوية متوفرة أو أحياناً بقلة.,15.0,AQvfenACz1g_11,https://www.youtube.com/watch?v=AQvfenACz1g,165.0,180.0
unlabeled_youtube, ما هي المواقع الأدوية الغير متوفرة تماما؟ على الخطف ما يقالوا أدوية السكر وذغط الدم والتخطير وأصناف من المضادات الحيوية وحبوب منع الحمل وعدد من الأدوية العادية للأمراض السرطانية,14.944000244140625,AQvfenACz1g_12,https://www.youtube.com/watch?v=AQvfenACz1g,180.0,195.0
unlabeled_youtube, سعر الأمراض السرطانية يوجد هناك سرطان مسطر ويوجد هناك سندق اجتماعي يتعامل بهم من خلال الكلام وفنانسهم. ودائرة المريض بالنسبة للأدوية هذه يأخذها من الكلينيك والبولي كلينيك.,14.37600040435791,AQvfenACz1g_13,https://www.youtube.com/watch?v=AQvfenACz1g,195.0,210.0
unlabeled_youtube, بخصوص الأمراض والسرطان؟,15.0,AQvfenACz1g_14,https://www.youtube.com/watch?v=AQvfenACz1g,210.0,225.0
unlabeled_youtube, نحن نحن نحن نحن نحن نحن نحن نحن نحن نحن نحن نحن نحن نحن نحن نحن نحن نحن نحن نحن نحن نحن نحن نحن نحن نحن نحن نحن نحن نحن نحن نحن نحن نحن نحن نحن نحن نحن نحن نحن نحن نحن نحن نحن نحن نحن نحن نحن نحن نحن نحن نحن نحن نحن نحن نحن نحن نحن نحن نحن نحن نحن نحن نحن نحن نحن نحن نحن نحن نحن نحن نحن نحن نحن نحن نحن نحن نحن نحن نحن نحن نحن نحن نحن نحن نحن نحن نحن نحن نحن نحن نحن نحن نحن نحن نحن نحن نحن نحن نحن نحن نحن نحن نحن نحن نحن نحن نحن نحن نحن نحن نحن نحن نحن نحن نحن نحن نحن نحن نحن نحن نحن نحن نحن نحن نحن نحن نحن نحن نحن نحن نحن نحن نحن نحن نحن نحن نحن نحن نحن نحن نحن نحن نحن نحن نحن نحن نحن,15.0,AQvfenACz1g_15,https://www.youtube.com/watch?v=AQvfenACz1g,225.0,240.0
unlabeled_youtube, على خطر أنا كيجي حد يقول الأدوية السكري وضغط الدم والتخدير وأصنف من المضادات الحيوية وحبوب منع الحمل وعدد من الأدوية الأمراض السرطانية ما هيش متوفرة في تونس ما واحد يقول يحب يعرف المعلومة كان فما هذومة,15.0,AQvfenACz1g_16,https://www.youtube.com/watch?v=AQvfenACz1g,240.0,255.0
unlabeled_youtube, والذي لم يفهمه يقول له لم يفهمه هناك أدوية أنا لا أستطيع أن أسميهم الميديكامون ما هي الميديكامون؟ أدوية السكرية أدوية السكرية هناك أشخاص الذين لا يأخذون الحراب أشخاص يأخذون الأنسولين,14.831999778747559,AQvfenACz1g_17,https://www.youtube.com/watch?v=AQvfenACz1g,255.0,270.0
unlabeled_youtube, ديجا في الحرابش متاع الانتي ديابيتيكو غو فيهم بشا انواع متاع معناتها دوايات اللي اه جو بريفر كيث ما قلت اللي احنا نمشيو مش نقولو معناتها شنو التدخل كا كا,15.0,AQvfenACz1g_18,https://www.youtube.com/watch?v=AQvfenACz1g,270.0,285.0
unlabeled_youtube, اليوم في المجلس القرارات اللي خذيناهم يصرتوا في وزارة الصحة والصيدلية المركزية هو الدياكنوستيك والتشخيص من أهم الحاجات اللي هو النقص في السيولة بالنسبة للصيدلية المركزية,15.0,AQvfenACz1g_19,https://www.youtube.com/watch?v=AQvfenACz1g,285.0,300.0
unlabeled_youtube, مزاودين أجانب ما همش خالصين في فلوسهم ولا المزاودين الأجانب قاعدين يخلصوا معناتها بصفة متأخرة اللي هم بيدهم عندهم اللي لابوراتور متاحهم في البلدين اللي منين جايين منهم اللي هم زادة يجموا يمشيوا معاهم,14.944000244140625,AQvfenACz1g_20,https://www.youtube.com/watch?v=AQvfenACz1g,300.0,315.0
unlabeled_youtube, مدة أشهر لكن كي توصل المرحلة هما بيدهم يتغلقوا لذا التزاود بالنسبة للدواء هذوما اللي جايين من الخارج مش يكون بكمية أنقص عندك الفلوس متاعك تشري تولي معناتها ما عدش تدخل في اللون,14.815999984741211,AQvfenACz1g_21,https://www.youtube.com/watch?v=AQvfenACz1g,315.0,330.0
unlabeled_youtube, ونحن نحن نحن نحن نحن نحن نحن نحن نحن نحن نحن نحن نحن نحن نحن نحن نحن نحن نحن نحن نحن نحن نحن نحن نحن نحن نحن نحن نحن نحن نحن نحن نحن نحن نحن نحن نحن نحن نحن نحن نحن نحن نحن نحن نحن نحن نحن نحن نحن نحن نحن نحن نحن نحن نحن نحن نحن نحن نحن نحن نحن نحن نحن نحن نحن نحن نحن نحن نحن نحن نحن نحن نحن نحن نحن نحن نحن نحن نحن نحن نحن نحن نحن نحن نحن نحن نحن نحن نحن نحن نحن نحن نحن نحن نحن نحن نحن نحن نحن نحن نحن نحن نحن نحن نحن نحن نحن نحن نحن نحن نحن نحن نحن نحن نحن نحن نحن نحن نحن نحن نحن نحن نحن نحن نحن نحن نحن نحن نحن نحن نحن نحن نحن نحن نحن نحن نحن نحن نحن نحن نحن نحن نحن نحن نحن نحن نحن نح,14.887999534606934,AQvfenACz1g_22,https://www.youtube.com/watch?v=AQvfenACz1g,330.0,345.0
unlabeled_youtube, والذي نسحب من المارشة لا نكون وافحين نسحب ونقول أنا تونس لن نزودها لا دائما التزويد موجود بكميات صغيرة سخط وهذا عليش هنا مش نرجع الكميات الصغيرة عليش خاطر,14.887999534606934,AQvfenACz1g_23,https://www.youtube.com/watch?v=AQvfenACz1g,345.0,360.0
unlabeled_youtube, إنت كنت تزود في كمتة X واللي تزود في X ديوزيه بار ديس. ستو تافي لوجيك اللي الفرماسية هذيك تلقى فيها موجودة وهذيك مش موجودة. لكن هني نرجعو بور بارلي دول حوكمة.,14.760000228881836,AQvfenACz1g_24,https://www.youtube.com/watch?v=AQvfenACz1g,360.0,375.0
unlabeled_youtube, يجب أن يكون لدينا وزارة الصحية نستطيع الدخول,14.871999740600586,AQvfenACz1g_25,https://www.youtube.com/watch?v=AQvfenACz1g,375.0,390.0
unlabeled_youtube, وقت اللي فهمها الاشكالية هذي نرجع بالنسبة للدوايات واللي ناقصها كيف ما فماش تويولا بعض اللي لابوغاتواغ اللي ديما نأكد راهو ما سكر حتى لابوغاتواغ كيف ما تمت داولو ولا قالوا احنا معاش مش تعاملو مع تونس تونس هيك,14.991999626159668,AQvfenACz1g_26,https://www.youtube.com/watch?v=AQvfenACz1g,390.0,405.0
unlabeled_youtube, وجهة معناتها حتى بالنسبة للإنفسيسور كيه تريز امبورتانت وبقدرة ربي الحلول موجودة مش يكملوا يخدموا معنا دي ما جانسيست اللي راهو نقص تلقاه مدة جمعة جمعتين وبعد يتم إعادة التزويد معناتها,15.0,AQvfenACz1g_27,https://www.youtube.com/watch?v=AQvfenACz1g,405.0,420.0
unlabeled_youtube, مرة أخرى وبيقي لكن المواطن التونسي مش يحس اللي هو فما نقص وعنده الحق اليوم مش المواطن التونسي اللي حاسس بالنقص اليوم المواطن التونسي والطبيب والطبيب يعني وقت اللي الطبيب يصل يقول أنا ما نجمش نعرف,15.0,AQvfenACz1g_28,https://www.youtube.com/watch?v=AQvfenACz1g,420.0,435.0
unlabeled_youtube, هو ما نجمش يعمل العملية على خاطر الدابوزة هذيك صغيرة وفات له لكن بعد معنيتها كلك زهر تم تزويد الاسبتار بالمادة هذيك ورجعت تخدم معنيتها النقص يكون ذاتي,15.0,AQvfenACz1g_29,https://www.youtube.com/watch?v=AQvfenACz1g,435.0,450.0
unlabeled_youtube, ضرفي مش ده فاسو كونتينيو مفهما حتى واحد معني تمشي لكن دي ما بقولك رابعظ هذه نقطة انا نتفهم تقولي به اوكي نقص ضرفي او انتي نهار اثنين ومبعد نزودك اوكي تخير بيان انتي,14.880000114440918,AQvfenACz1g_30,https://www.youtube.com/watch?v=AQvfenACz1g,450.0,465.0
unlabeled_youtube, أكثر مني وأكثر من الناس جميعاً على صفحة الإجراء يجب أن يكون لديها وقت لتحذر ويجب أن يكون لديه الموظفين يستطيعون الحكم عليه وكالدبوزة الصغيرة ذيكة بعد أن تحذر صفحة الإجراء,14.871999740600586,AQvfenACz1g_31,https://www.youtube.com/watch?v=AQvfenACz1g,465.0,480.0
unlabeled_youtube, ينجب يقولك اه ما عنيش دابوزة صغيرة ذي يبطل كل شيء والمريضة اللي كانوا محاضرين له البيلون بتاعه والدم والسخانة واللي تحب انت الكله يقولوا له لا بطلت العملية وكالعائلة تعاود تقعد تستنى منه له جديد على خاطر ما نجموش يعمل العملية معناه اليوم اذا كان الاستغاثة من العائلة,15.0,AQvfenACz1g_32,https://www.youtube.com/watch?v=AQvfenACz1g,480.0,495.0
unlabeled_youtube, معناها يظهر لي في أزمة حقيقية أغزر باي أحنا في أزمة نقضوا مربعين دينا لا هذيك عليش نسأل فيها مانيش قاعدين مربعين دينا هذيك عليش من لي أول ما جيت أحنا من البلاتو قلت لك راهوا التشخيص والصيحات الفزاعة متعددة,15.0,AQvfenACz1g_33,https://www.youtube.com/watch?v=AQvfenACz1g,495.0,510.0
unlabeled_youtube, ما تحضرش الدولة تحضر إنسان دوبراشيون ومن بعد نلقى روحي نقص دوية ونبطل دوبراشيون,15.0,AQvfenACz1g_34,https://www.youtube.com/watch?v=AQvfenACz1g,510.0,525.0
unlabeled_youtube, أنت تسهل لكن أنا لا أجيبك بسؤال. هل حسب رأيك الدولة التونسية أو وزارة الصحة بشكل مختلف عندها الفلوس لا يتوفر في السبيتار؟ لا أتحدث عن وزارة أو مؤسسات.,14.86400032043457,AQvfenACz1g_35,https://www.youtube.com/watch?v=AQvfenACz1g,525.0,540.0
unlabeled_youtube, عندها الفلوس مش تجم تشري اكل كونسو مابل هذكا وهي بخلط المواطن التونسي اللي هي تشوف فيه كل يوم ما حبيتش تشري له لون دو سا كمان معمورها ما نجمو نتصوره في الواحد كتقولي ايه,14.815999984741211,AQvfenACz1g_36,https://www.youtube.com/watch?v=AQvfenACz1g,540.0,555.0
unlabeled_youtube, ترجمة نانسي قنقر,14.968000411987305,AQvfenACz1g_37,https://www.youtube.com/watch?v=AQvfenACz1g,555.0,570.0
unlabeled_youtube, نرجع مش نقول التشخيص نعرفوه الحلول هي اللي مهمة وأهم وتوة يلزمها تتحط على طاولة بصفة استعجالية كيف ما قلت راهو الديون اللي تراكمت على الفرماسي سنترا,14.784000396728516,AQvfenACz1g_38,https://www.youtube.com/watch?v=AQvfenACz1g,570.0,585.0
unlabeled_youtube, والتراكمة على المؤسسات الاستشفائية خاطر زيدة ما تنسيش عنا بعض المؤسسات الاستشفائية هي بيدها تشري الكونسومة بلمفاحة وحدها حتى مش أترافير لفرماسي سنترال والدويجة أترافير لفرماسي سنترال الخاصة والعمومية مدرسة,14.928000450134277,AQvfenACz1g_39,https://www.youtube.com/watch?v=AQvfenACz1g,585.0,600.0
unlabeled_youtube, فهمت كيفش ما أنت عندها الحق اللي هي كاكونسو ما بتشري فيهم من مزاودين أخرين خواص إندي كيف ما عشت تخلص المزاود الخواص وما عشت تخلص لفرماسي سنترال فرماسي سنترال راجعة بالنظر وتحت نفس سلطة الاشراف,15.0,AQvfenACz1g_40,https://www.youtube.com/watch?v=AQvfenACz1g,600.0,615.0
unlabeled_youtube, والفرماسي سنترال ما يجتخلص في المزاود الأجنبي من غاديكة اللي هو قاعد يجيب لها في الدواة هذيكة ستوت فيه لوجيك اللي الأزمة هذي زادت كثرت ونرجعوا لأزمة الصندوق,14.616000175476074,AQvfenACz1g_41,https://www.youtube.com/watch?v=AQvfenACz1g,615.0,630.0
unlabeled_youtube, لكن الحلول بدأت فيهم بشكل مباشر، ومع ذلك تنسيكا كل المواطن لا يشعر بأنه يوجد تحسين، لكنه ليس شيئا آمنا.,14.991999626159668,AQvfenACz1g_42,https://www.youtube.com/watch?v=AQvfenACz1g,630.0,645.0
unlabeled_youtube, المواطن يستنى منه وحقه راهو المواطن يستنى منه يقولك الدواء يتقطع ما يزمش يفوت لي جمعة يزمني نلقاه وعنده الحق في الشيء هذيك يقوله المواطن,14.751999855041504,AQvfenACz1g_43,https://www.youtube.com/watch?v=AQvfenACz1g,645.0,660.0
unlabeled_youtube, نرجع بالنسبة للقرارات المجلسية,14.920000076293945,AQvfenACz1g_44,https://www.youtube.com/watch?v=AQvfenACz1g,660.0,675.0
unlabeled_youtube, ترجمة نانسي قنقر,14.791999816894531,AQvfenACz1g_45,https://www.youtube.com/watch?v=AQvfenACz1g,675.0,690.0
unlabeled_youtube, افهمنا اللي زيد معني انت كان مش نقعد بحلول ترقيعية شوية منها شوية منها لا يلزم تدخل الدولة واليوم سيد الرئيس اخذي القرار هذي اللي الدولة مش تدخل لتوفير السيولة,14.871999740600586,AQvfenACz1g_46,https://www.youtube.com/watch?v=AQvfenACz1g,690.0,705.0
unlabeled_youtube, ترجمة نانسي قنقر,15.0,AQvfenACz1g_47,https://www.youtube.com/watch?v=AQvfenACz1g,705.0,720.0
unlabeled_youtube, يعني اليوم تونس مستحقاتها من المزاودين في الخارج بالنسبة لفرق مستشفى الخارج هم 500 مليار,15.0,AQvfenACz1g_48,https://www.youtube.com/watch?v=AQvfenACz1g,720.0,735.0
unlabeled_youtube, المترجم للقناة,15.0,AQvfenACz1g_49,https://www.youtube.com/watch?v=AQvfenACz1g,735.0,750.0
unlabeled_youtube, معناتها هو الحل الأجدر توف تسريع خلاص ديون الصيدلية المركزية وتكون معناتها التدخل هذا اليوم قرار أول قرار خفاس عيد الرئيس معناتها في اللجنة هو توفير السيولة اللازمة,15.0,AQvfenACz1g_50,https://www.youtube.com/watch?v=AQvfenACz1g,750.0,765.0
unlabeled_youtube, أنت تراجع الفلوس الفرباسيسي الوطني لا تتخلص ديونها في زاوية من فرنسيات أخرى وكل شيء لا يزيد ومشي وخد راهي ثيقة بتاع اللابوراتوار الأخرى,15.0,AQvfenACz1g_51,https://www.youtube.com/watch?v=AQvfenACz1g,765.0,780.0
unlabeled_youtube, ترجمة نانسي قنقر,14.895999908447266,AQvfenACz1g_52,https://www.youtube.com/watch?v=AQvfenACz1g,780.0,795.0
unlabeled_youtube, صغير برشا وعندهم معنيتا ديز انستلاسيون فريمون نوفين اما لجروس بوات اللي هي ثيقة تاما في تونس واللي هما معنيتا فاما جانب كبير منهم من فرنسا العلاقات اللي تربطنا بفرنسا معنيتا اكبر برشا من الحاجات هذوما,14.807999610900879,AQvfenACz1g_53,https://www.youtube.com/watch?v=AQvfenACz1g,795.0,810.0
unlabeled_youtube, ونحن هنا، ومن أول قرارات لإختيام سيد الرئيس هو أن يكون من المفترض أن يكون من المفترض أن يكون من المفترض أن يكون من المفترض أن يكون من المفترض أن يكون من المفترض أن يكون من المفترض أن يكون من المفترض أن يكون من المفترض أن يكون من المفترض أن يكون من المفترض أن يكون من المفترض أن يكون من المفترض أن يكون من المفترض أن يكون من المفترض أن يكون من المفترض أن يكون من المفترض أن يكون من المفترض أن يكون من المفترض أن يكون من المفترض أن يكون من المفترض أن يكون من المفترض أن يكون من المفترض أن يكون من المفترض أن يكون من المفترض أن يكون من المفترض أن يكون من المفترض أن يكون من المفترض أن يكون من المفترض أن يكون من المفترض أن يكون من المفترض أن يكون من المفترض أن يكون من المفترض أن يكون من المفترض أن يكون من المفترض أن يكون من المفترض أن يكون من المفترض أن يكون من المفترض أن يكون من المفترض أن يكون من المفترض أن يكون من المفترض أن يكون من المفترض أن يكون من المفترض أن يكون من المفترض أن يكون من المفترض أن يكون من المفترض أن يكون من المفترض أن يكون من المفترض أن يكون من المفترض أن يكون من المفترض أن يكون من المفترض أن يكون من المفترض أن ي,14.767999649047852,AQvfenACz1g_54,https://www.youtube.com/watch?v=AQvfenACz1g,810.0,825.0
unlabeled_youtube, هو طلب من اللجنة مش تعطي رابور هدوى عطاهم 24 ساعة معنيتها مش يعطيوا المقرر متاحهم كيفاش مش نمشي للسيولة هذية في هذا الإتار خلنا نتحدث على الدواء وعليك المخدر اللي يتحدث عليه,15.0,AQvfenACz1g_55,https://www.youtube.com/watch?v=AQvfenACz1g,825.0,840.0
unlabeled_youtube, الطبيب فوزي عديد قال لك يصنع في تونس في لابوغاتوار تونسية على ملك رجل أعمل تونس ديو الممثل زادة في البرلمي شبيه مش موجود شبيه مش موجود وقلنا لأخرين خاطر احنا مش متخلصين,15.0,AQvfenACz1g_56,https://www.youtube.com/watch?v=AQvfenACz1g,840.0,855.0
unlabeled_youtube, ديما نرجع لك نقول لك c'est un problème c'est un problème de gouvernance,15.0,AQvfenACz1g_57,https://www.youtube.com/watch?v=AQvfenACz1g,855.0,870.0
unlabeled_youtube, حاكما حاكما وهذوما أبار القرارات اللي أخذناهم اليوم في المجلس الوزيري راهوا فما دي مزور داكمبانيوما أمينة اللي يلزمهم يمشي,15.0,AQvfenACz1g_58,https://www.youtube.com/watch?v=AQvfenACz1g,870.0,885.0
unlabeled_youtube, نرجع الوضع هذا إلا بعد ثلاث سنوات نرجع الوضع هذا إلا بعد ثلاث سنوات نرجع الوضع هذا إلا بعد ثلاث سنوات نرجع الوضع هذا إلا بعد ثلاث سنوات نرجع الوضع هذا إلا بعد ثلاث سنوات نرجع الوضع هذا إلا بعد ثلاث سنوات نرجع الوضع هذا إلا بعد ثلاث سنوات نرجع الوضع هذا إلا بعد ثلاث سنوات نرجع الوضع هذا إلا بعد ثلاث سنوات نرجع الوضع هذا إلا بعد ثلاث سنوات نرجع الوضع هذا إلا بعد ثلاث سنوات نرجع الوضع هذا إلا بعد ثلاث سنوات نرجع الوضع هذا إلا بعد ثلاث سنوات نرجع الوضع هذا إلا بعد ثلاث سنوات نرجع الوضع هذا إلا بعد ثلاث سنوات نرجع الوضع هذا إلا بعد ثلاث سنوات نرجع الوضع هذا إلا بعد ثلاث سنوات نرجع الوضع هذا إلا بعد ثلاث سنوات نرجع الوضع هذا إلا بعد ثلاث سنوات نرجع الوضع هذا إلا بعد ثلاث سنوات نرجع الوضع هذا إلا بعد ثلاث سنوات نرجع الوضع هذا إلا بعد ثلاث سنوات نرجع الوضع هذا إلا بعد ثلاث سنوات نرجع الوضع,15.0,AQvfenACz1g_59,https://www.youtube.com/watch?v=AQvfenACz1g,885.0,900.0
unlabeled_youtube, التنظيم العلاقة بين المؤسسة الاستشفائية من جهة والكنام من جهة والسينسيس من جهة أخرى والفارماسي سنترال من جهة أخرى كأنه حاجة أخكاييك حاجة متاع الستينيات,15.0,AQvfenACz1g_60,https://www.youtube.com/watch?v=AQvfenACz1g,900.0,915.0
unlabeled_youtube, والسبعينات. اليوم يلزمنا نبدلوا نساق التعامل بينيتهم او طريقة جديدة في التعامل بينيتهم حتى ما انتحوش يظهري في المشاكل هذي. وقلها ما نش مستحقين. من عشرة. هذية لا غي فور ما انت حتيت ما نتسبق على الاشكالية. سي لا غي فور,14.935999870300293,AQvfenACz1g_61,https://www.youtube.com/watch?v=AQvfenACz1g,915.0,930.0
unlabeled_youtube, المترجم للقناة,15.0,AQvfenACz1g_62,https://www.youtube.com/watch?v=AQvfenACz1g,930.0,945.0
unlabeled_youtube, الخدمات كقطاع عموم بالنسبة للمواطنين التوينز وأحنا نكون نحن نكون نحن نكون نحن نحن نحن نحن نحن نحن نحن نحن نحن نحن نحن نحن نحن نحن نحن نحن نحن نحن نحن نحن نحن نحن نحن نحن نحن نحن نحن نحن نحن نحن نحن نحن نحن نحن نحن نحن نحن نحن نحن نحن نحن نحن نحن نحن نحن نحن نحن نحن نحن نحن نحن نحن نحن نحن نحن نحن نحن نحن نحن نحن نحن نحن نحن نحن نحن نحن نحن نحن نحن نحن نحن نحن نحن نحن نحن نحن نحن نحن نحن نحن نحن نحن نحن نحن نحن نحن نحن نحن نحن نحن نحن نحن نحن نحن نحن نحن نحن نحن نحن نحن نحن نحن نحن نحن نحن نحن نحن نحن نحن نحن نحن نحن نحن نحن نحن نحن نحن نحن نحن نحن نحن نحن نحن نحن نحن نحن نحن نحن نحن نحن نحن نحن نحن نحن نحن ن,14.432000160217285,AQvfenACz1g_63,https://www.youtube.com/watch?v=AQvfenACz1g,945.0,960.0
unlabeled_youtube, المواطن اللي هو قاعد يدفع من مكتوب وأبقى سيتود كوتيزيشن من القرارات اللي خذهم زيدة سيد الرئيس اليوم في وسط المجلس بتاعنا اللي هو في مصندوق اللي هو تم بعثه الأحداث بتاعه بمقتضى قانون في المواطن,14.871999740600586,AQvfenACz1g_64,https://www.youtube.com/watch?v=AQvfenACz1g,960.0,975.0
unlabeled_youtube, في الميزانية بتاع 2017 السندوق هذا إيش نوى السندوق منين معنى تيجيو لسرس دو فينانسمان بتاع السندوق هذا هو تولي بروديو تيسو نوسيف بور لا سانتي موضرين بلصحة اللي هم موضرين بصحة مش,15.0,AQvfenACz1g_65,https://www.youtube.com/watch?v=AQvfenACz1g,975.0,990.0
unlabeled_youtube, ترجمة نانسي قنقر ترجمة نانسي قنقر ترجمة نانسي قنقر ترجمة نانسي قنقر ترجمة نانسي قنقر ترجمة نانسي قنقر ترجمة نانسي قنقر ترجمة نانسي قنقر ترجمة نانسي قنقر ترجمة نانسي قنقر ترجمة نانسي قنقر ترجمة نانسي قنقر ترجمة نانسي قنقر ترجمة نانسي قنقر ترجمة نانسي قنقر ترجمة نانسي قنقر ترجمة نانسي قنقر ترجمة نانسي قنقر ترجمة نانسي قنقر ترجمة نانسي قنقر ترجمة نانسي قنقر ترجمة نانسي قنقر ترجمة نانسي قنقر ترجمة نانسي قنقر ترجمة نانسي قنقر ترجمة نانسي قنقر ترجمة نانسي قنقر ترجمة نانسي قنقر ترجمة نانسي قنقر ترجمة نانسي قنقر ترجمة نانسي قنقر ترجمة نانسي قنقر ترجمة نانسي قنقر ترجمة نانسي قنقر ترجمة نانسي قنقر ترجمة نانسي قنقر ترجمة نانسي قنقر ترجمة نانسي قنقر ترجمة نانسي قنقر ترجمة نانسي قنقر ترجمة ن,14.991999626159668,AQvfenACz1g_66,https://www.youtube.com/watch?v=AQvfenACz1g,990.0,1005.0
unlabeled_youtube, الكتاستروف اللي هم مثلا كيف يعيشين نوليو نجم احنا بالصندوق هذي تم تمويله اي برودي يكون هو نصيف بور لا سنتي مضر بصحة المواطن يلزم تصير اعليها ويدخل في الصندوق الخاص,14.736000061035156,AQvfenACz1g_67,https://www.youtube.com/watch?v=AQvfenACz1g,1005.0,1020.0
unlabeled_youtube, للصحة العمومية ما يدخلش في حتى صندوق واحد آخر معناتها اسمه صندوق موساندة الصحة العمومية موجود لكن يزم يتم تفعيله هذا من القرارات اللي اخذيناهم على مدى طويل مدى طويل ولا مدى متوسط,15.0,AQvfenACz1g_68,https://www.youtube.com/watch?v=AQvfenACz1g,1020.0,1035.0
unlabeled_youtube, أعطينا المدام قصير الاستعجالي الاستعجالي هو كيف ما قلت لكم أنت تدخل الدولة لتوفير السيولة اللازمة بها هي أنت ضعي بانجيل دات متاعنا أنترير فما زيد معالي لابوراتورة توينسا اللي يصنعوا في الدولة في توينسا,15.0,AQvfenACz1g_69,https://www.youtube.com/watch?v=AQvfenACz1g,1035.0,1050.0
unlabeled_youtube, تسريح في إصلاح الصناديق الاجتماعية كما تقولها العالم,15.0,AQvfenACz1g_70,https://www.youtube.com/watch?v=AQvfenACz1g,1050.0,1065.0
unlabeled_youtube, معنية كيفاشا لي أنتو بطيبو كومبليكيء وكومبليكس نرجع لزادة المصانعين الأدوية التوانسة اليوم في القرارات اللي تخزيه واللي هو يلزم يتم تشجيحهم معنية بصفة الأليات هذوك ممتازة,15.0,AQvfenACz1g_71,https://www.youtube.com/watch?v=AQvfenACz1g,1065.0,1080.0
unlabeled_youtube, نحن سنجدهم كما يجب أن نتعامل معهم أكثر ويجب أن يكون المصدف مرتون في بلد المصنع يحس روحه ليس فقط أنه في السيطرة لكنه يرى الدولة التي تشجع فيها ويبطئها,15.0,AQvfenACz1g_72,https://www.youtube.com/watch?v=AQvfenACz1g,1080.0,1095.0
unlabeled_youtube, لذلك الانتظار اليوم لبعض الأدوية المصنعة في تونس. إنه مجرد مجرد مجرد مجرد مجرد مجرد مجرد مجرد مجرد مجرد مجرد مجرد مجرد مجرد مجرد مجرد مجرد مجرد مجرد مجرد مجرد مجرد مجرد مجرد مجرد مجرد مجرد مجرد مجرد مجرد مجرد مجرد مجرد مجرد مجرد مجرد مجرد مجرد مجرد مجرد مجرد مجرد مجرد مجرد مجرد مجرد مجرد مجرد مجرد مجرد مجرد مجرد مجرد مجرد مجرد مجرد مجرد مجرد مجرد مجرد مجرد مجرد مجرد مجرد مجرد مجرد مجرد مجرد مجرد مجرد مجرد مجرد مجرد مجرد مجرد مجرد مجرد مجرد مجرد مجرد مجرد مجرد مجرد مجرد مجرد مجرد مجرد مجرد مجرد مجرد مجرد مجرد مجرد مجرد مجرد مجرد مجرد مجرد مجرد مجرد مجرد مجرد مجرد مجر,15.0,AQvfenACz1g_73,https://www.youtube.com/watch?v=AQvfenACz1g,1095.0,1110.0
unlabeled_youtube, ويعرف مواطن كيفو كيفو معنى تولد بلد وتونسي ومهوش مش يقعد يقولك ليه ما اللي فريه اللي كان بالفلوس يصيروا دي دي تنسيو واحد ومشكورين اشك فوق وانه يسلسل يقولك احنا هنا دكو وقت ايش تبدأ تتوفر الادويات,14.968000411987305,AQvfenACz1g_74,https://www.youtube.com/watch?v=AQvfenACz1g,1110.0,1125.0
unlabeled_youtube, تقريباً إذا كانت تصلح المشكلة بتاع الفلوس أنا متأكدة اللي بقدر تربي دي سي معناتها كلك سمان تو رنتر غادر لغتر حتر راو رسائل بتاع الطمقنا احنا مانيش مش نستناو حتالين الفلوس مش تتصب مش نخلصو الناس,14.968000411987305,AQvfenACz1g_75,https://www.youtube.com/watch?v=AQvfenACz1g,1125.0,1140.0
unlabeled_youtube, ونحن ندعوك نجعلنا,15.0,AQvfenACz1g_76,https://www.youtube.com/watch?v=AQvfenACz1g,1140.0,1155.0
unlabeled_youtube, شكرا لك ديما تكون معنا وشكرا لك على الرياكتيفتي متاعك لسونيا بشيخ كاتبة الدولة,10.95199966430664,AQvfenACz1g_77,https://www.youtube.com/watch?v=AQvfenACz1g,1155.0,1166.617
