dataset,prediction,reference,duration_s,audio_id,sample_wer
labeled_linagora_cs_arabize,ق زلت مقتنعة الي اتي تحب تبطل جسبي ه يقعد معايا,و الله لا وراس لا و الله مقتنع و الله اسمعني س ديجا,7.776000022888184,amenyKH_0000006_0000006_0002012_partie0000001_0000003_chunk_0000259_06_06_2012_partie1_3_chunk_259_0,1.0
labeled_linagora_cs_arabize,stifdi,استفتاء,1.2640000581741333,estefte_31640_0,1.0
labeled_linagora_cs_arabize,يكري كجو,يكري كرهبة,0.8799999952316284,ar--2389_1.25.wav_2389_1.25_0,0.5
labeled_linagora_cs_arabize,啊لل了,عبد الله مشى سال طفلة,1.527999997138977,ar--3084_1.5.wav_3084_1.5_0,1.0
labeled_linagora_cs_arabize,hadi ɣaleḍi mecɣalet,هاذي غلطتي مش غلطتك,2.2160000801086426,TunSwitchTO_0000003_0000014_0000038_d0000003f_3_14_38_d3f_0,1.0
labeled_linagora_cs_arabize,على خاطر فم عبيت تسمع فيك ويهمها اللي تحكي فيه والكل م   ويخموا معناها,بودكاستينق يت ماكس ماي داي على خاطر فمة عباد تسمع فيك و يهمها لي تحكي فيه و كل و ذاي كير اباوت يو و يخمموا معناها,9.5600004196167,0000662_0000150_0000000_662_150_0_0,0.7307692307692307
labeled_linagora_cs_arabize,يطفيو الضوء خليقة تروة إلى الإمارات تهز حتى كأس الحومة توا تشوف الدنيا كيفاش تتقلب,يطفيو الضو خلي قطر ولا الامارات تهز حتى كاس الحومة توا تشوف دنيا كيفاش تتقلب,6.423999786376953,TunSwitchTO_0000047_0000019_0000047_vc0000000_47_19_47_vc0_0,0.4666666666666667
labeled_linagora_cs_arabize,عبدالله سا اللينرف اليشي,عبد الله سال لمرا في القيشي,1.8480000495910645,ar--3098_1.5.wav_3098_1.5_0,1.0
labeled_linagora_cs_arabize,كله كوم ها قصر العدالة الجديد اللي تبناء كوم آخر اللي هو خوك زوكربيرج ربي يفضلو بنانها القصر هذيا البلو,كله كوم و ها قصر العداله الجديد الي تبنا كوم آخر الي هو خوك زكربرك ربي يفضله بنلنا ها القصر هذايا البلو,8.711999893188477,youtube_87c6FBEaEWU_0,0.45454545454545453
labeled_linagora_cs_arabize,اللي هو فيسبوك,الي هو فيسبوك,1.055999994277954,youtube_87c6FBEaEWU_1,0.3333333333333333
labeled_linagora_cs_arabize,يا خويا ابني ونا قصر عدال اسمه فيسبوك ولبسونا محامين الكل بالأزرق,يا اخويا ابنونا قصر عداله اسمه فيسبوك ولبسلنا المحامين الكل بالازرق,4.439000129699707,youtube_87c6FBEaEWU_2,0.6363636363636364
labeled_linagora_cs_arabize,مع احتراماتي لكل المهن أنا نحترم المهن الكل صفافتهم فقراسي,مع احتراماتي لكل المهن انا نحترم المهن الكل سبابتهم فوق راسي,4.216000080108643,youtube_87c6FBEaEWU_3,0.36363636363636365
labeled_linagora_cs_arabize,أمااش دخلكم ربي ع تار لحومة خزار ززار نجار على وزن قهر كلهم هدوما اشدخلكم تحبوا توليوا قضات,اما آش دخلك بربي عطار الحومه خضار جزار نجار على وزن ار الكلهم هذوما آش دخلكم تحب تولي قضاة,6.168000221252441,youtube_87c6FBEaEWU_4,0.8421052631578947
labeled_linagora_cs_arabize,ياقشوا في قضات اللي هما قارين قريت على روحك أنت واليد قاضي,تناقشوا في قضاه الي هوما قارين قريت على روحك وليت قاضي,3.0399999618530273,youtube_87c6FBEaEWU_5,0.5454545454545454
labeled_linagora_cs_arabize,شوو مناقشة ذي فيسبوك يبطل تو قصر العدالة,شنوا المناقش هاذيا الفيسبوك يبطل توا قصر العداله,2.864000082015991,youtube_87c6FBEaEWU_6,0.75
labeled_linagora_cs_arabize,مدعي عمومي ولا النيابة العمومية ولا كذا يربعوا يديهم ويستناو سي زيد الزيادي وسي زعطوت من بوقال,مدعي عمومي ولا النيابه العموميه ولا كذا يربع ايديهم ويستن سي زيد الزيادي وسي زعطوط ابن قال,6.6479997634887695,youtube_87c6FBEaEWU_7,0.47058823529411764
labeled_linagora_cs_arabize,فالفيسبوك,في الفيسبوك بن شكون,1.2549999952316284,youtube_87c6FBEaEWU_8,1.0
labeled_linagora_cs_arabize,البخاري,يحكموا هما بن بوقال بن بوقال اي,1.6799999475479126,youtube_87c6FBEaEWU_9,1.0
labeled_linagora_cs_arabize,يحكما هما أي نعم يحكموا هذوما الناس هذوما واحنا نسموهم,يحكموا هما اي نعم يحكموا هذوما الناس هذوما واحنا نسمعهم,3.7039999961853027,youtube_87c6FBEaEWU_10,0.3
labeled_linagora_cs_arabize,بربي نقصه م المناقشات في الأمور هذه القانونية وعاشها من عرف قدره وجلس دوره,بربي نقصهم من المناقشات في الامور هاذي القانونيه وعاش من عرف قدره وجلس دونه دونه انا معك,5.992000102996826,youtube_87c6FBEaEWU_11,0.5882352941176471
labeled_linagora_cs_arabize,أما مبعد نقول أيا توا الجمعة هذي مثلا أيا ديفي أنا من اليوم نهار الثنين باش نولي نركز في الكلاس ونولي نكتب,اما بعد نقول ايا توا الجمعة هاذي مثلا ايا ديفي انا من اليوم للنهار الاثنين باش نولي نركز فال كلاس و نولي نكتب,7.072000026702881,0000027_0000080_0000001_27_80_1_0,0.5217391304347826
labeled_linagora_cs_arabize,mbufriła,بوفريوى,1.5199999809265137,boufriwa_31723_0,1.0
labeled_linagora_cs_arabize,c'est pas par haزard quaon s'adresse aux professionnel ceyrito yunco rapport lahr mta smart capital,اي سي با بار ازار كان اون سادريس او بروفيسيونال كان ريتو يمكن ال رابور لخر متاع سمارت كابيتال,4.895999908447266,0000004_0000014_4_14_0,1.0
labeled_linagora_cs_arabize,تحب شي تجي معاي,تحبشي تجي معايا,1.656000018119812,ar--3407_0.75.wav_3407_0.75_0,1.0
labeled_linagora_cs_arabize,م نعرفش معناها ران باهي وران خاي جملة حسيله شفت,و منعرفش شمعناها رانق باهي و رانق خايب جملة حاصيلو,3.368000030517578,0000027_0000344_0000001_27_344_1_0,0.9
labeled_linagora_cs_arabize,ا خاري,يقري,0.8640000224113464,ar--2327_0.75.wav_2327_0.75_0,2.0
labeled_linagora_cs_arabize,وسائل الاعلام ون نشوفو معنتها الناست,وسائل الاعلام و الي نشوفوا معناتها ناس ت ت,2.3359999656677246,amenyKH_0000006_0000006_0002012_partie0000006_chunk_0000196_06_06_2012_partie6_chunk_196_0,0.7777777777777778
labeled_linagora_cs_arabize,مشيت لحوان استار الكل في المدينة هذي,مشيت لحوانت السبور الكل في المدينة هاذي,5.328000068664551,ar--3551_0.75.wav_3551_0.75_0,0.42857142857142855
labeled_linagora_cs_arabize,الصف,الصف,0.5040000081062317,ar--1289_1.wav_1289_1_0,0.0
labeled_linagora_cs_arabize,مان بون هوك نجربو ون ايسي ون اسي دشانج ل شوزا هذيك لكور امبوغطان أكثر حاجة تعف منها تنجم تصيرلك في الخدمة,مي بون هوكا نجربوا اون اساي اون اساي دي شانجي لي شوز هاذيكا لي بلوس امبورطان اكثر حاجة تخاف منها تنجم تصيرلك في الخدمة,7.343999862670898,0000038_0000137_0000001_38_137_1_0,0.7083333333333334
labeled_linagora_cs_arabize,لرصة هذي تنجمو تعملوطل لصفحة البرد غيك تخو اكثر تفاصيل مهم نحاولو كلمرة نقدمو عدد م الفرص للستارتب الوما الي قاعدين في ظروف صعيبة يليوم متمين ولكن,الفرصة هاذيا تنجمو تعملو طلة على صفحة البيرد غاديكا تاخطو اكثر تفاصيل و مهم نحاولو كل مرة نقدمو عدد من الفرص لل لي ستارتوب ليوما الي قاعدين في ظروف صعيبة هيا اليوم متفاهمين و لكن,15.031999588012695,0000011_sub_audio_chunk_0000001_11_sub_audio_chunk_1_0,0.6285714285714286
labeled_linagora_cs_arabize,一说你,الفولاي,0.5519999861717224,ar--1584_1.5.wav_1584_1.5_0,1.0
labeled_linagora_cs_arabize,وقطعتني يم,و قطعتني امي يا سيد,1.1920000314712524,0000021_0000203_21_203_0,1.0
labeled_linagora_cs_arabize,إي كليتبيت تحفونة غادي,اي كريت بيت تحفونة غادي,2.5199999809265137,ar--3041_1.wav_3041_1_0,0.6
labeled_linagora_cs_arabize,قاعدة اجينو الساعة تسلفية كان بالحق ولا مفدلك,قعدت قعدت يجي نص ساعة تسال فيا كان بالحق ولا نفدلك و,3.0480000972747803,TunSwitchTO_0000114_0000022_0000031_hz0000007_114_22_31_hz7_0,0.75
labeled_linagora_cs_arabize,иживых ваших лионета,يجيوك برشا كلييونات,2.247999906539917,ar--3505_0.75.wav_3505_0.75_0,1.0
labeled_linagora_cs_arabize,أسمعني ملون خوذ المترو,اسمعني من الاول خوذ الميترو,2.8959999084472656,ar--3573_0.75.wav_3573_0.75_0,0.8
labeled_linagora_cs_arabize,اللي موجودة على نساء السودوات في العالم ككل,الي موجودة عالنساء السودوات في العالم ككل,3.9200000762939453,0000050_0000132_0000001_50_132_1_0,0.42857142857142855
labeled_linagora_cs_arabize,بعيد,بعيد,0.6079999804496765,ar--1314_1.wav_1314_1_0,0.0
labeled_linagora_cs_arabize,بط اخويا مليشها باب كيكا أميقا ماا بط اديكا أنا معناتها أازمتيك م جرت دخر,بطل خويا ماللي شاف بابا هكاكة وبابا بطل تويكة وآنا معناتها من جرة الدخان هاذا ازمتيك ديجا,6.296000003814697,amenyKH_0000006_0000006_0002012_partie0000001_0000002_chunk_0000002_06_06_2012_partie1_2_chunk_2_0,0.9411764705882353
labeled_linagora_cs_arabize,يظهر للنجم نلقى كل شيء كان مالقيتش توا نطلبك,يظهرلي نجم نلق كل شيء كان من القيتش توا نطلبك,4.223999977111816,ar--3582_1.wav_3582_1_0,0.5
labeled_linagora_cs_arabize,رمي الأشيا انمع نجم يتنفس بلباعي  مع العلم ن قبل كنت جري مع افريق قومييققومي,بارمي الاشياء انو الانسان ما عادش ينجم يتنفس بالباهي ما عادش تنجم تجري مع العلم اني قبل كنت نجري مع الفريق القومي وصلت نجري مع الفريق القومي,7.664000034332275,amenyKH_0000006_0000006_0002012_partie0000003_chunk_0000041_06_06_2012_partie3_chunk_41_0,0.7777777777777778
labeled_linagora_cs_arabize,عد نهارين كاملين من نهار اكتوبر و مخرجت كانهار اكتوبر انهار اللى ملبستش فيه حوايج عادين بل بلعاني لبست حوايج مرمدتهم و مسختهم بدلت ملا محوجها و عملت مكاش ميشبهلهاش جملة وحدة عملت راح,نهارين كاملين من نهار سبعة و عشرين اكتوبر وما خرجت كان نهار تسعة و عشرين اكتوبر النهار الي ما لبستش فيه حوايج عاديين بل بالعاني لبست حوايج مرمدتهم ومسختهم بدلت ملامح وجها وعملت مكياج ما يشبهاش جمله واحده عملت روحها,13.008000373840332,segment_0000707_segment_707_0,0.7
labeled_linagora_cs_arabize,وناخدو بخطر بعضنا في كل شيء,و ناخذو بخاطر بعضنا في كل شيء,1.6080000400543213,0000023_0000058_23_58_0,0.42857142857142855
labeled_linagora_cs_arabize,مختلفين في رؤيتكم للأشياء,مختلفين في ريتكم للاشياء,1.9919999837875366,amenyKH_Hkayet_Tounsia_S0000002_Episode_0000028_0000026_0000003_0002018_Partie_0000003_Sync0000207_no_speaker_0002012.0000043_0002014.0000042_Hkayet_Tounsia_S02_Episode_28_26_03_2018_Partie_03_Sync207_no_speaker_2012.43_2014.42_0,0.5
labeled_linagora_cs_arabize,عما غريب جي سعة باش يشوف بوهومو,اما قريب تجي الصلاعة باش يشوف بوه ومو,4.736000061035156,ar--3632_0.75.wav_3632_0.75_0,0.75
labeled_linagora_cs_arabize,بربي لو تخيلو معايا الأخبار خمسة شباب أبطال يدرسون في معهد مونفلوري ينقضون فتاة تم تحويل وجهتها إلى دموس السيدة,بربي تخيلو معايا لخبر خمسة شباب ابطال يدرسون في معهد مونتفليوري ينقذون فتاة تم تحويل وجهتها الي داموس السيدة,9.447999954223633,0000023_0000154_23_154_0,0.3684210526315789
labeled_linagora_cs_arabize,مك محل لقضي,يمكن ما سمعتنيش انت,3.2160000801086426,amenyKH_MIC0000001_mod_0000011_chunk_0000013_MIC00001_mod_11_chunk_13_0,1.0
labeled_linagora_cs_arabize,المعطار,المطار,0.984000027179718,ar--1842_0.75.wav_1842_0.75_0,1.0
labeled_linagora_cs_arabize,على مصلحة بلاده مش يساند في حزب فاسق وصارق ياباهي,على مصلحة بلادو مش يساند في حزب فاسق وسارق يا باهي,3.4639999866485596,TunSwitchTO_0000112_0000000_0000020_r0000008j_112_00_20_r8j_0,0.36363636363636365
labeled_linagora_cs_arabize,لنهار قلتلها ماشية نشر لقهوة وقالت لي مافماش خروج إيزي من الحملة ضخط من البهتة يعني,نهار قلتلها ماشية نشرب قهوة قالتلي ما فماش خروج يزي من الهملة دخت من البهتة يعنى,6.248000144958496,TunSwitchTO_0000064_0000015_0000033_0000000wj_64_15_33_0wj_0,0.625
labeled_linagora_cs_arabize,كيفاش الصغار لكل بيتهم يقريهم وانا بابا عمر ش,كيفاش الصغار الكل اباتهم يقريوهم و انا بابا عمرو لا شد,3.303999900817871,TunSwitchTO_0000106_0000011_0000033_uax_106_11_33_uax_0,0.7272727272727273
labeled_linagora_cs_arabize,t,التاي لكحل,0.7279999852180481,ar--1380_1.5.wav_1380_1.5_0,1.0
labeled_linagora_cs_arabize,فللي قبال الباك انا نقرا فيه وقتها,الصيف الي قبل الباك انا نقرى فيه وقتها,3.671999931335449,0000027_0000073_0000000_27_73_0_0,0.5
labeled_linagora_cs_arabize,قالك مراة كبيرة قعدة تحتلي الكليماتيزير في قلب الصيف وتعمل اي,قاللك امرا كبيره قاعده تحت لي كليماتيزور في قلب الصيف وتعمل ايهه,5.335999965667725,youtube_J5lMF7HUJIs_0,0.6666666666666666
labeled_linagora_cs_arabize,إنشاالله عظيماته في الجنة الي صنعو قالتلها مرت ولدها كافر الي صنعو,ان شاء الله عظيماتو في الجنه الي صنعه قالت لها مرة ولدها كافر الي صنعه,4.992000102996826,youtube_J5lMF7HUJIs_1,0.6666666666666666
labeled_linagora_cs_arabize,قتلا تد دخلي ل هنتي الجنة عملتنا مقرونة جاري فهجهي,قالتلها توا تدخليله انت الجنه عملتلنا مقرونه جاري في ها الشهيلي,3.421999931335449,youtube_J5lMF7HUJIs_2,1.0
labeled_linagora_cs_arabize,ولا  هكا باش ناخذو الفخس انا هوني باش نحاول نعملها كعبة كبيرة ولا ناخذو ليكوتيه هادوما ونلموهم هكا,بالورقه فوالا هك باش ناخذو الفاس انا هوني باش نحاول نعملها كعبه كبيره فوالا ناخذو لي كوتي هذوما ونلموهم هكة,13.760000228881836,segment_0000013_segment_13_0,0.55
labeled_linagora_cs_arabize,على خاطر إنت كي كنت تتحدث توا سي محمد بالنسبة لسوايع العمل هما أربعة صباح وأربعة لعشايق صفي ثمنية سوايع كيما قبل,على خاطر انت ككنت تتحدث توا آه سي محمد ب بالنسبة لسوايع العمل هوما اربعة صباح و اربعة العشية سى فاي ثمنية سوايع كيما قبل,8.071999549865723,amenyKH_MOSAIQUEFM_FORUM_0210912_0000003_chunk_0000007_MOSAIQUEFM_FORUM_210912_3_chunk_7_0,0.48
labeled_linagora_cs_arabize,iһz,يهز,0.5600000023841858,ar--1941_1.wav_1941_1_0,1.0
labeled_linagora_cs_arabize,عملك وليدي بكيت حتيل نهارتها وبعد مشيت نسيت وتلهيت,عملك وليدي بكيت حتى انا نهارتها و بعد مشيت و نسيت و تلهيت,4.0,TunSwitchTO_0000115_0000011_0000059_oav_115_11_59_oav_0,0.5384615384615384
labeled_linagora_cs_arabize,شنو لازمنى نعمل باش نشوف حالة الطلب حاجتى باشكون يعاوني نشوف حالة الطلب عاوني نعمل مسار للطلب شنو لازمنى نعمل باش نثبت الطلب متاعي,شنو لزمني نعمل باش نشوف حالة الطلب حاشتي بشكون يعوني نشوف حالة الطلب عاوني نعمل مسار للطلب شنو لزمني نعمل باش نثبت طلب متاعي,11.944000244140625,segment_0000088_segment_88_0,0.25
labeled_linagora_cs_arabize,بش ناقفو من بعض,وين باش ناقفوا من بعد,1.6160000562667847,TunSwitchTO_0000003_0000021_0000055_kxl_3_21_55_kxl_0,0.8
labeled_linagora_cs_arabize,أجه,انا جيت الهوني نطل على واحد كهو,1.496000051498413,ar--3388_1.5.wav_3388_1.5_0,1.0
labeled_linagora_cs_arabize,إأا ل أحيوم ل جار ا مع  س,ايكسكتمن باهي احنا اليوم سيتي له جور ده رنتره معناتها س اون جراند دسبسيون,3.8320000171661377,amenyKH_partie0000003_chunk_0000073_partie3_chunk_73_0,0.9285714285714286
labeled_linagora_cs_arabize,差一,خايب,0.527999997138977,ar--2157_1.5.wav_2157_1.5_0,1.0
labeled_linagora_cs_arabize,juha,يوجع,0.5680000185966492,ar--1848_1.wav_1848_1_0,1.0
labeled_linagora_cs_arabize,الخدوة ندعبللع الش,من غدوة تمد عبد الله على الشط,1.6480000019073486,ar--3035_1.5.wav_3035_1.5_0,1.0
labeled_linagora_cs_arabize,يبوs حد,يبوس حد,0.9760000109672546,ar--2126_1.wav_2126_1_0,0.5
labeled_linagora_cs_arabize,وأنا معناها من المح اللي كرية الدار انه باش نولي ناكل ماكلة هالتلي خاطر بدني تعب من الماكلة متاع الشرعلي ناكل فيها والغيط متاع الفك الصعيب وكل م شي دونك حب,و انا معناها مال ريزنز الي كريت الدار انو باش نولي ناكل ماكلة هيلثي خاطر بدني تعب من الماكلة متاع الشارع الي ناكل فيها و ال ريتم مع الفاك الصعيب و كلمشي دونك حبيت,9.871999740600586,0000060_0000057_0000001_60_57_1_0,0.5588235294117647
labeled_linagora_cs_arabize,كان حاجة فيزيكا  كان حاجة في طبيعتك,كان حاجة فيزيكال اكسبت يت كان حاجة في طبيعتك,3.5439999103546143,Melekher0000009_0000105_0000004_Melekher9_105_4_0,0.3333333333333333
labeled_linagora_cs_arabize,بعد الصار لعب برشا والبغاج بياعه رزين ياسر,بعد السفر تعب برشا و الباقاج متاعو رزين ياسر,3.9760000705718994,ar--3338_1.25.wav_3338_1.25_0,0.5555555555555556
labeled_linagora_cs_arabize,باش نجمو نلaنصيو بوuكو d سtاrt up و بوكو pروجية على خاطر ون  پي امويغ u فونd من عندهم,باش نجمو نلنصيو بوكو دي ستارتوب بوكو دي بروجي غلى خاطر اون ا بو افوار ان فون من عندهم,7.71999979019165,0000008_0000028_8_28_0,0.7894736842105263
labeled_linagora_cs_arabize,تجربة مريرة كانتلي في الحياة,تجربة مريرة كانت لي في الحياة,1.9279999732971191,amenyKH_0000006_0000006_0002012_partie0000001_0000003_chunk_0000214_06_06_2012_partie1_3_chunk_214_0,0.3333333333333333
labeled_linagora_cs_arabize,وسي سامطل عىخر خاطر احنا في تونس عدنا القوانين اما اسك احن نطبقو فيهم فالمجتمع,سي سامبل عاللخر خاطر احنا في تونس عنا القوانين اما ايس كي احنا نطبقوا فيهم في المجتمع,6.007999897003174,0000052_0000088_0000001_52_88_1_0,0.5882352941176471
labeled_linagora_cs_arabize,عظيم يعيش معناها أصله قبطي مصري وعاش في في أنجلتيرا- في باريز عفوا كان كل يوم يبدل السوري ما يغسلش كل يوم يشري سري بدلها وسكن في بيتوتي لمدة خمسة وأربعين سنة,يعيش معناها اصلو قبطي مصري و عاش في انقلتر في باريس عفوا كان كل يوم يبدل السورية ما يغسلش كل يوم يشري سورية يبدلها سكن في بيت اوتيل لمدة خمسة و اربعين سنه,14.887999534606934,segment_0000309_segment_309_0,0.45454545454545453
labeled_linagora_cs_arabize,عبدالله حاجو بروس,عبد الله حاجتو بفلوس,2.1600000858306885,ar--3094_1.25.wav_3094_1.25_0,1.0
labeled_linagora_cs_arabize,défilé de mode,ديفيلي دو مود,1.6799999475479126,ar--2038_0.75.wav_2038_0.75_0,1.0
labeled_linagora_cs_arabize,نقر,ينقل,0.5040000081062317,ar--1746_1.5.wav_1746_1.5_0,1.0
labeled_linagora_cs_arabize,اتيمي,التمبري,0.5839999914169312,ar--1796_1.25.wav_1796_1.25_0,1.0
labeled_linagora_cs_arabize,صلحو بدلو يعايش,صلحه او بدله يعيشك,2.503999948501587,TunSwitchTO_0000003_0000012_0000047_l0000007u_3_12_47_l7u_0,1.0
labeled_linagora_cs_arabize,ها بحظة مراد وبدات تسجل اكيد سي مراد توا تحيرت عليه راجلة و موش يصب اصحابه على رغم انه كان فى حال الضحف و تحت التهديد و كان يعطى فيها فى أسامي مانخيله و نوامر بالزهر و مكانش زادة فى باله بللى كل حاجة,بحذا مراد وبدات تسجل اكيد سي مراد توا تحيرت عليه رجله وما هو ش باش يصب باصحابو على رغم انه كان في حاله ضعف وتحت التهديد وكان يعطي فيها في اسامي من خيالو ونوامر بالزهر وما كان ش زادة في بالو باللي كل حاجه,12.800000190734863,segment_0000738_segment_738_0,0.6363636363636364
labeled_linagora_cs_arabize,وديما نشعر رهحي خائف,وديما نحس روحي خايف,1.3040000200271606,amenyKH_La_Dépression_HM_0000004_denoised_Sync0000008_no_speaker_0000032.0000044_0000033.0000077_La_Dépression_HM_4_denoised_Sync008_no_speaker_32.44_33.77_0,0.75
labeled_linagora_cs_arabize,خاطر بطبيعتي نسيت هالقراية وعفت كل شيء كينروح نمشي طول نضوش,على خاطر بطبيعتي نسيتها القراية و عفت كل شيء كي نروح نمشي طول ندوش,3.6640000343322754,TunSwitchTO_0000062_0000022_0000017_0000003f0000004_62_22_17_3f4_0,0.5714285714285714
labeled_linagora_cs_arabize,أيربودز نشو بلاصة كالم,ايربود نمشيوا لبلاصة كالم,3.2079999446868896,0000070_0000118_0000001_70_118_1_0,0.75
labeled_linagora_cs_arabize,بلادنا وعلى معناها مستقبل الاجيال الجاية,بلادنا و على معناها مستقبل الاجيال الجاية,5.335999965667725,0000049_0000192_0000001_49_192_1_0,0.2857142857142857
labeled_linagora_cs_arabize,sabura,صبورا,1.2719999551773071,sabboura_28265_0,1.0
labeled_linagora_cs_arabize,عنده خوه معاق تهوشكفي مع خوه معاق لي انا نخدم في معاق,عندو خوه معاق تي هو شك في مع خوه معاق الي انا نخدم في معاق,3.9679999351501465,amenyKH_0000008_chunk_0000595_008_chunk_595_0,0.4
labeled_linagora_cs_arabize,mureni,موغني,1.2640000581741333,moughenni_3635_0,1.0
labeled_linagora_cs_arabize,نؤكد على أهمية أن الإنسان اللي بطل,ناكد على اهمية انو الانسان الي يبطل,2.808000087738037,amenyKH_0000006_0000006_0002012_partie0000006_chunk_0000130_06_06_2012_partie6_chunk_130_0,0.8571428571428571
labeled_linagora_cs_arabize,الة,المطار,0.5199999809265137,ar--1861_1.5.wav_1861_1.5_0,1.0
labeled_linagora_cs_arabize,الناس العايشة قلو,الناس العايشة قلو,1.312000036239624,TunSwitchTO_0000003_0000018_0000027_r0000075_3_18_27_r75_0,0.0
labeled_linagora_cs_arabize,الشريو,الشاريو,0.7919999957084656,ar--1872_1.wav_1872_1_0,1.0
labeled_linagora_cs_arabize,انا لي عبد يقولي جي جاني بجاني بش صحابي كل يوم مناه بدا يزيد شدد يحبوا يعملو حاجات شددو يسألوني في رأي كل شي,انا لعبد يقولي يجيوني برشا صحابي كل يوم معناها ب دي ايدي جدد و يحبوا يعملوا حاجات جدد و يسالوني في رايي و كل شيء,7.447999954223633,0000044_0000042_0000001_44_42_1_0,0.76
labeled_linagora_cs_arabize,وبتليلىجعة,و بت الليلة جيعان,1.0,0000020_0000091_20_91_0,1.0
labeled_linagora_cs_arabize,يشري,يشري,0.6399999856948853,ar--1653_1.wav_1653_1_0,0.0
labeled_linagora_cs_arabize,موجودة في العالم كامل ولي مازالت متواصلة في وسط أزمة كورونا فم برشا أفكار جديدة صارت فيما يخص الهeلth tيك والا التكنولوجيا الموجهة للصحة من بعد شوية,موجودة في العالم كامل و الي مازات متواصلة في وسط ازمة كورونا فمة برشا افكار جديدة صارت فيما يخص ال هيلث تيك و الا التكنولوجيا الموجهة للصحة بعد شوية,11.815999984741211,0000014_sub_audio_chunk_0000003_14_sub_audio_chunk_3_0,0.41379310344827586
labeled_linagora_cs_arabize,يجاايس سلفما وين ينجم م الغلكسي,مشى يسال في مرا وين ينجم يلقى تاكسي,2.6640000343322754,ar--3063_1.25.wav_3063_1.25_0,0.75
labeled_linagora_cs_arabize,متاع تمييز عنصري في لغتنا جيدها  عنا برشا كلمات,متاع تمييز عنصري فلوغتنا بيدها عنا برشا كلمات,7.0879998207092285,0000051_0000147_0000000_51_147_0_0,0.375
labeled_linagora_cs_arabize,نحبو في ساعة مانطلع ما نطلعو كديش منها الدولة زاد مانحبوش نتابو,انحبو فيسع ما نطلعو كداش منها الدوله ازاد ما انحبوش نتعبو,6.776000022888184,TunSwitchTO_0000085_0000015_0000004_e0000084_85_15_04_e84_0,0.9090909090909091
labeled_linagora_cs_arabize,igi,الجنينة,0.5920000076293945,ar--1422_1.25.wav_1422_1.25_0,1.0
labeled_linagora_cs_arabize,مرة ماشي المدرسة,مرة ماشي للمدرسة,0.9279999732971191,amenyKH_Personnalité_Multiple_HM_E0000001_denoised_Sync0000056_no_speaker_0000119.0000092_0000120.0000092_Personnalité_Multiple_HM_E1_denoised_Sync056_no_speaker_119.92_120.92_0,0.3333333333333333
labeled_linagora_cs_arabize,لي هو كيما نقولو  معنا فو لعباد تشوف الكل الي هي الموزيتي لي نحبو نوصلو العباد هذا الكو ع الوزت واي انانحارب,الي هو كيما نقولوا اسم معناها ال اوبيوس عباد تشوفوا لكل الي هيا ال بوزيتيفيتي و نحبوا لعباد هاذايا ال كونسبت متاع ال بوزيتيفيتي و اني و انا نحاربوا,12.02400016784668,0000044_0000054_0000000_44_54_0_0,0.896551724137931
labeled_linagora_cs_arabize,maع maقطaع harr اlxbosokara galiغ likiskriوali yaحki ke,مع مقطع هل راى الحب سكارى وبليغ الي كي يسكر يولي يحكي كان,4.624000072479248,TunSwitchTO_0000029_0000009_0000005_0000002ou_29_09_05_2ou_0,1.0
labeled_linagora_cs_arabize,معنتها يا ربي رانا حرنا,معناتها يا ربي رانا حرنا,1.7200000286102295,amenyKH_0000001_chunk_0000231_001_chunk_231_0,0.2
labeled_linagora_cs_arabize,ياسر طيار على الخر اللي يسميه fo mind,ياسر طيارة عالاخر الي سام يو هاف ا فلو مايند,3.8559999465942383,0000070_0000051_0000000_70_51_0_0,0.9
labeled_linagora_cs_arabize,في كل بيت ثم راديو,في كل بيت فمة راديو,3.007999897003174,ar--3027_1.wav_3027_1_0,0.2
labeled_linagora_cs_arabize,هذا الشخص مستواه ضحل فيالتمثيل في الثقافة العامة والخاصة الكل,هاذا الشخص مستواه ضحل في التمثيل و في الثقافة العامة و الخاصة و كل,4.760000228881836,TunSwitchTO_0000011_0000023_0000041_0000004vu_11_23_41_4vu_0,0.5714285714285714
labeled_linagora_cs_arabize,الجوجي,الكوجينة,0.7279999852180481,ar--1734_1.25.wav_1734_1.25_0,1.0
labeled_linagora_cs_arabize,سامحني انا تلميذ ياباني انت طالب في جمعة نيويورك,سامحني انا تلميذ ياباني انت طالب في جامعة نيويورك,3.992000102996826,TunSwitchTO_0000043_0000021_0000016_t0000000e_43_21_16_t0e_0,0.1111111111111111
labeled_linagora_cs_arabize,جات هكا كل ونعملو منها حكايه وكل مش وهي بالحقم متستاهلش وسخصة ف الجيم معناها أحسن حاجه في الجيم انك تخدم طلقة,هكة كومبليكي و نعملوا منها حكاية و كلماشي و هيا بالحق ما ما تستاهلش و سورتو فال جيم معناها احسن حاجة فال جيم انك تخدم تلقى,9.456000328063965,Melekher0000011_0000090_0000000_Melekher11_90_0_0,0.8461538461538461
labeled_linagora_cs_arabize,أمير المؤمنين الميمون كان صاحب الشرطة بتاعو كيف ما تقول اليوم الأمن العام صاحب,امير المؤمنين المامون كان صاحب الشرطه متاعو كيف ما تقولوا اليوم الامن العام صاحب,5.343999862670898,TunSwitchTO_0000023_0000023_0000046_l0000004n_23_23_46_l4n_0,0.42857142857142855
labeled_linagora_cs_arabize,و,الزوز كملو يمشيو,1.8639999628067017,ar--3242_1.wav_3242_1_0,1.0
labeled_linagora_cs_arabize,ونت فيق ل مرودي لي  حياتهم قصيره برشه معناتها كيما الشكاره البلاستيك لي تاخذها من عند العطاء الشكره نتاع لبلاستيك انت باش تروح بيها س معادش ب تعملها جمله,اون افيت لي برودوي الي حياتهم قصيرة برشا معناها كيما الشكارة البلاستيك الي تاخذها من عند العطار شكارة متاع البلاستيك انت باش تروح بيها صاي ما عاد ش باش تستعملها جملة,8.807999610900879,0000049_0000146_0000001_49_146_1_0,0.6774193548387096
labeled_linagora_cs_arabize,وقت بنرها دينا ونستمتع بالدنيا,وقتاش باش نتفرهد انا و نستمتع بالدنيا,2.0399999618530273,0000019_0000154_19_154_0,0.8571428571428571
labeled_linagora_cs_arabize,方之业,كومبلي,0.5920000076293945,ar--2231_1.25.wav_2231_1.25_0,1.0
labeled_linagora_cs_arabize,ي ول واتش نا م بش ننسيه معنا ببعض لغدوة,اما باش ننساه من بعد غدوة اي ويل واتش اي نو,4.047999858856201,0000076_0000139_0000001_76_139_1_0,1.0
labeled_linagora_cs_arabize,ساذة خلا قلعم ليساوربة,سوسة هاذا يدخل عالقلعة ماضي ساعة وربع,1.9600000381469727,amenyKH_MIC0000001_mod_0000001_chunk_0000006_MIC00001_mod_1_chunk_6_0,1.0
labeled_linagora_cs_arabize,واحكيلي ماذا بيننك تحكيلي وتقل  عملت في جمعتك,واحكيلي ماذابي معناها انك تحكيلي و تقوللي شنوا عملت في جمعتك,3.359999895095825,amenyKH_Lanxiété_Sociale_HM_0000003_denoised_Sync0000054_no_speaker_0000248.0000080_0000252.0000027_Lanxiété_Sociale_HM_3_denoised_Sync054_no_speaker_248.80_252.27_0,0.5454545454545454
labeled_linagora_cs_arabize,نعم,لا ما ثماش الساعتين متاع الليل,2.055999994277954,amenyKH_MIC0000001_mod_0000072_chunk_0000001_MIC00001_mod_72_chunk_1_0,1.0
labeled_linagora_cs_arabize,كيف البهيم نجري ونجري ونركض من بلاصة البلاصة,كيف لبهيم نجري و نجري و نركض من بلاصة لبلاصة,2.7760000228881836,0000019_0000147_19_147_0,0.6
labeled_linagora_cs_arabize,ت متاع عام كامل باش تعوضها في شهرين اي ش على ال هبرد هذيكا,ال اكتيفيتي متاع عام كامل باش تعوضها في شهرين ايه هاو باش نحكي لك على هاو اي ماناج تو بي برودكتيف فال بيريود هاذيكا بون,8.064000129699707,0000027_0000049_0000000_27_49_0_0,0.68
labeled_linagora_cs_arabize,إخلم في لسيدلية,عيشة تخدم في صيدلية,1.527999997138977,ar--3489_1.25.wav_3489_1.25_0,0.75
labeled_linagora_cs_arabize,إز حجما,يهز حاجة معاه,0.8320000171661377,ar--1906_1.5.wav_1906_1.5_0,1.0
labeled_linagora_cs_arabize,مش لازم تكون حاجه ماديه ولا تشري حاجه نا ولله  حكايا فارغة تناجم تكون,مش لازم تكون حاجة مادية ولا تشري حاجة نون و الله حكاية فارغة تنجم تكون,4.888000011444092,0000027_0000398_0000001_27_398_1_0,0.5333333333333333
labeled_linagora_cs_arabize,رري,الريح,0.527999997138977,ar--1461_1.5.wav_1461_1.5_0,1.0
labeled_linagora_cs_arabize,ي مز ملعباد اللي اقلوا ليها ماوشفهمحرية ولا منعرشني كاسعيتم المكي توه قاعد يبس الأشخاص ويتمقعر عليها,بالله يا موسيك تلوموا عالعباد الي ما يا قلتوا عليهم مش فاهمين الحرية ولا ما نعرفش شنيا كان سي هيثم المكي توا قاعد يجبد في الاشخاص ويتمقعر عليها,9.432000160217285,amenyKH_0000005_chunk_0000016_005_chunk_16_0,0.8214285714285714
labeled_linagora_cs_arabize,قابلت تطلب فيه اشتقلو يجيبها معاه,قعدت تطلب فيه باش تقلو يجيبلها معاه,4.02400016784668,ar--3449_0.75.wav_3449_0.75_0,0.5714285714285714
labeled_linagora_cs_arabize,الجراية متاعو ما يحسبش قل شجيننا لتلاتن باه ما يكون مدير عام ولا حاجة  كيما نقولو أكادر فالخدمة متاعو يخرج كفي يخرج بعد تقاعد يلقى روحو الإيميم شارج الى عنده كمدير مابين كلهبتو ما بين الشارن اللي عنده بهوتلات متاعه ما عاش توصل,في الجرايه متاعو ما يحسبش يقلك باش اجينا روتراتناباهي معنتها يكون مدير عام ولا حاجه كيما نقولوا ان كادر في الخدمه يخرج كفائه يخرج بعد التقاعد يلقى روحه ل مام شارج الي عنده كمدير ما بين كرهبتو بين الشارج الي عندو بالروترات الي عندو معادش توصل,13.656000137329102,segment_0000918_segment_918_0,0.6304347826086957
labeled_linagora_cs_arabize,كر وكرهبة باش يمشو لهم,كراو كرهبة باش يمشيولهم,2.072000026702881,ar--3637_1.wav_3637_1_0,1.0
labeled_linagora_cs_arabize,د    د رشا ه  ن,اي هاد لايك هاي هوبس اي هاد برشا هاي هوبس اند ذان اي,4.736000061035156,0000060_0000154_0000001_60_154_1_0,1.0
labeled_linagora_cs_arabize,وماعنديش معلمين تخليه لولي من غير معلمين,وما عنديش معلمين نخليه لل رنتره سكولير من غير معلمين,3.752000093460083,amenyKH_Partie0000005_chunk_0000031_Partie5_chunk_31_0,0.6
labeled_linagora_cs_arabize,نحب نقول لرياض قولو شوما حلاها تونس والله العظيم صدقني توا متوله سر ثورة ملول كذا,نحب نقول لرياض نقول لو شو محلاها تونس و الله العظيم صدقني توا الايامات الاولى س فريه ايامات الثورة من اللول كذا,6.168000221252441,amenyKH_0000007_chunk_0000120_007_chunk_120_0,0.6363636363636364
labeled_linagora_cs_arabize,الصاح,الصاحب,0.9200000166893005,ar--1590_0.75.wav_1590_0.75_0,1.0
labeled_linagora_cs_arabize,一后的,الكمبيوتر,0.671999990940094,ar--2278_1.5.wav_2278_1.5_0,1.0
labeled_linagora_cs_arabize,الفيلم باش نحكي عليه اليوم هو فاذرز,فيذرز الفيلم لي باش نحكي عليه اليوم هو,2.0799999237060547,0000076_0000008_0000002_76_8_2_0,0.375
labeled_linagora_cs_arabize,الص,الصوت,0.5519999861717224,ar--2144_1.5.wav_2144_1.5_0,1.0
labeled_linagora_cs_arabize,فكرة باهية نجيب فيلم اكسيون ولا فيلم يضحك,فكرة باهية نجيب فيلم اكسيون ولا فيلم اضحك,3.559999942779541,ar--3600_1.wav_3600_1_0,0.125
labeled_linagora_cs_arabize,واللي اي واحد ينجم يعملهم هم المتود الأولى اللي هي,و الي ايه واحد ينجم يعملهم هوما ميتود لولا الي هيا,3.247999906539917,0000028_0000103_0000001_28_103_1_0,0.7272727272727273
labeled_linagora_cs_arabize,iẓṣḥen,الصحن,1.1360000371932983,ar--1389_0.75.wav_1389_0.75_0,1.0
labeled_linagora_cs_arabize,هل أنه يرجع بالنفع لىلعائلة التونسية خاصة اللي يكون فيها البولم,هل انو يرجع بالنفع على العايلة التونسية خاصة الي يكون فيها البو والام,3.559999942779541,amenyKH_MOSAIQUEFM_FORUM_0210912_0000001_chunk_0000007_MOSAIQUEFM_FORUM_210912_1_chunk_7_0,0.46153846153846156
labeled_linagora_cs_arabize,عبودية وديكتاتورية ويمشي ترما في عبودية ما اكثر,آه عبودية وديكتاتورية ويمشي يترمى في عبودية ما اكثر,4.303999900817871,amenyKH_0000006_0000006_0002012_partie0000006_chunk_0000203_06_06_2012_partie6_chunk_203_0,0.2222222222222222
labeled_linagora_cs_arabize,ال  معناا,و كل سو رايت ذي بودكاست سند مي معناها يور بوينت اوف فيو سند مي كاستيون اي ويل انسر افري,12.031999588012695,0000662_0000015_0000000_662_15_0_0,1.0
labeled_linagora_cs_arabize,تسع مايه واربعين الفن و تسع ميه وستين اللي هما معهم سيمون دبوفوار وهلا بتي فريدان الويف الثانيه جات تحكي على اندر شعار با,تسعة مية و اربعين تسعة مية و ستين الي هوما معاهم سيمون دي بوفوار ولا بيتي فريدان ال وايف الثانية جات تحكي على اندر شعار ذي بيرسون ايز بوليتيكال,12.015999794006348,0000052_0000025_0000000_52_25_0_0,0.7586206896551724
labeled_linagora_cs_arabize,عبير وجها كانت كلها صدمة على حيرة على بهتا,تعبير وجها كانت كلها صدمة على حيرة على بهتة,3.1440000534057617,0000022_0000156_22_156_0,0.2222222222222222
labeled_linagora_cs_arabize,وفي هالأثناء المكينة الاقتصادية ماهيش قاعدة ادور لأنه ما ثما حتى شخص باش يستثمر لك في البلاد,و في هالاثناء الماكينة الاقتصادية ما هيا ش قاعدة دور لانو ما فمة حتى شخص باش يستثمر لك في البلاد,4.703999996185303,amenyKH_0000002_chunk_0000088_002_chunk_88_0,0.5
labeled_linagora_cs_arabize,نلشي لسمة,نمشيو للسينيما,1.0399999618530273,ar--3512_1.25.wav_3512_1.25_0,1.0
labeled_linagora_cs_arabize,معنت البريود هذيك رانيمشي نغيب تاوما نا نشوف من صحابي الممثلين المسرحيين اللي ما يعملو كان ف الشيء هذايا ما يعملو,معنتها ال بيريود هاذيكا راني باش نغيب كهو ملا نشوف من صحابي المومثلين المسرحيين لي ما يعملو كان فالشي هاذايا ما يعملو,6.935999870300293,0000043_0000050_0000001_43_50_1_0,0.5909090909090909
labeled_linagora_cs_arabize,ليلة سعيدة,ليله سعيد,1.055999994277954,tn9505_0,1.0
labeled_linagora_cs_arabize,يتونسوقتيشيجي ماد,بالله تونس من وقتاش بالله تونس من وقتاش يجي من غادي,1.784000039100647,amenyKH_MIC0000001_mod_0000051_chunk_0000005_MIC00001_mod_51_chunk_5_0,1.0
labeled_linagora_cs_arabize,بشتكوم في اصر,باش تخوهم في لصفر,1.1039999723434448,ar--3562_1.25.wav_3562_1.25_0,0.75
labeled_linagora_cs_arabize,نتصور صعاب ين عنال حت حتى في بلادك ديما معناه لكوموديشن والtراnسورtيش,نتصور صعاب ان جينيرال حتى فبلادك ديما معناها ال اكوموداسيون و ال ترانسبورتاسيون,5.9120001792907715,0000053_0000138_0000000_53_138_0_0,0.8461538461538461
labeled_linagora_cs_arabize,عربي سون قالوا اللي بالعاني عملينها أناتسلك توجه,توجه اند يتس لايك قالوا بل عاني عملينها سو عربي,5.1519999504089355,0000076_0000030_0000000_76_30_0_0,0.8
labeled_linagora_cs_arabize,المعجون,المعجون,0.7516000270843506,ar--1215_1.25.wav_1215_1.25_0,0.0
labeled_linagora_cs_arabize,نجم نعرف اخر لطالب ليا وين وصل معرفتش كيفاش نشوف مرحلة متاع طلب متاعي مستحق شكون يوريني كيفاش نتبع اخر طالب ليا ربي نحب تعونونى نثبت مرحلة طلب متاعي,نجم نعرف اخر طلب ليا وين وصلت معرفتش كيفاش نشوف مرحله متاع الطلب متاعي مستحق شكون يوريني كيفاش نتبع اخر طلب ليا بربي نحب تعاونوني نثبت مرحله متاع طلب متاعي,13.935999870300293,segment_0000103_segment_103_0,0.3
labeled_linagora_cs_arabize,هذ   ه ا   ال,سو قود يو قايز اي هاد ذيس لايك ذيس مومون اوف بيس ذيس مومون اوف ريفلكسيون كاينها ا ميديتاسيون ذي سكاي لوك سو بريتي,12.015999794006348,0000662_0000006_0000000_662_6_0_0,0.9583333333333334
labeled_linagora_cs_arabize,نحب نبدلها ب طلع الواد فما زيادة,نحب نبدلها ببيت تطل على الواد فمة زيادة,3.2639999389648438,TunSwitchTO_0000133_0000001_0000036_zex_133_01_36_zex_0,0.5
labeled_linagora_cs_arabize,معناتها شنو تتنبأ نحب نحكيلك تو في اللخر على,آه معناتها آه آه شنوا تتنبا نحب نحكي لك توا في الاخر على,3.5360000133514404,amenyKH_0000002_chunk_0000022_002_chunk_22_0,0.6923076923076923
labeled_linagora_cs_arabize,źedobi,جاب ربي,0.7760000228881836,ar--2136_1.25.wav_2136_1.25_0,1.0
labeled_linagora_cs_arabize,harif,حريف,1.25600004196167,7arif_4083_0,1.0
labeled_linagora_cs_arabize,يجي لول شكون بش يجيب عشرين وهاذيكا تتزرع فينا انا حسيتها تزرعت فييا منعرفش انتوما كان ورولض ولا لي اما حسيتها تزرعت فيا هاكا ديما نحاول ان نكون خير,يجي لول شكون باش يجيب عشرين و هذاكة تتزرع فينا انا حسيتها تزرعت فيا ما نعرفش انتوما كان يو ريلايت ولا لا اما حسيتها تزرعت فيا هاك ال ديما نحاول اني نكون خير,12.02400016784668,0000072_0000077_0000000_72_77_0_0,0.36363636363636365
labeled_linagora_cs_arabize,мсам езеблэ,مصب الزبلة,1.7599999904632568,ar--1608_0.75.wav_1608_0.75_0,1.0
labeled_linagora_cs_arabize,عدحد,حتى حد,0.5680000185966492,ar--1344_1.5.wav_1344_1.5_0,1.0
labeled_linagora_cs_arabize,تقسمن تفيح هذيك على,تقص من التفاح هاذيكا على اربعة,1.2079999446868896,amenyKH_Hkayet_Tounsia_S0000001_Episode_0000017_0000020_0000003_0002017_Partie_0000003_Sync0000057_no_speaker_0000935.0000014_0000936.0000055_Hkayet_Tounsia_S01_Episode_17_20_03_2017_Partie_03_Sync057_no_speaker_935.14_936.55_0,0.8333333333333334
labeled_linagora_cs_arabize,عبضالله يكرب فيشويبخوه,عبد الله يكتب في جواب الخوه,1.6720000505447388,ar--3249_1.5.wav_3249_1.5_0,1.0
labeled_linagora_cs_arabize,ودلن الوضعيه وليت معناها ه سا فيطر مناها باش اي,و دونك الوضعية ولات معناها سي يون كاستيون فيتال معناها بور و,5.343999862670898,0000051_0000072_0000000_51_72_0_0,0.9166666666666666
labeled_linagora_cs_arabize,كل واحد من روحو لو كان تستعملو بالصحيح والله طيار الموقع,كل واحد من روحو لو كان تستعملو بالصحيح و الله طيارة الموقع,4.863999843597412,TunSwitchTO_0000081_0000020_0000013_uuy_81_20_13_uuy_0,0.25
labeled_linagora_cs_arabize,مند لشك 가س ل كستけدي,ماا عندو لا شيكات متاع سفر لا كاط دو كريدي,2.9839999675750732,ar--3095_1.5.wav_3095_1.5_0,1.0
labeled_linagora_cs_arabize,اnglizi,انقليزي,1.0479999780654907,ar--1951_0.75.wav_1951_0.75_0,1.0
labeled_linagora_cs_arabize,نسةانتشار أيضا سنتحدث على أهم أسبابه ما هي مضافاته كيفيةتشخيصه,آه آه نسبة انتشارو ايضا سنتحدث على اهم اسبابو ماهي مضاعفاتو كيفية تشخيصو,5.783999919891357,amenyKH_0000009_chunk_0000007_009_chunk_7_0,0.8461538461538461
labeled_linagora_cs_arabize,يتفرج على الثلثة,يتفرج على التلفزة,2.200000047683716,ar--2315_0.75.wav_2315_0.75_0,0.3333333333333333
labeled_linagora_cs_arabize,ياأخي مكتبتهاش قلصب ن عرفتا شني شلوسيا مكتبتهاش خاطر معينيش معناه تكتب متكتبش مش فرق تنجح متنجحش مش تع,ياخي ما كتبتهاش قلت سي بون هاني عرفتها شنيا ال سولوسيون ما كتبتهاش خاطر ما عينيش معناها تكتب ما تكتبش ما فماش فرق تنجح ما تنجحش باش,6.815999984741211,0000027_0000231_0000001_27_231_1_0,0.8518518518518519
labeled_linagora_cs_arabize,فترينة مدام ناتاليا قررت باش نعدي منقومة الغجر ماخو,قدام في ترينة مدام ناتاليا قررت باش نعدي من حومة الغجر ناخو,4.504000186920166,TunSwitchTO_0000132_0000001_0000036_0000004ub_132_01_36_4ub_0,0.5
labeled_linagora_cs_arabize,دانك ثما برشا خانجمو وفما غيدم باش يطلع سرتنمون نتاع قرايا دونك الي نحاول نقولولكم متقتلوش رواحكم نو,دونك فمة برشا شانجمون فمة ريتم باش يطلع سيرتانمون متاع قراية دونك الي نحاول نقولهولكم ما تقتلوش رواحكم نو,9.064000129699707,0000072_0000063_0000001_72_63_1_0,0.5789473684210527
labeled_linagora_cs_arabize,وريني ملاصة سبحة علالنهار هذا,ورني بلاصة سمحة على النهر هاذا يعيشك,2.5920000076293945,TunSwitchTO_0000012_0000011_0000054_0000008k0000004_12_11_54_8k4_0,1.0
labeled_linagora_cs_arabize,الطبيل,الطبيب,0.5920000076293945,ar--2209_1.5.wav_2209_1.5_0,1.0
labeled_linagora_cs_arabize,القري منم لناف نخذ جوونتونجي,آه آه نقري م ما نجمش ناخذ جور ده كونجا,3.4000000953674316,amenyKH_partie0000003_chunk_0000041_partie3_chunk_41_0,1.0
labeled_linagora_cs_arabize,على أساس مثلا باش تخدم مرا باش تجي من كويفو على اأساس باش تخدم فيم منعرفش أنا من في,على اساس مثلا باش تخدم مرا باش تجي مال كوت ديفوار على اساس باش تخدم في ما نعرفش انا في,9.720000267028809,0000051_0000109_0000001_51_109_1_0,0.45
labeled_linagora_cs_arabize,إسمها عايشة من الحمامات,اسمها عيشة من الحمامات,2.0480000972747803,ar--3254_1.wav_3254_1_0,0.5
labeled_linagora_cs_arabize,يسأل,يسال,0.8960000276565552,ar--2224_1.wav_2224_1_0,1.0
labeled_linagora_cs_arabize,الفلوس إنكم تمشيو إني ه معناها ان بسي وكل م شيء,الفوس انكم تمشيوا الي فو كونسولت معناها ان ساي و كلماشي,6.0960001945495605,Melekher0000011_0000024_0000002_Melekher11_24_2_0,0.9090909090909091
labeled_linagora_cs_arabize,śě ropi,جاب ربي,1.2879999876022339,ar--2136_0.75.wav_2136_0.75_0,1.0
labeled_linagora_cs_arabize,,ثمنية,0.5759999752044678,tn9853_0,1.0
labeled_linagora_cs_arabize,لوقتلو توا يامراد لين نتاكدو من صحة المعلومات اللى اعطيتمل باشتعاود تسمعنى كلالمعلومات اللى اعطيتمل علىولا واناش نارن المعلومات للاشتعطيهمليتو بالمعلومات اللىوجود فتسجات,كلامو وقتلو توا يا مراد خلي نتاكد من صحت المعلومات الي اعطيتهملي باش تعاود تسمعني كل المعلومات الي اعطيتهملي على الولاد و انا باش نقارن المعلومات الي باش تعطيهم لي تووا بالمعلومات الي موجودين في,14.736000061035156,segment_0000741_segment_741_0,0.8571428571428571
labeled_linagora_cs_arabize,شلد,فادد,0.6320000290870667,ar--2271_1.25.wav_2271_1.25_0,1.0
labeled_linagora_cs_arabize,انت خويا وشيني صلح انحبك,باهي وقتاش نمشيو التونس,3.135999917984009,ar--Salah10.wav_1.25.wav_Salah10.wav_1.25_0,1.25
labeled_linagora_cs_arabize,كان تاخذ براي يا رسول الله رو إحنا نعملو شي إن أنتما ما تعملوش,كان ياخذ برايي يا رسول الله راهو احنا نعملوا شيء الي انتوما ما تعملوهش,3.671999931335449,amenyKH_0000001_chunk_0000131_001_chunk_131_0,0.6428571428571429
labeled_linagora_cs_arabize,هذا مش شعار حملة انتخابية ولا هو شعار حملة احتجاجية,هاذا مش شعار حملة انتخابية و لا هو شعار حملة احتجاجية,3.799999952316284,TunSwitchTO_0000003_0000023_0000035_a0000029_3_23_35_a29_0,0.2727272727272727
labeled_linagora_cs_arabize,برعيد,بعيد,0.8159999847412109,ar--1314_0.75.wav_1314_0.75_0,1.0
labeled_linagora_cs_arabize,دار المدينة الكل باش يلقى عنوان السيغي,دار المدينة الكل باش يلقى عنوان الصايغي,2.9519999027252197,ar--3348_1.25.wav_3348_1.25_0,0.14285714285714285
labeled_linagora_cs_arabize,مثل خرا بالحق كنت بش ناخد بوز من لبودكاست وقلتلي أmكو xس ttk بou يng,ايم سو اكسايتد تو تولك اباوت ذيس ثينق و قلت لا بودكاست مل بوز الايمات اللخرة بالحق كنت باش ناخوا,6.607999801635742,0000076_0000001_0000000_76_1_0_0,1.0
labeled_linagora_cs_arabize,جت سيء لش على خاطر عشرة ورشنو,وير جوست ساي يت مش على خاطر عشرة و درا شنوا نو,4.28000020980835,Melekher0000008_0000107_0000000_Melekher8_107_0_0,0.75
labeled_linagora_cs_arabize,tote,توت,1.527999997138977,toute_1353_0,1.0
labeled_linagora_cs_arabize,مي هادي,مهني,0.8479999899864197,ar--2443_0.75.wav_2443_0.75_0,2.0
labeled_linagora_cs_arabize,الاضرا,الاضرار,1.3040000200271606,ar--2148_0.75.wav_2148_0.75_0,1.0
labeled_linagora_cs_arabize,قلت له مرتك مهيش قاعد مكجل لنت قاعد مكج الرجال حيتضام,قالت لو مرتك ما هي ش قاعدة تمكيج لك ليك انت قاعدة تمكيج لرجال حي التضامن,3.74399995803833,amenyKH_0000008_chunk_0000583_008_chunk_583_0,0.9375
labeled_linagora_cs_arabize,一思,يسكر,0.5440000295639038,ar--2006_1.25.wav_2006_1.25_0,1.0
labeled_linagora_cs_arabize,يخزل,يغسل,0.5120000243186951,ar--1741_1.25.wav_1741_1.25_0,1.0
labeled_linagora_cs_arabize,كبة حتى نكملهم ونعملهم الكبيت الكل هكايا او كمسطولين شوية ونبعدهم على بعضهم ختر باش يخمرو ونقعد نعملهم بالكعبةبالكعةنك,بالكعبه بالكعبه حتى نكملهم و نعملهم الكعيبات الكل هكايا اهوكا ميستطولين شويه ومبعدهم على بعضهم خطر باش يخمروا و نقعد نعملهم بالكعبه بالكعبه حتى نكملهم,11.996000289916992,segment_0001016_segment_1016_0,0.68
labeled_linagora_cs_arabize,बहर ल हे,ضاهرلي هايل,1.1519999504089355,TunSwitchTO_0000017_0000008_0000022_0000003t0000003_17_08_22_3t3_0,1.5
labeled_linagora_cs_arabize,شا نمك مع تقول عليك تقولي بجاه والديك كل حاجة متعجبكش برسمك نحيشراب معد تقول عليه انا نكره مثلا بربي شي سبدري ذاك لا مني شاري فهمت,شنيا نعمل معاك معنتها تقول عليك تقلي بجاه و الديك كول حاجة ما تعجبكش براس امك نحي الشراب معناها تقول عليا انا نكره مثلا بربي اشريه السبيدري هذاكة لا ما ني ش شاريه فهمت,8.263999938964844,0000040_0000044_0000001_40_44_1_0,0.6764705882352942
labeled_linagora_cs_arabize,تخلت للبريبا بعد شهر هكيك نسمع في الناس كل تحكي على لاتود امات هو معروف البروف اسمه لاسود انا بريبا مونفلور باينواي,دخلت لل بريبا بعد شهر اكاكا نسمع في الناس الكل تحكي على ايتود ماث هو معروف ال بروف اسمو لسود انا بريبا مونتفليوري باي ذي واي,8.991999626159668,0000027_0000249_0000000_27_249_0_0,0.5769230769230769
labeled_linagora_cs_arabize,مالعطيني تسكم وسط للبات,ملا عطيني تسكرة لوسط البلاد,1.7120000123977661,ar--3070_1.25.wav_3070_1.25_0,1.0
labeled_linagora_cs_arabize,الشهر,الشهر,0.7279999852180481,ar--1543_1.wav_1543_1_0,0.0
labeled_linagora_cs_arabize,اللي هو بو روبرت البور دا عنده إنكام مدخول قد لديب,الي هو بو روبرت ال بور داد عندو انكوم مدخول قد,4.671999931335449,0000034_0000029_0000002_34_29_2_0,0.6363636363636364
labeled_linagora_cs_arabize,نحمكلة برينر كسكروت مفي فرحيس,نحب ماكلة بنينة كسكروت نظيف و رخيس,4.208000183105469,ar--Salah1.wav_0.75.wav_Salah1.wav_0.75_0,0.8571428571428571
labeled_linagora_cs_arabize,ديما نعرف تبدا اديسطان بيسيد مش بعيده برشه نحاولو بلي فيلو كيف كيف منها سياض منها نكتشفو بكلكيد للعباد,ديما نعود فال ديستانس بيان سور مش بعيدة برشا نحاولوا بال لي فيلو كيف كيف منها سبور منها نكتشفوا بيان سور للعباد الي,8.97599983215332,0000053_0000046_0000001_53_46_1_0,0.6521739130434783
labeled_linagora_cs_arabize,مهم,مهم,1.25600004196167,mouhim_13502_0,0.0
labeled_linagora_cs_arabize,ولا تحسنله حظوظه شن حصل على العلمه,تعاونو باش ولا تسحنلو حظوظو باش يتحص على العلامة هاذي,4.208000183105469,0000003_0000012_3_12_0,0.8
labeled_linagora_cs_arabize,serkulisaki,سرقولي ساكي,1.0080000162124634,TunSwitchTO_0000010_0000019_0000041_cvc_10_19_41_cvc_0,1.0
labeled_linagora_cs_arabize,على الأقل باش نتعاملو,على الاقل باش نتعاملوا,1.6720000505447388,amenyKH_0000006_0000006_0002012_partie0000006_chunk_0000247_06_06_2012_partie6_chunk_247_0,0.5
labeled_linagora_cs_arabize,كوت الكومباريو هاليكا في حياتك اليومية,بوت ال كومباريسون هاذيكا في حياتك اليومية,4.064000129699707,Melekher0000009_0000027_0000001_Melekher9_27_1_0,0.5714285714285714
labeled_linagora_cs_arabize,وفاش عاوني أني وليت ركزت على الحوايج اللي كنت متلفة,و فاش عاوني اني وليت ركزت عالحوايج الي كنت متلفهم,3.680000066757202,0000027_0000067_0000001_27_67_1_0,0.7
labeled_linagora_cs_arabize,بالله الغي نوم رلكان,بالله الغي نومرو الكارطة,1.559999942779541,TunSwitchTO_0000006_0000022_0000052_jk0000003_6_22_52_jk3_0,0.5
labeled_linagora_cs_arabize,شنو اللي خليك قلت,شنوا الي خلاك قلت,1.1360000371932983,0000026_0000017_0000001_26_17_1_0,0.75
labeled_linagora_cs_arabize,خاطر السوسي خذا لصنية هذيك تصعب عليه ماقولوش تتنخص  تصعب عليه,خاطر ال سوفي خذا ال ال الثنية هذيكة تصعب عليه ما نقولوش امبسيبل تتنحى ماي تصعب عليه,4.943999767303467,amenyKH_0000006_0000006_0002012_partie0000001_0000003_chunk_0000330_06_06_2012_partie1_3_chunk_330_0,0.6470588235294118
labeled_linagora_cs_arabize,مسا الخير,مس لخير,1.5199999809265137,mse_l5ir_2536_0,1.0
labeled_linagora_cs_arabize,فا لadiساميnاio de كlتur اenتربرنوريال نفتن لي بعد ربع سنين ونص ربع سنين,بور فير لا ديسيميناسيون دي كولتور اونترابرونوريال اوكي نفطنوا الي من بعد اربعة سنين و نصف اربعة سنين,5.8480000495910645,0000013_0000011_13_11_0,0.8333333333333334
labeled_linagora_cs_arabize,في الفوي الحق نتاع ربي برشا برشا,فال فوايي الحق متاع ربي برشا برشا,3.9600000381469727,0000073_0000060_0000002_73_60_2_0,0.42857142857142855
labeled_linagora_cs_arabize,ولا lr projet,ولا لور بروجي,0.7839999794960022,0000013_0000030_13_30_0,0.6666666666666666
labeled_linagora_cs_arabize,اللقةب,اللقب,0.8080000281333923,ar--2299_0.75.wav_2299_0.75_0,1.0
labeled_linagora_cs_arabize,حسب وزارة التربية الناجحين فيالدراسة في علفين وعشرين علفين وحد وعشرين مثلا كانو نسمعناه نسبة الناجحات نسارمالبنات أكثر من الأولاد,حسب وزارة التربية الناجحين في الدراسة فالفين و عشرين الفين و واحد و عشرين مثلا كانوا النساء الناجحين معناها نسبة النجاحات نسبة النساء اكثر البنات اكثر من الاولاد,12.031999588012695,0000052_0000075_0000000_52_75_0_0,0.75
labeled_linagora_cs_arabize,هو مدمن على الدخان سواء كان على مادة النيكوتين لي,هو مدمن على الدخان سواء كان على مادة النيكوتين الي,3.6480000019073486,amenyKH_0000006_0000006_0002012_partie0000005_chunk_0000024_06_06_2012_partie5_chunk_24_0,0.1
labeled_linagora_cs_arabize,لاي ماذا تونيخصوا لياري,باهي ملا توا ناخو السورية هاذي,1.7359999418258667,ar--3419_1.5.wav_3419_1.5_0,1.0
labeled_linagora_cs_arabize,جدو يعزف بالكمنجا كل عام,جدو يعزف بالكمنجة كل عام,3.4079999923706055,ar--3625_0.75.wav_3625_0.75_0,0.2
labeled_linagora_cs_arabize,بتثالف,تسعة الاف,0.9760000109672546,tes3alef_31355_0,1.0
labeled_linagora_cs_arabize,للي عنده حاجة بهي يولي يحب يخليها لهوكهو,الي عنده حاجة باهية يولي يحب يخليها ليه هو كهو,2.5199999809265137,amenyKH_Hkayet_Tounsia_S0000001_Episode_0000004_0000019_0000012_0002016_Partie_0000002_Sync0000002_no_speaker_0000047.0000000_0000049.0000052_Hkayet_Tounsia_S01_Episode_04_19_12_2016_Partie_02_Sync002_no_speaker_47.00_49.52_0,0.5
labeled_linagora_cs_arabize,مثلا يقولولي ما تخدم بزربه ولا حاجة دنت هاب الجستي,مثلا يقولولي تخدم بزربة ولا حاجة يت ديدنت هابن جوست لايك,5.208000183105469,Melekher0000009_0000109_0000001_Melekher9_109_1_0,0.6363636363636364
labeled_linagora_cs_arabize,وقديش ثوم السباقة لمانشستر,بقداش سوم السباق لمانشستر,2.055999994277954,TunSwitchTO_0000108_0000023_0000027_mqt_108_23_27_mqt_0,0.75
labeled_linagora_cs_arabize,مy sleepn سceduld ليك الوقت هذي وفصيف وكل,كي الوقت هذايا في الصيف و كل ماي سليب سكيجول يتس ارلي,3.5360000133514404,0000075_0000084_0000001_75_84_1_0,1.0
labeled_linagora_cs_arabize,ينا ت بن مون م بلوديتش,اي نو يتس بين ا مونث ما ابلوديتش ايف,4.056000232696533,0000071_0000003_0000001_71_3_1_0,1.0
labeled_linagora_cs_arabize,بنبدأ في سياسة إصلاحية,نبدا في سياسة اصلاحية,1.6399999856948853,amenyKH_0000002_chunk_0000144_002_chunk_144_0,0.5
labeled_linagora_cs_arabize,حالم,الطالب,1.0240000486373901,ar--2325_0.75.wav_2325_0.75_0,1.0
labeled_linagora_cs_arabize,عبدعن معنده في السقما يذوق ولا كيفا يقولو هالكلمة ليك هذي ج,عبد ما ما عندو حتى ما عندو في السوق ما يذوق ولا كيفاش يقولوها الكلمة لايك ذيس بيرسون,6.216000080108643,Melekher0000009_0000053_0000001_Melekher9_53_1_0,0.8333333333333334
labeled_linagora_cs_arabize,قيمتو حكاية يمكون نص نهار ونص,قيمت حكاية يمكن نصف النهار و نصف,1.8960000276565552,amenyKH_Hkayet_Tounsia_S0000001_Episode_0000020_0000010_0000004_0002017_Partie_0000003_Sync0000010_no_speaker_0001402.0000022_0001404.0000017_Hkayet_Tounsia_S01_Episode_20_10_04_2017_Partie_03_Sync010_no_speaker_1402.22_1404.17_0,0.8571428571428571
labeled_linagora_cs_arabize,العباد اللي قراو كافكايسهمو فاش قعد نحكي تس,يتس يفهموا فاش قاعدت نحكي كافكا العباد لقراوا,3.759999990463257,0000076_0000011_0000001_76_11_1_0,1.0
labeled_linagora_cs_arabize,diwinek,تي وينك,1.496000051498413,ti_winek_31711_0,1.0
labeled_linagora_cs_arabize,ظم المخي نين بشر,العظم المقلي بنين برشا,1.5199999809265137,ar--3050_1.5.wav_3050_1.5_0,1.0
labeled_linagora_cs_arabize,تنجم تشيلهونi فيsa,تنجم تجي لهوني فيسع,2.111999988555908,TunSwitchTO_0000084_0000019_0000006_n0000005f_84_19_06_n5f_0,0.75
labeled_linagora_cs_arabize,انا عبدالله بلقاش بروم مامش السانك,اما عبد الله ملقاش البلون ما هو ش في الصاك,2.7679998874664307,ar--3081_1.5.wav_3081_1.5_0,1.0
labeled_linagora_cs_arabize,fransa,فرانسا,0.671999990940094,ar--1952_1.wav_1952_1_0,1.0
labeled_linagora_cs_arabize,إشو,الشوكة,0.6079999804496765,ar--2313_1.25.wav_2313_1.25_0,1.0
labeled_linagora_cs_arabize,مرة تعمل فيلم هني على واحد مالفنانين,مرة تعمل فيلم هنا على واحد من الفنانين,3.8399999141693115,ar--3238_1.25.wav_3238_1.25_0,0.375
labeled_linagora_cs_arabize,tasbr,بالتخضخيض مش المغرفة,1.3200000524520874,TunSwitchTO_0000039_0000009_0000008_0000000by_39_09_08_0by_0,1.0
labeled_linagora_cs_arabize,شفي,شفيه,0.7680000066757202,TunSwitchTO_0000003_0000011_0000047_0000001cy_3_11_47_1cy_0,1.0
labeled_linagora_cs_arabize,جيل dوش,الجال دوش,1.3040000200271606,ar--1902_0.75.wav_1902_0.75_0,1.0
labeled_linagora_cs_arabize,不eu那个一,سي اون فو اون بو نيفار قيف اب,1.8639999628067017,0000018_0000035_18_35_0,1.0
labeled_linagora_cs_arabize,وقديش نمشي للوتير هذا بالتكسي,بقداش نمشي للوتيل هاذا بالتاكسي,2.0480000972747803,TunSwitchTO_0000097_0000022_0000026_x0000003x_97_22_26_x3x_0,0.8
labeled_linagora_cs_arabize,كينحيتو ليه أرجع كيما كنت لي ألبسو ساعة ساعة,كي نحيتو لا ارجع كيما كنت لا البسو ساعة ساعة,4.039999961853027,0000035_0000092_0000002_35_92_2_0,0.6
labeled_linagora_cs_arabize,العسو,العصفور,0.7680000066757202,ar--2248_1.25.wav_2248_1.25_0,1.0
labeled_linagora_cs_arabize,drwiš,درويش,0.7440000176429749,derwich_17951_0,1.0
labeled_linagora_cs_arabize,في الاري تشوف برشا وجوه غير اللي تقابلهم في البيت وجوه أخرى غريب,في اللارية تشوف برشا وجوه غير الي تقابلهم في البيت وجوه اخرى غريبة,4.039999961853027,TunSwitchTO_0000194_0000022_0000057_gok_194_22_57_gok_0,0.3076923076923077
labeled_linagora_cs_arabize,عبدالله يعرف يطيب مليح وديما يستدعي صحابه,عبد الله يعرف يطيب مليح وديمة يستدعي صحابو,5.007999897003174,ar--3189_1.wav_3189_1_0,0.5
labeled_linagora_cs_arabize,على شنو تحب تتفرج,علاشنو تحب تتفرج,1.3359999656677246,ar--3595_1.25.wav_3595_1.25_0,0.6666666666666666
labeled_linagora_cs_arabize,حقيق سيتواصل مع خاطر الحد توا مش فاهمين كيفاش منع هو بهذه الصفة زعمه محقين ماشين في اثنية صحيحة والا,و التحقيق سيتواصل معاه خاطر لحد توا مش فاهمين كيفاش منع هو بهذه الصفه زعما المحقين ماشيين في الثنيه صحيحه ولا السائق,13.807999610900879,segment_0000851_segment_851_0,0.5454545454545454
labeled_linagora_cs_arabize,ومشوتوالي اخيب واللي خليني نزيد نتخنق اكثر ونخاف اكثر هو واني كنت حاس وكانه فم حاجة مقابل وجهي صدت علي نفس وقعدت اتنفس معايا كنت حاس باللي هو قدامي لكن في نفس الوقت مش قاعد نرق في حتى شي وقتها وين,ومش وتولي اخيب و الي خليني نزيد نخنق اكثر ونخاف اكثر هو واني كنت حاس وكانه فمة حاجه مقابله وجهي سدت على نفس وقعدت تتنفس معايا كنت حاس باللي هو قدامي لكن في نفس الوقت مش قاعد راه في حتى شيء وقتها وين,14.368000030517578,segment_0000651_segment_651_0,0.3023255813953488
labeled_linagora_cs_arabize,اول كاميغا شريتها في حياتي وقتها حسلو لحلحب ماوبابشريولي كاميغا أنا على خاطر وتها كنت مغرومة بالتصور عىللخر كنت هكا نمشي نخرج نصور لاندسكاب نصور روحي بالطبيعة,اول كاميرا شريتها في حياتي وقتها حاصيلو نلحلح بمما و با باش يشريولي كاميرا انا على خاطر وقتها كنت مغرومة بالتصاور عاللخر كنت هكة نمشي نخرج نصور لاندسكيب نصور روحي بالطبيعة,11.015999794006348,0000035_0000010_0000000_35_10_0_0,0.4838709677419355
labeled_linagora_cs_arabize,cqui n'est pas vrai àla hatre lfaut recontextualiser c'était une époque,سي كي نيست با فراي على خاطر يل فو ريكونتكستواليزي سيتاي يون ايبوك,3.496000051498413,0000039_0000063_0000001_39_63_1_0,1.0
labeled_linagora_cs_arabize,ينو يسر معناها عليهم هيب على السوشيال ميديا وكل شنهي لفيه متاحهم وهاو t تشوز يوuر سكين كار روتين كان معندكومش سكين كان روتين أم هير فو يو غايز  هر,سكين كير روتين ايم هير فور يو قايز وكان معندكمش هاو تو شوز يور سكين كير روتين متاعهم و افي و كل شنيا ال سوشيال ميديا على هايب انوا ياسر معناها عليهم,12.031999588012695,0000075_0000032_0000000_75_32_0_0,1.0
labeled_linagora_cs_arabize,العبد الأخرين بن سير مش معناه نقدر العباد الكل مي عبد عمل بريبا,عباد لخرين بيان سور مش معناها نقدر لعباد الكل مي عبد عمل بريبا,4.111999988555908,0000027_0000285_0000000_27_285_0_0,0.46153846153846156
labeled_linagora_cs_arabize,و وكرهبته وتقع عيط وتقله انا طفلة اللى اختصبتوني انت و صحابك وانا هي طفلة الى شوية بركة لحتى مطولى مستقبلى فرغت قلبها وبعد مشات للسك متاعها و جبتتقلم حمير وكتبت من تالى فى البلار متع الكرهب,هو وكرهتو وتقعد تعيط وتقولو انا طفلة الي اغتصبتني انت و صحابك و انا هيا طفله الي شويه بركه لحطمطولي مستقبلي فرغت قلبها و بعد مشات للساك متاعها وجابت قلم حمير وكتبت من تالي في البلار متاع الكهربا,14.656000137329102,segment_0000763_segment_763_0,0.6578947368421053
labeled_linagora_cs_arabize,في العشية فم إمكانية أمطار لتفرقة,في العشية فمة امكانية امطار متفرقة,5.311999797821045,ar--3135_0.75.wav_3135_0.75_0,0.6666666666666666
labeled_linagora_cs_arabize,المقال,المقال,0.7200000286102295,ar--1547_1.25.wav_1547_1.25_0,0.0
labeled_linagora_cs_arabize,التبوت,الكبوط,0.671999990940094,ar--2050_1.25.wav_2050_1.25_0,1.0
labeled_linagora_cs_arabize,ene nmen الي تu peux avoir une idée  tu la développe mais tu peux pas avoir à شaqe fois de très bonnes idées à développer don زm تعdى مرحلة أoخرى lbertكoséri اللي هو,الي توا بو افوار اون ايدي الي خمسمياة و ثمانين توا لا ديفلوب مي توا بو با افوار شاك فوا دي ترا بون ايدي ا ديفلوبي توا يلزمك تتعدا لمرحلة اخرى البرتو سيرينو هو كاتب عظيم,14.944000244140625,segment_0000308_segment_308_0,0.9722222222222222
labeled_linagora_cs_arabize,مافماش زيادة في الوزن,ما ثماش زيادة في ال الوزن,1.503999948501587,amenyKH_0000006_0000006_0002012_partie0000003_chunk_0000115_06_06_2012_partie3_chunk_115_0,0.5
labeled_linagora_cs_arabize,معناها تا  كي عيل منيه عندي كا  ي ح معي بي من من موكوتايا,معناها تو سي كي ايست قيتابل عندي تو سي كي ايست قيتابل يل ايست باني من مون,6.248000144958496,0000049_0000118_0000001_49_118_1_0,0.7647058823529411
labeled_linagora_cs_arabize,الكبسول إسمها فكرة توانسة خلينا نتعرفوا عليها أكثر مع محمد مراد مرحبا محمد على موزئيك,ال كابسول اسمها فكرة توانسة خلينا نتعرفو عليها اكثر مع محمد مراد مرحبا محمد على موزاييك,6.015999794006348,0000017_0000002_17_2_0,0.375
labeled_linagora_cs_arabize,جاي عل مشكلة  بدوني فل مشكلتي,جى على مشكلة لكن يبدو لي فمة مشكلتين,2.072000026702881,amenyKH_0000008_chunk_0000375_008_chunk_375_0,0.875
labeled_linagora_cs_arabize,مليون,مليون,0.9440000057220459,ar--1259_0.75.wav_1259_0.75_0,0.0
labeled_linagora_cs_arabize,mala kaleb sa maḥecnawanawa,ملا كلب سمح شنوا نوعه,2.2160000801086426,TunSwitchTO_0000014_0000012_0000050_c0000002g_14_12_50_c2g_0,1.0
labeled_linagora_cs_arabize,nha if you see your friend right nowlk,معناها ايف يو سي يور فريند رايت ناو,3.2960000038146973,0000073_0000059_0000000_73_59_0_0,1.0
labeled_linagora_cs_arabize,البوفري,البوفريوة,0.7279999852180481,ar--1228_1.25.wav_1228_1.25_0,1.0
labeled_linagora_cs_arabize,اتي تحبلك عندك واسطة باهية راك باش توقف تدخل تقاب لوالي ولا معتمد ولا كذا,تي تحبلك عندك واسطة باهية راك باش توقف تدخل تقابل والي ولا معتمد ولا كذا,4.895999908447266,amenyKH_tataouine__for_acoustic_analysis_Sync0000053_no_speaker_0000603.0000035_0000608.0000029_tataouine__for_acoustic_analysis_Sync053_no_speaker_603.35_608.29_0,0.2
labeled_linagora_cs_arabize,الليسي ولا الجامعة والآخرة اللي نروح وبابا زادا كان كيفي ديما هاربي,لليسي ولا الجامعة ولاخرة الي نروح و بابا زادة كان كيف ديما هاربين و,7.440000057220459,TunSwitchTO_0000100_0000020_0000023_ofl_100_20_23_ofl_0,0.6428571428571429
labeled_linagora_cs_arabize,شنو إيخر نمشي لمكتبة مثلا باش تكون ونفيونمو كلي ناس كل تقرا فيه لكل,شنوا آخر نمشي للمكتبة مثلا باش تكون انفيرنمن اكاللي الناس الكل تقرا فيه و كل,5.544000148773193,amenyKH_Melekher0000010_0000228_0000000_Melekher10_228_0_0,0.6
labeled_linagora_cs_arabize,ياقعد,يقعد,0.9440000057220459,ar--1772_0.75.wav_1772_0.75_0,1.0
labeled_linagora_cs_arabize,ن جنوب الصحراء في تونس معناتها فما شيفر غالطين فم معناها فما كع عجييس ني معا مابار ل سجوسي دي سبسهارين,من جنوب الصحراء في تونس معنتها فمة دي شيفر غالطين فمة معناها فمة توت يون ارقومونتاسيون ايروني بار رابور ا لا سيتواسيون دي سابساهاريان,12.031999588012695,0000051_0000019_0000000_51_19_0_0,0.6666666666666666
labeled_linagora_cs_arabize,n的o tems en tempslز么وn,ده وقت في وقت انا نجم نكون,1.5440000295639038,amenyKH_0000007_chunk_0000111_007_chunk_111_0,1.0
labeled_linagora_cs_arabize,لمفجلام السياتامؤاسات الل,اليوم التلامذة وصلوا قدام ليسيات قدام المؤسسات الثلاثة وروحوا,5.02400016784668,amenyKH_partie0000004_chunk_0000066_partie4_chunk_66_0,1.0
labeled_linagora_cs_arabize,تو توصي رو عنده فلوس يلازم يعمل ابروجي ر,توا التونسي راهو عندو فلوس ينجم يعمل لك برجي راهو,2.1519999504089355,amenyKH_MOSAIQUEFM_FORUM_8102012_partie0000001_0000003_chunk_0000023_MOSAIQUEFM_FORUM_08102012_partie1_3_chunk_23_0,0.8
labeled_linagora_cs_arabize,الإحساس ب بالجوع,هاكي الاحساس بالجوع,1.7039999961853027,amenyKH_0000006_0000006_0002012_partie0000003_chunk_0000112_06_06_2012_partie3_chunk_112_0,0.6666666666666666
labeled_linagora_cs_arabize,انجليزية,انقليسية,0.9599999785423279,tn9767_0,1.0
labeled_linagora_cs_arabize,ممت,ما زال معناتها,1.74399995803833,amenyKH_MIC0000001_mod_0000032_chunk_0000011_MIC00001_mod_32_chunk_11_0,1.0
labeled_linagora_cs_arabize,الراسل,الراجل,0.5680000185966492,ar--2346_1.25.wav_2346_1.25_0,1.0
labeled_linagora_cs_arabize,علفني هذية ولا البيبي هذية رول,هالبنية هاذيا ولا بيبي هذايه راهو ولدك,1.9199999570846558,amenyKH_0000008_chunk_0000423_008_chunk_423_0,0.8571428571428571
labeled_linagora_cs_arabize,أصعب مشكلة في الوجود أكثر وضعية من معقدة,اصعب مشكله في الوجود اكثر وضعيه من عقدت,2.9079999923706055,youtube_EeH1mIG0kyM_0,0.625
labeled_linagora_cs_arabize,جم تتخيلها,نجم تتخيلها,0.640999972820282,youtube_EeH1mIG0kyM_1,0.5
labeled_linagora_cs_arabize,تصرف النفايات اي نعم مالزبلة كان منفهموش ف,التصرف النيفيات اي نعم كما نفهموش في,2.944999933242798,youtube_EeH1mIG0kyM_2,0.8571428571428571
labeled_linagora_cs_arabize,وترف النفايات غدوة يكلنا الدود والأمراض,التصرف في النفايات غدوه الامراض خطرنا,3.2880001068115234,youtube_EeH1mIG0kyM_3,1.0
labeled_linagora_cs_arabize,ق عض,عايشين فوق بعضنا,0.7919999957084656,youtube_EeH1mIG0kyM_4,1.0
labeled_linagora_cs_arabize,حتي يخمم في الزبل خر بصراحه بعد نهار,ولحتى يخمم في الزبده خطر بصراحه بعد نهار,3.38700008392334,youtube_EeH1mIG0kyM_5,0.375
labeled_linagora_cs_arabize,كل ما آخر حاجة نحب نتعامل معاها هي الذبح,خدمه آخر حاجه نحب نتعامل معاها هيا الزبل,2.25600004196167,youtube_EeH1mIG0kyM_6,0.625
labeled_linagora_cs_arabize,oseprbe mfokrek,عزوز بربي ما تفكر هكاك,1.6440000534057617,youtube_EeH1mIG0kyM_7,1.0
labeled_linagora_cs_arabize,شكهقداش بنصرفو عليها,باش تمشي يهزها قديش نصرفوا عليها ويمشي,2.484999895095825,youtube_EeH1mIG0kyM_8,0.8571428571428571
labeled_linagora_cs_arabize,ام بعد يزمك تقرع حساب السوائل,نحطوها من بعد يلزمك تقرا حساب السوائل,2.444999933242798,youtube_EeH1mIG0kyM_9,0.5714285714285714
labeled_linagora_cs_arabize,والازات اللي تخرج وفي وسط هذي الكل,والغازات التي تخرج و في وسط هاذي الكل,2.2239999771118164,youtube_EeH1mIG0kyM_10,0.625
labeled_linagora_cs_arabize,الأمور في العالم وفي تونس بصفة خاصة,الامور في العالم وش في تونس بصفه خاصه,2.200000047683716,youtube_EeH1mIG0kyM_11,0.625
labeled_linagora_cs_arabize,مد قاللخر,فمة ما يتقال على خاطر,1.6649999618530273,youtube_EeH1mIG0kyM_12,1.0
labeled_linagora_cs_arabize,في عام اح جيت نعمل في الحسابات انا نوزن كيلو,في عام واحد في الحسابات انا نوزن تسعين كيلو,3.4079999923706055,youtube_EeH1mIG0kyM_13,0.4444444444444444
labeled_linagora_cs_arabize,مليون مرة محطوطين غادي ومعنا مانعملوله,تسعة و عشرين مليون مره محطوطين غادي ومعنا منعملولو,3.627000093460083,youtube_EeH1mIG0kyM_15,0.5555555555555556
labeled_linagora_cs_arabize,لم منطقت,تخدم ميتين و خمسين من طاقتها و النجم نتفرجوا على,3.7679998874664307,youtube_EeH1mIG0kyM_16,1.0
labeled_linagora_cs_arabize,بش نزيدو نفهمو مشكل الفضلات في بلادنا,باش نزيدو نفهم مشكل الفضلات في بلادنا,1.7920000553131104,youtube_EeH1mIG0kyM_18,0.2857142857142857
labeled_linagora_cs_arabize,طبخلاف أن نكون واعيين,كمواطنين بخلاف انا نكونوا واعيين و من,2.365999937057495,youtube_EeH1mIG0kyM_19,0.8571428571428571
labeled_linagora_cs_arabize,رميش زبلة في القاعة,نرمين في القاعه,1.062000036239624,youtube_EeH1mIG0kyM_20,1.0
labeled_linagora_cs_arabize,أولا يزمنا نعرفو اللمعطيات والأرقام على ل,اولا يلزمنا نعرفو للمعطيات و الارقام على,1.9240000247955322,youtube_EeH1mIG0kyM_21,0.8571428571428571
labeled_linagora_cs_arabize,ل في تونس ليل,الفضلات في تونس قليله وصعيب,1.7450000047683716,youtube_EeH1mIG0kyM_22,0.6
labeled_linagora_cs_arabize,الفضلات المنزلية اللي هي م,في الفين و ثمنطاش الفضلات المنزليه الي هيا ثنين فاصل ستة,3.065999984741211,youtube_EeH1mIG0kyM_23,0.9090909090909091
labeled_linagora_cs_arabize,فما  مليون جاين من ا,مليون طن فمة اثنين مليون جايين من العشره,2.6059999465942383,youtube_EeH1mIG0kyM_24,0.75
labeled_linagora_cs_arabize,يتهف,ولايات هادو,0.6010000109672546,youtube_EeH1mIG0kyM_25,1.0
labeled_linagora_cs_arabize,و عدل الفضيلات المنزلية متاعنا,معدل الفضلات المنزليه متاعنا نلقاو الي,2.505000114440918,youtube_EeH1mIG0kyM_26,1.0
labeled_linagora_cs_arabize,في المناطق الريفية التونسي ينتج غرام,في المناطق الريفيه التونسي ينتج مياة و خمسين جرام,3.2860000133514404,youtube_EeH1mIG0kyM_27,0.5555555555555556
labeled_linagora_cs_arabize,في المدن وخاصة المدن الكبيرة,في النهار في المدن وخاصه المدن الكبيره,2.8459999561309814,youtube_EeH1mIG0kyM_28,0.5714285714285714
labeled_linagora_cs_arabize,والتنس ينتج اكثر من كيلو في النهار زبي,التونسي ينتج اكثر من كيلو في النهار زبي,3.6070001125335693,youtube_EeH1mIG0kyM_29,0.125
labeled_linagora_cs_arabize,كي نحكي علن الفضلات المنزلية,و نحكيو على الفضلات المنزليه نحن من مخ,2.223900079727173,youtube_EeH1mIG0kyM_30,0.875
labeled_linagora_cs_arabize,فضت الصناعية,الفضلات الصناعيه,0.7620999813079834,youtube_EeH1mIG0kyM_31,1.0
labeled_linagora_cs_arabize,عد في قنوات الصرف الصحي,للتعدد في قنوات الصرف الصحي موضوع حلقتنا,2.505000114440918,youtube_EeH1mIG0kyM_32,0.42857142857142855
labeled_linagora_cs_arabize,هو الزبل ع زبلة ج,اليوم هو الزبله يعني زبله الديار,2.686000108718872,youtube_EeH1mIG0kyM_33,0.8333333333333334
labeled_linagora_cs_arabize,للات فضلات لمدارس واليس,و العائلات فضلت المدارس و الكليات,1.9040000438690186,youtube_EeH1mIG0kyM_34,1.0
labeled_linagora_cs_arabize,سبطارات والكلينيكاته,وسبيتارات و الكلينيكات و هاذا هم,2.5439999103546143,youtube_EeH1mIG0kyM_35,1.0
labeled_linagora_cs_arabize,سنة,في ستة و عشرين سنه,0.7419999837875366,youtube_EeH1mIG0kyM_36,1.0
labeled_linagora_cs_arabize,أقل مواد عضوية وأكثر بلاستيك,اقل مواد عضويه واكثر بلاستيك واقل,2.8259999752044678,youtube_EeH1mIG0kyM_37,0.6666666666666666
labeled_linagora_cs_arabize,فضلاتنا المنزلية بصفة عامة,الفضلاتنا المنزليه بصفه عامه مش كان,1.784999966621399,youtube_EeH1mIG0kyM_38,1.0
labeled_linagora_cs_arabize,بعد ما تخرج من ديارناش,البلاستيك بعد ما تخرج من ديارنا شنوا يصير,2.986999988555908,youtube_EeH1mIG0kyM_39,0.5
labeled_linagora_cs_arabize,呀嗯老,لها,2.424999952316284,youtube_EeH1mIG0kyM_40,1.0
labeled_linagora_cs_arabize,العملية معقدة بصراحة اما باختصار,العمليه معقده بصراحه اما باختصار عنا,2.7860000133514404,youtube_EeH1mIG0kyM_41,0.6666666666666666
labeled_linagora_cs_arabize,تقريبا كاميون زبلة يخدمو فيد,تقريبا الف و ميتين كميون زبله يخدموا في,2.122999906539917,youtube_EeH1mIG0kyM_42,0.875
labeled_linagora_cs_arabize,يفي لدبت,تونسين في الدبوات,0.8420000076293945,youtube_EeH1mIG0kyM_43,1.0
labeled_linagora_cs_arabize,خر عملية جمعةلا,صارت آخر عمليه جمع والبلديات الي مش دي,2.686000108718872,youtube_EeH1mIG0kyM_44,1.0
labeled_linagora_cs_arabize,عندهم الإمكانيات,ما عندهم الامكانيات,0.8420000076293945,youtube_EeH1mIG0kyM_45,0.6666666666666666
labeled_linagora_cs_arabize,خلي البلدية والبريفي الزوج ماهمش رضين,ويخلي البلديه الزوج ما همش راضيين على,3.065000057220459,youtube_EeH1mIG0kyM_46,1.0
labeled_linagora_cs_arabize,يتيحو في مشاكلمتعد,خاطر ديما يتيحوا في مشاكل متعدده,1.7239999771118164,youtube_EeH1mIG0kyM_47,0.8333333333333334
labeled_linagora_cs_arabize,لواد من المصبات,الي عنا الواحد من المصبات ثلطاش,2.1040000915527344,youtube_EeH1mIG0kyM_48,0.6666666666666666
labeled_linagora_cs_arabize,راسات الحاجة الباهية ن,وحسب دراسات الحاجه الباهيه هو ان نسبه,2.385999917984009,youtube_EeH1mIG0kyM_49,1.0
labeled_linagora_cs_arabize,لي قاعدة تمشي للمصابات,الزبله الي قاعده تمشي للمصبات قاعده,2.003000020980835,youtube_EeH1mIG0kyM_50,0.8333333333333334
labeled_linagora_cs_arabize,زيدمن ل,تزيد من اربعة و ستين في الفين و خمسطاش ل ثنين و ثمانين في الفين و ثمنطاش لكن,6.051000118255615,youtube_EeH1mIG0kyM_51,0.9444444444444444
labeled_linagora_cs_arabize,اعتبار المصابات العشوائية ولاحية الجديدة,الاعتبار العشوائيه والحياه الجديده,2.9270999431610107,youtube_EeH1mIG0kyM_53,1.25
labeled_linagora_cs_arabize,التجمعات السكنية اللموجودة على الأراضي,والتجمعات السكنيه الموجوده على الاراضي,1.74399995803833,youtube_EeH1mIG0kyM_54,0.8
labeled_linagora_cs_arabize,ولية و غيرهم,الفلاحيه وغيرهم,2.4260001182556152,youtube_EeH1mIG0kyM_55,1.5
labeled_linagora_cs_arabize,اكبر مصب في بلادنا,بدون منازع اكبر مصب في بلادنا و الي هو,2.2249999046325684,youtube_EeH1mIG0kyM_56,0.5555555555555556
labeled_linagora_cs_arabize,مستقبل بصدر لرحب الفضلات متاع ولاية ال,يستقبل بصدر الرحب الفضلات متاع ولايه,2.5250000953674316,youtube_EeH1mIG0kyM_57,0.6666666666666666
labeled_linagora_cs_arabize,اعاصمة الكل,العاصمه الكل,0.5619999766349792,youtube_EeH1mIG0kyM_58,0.5
labeled_linagora_cs_arabize,ات الولة ت,عام الف و تسعميا و تسعة و تسعين جهه الدوله و اخذت مياة و عشرين كتار,3.8469998836517334,youtube_EeH1mIG0kyM_59,1.0
labeled_linagora_cs_arabize,مزروعين زيتون ولوز وحبوب,كانوا مزروعين زيتون ولوز وحبوب وحولتهم,2.947000026702881,youtube_EeH1mIG0kyM_60,0.3333333333333333
labeled_linagora_cs_arabize,مصب زبلة مدة الصلوحية بتاعه في الأصل,المصب زبله مده الصلاحيه متاعه في الاصل,2.625,youtube_EeH1mIG0kyM_61,0.8571428571428571
labeled_linagora_cs_arabize,بعد ع سنينالو,عشرا سنين بعد عشر سنين الدوله زادت عشرا,3.4070000648498535,youtube_EeH1mIG0kyM_62,0.875
labeled_linagora_cs_arabize,من عندها وزادت عبة لمصبفت,سنين اخرين من عندها وزادت عبى المصب فوق,2.2049999237060547,youtube_EeH1mIG0kyM_63,0.625
labeled_linagora_cs_arabize,الخاطرة الوضعية خايبة برشا على مستوى س,على خاطر الوضعيه خايبه برشا على مستوى,1.8839999437332153,youtube_EeH1mIG0kyM_65,0.7142857142857143
labeled_linagora_cs_arabize,واجتماعي,صحي واجتماعي,1.003000020980835,youtube_EeH1mIG0kyM_66,0.5
labeled_linagora_cs_arabize,وزارة البيئة تعهدت باش تسكر المصاب,وقتها وزاره البيئه عهدت باش تسكر المصب,2.444000005722046,youtube_EeH1mIG0kyM_67,0.7142857142857143
labeled_linagora_cs_arabize,بالعكس جات قبل تذكير بض,اما ما سكرتوش بالعكس جيت قبل تسكير بضعه,3.1459999084472656,youtube_EeH1mIG0kyM_68,0.75
labeled_linagora_cs_arabize,وطلبت من بلدية سيدي حسين,اشهر وطلبت من بلديه سيد حسين باش تزيد,2.3450000286102295,youtube_EeH1mIG0kyM_69,0.625
labeled_linagora_cs_arabize,عطيها كتار خرينعن حب تس,تعطيها اربعين كتار اخرين يعني حابب توسع,2.505000114440918,youtube_EeH1mIG0kyM_70,0.8571428571428571
labeled_linagora_cs_arabize,وبلد تسيد احسين رفضز,المصب وبلديه سيد حسين رفضت وما زالوا,3.2049999237060547,youtube_EeH1mIG0kyM_71,1.0
labeled_linagora_cs_arabize,ق استعاب,بطاقه استيعاب بنت عمي,1.062999963760376,youtube_EeH1mIG0kyM_72,1.0
labeled_linagora_cs_arabize,يوم يومي,في يوم يوميا,0.8019999861717224,youtube_EeH1mIG0kyM_73,0.6666666666666666
labeled_linagora_cs_arabize,مازبلة كيتوصل غادي شنو يصير لها وشنو تولي,اما الزبله غادي شنوا يصير لها وشنو تولي,3.135999917984009,youtube_EeH1mIG0kyM_74,0.375
labeled_linagora_cs_arabize,الإجابة هي wait for it,والاجابه هيا وايد فوريت,2.384000062942505,youtube_EeH1mIG0kyM_75,1.25
labeled_linagora_cs_arabize,منش ب ندخلوا في التفاصيل تقنية,حتى شيء ما ني ش تدخل في التفاصيل تقنيا,2.865999937057495,youtube_EeH1mIG0kyM_76,0.7777777777777778
labeled_linagora_cs_arabize,قديش ننجو من سوايل وغزاة سامة,طاقه قديش ننجو من سوايل وغازات سامه من,2.484999895095825,youtube_EeH1mIG0kyM_77,0.5
labeled_linagora_cs_arabize,اما الاكيد ان عملية الردم,كتسه اما الاكيد انه عمليه الردم وهو راو,3.427000045776367,youtube_EeH1mIG0kyM_78,0.625
labeled_linagora_cs_arabize,لح شي,لردم لاحد شيء,0.7620000243186951,youtube_EeH1mIG0kyM_79,1.0
labeled_linagora_cs_arabize,في تلويث الأهواة والماءتا لميد,كبير في تلويث الهواء و المال تاع الميدان,2.2639999389648438,youtube_EeH1mIG0kyM_80,0.75
labeled_linagora_cs_arabize,الدولة بمختلف هياكلها ومؤسساتها,علاش الدوله بمختلف هيكرها مؤسساتها عندها,2.825000047683716,youtube_EeH1mIG0kyM_81,0.8333333333333334
labeled_linagora_cs_arabize,مسوية مصيريةم عا,مسؤوليه مصيريه مش معاش,1.6440000534057617,youtube_EeH1mIG0kyM_82,1.0
labeled_linagora_cs_arabize,وقت ي تسر,الفين و واحد و عشرين وقت الي يتسكر,1.3639999628067017,youtube_EeH1mIG0kyM_83,0.875
labeled_linagora_cs_arabize,إلى إعلان جربة منطقة منكوبة تلمو الوضعية خيابت,دعت الى اعلان جربه منقوبه الوضعيه خيبت,3.4639999866485596,youtube_EeH1mIG0kyM_84,1.1428571428571428
labeled_linagora_cs_arabize,إلى حد الآن الدولة ت,والى حد الان الدوله وقت الي,1.74399995803833,youtube_EeH1mIG0kyM_85,0.8333333333333334
labeled_linagora_cs_arabize,بلاصة معينةتمش,بتوصلو في بلاصه معينه تمشي تحاول تلقى,2.424999952316284,youtube_EeH1mIG0kyM_86,1.0
labeled_linagora_cs_arabize,صخرين ترمى فيهم الزبلة اما هذا مهوش حل,بلايص وخرين تربيه اما هاذا مش حل الدوله,3.7079999446868896,youtube_EeH1mIG0kyM_87,0.875
labeled_linagora_cs_arabize,واج حسب كل المختصينوحنحكينا,من واجبها حسب كل المختصين ونحن حكينا مع,2.484999895095825,youtube_EeH1mIG0kyM_88,0.75
labeled_linagora_cs_arabize,ن انها تواجه المشكل في عمقه,ضد منهم انها تواجه المشكل في عمقه وتعترف,2.924999952316284,youtube_EeH1mIG0kyM_89,0.375
labeled_linagora_cs_arabize,بش نجم تلقاله حل على مستوى مركزي,بيه باش نجم على مستوى مركزي من المهم,2.9649999141693115,youtube_EeH1mIG0kyM_90,0.75
labeled_linagora_cs_arabize,توفير اعتمادات مالية معتبرة,برشا توفير اعتمادات ماليه معتبره,2.2860000133514404,youtube_EeH1mIG0kyM_91,0.6
labeled_linagora_cs_arabize,واضحين با نتخلصو من السياسةا,فهذه واضحين باش نتخلصوا من السياسه,2.4049999713897705,youtube_EeH1mIG0kyM_92,0.6666666666666666
labeled_linagora_cs_arabize,التي ترقد المواطن علي زبلته,الحاليه الي ترقد المواطنه على زبلته و في,2.686000108718872,youtube_EeH1mIG0kyM_93,0.75
labeled_linagora_cs_arabize,احسن الحالات تهز بعدها عليه,احسن الحالات تهز بعدها عليه و تحطها في,2.625999927520752,youtube_EeH1mIG0kyM_94,0.375
labeled_linagora_cs_arabize,مواطنך,وجه مواطن آخر,0.7200000286102295,youtube_EeH1mIG0kyM_95,1.0
labeled_linagora_cs_arabize,خاطر في الزون منا لكل مش كان في تونس,على خاطر في الزون من الكل مشكله في تونس,1.9839999675750732,youtube_EeH1mIG0kyM_96,0.5555555555555556
labeled_linagora_cs_arabize,ذكرة ان نتصرف في النفايات بالفلوس ال,فكره انه نتصرفوا في النفايات بالفلوس,2.1649999618530273,youtube_EeH1mIG0kyM_97,0.6666666666666666
labeled_linagora_cs_arabize,من ضرائب المواطنين مهيش فكرة,الي جايه من ضرائب المواطنين ما هي ش فكره,2.6050000190734863,youtube_EeH1mIG0kyM_98,0.6666666666666666
labeled_linagora_cs_arabize,برش التمويل متاع العمليه هذي يلز,ناجعه برشا التمويل متاع العمليه يلزم,3.365999937057495,youtube_EeH1mIG0kyM_99,0.6666666666666666
labeled_linagora_cs_arabize,أكثر نجاعة وأكثر جرابة,يولي اكثر نجاعه واكثر جرى,1.9839999675750732,youtube_EeH1mIG0kyM_100,1.0
labeled_linagora_cs_arabize,可ل是و,الكل شنوا,1.0219999551773071,youtube_EeH1mIG0kyM_101,1.0
labeled_linagora_cs_arabize,المواطنين العاديين,المواطنين العاديين,1.343000054359436,youtube_EeH1mIG0kyM_102,0.0
labeled_linagora_cs_arabize,فى لحلقة كي,ونخدم في الحلقه هاذي بنحكيلكمش على عدد,2.125,youtube_EeH1mIG0kyM_103,1.0
labeled_linagora_cs_arabize,تقارير ودراسات لقريتوموليو,التقارير والدراسات الي قريتهم و الي,1.74399995803833,youtube_EeH1mIG0kyM_104,1.0
labeled_linagora_cs_arabize,ري الوضعية كارفية,توري الوضعيه كارثيه و الي تقول لي هيا,2.4660000801086426,youtube_EeH1mIG0kyM_105,1.0
labeled_linagora_cs_arabize,لكن ديما في الاخر الربريك اللى تحكي ل,كارثيه لكن ديما في الاخر الي تحكي على,3.0450000762939453,youtube_EeH1mIG0kyM_106,0.5
labeled_linagora_cs_arabize,قاو ديما اي الحل,الحلول واليكوموداسيون نلقاو ديما للحل هو,3.3469998836517334,youtube_EeH1mIG0kyM_107,0.8333333333333334
labeled_linagora_cs_arabize,التوعية والتحسيس,التوعيه والتحسيس,1.0219999551773071,youtube_EeH1mIG0kyM_108,0.5
labeled_linagora_cs_arabize,ن كأفراد انم  مخير صحيح,نحن كافراد النجم يعملوا مخير صحيح وهاو,3.444999933242798,youtube_EeH1mIG0kyM_109,0.7142857142857143
labeled_linagora_cs_arabize,اولا اقرأ تبع,اغلب شنوا يقولوا اولا اقرا وتبع وتعلم,4.0269999504089355,youtube_EeH1mIG0kyM_110,0.8571428571428571
labeled_linagora_cs_arabize,كما سمعتنا اليوم,واسمع كيما سمعتنا اليوم,1.0959999561309814,youtube_EeH1mIG0kyM_111,0.5
labeled_linagora_cs_arabize,على الفايسبوك تتلقى مجموعات متاع عباد,حتى على الفيسبوك تتلقى مجموعات متاعبات,2.244999885559082,youtube_EeH1mIG0kyM_112,0.6666666666666666
labeled_linagora_cs_arabize,نفس المشاغل هي,عندهم نفس المشاكل هاذي شارك في حملات,2.125,youtube_EeH1mIG0kyM_113,0.8571428571428571
labeled_linagora_cs_arabize,ضافةفي التجارب متاع الفرز,النظافه في التجارب متاع الفرز,1.7430000305175781,youtube_EeH1mIG0kyM_114,0.4
labeled_linagora_cs_arabize,ثالاتكلم عب,والكومبوستاج ثالثا اتكلم وعبر احكي مع,4.248000144958496,youtube_EeH1mIG0kyM_115,1.0
labeled_linagora_cs_arabize,المسولين المحلين,المسؤولين المحليين احضر في المجالس,1.8639999628067017,youtube_EeH1mIG0kyM_116,1.0
labeled_linagora_cs_arabize,الذي أعطي رايك في الموضوع,البلديه اعطي رايك في الموضوع,1.6399999856948853,youtube_EeH1mIG0kyM_117,0.4
labeled_linagora_cs_arabize,انتخب مماثليك المحلين,رابعا انتخب ممثليك المحليين,2.2839999198913574,youtube_EeH1mIG0kyM_118,0.75
labeled_linagora_cs_arabize,باش يحرو للمواطنين يغزرو لهم,يعملوا باش يحسوا للمواطنين يغظروا لهم,2.305000066757202,youtube_EeH1mIG0kyM_119,0.5
labeled_linagora_cs_arabize,حسبه,ويحاسبوهم,0.5609999895095825,youtube_EeH1mIG0kyM_120,1.0
labeled_linagora_cs_arabize,وأهم حاجة طبق الي تقول فيها على روحك,واهم حاجه طبق الي تقول فيه على روحك,2.5250000953674316,youtube_EeH1mIG0kyM_121,0.375
labeled_linagora_cs_arabize,ق الي تقول فيه علي حياتك افرز زبلتك,طبق الي تقول فيه على حياتك افرز زبلتك,2.2639999389648438,youtube_EeH1mIG0kyM_122,0.25
labeled_linagora_cs_arabize,و تعمل كومبوsت مقسم شريان لبلاستيكs,حاول تعمل نقص مشاريع البلاستيك,2.384000062942505,youtube_EeH1mIG0kyM_123,1.0
labeled_linagora_cs_arabize,ل ع,وحاولت حولك باش يعملوا كيفك الخمسه خطوات,2.9860000610351562,youtube_EeH1mIG0kyM_124,1.0
labeled_linagora_cs_arabize,نجم يحسن الوضعية برشا,هذوما ينجموا يحسنوا الوضعيه برشا اما هاذا,2.865999937057495,youtube_EeH1mIG0kyM_125,0.8571428571428571
labeled_linagora_cs_arabize,اينفعش إذا كان الدولة والقطاع الخاص,ما ينفعش اذا كان الدوله والقطاع الخاص,2.364000082015991,youtube_EeH1mIG0kyM_126,0.5714285714285714
labeled_linagora_cs_arabize,القطاع الخاص من شير,يقعدون مقصرين القطاع الخاص من شيرتو,2.7060000896453857,youtube_EeH1mIG0kyM_127,0.5
labeled_linagora_cs_arabize,وبرشا مصادر اخرين,للتنميه الصناعيه وبرشه مصادر اخرين,1.9639999866485596,youtube_EeH1mIG0kyM_128,0.6
labeled_linagora_cs_arabize,لشركات خاصة في الدول ذات الدخل المنخفض,الشركات خاصه في الدول التي تدخل المنخفض,2.505000114440918,youtube_EeH1mIG0kyM_129,0.5714285714285714
labeled_linagora_cs_arabize,بناساعات تستعمل مواردها,كيما بلادنا ساعات تستعمل موارد او,2.204900026321411,youtube_EeH1mIG0kyM_130,0.8333333333333334
labeled_linagora_cs_arabize,لاتجيت في الماركتنغ والعلقةت الة,استراتيجيتها في الماركتينج والعلاقات,1.9850000143051147,youtube_EeH1mIG0kyM_131,1.0
labeled_linagora_cs_arabize,مش تعطى على روحهاصورة باهية,العامه باش تعطي على روحه صوره باهيه في,2.365000009536743,youtube_EeH1mIG0kyM_132,0.875
labeled_linagora_cs_arabize,أن هي مش تعمل في حتى شي بالحق,حين ان هيا ما هيش تعمل في حتى شيء بالحق,2.1449999809265137,youtube_EeH1mIG0kyM_133,0.6
labeled_linagora_cs_arabize,ن من فضلاتها لا تخمم,باش تنقص من فضلاتها ولا تخمم انها تحسن,2.5850000381469727,youtube_EeH1mIG0kyM_134,0.625
labeled_linagora_cs_arabize,جن ا البرودوي ماعهاف الحقيقة,من الباكجين متاع البرودوي في الحقيقه فمة,3.2060000896453857,youtube_EeH1mIG0kyM_135,0.8571428571428571
labeled_linagora_cs_arabize,جمختلفة التي تخلي المنتج والمصنع,بدرجه مختلفه الي تخلي المنتج والمصنع,2.5840001106262207,youtube_EeH1mIG0kyM_137,0.5
labeled_linagora_cs_arabize,سول على البرودوي ه مي يتصنع,مسؤول على البرودوي يتصنع وحتى بعد ما,3.063999891281128,youtube_EeH1mIG0kyM_138,0.7142857142857143
labeled_linagora_cs_arabize,هي سياسة حم المسئولية امز,يتطيش هيا سياسه حمل المسؤوليه اما زادة,2.7869999408721924,youtube_EeH1mIG0kyM_139,1.0
labeled_linagora_cs_arabize,تحفيزات مهمة برشا للصناعيين,تعطي تحفيزات مهمه ببرشا للصناعيين باش,2.5250000953674316,youtube_EeH1mIG0kyM_140,0.6666666666666666
labeled_linagora_cs_arabize,طو اكثر جهد بش يصنعا,يحطوا اكثر ج هد بجسموا حاجات,1.6440000534057617,youtube_EeH1mIG0kyM_141,0.8333333333333334
labeled_linagora_cs_arabize,منيش هكة ممض,ما ني ش هكة معناها فهمت,1.3760000467300415,amenyKH_Personnalité_Multiple_HM_E0000001_denoised_Sync0000074_no_speaker_0000149.0000050_0000150.0000085_Personnalité_Multiple_HM_E1_denoised_Sync074_no_speaker_149.50_150.85_0,0.8333333333333334
labeled_linagora_cs_arabize,نحبك على طول,نحبك على طول,1.840000033378601,N7bek_ala_toul_31248_0,0.0
labeled_linagora_cs_arabize,要来最进呢,جولة في المدينة,1.1519999504089355,ar--3119_1.5.wav_3119_1.5_0,1.0
labeled_linagora_cs_arabize,كاين تمشي ع اليمين تلقى روحك فياللومبوتياج,كان تمشي على الليمين تلقى روحك في امبوتياج,4.48799991607666,ar--3274_0.75.wav_3274_0.75_0,0.625
labeled_linagora_cs_arabize,تاندر inسtitوt ميdوكس هي ن pروغرامم د'اكسلراtيو موجود في العالم الكل بدا ف أمريكا عام٩ اليوم موجود في أكثر من متين مدينة في العالم خلي نقولوا علىسي cونتينانt,فاوندر انستيتوت ميدوكس سي ان بروقرام داكسيليراسيون موجود في العالم الكل بدا في امريكا عام الفين و تسعة و اليوم موجود في اكثر من ميتين مدينة في العالم خلى نقولوا على سيس كونتينون,10.112000465393066,0000004_0000008_4_8_0,0.6060606060606061
labeled_linagora_cs_arabize,بسجمع,بالسلامة,0.7120000123977661,ar--3014_1.25.wav_3014_1.25_0,1.0
labeled_linagora_cs_arabize,بطيعة,بالطبيعة,0.656000018119812,ar--1779_1.25.wav_1779_1.25_0,1.0
labeled_linagora_cs_arabize,ويشوف  سختين اتربرatiا للنص هذيا اللي تخلينا تخليك تنجم تخدم د غيلموة اليوم المثال اللي عنا هنا هو لreجلemاnتاtيoن متع لreجleماtاtيo بانcارة اللي حنا نتعاملو معاها اساس اللي هي معناها صعيبة,و يشوف يون سيرتان انتربريتاسيون للنص هذايا الي تخلينا تخليك تنجم تخدم دونك ريلمون اليوم المثال لي عنا هنا هو لي ريقلمونتاسيون متاع لا ريقلمونتاسيون بانكير الي حنا نتعاملو معاها اساسا الي هيا معناها صعيبة,14.968000411987305,0000010_sub_audio_chunk_0000000_10_sub_audio_chunk_0_0,0.5714285714285714
labeled_linagora_cs_arabize,كسكو في المباك كنت وقت للي نكمل نكون حريما كملت كل شي باش نقعد مخي فارغ,كي سي سوا في الباك كنت وقتلي نكمل نكون فريمون كملت كل شيء باش نقعد مخي فارغ,5.823999881744385,0000027_0000265_0000001_27_265_1_0,0.47058823529411764
labeled_linagora_cs_arabize,رجع,يرجع,0.9200000166893005,ar--1940_0.75.wav_1940_0.75_0,1.0
labeled_linagora_cs_arabize,ماكنتش نجم صدقهم وقته,ما كنتش نجم نصدقهم وقتها,1.2719999551773071,amenyKH_Personnalité_Multiple_HM_E0000001_denoised_Sync0000040_no_speaker_0000088.0000035_0000089.0000067_Personnalité_Multiple_HM_E1_denoised_Sync040_no_speaker_88.35_89.67_0,0.8
labeled_linagora_cs_arabize,بن علي طرف,نعقب انا على طرف,1.1019999980926514,youtube_SpnV5tVyTNE_0,0.75
labeled_linagora_cs_arabize,,حزب لمره العاشره,2.9070000648498535,youtube_SpnV5tVyTNE_1,1.0
labeled_linagora_cs_arabize,ضضذ,يقولها نضح نوضح مش نوضحه مش نوضحه مش,2.263000011444092,youtube_SpnV5tVyTNE_2,1.0
labeled_linagora_cs_arabize,وضح البرشا من الناس اللي تتبع,نوضح البرشه من الناس الي تتبع,3.565000057220459,youtube_SpnV5tVyTNE_3,0.5
labeled_linagora_cs_arabize,,تشت انا ناصري قومي ناصري,3.625,youtube_SpnV5tVyTNE_4,1.0
labeled_linagora_cs_arabize,مؤسس التجربة الطلابية,واتشرف مؤسس التجربه الطلابيه ثلاثة و تسعين في,3.565999984741211,youtube_SpnV5tVyTNE_5,0.875
labeled_linagora_cs_arabize,اي,الجامعه التونسية وقت الناس هربت من,1.843000054359436,youtube_SpnV5tVyTNE_6,1.0
labeled_linagora_cs_arabize,الاسة شاركت في تأسيس العديد من الأحزاب,السياسه شاركت في تاسيس العديد من الاحزاب,3.2669999599456787,youtube_SpnV5tVyTNE_7,0.42857142857142855
labeled_linagora_cs_arabize,ض ف مجلس أمناء الجبهة الشعبية,عضو في مجلس امناء الجبهه الشعبيه الان,3.0320000648498535,youtube_SpnV5tVyTNE_9,0.8571428571428571
labeled_linagora_cs_arabize,وعندي ما يقارب سنواته,صحفي وعندي ما يقارب ثمانيه سنوات وقلتها,4.245999813079834,youtube_SpnV5tVyTNE_10,0.5714285714285714
labeled_linagora_cs_arabize,انا بيدي قلتها وقت اللي حكيت,انا انا بيدي قلتها وقت الي حكيت خذت,3.1050000190734863,youtube_SpnV5tVyTNE_11,0.375
labeled_linagora_cs_arabize,السياسة مارستها أيام الديكتاتورية,مسافه السياسه مارستها ايام الدكتاتوريه,2.6480000019073486,youtube_SpnV5tVyTNE_12,0.8
labeled_linagora_cs_arabize,الق,بعد الثوره شفت القذاره لذلك بعدت على,3.7860000133514404,youtube_SpnV5tVyTNE_13,1.0
labeled_linagora_cs_arabize,نا صح,السياسه واضح انا توا صحفي هاذا باش نطمن,2.364000082015991,youtube_SpnV5tVyTNE_14,1.0
labeled_linagora_cs_arabize,لاني وطدي مع احترامي للوطد,العباد لاني وطن مع احترامي للوطن اعطيتكم,3.625999927520752,youtube_SpnV5tVyTNE_15,0.5714285714285714
labeled_linagora_cs_arabize,يه مك,مرجعيه الفكريه ارشم حطوها ثمك وش يتمص,3.1649999618530273,youtube_SpnV5tVyTNE_16,1.0
labeled_linagora_cs_arabize,انا موجود كصحفي شهرييسمحني,عبد اللطيف انا موجود كصحفي شهر تسعة سامحني,3.303999900817871,youtube_SpnV5tVyTNE_17,0.625
labeled_linagora_cs_arabize,سمحني تن في المئة من الأموال اللي نتقضى فيها,سامحني تسعين من من الاموال الي نتق فيها,4.406000137329102,youtube_SpnV5tVyTNE_18,0.875
labeled_linagora_cs_arabize,التعريف متاع الصحفيتقاض فها,راه التعريف متاع الصحفي نتقاضى فيها من قطاع,2.884999990463257,youtube_SpnV5tVyTNE_19,0.75
labeled_linagora_cs_arabize,,الصحافه نخدم في جريده,1.1829999685287476,youtube_SpnV5tVyTNE_20,1.0
labeled_linagora_cs_arabize,تبعا الاتحاد لعام تونثل الشغل,الشعب تابع لاتحاد العام التونسي للشغل,3.1649999618530273,youtube_SpnV5tVyTNE_21,1.0
labeled_linagora_cs_arabize,تقاض في اموادي وهنا نخدم بعقد,وتقاضى في اموالي وهنا نخدم بعقد ما عنديش,3.005000114440918,youtube_SpnV5tVyTNE_22,0.5
labeled_linagora_cs_arabize,وه ندور في الدولاب,خدمه اخرى ونجي هنا ندور في الدولاب فهمت,3.0450000762939453,youtube_SpnV5tVyTNE_23,0.625
labeled_linagora_cs_arabize,دمي نسن,هذ خدمتي عندي خمسطاش سنه لا لا خمسطاش سنه في,3.1050000190734863,youtube_SpnV5tVyTNE_24,1.0
labeled_linagora_cs_arabize,نارا علت السياسة كنت قيادي,صحاب نهار عملت السياسه كنت قيادي وكنت,3.4649999141693115,youtube_SpnV5tVyTNE_25,0.7142857142857143
labeled_linagora_cs_arabize,وكنت اواجه النظام وتحكم,خطيب وكنت اواجه النظام وتحكمت لذلك لا,3.5859999656677246,youtube_SpnV5tVyTNE_26,0.5714285714285714
labeled_linagora_cs_arabize,لو كان عندي صفة حزبية قولها,اخجل كان عندي صفه حزبيه نقولها وما هي ش,2.24399995803833,youtube_SpnV5tVyTNE_27,0.7777777777777778
labeled_linagora_cs_arabize,أما ثم ناس تخجل من صفاتها الحزبية,عزاء ا ثم ناس تخجل من صفاتها الحزبيه,2.944999933242798,youtube_SpnV5tVyTNE_28,0.375
labeled_linagora_cs_arabize,طوصل تتبرأ حتى من احزابها وتستقيل منها,وتوصل تتبرع حتى من احزاب وتستقيل منها ما,2.6640000343322754,youtube_SpnV5tVyTNE_29,0.5
labeled_linagora_cs_arabize,,عش ف مغ النقطه الاخيره انا في حكيت حكيت,2.7839999198913574,youtube_SpnV5tVyTNE_30,1.0
labeled_linagora_cs_arabize,لحساب بعد الثورة,على الاحزاب بعد الثوره لم اتحدث على,2.565000057220459,youtube_SpnV5tVyTNE_31,0.8571428571428571
labeled_linagora_cs_arabize,قبل ثورةي,الاحزاب قبل الثوره ان نحكي على الاحزاب,1.7430000305175781,youtube_SpnV5tVyTNE_32,0.8571428571428571
labeled_linagora_cs_arabize,ما بعد ثورة وهذايا واقع أنا نحكي فيه,ما بعد الثوره و هاذا يا واقع انا نحكي فيه,3.2039999961853027,youtube_SpnV5tVyTNE_33,0.5
labeled_linagora_cs_arabize,مني نهمش فيالحاب,ما ني ش ما ني ش نهم في الحساب ولا هيا همشت,3.625999927520752,youtube_SpnV5tVyTNE_34,1.0
labeled_linagora_cs_arabize,يلي حبح,روحها هيا فلقت روحها اعطيني حزب متوحد انت,3.2850000858306885,youtube_SpnV5tVyTNE_35,1.0
labeled_linagora_cs_arabize,كلها استقالت من أحسابه وهربت لاذت بالفراق,كلها استقالت من احزاب وهربت لادت بالفرار,2.5250000953674316,youtube_SpnV5tVyTNE_36,0.42857142857142855
labeled_linagora_cs_arabize,,الموضوع موضوعنا ما هو ش دور خليفه,1.9830000400543213,youtube_SpnV5tVyTNE_39,1.0
labeled_linagora_cs_arabize,عطيتكم المرجعية الفكرية,شوشان شرحت انيتكم المرجعيه الفكريه وسير,2.984999895095825,youtube_SpnV5tVyTNE_40,1.0
labeled_linagora_cs_arabize,ش  ا,الذاتيه وتحب نعطيكم مش نص ساعه,1.6030000448226929,youtube_SpnV5tVyTNE_41,1.0
labeled_linagora_cs_arabize,جة اللي شي في الدرة,واطماعه شادين في الدوره يا عزيز يا خليفه,2.4630000591278076,youtube_SpnV5tVyTNE_42,1.0
labeled_linagora_cs_arabize,تم ترذير الأحزاب دون ذكر ما تعر   له,واضح تم ترذيل الاحزاب دون ذكر ما تعرضت,3.986999988555908,youtube_SpnV5tVyTNE_43,0.625
labeled_linagora_cs_arabize,و نإذا من طرف قيع,له من اذا من طرف قيس سعيد والانظمه,1.9630000591278076,youtube_SpnV5tVyTNE_44,0.75
labeled_linagora_cs_arabize,وبدون استثناءات,السابقه و بدون استثناءات وبدون استثناءات,3.384000062942505,youtube_SpnV5tVyTNE_45,0.6666666666666666
labeled_linagora_cs_arabize,كل الاحا,مع كل الاحزاب كلها بها وعليها وماث ما,2.884000062942505,youtube_SpnV5tVyTNE_46,0.875
labeled_linagora_cs_arabize,وهذا ترديد مضيك لسياسي,تضامن و هاذا ترذيل اثنين ماضيك السياسي يا,3.5260000228881836,youtube_SpnV5tVyTNE_47,1.0
labeled_linagora_cs_arabize,حا في تدخلت,استاذ حاضر في تدخلات انت تتدخل بطريقه,3.1050000190734863,youtube_SpnV5tVyTNE_48,0.8571428571428571
labeled_linagora_cs_arabize,انا لم اتهمك في اة,منحسه انا لم اتهمك في,1.562999963760376,youtube_SpnV5tVyTNE_49,0.4
labeled_linagora_cs_arabize,انا سياسي,نكلمك سياسي علاش تقرا,1.7630000114440918,youtube_SpnV5tVyTNE_51,0.75
labeled_linagora_cs_arabize,,مباشره ماقص,1.062000036239624,youtube_SpnV5tVyTNE_55,1.0
labeled_linagora_cs_arabize,لف,حاجه خليف من فضلك عاد يا خليفه من فضلك,3.265000104904175,youtube_SpnV5tVyTNE_57,1.0
labeled_linagora_cs_arabize,جي,نحترم الضيوف الي جينا في بلاتو مهما كان,2.003000020980835,youtube_SpnV5tVyTNE_58,1.0
labeled_linagora_cs_arabize,انا ناقشته ب ة,مه كان انا ناقشته بكل,1.6030000448226929,youtube_SpnV5tVyTNE_59,0.8
labeled_linagora_cs_arabize,,احترام هو ت الى السب,0.8009999990463257,youtube_SpnV5tVyTNE_61,1.0
labeled_linagora_cs_arabize,لح,تظل مظلومي سب وشديد وقت تقوللي الحزب متاعك,3.9260001182556152,youtube_SpnV5tVyTNE_62,1.0
labeled_linagora_cs_arabize,,وقت الي تقوللي حيب مازال صغير ك يكبر,2.765000104904175,youtube_SpnV5tVyTNE_63,1.0
labeled_linagora_cs_arabize,انت تتهكم,تسموه حزب حيب انت تتهكم خليني نكمل خل,3.4860000610351562,youtube_SpnV5tVyTNE_64,0.75
labeled_linagora_cs_arabize,ت قل,نكمل و استاذ قادر على المقاط لا لا تفضل,2.5250000953674316,youtube_SpnV5tVyTNE_65,1.0
labeled_linagora_cs_arabize,,س عبد اللطيف المقاطعه تفضل سي عبد اللطيف,1.9639999866485596,youtube_SpnV5tVyTNE_66,1.0
labeled_linagora_cs_arabize,انت مازال مضيك السياسي وانحياتك,خليفه خ ن مازال مضيك السياسي وانحياز,3.244999885559082,youtube_SpnV5tVyTNE_67,0.5714285714285714
labeled_linagora_cs_arabize,لإدلوجيا معينة ولفكر معين,السياسي ديولو جيا معينه ول فكر معين,2.382999897003174,youtube_SpnV5tVyTNE_68,0.8571428571428571
labeled_linagora_cs_arabize,ما زال حاضرا في تدخلاته,مازال مازال حاضرا في تدخلاته هو لا يتدخل,3.687000036239624,youtube_SpnV5tVyTNE_69,0.625
labeled_linagora_cs_arabize,ك ا ي,بمهنيه لا يتدخل,1.0219999551773071,youtube_SpnV5tVyTNE_70,1.0
labeled_linagora_cs_arabize,ني,بمهنيه,0.5210000276565552,youtube_SpnV5tVyTNE_71,1.0
labeled_linagora_cs_arabize,غية,فيسوك غربيه ز,0.6209999918937683,youtube_SpnV5tVyTNE_72,1.0
labeled_linagora_cs_arabize,,غير بمهنيه,0.5609999895095825,youtube_SpnV5tVyTNE_73,1.0
labeled_linagora_cs_arabize,,عنا واخل من وزير الصحه تدخل بتليفون,2.6630001068115234,youtube_SpnV5tVyTNE_74,1.0
labeled_linagora_cs_arabize,,وكلم مديره اذاعه ينحون هاذا يحكي قورنا لا,2.7039999961853027,youtube_SpnV5tVyTNE_76,1.0
labeled_linagora_cs_arabize,سعي,مستحيل,0.6320000290870667,youtube_SpnV5tVyTNE_77,1.0
labeled_linagora_cs_arabize,اوخليفة مش معقود,الفضل سام لا خليف مش معقول يا سي عبد,2.263000011444092,youtube_SpnV5tVyTNE_80,0.8888888888888888
labeled_linagora_cs_arabize,الطيف مش معقول يا سيع عبد اطيف,اللطيف مش معقول يا سي عبد اللطيف يا سي,2.384999990463257,youtube_SpnV5tVyTNE_81,0.5555555555555556
labeled_linagora_cs_arabize,عبد لطيف غير معقولي سي ليف,عبد اللطيف غير معقول يا س خليف يا خليفه,2.384000062942505,youtube_SpnV5tVyTNE_82,0.7777777777777778
labeled_linagora_cs_arabize,مش معقول ياسي عبد الطيف رنا في ابر,مش معقول يا سي عبد اللطيف ر في برنامج,3.0450000762939453,youtube_SpnV5tVyTNE_83,0.5555555555555556
labeled_linagora_cs_arabize,ماييش يلف,فينا يجيش يا خليفه,0.9020000100135803,youtube_SpnV5tVyTNE_84,1.0
labeled_linagora_cs_arabize,لهذا مش معقول  عقول,كم هك لا هاذا مش معقول مش معقول با با,5.328000068664551,youtube_SpnV5tVyTNE_85,0.8
labeled_linagora_cs_arabize,خواي خواجي,اعطيني اخان سبه سبه اخوانت سبه,1.6649999618530273,youtube_SpnV5tVyTNE_86,1.0
labeled_linagora_cs_arabize,还,ما خذيتش الصحن هاذا,1.0880000591278076,TunSwitchTO_0000018_0000022_0000001_r0000005a_18_22_01_r5a_0,1.0
labeled_linagora_cs_arabize,هذه درجة أولى سمح ب لس مرتاح,هاذي درجة اولى سمحة باهية بلاصة مرتاحة,1.9279999732971191,amenyKH_MIC0000001_mod_0000020_chunk_0000024_MIC00001_mod_20_chunk_24_0,0.8571428571428571
labeled_linagora_cs_arabize,lɛbad ala maḥlih,الاعباد على محلاهم,2.072000026702881,TunSwitchTO_0000021_0000002_0000007_x0000004q_21_02_07_x4q_0,1.0
labeled_linagora_cs_arabize,ذش تجي عمري في حياتي مستعملت جيل ومعمليش إرطاسيون ديما,ديما هيريتاسيون و ما عملي ش جيل عمري في حياتي ما استعملت بيرفكت جيل,6.104000091552734,0000075_0000040_0000002_75_40_2_0,0.8571428571428571
labeled_linagora_cs_arabize,خليني نخمم,خليني نخمم,1.055999994277954,ar--3561_1.wav_3561_1_0,0.0
labeled_linagora_cs_arabize,وزيد زاده كيف كيف ف لج سسار لي تخلي لنٹر معناها,و سايت زادة كيف كيف ان ميتان لا ريقلمونتاسيون نيسيسار الي تخلي لي اندستريال معناها,8.208000183105469,0000049_0000175_0000000_49_175_0_0,0.7333333333333333
labeled_linagora_cs_arabize,تسمانخدم أكثر حاجه ذكز علي خدم السمان و خكيطر البيد مش في وقت ممش ضيعل,صرتو صرتو لازمنا نخدموا اكثر حاجة نركزوا عليها هيا الخدمة السنة خاطر البلاد مش وقت معناها باش تضيع الفلوس يلزمك,6.127999782562256,amenyKH_0000007_chunk_0000077_007_chunk_77_0,0.95
labeled_linagora_cs_arabize,خبر غان عرذ س,عندي اخبار هايل ليك تعرفت على طفلة,1.815999984741211,ar--3253_1.5.wav_3253_1.5_0,1.0
labeled_linagora_cs_arabize,المرا الحجا ل عش في الن تاع مع اما  ج ف ال ا,انكونسيومو المراء الحاجات الي عاشتهم فال انفانس متعها مع امها باش يعاودوا يجيوا فال انكونسيون متعها دونك يل واي ا تلمون دي شوز ا دير,8.711999893188477,0000039_0000071_0000002_39_71_2_0,0.92
labeled_linagora_cs_arabize,القانون موجود عنا الوعي متاع التونسي موجود,آه القانون موجود عندنا الوعي متاع التونسي موجود,3.7360000610351562,amenyKH_0000006_0000006_0002012_partie0000006_chunk_0000191_06_06_2012_partie6_chunk_191_0,0.25
labeled_linagora_cs_arabize,اتصلت بطبيبربا حطوني فيبار خوليلمك تركد خطر عندكتركلوز تنو جان عملوليسايعتبركلوز معنديش فمت,آه اتصلت بالطبيب ديركت آه بون حطوني في الصبيطار قال لي يلزمك ترقد خاطر عندي تيب ارسيلز ما عنديش فهمت بون,10.567999839782715,amenyKH_0000006_0000006_0002012_partie0000003_chunk_0000065_06_06_2012_partie3_chunk_65_0,0.9047619047619048
labeled_linagora_cs_arabize,وقتتا لفم تلفونات ولا ميساجات كما طو,وقتها لا فمة تاليفونات لا ميساجات كيما توا,2.312000036239624,0000023_0000071_23_71_0,0.875
labeled_linagora_cs_arabize,ميموريز اللي باهين وخايبين في البلاصة هذيكا,ميموريز الي باهين و خايبين في البلاصة هاذيكا,3.111999988555908,0000073_0000039_0000001_73_39_1_0,0.5
labeled_linagora_cs_arabize,ناخدو القوانين هدوكم ونحطوهم في إينتو براكثير باش نجمو نطبقهم كل يوم على الصغيرات متاعنا باش إن شاء الله يا ربي نوصلو نهار نكبرو نشوفو مجتمع وقت اللي لمرا حرة لمرا مع,ناخذو القوانين هاذوكم و نحطوهم في انتو براكتيس باش نجموا نطبقوهم كل يوم على الصغيرات متاعنا باش ناء الله يا ربي نوصلوا نهار نكبروا نشوفوا مجتمع وقتلي المراء حرة المراء,12.008000373840332,0000052_0000110_0000000_52_110_0_0,0.6
labeled_linagora_cs_arabize,يخرجو ابرا الحق أن e دانs و فيs وne éبو يl فa فغاmوn صغيرك أو  عنتج انت وتعلمو كوmفوnt ي سه متج,يخرجوا البرا بالحق اون ايست دان يون دان يون ايبوك او يل فو فريمون صغيرك تو لي بروتيج انت و تعلموا كومون يل سي بروتيج,10.055999755859375,0000041_0000007_0000000_41_7_0_0,0.92
labeled_linagora_cs_arabize,و الموقع اللياللي موجود و أنه في المنطقة كال ما فمهاش شباك لمياه,والموقع الي الي موجود وانو في المنطقة كاملة ما ثماش شبكة المياه,4.007999897003174,amenyKH_partie0000004_chunk_0000113_partie4_chunk_113_0,0.75
labeled_linagora_cs_arabize,الناس كيفاش تنجم تتصرف اليوم برشا مابين اشباب عينا محلولة على العالم ويقولك هن راف لشي موجود في العالم الكل انا في تونس نحب نعمل كيف خير منم جوج حلولاما انكتفو يوج,الناس كيفاش تنجم تتصرف ليوما برشا ما بين الشباب عينيهم محلولة عالعالم و يقلك هاني نرى فالشي موجود في العام الكل انا في تونس نحب نعمل كيفو و خير منو كيفاش ينجم يعمل فمة زوز حلول يا اما باش نكتفو يدينا و نقولو هذاكة هو الموجود و هانا قاعدين مع بعضنا,15.0,0000007_sub_audio_chunk_0000000_7_sub_audio_chunk_0_0,0.7058823529411765
labeled_linagora_cs_arabize,ام اكان سي اللي س وك راهو كان يل امشعر وكان ماكونش قاعدين تقراو وكان ضربت جمعو ولا شحر ماكومش قاعدين تقراو,اي واز سايينق الي يتس اوكي اهاوا كان يور نوت برودكتيف و كان ما كم ش قاعدين تقراو كان ضربتوا جمعة ولا شهر ما كم ش قاعدين تقراو,8.97599983215332,0000074_0000047_0000001_74_47_1_0,0.7857142857142857
labeled_linagora_cs_arabize,zba,ضباع,1.503999948501587,dba3_31137_0,1.0
labeled_linagora_cs_arabize,wehd,واحد,0.6240000128746033,tn9846_0,1.0
labeled_linagora_cs_arabize,بقل,بالكل,0.7440000176429749,ar--1478_1.25.wav_1478_1.25_0,1.0
labeled_linagora_cs_arabize,في أستاذا لكل به ذونك انا من النسا لي حكيت معهم د حكيت مع الى يومهذا م تحكيت مع نسا في الجنوب خاصة في قابس وفي مدو,فوالا باهي دونك انا من النساء لي حكيت معاهم دونك حكيت مع الى يومنا هاذا معنتها حكيت مع النساء في الجنوب خاصة في قابس و في دوز,11.520000457763672,0000050_0000247_0000000_50_247_0_0,0.5925925925925926
labeled_linagora_cs_arabize,تراجع قناعاتك وتشك وتتبدل وتبني وتهد كان كيخرجت البرا تعالمتش معناه,تراجع قناعاتك و تشك و تتبدل وتبني وتهد كان كي خرجت البرا تعلمت شمعناها,6.0,TunSwitchTO_0000077_0000000_0000008_joc_77_00_08_joc_0,0.5714285714285714
labeled_linagora_cs_arabize,كل 爱的 دخا写ني,قلت هاذا الدخان س فيني,1.74399995803833,amenyKH_0000006_0000006_0002012_partie0000001_0000003_chunk_0000300_06_06_2012_partie1_3_chunk_300_0,1.0
labeled_linagora_cs_arabize,ايت جس بيتر افانشالي هني قلت لكم والله والله راني قعد بغياد,يت قيتس بيتر افينتشوالي هاني قلتلكم و الله و الله راني قعدت بيريود,4.624000072479248,0000074_0000063_0000001_74_63_1_0,0.8461538461538461
labeled_linagora_cs_arabize,العلامة بتاع مؤسنيش,العلامة متاع مؤسسة ناشئة,1.9199999570846558,0000002_0000011_2_11_0,0.75
labeled_linagora_cs_arabize,يرجع,يرجع,0.8159999847412109,ar--1482_0.75.wav_1482_0.75_0,0.0
labeled_linagora_cs_arabize,قالي ما تأسف برشا اللي صير لي,قالي متاسف برشا للي صايرلي,1.871999979019165,0000020_0000075_20_75_0,1.0
labeled_linagora_cs_arabize,مثلا,مثلا,0.800000011920929,ar--1441_1.wav_1441_1_0,0.0
labeled_linagora_cs_arabize,بربي رهو عيب و الناس كل وليت لواجات الناس كل ولات ه في العباد امشيو يشوفوا باشنب السوق ورا السوق وبين المحطة اللواجات المنصفبي لصباح هومازا صباح الثمنيه ونص,بربي راهو عيب راهو الناس الكل ولات لواجات الناس الكل ولات تهز في العباد امشيو شوفوا بجنب السوق بجنب ال ورا السوق و بين محطة اللواجات المنصف باي الصباح راهو ما زال صباح الثمنية و نصف,10.607999801635742,amenyKH_0000004_chunk_0000044_004_chunk_44_0,0.6111111111111112
labeled_linagora_cs_arabize,يا مزين برا وش حالك نتا,يا مزين من برا و آش حالك من داخل,2.2720000743865967,TunSwitchTO_0000021_0000000_0000013_ulx_21_00_13_ulx_0,0.5555555555555556
labeled_linagora_cs_arabize,وبكن كير بكن كود دونت هذي أهم,هاذيا اهم دونت بيان سور بيان سور,3.2639999389648438,0000075_0000047_0000003_75_47_3_0,1.0
labeled_linagora_cs_arabize,أول حاجة وتت تتعلم في الكلمات,اول حاجة بدات تتعلم في الكلمات,3.631999969482422,ar--3612_0.75.wav_3612_0.75_0,0.3333333333333333
labeled_linagora_cs_arabize,الطاولة,الطاولة,0.7599999904632568,ar--1192_1.wav_1192_1_0,0.0
labeled_linagora_cs_arabize,ولا التليفون بدا تفضل,فوالا التالفون بدا تفضل,2.2639999389648438,TunSwitchTO_0000028_0000019_0000047_qxn_28_19_47_qxn_0,0.5
labeled_linagora_cs_arabize,نبدا نتمنالو ونطلبلو إن شا الله يا ربي نحي إن شا لله يبعد علي ان شا الله يتركو ايفي اسأل مجرب,امم نبدا نتمنى لو نطلب لو ان شا الله يا ربي ينحيه ان شا الله يبعد عليه ان شا الله يا ربي يتركو آفة راهي اسال مجرب ما تسالش طبيب كيما يقولوا فيها,7.880000114440918,amenyKH_0000006_0000006_0002012_partie0000001_0000003_chunk_0000220_06_06_2012_partie1_3_chunk_220_0,0.6363636363636364
labeled_linagora_cs_arabize,مشيت نعادي في لتامان كيفاش قريت,مشيت نعدي في لي اكزامان كيفاش قريت,3.5759999752044678,Melekher0000010_0000084_0000001_Melekher10_84_1_0,0.42857142857142855
labeled_linagora_cs_arabize,الوekانd,الويكاند,0.9200000166893005,ar--1706_1.wav_1706_1_0,1.0
labeled_linagora_cs_arabize,انلديرة,انقليتيرا,0.6223000288009644,ar--1950_1.5.wav_1950_1.5_0,1.0
labeled_linagora_cs_arabize,م سا والادارا نسة مزال يخم لوراق قصتنا اليوم فالو ل عارا يصرتونسو لمسحر الاسود سح الفودو والم ولبر الترت الظ,تطوروا ولا يخدموا ديسونس والادارات توانسه مازالوا يخدموا بالاوراق قصتنا اليوم في الجو هذاكة بيان سير مش نحكي على الادارات حكايه صارت خارج تونس جمله واحده وحكايه تلم السحر الاسود سحر الفودو وال دوميا والابر والانترنيت المظلم و الدار,13.064000129699707,segment_0000572_segment_572_0,0.8974358974358975
labeled_linagora_cs_arabize,拿啥一个 我送合过,بلاصة ليكم و لصحابكم,1.399999976158142,ar--3171_1.5.wav_3171_1.5_0,1.0
labeled_linagora_cs_arabize,قاعد يستنى في عبد الله,قاعد يستنى في عبدالله,1.7280000448226929,ar--3398_1.wav_3398_1_0,0.5
labeled_linagora_cs_arabize,nsntmرod,وصلت مرضت,0.6159999966621399,0000022_0000070_22_70_0,1.0
labeled_linagora_cs_arabize,يعيش المدخن في مرحلة أولى,يعيش ال المدخن في مرحلة اولى,2.7200000286102295,amenyKH_0000006_0000006_0002012_partie0000003_chunk_0000097_06_06_2012_partie3_chunk_97_0,0.3333333333333333
labeled_linagora_cs_arabize,تواز ريلي ريلي ريلي فين من الأول,يت واز ريالي ريالي ريالي فاين من اللول,3.368000030517578,0000071_0000020_0000001_71_20_1_0,0.875
labeled_linagora_cs_arabize,معاش نجم نحرك ديالمي,معاش انجم نحرك يدي الليمين,2.5280001163482666,TunSwitchTO_0000040_0000019_0000050_ip0000006_40_19_50_ip6_0,0.6
labeled_linagora_cs_arabize,والكياز كان أقل أرض كل غازو على جنان في هذا كل أكثر,و الكياس كان اقل عرض و كلو قازون عالاجناب في هاذا الكل اكثر,3.871999979019165,TunSwitchTO_0000010_0000017_0000025_hgz_10_17_25_hgz_0,0.8461538461538461
labeled_linagora_cs_arabize,تسيn,ثلاثين,0.5199999809265137,ar--1250_1.5.wav_1250_1.5_0,1.0
labeled_linagora_cs_arabize,لكن الكونستا اللي عملناه إنو الشركات اللي كبرت شوية ولي باش تعمل عدك نقولو لك لدفلبما ستراتيجيك من ستارت اب تولي شريكة,لكن لي كونستا لي عملناه انو الشركات لي كبرت شوية واكا لي باش تعمل نقولو لي ديفلوبمون ستراتيجيك من ستارتوب تولي شريكة,9.312000274658203,0000011_0000046_11_46_0,0.5454545454545454
labeled_linagora_cs_arabize,جرب الفانقوش بالك شي يعجبك زادة,جرب الفنكوش بالكشي يعجبك زادة,6.039999961853027,ar--3054_1.25.wav_3054_1.25_0,0.6
labeled_linagora_cs_arabize,يn  d في البريود الخلانية الكل,ترايينق تو دو فال بيريود لخرانية الكل,2.752000093460083,0000074_0000045_0000003_74_45_3_0,0.8571428571428571
labeled_linagora_cs_arabize,دون هداك كيفاه جاتني الفكرة ودونك,دونك هذاكة كيفاش جاتني الفكرة و دونك,3.5280001163482666,0000053_0000015_0000002_53_15_2_0,0.7142857142857143
labeled_linagora_cs_arabize,ل ع فما شكن شافو لكننف عرب ومندون ادنى شك عيلت مايسوش وقرب انه يبطو لجبل بش يلوجو عله للة كامل و يلوجو كالبار بل الكل ميرة مماش لنه ايو  قع لوجو عل ى ل,وعساه فمة شكون شافه لكن نافع ربي و من دون ادنى شك عائلته ما ئيسو ش وقرب انهم يهبطوا الجبل باش يلوجو عليه ليله كامله وهما يلوج كلب دار جبل الكل وعميره ما فهمش لكنهم ما سو ش بيان س وقعدوا يلجوا عليه حتى لين,14.855999946594238,segment_0000486_segment_486_0,0.8888888888888888
labeled_linagora_cs_arabize,العشرة غير ادرج,العشرة غير درج,1.8480000495910645,ar--1072_0.75.wav_1072_0.75_0,0.3333333333333333
labeled_linagora_cs_arabize,ر呀,رايع,0.5199999809265137,ar--1476_1.5.wav_1476_1.5_0,1.0
labeled_linagora_cs_arabize,معناتها العالم على خاطر الحضارة متاعنا,معنتها العالم على خاطر الحضارة متاعنا,4.760000228881836,0000050_0000031_0000002_50_31_2_0,0.16666666666666666
labeled_linagora_cs_arabize,صلما,عالسلامة,0.7599999904632568,ar--3142_1.5.wav_3142_1.5_0,1.0
labeled_linagora_cs_arabize,تحبها طايبة مليحة,تحبها طايبة مليح,1.4320000410079956,ar--3435_1.25.wav_3435_1.25_0,0.3333333333333333
labeled_linagora_cs_arabize,الماركات العالمية الكل تتسابق باش توري النفوتين بتاعها في المعرض هذايا,معنتها الماركات العالمية الكل تتسابق باش توري ال نوفوتي متعاها في المعرض هاذايا,4.5279998779296875,0000018_0000054_18_54_0,0.38461538461538464
labeled_linagora_cs_arabize,ودار هكا فارغة شوية دونك قلت خليني نسجل أبسور,و الدار هكة فارغة شوي دونك قلت خليني نسجل ايبيزود,4.599999904632568,0000074_0000001_0000001_74_1_1_0,0.5
labeled_linagora_cs_arabize,بشغل مكالمات عديل للحماية المدنية,مشغل المكالمات عديلي الحماية المدنية,2.559999942779541,TunSwitchTO_0000121_0000015_0000009_mpc_121_15_09_mpc_0,0.8
labeled_linagora_cs_arabize,adي غادي,هاذي غادي,0.6639999747276306,ar--1304_1.5.wav_1304_1.5_0,0.5
labeled_linagora_cs_arabize,الشخص هذا سرقي الخاتم نتاع مبات عايشة,الشخص هاذا سرق الخاتم متاع ممات عيشة,4.872000217437744,ar--3366_0.75.wav_3366_0.75_0,0.7142857142857143
labeled_linagora_cs_arabize,معادش ننجم نلبس الصونديل القديم متاعي لونه ما يطلعش عليها,معادش نجم نلبس الصندال القديم متاعي لونو ميطلعش عليها,8.232000350952148,ar--3423_0.75.wav_3423_0.75_0,0.5555555555555556
labeled_linagora_cs_arabize,slir bb,سرير ببي,1.5199999809265137,srir_bebe_2290_0,1.0
labeled_linagora_cs_arabize,tوnus,تونس,1.2640000581741333,Tunese_31375_0,1.0
labeled_linagora_cs_arabize,sudan,سودان,1.031999945640564,Souden_31433_0,1.0
labeled_linagora_cs_arabize,هذا الكل علاش خاطر لصت في مجتمعنا كخة ومالازمش نحكي,هاذا الكلو علاش خاطر الجسد في مجتمعنا كخة وما لازمناش نحكيوا,4.360000133514404,TunSwitchTO_0000106_0000023_0000027_qap_106_23_27_qap_0,0.5454545454545454
labeled_linagora_cs_arabize,الش  كننا معناها,ذي ثينق ايز كنا معناها,3.247999906539917,0000073_0000112_0000001_73_112_1_0,0.8
labeled_linagora_cs_arabize,مشس,مشمس,0.9200000166893005,ar--1156_0.75.wav_1156_0.75_0,1.0
labeled_linagora_cs_arabize,ن,هنا,0.6320000290870667,ar--1126_0.75.wav_1126_0.75_0,1.0
labeled_linagora_cs_arabize,م نعرفش كيفاش نعطي طلب منعرفش شنو عنعمل باش نشري حاجات كيفاش نشري حاجات عاوني نشري حاجات وين نجم نشري حاجات وين نشري شه,منعرفش كيفاش نعدي طلب منعرفش شنوا نعمل باش نشري حاجات كيفاش نشري حاجات عوني نشري حاجات وين نجم نشري حاجات وين نشري شوية حاجات,15.008000373840332,segment_0000051_segment_51_0,0.3333333333333333
labeled_linagora_cs_arabize,تبدا معنده حتى معنى جيست محطوطة هكيك منفهمش علاش,محطوطة هكاكة مفهمش علاش جوست تبدا معندها حتى معنى,3.51200008392334,0000076_0000037_0000000_76_37_0_0,1.0
labeled_linagora_cs_arabize,قديش خلاص اتكسي ملوطيل محظ تريلو,بقداش خلاص التكسي من اللوتيل لمحطة الترينو,2.992000102996826,TunSwitchTO_0000016_0000023_0000001_be0000009_16_23_01_be9_0,0.8571428571428571
labeled_linagora_cs_arabize,من الحاجات اللي نقعد بهتين أن,آه من الحاجات الي نقعدوا باهتين لانو,2.368000030517578,amenyKH_0000006_0000006_0002012_partie0000005_chunk_0000084_06_06_2012_partie5_chunk_84_0,0.7142857142857143
labeled_linagora_cs_arabize,我把有过上当时,فول دو كورسبوندنس,1.1759999990463257,ar--1868_1.5.wav_1868_1.5_0,1.0
labeled_linagora_cs_arabize,لبروكلو,لبروكلو,0.8399999737739563,ar--1658_1.wav_1658_1_0,0.0
labeled_linagora_cs_arabize,مع بعضهم,مع بعضهم,0.7440000176429749,ar--1174_1.5.wav_1174_1.5_0,0.0
labeled_linagora_cs_arabize,نتأقلم فيه مع الحاجة اللي قاعد نعيش فيها وبا لا نقراو نهار بنهار وقتها لذا أج مخمتش فيها برشا,تاقلم فيه مع الحاجة لي قاعدة نعيش فيها و ديجا نقراو نهار بنهار وقتها دونك اي ليت قو ما خممتش فيها برشا اي ديدنت اوفرثينك,10.02400016784668,Melekher0000010_0000047_0000000_Melekher10_47_0_0,0.56
labeled_linagora_cs_arabize,كلام واقعي بدون تحوير ولا نفاق واللي يقول أكثر من هك,كلام واقعي بدون تحوير ولا نفاق ولي قول اكثر من هك,4.888000011444092,TunSwitchTO_0000052_0000018_0000059_0000091n_52_18_59_91n_0,0.2727272727272727
labeled_linagora_cs_arabize,ia yiramta tab zi aroosat beuto na sa ra xatr,شركة فرنسية كبيرة متاع التوزيع روفزت في تونس على خاطر,3.184000015258789,TunSwitchTO_0000005_0000021_0000058_0000006qf_5_21_58_6qf_0,1.0
labeled_linagora_cs_arabize,لبولونيوم هذاي موجود راهو في السيجارو متاعك,له بولونيوم هذايا موجود راهو في السيقارو متاعك,3.0239999294281006,amenyKH_0000006_0000006_0002012_partie0000002_chunk_0000151_06_06_2012_partie2_chunk_151_0,0.5
labeled_linagora_cs_arabize,بعد الدوانة ماعادش يحب يهز,بعد الديواتة معادش يحب يهز,2.7200000286102295,ar--3339_1.wav_3339_1_0,0.4
labeled_linagora_cs_arabize,خلي صاركل فلوسي كانت حل كبير لبرشا من محاسبين وخبراء محاسبين بانسبة لتكلارايو الي قاموبهم اليوم فهمنا فلوسي شنوا مختلف الخدمات اللي تقدمهم ولكن خليني نمشي معك اكثر,الخلط لي صار و كل فلوسي كانت حل كبير لبرشا من المحاسبين و خبراء المحاسبين بالنسبة لل لي ديكلاراسيون لي قامو بيهم باهي ليوما فهمنا فلوسي شنوا مختلف الخدمات لي تقدمهم و لكن خليني نمشي معاك اكثر,14.055999755859375,0000010_sub_audio_chunk_0000003_10_sub_audio_chunk_3_0,0.5945945945945946
labeled_linagora_cs_arabize,بالحق ورخبوق منز لل ي وهو الحاجة لي هدخ,بالحق يور سوبور مينز ذي وورلد تو مي هو الحاجة لي,3.6080000400543213,0000060_0000006_0000002_60_6_2_0,0.8181818181818182
labeled_linagora_cs_arabize,الغابة,الغابة,0.6480000019073486,ar--1438_1.wav_1438_1_0,0.0
labeled_linagora_cs_arabize,⁇  مانجمش نحملوا مسؤولية ونقعد نتجادل اناوي هل قالولكم وقتاش ي بل ولي فما متوفر المعلم اللي قالو هنا انه رجعوا ولادكم هدوة,ما نجمش انا نحملوا المسؤلية ونقعد نتجادل انا وياه و الله آه الي الي قالوه لنا انو ر رجعوا اولادكم غدوة,11.944000244140625,amenyKH_Partie0000005_chunk_0000046_Partie5_chunk_46_0,0.9523809523809523
labeled_linagora_cs_arabize,إازا ك ما عملك حتى شي م بالحق ما يتكلمش أصلاف في الستريمز متاعه معنا,لايك معملك حتى شيء ما بالحق ما يتكلمش اصلا فال فال ستريم متاعو معناها,5.320000171661377,Melekher0000011_0000116_0000000_Melekher11_116_0_0,0.8571428571428571
labeled_linagora_cs_arabize,看 ممش,كراو كرهبة باش يمشيولهم,1.4079999923706055,ar--3637_1.5.wav_3637_1.5_0,1.0
labeled_linagora_cs_arabize,ilfooting,الفوتنغ,1.0399999618530273,ar--1582_1.wav_1582_1_0,1.0
labeled_linagora_cs_arabize,هيا نعملوا يفورق شزيدو سوعيفارق نخدمو,ايا نعملوا ايفرت باش نزيدوا سوايع ايا نعملوا ايفرت باش نزيدوا نهير نخدموا,3.063999891281128,amenyKH_MOSAIQUEFM_FORUM_0210912_0000003_chunk_0000038_MOSAIQUEFM_FORUM_210912_3_chunk_38_0,0.9230769230769231
labeled_linagora_cs_arabize,كيفاش نجم نعدي طلب كيفاش نجم نشري حاجات نحتاشنشري شوية حاجات نحب اشكون يعاوني ش نشري حاجات م نعرفش كيفاش نشريحا,كيفش نجم نعدي طلب كيفش نجم نشري حاجات نحتاج نشري شوية حاجات نحب شكون يعوني شنشري حاجات منعرفش كيفاش شنشري حاجات,11.640000343322754,segment_0000039_segment_39_0,0.5714285714285714
labeled_linagora_cs_arabize,الجiران,الجيران,0.9120000004768372,ar--2146_1.wav_2146_1_0,1.0
labeled_linagora_cs_arabize,قادوا يحوصوا مع بعضهم في المدينة العتيقة,قعدو يحوسو مع بعضهم في المدينة العتيقة,4.631999969482422,ar--3232_0.75.wav_3232_0.75_0,0.2857142857142857
labeled_linagora_cs_arabize,وين نلقى دوارةس,وين نلق دواء الراس,1.496000051498413,TunSwitchTO_0000087_0000022_0000014_0000076_87_22_14_076_0,0.75
labeled_linagora_cs_arabize,روسي,روسي,0.8399999737739563,ar--1965_0.75.wav_1965_0.75_0,0.0
labeled_linagora_cs_arabize,بلا هعطيني هذي,بالله اعطيني هاذي,1.440000057220459,TunSwitchTO_0000022_0000022_0000001_0000005on_22_22_01_5on_0,1.0
labeled_linagora_cs_arabize,أول مرة ريت عمري سنة,اول مرة ريته عمري ثلطاش سنة,1.8559999465942383,amenyKH_Hkayet_Tounsia_S0000001_Episode_0000021_0000017_0000004_0002017_Partie_0000001_Sync0000016_no_speaker_0000264.0000022_0000266.0000007_Hkayet_Tounsia_S01_Episode_21_17_04_2017_Partie_01_Sync016_no_speaker_264.22_266.07_0,0.5
labeled_linagora_cs_arabize,نهارب العاني باش نخليك الوقت تتسلم عل الناس الكل وتلمدهبشكور,في آخر النهار بالعاني باش نخلي لك الوقت تسلم على الناس الكل و تلم دبشك و,4.104000091552734,TunSwitchTO_0000035_0000022_0000006_yw0000007_35_22_06_yw7_0,0.75
labeled_linagora_cs_arabize,ما قصدش الحق نجرحه بكلامة,مقصدتش الحق نجرحها بكلامي,1.9919999837875366,0000021_0000196_21_196_0,1.0
labeled_linagora_cs_arabize,وف ل,و الله ما فمة شوف اه القمرق شوف القمرق اه,1.9839999675750732,amenyKH_MIC0000001_mod_0000037_chunk_0000002_MIC00001_mod_37_chunk_2_0,1.0
labeled_linagora_cs_arabize,إلا لما ربي هزم بتاعه,الا لما ربي هز متاعو,1.184000015258789,0000019_0000082_19_82_0,0.6
labeled_linagora_cs_arabize,han ut zebabet,حانوت صبابة,1.7920000553131104,7anout_sbabet_31769_0,1.5
labeled_linagora_cs_arabize,الشعبة,الشعبة,0.5040000081062317,amenyKH_Hkayet_Tounsia_S0000001_Episode_0000017_0000020_0000003_0002017_Partie_0000003_Sync0000077_no_speaker_0000973.0000098_0000974.0000048_Hkayet_Tounsia_S01_Episode_17_20_03_2017_Partie_03_Sync077_no_speaker_973.98_974.48_0,0.0
labeled_linagora_cs_arabize,你年轻,منين انت,1.5520000457763672,ar--3007_0.75.wav_3007_0.75_0,1.0
labeled_linagora_cs_arabize,السnيn,السنين,1.1679999828338623,ar--2170_0.75.wav_2170_0.75_0,1.0
labeled_linagora_cs_arabize,معنا وفي اللخر جبناها على حساب غيره والجزيرة ياأخى عندها قايمة اتونسيين للبرا,معان و في لخر جبناه على حساب غيره و الجزيرة ياخي عندها قائمة بتونسيين الي لبرة,9.520000457763672,TunSwitchTO_0000089_0000001_0000019_e0000004_89_01_19_e04_0,0.75
labeled_linagora_cs_arabize,يجي,يجي,0.5199999809265137,ar--1769_1.wav_1769_1_0,0.0
labeled_linagora_cs_arabize,يعني طريق طويل باش نوصلو لحاجة اللينسموها يكواليتي وإن شاء الله لفيوتور ايكويتي,يعني طريق طويل باش نوصلوا لحاجة نسموها ايكوالتي و اان شاء الله ال فيتور ايكويتي,6.831999778747559,0000052_0000045_0000001_52_45_1_0,0.4666666666666667
labeled_linagora_cs_arabize,برغمي ما نماش بي ت تاع جوش خاطر كنتحب تبدل تبدل من اليوم م ماسناش  وحد,بالرغم ما نمنش بيه ال تيرم متاع ل ريزولوشن كان تحب تبدل تبدل من الليوم معناها ما تستناش الفين و واحدة,5.728000164031982,Melekher0000012_0000117_0000001_Melekher12_117_1_0,0.8095238095238095
labeled_linagora_cs_arabize,ش اح ي ه ش,تعجبهم شنيا الحاجات لي تبكيهم شنيا تروما متاعهم اند فور مي,5.23199987411499,0000662_0000360_0000000_662_360_0_0,1.0
labeled_linagora_cs_arabize,st,يشطب,0.8320000171661377,ar--2441_0.75.wav_2441_0.75_0,1.0
labeled_linagora_cs_arabize,البرسوناج متاع الأم رينيها معناها كيفاش,متاع الام ريناها معناها كيفاش بيرسوناج ال,3.6480000019073486,0000076_0000125_0000003_76_125_3_0,0.7142857142857143
labeled_linagora_cs_arabize,وقلت ممكن خاطر مخنس كون دوزيم  توا مشي ثخزيم ماد معناها حتى لينوت ولموين بش يسيحو فمت,و قلت ممكن خاطر ترانزيشون كنت دوزيام ساينس توا ماشية تروازيام ماث معناها حتى لي نوت و لي موايان باش يطيحوا فهمت,8.552000045776367,Melekher0000010_0000041_0000001_Melekher10_41_1_0,0.7727272727272727
labeled_linagora_cs_arabize,وكل ل حسيت روحي هاكا لي مش منعسيش لي عندي كل عرفت هكااللي بشت حبيتها بش تضحطلي في السي في منكونتش نخدم على ال منعرفش شي,و كل مي حسيت روحي هكة لي مش ما نعطيش لي عندي الكل عرفت اكاللي جوست حبيتها باش تتحطلي فال سي في ما كنتش نخدم على ما نعرفش انا,12.031999588012695,0000072_0000039_0000000_72_39_0_0,0.6206896551724138
labeled_linagora_cs_arabize,enough socializing with people i was like i got to that point alي i am so tired of i,ايناف سوشيالايزينق ويذ بيبل اي واز لايك اي قوت تو ذات بوينت الي اي ام سو تايرد اوف سوشيال,6.599999904632568,0000060_0002662_0000001_60_2662_1_0,1.0
labeled_linagora_cs_arabize,يخرج مع أصحابه نفرحله,كي يخرج مع صحابه نفرحله,1.4079999923706055,amenyKH_Hkayet_Tounsia_S0000002_Episode_0000028_0000026_0000003_0002018_Partie_0000003_Sync0000187_no_speaker_0001760.0000073_0001762.0000014_Hkayet_Tounsia_S02_Episode_28_26_03_2018_Partie_03_Sync187_no_speaker_1760.73_1762.14_0,0.4
labeled_linagora_cs_arabize,يشوف روحو,يشوف روحو,0.8880000114440918,ar--1485_1.5.wav_1485_1.5_0,0.0
labeled_linagora_cs_arabize,الكوميديا,الكوميديا,1.215999960899353,ar--2309_0.75.wav_2309_0.75_0,0.0
labeled_linagora_cs_arabize,نجم نتكفلو بتنظيف بيتك,انجموا نتكفلوا بتنظيف بيتك,1.5360000133514404,TunSwitchTO_0000015_0000013_0000055_yq0000006_15_13_55_yq6_0,0.5
labeled_linagora_cs_arabize,يا خوي ش رأيك,يا خويا شرايك,1.128000020980835,0000019_0000164_19_164_0,1.0
labeled_linagora_cs_arabize,إي مشكلة في راسكلة الزبلة,ايه مشكلة في رسكلت الزبلة,1.944000005722046,TunSwitchTO_0000086_0000022_0000011_g0000005q_86_22_11_g5q_0,0.4
labeled_linagora_cs_arabize,ونستنى معناها فيال في حاجا قاعد تيب وكل إذا قلت علاش منجيش نحكي معاكم إ الممجي هذايا الحق تت عوع علآخر لذا,و نستنى معناها فال في حاجة تطيب و كل دونك علاش ما نجيش نحكي معاكم اند سوجي هاذايا الحق مي تيان ا كور عاللخر دونك,12.02400016784668,Melekher0000009_0000009_0000000_Melekher9_9_0_0,0.8
labeled_linagora_cs_arabize,باش يؤثر فيه الواعز ينجم يكون,باش ياثر فيه ال ال الواعز ينجم يكون آه,3.880000114440918,amenyKH_0000006_0000006_0002012_partie0000003_chunk_0000147_06_06_2012_partie3_chunk_147_0,0.4444444444444444
labeled_linagora_cs_arabize,شاف اللي تطاوين,شاف الي تطاوين,1.159999966621399,amenyKH_tataouine__for_acoustic_analysis_Sync0000006_no_speaker_0000170.0000066_0000171.0000089_tataouine__for_acoustic_analysis_Sync006_no_speaker_170.66_171.89_0,0.3333333333333333
labeled_linagora_cs_arabize,يقولو والله ينهضو با ولاد الشيخ,يقولوا و الله ينحوا بيها اولاد الجاه,1.9759999513626099,amenyKH_tataouine__for_acoustic_analysis_Sync0000057_no_speaker_0000610.0000027_0000612.0000024_tataouine__for_acoustic_analysis_Sync057_no_speaker_610.27_612.24_0,1.0
labeled_linagora_cs_arabize,مش حاح,مشحاح,0.9200000166893005,mouch7a7_22405_0,2.0
labeled_linagora_cs_arabize,الل  خمم ما كن تحب تعمل هكيك عمل هكيك  ا,يور تروما و كل نو كان يو وانت تو خمم اما كان تحب تعمل تعمل هكاكة اعمل هكاكة مي دو نوت هايد,12.031999588012695,0000662_0000560_0000000_662_560_0_0,0.8636363636363636
labeled_linagora_cs_arabize,معناها حاجات معناها طاف سامطل راهم اما زاده مهمين علاخر بور جوستمون ردوير غادويرة,معناها حاجات معناها تري سامبل راهم اما زادة مهمين عالاخر بور جوستومون ريدويير,11.46399974822998,0000049_0000105_0000000_49_105_0_0,0.5384615384615384
labeled_linagora_cs_arabize,دوبو نوا وإلا بلانظ ولا الي هو معنتها عدنا معنتها فمس,دو كو نوار و الا بلانش ولا لي هو معنتها عنا معنتها فمة,7.863999843597412,0000051_0000157_0000001_51_157_1_0,0.6923076923076923
labeled_linagora_cs_arabize,تزاب نها وباس بوصة صغيرة من رقم اللي نسكرت البويتا وروحو للدر ول حاجة,تزعبن هاو باس بوسة صغيرة من الرقبة لين سكرت البواتة وروحوا للدار اول حاجة,5.888000011444092,TunSwitchTO_0000019_0000023_0000045_y0000009b_19_23_45_y9b_0,0.7857142857142857
labeled_linagora_cs_arabize,علاللخر وذي جول و العشر سنين اللي عديهم في الباك بالحق أي عبد اللي عنده حاجة في مخه ح,عاللخر و ذير قرايتفول فور العشرة سنين الي عداهم فال باك بالحق ايه عبد الي عندو حاجة في مخو هاز تو وورك,10.008000373840332,Melekher0000010_0000011_0000000_Melekher10_11_0_0,0.7727272727272727
labeled_linagora_cs_arabize,وبعدي يجيبوا له معاوضين,وبعداش يجيبوا لو معوضين,2.0320000648498535,amenyKH_Partie0000005_chunk_0000032_Partie5_chunk_32_0,0.75
labeled_linagora_cs_arabize,ملا حل راهو الإنسان اللي يشرب بطبيعته حتى لو بطل مدة,ملا حل راهولانسان الي يشرب بطبيعتو حتى لو بطل مدة,4.6479997634887695,TunSwitchTO_0000004_0000018_0000028_0000005p0000008_4_18_28_5p8_0,0.4
labeled_linagora_cs_arabize,ما تاعك ياسر تفيدك في حياتك باش تكون لرسم كان عندك كوت يبار رد بلحق كان عندك كوتيه تحب تبوستيها تكونولا حتى تكون برودكت فيها مش كاين لقراي,ياسر تفيدك في حياتك باش تكون برودكتيف بالرسمي كان عندك كوت في ا بارت ل برودكتيفيتي كان عندك كوت تحب تبوستيها ولا حتى تكون برودكتيف فيها مش كان لقراية,11.239999771118164,0000027_0000294_0000000_27_294_0_0,0.4827586206896552
labeled_linagora_cs_arabize,إلعلف,العرس,0.6159999966621399,ar--2141_1.25.wav_2141_1.25_0,1.0
labeled_linagora_cs_arabize,د رقم هعطي المهمة الأولالثانيملع,ما عندوش حتى رقم مشكل احنا عطيناه المهمة لولى الثاني لكافة الزملاء,4.335999965667725,amenyKH_0000003_chunk_0000080_003_chunk_80_0,0.8333333333333334
labeled_linagora_cs_arabize,عبدالله يلوج على بيت,عبد الله يلوج على بيت,1.7680000066757202,ar--3018_1.wav_3018_1_0,0.4
labeled_linagora_cs_arabize,ولا يجري عل الحلال كما ربي يورينا في جميع الصراق متاع بلادني,وولى يجري على الحلال كما ربي يورينا في جميع السراق متاع بلادنا,4.776000022888184,TunSwitchTO_0000008_0000008_0000056_odt_8_08_56_odt_0,0.3333333333333333
labeled_linagora_cs_arabize,علاأقلعطا م خدمو نة وفحتىا حتى منى,على الاقل اعطيونا مثلا نخدموا من الثمانية و نصف حتى الماضي ثلاثة ولا يا سيد حتى من سبعة و نصف حتى الماضي ثلاثة,6.760000228881836,amenyKH_MOSAIQUEFM_FORUM_0210912_0000002_chunk_0000012_MOSAIQUEFM_FORUM_210912_2_chunk_12_0,0.9565217391304348
labeled_linagora_cs_arabize,يقسر,القصر,0.5360000133514404,ar--1420_1.5.wav_1420_1.5_0,1.0
labeled_linagora_cs_arabize,بع التونسي وول الحمله نتها الأحداث اللخر خليتها تخرج معنيش ها,التونسي و الي الحملة معنتها الاحداث لخرا خلاتها تخرج ما عناش,7.863999843597412,0000051_0000150_0000001_51_150_1_0,0.9090909090909091
labeled_linagora_cs_arabize,تحت  سني,ثلاثة كبار واحدة صغيرة,2.568000078201294,amenyKH_MIC0000001_mod_0000020_chunk_0000002_MIC00001_mod_20_chunk_2_0,1.0
labeled_linagora_cs_arabize,محروف,محبوب,0.5360000133514404,ar--1709_1.5.wav_1709_1.5_0,1.0
labeled_linagora_cs_arabize,تمشي في نهارك تمشي تكري كيفيه مة فرانك قلوب وديما قعدة هكا وجو لما وهكا هو ولا كيفه بيتد,تمشي في نهارك تمشي تكري كيفاه ميات فرنك قلوب وديما قاعدة هكة جو ولمة واكهو ولا كيفاه دهبيتيد,8.071999549865723,amenyKH_0000007_chunk_0000012_007_chunk_12_0,0.6111111111111112
labeled_linagora_cs_arabize,إلجم يكون,يكون ينجم,0.8159999847412109,ar--1238_1.5.wav_1238_1.5_0,1.0
labeled_linagora_cs_arabize,اي عليش,اي علاش,0.6639999747276306,TunSwitchTO_0000107_0000022_0000020_njy_107_22_20_njy_0,0.5
labeled_linagora_cs_arabize,كنت في رحلة طيران يونايتد نمر ثمنمية وثمانية وش,كنت في رحلة طيران يونايتد نومرو ثمنمية و ثمنية و عشرين,3.7839999198913574,TunSwitchTO_0000052_0000022_0000005_no0000006_52_22_05_no6_0,0.45454545454545453
labeled_linagora_cs_arabize,عمل مشكلة,اما المشكلة,0.7120000123977661,amenyKH_Personnalité_Multiple_HM_E0000001_denoised_Sync0000046_no_speaker_0000106.0000030_0000107.0000015_Personnalité_Multiple_HM_E1_denoised_Sync046_no_speaker_106.30_107.15_0,1.0
labeled_linagora_cs_arabize,اجعيوني,اجريولي,1.3359999656677246,ar--2135_0.75.wav_2135_0.75_0,1.0
labeled_linagora_cs_arabize,هم داانحكيو فيمرحلة أولى عل فلاي بعدشو بانرجع للف فلايي  بالطفلعالطارطرر,اي بور لا كرياسيون دو ستركتور داكومبانيومون مهم جدا باش نحكيو في مرحلة اولي على فلاي ويل و بعد شوية باش نرجعو لل فون دي فون فلاي ويل شنوا بالظبط دايور لاسم فلاي ويل عجالي طايرة طاير برشا لحقيق,15.031999588012695,0000015_sub_audio_chunk_0000002_15_sub_audio_chunk_2_0,0.9743589743589743
labeled_linagora_cs_arabize,الجتار,القيتار,0.6480000019073486,ar--2365_1.25.wav_2365_1.25_0,1.0
labeled_linagora_cs_arabize,لويعاود فجأة يقص الضو مرة اخرى ظلماتحيس منرى فى حتى شي نحس فى عباد يغزرولى والاحاسيس اللى كنت نحس فيهم ولا بيزارما اقوى برشا ولت نحس فى اكثر حاجات يغزرولى انفس ولا رزين نتنفس بالسيف,الكل ويعاود فجاه يقص الضو مره اخرى ظل ما تحيس ما نرا في حتى شيء نحس في عباد يغزر لي والاحاسيس الي كنت نحس فيهم ولا بيزارمون اقوى برشا وليت نحس في اكثر حاجات يغزر لي انفس ولا رزين نتنفس بالسيف وقلبي,13.935999870300293,segment_0000635_segment_635_0,0.5
labeled_linagora_cs_arabize,أختنا منه ه,اخطانا منه هو,0.800000011920929,amenyKH_Hkayet_Tounsia_S0000001_Episode_0000017_0000020_0000003_0002017_Partie_0000003_Sync0000115_no_speaker_0001493.0000070_0001494.0000048_Hkayet_Tounsia_S01_Episode_17_20_03_2017_Partie_03_Sync115_no_speaker_1493.70_1494.48_0,0.6666666666666666
labeled_linagora_cs_arabize,نحب كتزني البلايس اسماح عن اسايح كيما تعرف,نحبك تهزني لبلايص سماح انا سايح كيما تعرف,3.25600004196167,TunSwitchTO_0000011_0000020_0000052_neo_11_20_52_neo_0,0.75
labeled_linagora_cs_arabize,على الساحل الشرقي تلقاو حتى بلايص مشهورة كما نيويورك واشنطن دي سي وبوست,على الساحل الشرقي تلقاو حتى بلايص مشهورة كيما نيويورك واشنطن دي سي وبوسطن,5.208000183105469,TunSwitchTO_0000076_0000022_0000012_0000072w_76_22_12_72w_0,0.15384615384615385
labeled_linagora_cs_arabize,jěsła,يسلع,0.6480000019073486,ar--2225_1.25.wav_2225_1.25_0,1.0
labeled_linagora_cs_arabize,مثلا انتي مشيت باش تقدم مستاير مثلا ولا حاجة,مثلا انت مشيت باش تقدم ماستر مثلا ولا حاجة,4.535999774932861,Melekher0000009_0000051_0000003_Melekher9_51_3_0,0.2222222222222222
labeled_linagora_cs_arabize,السنا,السنة,0.6880000233650208,ar--2169_1.wav_2169_1_0,1.0
labeled_linagora_cs_arabize,بالرسمي ريتم مرجعتش لبريبا مرجعتش نمشي لكور كل خاطر زايد مانمفر منلك م,بالرسمي ريتم ما رجعتش لل بريبا ما رجعتش نمشي لل كور و كل خاتر زايد ما ني ش باش نريكوباري مال كور معناها,5.375999927520752,0000027_0000190_0000002_27_190_2_0,0.782608695652174
labeled_linagora_cs_arabize,بابا بالحكمة متاعو ما حبنيش نتمتع بهالثروة إلا لما نعرف نتيقن منلصحو,بابا بالحكمة متاععو ما حبنيش نتمتع بهالثروة الا ما نعرف و نتيقن من الصحبة,5.4720001220703125,0000020_0000177_20_177_0,0.42857142857142855
labeled_linagora_cs_arabize,هذ هذ هذة,هاذا هاذي هاذا,4.335999965667725,ar--1189_0.75.wav_1189_0.75_0,1.0
labeled_linagora_cs_arabize,الكياس قريب باش توصل القنطرة صرحكم فما رب,ال الكياس قريب باش توصل للقنطرة يفرحكم فمة رون بوان,3.48799991607666,amenyKH_0000004_chunk_0000024_004_chunk_24_0,0.6
labeled_linagora_cs_arabize,الجامع كيمان هذا ماينجمش مخي يقبل انه يقعد في الحالة هذي لا تقوللي اعتمادات ولا مش اعتمادات حاج معلم تاريخي اولوية اولويات يلزمنا نتحرك ونلقاو له حل حتى لو كان ما فهماش الاعتمادات,جامع كما هاذا ما ينجمش مخي يقبل انه يقعد في الحاله هاذي لا تقوللي اعتمادات ولا مش اعتمادات حاجه معلم تاريخي اولويه اولويات يلزمنا نتحرك نلقاه حل حتى لو كان ما فماش الاعتمادات,12.74899959564209,youtube_hpXwUry7Kck_0,0.36363636363636365
labeled_linagora_cs_arabize,ثما مواطنين تعاون فما ناس عندها شكون توفى وناس كل عاشت هذاي يبدأ عندو فلوس,ثم مواطنين تعاون ثم ناس عندها شكون توفى وناس كل عاشت هاذا يبدا عنده فلوس,4.9710001945495605,youtube_hpXwUry7Kck_1,0.3333333333333333
labeled_linagora_cs_arabize,يحب يعمل له صدقة جارية وما يلقاش كيفايش يحب يعطي فلوس وما يلقاش يعمل ناس تحب تزكي ما تعرفش ناس تحب تحط فلوسها في الجوامع لأنه عنا ثقافة الصدقة الجارية,يحب يعمل له صدقه جاريه وما يلقاش كيفاش يحب يعطي فلوس وما يلقاش يعمل ناس تحب تزكي ما تعرفش الناس تحب تحط فلوسها في الجوامع لانه عنا ثقافه الصدقه الجاريه,10.302000045776367,youtube_hpXwUry7Kck_2,0.26666666666666666
labeled_linagora_cs_arabize,وهذيك حسنات وميزان حسنات إن شاء الله عند ربي شوو نعجزو أنه يقعد الجامعة هكا لسنوات وسنوات,و هاذيكه حسنات وميزان حسنات ان شاء الله عند ربي شنوا نعجز انه يقعد الجامع هك لسنوات وسنوات,5.909999847412109,youtube_hpXwUry7Kck_3,0.4444444444444444
labeled_linagora_cs_arabize,بسبب الاعتمادات جما عقبة كيدخلنالو أانا محمود ظلام  ويافي ثما دي اترانجر راو أنا شفنا زوج ثلاثة أربعة من الناس منهم زو نسا وراجل وكذا دي اترانجي جايين يتصوروا يشوفوا فيه راو ظلام راو كلحصيرة راو حاجة تحزد,بسبب الاعتمادات جمع عقبه كي دخلنالو انا و محمود ظلام و الله و الله ثم دي ايترانجي راه انا شفنا زوز ثلاثة اربعه من الناس منهم زوز نساء و راجل و كذا دي ايترانجي جايين يتصوروا ويشوفوا فيه راه ظلام راه اكالحصيره راه حاجه تحزن,14.114999771118164,youtube_hpXwUry7Kck_4,0.6666666666666666
labeled_linagora_cs_arabize,لورك نرمو تدخل قلبك يتشرهه الضو يبدا شاعر والزرابة تبدا مزيانة والدنيا في جامع عقبة من نافع في تونس وعليش علاش حتى حصيرة حسيرة مزيانة مع سيم  حطوها في بلادنا,الور كي نورمالمو تدخل قلبك يتشرح الضوء يبدا شاعل و الزرابي تبدا مزيانه و الدنيا في جامع عقبه ابن نافع في تونس وعلاش علاش حتى حصيره حصيره مزيانه معش نعرف نحطوها في بلادنا,11.744000434875488,youtube_hpXwUry7Kck_5,0.6060606060606061
labeled_linagora_cs_arabize,عشهالنين,عجيهة لمين,0.9279999732971191,ar--1301_1.25.wav_1301_1.25_0,1.0
labeled_linagora_cs_arabize,الإتجاه,الاتجاه,0.7440000176429749,ar--1310_1.wav_1310_1_0,1.0
labeled_linagora_cs_arabize,ينين,لمين,0.9200000166893005,ar--1299_0.75.wav_1299_0.75_0,1.0
labeled_linagora_cs_arabize,اربية,الربيع,0.8960000276565552,ar--1570_0.75.wav_1570_0.75_0,1.0
labeled_linagora_cs_arabize,ف الدومين متاع اسيور مرتاح والدومين متاع اسيور مخليني ديما خاطر انا ككوتش فريستايل حنا عاملين فري ستايل معناش,فال دومان متاع ال سبور مرتاح و دومان متاع ال سبور مخليني ديما خاطر انا ك كوتش فريستايل احنا عاملين فريستايل ما نا ش,10.680000305175781,0000043_0000055_0000000_43_55_0_0,0.625
labeled_linagora_cs_arabize,لا أكثر ولا أقل,لا اكثر ولا اقل,1.9040000438690186,TunSwitchTO_0000066_0000019_0000003_c0000084_66_19_03_c84_0,0.5
labeled_linagora_cs_arabize,العبادات وكل صيف والإدارة التونسية بخير فيصل سمع للتعليق على هذا الموضوع,العبادات و كل صيف و الادارة التونسية بخير فيصل الصمعي للتعليق على هاذا الموضوع,6.079999923706055,TunSwitchTO_0000046_0000019_0000051_kqn_46_19_51_kqn_0,0.42857142857142855
labeled_linagora_cs_arabize,تجي تشوفها الحكايه معناه ن نوماكلمشي م,تجي تشوفها ولا حكاية معناها ترانسفورماسيون و كلماشي اما,3.4159998893737793,Melekher0000011_0000075_0000000_Melekher11_75_0_0,0.7777777777777778
labeled_linagora_cs_arabize,موش مجروح,مش مجروح,0.8960000276565552,ar--1850_1.25.wav_1850_1.25_0,0.5
labeled_linagora_cs_arabize,زمفليقة للبحر ولا كيمشيو لدار الخلاعة وشريت الكاكوية اللي في قشرتها ملفوفة في قرطاس,زنفليقة للبحر ولا كي يمشيوا لدار الخلاعة وشرات الكاكوية الي في قشرتها ملفوفة في قرطاس,6.71999979019165,TunSwitchTO_0000075_0000015_0000035_xos_75_15_35_xos_0,0.3333333333333333
labeled_linagora_cs_arabize,ilweg,الوجه,1.0,ar--2163_0.75.wav_2163_0.75_0,1.0
labeled_linagora_cs_arabize,نلقو لقراع الأحمر,آه نلقاو القرع الاحمر,2.936000108718872,amenyKH_0000011_chunk_0000034_011_chunk_34_0,1.0
labeled_linagora_cs_arabize,جابتلك صغير  قتلك ه ولدك ولا بنتك  ش عمل,بعد تسعة جابت لي صغير هاه بنتي ايه,4.952000141143799,amenyKH_0000008_chunk_0000100_008_chunk_100_0,1.125
labeled_linagora_cs_arabize,قديش تحبو,قداش تحبوا,2.2079999446868896,TunSwitchTO_0000024_0000011_0000026_0000001bt_24_11_26_1bt_0,1.0
labeled_linagora_cs_arabize,شنوو تحبوها تموت بغصتها تموت بغصتها تحبوها تاكل الخبط صباح وليل,شنوو تحبوها تموت بغصتها تموت بغصتها تحبوها تاكل الخبط صباح و ليل,8.880000114440918,youtube_0JDT9BuaAHc_0,0.16666666666666666
labeled_linagora_cs_arabize,باش أنتومك كمجتمع تكونوا فرحانين تحبوها تموت وصارت,باش انتم كمجتمع تكونوا فرحانين تحبوها تموت و صارت,5.711999893188477,youtube_0JDT9BuaAHc_1,0.3333333333333333
labeled_linagora_cs_arabize,حبو يكضا راجل ماهوش مرتاح معاه,تحبوه يقذ الراجل ما هو ش مرتاح معاها,2.2960000038146973,youtube_0JDT9BuaAHc_2,0.875
labeled_linagora_cs_arabize,,تحبوا تهزولاثنيه غالطه ما هوا ش مرتاح مها طلق,4.415999889373779,youtube_0JDT9BuaAHc_3,1.0
labeled_linagora_cs_arabize,راهو رحمه راهو طلا رحمه راهي بنتك يا مدام كي تبدا في در رجلها ماهيش مرتاحه راهي تتغسر كل يوم راهي ظناك,راهو رحمه راهو الطلاق رحمه راهي بنتك يا مدام كي تبدا في دار راجلها ما هي ش مرتاحه راهي تتغصور كل يوم راهي ضناك,8.35200023651123,youtube_0JDT9BuaAHc_4,0.3333333333333333
labeled_linagora_cs_arabize,شنييا اصبر عليهوهذي كام غرفتك شهزت,شنيا اصبر عليه و هاذيكه مغرفتك آش هزت,2.687999963760376,youtube_0JDT9BuaAHc_5,0.875
labeled_linagora_cs_arabize,يازينا يزينا من غرض شهزت كل واحد يتح شغولو علينا ومعناش بنات تطلق لي عندنا خويا,يزينه يزينه من مغرفتك آش هزت كل واحد يتح شقول علينا وما عندناش بنات تطلق لا عندنا خويا,6.48799991607666,youtube_0JDT9BuaAHc_6,0.5
labeled_linagora_cs_arabize,لو كان مرمده بعيد الشر كانت تروحلك بمرض كطير من الغصة اللي في قلبها,لو كان مرمده بعيد الشر كان تروح لك بمرض خطير من الغصه الي في قلبها ان شاء الله ان شاء الله ان شاء الله النظره تتبدل,7.920000076293945,youtube_0JDT9BuaAHc_7,0.6538461538461539
labeled_linagora_cs_arabize,我好的的,منخفض,0.671999990940094,ar--1473_1.5.wav_1473_1.5_0,1.0
labeled_linagora_cs_arabize,من توا حاسة روحي نوستالجيك لليسي باش نتوحش الليسي باش نتوحش دبخوف باش نتوحش صحابي كل دونك نحس,من توا حاسة روحي نوستالجيك لل ليسي باش نتوحش ال ليسي باش نتوحش دي بروف باش نتوحش صحابي و كل دونك نحس,8.295999526977539,0000072_0000110_0000001_72_110_1_0,0.3181818181818182
labeled_linagora_cs_arabize,درجة مئوية,درجة مائوية,1.5199999809265137,ar--1455_1.wav_1455_1_0,0.5
labeled_linagora_cs_arabize,بن صحابي بين عيلتى كلشي ريت برشه بحق برشه نت كينقول معناه للي مش ياسر ف نتي متع البرد لكوفينما والكوفيد والباندمي اي تعدي بها ا م,بين صحابي و بين عايلتي و كل شيء و ريت برشا بالحق برشا نيغاتيفيتي كي نقول معناها اكتواليتي الي ماشيا ياسر فال نيقاتيف متاع ال بيريود دي كونفينمون و ال كوفيد و ال بانديمي الي تعدينا بيها سيتاي فمة,12.02400016784668,0000044_0000004_0000000_44_4_0_0,0.8974358974358975
labeled_linagora_cs_arabize,اتير,السوماستر,0.7200000286102295,ar--2329_1.25.wav_2329_1.25_0,1.0
labeled_linagora_cs_arabize,عبدالله يكتب في جواب الخوه,عبد الله يكتب في جواب الخوه,2.447999954223633,ar--3249_1.wav_3249_1_0,0.3333333333333333
labeled_linagora_cs_arabize,معنهاريت اليوم,ايم اورقانايزد بال سيزون معناه ريت ليوما ايم سو اورقانايزد,5.015999794006348,0000060_0000047_0000000_60_47_0_0,1.0
labeled_linagora_cs_arabize,منجمش نجمنجمكت نجم,ما نجمش نجم نجم نجم ونزيد نجم,2.7119998931884766,amenyKH_0000006_0000006_0002012_partie0000001_0000002_chunk_0000018_06_06_2012_partie1_2_chunk_18_0,0.8571428571428571
labeled_linagora_cs_arabize,باش نكون واضح معاك مانيشما,باش نكون واضح معاك ما ني ش موافق,2.119999885559082,TunSwitchTO_0000028_0000013_0000056_f0000003i_28_13_56_f3i_0,0.5
labeled_linagora_cs_arabize,متحكي بجانب اقتصادي  و لدخان في الشهر حب لاأقل م ان في النهارأ مفيالشهر,كان باش تحكي من جانب اقتصادي معناتها سوم باكو الدخان في الشهر معناتها كتحسب انت ما نعرفش انا سوا ديصن ما اقلش من ثلاثة آلاف اربعة آلاف فرنك دخان في النهار الي هيا ما اقلش من مية في الشهر,9.928000450134277,amenyKH_0000006_0000006_0002012_partie0000001_0000003_chunk_0000334_06_06_2012_partie1_3_chunk_334_0,0.8974358974358975
labeled_linagora_cs_arabize,نحبها بغلفه,نحبها مغلفة,1.1039999723434448,TunSwitchTO_0000041_0000011_0000007_0000001ms_41_11_07_1ms_0,0.5
labeled_linagora_cs_arabize,الجر اللي فيهم,الشجر لي فيهم,1.0959999561309814,0000021_0000084_21_84_0,0.6666666666666666
labeled_linagora_cs_arabize,一ف,يبيع,1.0720000267028809,ar--1522_0.75.wav_1522_0.75_0,1.0
labeled_linagora_cs_arabize,بلي نعطيك حرابلش متع وشي ع دراس,نولي نعطيك حرابش متاع وجيعة راس,2.368000030517578,ar--3498_1.5.wav_3498_1.5_0,1.0
labeled_linagora_cs_arabize,لو صحب يتغشش على خاطر العضويه في الأصل لم لاو مش باهي نغير فيها نغير فيها,لو صاحبي يتغشش على خاطر العضوية في الاصل له وموش باهي انغير فيها,5.711999893188477,TunSwitchTO_0000120_0000000_0000022_0000008r0000000_120_00_22_8r0_0,0.6923076923076923
labeled_linagora_cs_arabize,في كل صالة ثم حاوية للورق القديم واحدة للبلاستيك وواحدة للدلار وواحدة للبيقي,في كل صالة فمة حاوية للورق القديم واحدة للبلاستيك واحدة للبلار واحدة للباقي,7.71999979019165,ar--3183_1.25.wav_3183_1.25_0,0.38461538461538464
labeled_linagora_cs_arabize,لل حتى في الرزولا متاعي نتفكر تحط بالحق تحط بالباهي في المويان متاعي إ,حتى فل لي ريزولتا متاعي نتفكر تحط بالحق تحط بالباهي في ال موايان متاعي,6.776000022888184,0000027_0000126_0000000_27_126_0_0,0.5
labeled_linagora_cs_arabize,ربو اللي خدمو زاد خدموه دو أ ينوفا روبوتيكس و آيكومباس,ان روبوت الي خدمو زادة خدموه دو ان فات انوفا روبوتيك و ايكومباس,5.360000133514404,0000008_0000047_8_47_0,0.6923076923076923
labeled_linagora_cs_arabize,أنا نعتبر زيارة رئيس الجمهورية,انا نعتبر زياره رئيس الجمهوريه,2.135999917984009,youtube_qWzB8WXdi_g_0,0.6
labeled_linagora_cs_arabize,خاصة لوزارة التجارة من أهم الزيارات اللي صارت منذ توالي الرئاسة ومن من,خاصه لوزاره التجاره من اهم الزيارات الي صارت منذ توليه الرئاسه ومنذ من من من خمسة و عشرين,8.965999603271484,youtube_qWzB8WXdi_g_1,0.7222222222222222
labeled_linagora_cs_arabize,انا نعتبر وزارة التجارة عليها برشا كلام رفيق رعليها برشا كلام,انا نعتبر خطر وزاره التجاره عليها برشا كلام رفيق راه عليها برشا كلام,3.9149999618530273,youtube_qWzB8WXdi_g_2,0.38461538461538464
labeled_linagora_cs_arabize,احتكا  عل,احتكار يحكيوا على,1.7669999599456787,youtube_qWzB8WXdi_g_3,1.0
labeled_linagora_cs_arabize,ك على ش نس,لي كوميسيون يحكيوا على برشا ناس,2.927999973297119,youtube_qWzB8WXdi_g_4,0.8333333333333334
labeled_linagora_cs_arabize,الرخص هذم كل المشاكل رعو اليوم,الرخص هذوما الكل المشاكل راه اليوم,2.7679998874664307,youtube_qWzB8WXdi_g_5,0.5
labeled_linagora_cs_arabize,هي نحكيو على وزارة التجارة لي قوتة اتوانسا اليوم نحكيو عليها هي اللي تجم تسهل ولا تسعب قوت اتوانسا,هيا نحكيو على وزاره التجاره الي قوت التوانسه اليوم نحكيو عليها هيا الي تنجم تسهل ولا تصعب قوت التوانسه,5.4079999923706055,youtube_qWzB8WXdi_g_6,0.5789473684210527
labeled_linagora_cs_arabize,ظهرلي زيارة رئيس الجمهورية البارح فيها رمزية كبيرة برشا,ظهرلي زياره رئيس الجمهوريه البارح فيها رمزيه كبيره برشا,3.196000099182129,youtube_qWzB8WXdi_g_7,0.4444444444444444
labeled_linagora_cs_arabize,اللي فيها يعينو مايكمر حتى حد اليوم حتى كان مسؤولين في الدولة موجودين وأنتم قاعدين تلعبو بقودة توانسا راي حاجة نعتبرها مهمة برشا,الي في عينه ما يكبر حتى حد اليوم حتى كان مسؤولين في الدوله موجودين وانتم قاعدين تلعبوا بخطه توانسه راهي حاجه نعتبرها مهمه برشا,7.679999828338623,youtube_qWzB8WXdi_g_8,0.5416666666666666
labeled_linagora_cs_arabize,ويجيني برشا أفكار رهو في النهار  فم فكرة والفرق هنا فرصة راهو العمل كل تنجم عندها أفكار,و جاوني برشا افكار في النهار مي فكرة و الفرق هنا فرصة فمة راهو العباد الكل تنجم عندها افكار,11.32800006866455,segment_0000184_segment_184_0,0.5789473684210527
labeled_linagora_cs_arabize,الدار,الدار,0.6639999747276306,ar--1717_1.wav_1717_1_0,0.0
labeled_linagora_cs_arabize,تقول شعني مخوهم مش تجربي أو اشري معاهم,تقولش عليهم خوهم مش تاجر يشري و يبيع معاهم,2.640000104904175,0000019_0000058_19_58_0,0.7777777777777778
labeled_linagora_cs_arabize,المرة الجاية,المرة الجاية,1.4160000085830688,ar--1708_0.75.wav_1708_0.75_0,0.0
labeled_linagora_cs_arabize,pension complet,كومبلات بونسيون,1.8960000276565552,ar--1092_0.75.wav_1092_0.75_0,1.0
labeled_linagora_cs_arabize,عتل غالي اللي عندك سنع,عبد الله قالي الي عندك صنعة,1.9759999513626099,ar--3656_1.25.wav_3656_1.25_0,0.8333333333333334
labeled_linagora_cs_arabize,kamon,كمون,1.25600004196167,kamoune_31187_0,1.0
labeled_linagora_cs_arabize,فسانا,بالسلامة,0.5360000133514404,ar--1048_1.5.wav_1048_1.5_0,1.0
labeled_linagora_cs_arabize,عمر مطلبز,عمر مطلب ضياع,1.184000015258789,TunSwitchTO_0000100_0000019_0000009_cfe_100_19_09_cfe_0,0.6666666666666666
labeled_linagora_cs_arabize,ر  يم مشكن لك  ن  هد و ي  ر,خاطر ذاي جيم مش كان باش لايك يور قونا لوك هوت اور سامثينق يتس فور,5.320000171661377,0000071_0000031_0000000_71_31_0_0,1.0
labeled_linagora_cs_arabize,صحيح اللي أمور واضحة ومستقبل ومضمون باش يحس بالشباب هذا,صحيح الي امورو واضحة و مستقبلوا مضمون باش يحس بالشباب هاذا,5.239999771118164,TunSwitchTO_0000034_0000019_0000048_p0000000e_34_19_48_p0e_0,0.5454545454545454
labeled_linagora_cs_arabize,elcomوn,الكوموند,0.7680000066757202,ar--1492_1.25.wav_1492_1.25_0,1.0
labeled_linagora_cs_arabize,ارضكنتلهب لل,ارض وكانتلها بلاعا,1.0640000104904175,0000021_0000127_21_127_0,1.0
labeled_linagora_cs_arabize,swr عabd kulu ohasman,يور هزبند تصور عبد يقولوا,1.5759999752044678,0000076_0000087_0000001_76_87_1_0,1.0
labeled_linagora_cs_arabize,الكرهبة المكرية,الكرهبة المكرية,1.4639999866485596,ar--2379_1.wav_2379_1_0,0.0
labeled_linagora_cs_arabize,العنصرية ولا التحرر من الابوية  ديما اتحرر فردي,العنصرية ولا التحرر من الابوية ولا ديما التحرر فردي,4.4720001220703125,0000050_0000153_0000002_50_153_2_0,0.2222222222222222
labeled_linagora_cs_arabize,نلقى فيه كالميساج كالميساج المبروك,نلق في اكال ميساج اكال ميساج المبروك,4.504000186920166,Melekher0000010_0000103_0000003_Melekher10_103_3_0,0.8571428571428571
labeled_linagora_cs_arabize,لng,لانقار,0.6079999804496765,ar--1282_1.25.wav_1282_1.25_0,1.0
labeled_linagora_cs_arabize,الي,الكليون,0.6000000238418579,ar--1623_1.25.wav_1623_1.25_0,1.0
labeled_linagora_cs_arabize,يحل,يحل,0.5120000243186951,ar--2316_1.wav_2316_1_0,0.0
labeled_linagora_cs_arabize,المعطعم,المطعم,1.1440000534057617,ar--1487_0.75.wav_1487_0.75_0,1.0
labeled_linagora_cs_arabize,كش لل بري مفيزا معاه مونوتون ري أي ي مونوتنطح أي ي هذاك هو وقت لي زاده في وسط العام ن لول نقرا يتود كنت نقرا يتود مات وميتود فيزي,لل بيريود دي ريفزيون معناها مونوتون ال ريتم ايه ايه مونوتون ايه هذاكة هو ا وقتلي زادة فوسط العام من اللول نقرى ايتود كنت نقرى ايتود ماث و ايتود فيزيك,12.031999588012695,0000027_0000098_0000000_27_98_0_0,0.9
labeled_linagora_cs_arabize,الفلوس,الفلوس,0.5920000076293945,ar--1357_1.25.wav_1357_1.25_0,0.0
labeled_linagora_cs_arabize,hit,خيت,1.2719999551773071,5iiiit_31215_0,1.0
labeled_linagora_cs_arabize,تلها يا سيدي البشير,قلتلها يا سيد البشير,1.4160000085830688,0000022_0000166_22_166_0,0.5
labeled_linagora_cs_arabize,malizia,من اليزيا,1.2719999551773071,Malizia_31397_0,1.0
labeled_linagora_cs_arabize,وامقراية يازمهم يبداو يخدمو مخر ذان ما ينجموش يكونو ل لإنفلاtيو باش تشري دار توا سي س مكي مسيبل دن العبد يقولك أنا كيفاش نجم نعمل هذاي سا سي سي  و خي خيز مبغا,اعوام قراية يلزمهم يبداوا يخدموا مخر دونك ما ينجموش يكونوا ال انفلاثيون باش تشري دلر توا سي بلوس بوسيب دونك لعبد يقلك انا كيفاش نجم نعمل هاذايا سا سي ان بوينت تري امبورطان,12.031999588012695,0000039_0000079_0000000_39_79_0_0,0.696969696969697
labeled_linagora_cs_arabize,أنا شي حاجة غيح,انا شاهي حاجة من غير لحم,1.3680000305175781,ar--3145_1.5.wav_3145_1.5_0,0.8333333333333334
labeled_linagora_cs_arabize,قط-هو ال حقيقة فيالبرود هذي كاأنا نحس-,هو لحقيقى فال بيريود هاذيكا انا نحس,3.119999885559082,0000027_0000018_0000002_27_18_2_0,1.0
labeled_linagora_cs_arabize,نص ساعة,نص ساعة,0.8640000224113464,ar--1070_1.wav_1070_1_0,0.0
labeled_linagora_cs_arabize,اتذکر منذ سنه تقريبا جويليه حینما اشتريت مسوق کان الغرام ب حوالي دينار,اذهلني انني اتذكر منذ سنة تقريبا جويلية حينما اشتريت مصوغ كان الغرام بحوالي دينار,7.840000152587891,TunSwitchTO_0000024_0000022_0000004_f0000047_24_22_04_f47_0,0.7142857142857143
labeled_linagora_cs_arabize,اللي قال اللي مات ارتاح فيصل السمعي لىلتعليق على هذا الموضوع,الي قال الي مات ارتاح فيصل الصمعي للتعليق على هاذا الموضوع,4.168000221252441,TunSwitchTO_0000037_0000012_0000058_0000092e_37_12_58_92e_0,0.45454545454545453
labeled_linagora_cs_arabize,الغراج,القاراج,0.7599999904632568,ar--1837_1.25.wav_1837_1.25_0,1.0
labeled_linagora_cs_arabize,ل,ثلاثين,0.6000000238418579,ar--1250_1.25.wav_1250_1.25_0,1.0
labeled_linagora_cs_arabize,بالليه يستعمل بية التبديل اغاد,بالله استعمل بيت التبديل غادي,1.5759999752044678,TunSwitchTO_0000011_0000015_0000019_vba_11_15_19_vba_0,0.8
labeled_linagora_cs_arabize,هذا هذي هذا,هاذا هاذي هاذا,2.184000015258789,ar--1189_1.5.wav_1189_1.5_0,1.0
labeled_linagora_cs_arabize,إسرائيل ماعدش تصبر وصسربة قريبة ولازمها تضرب قبل مروسيا تبيعة,اسرائيل معادش تصبر و الصربة قريبة ويلزمها تضرب قبل ما روسيا تبيع,4.992000102996826,TunSwitchTO_0000159_0000001_0000044_vg0000008_159_01_44_vg8_0,0.6666666666666666
labeled_linagora_cs_arabize,سئممرحبا مرحبا سي محمد,مرحبا بيك مرحبا مرحبا سي محمد,3.328000068664551,amenyKH_0000006_0000006_0002012_partie0000001_0000003_chunk_0000029_06_06_2012_partie1_3_chunk_29_0,0.5
labeled_linagora_cs_arabize,رفميتين مليمل,نعرفها ميتين مليم العادة,2.111999988555908,amenyKH_MIC0000001_mod_0000035_chunk_0000014_MIC00001_mod_35_chunk_14_0,1.0
labeled_linagora_cs_arabize,في معتمديت الجديد بالضبط لضبط في منطقة جبلية وين كان يسكن عميرة بن عمران هو و عئلتو عئلتهم المتكونة من  فرد الكلهم معروفين بسمعتهم الطيبة و طيبة اخلاقهم في عام كان عميرة عمره,معتمديه الجديد بالضبط بالضبط في منطقه جبليه وين كان يسكن عميره بن عمران هو وعائلته عائلتهم المتكونه من حداش فرد الكلهم معروفين بسمعتهم الطيبه وطيبه اخلاقهم في عام الف و تسعميا و ثمنية و تسعين كان عميره عمره سطاش,13.807999610900879,segment_0000481_segment_481_0,0.5897435897435898
labeled_linagora_cs_arabize,لفلوكجو,لبروكلو,0.6959999799728394,ar--1658_1.25.wav_1658_1.25_0,1.0
labeled_linagora_cs_arabize,نينريك الذوق المفاجئ للرفاهية وللمطعة,منين ليك ها الذوق المفاجئ للرفاهية و للمتعة,2.9839999675750732,0000019_0000177_19_177_0,0.625
labeled_linagora_cs_arabize,وبارا عند فرز شنوو السبب وهذي العضوية ثالثة مازالت فر,و برا عاد افرز سنوا السبب وهاذي العضوية الثالثة مازالت فرشكة,4.015999794006348,TunSwitchTO_0000045_0000009_0000009_ay0000001_45_09_09_ay1_0,0.7272727272727273
labeled_linagora_cs_arabize,ال,الستة و نص,1.4240000247955322,ar--1068_0.75.wav_1068_0.75_0,1.0
labeled_linagora_cs_arabize,esnin,السنين,0.6959999799728394,ar--2170_1.25.wav_2170_1.25_0,1.0
labeled_linagora_cs_arabize,نهارك طيب اسمي عبدالله,نهارك طيب اسمي عبد الله,2.1600000858306885,ar--3351_1.wav_3351_1_0,0.4
labeled_linagora_cs_arabize,zater,زعتر,1.527999997138977,ze3ter_31756_0,1.0
labeled_linagora_cs_arabize,من أول النهارات,وي كايندا لايك باوندد من اول نهارات و,4.464000225067139,0000073_0000028_0000000_73_28_0_0,0.875
labeled_linagora_cs_arabize,ويني متقني بشي,وانا ما في باللي بشي معناها,1.2079999446868896,amenyKH_Personnalité_Multiple_HM_E0000001_denoised_Sync0000062_no_speaker_0000130.0000059_0000131.0000087_Personnalité_Multiple_HM_E1_denoised_Sync062_no_speaker_130.59_131.87_0,0.8333333333333334
labeled_linagora_cs_arabize,علخاطر ادلاع فيه بزيد ما,على خاطر الدلاع فيه بزايد ماء,3.1040000915527344,amenyKH_0000011_chunk_0000061_011_chunk_61_0,0.8333333333333334
labeled_linagora_cs_arabize,اينا نمشي معناها نخدم على الفيزيكيى وناخ فيه معنها ن معنها  تيار عى الخر واللي هي كيبالنسة لنان,انا نمشي معناها نخدم على ال فيزيك و ناخو فيه معناها موايان معناها نوت طيارة عاللخر و الي هيا كوايفيسيون كاتر بالنسبة لينا احنا,8.727999687194824,Melekher0000010_0000081_0000000_Melekher10_81_0_0,0.7916666666666666
labeled_linagora_cs_arabize,ال  دي   لو,سورتو ل ميديتاسيون بالحق ديما نقولها فال بودكاست هاذايا الي ال ميديتاسيون ايز,4.791999816894531,0000070_0000049_0000001_70_49_1_0,0.9230769230769231
labeled_linagora_cs_arabize,حمامش أعطيني الحم,حرابش تعطيل الحمل,1.3359999656677246,ar--2214_1.5.wav_2214_1.5_0,1.0
labeled_linagora_cs_arabize,المتحف,المتحف,0.7839999794960022,ar--1752_1.wav_1752_1_0,0.0
labeled_linagora_cs_arabize,ия тгобнемру,يطلب نومرو,1.6640000343322754,ar--2118_0.75.wav_2118_0.75_0,1.0
labeled_linagora_cs_arabize,ها الملخص انك ريت مرتك بأم عينيك تدخل دار دعارة وتخدم,انا الي شفتو عليها يا سي امم,9.055999755859375,amenyKH_0000008_chunk_0000037_008_chunk_37_0,1.5714285714285714
labeled_linagora_cs_arabize,عاونى نصنع طلب مناش كيفاش نجم نشرى حاجة كيفاش نجم نشرى برشا حاجات نجم تعاونى نشرى برشا حاجات من عندكم عا شر شوية حاجات,عوني نصنع طلب منعرفش كيفاش نجم نشري حاجة كيفاش نجم نشري برشا حاجات تنجم تعاوني نشري برشا حاجات من عندكم عوني نشري شوي حاجات من عندكم,13.031999588012695,segment_0000073_segment_73_0,0.46153846153846156
labeled_linagora_cs_arabize,o كin you're struggling with his you're not lazy there's nothing wrong with you لجd  تركبوهيش لرويحكم,سو كان يور ستروقلينق ويذ ذيس يور نوت ليزي ذيرز ناثينق رونق ويذ يو بالمجد معناها ما تركبوهاش لرواحكم,8.215999603271484,0000070_0000092_0000000_70_92_0_0,1.0
labeled_linagora_cs_arabize,يحب إليزافي تسكرا باش يجي,يحب اريزرفي تسكرة مشي و جي,2.559999942779541,ar--3285_1.25.wav_3285_1.25_0,0.8333333333333334
labeled_linagora_cs_arabize,باش تعدي الكونكور ماتنجحش فيه العام جي ترجع بقدنيخ لفك نتاعك,باش تعدي ال كونكور ما تنجحش فيه العام الجاي ترجع بريميير فال فاك متاعك,4.576000213623047,Melekher0000010_0000148_0000000_Melekher10_148_0_0,0.6428571428571429
labeled_linagora_cs_arabize,هو اللي يقوم بافتتاع فتح اللدراسة فتح المدرسة والتنسيق مع لمع مع الأساد,هو الي يقوم بافتتاح فتح الدراسة فتح المدرسة و التنسيق مع الاساتذة,9.088000297546387,amenyKH_Partie0000005_chunk_0000096_Partie5_chunk_96_0,0.5833333333333334
labeled_linagora_cs_arabize,أ ر ل أن  ي بش نخلط الأكتر نوبة تاع بيت كان  مي  خرا ل الموداس بالحق فاش تستناو,سبوتيفاي بليز دو يت بيكوز يت هلبس مي باش نخلط لاكثر نومبر متاع عباد كان يو ديدنت سابسكرايب تو ذي بودكاست و الحق فاش تستناو معناها,9.312000274658203,0000073_0000157_0000000_73_157_0_0,0.8461538461538461
labeled_linagora_cs_arabize,التحويسة,التحويسة,1.0080000162124634,ar--1341_0.75.wav_1341_0.75_0,0.0
labeled_linagora_cs_arabize,אנק י'ס,يتس دونك,1.9199999570846558,0000076_0000136_0000002_76_136_2_0,1.0
labeled_linagora_cs_arabize,iḥebb,ايحب,1.1759999990463257,i7ib_31246_0,1.0
labeled_linagora_cs_arabize,يزور حد,يزور حد,1.3680000305175781,ar--1809_0.75.wav_1809_0.75_0,0.0
labeled_linagora_cs_arabize,الىخطم,القطن,0.7120000123977661,ar--2081_1.25.wav_2081_1.25_0,1.0
labeled_linagora_cs_arabize,من غدوة تمدى عبدالله على الشط,من غدوة تمد عبد الله على الشط,3.303999900817871,ar--3035_0.75.wav_3035_0.75_0,0.42857142857142855
labeled_linagora_cs_arabize,إنا قوات من الجموش يتحكموا فيها,النر قوات منجموش يتحكمو فيها,2.9119999408721924,ar--3479_1.5.wav_3479_1.5_0,0.8
labeled_linagora_cs_arabize,عبدالله يستنى دجا,عبد الله يستنا ديجا,1.8480000495910645,ar--3465_1.wav_3465_1_0,1.0
labeled_linagora_cs_arabize,ونعترف بنتائج ايا كانت انا واحدم الا ك بعض النتائجما,ونعترفوا بنتايجها ايا كانت انا واحد من الناس اذا كان انتخابات,7.007999897003174,amenyKH_0000002_chunk_0000166_002_chunk_166_0,0.7272727272727273
labeled_linagora_cs_arabize,أعطيني دخان,اعطيني دخان,1.4079999923706055,TunSwitchTO_0000009_0000023_0000000_aoy_9_23_00_aoy_0,0.5
labeled_linagora_cs_arabize,الحكاية عنها غير جمعات,لحكاية عندها قريب ستة جمعات,2.0959999561309814,ar--3514_1.25.wav_3514_1.25_0,0.8
labeled_linagora_cs_arabize,نحكي على حاجات اللي مش أنا كقع نحكي عليهم  بش نوري مشاكل راهي ماش كان فلوس معتها مشاكل,نحكي على حاجات مش انا كهو قاعد نحكي عليهم مي باش نوري المشاكل راهي مش كان فلوس معنتها,7.288000106811523,0000042_0000023_0000001_42_23_1_0,0.5555555555555556
labeled_linagora_cs_arabize,الكرهبة الطويلة تقف على اللول في الباب الغربي,الكرهبة الطويلة تاقف على الاول في الباب الغربي,3.3919999599456787,TunSwitchTO_0000077_0000011_0000022_0000006n0000001_77_11_22_6n1_0,0.25
labeled_linagora_cs_arabize,سامحني,سامحني,1.25600004196167,samah_ni_19249_0,0.0
labeled_linagora_cs_arabize,ى       مل   ن   ع    تا  ي ي,بالاسيرونس دي فيي على الاقل نابسوربي شويه تعب متاع ل روتريتا نهار آخر موجود معنها تتواصل الحياه متاعو نورمالمون مش نقعد معمل على صناديق الاجتماعيه بركا وهذايا الكل يندرج في الصالون متعنا الي نجمو معنها باش تكون في,13.399999618530273,segment_0000922_segment_922_0,1.0
labeled_linagora_cs_arabize,حنا كنجاو نحكيو عن الفيمينزم س كر سمب يعني حنا نحبو نعيشو في مجتمع,احنا كي نجيوا نحكيوا على ال فيمينيزم يتس فيري سامبل يعني انحنا نحبوا نعيشوا في مجتمع,4.1519999504089355,0000052_0000123_0000000_52_123_0_0,0.8125
labeled_linagora_cs_arabize,ي شباب بطال,فاش باب بطال,1.0080000162124634,amenyKH_tataouine__for_acoustic_analysis_Sync0000023_no_speaker_0000191.0000099_0000193.0000005_tataouine__for_acoustic_analysis_Sync023_no_speaker_191.99_193.05_0,0.6666666666666666
labeled_linagora_cs_arabize,كيفاش تحسبو كمية المال يستحقها بدنك في ال في النهار,كيفاش تحسبو كميه الماء الي يستحقها بدنك في النهار,3.7799999713897705,youtube_FEXMXfZXCmI_0,0.5555555555555556
labeled_linagora_cs_arabize,بي باش ناخذو وزنة معناتها إذا كان أنا ط نعطيكم أمثلة,باهي باش ناخذوا وزننا معناتها اذا كان انا توا نعطيكم امثله,3.9179999828338623,youtube_FEXMXfZXCmI_1,0.6363636363636364
labeled_linagora_cs_arabize,الوزن فيه ثلاثين يساوي كمية الماء اللي يسحقها بدنك في النهار أهم الأغلاط اللي تصير وقتاللي نشربو الماء,الوزن في ثلاثين يساوي كميه الماء الي يسحقها بدنك في النهار اهم الاغلاط الي تصير وقت الي نشرب الماء,7.191999912261963,youtube_FEXMXfZXCmI_2,0.47368421052631576
labeled_linagora_cs_arabize,الغلطة الولانية اللي هي تشرب الماء فرض وقت,الغلطه الاولني الي هيا تشرب الماء فرد وقت,3.7279999256134033,youtube_FEXMXfZXCmI_3,0.625
labeled_linagora_cs_arabize,وإلا ينسى روحه وسط النهار ما يشربش ما يشرب إترا إترا ونص,ولا ينسى روحه وسط النهار ما يشربش يشرب ايترا ايترا و نص,3.871999979019165,youtube_FEXMXfZXCmI_4,0.5
labeled_linagora_cs_arabize,رد وقت الكلاوي نتاعك ركي تعطيها كمية كبيرة تع ما ماتنجمش تصفيها فرد وقت,فرد وقت الكلاوي متعك راهو كي تعطيها كميه كبيره متاع ماء ما تنجمش تصفيها فرد وقت,5.191999912261963,youtube_FEXMXfZXCmI_5,0.5625
labeled_linagora_cs_arabize,حاجة أخرى را وقت الي نشرب كمية كبيرة ع ما فرد وقت,حاجه اخرى راهو وقت الي نشربه كميه كبيره متاع ماء فرد وقت,4.776000022888184,youtube_FEXMXfZXCmI_6,0.6666666666666666
labeled_linagora_cs_arabize,باش يخفف من لعاب اللي هو الثليف واللي هو معنتها اللعاب متاعنا هذاك عنده,باش يخفف من اللعاب الي هو الساديف والي هو معنتها اللعب متعنا هذاكة عندو,5.935999870300293,youtube_FEXMXfZXCmI_7,0.5714285714285714
labeled_linagora_cs_arabize,دور مهم الغلطة الأخرى اللي انا نراها معنتها ناس تعملها اللي هو ماتشربش الماء وانتي واقف وانتي واقف يبدا بدنك هكا مشدود شوية وحاجة اخرى الكلاوي متاعنا,دور مهم الغلطه الاخرى الي انا نراها معناتها الناس تعملها الي هو ما تشربش الماء وانت واقف وانت واقف يبد بدنك هكة مشدود شويه و حاجه اخرى الكلاوي متعنا,11.911999702453613,youtube_FEXMXfZXCmI_8,0.5517241379310345
labeled_linagora_cs_arabize,ماتخدمش بالجدا وانتي واقف معنتها هي لكلاوي باش تنضف السموم من البدن دل انتي رك باش تعطلها في الخدمة نتاعك ومهيش باش تنضف السموم,متخدمش بالقدي وانت واقف معناتها هيا الكليمي باش تنظف السموم من البدن دونك انت راك باش تعطلها في الخدمه متاعها ما هي ش باش تنظف السموم,9.015999794006348,youtube_FEXMXfZXCmI_9,0.6153846153846154
labeled_linagora_cs_arabize,sebt,سبت,1.2719999551773071,sebt_31097_0,1.0
labeled_linagora_cs_arabize,mninitet felfu,منين ناخذ فلفل,1.7599999904632568,TunSwitchTO_0000082_0000019_0000006_ska_82_19_06_ska_0,1.0
labeled_linagora_cs_arabize,لمجال المؤسسات ماسفلحمش بلشيادة,المجال المؤسساتي ما يسمحلهمش بالشي هاذايا,3.3919999599456787,0000050_0000197_0000001_50_197_1_0,1.0
labeled_linagora_cs_arabize,داى بالحشايشينشط لبدن,التاي بالحشايش ينشط البدن,2.815999984741211,TunSwitchTO_0000094_0000001_0000021_0000001v0000007_94_01_21_1v7_0,1.0
labeled_linagora_cs_arabize,من كل قطعة يكفي وسم معقول ثم منهم الموديل هذا ويتبع منهفه,من كل قطعة يكفي و سومهم معقول فمة منهم المودال هاذا ويتباع منو في تونس,5.464000225067139,TunSwitchTO_0000045_0000019_0000028_am0000003_45_19_28_am3_0,0.6
labeled_linagora_cs_arabize,ما تنجمش في نفيرونمو معين تتعلم,ما تنجمش في انفيرونمون معين تتعلمهم,2.8480000495910645,0000028_0000022_0000003_28_22_3_0,0.3333333333333333
labeled_linagora_cs_arabize,جست كانت الشهر نتاع إنه نفهم روحي وين وإنه بحق نبدا بقد نبدا كنت نقرا ساعتين في النهار,اجستمنت كانت شهر متاع انو نفهم روحي وين و انو بالحق نبدا جوست نبدا كنت نقرا ساعتين في النهار,9.319999694824219,Melekher0000010_0000168_0000000_Melekher10_168_0_0,0.42105263157894735
labeled_linagora_cs_arabize,ويمنحط يا غلبي ما حبونيي,وينو الحب يا قلبي ما حبونيش يا يما,3.1730000972747803,youtube_ofvZ2GE4uoc_0,0.75
labeled_linagora_cs_arabize,نحب نعيش ميحبوش يشوفوني فيالقمة,نحب نعيش ما يحبوش يشوفوني في القمة,3.380000114440918,youtube_ofvZ2GE4uoc_1,0.5714285714285714
labeled_linagora_cs_arabize,احنا اللي سوفرينا ومحكيناش مو شبلاك ⁇,احنا الي سوفرينا و محكيناش مش بلاش,3.4749999046325684,youtube_ofvZ2GE4uoc_2,0.7142857142857143
labeled_linagora_cs_arabize,شنتعبو والرجلة ما خلصتنا,نتعبو و الرجلة ما خلصتناش,2.489000082015991,youtube_ofvZ2GE4uoc_3,0.8
labeled_linagora_cs_arabize,شلفي بين يات,لفي بينا يا دنيا,1.9869999885559082,youtube_ofvZ2GE4uoc_4,1.0
labeled_linagora_cs_arabize,ولا دنيا,آه يا دنيا,1.3170000314712524,youtube_ofvZ2GE4uoc_5,0.6666666666666666
labeled_linagora_cs_arabize,عديناها بضحكة وشكون قلك مابكيناش,عديناها بضحكة و شكون قلك ما بكيناش,2.950000047683716,youtube_ofvZ2GE4uoc_6,0.5714285714285714
labeled_linagora_cs_arabize,جدل别多نية,زيدي لفي يا دنيا,2.072999954223633,youtube_ofvZ2GE4uoc_7,1.0
labeled_linagora_cs_arabize,ه呀多ني,آه يا دنيا,1.305999994277954,youtube_ofvZ2GE4uoc_8,1.0
labeled_linagora_cs_arabize,يلعبنا مانغرناش غير الوقتين عالبون ⁇,كي لعبنا ما نغرناش غير الوقت ينعنبوه,3.191999912261963,youtube_ofvZ2GE4uoc_9,1.0
labeled_linagora_cs_arabize,لفي بينا يد,لفي بينا يا دنيا,1.809999942779541,youtube_ofvZ2GE4uoc_10,0.5
labeled_linagora_cs_arabize,هيادنيا,آه يا دنيا,1.24399995803833,youtube_ofvZ2GE4uoc_11,1.0
labeled_linagora_cs_arabize,عديناها فحكة وشكون قلك مابكيناش,عديناها بضحكة و شكون قلك ما بكيناش,2.8559999465942383,youtube_ofvZ2GE4uoc_12,0.7142857142857143
labeled_linagora_cs_arabize,شيدي لف يا دنيا,زيدي لفي يا دنيا,2.009000062942505,youtube_ofvZ2GE4uoc_13,0.5
labeled_linagora_cs_arabize,هيا دنيا,آه يا دنيا,1.4529999494552612,youtube_ofvZ2GE4uoc_14,0.6666666666666666
labeled_linagora_cs_arabize,يلعبنا منغرناش غير الوقتن علفو,كي لعبنا ما نغرناش غير الوقت ينعنبوه,2.9289000034332275,youtube_ofvZ2GE4uoc_15,0.8571428571428571
labeled_linagora_cs_arabize,我听那不一悲些地,الوقت ينعنبوه ما لقيت باش نعبيه,3.114000082015991,youtube_ofvZ2GE4uoc_16,1.0
labeled_linagora_cs_arabize,عملت الخير ونسوخ ومشافولي بي,عملت الخير و نسوه و ما شافولي بيه,3.138000011444092,youtube_ofvZ2GE4uoc_17,0.75
labeled_linagora_cs_arabize,حبو يالعبو قال بيلعبو ديبي,يحبو يلعبوه قلبي لعبولي بيه,3.0339999198913574,youtube_ofvZ2GE4uoc_18,1.0
labeled_linagora_cs_arabize,بحنصحلي برازعه والعشرة موجزيي,طحين فحليب رضعوه و العشرة مش سنين,3.2960000038146973,youtube_ofvZ2GE4uoc_19,1.0
labeled_linagora_cs_arabize,⁇ ولجن في البنين فعروججر سموم ⁇,و نكمي فالبنين في عروقي جرات سموم,3.36899995803833,youtube_ofvZ2GE4uoc_20,0.8571428571428571
labeled_linagora_cs_arabize,كبوسوموشدريم حرجا لبدرو,كابوس و مش دريم حرقة لبلاد الروم,3.253999948501587,youtube_ofvZ2GE4uoc_21,1.0
labeled_linagora_cs_arabize,يمحقمومشمو,بلاد الياسمين ريحت قمة و مشموم,3.378999948501587,youtube_ofvZ2GE4uoc_22,1.0
labeled_linagora_cs_arabize,حما كوكاين نورملتكد مزبون ⁇,حومة كوكاين نورمال تقدم زبون,3.3380000591278076,youtube_ofvZ2GE4uoc_23,0.8
labeled_linagora_cs_arabize,⁇ فيد مجن 还بشرتعيش مجنو,في بلاد المجانين حربش لا تعيش مجنون,3.2980000972747803,youtube_ofvZ2GE4uoc_24,1.0
labeled_linagora_cs_arabize,ربياوتقابرين وربي معالمازون,ربطية و تكبرين و ربي مع المظلوم,3.36299991607666,youtube_ofvZ2GE4uoc_25,1.0
labeled_linagora_cs_arabize,تخل ف لظريب فيبت كل شي مظروب,نخلص في الضريبة في بلاد كل شي مضروب,3.4079999923706055,youtube_ofvZ2GE4uoc_26,0.75
labeled_linagora_cs_arabize,حكومة تحذب منا ظور لحربو,حكومة تحليبة من ناظور لحربوب,3.2300000190734863,youtube_ofvZ2GE4uoc_27,0.8
labeled_linagora_cs_arabize,غونيتحين مرفوز غونيكزار مفروز,هوني طحين مرفوض هوني قدر مفروض,3.569000005722046,youtube_ofvZ2GE4uoc_28,1.0
labeled_linagora_cs_arabize,ونحوما مدريفش على كل شي مظول,و الحومة ما تريض جعالة كل شي مفضوض,3.1730000972747803,youtube_ofvZ2GE4uoc_29,0.75
labeled_linagora_cs_arabize,دنيا تعطيك فوق فحال يا بابا ربي ⁇,دنيا تعطي كفوف فحل يا بابا ربيت,3.319999933242798,youtube_ofvZ2GE4uoc_30,0.7142857142857143
labeled_linagora_cs_arabize,⁇ هما قلت معروف وانا روح يسلي ⁇,هوما قلة معروف و انا روحي سليت,3.2960000038146973,youtube_ofvZ2GE4uoc_31,1.0
labeled_linagora_cs_arabize,يمنحب يا غلبي ماحبوني يم,وينو الحب يا قلبي ما حبونيش يا يما,3.4140000343322754,youtube_ofvZ2GE4uoc_32,0.875
labeled_linagora_cs_arabize,نحب نعيش مايحبوش يشوفوني في القمة,نحب نعيش ما يحبوش يشوفوني في القمة,3.441999912261963,youtube_ofvZ2GE4uoc_33,0.2857142857142857
labeled_linagora_cs_arabize,أحنا اللي سفرينا ومحكيناش موشبل,احنا الي سوفرينا و محكيناش مش بلاش,3.3529999256134033,youtube_ofvZ2GE4uoc_34,1.0
labeled_linagora_cs_arabize,بش نتعبو والرجلة ما خلصتنا,نتعبو و الرجلة ما خلصتناش,2.5950000286102295,youtube_ofvZ2GE4uoc_35,0.8
labeled_linagora_cs_arabize,لف بنيادوني,لفي بينا يا دنيا,2.007999897003174,youtube_ofvZ2GE4uoc_36,1.0
labeled_linagora_cs_arabize,وا يا دني,آه يا دنيا,1.1699999570846558,youtube_ofvZ2GE4uoc_37,0.6666666666666666
labeled_linagora_cs_arabize,عديناها ضحكة وشكون قلك مابكيناش,عديناها بضحكة و شكون قلك ما بكيناش,2.9079999923706055,youtube_ofvZ2GE4uoc_38,0.7142857142857143
labeled_linagora_cs_arabize,شدليادنيا,زيدي لفي يا دنيا,1.996999979019165,youtube_ofvZ2GE4uoc_39,1.0
labeled_linagora_cs_arabize,هيادنيا,آه يا دنيا,1.3370000123977661,youtube_ofvZ2GE4uoc_40,1.0
labeled_linagora_cs_arabize,بن منغرناش غير الوقتن عف,كي لعبنا ما نغرناش غير الوقت ينعنبوه,3.0309998989105225,youtube_ofvZ2GE4uoc_41,0.8571428571428571
labeled_linagora_cs_arabize,我飞别了呀多年,لفي بينا يا دنيا,1.902999997138977,youtube_ofvZ2GE4uoc_42,1.0
labeled_linagora_cs_arabize,يادنيا,آه يا دنيا,1.0169999599456787,youtube_ofvZ2GE4uoc_43,1.0
labeled_linagora_cs_arabize,⁇ عديناها ضحكة وشكون قلك مابكيناش ⁇,عديناها بضحكة و شكون قلك ما بكيناش,2.993000030517578,youtube_ofvZ2GE4uoc_44,0.8571428571428571
labeled_linagora_cs_arabize,谁的了多年年,زيدي لفي يا دنيا,1.9240000247955322,youtube_ofvZ2GE4uoc_45,1.0
labeled_linagora_cs_arabize,هيادنيا,آه يا دنيا,1.3799999952316284,youtube_ofvZ2GE4uoc_46,1.0
labeled_linagora_cs_arabize,يلعبنا مانغرناش غير الوقتين عالبون,كي لعبنا ما نغرناش غير الوقت ينعنبوه,3.0230000019073486,youtube_ofvZ2GE4uoc_47,0.8571428571428571
labeled_linagora_cs_arabize,هوما خرينا فيه ماكتبلي قرينا فيه,حومة خرينا فيه المكتب لي قرينا فيه,3.0869998931884766,youtube_ofvZ2GE4uoc_48,0.42857142857142855
labeled_linagora_cs_arabize,شيطان قرينا معةه دوبنامشينا فيه,شيطان قرينا معاه دوبلنا مشينا فيه,3.3389999866485596,youtube_ofvZ2GE4uoc_49,0.5
labeled_linagora_cs_arabize,是很体发的我们全白子,شيخة نطير فضاء حومة تشم بيضاء,3.3519999980926514,youtube_ofvZ2GE4uoc_50,1.0
labeled_linagora_cs_arabize,قزمن في قشفي يمطعل برضة,قضاء ما نثيقش فيه يما طالب رضاه,3.507999897003174,youtube_ofvZ2GE4uoc_51,1.0
labeled_linagora_cs_arabize,دون جامايكا غرعايق,تونس جامايكا و ذرية عايقة,3.190999984741211,youtube_ofvZ2GE4uoc_52,0.8
labeled_linagora_cs_arabize,حكومامذيكن يتمجملقة,حكومة مضايقين حيوت مش مليقة,3.371999979019165,youtube_ofvZ2GE4uoc_53,1.0
labeled_linagora_cs_arabize,妈妈么的,ماما مون امور مشيتي سان ريتور,3.265000104904175,youtube_ofvZ2GE4uoc_54,1.0
labeled_linagora_cs_arabize,متوحش سيدة حسين متوحش حايزوهور ⁇,متوحش سيدي حسين متوحش حي الزهور,3.380000114440918,youtube_ofvZ2GE4uoc_55,0.5
labeled_linagora_cs_arabize,تعلمت نتحونقق,تعلمت نطيح و نقوم نزيد نقوم و نطيح,3.316999912261963,youtube_ofvZ2GE4uoc_56,0.875
labeled_linagora_cs_arabize,منفسخبلقوموولكش,و نفسخ بالقوم و ما نوليش كبش نطيح,3.2880001068115234,youtube_ofvZ2GE4uoc_57,1.0
labeled_linagora_cs_arabize,سمعنا الشاب عاقر قتلتنا العقاقر,سمعنا الشاب عقيل قتلتنا العقاقير,3.305999994277954,youtube_ofvZ2GE4uoc_58,0.4
labeled_linagora_cs_arabize,ومازال مازال كرزيك هلقل ⁇,و مازال مازال كرزة ياكل القليل,3.3299999237060547,youtube_ofvZ2GE4uoc_59,0.8333333333333334
labeled_linagora_cs_arabize,قلبي فلاس دير يستنى في استقلال,قلبي فلسطين يستنى في استقلال,3.305999994277954,youtube_ofvZ2GE4uoc_60,0.4
labeled_linagora_cs_arabize,شبارخ بولستيك ضد الاحتلال ⁇,صوارخ باليستيك ضد الاحتلال,3.441999912261963,youtube_ofvZ2GE4uoc_61,0.75
labeled_linagora_cs_arabize,没天حشرو刚一分过ل,ما يطيح السروال كان كيف نبولو,3.371000051498413,youtube_ofvZ2GE4uoc_62,1.0
labeled_linagora_cs_arabize,不可路很们一把放过了,و قالو همال تي فافانكولو,3.13100004196167,youtube_ofvZ2GE4uoc_63,1.0
labeled_linagora_cs_arabize,وننط ياكلبمحكول ايم,وينو الحب يا قلبي ما حبونيش يا يما,3.2230000495910645,youtube_ofvZ2GE4uoc_64,1.0
labeled_linagora_cs_arabize,نحب نعيش ميحبوش يشوفوني فيالقمة,نحب نعيش ما يحبوش يشوفوني في القمة,3.4760000705718994,youtube_ofvZ2GE4uoc_65,0.5714285714285714
labeled_linagora_cs_arabize,احنا اللي سفرينا ومحكيناش م شبلا ⁇,احنا الي سوفرينا و محكيناش مش بلاش,3.434000015258789,youtube_ofvZ2GE4uoc_66,0.8571428571428571
labeled_linagora_cs_arabize,شن تعبو والرجلة ما خلفتناش,نتعبو و الرجلة ما خلصتناش,2.5420000553131104,youtube_ofvZ2GE4uoc_67,0.8
labeled_linagora_cs_arabize,شلف بنا يا دوني,لفي بينا يا دنيا,1.965999960899353,youtube_ofvZ2GE4uoc_68,0.75
labeled_linagora_cs_arabize,هايدلي,آه يا دنيا,1.2330000400543213,youtube_ofvZ2GE4uoc_69,1.0
labeled_linagora_cs_arabize,بعديناهاضحكة وشكون قلت مابكينا,عديناها بضحكة و شكون قلك ما بكيناش,2.7750000953674316,youtube_ofvZ2GE4uoc_70,1.0
labeled_linagora_cs_arabize,谁的ليدني,زيدي لفي يا دنيا,1.9450000524520874,youtube_ofvZ2GE4uoc_71,1.0
labeled_linagora_cs_arabize,ه يادنيا,آه يا دنيا,1.1699999570846558,youtube_ofvZ2GE4uoc_72,1.0
labeled_linagora_cs_arabize,كيلعبنا مانغرناش غير الوقت نعلكو,كي لعبنا ما نغرناش غير الوقت ينعنبوه,3.118000030517578,youtube_ofvZ2GE4uoc_73,0.7142857142857143
labeled_linagora_cs_arabize,رف بينا يادونيا,لفي بينا يا دنيا,2.062999963760376,youtube_ofvZ2GE4uoc_74,0.75
labeled_linagora_cs_arabize,هايادنيا,آه يا دنيا,1.4470000267028809,youtube_ofvZ2GE4uoc_75,1.0
labeled_linagora_cs_arabize,⁇ عديناها اضحكة وشكون قالك مابكيناش,عديناها بضحكة و شكون قلك ما بكيناش,3.0350000858306885,youtube_ofvZ2GE4uoc_76,1.0
labeled_linagora_cs_arabize,شد لبين,زيدي لفي يا دنيا,1.8819999694824219,youtube_ofvZ2GE4uoc_77,1.0
labeled_linagora_cs_arabize,هيا دنيا,آه يا دنيا,1.434999942779541,youtube_ofvZ2GE4uoc_78,0.6666666666666666
labeled_linagora_cs_arabize,يلعبنا مانغرناش غير الوقتينا علبون,كي لعبنا ما نغرناش غير الوقت ينعنبوه,3.0829999446868896,youtube_ofvZ2GE4uoc_79,0.8571428571428571
labeled_linagora_cs_arabize,طبنقودو ست بيهراية حما ترب فبزاية,فافانكولو سد بيه رايك حومة تسربي في بلايك,3.434999942779541,youtube_ofvZ2GE4uoc_80,1.0
labeled_linagora_cs_arabize,تبقى ديما مش فيهم وينا نبقى نحارب بالماي,تبقى ديما مش فاهم و انا نبقى نحارب بالمايك,3.4010000228881836,youtube_ofvZ2GE4uoc_81,0.4444444444444444
labeled_linagora_cs_arabize,مادام لي حكم ناسليك سابيبة غرقة في فلايك,ما دام الي حكمونا شلايك شبيبة غارقة في فلايك,3.256999969482422,youtube_ofvZ2GE4uoc_82,0.7777777777777778
labeled_linagora_cs_arabize,متراك ونفخحنايك وسبولكمك وبايك,متراك و انفخ حنيك و سبولك امك و بيك,3.2750000953674316,youtube_ofvZ2GE4uoc_83,0.8888888888888888
labeled_linagora_cs_arabize,كغيبيسيقومقو ضاري قدرك عاليلوميما,كلاب يسبو امك و بيك قدرك عالي يا لميمة,3.309000015258789,youtube_ofvZ2GE4uoc_84,0.8888888888888888
labeled_linagora_cs_arabize,هوازي ولي وايق تبقى غالب بديم,هو عاصي والديه و عايق تبقى غالي بابا ديما,3.1389999389648438,youtube_ofvZ2GE4uoc_85,0.8888888888888888
labeled_linagora_cs_arabize,ولا بهين شايخ ببهيمة جيعانو تحبواليمة,و البهيم شايخ ببهيمة جيعان و طاح بوليمة,3.546999931335449,youtube_ofvZ2GE4uoc_86,0.75
labeled_linagora_cs_arabize,شيخكم مهوشي راسول ومرضعشي من عنتحاليم,شيخكم ماهوشي رسول و ما رضعشي من عند حليمة,3.2950000762939453,youtube_ofvZ2GE4uoc_87,0.7777777777777778
labeled_linagora_cs_arabize,ل مرضاشيعنتحادما هو الي عقل ول,لا ما رضعشي عند حليمة هو الي عاق الولادة,3.4030001163482666,youtube_ofvZ2GE4uoc_88,0.7777777777777778
labeled_linagora_cs_arabize,جدودكم كانوا قوادة واحنا جدودنا كانوا فلاقة,جدودكم كانو قوادة و احنا جدودنا كانو فلاقة,3.431999921798706,youtube_ofvZ2GE4uoc_89,0.5
labeled_linagora_cs_arabize,وعايشينبزوزوجو هاربوطلبالوجو,و عايشين بزوز وجوه هارب و طالب اللجوء,3.1489999294281006,youtube_ofvZ2GE4uoc_90,1.0
labeled_linagora_cs_arabize,لحكوب ربي و النيدي وشفنا منهم كان الفجور,حكاو بربي و النبي و شفنا منهم كان الفجور,3.2360000610351562,youtube_ofvZ2GE4uoc_91,0.5555555555555556
labeled_linagora_cs_arabize,شفنا منم كان خيانة حبس ولا جبانا,شفنا منهم كان الخيانة حبس ولا جبانة,3.6419999599456787,youtube_ofvZ2GE4uoc_92,0.42857142857142855
labeled_linagora_cs_arabize,عبو شوف بوس خدني أحسبكم ربي يوم القيامة,عبو جيوب بوسخ الدنيا حسيبهم ربي يوم القيامة,3.1630001068115234,youtube_ofvZ2GE4uoc_93,0.5
labeled_linagora_cs_arabize,ولاد الحومة ماتو في بحر يا بلاديشبكتير,ولاد الحومة ماتو في بحر يا بلادي شبكيتي رجال,3.2119998931884766,youtube_ofvZ2GE4uoc_94,0.3333333333333333
labeled_linagora_cs_arabize,لستنيت المهدي المنتظر سعلكم مسيح الدجال,ستنيتو المهدي المنتظر طلعلكم المسيح الدجال,3.36899995803833,youtube_ofvZ2GE4uoc_95,0.5
labeled_linagora_cs_arabize,ويملحب يا دلبيمحبولي,وينو الحب يا قلبي ما حبونيش يا يما,3.0940001010894775,youtube_ofvZ2GE4uoc_96,0.875
labeled_linagora_cs_arabize,نحب نعيش ميحبوش يشوفوني فالقمة,نحب نعيش ما يحبوش يشوفوني في القمة,3.4030001163482666,youtube_ofvZ2GE4uoc_97,0.5714285714285714
labeled_linagora_cs_arabize,حنا لي سفرينا ومحكيناش موشبلا,احنا الي سوفرينا و محكيناش مش بلاش,3.4210000038146973,youtube_ofvZ2GE4uoc_98,1.0
labeled_linagora_cs_arabize,بشنتعبو والرجلة ما خلصتنا,نتعبو و الرجلة ما خلصتناش,2.625999927520752,youtube_ofvZ2GE4uoc_99,0.8
labeled_linagora_cs_arabize,شلفني بين هياتني,لفي بينا يا دنيا,2.0,youtube_ofvZ2GE4uoc_100,1.0
labeled_linagora_cs_arabize,هيا دنيا,آه يا دنيا,1.3270000219345093,youtube_ofvZ2GE4uoc_101,0.6666666666666666
labeled_linagora_cs_arabize,عديناها بضحكة وشكون قلك مابكيناه,عديناها بضحكة و شكون قلك ما بكيناش,2.928999900817871,youtube_ofvZ2GE4uoc_102,0.5714285714285714
labeled_linagora_cs_arabize,شيدي لب يا دنيا,زيدي لفي يا دنيا,2.052000045776367,youtube_ofvZ2GE4uoc_103,0.5
labeled_linagora_cs_arabize,هيا دنيا,آه يا دنيا,1.3589999675750732,youtube_ofvZ2GE4uoc_104,0.6666666666666666
labeled_linagora_cs_arabize,يلعبنا منغرناش غير الوقتن علفون,كي لعبنا ما نغرناش غير الوقت ينعنبوه,3.0920000076293945,youtube_ofvZ2GE4uoc_105,0.8571428571428571
labeled_linagora_cs_arabize,我对飞بنيادوني,لفي بينا يا دنيا,1.996999979019165,youtube_ofvZ2GE4uoc_106,1.0
labeled_linagora_cs_arabize,قال دنيا,آه يا دنيا,1.4140000343322754,youtube_ofvZ2GE4uoc_107,0.6666666666666666
labeled_linagora_cs_arabize,عديناها بضحكة وشكون قلك مابكيناش,عديناها بضحكة و شكون قلك ما بكيناش,2.931999921798706,youtube_ofvZ2GE4uoc_108,0.5714285714285714
labeled_linagora_cs_arabize,شدل不多نيا,زيدي لفي يا دنيا,1.9739999771118164,youtube_ofvZ2GE4uoc_109,1.0
labeled_linagora_cs_arabize,هه يا دنيا,آه يا دنيا,1.2740000486373901,youtube_ofvZ2GE4uoc_110,0.3333333333333333
labeled_linagora_cs_arabize,لعبن منغرناش غير الوقتن علف,كي لعبنا ما نغرناش غير الوقت ينعنبوه,3.1600000858306885,youtube_ofvZ2GE4uoc_111,0.8571428571428571
labeled_linagora_cs_arabize,الجاير,الجاير,0.8560000061988831,ar--2203_1.wav_2203_1_0,0.0
labeled_linagora_cs_arabize,واي هو اخبار كان طبيب ميحبش ريما تسمعه لكن على غالب قاللها طبيب الحل وحيد لايقاف النازيف هو استئصال الرحم عملية قالت ريما م الول مستحيل تعملها بما انها ا تولي معدش قادرة وانه جيب صغار لكنها للاسف شديد م كن قاد,و الي هو اخبار كان طبيب ما يحبش ريما تسمعه لكن الله غالب قال لها طبيب الحل الوحيد لايقاف النزيف هو استئصال الرحم عمليه قالت ريما من الاول مستحيل تعملها بما انها باش تولي ما عاد ش قادره وانها تجيب صغار لكنها للاسف الشديد ما كانتش قادره,14.239999771118164,segment_0000432_segment_432_0,0.48936170212765956
labeled_linagora_cs_arabize,ihu,يشوف,0.9679999947547913,ar--1444_0.75.wav_1444_0.75_0,1.0
labeled_linagora_cs_arabize,تحس l y a vraiment du travail derrière l y a vraيment une équيpe,تحس الي يل واي ا فريمون دو ترافاي ديريير يل واي ا فريمون ان ايكيب,4.656000137329102,0000041_0000050_0000003_41_50_3_0,0.9333333333333333
labeled_linagora_cs_arabize,منا cretه الحكاية بالرسمي تصدمت,معناها كي ريتها الحكاية بالرسمي تصدمت,1.815999984741211,amenyKH_Personnalité_Multiple_HM_E0000001_denoised_Sync0000032_no_speaker_0000057.0000096_0000059.0000082_Personnalité_Multiple_HM_E1_denoised_Sync032_no_speaker_57.96_59.82_0,0.5
labeled_linagora_cs_arabize,ونسمع,و نسمع,1.184000015258789,0000022_0000199_22_199_0,1.0
labeled_linagora_cs_arabize,ستم ديكاتيف خايب وحتى كان خايب الحق معناها خيب من الخايب عرفه,سيستام ايدوكاتيف خايب و حتى كان خايب بالحق معناها اخيب من الخايب عرفت,5.576000213623047,0000072_0000010_0000000_72_10_0_0,0.5384615384615384
labeled_linagora_cs_arabize,مخلينا معناتها إحنا نخدمه صحيح في نفس الخدمة,مخلينا معناتها احنا نخدموا صحيح في نفس الخدمة,2.9040000438690186,amenyKH_Hkayet_Tounsia_S0000002_Episode_0000028_0000026_0000003_0002018_Partie_0000003_Sync0000032_no_speaker_0000171.0000023_0000174.0000015_Hkayet_Tounsia_S02_Episode_28_26_03_2018_Partie_03_Sync032_no_speaker_171.23_174.15_0,0.25
labeled_linagora_cs_arabize,ostap romantيciz ning toxicييmtlba وl,و ستوب رومانتايزينق توكسيسيتي متاع ال باك و ال,3.9679999351501465,0000070_0000013_0000001_70_13_1_0,1.0
labeled_linagora_cs_arabize,سلام وتبعوني واشتركو في قناتي بشوصكم جديد الفديوي,وبالسلامه و تبعوني واشتركوا في قناتي باش يصلكم جديد الفيديوهات,4.943999767303467,segment_0001001_segment_1001_0,0.7
labeled_linagora_cs_arabize,الإجنيز,الكريز,0.5199999809265137,ar--1998_1.5.wav_1998_1.5_0,1.0
labeled_linagora_cs_arabize,حليش باش خلص,و كيفاش باش تخلص,1.0,ar--3565_1.5.wav_3565_1.5_0,0.75
labeled_linagora_cs_arabize,سلمان منا آل البيت,سلمان منا آل البيت,2.74399995803833,amenyKH_0000001_chunk_0000118_001_chunk_118_0,0.0
labeled_linagora_cs_arabize,حقوي رياذة موجود شكريتي في تونس,بالحق خويا رياض راهو موجودة السيكيرتي في تونس,2.135999917984009,amenyKH_0000007_chunk_0000126_007_chunk_126_0,0.75
labeled_linagora_cs_arabize,صحيح خسارة مافماش الحم جاج معاه,صحيح خسارة ما فماش لحم دجاج معاه,10.815999984741211,ar--3051_0.75.wav_3051_0.75_0,0.5714285714285714
labeled_linagora_cs_arabize,الحل,الحلم,0.7440000176429749,ar--1999_0.75.wav_1999_0.75_0,1.0
labeled_linagora_cs_arabize,ك نعدل اول سؤال باش نسألهولك من عند رحمة هو,اوديونس دونك نتعداوا لل بارتي كيو اند ا اول سؤال باش نسالهولك من عند رحمة هو,10.32800006866455,0000035_0000159_0000000_35_159_0_0,0.5625
labeled_linagora_cs_arabize,ل انا معدش عندي مانعمل نمش ندبر خدمةع,يلا انا معادش عندي ما نعمل نمشي ندبر خدمة و الله نكذب عليك,3.808000087738037,0000026_0000049_0000001_26_49_1_0,0.7692307692307693
labeled_linagora_cs_arabize,نشوفو كميات المهولة تا,كنشوفوا الكميات المهولة متاع,1.9520000219345093,amenyKH_0000006_0000006_0002012_partie0000006_chunk_0000239_06_06_2012_partie6_chunk_239_0,0.75
labeled_linagora_cs_arabize,التأمين برشا فيالي يسمعو فينا قايم بمحضر معنتا التأمين نتاعو وعارف الي هو فم توجه نحو التأمين باش يحافظو على مستوى العيش للناس الي ما تعرفش وتوا قاعدة تتبع فينا وقاعدة تسمع هل التأمين على الحياة,التامين برشا في الي يسمعوا فينا قايم محضر معنتها التامين متاعو وعارف الي هو فمة توجه نحو التامين باش يحافظ على مستوى العيش للناس الي ما تعرفش وتوا قاعده اتبع فينا وقعده تسمع هل التامين على الحياه هل,13.97599983215332,segment_0000896_segment_896_0,0.4473684210526316
labeled_linagora_cs_arabize,كايني فريند وجيت نحكيلكم معناها عالكتبرة متاعي وشني خرجت منها نتمنى لي الكتبرنة متاعي فادتكم في حاجة,كايني ا فريند و جيت نحكيلكم معناها عال اكسبيريونس متاعي و شنيا خرجت منها نتمنى الي ليكسبيريونس متاعي فادتكم في حاجة,7.440000057220459,0000072_0000156_0000000_72_156_0_0,0.42857142857142855
labeled_linagora_cs_arabize,مع在فيح,ماو عارفينها بلاد فلاحة,2.0,youtube_MkKS92uYuA4_0,1.0
labeled_linagora_cs_arabize,ديما يبقى المشكل في القبيحة,ديما يبقى المشكل في القباحة,2.4089999198913574,youtube_MkKS92uYuA4_1,0.2
labeled_linagora_cs_arabize,مخميا شلاحة,مخي ما يعرفش الراحة,1.878000020980835,youtube_MkKS92uYuA4_2,1.0
labeled_linagora_cs_arabize,还لبكمنيوت بتف哈,محلب كيما نيوتن بالتفاحة,2.492000102996826,youtube_MkKS92uYuA4_3,1.0
labeled_linagora_cs_arabize,تبجوك بعمل مساحة,عاملهم صحاح كابيبون كابي,2.6589999198913574,youtube_MkKS92uYuA4_4,1.0
labeled_linagora_cs_arabize,ديما يقصل مشكل في الخباحة,و ديما يبق المشكل في القباحة,2.3610000610351562,youtube_MkKS92uYuA4_5,0.6666666666666666
labeled_linagora_cs_arabize,ورمنا,بات اي نو,0.7250000238418579,youtube_MkKS92uYuA4_6,1.0
labeled_linagora_cs_arabize,مخماشراحة,مخي ما يعرفش الراحة,2.0,youtube_MkKS92uYuA4_7,1.0
labeled_linagora_cs_arabize,حلفق منيوت بتفاحة,محلب كيما نيوتن بالتفاحة,2.6050000190734863,youtube_MkKS92uYuA4_8,1.0
labeled_linagora_cs_arabize,ركز عن فولاطموحيفتلي بلفو,بلافون طموحي فات فولون راكز عال,2.546999931335449,youtube_MkKS92uYuA4_9,1.0
labeled_linagora_cs_arabize,أsnabograرzero mلبs nشl wv,لوي فويطون عشنا فقراء رجال و ما لبسناش,2.5399999618530273,youtube_MkKS92uYuA4_10,1.0
labeled_linagora_cs_arabize,وضحكيم الشمس مرجيكاملي,كامليون واضح كيما الشمس و ما نيشي,3.13700008392334,youtube_MkKS92uYuA4_11,0.8571428571428571
labeled_linagora_cs_arabize,يانشفر بذوق ونشكل بذوق ماتوت,ما نا ش فرد ذوق ما ني ش كلب سوق ما تلونتش,3.0829999446868896,youtube_MkKS92uYuA4_12,1.0
labeled_linagora_cs_arabize,ف个مف国طيربي跟رم,نشوف فيكم من فوق و طاير بيك نروق و ما كونتش,3.1410000324249268,youtube_MkKS92uYuA4_13,1.0
labeled_linagora_cs_arabize,فتحنسح وحلمخنح ما سلمت,في الطحانة نسوق و واحل مخنوق و ما سلمتش,2.9839999675750732,youtube_MkKS92uYuA4_14,0.8888888888888888
labeled_linagora_cs_arabize,شمتمتش فيالمصروق مكليتي الشهقوق مندندي,ما طمعتش في المسروق ما كليتش حقوق ما ندمتش,3.1559998989105225,youtube_MkKS92uYuA4_15,1.0
labeled_linagora_cs_arabize,كلا سقسي وين سرحت وين خبيت,كلها تسقسي وين سرحت وين غبرت,2.808000087738037,youtube_MkKS92uYuA4_16,0.5
labeled_linagora_cs_arabize,ففتفين فيلوجاي خبلش منقبراهفر,ندفن في الوجايع قداش من قبر حفرت,3.061000108718872,youtube_MkKS92uYuA4_17,1.0
labeled_linagora_cs_arabize,قتشربحت وخسارت جردشتخدارت,قداش ربحت و خسرت قداش تغدرت,3.371000051498413,youtube_MkKS92uYuA4_18,1.0
labeled_linagora_cs_arabize,الخطوة بحساب معمري ما صور تروح ياك,كل خطوة بحساب اما عمري ما تصورت روحي هكا,3.7799999713897705,youtube_MkKS92uYuA4_19,0.7777777777777778
labeled_linagora_cs_arabize,كيجمع ل نشد البغض وما نتشاك,كي الجمل نشد البغض و ما نتشكى,2.9100000858306885,youtube_MkKS92uYuA4_20,0.7142857142857143
labeled_linagora_cs_arabize,الوالد ماتو ما عنديش علش نبتاك,الوالد مات و ما عنديش علاش نتكا,2.7160000801086426,youtube_MkKS92uYuA4_21,0.5714285714285714
labeled_linagora_cs_arabize,مصوسييشو كان بلورة والفك,نعيش مع زنوس يعيشو كان بالغورة و الفكا,2.9070000648498535,youtube_MkKS92uYuA4_22,0.875
labeled_linagora_cs_arabize,جلوب اللي غلطنا عمرنا مخرجنا ع السي,رجال و بلي غلطنا عمرنا ما خرجنا عالسكة,3.056999921798706,youtube_MkKS92uYuA4_23,0.75
labeled_linagora_cs_arabize,بعفينا بلاد فريحة,ماو عارفينها بلاد فلاحة,2.187999963760376,youtube_MkKS92uYuA4_24,0.75
labeled_linagora_cs_arabize,بما يبقى الوصفر ف الأخباحة,ديما يبقى المشكل في القباحة,2.4639999866485596,youtube_MkKS92uYuA4_25,0.8
labeled_linagora_cs_arabize,مخرميشلاح,مخي ما يعرفش الراحة,2.0950000286102295,youtube_MkKS92uYuA4_26,1.0
labeled_linagora_cs_arabize,هلبقيمانيوتل بتفاحة,محلب كيما نيوتن بالتفاحة,2.5510001182556152,youtube_MkKS92uYuA4_27,1.0
labeled_linagora_cs_arabize,تببك别عملمسح,عاملهم صحاح كابيبون كابي,2.734999895095825,youtube_MkKS92uYuA4_28,1.0
labeled_linagora_cs_arabize,ديما يبط المشكل في اللباحة,و ديما يبق المشكل في القباحة,2.7339999675750732,youtube_MkKS92uYuA4_29,0.5
labeled_linagora_cs_arabize,وخوا اشراحة,مخي ما يعرفش الراحة,2.0,youtube_MkKS92uYuA4_30,1.0
labeled_linagora_cs_arabize,حلفجي مانيوتن بتفاحة,محلب كيما نيوتن بالتفاحة,2.6700000762939453,youtube_MkKS92uYuA4_31,1.0
labeled_linagora_cs_arabize,ورت المرازيروتنني فلام اقتل بتمارن,وقت المورال زيروات انا ثنيا ضلام لقيت البييق ديمارينا,2.868000030517578,youtube_MkKS92uYuA4_32,1.0
labeled_linagora_cs_arabize,خالولي ترافي شتولي شيبل ديدي يحد راح يسامعني هنا,قالولي ترابي شتوليشي بلطي يا ولدي اقعد رايض سيب علينا,3.187999963760376,youtube_MkKS92uYuA4_33,1.0
labeled_linagora_cs_arabize,كنتفي تو كل أصحابي كل تقدر كل تحب جينا,توا كلها صحابي كلها تقدر كلها تحب تجينا فان كنت,3.065000057220459,youtube_MkKS92uYuA4_34,0.9
labeled_linagora_cs_arabize,يدين فوق ال سني بلا ترف قلميكيسكين,فوق العشرة سنين بلاد تعرف قلمي كي السكينة قود دام,2.9809999465942383,youtube_MkKS92uYuA4_35,1.0
labeled_linagora_cs_arabize,موذف المريخ  ي,طموحاتي في المريخ انا يوفا ليلي عالمستقبل نتقتل,2.86899995803833,youtube_MkKS92uYuA4_36,0.875
labeled_linagora_cs_arabize,ربلش النربن نددىفبيت رسلكيزورو خصبطل,بين اندادي فايت ظهروا سناني كي الضروف قاتلي بطل ريفولوشناري,3.5429999828338623,youtube_MkKS92uYuA4_37,1.0
labeled_linagora_cs_arabize,يل مسهورة,ملة مسحورة,0.7559999823570251,youtube_MkKS92uYuA4_38,1.0
labeled_linagora_cs_arabize,تلفلقيتجيع المعدل,تتلف القراية و تجري عالمعدل,1.5820000171661377,youtube_MkKS92uYuA4_39,1.0
labeled_linagora_cs_arabize,مم بالعاطفة تتطل معبريدمشي بكع شريد ترا تتبدل,تخمم بالعاطفة تتعطل مع بنادم شايفك عجالي تتهرى تتبدل,3.385999917984009,youtube_MkKS92uYuA4_40,0.7777777777777778
labeled_linagora_cs_arabize,لزجال,توجعت,0.8659999966621399,youtube_MkKS92uYuA4_41,1.0
labeled_linagora_cs_arabize,مانسيتش,ما نسيتش,0.7599999904632568,youtube_MkKS92uYuA4_42,1.0
labeled_linagora_cs_arabize,ش,كي شعلت,0.7549999952316284,youtube_MkKS92uYuA4_43,1.0
labeled_linagora_cs_arabize,كمل,كملت,0.6330000162124634,youtube_MkKS92uYuA4_44,1.0
labeled_linagora_cs_arabize,عز ترتني بتحانة مانافخت اشملزوني متا,عديت راسي بالطحانة ما نافقتش اما لزوني مثلت,3.0980000495910645,youtube_MkKS92uYuA4_45,1.0
labeled_linagora_cs_arabize,اسمع,كي سمعت,0.6489999890327454,youtube_MkKS92uYuA4_46,1.0
labeled_linagora_cs_arabize,عدي,عديت,0.7490000128746033,youtube_MkKS92uYuA4_47,1.0
labeled_linagora_cs_arabize,,جاوبت,0.6830000281333923,youtube_MkKS92uYuA4_48,1.0
labeled_linagora_cs_arabize,كمل,كي عملت,0.8629999756813049,youtube_MkKS92uYuA4_49,1.0
labeled_linagora_cs_arabize,ت خاي جت بلسيلي كيف ترافي ب ترافي فجبن,ناس تستخايل جات بالساهل اي كيفنا ترابي باز ترابي في الجبن,2.9000000953674316,youtube_MkKS92uYuA4_50,1.0
labeled_linagora_cs_arabize,حبو صرفناجيفقس,حبو الصرف و انا نجيب في قسمي,1.4190000295639038,youtube_MkKS92uYuA4_51,0.8571428571428571
labeled_linagora_cs_arabize,وقتلعت الصاحبة مش برسم,وقت العط الصحبة مش بالرسمي,1.3380000591278076,youtube_MkKS92uYuA4_52,0.8
labeled_linagora_cs_arabize,كفروبيا كيف طول تريقي,كفروا بيا كيف طوال طريقي,1.4299999475479126,youtube_MkKS92uYuA4_53,0.8
labeled_linagora_cs_arabize,حبو نذل ي غية مسطبش,حبو نذل ياخي طمزت بخشمي,1.3839999437332153,youtube_MkKS92uYuA4_54,0.6
labeled_linagora_cs_arabize,متبدلتش ديما عدز الموش ماني ديما نقول ماني ديما نغلي,ما تبدلتش ديما عكس الموج ماني ديما نقول ماني ديما نغلي,3.302000045776367,youtube_MkKS92uYuA4_55,0.36363636363636365
labeled_linagora_cs_arabize,وقت يقمشفي بلمكالي قلت راياسيودة ياخي تلعون,وقت الضيق مشا فيبالي مكالي قلت ورايا صيودا ياخي طلعو,2.7179999351501465,youtube_MkKS92uYuA4_56,0.7
labeled_linagora_cs_arabize,爸بلوص你م的وي什,بابا لي وصاني ما نضويش,2.068000078201294,youtube_MkKS92uYuA4_57,1.0
labeled_linagora_cs_arabize,زرت ماتحكي جودفيقة مطادي,سرك ما تحكش ولدي الثيقة ما تعطيش,2.819999933242798,youtube_MkKS92uYuA4_58,1.0
labeled_linagora_cs_arabize,فكن مسالكندون وكنطي,في بلاد ما ساهل كان الدوني و كان الطيش,2.739000082015991,youtube_MkKS92uYuA4_59,1.0
labeled_linagora_cs_arabize,يجوانا اللي اخترت لعيشمسرجيق الميخاراتي,و انا لي خترت نعيش مشرجي قلمي خراطيش,3.118000030517578,youtube_MkKS92uYuA4_60,1.0
labeled_linagora_cs_arabize,ي,يا يا,0.7639999985694885,youtube_MkKS92uYuA4_61,1.0
labeled_linagora_cs_arabize,سه لبيلو ماعنديش خارج من فريش ونعمل فلي مايجيش,وسع البال و ما عنديش خارج منها فريش و نعمل فالي ما يجيش,5.238999843597412,youtube_MkKS92uYuA4_62,0.8461538461538461
labeled_linagora_cs_arabize,هيي,يا يا,1.2920000553131104,youtube_MkKS92uYuA4_63,1.0
labeled_linagora_cs_arabize,معرفوني تاقت فيش كلتورات نفتيش حنوشسنعة تلجي,معارف هوني تقضيش كل دورة تفتيش حنوشة الصنعة تلكيش,5.26200008392334,youtube_MkKS92uYuA4_64,1.0
labeled_linagora_cs_arabize,هي,يا يا,0.7670000195503235,youtube_MkKS92uYuA4_65,1.0
labeled_linagora_cs_arabize,سنسنابل م حنا حتى كلمنا تبحنا,ستانسنا بالمحنا حتا كلامنا ذبحنا,2.5439999103546143,youtube_MkKS92uYuA4_66,1.2
labeled_linagora_cs_arabize,شعران اللي نصحنا من هزوش طاحنا,الشارع الي نصحنا ما نهزوش الطحنة,2.5969998836517334,youtube_MkKS92uYuA4_67,0.8333333333333334
labeled_linagora_cs_arabize,نشكرنا لمدحنا فيغردنا صلح,لا شكرنا لا مدحنا و كي غلطنا صلحنا,2.1419999599456787,youtube_MkKS92uYuA4_68,1.0
labeled_linagora_cs_arabize,حنا وصتحومنا اللي تكسحنا,وسط حومنا لي تكسحنا نحنا تعبنا و جبنا اطراحنا,2.5169999599456787,youtube_MkKS92uYuA4_69,0.8888888888888888
labeled_linagora_cs_arabize,ح,ماو عارفينها بلاد فلاحة,2.0,youtube_MkKS92uYuA4_70,1.0
labeled_linagora_cs_arabize,ياطلم المشكل فالخبيح,يبقى ديما المشكل في القباحة,2.187000036239624,youtube_MkKS92uYuA4_71,0.8
labeled_linagora_cs_arabize,انامخي مايعرفش الراحة,مخي ما يعرفش الراحة بات اي نو,2.569000005722046,youtube_MkKS92uYuA4_72,0.8571428571428571
labeled_linagora_cs_arabize,علبك منيوتم باتفاحة,محلب كيما نيوتن بالتفاحة,2.371999979019165,youtube_MkKS92uYuA4_73,1.0
labeled_linagora_cs_arabize,يبيبوك بعمل مصحاحة,عاملهم صحاح كابيبون كابي,2.61299991607666,youtube_MkKS92uYuA4_74,1.0
labeled_linagora_cs_arabize,يبغى ديم المشكل في الأخباحة,يبقى ديما المشكل في القباحة,2.194999933242798,youtube_MkKS92uYuA4_75,0.6
labeled_linagora_cs_arabize,قر نونخ مايعرفش الراحة,مخي ما يعرفش الراحة بات اي نو,2.5739998817443848,youtube_MkKS92uYuA4_76,0.8571428571428571
labeled_linagora_cs_arabize,حلبكيم نيوتن بالتفاحة,محلب كيما نيوتن بالتفاحة,2.4660000801086426,youtube_MkKS92uYuA4_77,0.5
labeled_linagora_cs_arabize,مريغرين وحدة وحدة تلقى عرفتك لي ساعات يضربك الذنب تحس بالذنب وماخدمتش لكل,مريقلين واحدة واحدة تلقى عرفت اكاللي ساعات يضربك الذنب تحس بالذنب و ما خدمتش و كل,5.863999843597412,0000027_0000380_0000001_27_380_1_0,0.625
labeled_linagora_cs_arabize,사ي,يطيب,0.7360000014305115,ar--1687_1.25.wav_1687_1.25_0,1.0
labeled_linagora_cs_arabize,إي استنى أنا باش نجيب غولك,ايه استنى انا باش نجيبهولك,2.359999895095825,TunSwitchTO_0000041_0000019_0000027_fkm_41_19_27_fkm_0,0.8
labeled_linagora_cs_arabize,ونتشاوروا فيه و نتناقشوا فيه و نستبطنوه و نستملكوه و ناخذوا فيه الوق,ونتشاوروا فيه ونتناقشوا فيه ونستبطنوه ونستملكوه وناخذوا فيه الوقت,3.7279999256134033,amenyKH_0000002_chunk_0000104_002_chunk_104_0,1.0
labeled_linagora_cs_arabize,الخاتم,الخاتم,1.0160000324249268,ar--1919_0.75.wav_1919_0.75_0,0.0
labeled_linagora_cs_arabize,النسي,الكنيسية,0.6079999804496765,ar--1416_1.5.wav_1416_1.5_0,1.0
labeled_linagora_cs_arabize,الانتخابات والتجمع بداو يقضيو عليه وإن شاء الله تونس تقعد عز البلدان,الانتخابات و التجمع بداو يقضيو عليه و ان شاء الله تونس تقعد عز البلدان,4.808000087738037,TunSwitchTO_0000058_0000019_0000059_0000007w0000005_58_19_59_7w5_0,0.2857142857142857
labeled_linagora_cs_arabize,والكاتجورية متاع سودا السود معمولة على الرجل الاسود,و ال كاتيغوري متاع السوداء السود معمولة على الراجل الاسود دونك,5.056000232696533,0000050_0000128_0000000_50_128_0_0,0.5454545454545454
labeled_linagora_cs_arabize,درog,الترانش,0.7120000123977661,ar--2104_1.25.wav_2104_1.25_0,1.0
labeled_linagora_cs_arabize,نحب كويس جاك دانيات,نحب كويس جاك دانيالز,1.6480000019073486,TunSwitchTO_0000055_0000014_0000025_xr0000007_55_14_25_xr7_0,0.25
labeled_linagora_cs_arabize,تول قالتين باش نعمل الفورمولا,توا ما بقالي كان باش نعمر الفورمولار,1.9600000381469727,ar--3564_1.5.wav_3564_1.5_0,0.8571428571428571
labeled_linagora_cs_arabize,ks rيsي قاw اkw,كياس رئيسي وقهاوي اكهو,1.5679999589920044,amenyKH_tataouine__for_acoustic_analysis_Sync0000008_no_speaker_0000172.0000074_0000174.0000046_tataouine__for_acoustic_analysis_Sync008_no_speaker_172.74_174.46_0,1.0
labeled_linagora_cs_arabize,التصور,التصور,1.312000036239624,ar--2228_0.75.wav_2228_0.75_0,0.0
labeled_linagora_cs_arabize,و ف كي ننجم نقول معناها,اوفرستريس مايسلف كان انجم نقول معناها,4.064000129699707,0000073_0000129_0000001_73_129_1_0,0.6666666666666666
labeled_linagora_cs_arabize,mnاha chnon le vrai problème ou le besoin de cette cible là et comment lui adresser la meilleure solution,معناها شنوا لي فراي بروبلام او لي بزوان دي سيت سيبل لا اي كومون لوي ا ادريسي لا مييور سولوسيون,6.199999809265137,0000013_0000060_13_60_0,1.0
labeled_linagora_cs_arabize,الدي,القيد,0.5040000081062317,ar--1760_1.5.wav_1760_1.5_0,1.0
labeled_linagora_cs_arabize,نحاولو nفيت اينتrnاشيونال بranد,نحاولوا اون افيت انترناسيونال براندز,3.7360000610351562,0000053_0000050_0000001_53_50_1_0,1.0
labeled_linagora_cs_arabize,是给光حشس在 ه的دي,اهلا عيشة جبتلك معايا حاجة نسيت لهدية عندي,2.368000030517578,ar--3467_1.5.wav_3467_1.5_0,1.0
labeled_linagora_cs_arabize,هذاي باذات متاع السوشيال ميديا تاع لشوا موجود عىلخر,هاذايا بالذات متاع سوشيال ميديا متاع لي شوا موجود عالاخر هذاكة هو اما ايست سي كي,5.119999885559082,0000039_0000038_0000001_39_38_1_0,0.8125
labeled_linagora_cs_arabize,بالحد الأدنى إذا كان,بالحد ال الادنى اذا كان,2.0160000324249268,amenyKH_0000006_0000006_0002012_partie0000006_chunk_0000181_06_06_2012_partie6_chunk_181_0,0.6
labeled_linagora_cs_arabize,الخوف,الخوف,0.7519999742507935,ar--1933_0.75.wav_1933_0.75_0,0.0
labeled_linagora_cs_arabize,بعد ما تشق الصحاري,بعد ما تشق الصحاري,1.2400000095367432,0000019_0000012_19_12_0,0.0
labeled_linagora_cs_arabize,الاختصاص,الاختصاص,1.6080000400543213,ar--1676_0.75.wav_1676_0.75_0,0.0
labeled_linagora_cs_arabize,لانغار,لانقار,0.7360000014305115,ar--1282_1.wav_1282_1_0,1.0
labeled_linagora_cs_arabize,صلت انتمشيت لبرا  وعشت لبرا وبعدت على و  نتاعك  خدمت على روحك قبل معتهامرف في حياتك قبل يحياتك الشخصية الي رد معها تحب تمش لبر تحبكس,ما وصلت انت مشيت البرا و و عشت البرا و بعدت على ال زون دي كونفور متاعك سي كي خدمت على روحك قبل معنتها سي كي صار شيفت في حياتك قبل في حياتك الشخصية الي ردك معنتها تحب تمشي البرا تحب,12.008000373840332,0000035_0000038_0000000_35_38_0_0,0.7317073170731707
labeled_linagora_cs_arabize,مو يجيبو توقيع لإغلاق الصفحة لكن كمان ينفخ لتحريك الجبل,ادارة الموقع جيبو توقيع لاغلاق الصفحة لكن كمن ينفخ لتحريك الجبل,5.047999858856201,TunSwitchTO_0000018_0000022_0000015_0000001px_18_22_15_1px_0,0.45454545454545453
labeled_linagora_cs_arabize,مشاو الزوز للجهة اللي جاي منها الصوت,مشاو الزوز لجيهة الي جاي منها الصوت,4.415999889373779,ar--3473_0.75.wav_3473_0.75_0,0.2857142857142857
labeled_linagora_cs_arabize,ولا نملي ندا لور  مبعد ون لومبا منت تقول شنوا هذا,ولا نورماليزي ديزان الور كي بعد وين لوكينق باك معناتها تقول شنوا هاذا,6.895999908447266,0000027_0000152_0000000_27_152_0_0,0.7692307692307693
labeled_linagora_cs_arabize,kalaaamumia makis,نكلم في عيادة عمومية عند ماكيس,2.552000045776367,TunSwitchTO_0000040_0000022_0000020_zm0000005_40_22_20_zm5_0,1.0
labeled_linagora_cs_arabize,arvamě,اربعمياة,1.3040000200271606,arb3emya_31341_0,1.0
labeled_linagora_cs_arabize,سلرسيس,سالت تاكسيست,0.9359999895095825,ar--3453_1.25.wav_3453_1.25_0,1.0
labeled_linagora_cs_arabize,一下里,الغناية,0.5440000295639038,ar--2362_1.5.wav_2362_1.5_0,1.0
labeled_linagora_cs_arabize,نعملو الحاجات نزوما كيف كيف في الماكلة,نعملوا الحاجات هذوما كيف كيف في الماكلة,4.176000118255615,0000053_0000095_0000000_53_95_0_0,0.2857142857142857
labeled_linagora_cs_arabize,م,القطن,0.6079999804496765,ar--2081_1.5.wav_2081_1.5_0,1.0
labeled_linagora_cs_arabize,,تسعين,0.8880000114440918,ar--1256_0.75.wav_1256_0.75_0,1.0
labeled_linagora_cs_arabize,leplan,لبلون,0.5680000185966492,ar--1270_1.wav_1270_1_0,1.0
labeled_linagora_cs_arabize,ekuja,الكوشة,0.5040000081062317,ar--1437_1.5.wav_1437_1.5_0,1.0
labeled_linagora_cs_arabize,ن,تو اوفرثينك اباوت حاجات انا اي ريقريت اوفرثينكينق اباوت,5.392000198364258,0000072_0000119_0000000_72_119_0_0,1.0
labeled_linagora_cs_arabize,بعد عنا مثلا حاجات نحسنو حياةهمعناها المعيشه نتاعهم في تونس كم قبيلك جبدتعل مسي للسنح وا بالنسبه لميش مزيا نا الدولة,من بعد عنا مثلا حاجات نحسنوا حياتهم معناها المعيشة متاعهم في تونس كيما قبيليكا جبدت على لاكسيس ا لا سانتي سي ان سي ان دغوا بالنسية ما هي ش مزية انو الدولة,12.015999794006348,0000051_0000138_0000000_51_138_0_0,0.78125
labeled_linagora_cs_arabize,ذابالضبط cو قlt,هاذا بالضبط شنوا قلت,1.6399999856948853,TunSwitchTO_0000189_0000001_0000053_km0000000_189_01_53_km0_0,1.0
labeled_linagora_cs_arabize,الزير,الزاير,0.6079999804496765,ar--1803_1.25.wav_1803_1.25_0,1.0
labeled_linagora_cs_arabize,ريحة الورد مع عطر الياسمين ومسكru,ريحة الورد مع عطر الياسمين و مسك الروم,2.640000104904175,0000019_0000194_19_194_0,0.375
labeled_linagora_cs_arabize,لا عايش بني,لا عيش بنيتي,0.9440000057220459,0000022_0000109_22_109_0,0.6666666666666666
labeled_linagora_cs_arabize,حبل تعجبوني كمخايف لا تبعثو في البوسطة,حبت تعطيهولي اما خايفة لتبعثهولي بالبوسطة,2.7920000553131104,ar--3328_1.25.wav_3328_1.25_0,1.1666666666666667
labeled_linagora_cs_arabize,هد د ق و لدوبمين الحق متعربي    ي,اي هاد سيريوس ايشو ويذ ذي دوبامين الحق متاع ربي يت قيف مي,4.927999973297119,0000070_0000091_0000001_70_91_1_0,0.9230769230769231
labeled_linagora_cs_arabize,iسi,يصيح,0.5680000185966492,ar--2011_1.25.wav_2011_1.25_0,1.0
labeled_linagora_cs_arabize,smيsatu,اسمي ساتو,1.184000015258789,TunSwitchTO_0000106_0000000_0000018_q0000009s_106_00_18_q9s_0,1.0
labeled_linagora_cs_arabize,crana,جرانا,1.5199999809265137,jrena_12349_0,1.0
labeled_linagora_cs_arabize,حت د مج ر لحق,تايك يور تايم حتى حد ماهو يجري وراك بالحق تايك يور تايم ثينك اباوت يت,6.02400016784668,Melekher0000008_0000086_0000001_Melekher8_86_1_0,1.0
labeled_linagora_cs_arabize,,سالت تاكسيست,0.7839999794960022,ar--3453_1.5.wav_3453_1.5_0,1.0
labeled_linagora_cs_arabize,يسوى,يسمع,0.7519999742507935,ar--1910_0.75.wav_1910_0.75_0,1.0
labeled_linagora_cs_arabize,الخد,الجد,0.7200000286102295,ar--1801_1.wav_1801_1_0,1.0
labeled_linagora_cs_arabize,أما ينجم يبادل الفلوس في الهيشي,اما ينجم يبدل لفلوس في القيشي,2.8559999465942383,ar--3097_1.25.wav_3097_1.25_0,0.6666666666666666
labeled_linagora_cs_arabize,نجم تخرجك من سينتك,تنجم تخرجك من سينتك معناها,2.111999988555908,amenyKH_Personnalité_Multiple_HM_E0000001_denoised_Sync0000076_no_speaker_0000312.0000000_0000314.0000011_Personnalité_Multiple_HM_E1_denoised_Sync076_no_speaker_312.00_314.11_0,0.4
labeled_linagora_cs_arabize,عداو صهية رحفونا بشا وتفاهمو باش يقابلو الجمعة الجاية,عداو سهرية تحفونة برشا و تفاهموا باش يتقالبلو الجمعة الجاية,5.02400016784668,ar--3210_1.25.wav_3210_1.25_0,0.6
labeled_linagora_cs_arabize,لواش الحاجات منبعبش نستعملوهم معناها,لواش لحاجات ميم با باش نستعملوهم معناها,3.328000068664551,0000049_0000154_0000001_49_154_1_0,0.5714285714285714
labeled_linagora_cs_arabize,انك حكيكة معناها فهمت متخليش كلامك أنا نقعد نخمم فيه ع,هكاكة معناه فهمت ما تخليش كلامك انا نقعد نخمم فيه اند اي اوفرثينك اباوت يت جوست بي كريستال كلير اند مايك يورسيلف معناها,12.031999588012695,0000662_0000095_0000000_662_95_0_0,0.8260869565217391
labeled_linagora_cs_arabize,عبدالله وعيشة قاعدين في بيت اصالة مع عيشة وخمو ايش يعملوا اليوم العشرية,عبد الله و عيشة قاعدين في بيت الصالة متاع عيشة و خمو آش يعملو اليوم لعشية,5.76800012588501,ar--3511_1.25.wav_3511_1.25_0,0.6875
labeled_linagora_cs_arabize,ونخلط توا هاني باش نعجنها بيتي العجينة كيف نعجنوها راو حكايا تبدا ه,ونخلط توا هاني باش نعجنها بيدي العجينه كيف نعجنوها راو هكايا تبدا ما هيش,15.5600004196167,segment_0001011_segment_1011_0,0.35714285714285715
labeled_linagora_cs_arabize,ما تنجمش تعاوني نعرف وين وصلت لاخر طلب نحب اتبع الطلب نحب شكون يعاوني نعرف وين وصلت اوردر متاعي معرفتش كيفاش اتبع اخر طلب,تنجمش تعاوني نعرف وين وصلت اخر طلب نحب نتبع طلب نحب شكون يعاوني نعرف وين وصلت الاوردر متاعي ما عرفت ش كيفاش نتبع اخر طلب,13.968000411987305,segment_0000133_segment_133_0,0.36
labeled_linagora_cs_arabize,امشي توا ع لسان خير,امشي توا على ليسار خير,1.7280000448226929,ar--3273_1.25.wav_3273_1.25_0,0.4
labeled_linagora_cs_arabize,كنت نسكن غاديك في المتجنة ومن بيت ناقف مع معناها نشوف دخول السلعة خروج السلعة كي يبرد الدجاج نحلو لايشوفاج هكا وكل شيء,كنت نسكن غاديكا في المدجنة نبات ناقف معناها نشوف دخول السلعة خروج السلعة كي يبرد الدجاج نحلوا لي شوفاج هكة و كل شيء,10.095999717712402,0000001_0000030_1_30_0,0.4782608695652174
labeled_linagora_cs_arabize,ياقم,يرمم,0.527999997138977,ar--2437_1.25.wav_2437_1.25_0,1.0
labeled_linagora_cs_arabize,وفلف اأكحةل حسب الذوق زوز مغارف صغار فلف لأحمر زوز مغارف صغار كركم وزوز مغارف صغار تبل و ك اروية أربع وريقات رند ونخدموها بشوية زيت زيتونة ونحاولو ندخلو لفاح بالباه فلحم ونغطيو عليه ونخليوه يرتاح فالفريجيدات,وفلفل اكحل حسب الذوق زوز مغارف صغار فلفل احمر زوز مغارف صغار كركم وزوز مغارف صغار تابل و كرويه اربعة وريقات رند و نختموها بشويه زيت زيتونه ونحاولو ندخلو اللفاح بالباهي في اللحم ونغطيو عليه ونخليوه يرتاح في,14.656000137329102,segment_0000856_segment_856_0,0.4473684210526316
labeled_linagora_cs_arabize,email,امان,1.2719999551773071,imene_10976_0,1.0
labeled_linagora_cs_arabize,kanun,قانون,1.2480000257492065,9anoun_786_0,1.0
labeled_linagora_cs_arabize,عالقليلة تفهموا العبد اللي أنتوما باش تدخلوا معاه معناها إذا العبد هذايا واسء ولا لي إس تشوفوا,عالقليلة تفهموا العبد الي انتوما باش تدخلوا معاه معناها ايس كي العبد هاذايا وورث يت ولا لا ايس كي تشوفوا,9.399999618530273,0000662_0000075_0000001_662_75_1_0,0.5
labeled_linagora_cs_arabize,لبا,البلالط,0.6159999966621399,ar--1926_1.25.wav_1926_1.25_0,1.0
labeled_linagora_cs_arabize,هميش نتاع لكلاس اسوسيال معناها فهمت معنتها جنلمو,تهميش متاع لا كلاس سوسيال معناها فهمت معنتها جينيرالمون,4.1519999504089355,0000050_0000140_0000000_50_140_0_0,0.6666666666666666
labeled_linagora_cs_arabize,macin txwarad badawaɣt saḥ,ما شيء نتفرهد بحذا واحد صاحبي,2.3919999599456787,TunSwitchTO_0000056_0000002_0000017_uup_56_02_17_uup_0,1.0
labeled_linagora_cs_arabize,اصلر,السلاطة,0.5680000185966492,ar--1390_1.5.wav_1390_1.5_0,1.0
labeled_linagora_cs_arabize,اني قتلب يثور  ملفات,معناها كيما نقولوا الشانطي محلول يقول لهم يا يجي المقاول يقول لهم يا الاولاد راهو ما نعملوا ايفرت الجمعة هاذي باش نخدموا بزايد وقت احنا البلاد في ثورة عندنا رتار ملفات,9.263999938964844,amenyKH_MOSAIQUEFM_FORUM_0210912_0000003_chunk_0000019_MOSAIQUEFM_FORUM_210912_3_chunk_19_0,0.967741935483871
labeled_linagora_cs_arabize,ابين ولا غلطين اشي,خايبين ولا غالطين اند اي سي تولك بوزيتيفيتي,3.119999885559082,0000060_0000159_0000001_60_159_1_0,0.875
labeled_linagora_cs_arabize,الوصول,الوصول,0.7919999957084656,ar--1862_1.wav_1862_1_0,0.0
labeled_linagora_cs_arabize,مظرة متاع الدخان ما تشاورش ما عندهاش,المضرة متاع الدخان ما تشاورش ما عندهاش,2.1600000858306885,amenyKH_0000006_0000006_0002012_partie0000003_chunk_0000125_06_06_2012_partie3_chunk_125_0,0.14285714285714285
labeled_linagora_cs_arabize,درجة الحرارة,درجة الحرارة,1.1039999723434448,ar--1454_1.25.wav_1454_1.25_0,0.0
labeled_linagora_cs_arabize,هذي اختصاص nدaسmcهود,هاذي اختصاصنا نداس مشوي,1.9040000438690186,TunSwitchTO_0000101_0000022_0000019_r0000006g_101_22_19_r6g_0,1.0
labeled_linagora_cs_arabize,حصلت غادي المعجزة,حلت غادي المعرسة,1.1360000371932983,amenyKH_Hkayet_Tounsia_S0000001_Episode_0000020_0000010_0000004_0002017_Partie_0000003_Sync0000046_no_speaker_0001568.0000076_0001569.0000090_Hkayet_Tounsia_S01_Episode_20_10_04_2017_Partie_03_Sync046_no_speaker_1568.76_1569.90_0,0.6666666666666666
labeled_linagora_cs_arabize,توى ولا متحف التقال الفقني مجري للمحامي والطبة والضرتس,توا ولا متحف الطيقان الفوقانيين مكريين للمحامين و الطبا و الدونتيست,6.136000156402588,ar--3245_1.5.wav_3245_1.5_0,0.8181818181818182
labeled_linagora_cs_arabize,علاش مزلنا مطرنيش قوليج نفما,علاش مازلنا ما طرناش قلي شنوا فمة,2.4560000896453857,TunSwitchTO_0000055_0000023_0000059_vhf_55_23_59_vhf_0,0.8571428571428571
labeled_linagora_cs_arabize,hكيك شbeك  you ddn't lk why you told her ely مثلn her outfit is bad when she slad it مثلا mone for example or why would you,هكاكة شبيك ما يو ديدنت واي يو تولد هير الي مثلا هير اوتفيت ايز باد وين شي سلايدد مثلا معناها فور اكزامبل اور واي وود يو,12.031999588012695,0000073_0000052_0000000_73_52_0_0,1.0
labeled_linagora_cs_arabize,بياع الجرايد,بياع الجرايد,1.3839999437332153,ar--1891_1.wav_1891_1_0,0.0
labeled_linagora_cs_arabize,الحاجة اللي تخوف في,الحاجة الي الي تخوف ياسر,2.8239998817443848,amenyKH_MOSAIQUEFM_FORUM_8102012_partie0000001_0000003_chunk_0000063_MOSAIQUEFM_FORUM_08102012_partie1_3_chunk_63_0,0.6
labeled_linagora_cs_arabize,5,خمسطاش,0.9440000057220459,1133_0,1.0
labeled_linagora_cs_arabize,atraver,اترفار,0.7519999742507935,ar--1316_1.wav_1316_1_0,1.0
labeled_linagora_cs_arabize,jian,جيعان,1.5199999809265137,ji3an_31589_0,1.0
labeled_linagora_cs_arabize,بش ايقافهم على شي للى يعملوه بما انه مكانش فما ادلة بل وقفهم ايقاف تحفظى باش كومكوا يحميهم من فاطمة و اللى كانت من دون ادنى شك معمله وانها تقضى عل الافراد الكل و تكتل افراد العصابة الخامسة,ايقافهم على الشي الي عملوه بما انه ما كانش فمة اشدلة بل وقفهم ايقاف تحافظي باش كمكوا يحميهم من فاطمه و الي كانت من دون ادنى شك معملة انها تقضي على الافراد الكل وتقتل افراد العصابه,12.935999870300293,segment_0000769_segment_769_0,0.5555555555555556
labeled_linagora_cs_arabize,اليوم اش نحك رعب هى ف الاصل الحكاية لا تخوف اش هذا ميمنع ان تخوف لكن كي ي حكايتنا الوم ر تجم  عليك ك ب ل الانترنت المظلم ا عراال  بارسم مظلم يه ا حج,اليوم باش نحكيو رعب هيا في الاصل الحكايه ما تخوفش برشا برشا هاذا ما يمنعش وانها تخوف لكن كيف كيف حكايتنا اليوم تصير وتنجم تصير عليك الدارك ويب ولا الانترنيت المظلم بلاصه نعرفوا الناس الكل باللي هيا بالرسمي مظلمه ويصيروا فيها برشا حاجات,14.472000122070312,segment_0000569_segment_569_0,0.813953488372093
labeled_linagora_cs_arabize,تحس اللي الجادجمنت ينقص و تلقى روحك راسك راس الحاجة اللي تحب تعم تعملها معناها لو ديقتراكشنت,تحس الي ال جوجمنت ينقص و تلقى روحك راسك راس الحاجة لي تحب تعمل تعملها معناها نو دستراكسيون,6.584000110626221,Melekher0000011_0000144_0000001_Melekher11_144_1_0,0.3888888888888889
labeled_linagora_cs_arabize,مسكين العينينجبت مدمعاملقلب حجين,مسكين العينين جفت من الدمع اما القلب حزين,4.0,PhFX5Xc6Qm8_0,0.875
labeled_linagora_cs_arabize,يبكي ويتنه ادخلاني هازحم الرزين,يبكي و يتنهد دخلاني هاز حمل رزين,3.200000047683716,PhFX5Xc6Qm8_1,0.8571428571428571
labeled_linagora_cs_arabize,ربي كتبلو باشي يكمل حيدويدين ⁇,ربي كتبلو باش يكمل حياتو يتيم,2.700000047683716,PhFX5Xc6Qm8_2,0.5
labeled_linagora_cs_arabize,دمو عفالدين يقرب في يسين,دمعو على الخدين يقرى في ياسين,3.0399999618530273,PhFX5Xc6Qm8_3,0.8333333333333334
labeled_linagora_cs_arabize,يبكي على امه لحنينا وبوه اللي راح,يبكي على امو لحنينة و بوه الي راح,3.059999942779541,PhFX5Xc6Qm8_4,0.625
labeled_linagora_cs_arabize,كل ما يتبكرهم كل ما تزيد تكبر لا زراح,كل ما يتذكرهم كل ما تزيد تكبر لجراح,3.0999999046325684,PhFX5Xc6Qm8_5,0.375
labeled_linagora_cs_arabize,معدس لقيام لفيحزن لأ,ما عادش لقيهم لا في حزن ولا افراح,2.5999999046325684,PhFX5Xc6Qm8_6,1.0
labeled_linagora_cs_arabize,راح شكون يضلو ذا راحشكون يهزو ذا التاح,شكون يدلوا اذا راح شكون يهزوا اذا طاح,3.299999952316284,PhFX5Xc6Qm8_7,1.0
labeled_linagora_cs_arabize,بينهم للبارح كانوا مليين عليه الدر,وينهم الي البارح كانوا مالين عليه الدار,2.799999952316284,PhFX5Xc6Qm8_8,0.7142857142857143
labeled_linagora_cs_arabize,وينهم ليكنليهم يبوحلهم بالاسرار,وينهم لكان ليهم يبوحلهم بالاسرار,3.299999952316284,PhFX5Xc6Qm8_9,0.4
labeled_linagora_cs_arabize,ويني اللي تبوص لا صاقيرا تنجيك من انار اليوم اللحلومرار اليوم هكا ربي اختار,ويني الي تبوسلها ساقيها تنجيك من النار اليوم لحلو مرار اليوم هكة ربي اختار,5.699999809265137,PhFX5Xc6Qm8_10,0.5714285714285714
labeled_linagora_cs_arabize,هلسمان عزيزة هاسرلة وعز الناس,هز امانة عزيزة هز اغلى واعز الناس,3.0999999046325684,PhFX5Xc6Qm8_11,0.7142857142857143
labeled_linagora_cs_arabize,مهما الناس تواسي ماتحسش نفس الإحساس,مهما الناس تواسي ما تحس ش نفس الاحساس,3.0,PhFX5Xc6Qm8_12,0.5
labeled_linagora_cs_arabize,بينهم ليربع وكوين ليخليتكب,وينهم لرباوك ويني اليد الي تتباس,2.9000000953674316,PhFX5Xc6Qm8_13,1.0
labeled_linagora_cs_arabize,بينهم الوالدين العساس الله أكبر يا ناس,وينهم الوالدين لعزاز الله اكبر يا ناس,3.200000047683716,PhFX5Xc6Qm8_14,0.42857142857142855
labeled_linagora_cs_arabize,بتيم بدين اسميا معنى الحياة,يتيم يتيم شنيا معنى الحياة,3.0999999046325684,PhFX5Xc6Qm8_15,0.6
labeled_linagora_cs_arabize,⁇ يطين يطير الدم العينين بتات,يتيم يتيم الدم العينين بكات,3.0999999046325684,PhFX5Xc6Qm8_16,0.8
labeled_linagora_cs_arabize,يكون يتون يتفكر في ذكريات,يتيم يتيم يتذكر في ذكريات,3.0,PhFX5Xc6Qm8_17,0.6
labeled_linagora_cs_arabize,تي رحة مع الوالدين سمع دوايا ودفات,يرحم على الوالدين شمعة ضواية وطفات,3.0999999046325684,PhFX5Xc6Qm8_18,1.0
labeled_linagora_cs_arabize,إيتين إتين اسميا معنى الحياة,يتيم يتيم شنيا معنى الحياة,3.0799999237060547,PhFX5Xc6Qm8_19,0.6
labeled_linagora_cs_arabize,⁇ يطير إتير الدم العيني نبكت,يتيم يتيم الدم العينين بكات,3.119999885559082,PhFX5Xc6Qm8_20,1.0
labeled_linagora_cs_arabize,يتين يتين يتفكر في ذكريات,يتيم يتيم يتذكر في ذكريات,3.0,PhFX5Xc6Qm8_21,0.6
labeled_linagora_cs_arabize,دي رحم عالوالدين سمعة دواية وتفات,يرحم على الوالدين شمعة ضواية وطفات,3.200000047683716,PhFX5Xc6Qm8_22,1.0
labeled_linagora_cs_arabize,هاسنعشو يبكي ويعايد طلاوك,هاز النعش ويبكي ويعيط الله اكبر,2.5999999046325684,PhFX5Xc6Qm8_23,1.0
labeled_linagora_cs_arabize,ليكانو محضينوباتو فينفس لقبر,الي لكانوا محاذينو باتو في نفس القبر,2.700000047683716,PhFX5Xc6Qm8_24,1.0
labeled_linagora_cs_arabize,يضحكم ربي يا بشر,هاذا حكم ربي يا بشر,1.899999976158142,PhFX5Xc6Qm8_25,0.4
labeled_linagora_cs_arabize,متحتر حفر القبور حفر من دمعة ولا تمتر,الموت حضر حفار القبور حفر من دمعة ولات مطر,3.9000000953674316,PhFX5Xc6Qm8_26,0.5555555555555556
labeled_linagora_cs_arabize,وبنهم لي حبوك منهم الي تمنولك الخير,وينهم لحبوك وينهم لتمناولك الخير,3.200000047683716,PhFX5Xc6Qm8_27,1.2
labeled_linagora_cs_arabize,مهما تكبر ديما في عينا ومنتي صغير,مهما تكبر ديما في عينيهم انت صغير,3.0999999046325684,PhFX5Xc6Qm8_28,0.2857142857142857
labeled_linagora_cs_arabize,حتوك فلقتنوهم باتو عالحصي,حطوك في القطن وهوما باتو على الحصير,2.799999952316284,PhFX5Xc6Qm8_29,0.8571428571428571
labeled_linagora_cs_arabize,اليوم يبكيك الغسير وينهم لاميرة ولامير,اليوم يبكي كي الغشير وينهم الاميرة و الامير,3.0999999046325684,PhFX5Xc6Qm8_30,0.75
labeled_linagora_cs_arabize,شكون اللي في في قط حوالك سائل عليك,شكون الي في ضيقة احوالك سائل عليك,3.200000047683716,PhFX5Xc6Qm8_31,0.5714285714285714
labeled_linagora_cs_arabize,شون اللي في نومك تتعرى هو يغطيك,شكون الي في نومك تتعرى هو يغطيك,3.0,PhFX5Xc6Qm8_32,0.2857142857142857
labeled_linagora_cs_arabize,كون اللي نحاها اللقمة منكم عطي,شكون الي نحاها اللقمة من فمو ويعطيك,2.9000000953674316,PhFX5Xc6Qm8_33,0.7142857142857143
labeled_linagora_cs_arabize,ويني اللي بروحاتفديك تتعيلك ربي يدي,ويني الي بروحها تفديك تدعي لك ربي يهديك,3.0999999046325684,PhFX5Xc6Qm8_34,0.75
labeled_linagora_cs_arabize,وينو اللي في مرضك فيالبر تجبلك دواك,وينو الي في مرضك في البرد جابلك دواك,3.0,PhFX5Xc6Qm8_35,0.5
labeled_linagora_cs_arabize,وين اللي تقوم الليل تدعينك في كل سلاف,ويني الي تقوم الليل تدعي لك في كل صلاة,3.0999999046325684,PhFX5Xc6Qm8_36,0.5555555555555556
labeled_linagora_cs_arabize,ويني اللي تحس بهما كيد بكيتبكات,ويني الي تحس بهمك اذا بكيت بكات,3.0,PhFX5Xc6Qm8_37,0.7142857142857143
labeled_linagora_cs_arabize,وين اللي بفرحت غنات سمعة ضواية ودف,ويني الي فرحك غنات شمعة ضواية وطفات,3.0999999046325684,PhFX5Xc6Qm8_38,0.7142857142857143
labeled_linagora_cs_arabize,لتين لتين بسميا معنى الحياة,يتيم يتيم شنيا معنى الحياة,3.200000047683716,PhFX5Xc6Qm8_39,0.6
labeled_linagora_cs_arabize,ل滴ير لتير ابتملعينين بتات,يتيم يتيم الدم العينين بكات,3.0999999046325684,PhFX5Xc6Qm8_40,1.0
labeled_linagora_cs_arabize,لدين لدون يتفكر في ذكريات,يتيم يتيم يتذكر في ذكريات,2.9000000953674316,PhFX5Xc6Qm8_41,0.6
labeled_linagora_cs_arabize,تي رحم ع الوالدين سمع توايا ودفت,يرحم على الوالدين شمعة ضواية وطفات,3.200000047683716,PhFX5Xc6Qm8_42,1.0
labeled_linagora_cs_arabize,متين لتين بسنية معنى الحياة,يتيم يتيم شنيا معنى الحياة,3.0999999046325684,PhFX5Xc6Qm8_43,0.6
labeled_linagora_cs_arabize,ايتين ايتين الدم العين يونبكد,يتيم يتيم الدم العينين بكات,3.0999999046325684,PhFX5Xc6Qm8_44,0.8
labeled_linagora_cs_arabize,يتين ييتين يتفكر في ذكريات,يتيم يتيم يتذكر في ذكريات,3.0,PhFX5Xc6Qm8_45,0.6
labeled_linagora_cs_arabize,تي رحم ع الوالدين سمعة دوايا وت,يرحم على الوالدين شمعة ضواية وطفات,3.0999999046325684,PhFX5Xc6Qm8_46,1.0
labeled_linagora_cs_arabize,⁇ ويني الأم اللي توحش مني دهلفطور,ويني الام الي توحش من يديها الفطور,3.299999952316284,PhFX5Xc6Qm8_47,0.8571428571428571
labeled_linagora_cs_arabize,ويني نور العين اللي كانت في الدار الدور,ويني نور العين الي كانت في الدار تدور,2.9000000953674316,PhFX5Xc6Qm8_48,0.25
labeled_linagora_cs_arabize,وينيلي في الفرحة زغرت وتحط البفو,ويني الي في الفرحة تزغرت وتحط البخور,2.9000000953674316,PhFX5Xc6Qm8_49,0.5714285714285714
labeled_linagora_cs_arabize,اليوم باتت بنلقبور خلت القلب مقهور,اليوم باتت بين القبور خلات القلب مقهور,3.299999952316284,PhFX5Xc6Qm8_50,0.42857142857142855
labeled_linagora_cs_arabize,يلهم لمن غيرهم لحالي فرحو لعيد,وينهم الي من غيرهم لحالي فرح ولا عيد,3.200000047683716,PhFX5Xc6Qm8_51,0.75
labeled_linagora_cs_arabize,كل ما يتفكرهم في قلب ونار تجيد,كل ما يتفكرهم في قلبو النار تزيد,3.0,PhFX5Xc6Qm8_52,0.42857142857142855
labeled_linagora_cs_arabize,جيه القصة كل ما يشوف تصورهم في الحيط,تجيه الغصة كل ما يشوف تصاورهم في الحيط,3.0,PhFX5Xc6Qm8_53,0.375
labeled_linagora_cs_arabize,يوم هجرو مشاوبحيط خلوليدموحيط,اليوم هجروا مشاو بعيد خلاو وليدهم وحيد,2.799999952316284,PhFX5Xc6Qm8_54,1.0
labeled_linagora_cs_arabize,اليوم الدنيا ظلما من غير نور الوالدين,اليوم الدنيا ظلمة من غير نور الوالدين,3.200000047683716,PhFX5Xc6Qm8_55,0.14285714285714285
labeled_linagora_cs_arabize,وينهم ل حبيتهم ديما بجنبك فرحانين,وينهم الي حبيتهم ديما بجنبك فرحانين,3.0999999046325684,PhFX5Xc6Qm8_56,0.16666666666666666
labeled_linagora_cs_arabize,وينو اغلب واللمي ملزدالرحمين,وينو اغلى بو و الاميمة الي صدر حنين,2.700000047683716,PhFX5Xc6Qm8_57,0.875
labeled_linagora_cs_arabize,نحن عمين هما العينين ولدينا نور الدارين,نحنا عميان هما العينين و الدينا نور الدارين,3.200000047683716,PhFX5Xc6Qm8_58,0.5
labeled_linagora_cs_arabize,كل يوم تعرف بيباش يشوفهم في الزمان,كل يوم يدعي لربي باش يشوفهم في الجنان,3.0999999046325684,PhFX5Xc6Qm8_59,0.5
labeled_linagora_cs_arabize,كل يوم يسقر ربي معنا الصبر والسلوان,كل يوم يسال ربي معنى الصبر و السلوان,3.0,PhFX5Xc6Qm8_60,0.5
labeled_linagora_cs_arabize,اليوم بتاو عليه أغلق إنسانة و إنسان,اليوم مشاو عليه اغلى انسانة و انسان,3.299999952316284,PhFX5Xc6Qm8_61,0.5714285714285714
labeled_linagora_cs_arabize,الرحمة يا رحمة,الرحمة يا رحمان الرحمة يا رحمان,1.399999976158142,PhFX5Xc6Qm8_62,0.6666666666666666
labeled_linagora_cs_arabize,م لبرودوي هذاكا ع المادة الاستهلاكية اللي تستهلك فيها تعرفها شنهي,ماي له برودوي هذاكة يعني المادة الاست المادة الاستهلاكية الي الي يستهلك فيها تعرفها شنيا,5.584000110626221,amenyKH_0000006_0000006_0002012_partie0000002_chunk_0000139_06_06_2012_partie2_chunk_139_0,0.7333333333333333
labeled_linagora_cs_arabize,tsكa,التسكرة,0.5120000243186951,ar--1271_1.5.wav_1271_1.5_0,1.0
labeled_linagora_cs_arabize,أ عشو,ايه عايشة هوني,1.184000015258789,ar--3010_1.5.wav_3010_1.5_0,1.0
labeled_linagora_cs_arabize,الابتعادة من التدخيق,الابتعاد عن التدخين يزي,1.7519999742507935,amenyKH_0000006_0000006_0002012_partie0000001_0000003_chunk_0000307_06_06_2012_partie1_3_chunk_307_0,1.0
labeled_linagora_cs_arabize,ألجي ولوجي أنا كنت نم أ ل ليل   ال كت نم أ  لدد أنا أنا كنت نحب نعمل فترن معناه كنت نجم,بيولوجي جيولوجي و انا كنت انجم اي كان دو بيتر لايك فال اورينتاسيون كنت انجم اي دو بيتر اما انا كنت نحب نعمل فيتيرينار معناها كنت نجم نعمل حا,12.02400016784668,Melekher0000010_0000118_0000000_Melekher10_118_0_0,0.7931034482758621
labeled_linagora_cs_arabize,ليت تروشك ولا ملوشك تشايوت,بديت تروشك ولا ما وشك شيء وقتها,1.6080000400543213,amenyKH_Hkayet_Tounsia_S0000001_Episode_0000004_0000019_0000012_0002016_Partie_0000002_Sync0000118_no_speaker_0000804.0000064_0000806.0000027_Hkayet_Tounsia_S01_Episode_04_19_12_2016_Partie_02_Sync118_no_speaker_804.64_806.27_0,0.7142857142857143
labeled_linagora_cs_arabize,على العالم الواقع العالم الواقع مش هكة  لكمينوت مينوريتار,عى العالم الواقع العالم الواقع ما هو ش هكة لي كوميونوتي مينوريتي,4.176000118255615,0000050_0000175_0000001_50_175_1_0,0.5833333333333334
labeled_linagora_cs_arabize,وقعدو طموحاتها يمشي ويكبرو وقعدت بشوي شوية توصل للحلم متاها عام كان اخر عام لها في الفاكلت مازللها عامقراية بركة وتتخرج عامبركة وتوصل للهدف متاها واى انتحلم به ليلوهار,وقعدوا طموحاتها يمشي يكبروا وقعدت بشويه بشويه توصل لحلم متاعها عام الفين و اربعة كان آخر عام لاها في الفاكولت مازالها عام قراية بركه وتتخرج عام بركه وتوصل للهدف متاعها و الي كانت تحلم به ليل ونهار خرجت في,13.223999977111816,segment_0000676_segment_676_0,0.6923076923076923
labeled_linagora_cs_arabize,ما كي سألنا المديرين قالو  من عام ماصار في حد شي وبالحق ذر اناقليت فيها في البعينات,ما ما ما ما كسالنا المدرين قالوا راهو من عام واحد و ستين ما صار فيها حتى شيء وبالحق خاطر انا قريت فيها في السبعينات,7.400000095367432,amenyKH_Partie0000008_chunk_0000046_Partie8_chunk_46_0,0.76
labeled_linagora_cs_arabize,شكتبي خطر ضربني,مشيت شكيت بيه خاطر ضربني,1.5119999647140503,amenyKH_0000008_chunk_0000564_008_chunk_564_0,0.8
labeled_linagora_cs_arabize,nohui,ثنين و عشرين,0.7179999947547913,ar--1245_1.5.wav_1245_1.5_0,1.0
labeled_linagora_cs_arabize,كي تقرأ الكتب متاعه مثلا مونديا ورجو يمكن أكثر كتاب معروف تلقاو في طبعة هنا في تونس موجودة أكثر كتاب موجود في تونس,كي تقرا الكتب متاعو مثلا موديون ا اورقيو اكثر كتاب معروف تلقاوه في الطبعة تلقاوه هنا في تونس موجودة اكثر كتاب موجود في تونس,9.392000198364258,segment_0000310_segment_310_0,0.4166666666666667
labeled_linagora_cs_arabize,iceh,الشخص,0.8320000171661377,ar--2001_0.75.wav_2001_0.75_0,1.0
labeled_linagora_cs_arabize,тауын шув мамарди,توا نشوف مع مرتي,1.5119999647140503,TunSwitchTO_0000095_0000019_0000008_aq0000006_95_19_08_aq6_0,1.0
labeled_linagora_cs_arabize,يلعب تينس,يلعب تنيس,1.2400000095367432,ar--1575_1.25.wav_1575_1.25_0,0.5
labeled_linagora_cs_arabize,ماشي بهلهي مايشور زا,وورك زون و الي هيا ما هي ش,1.6399999856948853,0000026_0000032_0000000_26_32_0_0,1.0
labeled_linagora_cs_arabize,wيnلكنisا,وين الكنيسية,1.3919999599456787,TunSwitchTO_0000014_0000008_0000058_hmv_14_08_58_hmv_0,1.0
labeled_linagora_cs_arabize,لاتيف,لطيف,0.7440000176429749,ar--1814_1.wav_1814_1_0,1.0
labeled_linagora_cs_arabize,ت نهار  خاشالشر,وصلت قعدت نهار ثنين ثلاثة ما نتكيفش الي نقولوا راني باش نبطل الدخان يقول لي لا خويا لا صعيب شوية توا آني حمد الله عندي قريب شهر,6.343999862670898,amenyKH_0000006_0000006_0002012_partie0000004_chunk_0000086_06_06_2012_partie4_chunk_86_0,0.9629629629629629
labeled_linagora_cs_arabize,شكري سمعت كلام رياض قال الأمور الأمنية مش لك الكل دنك ماننجم خلي داري يوحدها وغيرهح فض نحب نقول  رياض,شكري سمعت ام كلام رياض قال الامور الامنية مش لهاكة الكل دونك ما نجمش نخلي داري وحدها وغيرو تفضل,7.9039998054504395,amenyKH_0000007_chunk_0000053_007_chunk_53_0,0.7368421052631579
labeled_linagora_cs_arabize,oktober,اكتوبر,1.5119999647140503,ouktouber_31107_0,1.0
labeled_linagora_cs_arabize,ف ال  ان   ث  ر,لي رول في وسط العايلة يل فو توجور ريكونتكستواليزي و انو الراجل يل ايست لا بور بروتيجي الي توا مثلا ولينا كانك راجل,8.423999786376953,0000039_0000051_0000000_39_51_0_0,1.0
labeled_linagora_cs_arabize,فيها الجبس فيها البترول فيها الثروات طبيعية كله,فيها الجبس فيها البيترول بالكل,3.1679999828338623,amenyKH_tataouine__for_acoustic_analysis_Sync0000014_no_speaker_0000177.0000027_0000180.0000049_tataouine__for_acoustic_analysis_Sync014_no_speaker_177.27_180.49_0,1.0
labeled_linagora_cs_arabize,الصيدلية,الصيدلية,1.440000057220459,ar--2211_0.75.wav_2211_0.75_0,0.0
labeled_linagora_cs_arabize,انتكي,انت كي,1.128000020980835,0000026_0000042_0000003_26_42_3_0,1.0
labeled_linagora_cs_arabize,قلت بلحق اك  ساد وحسيت روحي هكا ام ستوبد وانا ام دم ان,قلت الي بالحق ايه وز سو ساد و حسيت روحي هكة ائم ستوبيد و انا ائم دومب اند,6.447999954223633,amenyKH_0000070_0000125_0000002_70_125_2_0,0.8333333333333334
labeled_linagora_cs_arabize,ش معنتها ديارة مشبوهة مش تخدم في اديار معينة منزلية لا,آش معناتها ديار مشبوهة مش تخدم في ديار معينة منزلية لا,3.5759999752044678,amenyKH_0000008_chunk_0000488_008_chunk_488_0,0.36363636363636365
labeled_linagora_cs_arabize,وكنت  عندها ف فما كان كنت ستة سنين سبعة سنين تستنى,و كانت عندها فمة فمة كانت ستة سنين سبعة سنين تستنى,4.559999942779541,0000007_0000041_7_41_0,0.5454545454545454
labeled_linagora_cs_arabize,إحنا مذابينا مناخ معاكس ي,احنا مذبينا مناخ آه معاكس الي,2.2720000743865967,amenyKH_0000006_0000006_0002012_partie0000006_chunk_0000253_06_06_2012_partie6_chunk_253_0,0.6666666666666666
labeled_linagora_cs_arabize,ن ي   ر  ر,منهم مرة احنا في بيت و فمة شلة اخرى في بيت اخرى مقابلة و نحكيوا هكة,8.272000312805176,0000027_0000354_0000001_27_354_1_0,1.0
labeled_linagora_cs_arabize,نو  لس تقعد ع ت بلنة للش,من توا يزي مش تقعد معناها انت ويذ ساموان هو جاجز يو و كل سو بالنسبة لشي هاذايا كان يو سي اني ريد فلاق,11.503999710083008,0000662_0000460_0000000_662_460_0_0,0.9583333333333334
labeled_linagora_cs_arabize,لاس الكل تحكي على بلدان هابالباهي ويحطو شي مواضيع أكثر,الناس الكل تحكي على بلدانها بالباهي و يحطو في مواضيع اكثر,3.2720000743865967,TunSwitchTO_0000034_0000021_0000001_0000000s0000007_34_21_01_0s7_0,0.6363636363636364
labeled_linagora_cs_arabize,名方水,من فضلك,0.5519999861717224,ar--1053_1.5.wav_1053_1.5_0,1.0
labeled_linagora_cs_arabize,هذايا رجعله معنتها كي قولكقللي سيدي قوله ما سيدي كان رب,و هاذايا رجعلو معنتها كيقلك قلي سيد يقلو ما سيد كان ربي,3.9600000381469727,0000050_0000260_0000003_50_260_3_0,0.75
labeled_linagora_cs_arabize,إييه قاتلي كييبدا الخاتم عندك نكون متهنية,ايه قاتلي كيبدا الخاتم عندك نكون متهنية,3.5360000133514404,ar--3358_1.wav_3358_1_0,0.2857142857142857
labeled_linagora_cs_arabize,بثلبي ييسقي,يسربي يسقي,1.1679999828338623,ar--1401_1.5.wav_1401_1.5_0,1.0
labeled_linagora_cs_arabize,كنبدأ نسمي حبنقدش من احلقة,كنبدا نسمي تحب لنا قداش من حلقة,2.184000015258789,amenyKH_0000006_0000006_0002012_partie0000003_chunk_0000157_06_06_2012_partie3_chunk_157_0,0.7142857142857143
labeled_linagora_cs_arabize,وسمعنا عليهم وتبعنا في الأخبار عل المزيك وع الإذاعات كلها وشدوا مجموعة مسلحة,وسمعنا عليهم و و وتبعنا في الاخبار عالموزايك وعالاذاعات الكل هاو شدوا مجموعة مسلحة هاو,6.392000198364258,amenyKH_0000004_chunk_0000016_004_chunk_16_0,0.6666666666666666
labeled_linagora_cs_arabize,شان ماتجراح حذا حد,نش الله متجرح حتى حد,1.7359999418258667,ar--3278_0.75.wav_3278_0.75_0,0.8
labeled_linagora_cs_arabize,ĝežmosljajšk,دجاج مصلي يعيشك,1.840000033378601,TunSwitchTO_0000029_0000012_0000056_vfn_29_12_56_vfn_0,1.0
labeled_linagora_cs_arabize,يحكيه على,يحكي على ثلاثة,1.1430000066757202,youtube_lRzAACzMYI8_0,0.6666666666666666
labeled_linagora_cs_arabize,خوقلال لمساكن ما ت بوهم مات أمهم,اخوى قلاله مساكن مات بوهم مات امهم وما,6.888000011444092,youtube_lRzAACzMYI8_1,0.75
labeled_linagora_cs_arabize,ندهم حد واحلينف,عندهم حد ولين في,2.984999895095825,youtube_lRzAACzMYI8_2,0.75
labeled_linagora_cs_arabize,تهم يدوروا في الاسواق يقضيو لهذا,عيشتهم يدوروا في الاسواق يقضي لهذا,5.609000205993652,youtube_lRzAACzMYI8_3,0.3333333333333333
labeled_linagora_cs_arabize,قربو الحاجة لهذا,يقربوا الحاجه لهذا,1.3220000267028809,youtube_lRzAACzMYI8_4,0.6666666666666666
labeled_linagora_cs_arabize,حملو ومرة ياكلو مرة ما يكلوشودز,يحملوا ومره ياكلوا ومره ما يكلو ش ودا زين,4.070000171661377,youtube_lRzAACzMYI8_5,0.8888888888888888
labeled_linagora_cs_arabize,حك,لحرك ام,2.444000005722046,youtube_lRzAACzMYI8_6,1.0
labeled_linagora_cs_arabize,لربية والحشمة والجعرة ويقدرو الكبير,التربيه و الحشمه والجعير ويقدروا الكبير,4.2210001945495605,youtube_lRzAACzMYI8_7,0.8333333333333334
labeled_linagora_cs_arabize,صغير ولامن سمع منهم كلمة دنية وكل حد,و الصغير ولا منسمع منهم كلمه دونيه و كل حد,5.566999912261963,youtube_lRzAACzMYI8_8,0.8
labeled_linagora_cs_arabize,رحم علام ان ولد,يرحم على من ولده من,1.562000036239624,youtube_lRzAACzMYI8_9,1.0
labeled_linagora_cs_arabize,حتى نهار واحد شايب عندهم في الحومة,ربه حتى نهار واحد شايب عندهم في الحومه,2.431999921798706,youtube_lRzAACzMYI8_10,0.25
labeled_linagora_cs_arabize,قال لهم ربي ش قاعدين تعملوا انتوما في,قال لهم بربي آش قاعدين تعملوا انتم في ه,1.9229999780654907,youtube_lRzAACzMYI8_11,0.4444444444444444
labeled_linagora_cs_arabize,الصغر والشبوبية والقوة ونت,البلاد الصغر وال شبوبيه و القوه وانتم,4.855000019073486,youtube_lRzAACzMYI8_12,0.8571428571428571
labeled_linagora_cs_arabize,فقرا تبر بدلو  لبلاد أتها,فقراء انت بره بدلوا ها البلاد اختها وملك,5.629000186920166,youtube_lRzAACzMYI8_13,1.0
labeled_linagora_cs_arabize,واسع,الله واسع,0.7210000157356262,youtube_lRzAACzMYI8_14,0.5
labeled_linagora_cs_arabize,اخرجو من ها البلاد,وعريض اخرجوا من ها البلاد وشدوا,3.5920000076293945,youtube_lRzAACzMYI8_15,0.5
labeled_linagora_cs_arabize,قالولو تشم نلقاو في بلا خر,الثنيه قالوا له تش مش نلقاو في بلاد اخرى,5.043000221252441,youtube_lRzAACzMYI8_16,0.7777777777777778
labeled_linagora_cs_arabize,اهاخرجوا  تلقو قام,يا بابا قال لهم اخرجوا توا تلقاو قدامكم,5.105999946594238,youtube_lRzAACzMYI8_17,1.0
labeled_linagora_cs_arabize,اثةكنزملاثةتم اخار,ثلاثة كنوز انتوما ثلاثة وانتما اختاروا,4.335999965667725,youtube_lRzAACzMYI8_18,1.0
labeled_linagora_cs_arabize,قم,واقسموا ه ثلاثة,2.5829999446868896,youtube_lRzAACzMYI8_19,1.0
labeled_linagora_cs_arabize,,كنوز ثم منهم اثنين ما يدومش,4.783999919891357,youtube_lRzAACzMYI8_20,1.0
labeled_linagora_cs_arabize,احدب,و واحد بركا,0.921999990940094,youtube_lRzAACzMYI8_21,1.0
labeled_linagora_cs_arabize,انت معاذ,الليدو وانتوما عاد اعرفش,3.0,youtube_lRzAACzMYI8_22,1.0
labeled_linagora_cs_arabize,ار خير  خير,تعملوا استكثروا خيره وبقوه بخير وشدوا,7.800000190734863,youtube_lRzAACzMYI8_23,1.0
labeled_linagora_cs_arabize,سايرين على الأرض غايرين صاحبا,ثنيه سايرين على الارض غايرين صاحب,4.510000228881836,youtube_lRzAACzMYI8_24,0.5
labeled_linagora_cs_arabize,تدبير يدبر في مشا وقدر نهار اثنين ثلاثة,التدبير يدبر في مش قدر نهار اثنين ثلاثة,4.698999881744385,youtube_lRzAACzMYI8_25,0.375
labeled_linagora_cs_arabize,ينمرة يلقاو فلاح يحصد يشد يد معاه,جمعتين مره يلقاو فلاح يحصد يشد ويحصد معه,6.415999889373779,youtube_lRzAACzMYI8_27,0.5
labeled_linagora_cs_arabize,و  أيام ومولتهم عليه,هك ثلاثة ولا اربع ايام ومتهم عليه ويزيد,3.937999963760376,youtube_lRzAACzMYI8_28,0.875
labeled_linagora_cs_arabize,أرم يش ثنية,يعطيهم اجرهم ويشدوا ثنيه مره يوصلوا,3.5250000953674316,youtube_lRzAACzMYI8_29,1.0
labeled_linagora_cs_arabize,بلاد يبدو يحملوا ويدبرو فمونتهم ما,البلاد يبداوا يحملوا ويدبر متهم وهما,4.855999946594238,youtube_lRzAACzMYI8_30,0.8333333333333334
labeled_linagora_cs_arabize,باقي زايدين على قدام ه لا كنوز م,باقي زايدين على قدام ها ثلاثة كنوز ما,3.1760001182556152,youtube_lRzAACzMYI8_31,0.375
labeled_linagora_cs_arabize,همش حتى نهار ديحت عليهم الشمس وسخنت الره,لقوهم حتى نهار ديحت عليهم الشمس وسخنت,6.656000137329102,youtube_lRzAACzMYI8_32,0.2857142857142857
labeled_linagora_cs_arabize,شجر  الظ,القائله جاو قعدوا تحت شجره في الظل فطروا,5.340000152587891,youtube_lRzAACzMYI8_33,1.0
labeled_linagora_cs_arabize,م واحد منهم يمكن مشطي الماء ولا شنو,قام واحد منهم مش طير الماء ولا شن هو ولا,2.805999994277954,youtube_lRzAACzMYI8_35,0.6
labeled_linagora_cs_arabize,الغابة إلقاها ارخامة في القاعة,الغابه القاها رخامه في القاعه وفيها,5.230999946594238,youtube_lRzAACzMYI8_37,0.8333333333333334
labeled_linagora_cs_arabize,ة ح بع في الحلقة وجبد,حلقه حط صبعه في هك الحلقه هذيكة وجبد ما,4.788000106811523,youtube_lRzAACzMYI8_38,0.7777777777777778
labeled_linagora_cs_arabize,م فيق اخوت جاو ما,يهزها مشا فيق اخوته وجاو معاه تعاونوا,3.634000062942505,youtube_lRzAACzMYI8_40,0.8571428571428571
labeled_linagora_cs_arabize,يلقا ودروش,هزوه يلقوا دروش,3.0460000038146973,youtube_lRzAACzMYI8_42,1.0
labeled_linagora_cs_arabize,وصدار,وصدار,0.8420000076293945,youtube_lRzAACzMYI8_44,0.0
labeled_linagora_cs_arabize,,واربعه بيوت,0.8009999990463257,youtube_lRzAACzMYI8_45,1.0
labeled_linagora_cs_arabize,متناظرين كل بيت فيها ستيفا سنادق لصقف,متناظرين كل بيت فيها ستيفه صنادق للسقف,4.423999786376953,youtube_lRzAACzMYI8_46,0.42857142857142855
labeled_linagora_cs_arabize,و وما ي,ذهب وديمون وجوهر ك ما يعطينا ويعطيكم رزق,3.744999885559082,youtube_lRzAACzMYI8_47,1.0
labeled_linagora_cs_arabize,لال الطيب وما يعطي إلا ربي سبحانه,الحلال الطيب وما يعطي الا ربي سبحانه,3.6050000190734863,youtube_lRzAACzMYI8_48,0.2857142857142857
labeled_linagora_cs_arabize,لطلب في غير,و الطلبه في غير ربي,1.1430000066757202,youtube_lRzAACzMYI8_49,0.6
labeled_linagora_cs_arabize,قالوا هذايا الكنز,فضيحه قالوا هاذا يا الكنز,4.9670000076293945,youtube_lRzAACzMYI8_50,0.6
labeled_linagora_cs_arabize,ل أيا من صيبكون منا هذايا,لول اي منصيب شكون مننا هاذا قال,5.927999973297119,youtube_lRzAACzMYI8_51,1.0
labeled_linagora_cs_arabize,قرعوا قام الصغير فيهم,نقرع قام الصغير فيهم,3.5250000953674316,youtube_lRzAACzMYI8_52,0.25
labeled_linagora_cs_arabize,قال قرعو انتم موحدكم,قال قرعوا انتم وحدكم انا,3.805000066757202,youtube_lRzAACzMYI8_53,0.6
labeled_linagora_cs_arabize,الب قال كنز اللي ما يفا,ماحجي الشايب قال كنز الي ما يوفاش و هاذا,7.829999923706055,youtube_lRzAACzMYI8_54,0.6666666666666666
labeled_linagora_cs_arabize,ما يوفاش قالوا لملا هذا يوفى,ما يوفاش قالوا له مال هاذا يوفى كول,3.8259999752044678,youtube_lRzAACzMYI8_55,0.5
labeled_linagora_cs_arabize,المغلفة مايفاش قالل,بالمغرفه ما يوفاش قال,1.9630000591278076,youtube_lRzAACzMYI8_56,1.0
labeled_linagora_cs_arabize,اجبد ما ترد جبل,لا اجبد ما تردش بالل,3.1679999828338623,youtube_lRzAACzMYI8_57,0.6
labeled_linagora_cs_arabize,ايقال هذاق,تهد قالوا هاذا قاعد,3.0239999294281006,youtube_lRzAACzMYI8_58,1.0
labeled_linagora_cs_arabize,دلل  قرع  قرع جات القرعة لكبير,يدلل نقرع احنا قرع جت القرعه الكبير افرح,7.670000076293945,youtube_lRzAACzMYI8_59,0.875
labeled_linagora_cs_arabize,خلخلو بدا يدخل من بيت يخرج مبيت,وتخلخل وبدا يدخل من بيت ويخرج من بيته,2.424999952316284,youtube_lRzAACzMYI8_60,0.625
labeled_linagora_cs_arabize,سعد,ويجري ويساعد و آش عطاه,1.7630000114440918,youtube_lRzAACzMYI8_61,1.0
labeled_linagora_cs_arabize,بقه بخير,ربي بقوه بخير وشدوا,3.384000062942505,youtube_lRzAACzMYI8_62,0.75
labeled_linagora_cs_arabize,ل,ثنيه تقول انت جمعه ب جمعتين وهما,5.718999862670898,youtube_lRzAACzMYI8_63,1.0
labeled_linagora_cs_arabize,زيرو انهار عند المغرب وصله لبلاد,يسيروا نهار عند المغرب وصلوا البلاد لكن,5.689000129699707,youtube_lRzAACzMYI8_64,0.7142857142857143
labeled_linagora_cs_arabize,قاول  ببان مسكن,القاو بيبان مسكر,1.0720000267028809,youtube_lRzAACzMYI8_65,1.0
labeled_linagora_cs_arabize,,مغرب الاذاعه التونس تح الور وقعدوا وجب,3.8459999561309814,youtube_lRzAACzMYI8_66,1.0
labeled_linagora_cs_arabize,في الصباح فاقه ما زال يحلب,ورقته في الصباح فاقه ما زالوا يحلوا,4.966000080108643,youtube_lRzAACzMYI8_68,0.42857142857142855
labeled_linagora_cs_arabize,يحكو فيعينيهم وباب البلاد تحل وحس,يحكوا في عينيهم وباب البلاد تحل وحس متاع,5.827000141143799,youtube_lRzAACzMYI8_69,0.5
labeled_linagora_cs_arabize,واسلاح والطامة والعامة خرجت فركوا,خيل وسلاح و الطامه والعامه خرجت فركاوا,4.3460001945495605,youtube_lRzAACzMYI8_70,0.8571428571428571
labeled_linagora_cs_arabize,,بصبهم بكسب تهم وزر اكابر,4.2270002365112305,youtube_lRzAACzMYI8_71,1.0
labeled_linagora_cs_arabize,سكر خافقلحب ع,وعساكر خافوا هو قالوش يحبوا عنا هذوما,3.3359999656677246,youtube_lRzAACzMYI8_72,1.0
labeled_linagora_cs_arabize,وإذا بيه فريق قدملهمقال,زع واذا به فريك تقدم لهم قال لهم ما,2.38100004196167,youtube_lRzAACzMYI8_73,1.0
labeled_linagora_cs_arabize,عليكم من الله,تخافوش عليكم امان الله,1.7760000228881836,youtube_lRzAACzMYI8_74,0.5
labeled_linagora_cs_arabize,ماالملك معن,اما الملك بتاعنا راه مات,2.680000066757202,youtube_lRzAACzMYI8_75,1.0
labeled_linagora_cs_arabize,وكورسي الملك موش ممكن باش يقعد فيرح,البارح وكرسي الملك مش ممكن باش يقعد فارغ,4.3520002365112305,youtube_lRzAACzMYI8_76,0.5
labeled_linagora_cs_arabize,أحنا في صبر بلادنا كيف يموت الملك,واحنا في سبر بلادنا كيف يموت الملك,2.9679999351501465,youtube_lRzAACzMYI8_77,0.2857142857142857
labeled_linagora_cs_arabize,أخرج ع الصباح البرة من البلاد وقتال,نخرجوا على السباح البرا من البلاد وقت,2.944000005722046,youtube_lRzAACzMYI8_78,0.7142857142857143
labeled_linagora_cs_arabize,تحل الباب أول واحد اللي جي داخل,الي يتحل الباب اول واحد الي يجي داخل,3.4649999141693115,youtube_lRzAACzMYI8_79,0.625
labeled_linagora_cs_arabize,مهما كان هذاك نحطوهم,مهما كان هذاكة نحطوه ملك,2.2049999237060547,youtube_lRzAACzMYI8_80,0.6
labeled_linagora_cs_arabize,و شيخ لاسلام واقف راكب ع,علينا وشيخ الاسلام واقف راكب على على,7.010000228881836,youtube_lRzAACzMYI8_81,0.7142857142857143
labeled_linagora_cs_arabize,خلقاض لمفا,بغلته هو و الشيخ القاضي والم فاته وجماعه,3.684000015258789,youtube_lRzAACzMYI8_82,1.0
labeled_linagora_cs_arabize,مس اشرعي قالو لكن هما ثنين,المجلس الشرعي قالوا لكن هذوما اثنين اما,7.188000202178955,youtube_lRzAACzMYI8_83,0.8571428571428571
labeled_linagora_cs_arabize,هو منهم اللي هو أحق باش يكون ملكع,هو منهم الي هو احق باش يكون ملك,3.063999891281128,youtube_lRzAACzMYI8_84,0.375
labeled_linagora_cs_arabize,نا قالوا المسألة فيها نظر,علينا قالوا المساله فيها نظر هيا,6.367000102996826,youtube_lRzAACzMYI8_85,0.5
labeled_linagora_cs_arabize,فاوض وماو ها الماخ الكلقت,مفاوضه ومشاو هك المشايخ الكل قعدوا تحت,4.747000217437744,youtube_lRzAACzMYI8_86,1.0
labeled_linagora_cs_arabize,لق,شجره عملوا حلقه,1.3830000162124634,youtube_lRzAACzMYI8_87,1.0
labeled_linagora_cs_arabize,د,وبدات المف,1.7029999494552612,youtube_lRzAACzMYI8_88,1.0
labeled_linagora_cs_arabize,وهذا يقول سيدي خالد قال لآخو يقول سيدي خليل,و هاذا يقول سيد خالد قال يقول سيد خليل,3.240000009536743,youtube_lRzAACzMYI8_89,0.5555555555555556
labeled_linagora_cs_arabize,از,قال خر يقول الزمخشري,1.5429999828338623,youtube_lRzAACzMYI8_90,1.0
labeled_linagora_cs_arabize,قال أيتفقو في الخر على وه,قال يتفق في الاخر على كونه يلزم,4.079999923706055,youtube_lRzAACzMYI8_91,0.5714285714285714
labeled_linagora_cs_arabize,وا  عله القرعة الحين,قرعه و الي تجي عليه القرعه فحين يركبوه,5.446000099182129,youtube_lRzAACzMYI8_92,1.0
labeled_linagora_cs_arabize,ويدخل فاتح للبلاد وبالعادة,على الحصان ويدخل فاتح للبلاد وبالعاده,4.432000160217285,youtube_lRzAACzMYI8_93,0.5
labeled_linagora_cs_arabize,ويضرب عليه زوز الفرد,ويضرب عليه زز الفرض ينص,1.7230000495910645,youtube_lRzAACzMYI8_94,0.6
labeled_linagora_cs_arabize,اياقالولهم قرعو وحدكم بناتكم,المصباح قالهم قرعوا وحدكم بناتكم احنا ما,6.46999979019165,youtube_lRzAACzMYI8_95,0.7142857142857143
labeled_linagora_cs_arabize,لثاني قال الخوه الصغيرة كيفا تقرع,الثاني قال الاخوه الصغيره يا كيفاش نقرع,4.827000141143799,youtube_lRzAACzMYI8_98,0.8571428571428571
labeled_linagora_cs_arabize,قرعو باش اللي تجي عليه القرعة منا,نقرع باش الي تجي عليه القرعه مننا يولي,5.455999851226807,youtube_lRzAACzMYI8_100,0.625
labeled_linagora_cs_arabize,و الملك في هالبلاد ويضرب عليه يضرب,هو الملك في ها البلاد ويضرب عليهي يضرب,3.2850000858306885,youtube_lRzAACzMYI8_101,0.5
labeled_linagora_cs_arabize,رع ومالها مال ورقبة ليه,يسرع وما ليها مال ورقبه ليه قالوا ما في,4.165999889373779,youtube_lRzAACzMYI8_102,0.7777777777777778
labeled_linagora_cs_arabize,قال وذا كان قامت حرب بين وبين ملكة,شك قالوا واذا كان قامت حرب بين و بين ملك,5.327000141143799,youtube_lRzAACzMYI8_103,0.6
labeled_linagora_cs_arabize,وهاك الملك لآخر يعمر محلة ويجيه,آخر وهاك الملك الاخر يعمر محله ويجيه,4.328000068664551,youtube_lRzAACzMYI8_104,0.42857142857142855
labeled_linagora_cs_arabize,باو ير ور  في ا م,ويهبط ه له جير و ياجور ويشنق في شرافه من,3.7669999599456787,youtube_lRzAACzMYI8_105,0.9
labeled_linagora_cs_arabize,الي يسلسل يه  ف,كسور ولا يسلسل ويهز يكركر فيه حتى البلاد,4.895999908447266,youtube_lRzAACzMYI8_107,0.875
labeled_linagora_cs_arabize,ويمكنو في بقعة البغل يثني ا,اسير ويمكنه في في بقعه البغل يسني على,5.38700008392334,youtube_lRzAACzMYI8_108,0.75
labeled_linagora_cs_arabize,ولا فالطاحون رح,البر ولا في الطاحونه يرحي في,2.5280001163482666,youtube_lRzAACzMYI8_109,0.8333333333333334
labeled_linagora_cs_arabize,قح قالو لاخرعد ولد المرا غالب,القمح قالوا الاخر عاد ولد المراه غالب,5.13100004196167,youtube_lRzAACzMYI8_110,0.7142857142857143
labeled_linagora_cs_arabize,مغلوب وعلى كل حال معلي,ومغلوب و على على كل حال ما عليه الا يعمل,3.424999952316284,youtube_lRzAACzMYI8_111,0.8
labeled_linagora_cs_arabize,لكبيرة أكبر من الآخر واسلاح مهم,محله كبيره اكبر من الاخر وسلاح مهم وما,5.341000080108643,youtube_lRzAACzMYI8_112,0.75
labeled_linagora_cs_arabize,ملح قل ولو كان تقوم عليه الرعي,حد مليح قال ولو كان تقوم عليه الرعيه وقص,5.10699987411499,youtube_lRzAACzMYI8_114,0.5555555555555556
labeled_linagora_cs_arabize,ال هو لم,راس قال هو لازم,3.3450000286102295,youtube_lRzAACzMYI8_115,0.75
labeled_linagora_cs_arabize,,بشرط تق عليه,0.656000018119812,youtube_lRzAACzMYI8_116,1.0
labeled_linagora_cs_arabize,قالو لانا الوه عليه انقب الضيق,الرا قالوا انا الو عقب الضيق يا سيد,4.188000202178955,youtube_lRzAACzMYI8_117,0.875
labeled_linagora_cs_arabize,وادالواها ليبالك ولا ما بالكش,حازوا الوا هذ بالك ولا ما بالكش ونقعد,5.506999969482422,youtube_lRzAACzMYI8_118,0.625
labeled_linagora_cs_arabize,عمري الكل وأنا خايف قلبي,عمري الكل و انا خايف وقلبي دق وحتى النوم,3.7850000858306885,youtube_lRzAACzMYI8_119,0.6666666666666666
labeled_linagora_cs_arabize,اذكر اليانا محجي,مامتع الذاكره الحيه انا ما حاجتي خذها,4.185999870300293,youtube_lRzAACzMYI8_120,1.0
labeled_linagora_cs_arabize,تان تحب وصح لخويا,انت كان تحب وصح لخويا ويا,3.5450000762939453,youtube_lRzAACzMYI8_121,0.5
labeled_linagora_cs_arabize,خر ال توية دل ع,بخاطرك قالوا ت ب شويه يدخل معايا الاخره,5.267000198364258,youtube_lRzAACzMYI8_122,1.0
labeled_linagora_cs_arabize,فيالموقب سخ تاف,للبلاد في الموقب وسخن لك تفي واحضر على,4.377999782562256,youtube_lRzAACzMYI8_123,1.0
labeled_linagora_cs_arabize,وضيف عننا في الراياو,التنصيب وضيف عندنا في الصرايه قالوا ل,2.7760000228881836,youtube_lRzAACzMYI8_124,0.7142857142857143
labeled_linagora_cs_arabize,جاربه وجليسه وحمله محشتيش ما نحبش صح الخويا,شاربه وجلسه وحمله ما حشيش محب صح خويا,4.688000202178955,youtube_lRzAACzMYI8_125,0.75
labeled_linagora_cs_arabize,وحستك,وحسدك في,0.5609999895095825,youtube_lRzAACzMYI8_126,1.0
labeled_linagora_cs_arabize,وبقى اخوه بخير وش,النار وبقى اخوه بخير وشد,3.7760000228881836,youtube_lRzAACzMYI8_127,0.4
labeled_linagora_cs_arabize,لخرينا قال والله يصل من اصبح,اثنيا الاخرين قالوا الله ينصر من صباح,5.9679999351501465,youtube_lRzAACzMYI8_128,0.8571428571428571
labeled_linagora_cs_arabize,وتصفف الموقب والمدفع يرزم وهو مش ل,وتصفى في الموكب والمدفع يرزم وهو مشي على,4.02400016784668,youtube_lRzAACzMYI8_129,0.625
labeled_linagora_cs_arabize,برة ماشي برا ماشي بعد ما تقول انت,نفسه بره ماشي بره ماشي بعد ما تقول انت,5.006999969482422,youtube_lRzAACzMYI8_130,0.3333333333333333
labeled_linagora_cs_arabize,صف شهر ولا شهر,نصف شهر ولا شهر وصل ل,3.0450000762939453,youtube_lRzAACzMYI8_131,0.5
labeled_linagora_cs_arabize,شر ادخل ماعرض حد فيالشوار,دشره ادخل ما عرضه حد في الشوارع متاع,4.8470001220703125,youtube_lRzAACzMYI8_132,0.75
labeled_linagora_cs_arabize,لا راجل لا مرأةل,لا راجل لا امراه لا,1.402999997138977,youtube_lRzAACzMYI8_133,0.4
labeled_linagora_cs_arabize,د دار من هوني الهوني ببان الديار محلولة,ولد دار من هون لهوني بيبان الديار محلوله,7.464000225067139,youtube_lRzAACzMYI8_134,0.625
labeled_linagora_cs_arabize,تخل الدار منهم بموبيليتها بفروشاتها,تخلل دار منهم بموبيل تها بفرو شاتها,3.305000066757202,youtube_lRzAACzMYI8_135,0.8571428571428571
labeled_linagora_cs_arabize,جلتها بيت المنة تاعها,بكوزين تها ببيت المونه متاعها الدار الي,3.4179999828338623,youtube_lRzAACzMYI8_136,1.0
labeled_linagora_cs_arabize,جنبها كيف كيف,في جنبها كيف كيف الاخر,1.2419999837875366,youtube_lRzAACzMYI8_137,0.4
labeled_linagora_cs_arabize,بالمثل خرج البرا من الدشرة يلقىها سواني,بالمثل خرج البرا من الدشره يلقاها سواني,4.165999889373779,youtube_lRzAACzMYI8_138,0.2857142857142857
labeled_linagora_cs_arabize,,خضار ونوار اشجار الغله مهند فيها لانجاس,5.026000022888184,youtube_lRzAACzMYI8_139,1.0
labeled_linagora_cs_arabize,,دلدل كيف الشكاوي تفاح عوينه كرموس طاب,4.015999794006348,youtube_lRzAACzMYI8_140,1.0
labeled_linagora_cs_arabize,وريحة الأنس,وريحه الانس م,1.1619999408721924,youtube_lRzAACzMYI8_142,1.0
labeled_linagora_cs_arabize,ولا زائل لا دجاجة لا كلب,ثماش ولا زايله لا دجاجه لا كلب لا,4.886000156402588,youtube_lRzAACzMYI8_143,0.5
labeled_linagora_cs_arabize,حارو حار دليلشبه ه,قطوس حار وحار دليله آش بها ها البلاد,5.565999984741211,youtube_lRzAACzMYI8_144,0.875
labeled_linagora_cs_arabize,مش مسكونة اشتبمة زعم,هكار مش مسكونه اشمه زعما شنوا,4.442999839782715,youtube_lRzAACzMYI8_145,0.8333333333333334
labeled_linagora_cs_arabize,يقال يمتب ل,السبب قال يا مكتوب العجب,4.0960001945495605,youtube_lRzAACzMYI8_146,1.0
labeled_linagora_cs_arabize,هذه بلاد فارغة ماول اللي حوزها,هاذي بلاد فارغه ماللي حوزها هاني جيت,4.9070000648498535,youtube_lRzAACzMYI8_147,0.8571428571428571
labeled_linagora_cs_arabize,我ق,حوزتها وقعد,2.5239999294281006,youtube_lRzAACzMYI8_148,1.0
labeled_linagora_cs_arabize,yimcilesjer yeشbeɛ blɣell yetresḥ,فمة يمشي لجر يشبع بالغله يترس,5.2270002365112305,youtube_lRzAACzMYI8_149,1.0
labeled_linagora_cs_arabize,تى تخرج من عينيه ويتمد ح,حتى تخرج من عينيه وتمد تحت شجره,4.565999984741211,youtube_lRzAACzMYI8_150,0.5714285714285714
labeled_linagora_cs_arabize,ديطيح الليل يدخل الدار من الديار,يرقد يطيح الليل يدخل لدار من الديار,3.888000011444092,youtube_lRzAACzMYI8_151,0.42857142857142855
labeled_linagora_cs_arabize,قول ليه حتى نهار يشوف في فارس متعدي الغادي بعيد,كليه حتى نهار يشوف في فارس متاع غادي بعيد,7.015999794006348,youtube_lRzAACzMYI8_153,0.4444444444444444
labeled_linagora_cs_arabize,بدا يجري ويعيط يا فارس يا فارس حتى وقف,بدا يجري ويعيط يا فارس يا فارس حتى وقف,3.5999999046325684,youtube_lRzAACzMYI8_154,0.0
labeled_linagora_cs_arabize,رب أشبها هذا البلاد فارغة هذيقال,بربي آش بها ها البلاد فارغه هذ ا قال هذاكة,5.507999897003174,youtube_lRzAACzMYI8_155,0.9
labeled_linagora_cs_arabize,با,جهل بال مع فينا العام وماليها لم شل,4.065999984741211,youtube_lRzAACzMYI8_157,1.0
labeled_linagora_cs_arabize,م وسلموا فيها,جاتهم ملاقاتهم وسلموا فيها ومشا عمر بلاد,3.1440000534057617,youtube_lRzAACzMYI8_158,0.7142857142857143
labeled_linagora_cs_arabize,قال ملا انا اللي نورثها,اخرى قال مال انا الي نورثها حتى يورثها,5.828999996185303,youtube_lRzAACzMYI8_159,0.625
labeled_linagora_cs_arabize,لكن النهار لكل قاعد ومرتاح,لكن النهار الكل قاعد ومرتاح قلق حب,3.8459999561309814,youtube_lRzAACzMYI8_162,0.42857142857142855
labeled_linagora_cs_arabize,يخدمالو,يخدم المعون,2.4240000247955322,youtube_lRzAACzMYI8_163,1.0
labeled_linagora_cs_arabize,,موجود تمكن بطبه بعد جمعه ولا جمعتين يخدم,5.671999931335449,youtube_lRzAACzMYI8_164,1.0
labeled_linagora_cs_arabize,كان بور نق منها,فيها كانت بور نقى منها هك الحشيش,3.5850000381469727,youtube_lRzAACzMYI8_165,0.7142857142857143
labeled_linagora_cs_arabize,نظفها لكن اش ماش يزرع,ونظفها لكن آش مش يزرع,3.4260001182556152,youtube_lRzAACzMYI8_166,0.6
labeled_linagora_cs_arabize,قال خلين نمشي,فيها قال خليني نمشي,3.125,youtube_lRzAACzMYI8_167,0.5
labeled_linagora_cs_arabize,نلقا بعض البلا,نفركس نلق بعض البلاد,2.944999933242798,youtube_lRzAACzMYI8_168,0.75
labeled_linagora_cs_arabize,ف شد ثني النهار الكل ه يمشي طا,نشوف ثنيه النهار الكله هو يمشي طاح,5.400000095367432,youtube_lRzAACzMYI8_170,0.8571428571428571
labeled_linagora_cs_arabize,باتفياللا,الليله عليه بات في الخلا من غد ويك ما,3.9660000801086426,youtube_lRzAACzMYI8_171,1.0
labeled_linagora_cs_arabize,بين الظهر والعاصر عليه وعلب,بين الظهر والعصر عليه و على,1.9630000591278076,youtube_lRzAACzMYI8_172,0.5
labeled_linagora_cs_arabize,اد تخلل هيك البلاد ما عندوش,بلاد تخلل هك البلاد ما عندوش,4.947000026702881,youtube_lRzAACzMYI8_173,0.3333333333333333
labeled_linagora_cs_arabize,يشري الزريعة الي حاجت بها,باش يشري الزريعه الي حاجته بها اخل,4.927000045776367,youtube_lRzAACzMYI8_174,0.5714285714285714
labeled_linagora_cs_arabize,س لحمال وبدا يحمل هذاعطه,السوق الحمال وبدا يحمل هاذا يعطيه ربع,4.697999954223633,youtube_lRzAACzMYI8_175,0.7142857142857143
labeled_linagora_cs_arabize,ريال حتى لمور,ريال و هاذا يعطيه نصف ريال حتى لمص وردات,3.0,youtube_lRzAACzMYI8_176,0.7777777777777778
labeled_linagora_cs_arabize,وشرا الزريعة لفتو وسفناريا وبصل وثوم وطماطم,وشراز زريعه لفت وفنار وبصل وثوم وطماطم,3.825000047683716,youtube_lRzAACzMYI8_177,0.5714285714285714
labeled_linagora_cs_arabize,لفلوزاد شرا دجاجة وشرا سردوك وروح بيهم,وفلفل وزاد شرا دجاجه وشرا سردوك وروح بهم,4.736000061035156,youtube_lRzAACzMYI8_178,0.5
labeled_linagora_cs_arabize,rاɛة وḥet هakk دjaجة وserdukب,ازرع وحط هاك الدجاجه وال سردوك وبدات,3.4059998989105225,youtube_lRzAACzMYI8_179,1.0
labeled_linagora_cs_arabize,lu krkwت,تبيض كركت,2.7279999256134033,youtube_lRzAACzMYI8_181,1.0
labeled_linagora_cs_arabize,,رقدها فقص ال فلالس كبروا ولا اطق فرج ولا,7.1479997634887695,youtube_lRzAACzMYI8_182,1.0
labeled_linagora_cs_arabize,جا حر الخضر طا,سرادك ولا دجاج حضر الخضره طابت ولا يهبط,4.984000205993652,youtube_lRzAACzMYI8_183,1.0
labeled_linagora_cs_arabize,لد يبيع,للبلاد ويبيع,0.7839999794960022,youtube_lRzAACzMYI8_184,1.0
labeled_linagora_cs_arabize,شرا نعيشة شرا بكرة,شرا نعيش شرا بقره شرا,3.177000045776367,youtube_lRzAACzMYI8_185,0.6
labeled_linagora_cs_arabize,هيم,بهيم اففت,2.4079999923706055,youtube_lRzAACzMYI8_186,1.0
labeled_linagora_cs_arabize,حول ولا مخالت هاك البلادهب,احواله ولا مخالط هك البلاد الاذاعه في,5.486999988555908,youtube_lRzAACzMYI8_187,0.8571428571428571
labeled_linagora_cs_arabize,رفي الغلذكرة الالعظم دجاج العلوش,الخضره و في الغله العظم الجاج العلوش,3.7249999046325684,youtube_lRzAACzMYI8_188,0.8571428571428571
labeled_linagora_cs_arabize,عل مرف حرفوات,الزبده عمل معارف حرف هوات ولا,3.0840001106262207,youtube_lRzAACzMYI8_189,1.0
labeled_linagora_cs_arabize,معروف أيا اخطب اخذء,معروف خطب اخذا وهز,5.423999786376953,youtube_lRzAACzMYI8_190,0.75
labeled_linagora_cs_arabize,طلا عليها شهر صحيح ما نطولو نال,مرته طلع عليها شهر صحيح ماط نازله جابت,5.406000137329102,youtube_lRzAACzMYI8_191,0.625
labeled_linagora_cs_arabize,وهو يخدم ومرته تخدم ولا صاحب,ل وهو يخدم ومرته تخدم ولا صاحب,3.9760000705718994,youtube_lRzAACzMYI8_192,0.14285714285714285
labeled_linagora_cs_arabize,ولا بالخدام وبالخماسة والح,ثروه ولا بالخدام وبخمسه وبال,5.446000099182129,youtube_lRzAACzMYI8_193,0.6
labeled_linagora_cs_arabize,ḥراطا صاحب سوan وهnaشeر وال غلeل والeخḍار,الحراثه صاحب سواني وناشر والغل و الخضار,6.188000202178955,youtube_lRzAACzMYI8_194,0.8571428571428571
labeled_linagora_cs_arabize,بلكرارت كل يوم يهبط لهاك البلاد وجالبت,بالكرار كل يوم يهبط لك البلاد وجلبت,4.105999946594238,youtube_lRzAACzMYI8_195,0.42857142857142855
labeled_linagora_cs_arabize,نم وحدها وجربت اتبقرو,الغنم وحدها وجلبه البقر,1.7230000495910645,youtube_lRzAACzMYI8_196,0.75
labeled_linagora_cs_arabize,كبر الوليد ولا رويجل وا يخد,وحدها كبر الولد ولا رويجل ولا يخدم مع,5.269999980926514,youtube_lRzAACzMYI8_197,0.625
labeled_linagora_cs_arabize,بوه بشوية بشوية حتى ولا كل شيء في يده,ابوه بشويه بشويه حتى ولا كل شيء في يده,5.788000106811523,youtube_lRzAACzMYI8_198,0.3333333333333333
labeled_linagora_cs_arabize,ولا هو الفاتق الناطق ولا هو اللي بيع,ولا هو الفات الناطق ولا هو الي يبيع وهو,4.025000095367432,youtube_lRzAACzMYI8_199,0.4444444444444444
labeled_linagora_cs_arabize,يشري وهك الراجل كبر عظامه,الي يشري وهك الراجل كبر عظامه,4.02400016784668,youtube_lRzAACzMYI8_200,0.16666666666666666
labeled_linagora_cs_arabize,قالول يا,ثقلت حتى قال ولد يا بابا توا انت ارتاح,4.447000026702881,youtube_lRzAACzMYI8_201,0.8888888888888888
labeled_linagora_cs_arabize,كوقال الشيب هذا هو الكنز,عليك وقال الشايب هاذا هو الكنز الي ما,6.488999843597412,youtube_lRzAACzMYI8_203,0.75
labeled_linagora_cs_arabize,فاشلرض,يوفاش الارض,1.9279999732971191,youtube_lRzAACzMYI8_204,1.0
labeled_linagora_cs_arabize,نز دايم عمره مايوفى وما,كنز دايم عمره ما يوفى وما,2.562999963760376,youtube_lRzAACzMYI8_205,0.5
labeled_linagora_cs_arabize,nwekذeleك ll,يفنى وكذلك الي,3.805000066757202,youtube_lRzAACzMYI8_206,1.0
labeled_linagora_cs_arabize,لكن هوني مش كل لد,ولد لكن هون مش كله ولد,4.039999961853027,youtube_lRzAACzMYI8_207,0.6666666666666666
labeled_linagora_cs_arabize,ثم الصالحث,كنز ثم الصالح وثم,3.125,youtube_lRzAACzMYI8_208,0.75
labeled_linagora_cs_arabize,الح لأرض كنز ما يوفاش هذه ماف,الطالح الارض كنز ما يوفاش هاذي ما فيها,4.668000221252441,youtube_lRzAACzMYI8_209,0.625
labeled_linagora_cs_arabize,معمرها ما تخلي بيك عمرها ما تكذ,كلام عمرها ما تخلي بيك عمرها ما تكذب,5.646999835968018,youtube_lRzAACzMYI8_211,0.375
labeled_linagora_cs_arabize,يما تلقاها اخ برك عي,عليك ديما تلقاها اخدم بركا تعطيك,3.696000099182129,youtube_lRzAACzMYI8_212,0.8333333333333334
labeled_linagora_cs_arabize,ده,ام الاولاد فيهم,1.0820000171661377,youtube_lRzAACzMYI8_213,1.0
labeled_linagora_cs_arabize,عليهم ورب يصلح حال ذرية ويحننهم على اب,وعليهم وربي يصلح حال الذريه ويحنن على,6.067999839782715,youtube_lRzAACzMYI8_214,0.7142857142857143
labeled_linagora_cs_arabize,واه أعذ بالله,بعضهم و على و الديهم واعوذ بالله من عقوق,3.752000093460083,youtube_lRzAACzMYI8_215,0.8888888888888888
labeled_linagora_cs_arabize,,الوالدين,0.6629999876022339,youtube_lRzAACzMYI8_216,1.0
labeled_linagora_cs_arabize,صح الخير معك خطوط طيران يونايتد,صباح الخير معاك خطوط طيران يونايتد,1.9119999408721924,TunSwitchTO_0000015_0000000_0000012_b0000007q_15_00_12_b7q_0,0.3333333333333333
labeled_linagora_cs_arabize,nusur,نسور,1.2640000581741333,nousour_31892_0,1.0
labeled_linagora_cs_arabize,ماء إما يتي عن طريق الأمطار,الماء اما يجي عن طريق الامطار ولا عن,3.365000009536743,youtube_FZpU5XIeIjU_0,0.75
labeled_linagora_cs_arabize,العي وليس أشهر من حناي,طريق العيون وليس اشهر من حنايه كرتاج في,7.329999923706055,youtube_FZpU5XIeIjU_1,0.75
labeled_linagora_cs_arabize,هد الرومان الحنايا وقتهاش تعمل,العهد الروماني الحنايه وقتاش تعملت,2.944999933242798,youtube_FZpU5XIeIjU_2,1.0
labeled_linagora_cs_arabize,تعاملت في اواسط القرنا,الحنايه هذيكة تعملت في اواسط القرن,3.0859999656677246,youtube_FZpU5XIeIjU_3,0.6666666666666666
labeled_linagora_cs_arabize,ني,الثاني,0.5609999895095825,youtube_FZpU5XIeIjU_4,1.0
labeled_linagora_cs_arabize,ميلادي ولحنايا تجيب الماء من زغوان,ميلادي حنايه تجيب الماء من زغوان و من,3.946000099182129,youtube_FZpU5XIeIjU_5,0.375
labeled_linagora_cs_arabize,توصلها حتى الكرتاج فقط متغ,جوجار توصلها حتى الرتاج فقط يعني ما تغذي,5.428999900817871,youtube_FZpU5XIeIjU_6,0.625
labeled_linagora_cs_arabize,حتى مدينة اخرى الا وهي مياه عمومية,لاغ حتى مدينه اخرى الا و هيا مياه عموميه,3.1059999465942383,youtube_FZpU5XIeIjU_7,0.5555555555555556
labeled_linagora_cs_arabize,التعريف بار اكسلنس مياه عمومية,بالتعريف بار اكسونس مياه عموميه مياه,3.0260000228881836,youtube_FZpU5XIeIjU_8,0.6666666666666666
labeled_linagora_cs_arabize,مية هذ علش تشعل حنايا كرتاج,عموميه هاذي علاش تشعل حنايا كارتاج تجعل,3.747999906539917,youtube_FZpU5XIeIjU_9,0.7142857142857143
labeled_linagora_cs_arabize,غذ حمامات,باش يغذي حمامات,1.784000039100647,youtube_FZpU5XIeIjU_10,0.6666666666666666
labeled_linagora_cs_arabize,الحمامات العملاقة,انطونيوس الحمامات العملاقه لي تيرم دوننا,3.806999921798706,youtube_FZpU5XIeIjU_11,0.8333333333333334
labeled_linagora_cs_arabize,قناة قرطا,يغذيها احنا يعني قناه قرطاج او قناه,5.567999839782715,youtube_FZpU5XIeIjU_13,1.0
labeled_linagora_cs_arabize,زان قرا أو قناة جوجار زغوان قرطاج,زغوان قرطاج او قناه جوجار زغوان قرطاج,3.684000015258789,youtube_FZpU5XIeIjU_14,0.5714285714285714
labeled_linagora_cs_arabize,نقول القناة هذي,انا ديما نقول القناه هذ هو,2.124000072479248,youtube_FZpU5XIeIjU_15,0.8333333333333334
labeled_linagora_cs_arabize,تسرق منا احلامنا وطموحاتنا,تسرق منا احلامنا و طموحاتنا,2.0,0000023_0000021_23_21_0,0.4
labeled_linagora_cs_arabize,إلى اللقاء,الى اللقاء,0.9279999732971191,ar--1051_1.wav_1051_1_0,0.5
labeled_linagora_cs_arabize,دكتور هيشام عوينا ضيفنا اليوم أستاذ بكلية الطبي تونس اختصاصي في الأمراض الصدرية شارل نيكول ونائب رئيس الجمعية التونسية,آه دكتور هشام عوينة ضيفنا اليوم استاذ بكلية الطب بتونس اختصاصي في الامراض الصدرية شارنيكول ونائب رئيس جمعية التونسية,7.455999851226807,amenyKH_0000006_0000006_0002012_partie0000003_chunk_0000021_06_06_2012_partie3_chunk_21_0,0.5263157894736842
labeled_linagora_cs_arabize,يعمل,يعمل,0.8399999737739563,ar--1325_0.75.wav_1325_0.75_0,0.0
labeled_linagora_cs_arabize,ونه طريق لطيبو به سخنو الزيت نا بالباهي ونقلو في التاب الكروية و الثوق بع قل الملوخية ا نمرق بالميسخون حركوها,منين و اناهي الطريقه الي طيبو بها نسخنوا الزيت متعنا بالباهي و نقليو فيه التابل و الكرويه و الثوم من بعد نقليو الملوخيه متعنا و نمرقو بالماء السخون نحركوها و,8.255999565124512,segment_0000967_segment_967_0,0.9
labeled_linagora_cs_arabize,السلام عليكم ولهي سامحوني يا أخي شكون المسؤول عن هالتسيب اللي تتحثو عنه أنا عن,السلام عليكم بالله سامحوني ياخي آشكون المسؤول عن ها التسيب الي تتحدثوا عنه انا عن,7.5279998779296875,TunSwitchTO_0000037_0000018_0000057_0000009do_37_18_57_9do_0,0.6
labeled_linagora_cs_arabize,الميل بعدني,الماء المعدني,1.5759999752044678,ar--1660_0.75.wav_1660_0.75_0,1.0
labeled_linagora_cs_arabize,خرج قالك السيد ناطق الرسمي متاع اعتصام الكمور اللي منصب روحه,خرج قاللك السيد نطق الرسمي متاع اعتصام الكامور الي منصب روحه,4.656000137329102,amenyKH_tataouine__for_acoustic_analysis_Sync0000463_no_speaker_0001448.0000092_0001453.0000056_tataouine__for_acoustic_analysis_Sync463_no_speaker_1448.92_1453.56_0,0.36363636363636365
labeled_linagora_cs_arabize,رس شhر قnا فىḥق الفرطة n سيوhيnة بعدما,راس الشهر قلنا في الحلقة الفارطة انو سي وخينا من بعد ما,3.368000030517578,TunSwitchTO_0000020_0000011_0000056_x0000001k_20_11_56_x1k_0,1.0
labeled_linagora_cs_arabize,الحساسية,الحساسية,1.0080000162124634,ar--2207_1.25.wav_2207_1.25_0,0.0
labeled_linagora_cs_arabize,هوم يبينو مكانوش في رفاهيه قبل ومعناها وأمورهم واضحه وكل,هوما بيدهم ما كانوش في رفاهية قبل و معناها و امورهم واضحة و كل,6.199999809265137,0000051_0000068_0000001_51_68_1_0,0.8571428571428571
labeled_linagora_cs_arabize,للطفي العبد لي ما هو صحاب ناوك تو كي قلت واجهة وكريم الغربي,لطفي العبدلي ماهو صحاب انا وياك توكي قلت وجيهه وكريم الغربي نفهمك,4.863999843597412,youtube_En78_NjVBME_0,0.8333333333333334
labeled_linagora_cs_arabize,عملوا ديتورني وناجحين ميجالو لصقتو بالكولفور خاطر ميجالو عمل زو تجارب منهم تجربة انا معاه وفشلت فشل ذريع,عمل دي تورني و ناجحين ميقالو لصقتو بالكلفور خاطر ميقالو عمل زوز تجارب منهم تجربه منهم تجربه انا معه وفشلت فشل ذريع,10.239999771118164,youtube_En78_NjVBME_1,0.5909090909090909
labeled_linagora_cs_arabize,بسبب عدم عدم حد شي إش علينا ذ ماحققش لسقت ميقالو لأنك هنا ولي ماعدش موضوعي لطفي وانت معروف بالموضوعية,بسبب عدم عدم حد شيء آش علينا دونك ما حقكش لصقت ميقالو لانك هنا وليت معادش موضوعي لطفي و انت معروف بالموضوعيه,11.04800033569336,youtube_En78_NjVBME_2,0.5454545454545454
labeled_linagora_cs_arabize,وتراح لطف يجاوبني شنو معنتها خليك تقول ميقالو مثلا وعلاش ما حطيتش لمي نهتي لي هو حب بناي,وتراه لطفي جاوبني شنوو معناتها خليك تقول ميقالو مثلا و علاش ما حطيتش لمين النهدي الي هو حب بنيه ايه,6.751999855041504,youtube_En78_NjVBME_3,0.6
labeled_linagora_cs_arabize,e termometër,الترموماتر,1.4639999866485596,ar--2196_0.75.wav_2196_0.75_0,2.0
labeled_linagora_cs_arabize,فات علاش توا لعباد رجال ولا نسا معادش يحبو يعرسو فو سفور ديجا اللي ان وروب ثخو ا دو طمب,ان فات علاش توا لعباد رجال و الا نساء ما عاد ش يحبوا يعرسوا يل فو سافوار ديجا الي ان اوروب تروا كار دو تون,10.503999710083008,0000039_0000049_0000000_39_49_0_0,0.64
labeled_linagora_cs_arabize,,ثلطاش,0.6639999747276306,ar--1131_1.25.wav_1131_1.25_0,1.0
labeled_linagora_cs_arabize,يا فحمي,يفرح ب,0.6320000290870667,ar--1518_1.5.wav_1518_1.5_0,1.0
labeled_linagora_cs_arabize,هكي قلت ملكه,هكاية قلت م كهو,1.5520000457763672,amenyKH_0000008_chunk_0000570_008_chunk_570_0,0.75
labeled_linagora_cs_arabize,غولي مشكا,غالي مش هكة,1.7999999523162842,TunSwitchTO_0000021_0000023_0000003_vh0000007_21_23_03_vh7_0,1.0
labeled_linagora_cs_arabize,عبدالله فرحان غريب باش يمشي يطلعلاخوه,عبد الله فرحان قريب باش يمشي يطل على خوه,5.624000072479248,ar--3301_0.75.wav_3301_0.75_0,0.6666666666666666
labeled_linagora_cs_arabize,حوفيسعمغي لراقيذ شكرا,هاو فيسع و من غير تعقيد شكرا,2.4000000953674316,ar--3646_1.25.wav_3646_1.25_0,0.8571428571428571
labeled_linagora_cs_arabize,و اناندي ها مشكل مع التقطعية وها زا لى ر دكولون  التقي ت انت مر,و هاذايا انا عندي هاذايا مشكلتي مع التقاطعية و هاذايا زادة لا كريتيك ديكولونيال متاع التقاطعية تقلك انت ان في ما تراش,6.880000114440918,0000050_0000169_0000001_50_169_1_0,0.8636363636363636
labeled_linagora_cs_arabize,يحاول,يحاول,0.8560000061988831,ar--2129_1.wav_2129_1_0,0.0
labeled_linagora_cs_arabize,al قobros,القبرص,1.25600004196167,Al_9obross_31466_0,2.0
labeled_linagora_cs_arabize,من بعد نهيمشات تخدم وانا كمل دكتوراه نتا نحكيو عليه زادا المرحلة ذيا,مي بعد نهال مشات تخدم و انا كملت دوكتورا توا نحكيو عليها زادة المرحلة هاذيا,4.191999912261963,0000027_0000015_0000002_27_15_2_0,0.7333333333333333
labeled_linagora_cs_arabize,relacement juridique c'était en décembre,لانسمون جوريديك سيتاي ان ديسمبر دو ميل ديسسبت و,2.8480000495910645,0000026_0000015_0000000_26_15_0_0,1.0
labeled_linagora_cs_arabize,اي فر ون لكم   من خر,ملخر هاي افريون ويلكوم باك تو,7.631999969482422,0000076_0000000_0000000_76_0_0_0,1.0
labeled_linagora_cs_arabize,أي نحبو الكليونات متاعنا يعاونونا في الراس كلاب,اي نحبو لكليونات متاعنا يعاونونا في الرسكلة,5.015999794006348,ar--3182_1.25.wav_3182_1.25_0,0.5714285714285714
labeled_linagora_cs_arabize,تع لبسا والكل وتاع حلو وفي العيد تاع الذهك ناخدو كان نهارين,متاع لبسة والكل ومتاع حلو و في العيد متاع ال الدهك ناخذوا كان نهارين فسروا لي,5.248000144958496,amenyKH_0000004_chunk_0000042_004_chunk_42_0,0.6875
labeled_linagora_cs_arabize,الناس حاجتهم بالرياضة شبعو الصحاف ويسوح اشي,الناس حاجتهم بالرياضة باش يقعدو صحاح و حسو رواحهم ناشطين,3.3919999599456787,ar--3166_1.25.wav_3166_1.25_0,0.7
labeled_linagora_cs_arabize,انتي كوتش سبورتيف مثلا كوتش سبورتيف بانجم نعيش وباش نجم نكون ممثل مالوريزمو هذا الكل يخليني أنا نقول مرتاح شوية,انت انت كوتش سبورتي مثلا كوتش سبورتي باش نجم نعيش و باش نجم نكون ممثل مالوروزمون هاذا الكل يخليني انا نقول مرتاح شوي,11.095999717712402,0000043_0000054_0000000_43_54_0_0,0.5217391304347826
labeled_linagora_cs_arabize,عمي الحاجة الفلانية تقي ي  ستحقش,عمل الحاجة الثانية تقولي لا ما لا ما نستحقش,2.135999917984009,amenyKH_Hkayet_Tounsia_S0000001_Episode_0000004_0000019_0000012_0002016_Partie_0000002_Sync0000156_no_speaker_0001856.0000066_0001858.0000084_Hkayet_Tounsia_S01_Episode_04_19_12_2016_Partie_02_Sync156_no_speaker_1856.66_1858.84_0,0.8888888888888888
labeled_linagora_cs_arabize,وقوية معتهاوخ عنته واحد مشيت حتى للرابطة وبالمناسبة هذينشكر د مدام مع الدكتوره شيبوبرابطسالرابطة,وقوية معناتها ودخت معناتها و واحد مشيت حتى لرابطة و بالمناسبة هاذيا نكثر نشكر زادة مدام آه د ا مع الدكتورة ش شيبوب الي في الرابطة قسم الرابطة,10.055999755859375,amenyKH_0000006_0000006_0002012_partie0000001_0000003_chunk_0000192_06_06_2012_partie1_3_chunk_192_0,0.7857142857142857
labeled_linagora_cs_arabize,kožana,كشك الجرايد,0.7680000066757202,ar--1892_1.25.wav_1892_1.25_0,1.0
labeled_linagora_cs_arabize,ل  ل  ل ال  ي عرفني عرفي,اي تايك ماي درايفينق سكيلز زادة تو ذي نكست ليفل الي يعرفني يعرف الي ايم ا تيريبل درايفر ايم تيريبل,10.192000389099121,Melekher0000012_0000131_0000001_Melekher12_131_1_0,1.0
labeled_linagora_cs_arabize,تتصور واحد مثلا باش يدخل على إصلاح التعليم,آه تتصور واحد مثلا باش يدخل على اصلاح التعليم,2.3359999656677246,amenyKH_0000002_chunk_0000080_002_chunk_80_0,0.2222222222222222
labeled_linagora_cs_arabize,一لية,يبيع,0.6159999966621399,ar--1522_1.25.wav_1522_1.25_0,1.0
labeled_linagora_cs_arabize,في الشوكا,في الشوكة,0.6399999856948853,ar--1307_1.wav_1307_1_0,0.5
labeled_linagora_cs_arabize,اتب,الطابق,0.6079999804496765,ar--1763_1.25.wav_1763_1.25_0,1.0
labeled_linagora_cs_arabize,so nاو مدام مفمش بسيكولوج فليس نحب,سو ناو مادام ما فماش دي بسيكولوغ فال ليسي نحب,3.2720000743865967,0000072_0000100_0000001_72_100_1_0,0.9
labeled_linagora_cs_arabize,كان بطرس واحد من لتلامذة متاع يسوع اللي آمنو بيه وكانو ديما معاه وقت اللييسوع مات وقام وترفع للسماء ولا بطرس يدور ويحكي على يسوع,كان بطرس واحد من التلامذة متاع يسوع الي آمنو بيه و كانو ديما معاه وقت الي يسوع مات و قام و ترفع للسماء و ولا بطرس يدور و يحكي على يسوع,11.784000396728516,35_Cornelius_OneStory_AEB_0,0.41935483870967744
labeled_linagora_cs_arabize,وكان فما راجل اسمو كرنيليوس م كانش من اليهوت اللي كانو يتسماو شعب ربي لكن كان راجل صالح هو وعيلتو وكانو يعاونو الناس ونهار من نهارات شاف رؤية جاه ملاك وقالو,و كان فمة راجل اسم كرنيليوس ما كانش من اليهود الي كانو يتسماو شعب ربي لكن كان راجل صالح هو و عايلته و كانو يعاونو الناس و نهار من نهارات شاف رؤيا جاه ملاك و قالوا,14.831999778747559,35_Cornelius_OneStory_AEB_1,0.4444444444444444
labeled_linagora_cs_arabize,ربي اسمع صلواتك ابعث شكون يجيبلك راجل اسمه بطرس من مدينة يافا,ربي سمع صلواتك ابعث اشكون يجيبلك راجل اسمه بطرس من مدينة يافا,5.343999862670898,35_Cornelius_OneStory_AEB_2,0.16666666666666666
labeled_linagora_cs_arabize,بعث كورنيليوس ثلاثة من رجالو وفسرلهم كل شي وهما مشاو وكيقريب يوصلوا لمدينة يافا يعني مدينة في فلسطين كان بطرس قاعد في دار واحد,بعث كرنيليوس ثلاثة من رجالو و فسرلهم كل شيء و هما مشاو و كي قريب يوصلو لمدينة يافا يعني مدينة في فلسطين كان بطرس قاعد في دار واحد و جيعان,12.736000061035156,35_Cornelius_OneStory_AEB_3,0.4
labeled_linagora_cs_arabize,وجيعان وكان ثما شكون يحضر في ماكلة اما هو طلع لسطاح باش يصلي وهكا شاف رؤية كاينه ملحفة هاطم السماء مشدودة من أطرافها الأربعة,و كان فمة شكون يحضر في ماكلة اما هو طلع للسطح باش يصلي و هكة شاف رؤيا كايني ملحفة هابطة من السماء مشدودة من اطرافها الاربعة,11.831999778747559,35_Cornelius_OneStory_AEB_4,0.46153846153846156
labeled_linagora_cs_arabize,ومليانة بالحيوانات الطاهرة والمنجوسة,و مليانة بالحياوانات الطاهرة و المنجوسة,2.880000114440918,35_Cornelius_OneStory_AEB_5,0.8333333333333334
labeled_linagora_cs_arabize,واسمع اصوت يقلو يا بطرس قوم اثبح وكول وبطرس يجاوب لا يا ربي انا عمري ماكلية ماكلة منجوسة وربي يجاوبو اللي تهرو ربي ما تنجسوش انتي,و سمع صوت يقلو يا بطرس قوم اذبح و كول و بطرس يجاوب لا يا ربي انا عمري ما كليت ماكلة منجوسة و ربي جاوب الي يطهر ربي ما تنجسوش انت,14.815999984741211,35_Cornelius_OneStory_AEB_6,0.5161290322580645
labeled_linagora_cs_arabize,وتعود الصوت ثلاثة مرات وقعدت بطرس يخمم زعمة شنيا ه الرؤية اللي شفتها,و تعاود الصوت ثلاثة مرات و قعد بطرس يخمم زعمى شنيا ها الرؤيا الي شفتها,5.809999942779541,35_Cornelius_OneStory_AEB_7,0.5333333333333333
labeled_linagora_cs_arabize,وبعد ما وصلو رجال كرنليوس وسالو على بطرس رجعو روح ربي لبطرس مرة اخرى وقالو ه الرجال انا بعفتهم امشي معاهم وما تخافش من حتى شي,و بعد ما وصلو رجال كرنيليوس و سؤلو على بطرس رجع روح ربي لبطرس مرة اخرى و قالوا ها الرجال انا بعثتهم امشي معاهم و ما تخافش من حتى شيء,12.583999633789062,35_Cornelius_OneStory_AEB_8,0.43333333333333335
labeled_linagora_cs_arabize,يا أخي مشا بطرس مع الرجال وكي وصلو القاو اليكورنيليوس استدعى اهلو وأصحابه وكانت الناس الكل تستنى فيه,ياخي مشى بطرس مع الرجال و كي وصلو لقاو الي كرنيليوس استدعى اهلو و اصحابو و كانت الناس الكل تستنى فيه,8.472000122070312,35_Cornelius_OneStory_AEB_9,0.5714285714285714
labeled_linagora_cs_arabize,قالهم بطرس احنا اليهوت ما نخالطوش الناس اللي ماهمش منا وما ندخلوش لديارهم اما توا ربي وراني اللي الناس الكل عندو كيف كيف وهذاك علاش انا جيد,قالهم بطرس احنا اليهود ما نخالطوش الناس الي ما هم ش منا و ما ندخلوش لديارهم اما توا ربي وراني الي الناس الكل عنده كيف كيف و هذاكة علاش انا جيت,12.807999610900879,35_Cornelius_OneStory_AEB_10,0.3870967741935484
labeled_linagora_cs_arabize,قاله كورنيليوس احنا الكل توا في محضر ربي ونحب نسمعو كل شيء اللي امرك به ربي,قالوا كرنيليوس احنا الكل توا في محضر ربي و نحبو نسمعو كل شيء الي آمرك بيه ربي,6.696000099182129,35_Cornelius_OneStory_AEB_11,0.4117647058823529
labeled_linagora_cs_arabize,قالهم بطرس توا فهمت اللي ربي يقبل الناس والشعوب الكل اللي يمنو بيه ويطيعوه من غير ما يفرغ مبيناتهم وفسرلهم كيفاش جا يسوع للعالم ومات وقام,قالهم بطرس توا فهمت الي ربي يقبل الناس و الشعوب الكل الي يؤمنو بيه و يطيعوه من غير ما يفرق ما بيناتهم و فسرلهم كيفاش جى يسوع للعالم و مات و قام,13.751999855041504,35_Cornelius_OneStory_AEB_12,0.53125
labeled_linagora_cs_arabize,وكل واحد يؤمن بيه تغفر ذنوبه الكل,و كل واحد يمن بيه تغفر ذنوبو الكل,2.808000087738037,35_Cornelius_OneStory_AEB_13,0.5
labeled_linagora_cs_arabize,وكي بطرس قعد يفسر على الامور الروحية الكل هبطط عليهم الروح القدس وبداو يسبحوا ويمجدو في ربي يا خي بطرس قال هالجماعة اللي هبطط عليهم الروح القدس كيفنا,و كي بطرس قعاد يفسرلهم على الامور الروحية الكل هبط عليهم الروح القدس و بداو يسبحو و يمجدو في ربي ياخي بطرس قال ها الجماعة الي هبط عليهم الروح القدس كيفنا,12.53600025177002,35_Cornelius_OneStory_AEB_14,0.5161290322580645
labeled_linagora_cs_arabize,وهما موش من الهوت شكون ينجم يقول اللي ماعندهمش الحق باش يتعمدو بالماء وزادا قال بطرس عمدوهم بالماء باسم يسوع المسيح,و هم مش من اليهود شكون ينجم يقول الي ما عندهمش الحق باش يتعمدو بالماء و زادة قال بطرس عمدوهم بالماء باسم يسوع المسيح,10.616000175476074,35_Cornelius_OneStory_AEB_15,0.375
labeled_linagora_cs_arabize,ومن بعد طلبت الجماعة من بطرس باش يزيد يقعد معاهم ايامات اخرين,و من بعد طلبت الجماعة من بطرس باش يزيد يقعد معاهم ايامات اخرين,5.015999794006348,35_Cornelius_OneStory_AEB_16,0.15384615384615385
labeled_linagora_cs_arabize,المكايز,المكيف,1.1039999723434448,ar--1739_0.75.wav_1739_0.75_0,1.0
labeled_linagora_cs_arabize,يأثر,ياثر,0.6639999747276306,ar--1749_1.wav_1749_1_0,1.0
labeled_linagora_cs_arabize,الكات,الكارطة,0.6240000128746033,ar--1359_1.25.wav_1359_1.25_0,1.0
labeled_linagora_cs_arabize,akahau,اكهو,1.055999994277954,akahow_26800_0,1.0
labeled_linagora_cs_arabize,ان حساسية,الحساسية,1.7120000123977661,ar--2207_0.75.wav_2207_0.75_0,2.0
labeled_linagora_cs_arabize,بجه رب يزي من الحكايات الفارغة ومن اللغة اللي كل مرة تحكي بها t,بجاه ربي يزي من الحكايات الفارغة و من اللغة الي كل مرة تحكيو بيها تي,4.455999851226807,TunSwitchTO_0000020_0000020_0000036_x0000004l_20_20_36_x4l_0,0.5333333333333333
labeled_linagora_cs_arabize,o kic tłasa,و كيف توفى,0.7360000014305115,0000020_0000043_20_43_0,1.0
labeled_linagora_cs_arabize,فيديوهات متاع ولاد صغار يقولوا في كلام,فيديوهات متاع ولاد صغار يقولوا في كلام,2.0,youtube_1XaIC_haubo_0,0.0
labeled_linagora_cs_arabize,ويصور روحه وصور ويهبط,كلام و يصور روحه و يصور و يهبط,2.799999952316284,youtube_1XaIC_haubo_1,0.875
labeled_linagora_cs_arabize,خويا بغض النظر على مهوم ينجم يكون مخب بيها على موهوم وينجم يكون عام في بروفيل ينجم يكون أي موضوع متش طيحو انت ولكن هالفيسبوك ولا يلمهم الكل,يخويا بغض النظر على بوه و امو ينجم يكون مخبيه على بوه و امو ينجم يكون عامل فو بروفيل ينجم يكون اي موضوع ما تنجمش تطيحوا انت و لكن هالفيسبوك ولا يلمهم الكل,7.800000190734863,youtube_1XaIC_haubo_2,0.5454545454545454
labeled_linagora_cs_arabize,حتى يعملوا اجتماعات,ولاو حتى يعملوا اجتماعات,1.3600000143051147,youtube_1XaIC_haubo_3,0.25
labeled_linagora_cs_arabize,ولاو يحطو يفnموnt باش نتقابلوا في ابلاصة الفلانية رانت,ولاو يحطوا ايفينمو رانا باش نتقابل في البلاصه الفلانيه رانا باش نتقابلو دونك,3.384000062942505,youtube_1XaIC_haubo_4,0.7692307692307693
labeled_linagora_cs_arabize,ولا اك السمومة ذيكمنتشرة,ولا اك السموم هذيكة منتشره,2.312000036239624,youtube_1XaIC_haubo_5,0.6
labeled_linagora_cs_arabize,يمشي إل,يمشي ال,1.128000020980835,ar--1266_0.75.wav_1266_0.75_0,0.5
labeled_linagora_cs_arabize,من الفكرة هذا قلنا ياشنهو لازم لازمنا قانون,دونك من الفكرة هاذيا قلنا ايا شنيا لازم لازمنا قانون,2.2880001068115234,0000015_0000044_15_44_0,0.4
labeled_linagora_cs_arabize,وين الدروج الذي يتحرك,وين الدروج الي يتحرك,1.4559999704360962,TunSwitchTO_0000075_0000011_0000021_ij0000008_75_11_21_ij8_0,0.25
labeled_linagora_cs_arabize,المرة,المكتبة,0.5019999742507935,ar--1889_1.5.wav_1889_1.5_0,1.0
labeled_linagora_cs_arabize,الب,متاع الدلاع ونمشي للحمة متاع البطيخ وقت الي تقول لي فاطمة عندكشي معناها ميزات,8.343999862670898,amenyKH_0000011_chunk_0000063_011_chunk_63_0,1.0
labeled_linagora_cs_arabize,برتغالي,برتغالي,0.6800000071525574,ar--1963_1.25.wav_1963_1.25_0,0.0
labeled_linagora_cs_arabize,يقولك انت مازالك شبيتر هذاش هو يعرف حسب انا شهر,يقلك انت مازالك ال شابتر هاذايا هو يعرف حسب انا شهر,3.5999999046325684,0000027_0000165_0000002_27_165_2_0,0.36363636363636365
labeled_linagora_cs_arabize,直得个,نجيبلكم المونو,0.9520000219345093,ar--3143_1.5.wav_3143_1.5_0,1.0
labeled_linagora_cs_arabize,qaref,قارس,1.784000039100647,9ares_4013_0,1.0
labeled_linagora_cs_arabize,باش يتنحى من مخك  بالرسم ول ييبدا الفرش قدامك راو,باش يتنحى من مخك بالرسمي و الله كيف يبدا الفرش قدامك راهو,5.3520002365112305,0000027_0000282_0000001_27_282_1_0,0.5
labeled_linagora_cs_arabize,كان اللي كتبلك الحرقاني وساوي نار,و الله ما تاكل كان الي كاتبلك الحرقان يساوي نار,2.1679999828338623,TunSwitchTO_0000073_0000022_0000021_pi0000002_73_22_21_pi2_0,0.8
labeled_linagora_cs_arabize,الفول,الفول,0.9200000166893005,ar--1859_0.75.wav_1859_0.75_0,0.0
labeled_linagora_cs_arabize,يسوي تصوير,يصور تصويرة,0.8080000281333923,ar--1807_1.5.wav_1807_1.5_0,1.0
labeled_linagora_cs_arabize,ilaz,الكلاسط,0.656000018119812,ar--2077_1.5.wav_2077_1.5_0,1.0
labeled_linagora_cs_arabize,ما ينجمش يجبة فلوس للديستربيوتور اتوماتيq,مينجمش يجبد فلوس من الديستربيتور اوتوماتيك,3.3919999599456787,ar--3096_1.25.wav_3096_1.25_0,1.0
labeled_linagora_cs_arabize,ظاهري اأحكا مش منيع,ظاهرلي لحكاية ماشية مليح,2.359999895095825,ar--3184_0.75.wav_3184_0.75_0,1.0
labeled_linagora_cs_arabize,عبد لله عاشة معاك,عبد الله عيشة معاك,2.5840001106262207,ar--3321_0.75.wav_3321_0.75_0,0.5
labeled_linagora_cs_arabize,الويق متع لاجوsيn المع,المعامل لي الواقع ازين متاع ال,3.687999963760376,amenyKH_0000076_0000075_0000004_76_75_4_0,1.0
labeled_linagora_cs_arabize,بعد بابا ما عتعيني بحياة,بعد بابا ما عاد عيني بحيا,1.5920000076293945,0000019_0000124_19_124_0,0.5
labeled_linagora_cs_arabize,اضحك,يضحك,0.6959999799728394,ar--1914_1.wav_1914_1_0,1.0
labeled_linagora_cs_arabize,وتوا بيد حياتي من أول جد,وتوة في سنقونت دو بديت حياتي من اول جديد,2.384000062942505,amenyKH_0000006_0000006_0002012_partie0000001_0000003_chunk_0000223_06_06_2012_partie1_3_chunk_223_0,0.7777777777777778
labeled_linagora_cs_arabize,شني لازمني ناكبل شنيا لازمني نعمل كيفاش لازمني نترنه فمشكون لجا غو داي هيلب مي م املان,شنيا لازمني ناكل شنيا لازمني نعمل كيفاش لازمني نترانا فمة شكون جونر ذاي هلب مي ويذ ا بلان,7.343999862670898,0000071_0000027_0000001_71_27_1_0,0.6111111111111112
labeled_linagora_cs_arabize,صحيح  جسط باش نعقب علي قلته انتي ريحاب,صحيح ايه جوست باش نعقب عاللي قلتو انت رحاب,3.9119999408721924,0000051_0000087_0000002_51_87_2_0,0.6666666666666666
labeled_linagora_cs_arabize,رعي ين  ط قل الك ت يا صلي ان ل ر ال,لادريس تاعي وين نسكم بالضبط وقالوا لي باللي الكوموند متاعي تعدات ايامات و توصلي و انا ما عندي حتى فكره شن الشيء الي عديته وشن الي باش يوصلي بالضبط تلمون الحكايه كانت بيزار على الاخر,13.215999603271484,segment_0000595_segment_595_0,1.0
labeled_linagora_cs_arabize,ياخي في المهدي م عناش انترنت دونك كلمون,ياخي في المهدية ما عناش انترنات دونك كلموني,3.871999979019165,0000027_0000328_0000001_27_328_1_0,0.5
labeled_linagora_cs_arabize,غd لجيhك,غادي ينجم يشري تسكرة,1.9839999675750732,ar--3284_1.25.wav_3284_1.25_0,1.0
labeled_linagora_cs_arabize,ولا يشغلك أمور أول حاجة معناها به مادية والأمور الثانية اللي أهم والأكثر هي الأمنية,و الله آش باش نقول لك الامور اول حاجة آه معناها بون مادية والامور الثانية الي اهم و الاكثر هيا الامنية,6.888000011444092,amenyKH_0000007_chunk_0000103_007_chunk_103_0,0.8095238095238095
labeled_linagora_cs_arabize,شباهم بنات تونس يا خويا ناخدها تونسيه أو عربيه وهما كانت خير,شباهم بنات تونس يا خويا ناخذها تونسية او عربية و مهما كانت خير,3.7760000228881836,TunSwitchTO_0000065_0000000_0000001_0000006db_65_00_01_6db_0,0.46153846153846156
labeled_linagora_cs_arabize,م الكفرت زون متاعي على خاطر قد ما نحكيكم وشوية فما برشا حاجات عملتهم ونقعد شوكي في روحي معناها كيفاش أنا نجمت خاطر قلتلكم مانحب,مال كومفور زون متاعي على خاطر قد ما نحكيلكم و شوي فمة برشا حاجات عملتهم و نقعد شوك في روحي معناها كيفاش انا نجمت خاطر قلتلكم ما نحب,11.928000450134277,Melekher0000012_0000043_0000000_Melekher12_43_0_0,0.42857142857142855
labeled_linagora_cs_arabize,الدخل أكثر عدد ممكن من اناس,الدخل اكثر عدد ممكن من الناس,2.1440000534057617,amenyKH_0000006_0000006_0002012_partie0000005_chunk_0000054_06_06_2012_partie5_chunk_54_0,0.3333333333333333
labeled_linagora_cs_arabize,لا نبدا مثلا باش نخرج وسان تبدا على الفيبي ولا باش نكري مثلا نخرج جمعه كامله وحديك  ا معاه,آه لا تبدا مثلا باش نخرج آه ويك اند تبدا آه على حسابي ولا باش نكري مثلا نخرج جمعة كاملة وحدي كل مرة كيفاه معناها,8.184000015258789,amenyKH_0000007_chunk_0000075_007_chunk_75_0,0.56
labeled_linagora_cs_arabize,,انا بيسرسونالمون مستني معناها بيسرسونالمون تصور لطف واحد يا لطيف يا ربي بالرسمي راو معناها السحر حاجه ما نخلطلهاش مش ما نخلطلهاش ميم با نخم فيها لا لا معناها بالرسمي ما عادش عارف,12.5600004196167,segment_0000471_segment_471_0,1.0
labeled_linagora_cs_arabize,يمشي بالكار,يمشي بالكار,1.0959999561309814,ar--1264_1.wav_1264_1_0,0.0
labeled_linagora_cs_arabize,معت لجوأديا بشش نقص تك اش نجي نقل عليك,بعد ما نبعثلك الجواب هذايا باش نمشي نقص تسكرة باش نجي نطل عليك,3.25600004196167,ar--3256_1.25.wav_3256_1.25_0,0.7692307692307693
labeled_linagora_cs_arabize,حب نشوف عدد العربات متاع القطارات لموجودة وملقاة على قراعة الطريقوا,حب نشوف عدد العربات متاع القطارات الي موجوده وملقات على قارعه الطريق او في,6.874000072479248,youtube_DxTQFsMsyzM_0,0.5
labeled_linagora_cs_arabize,وهي اي أهدار المال العام وضرب المرفق العمومي متاع النقل  مليارات ملوحة  ل,السكه و هيا لي اهدار المال العام وضرب المرفق العمومي متاع النقل مليارات ملوحه في,8.272000312805176,youtube_DxTQFsMsyzM_1,0.4666666666666667
labeled_linagora_cs_arabize,تطليق الأمر ما يتعلقش بنابل فقط ولكن يتعل لق ا,في الطريق الامر ما يتعلق بنابل فقط ولكن يتعلق,4.047999858856201,youtube_DxTQFsMsyzM_2,0.7777777777777778
labeled_linagora_cs_arabize,ا الة,بعديد السلام,3.1659998893737793,youtube_DxTQFsMsyzM_3,1.0
labeled_linagora_cs_arabize,ل     ا   ا,سلام وقداش من عربه متاع قطار و الله سيد الرئيس احنا عنا جمعتين من الي سمعنا,9.293899536132812,youtube_DxTQFsMsyzM_4,1.0
labeled_linagora_cs_arabize,خ,بيهم خاطر,0.9010999798774719,youtube_DxTQFsMsyzM_5,1.0
labeled_linagora_cs_arabize,لابد السيد الوالي معنا يلزم الوضع حد لالتفريط في لنل,لابد السيد الوالي معناها يلزم الوضع حد له التفريط في النقل,8.211000442504883,youtube_DxTQFsMsyzM_6,0.36363636363636365
labeled_linagora_cs_arabize,وا الي عن  في النقل  معاناة يومي,العمومي ايه ايه التوانس الي يعانيو فيه في النقل لا شيء كبير معناها معاناه يوميه يوميه يوميه الامر,8.45300006866455,youtube_DxTQFsMsyzM_7,0.8333333333333334
labeled_linagora_cs_arabize,و يتعلق بالسكة الحديدية ولكن أيضا بشركات الجهوية للنقل وشركة تونسية,يتعلق بالسكه الحديديه ولكن ايضا بال الشركات الجهويه للنقل وشركه التونسية,7.031000137329102,youtube_DxTQFsMsyzM_8,0.8181818181818182
labeled_linagora_cs_arabize,وللأسف تم التفريط فيها ونشوفوا الوضع الحالي توا نمشيو كان تحب للدب تو نشوفوا قداش م,للنقل وللاسف تم التفريط فيها ونشوف الوضع الحالي نمشي كان تحبب وشوف قداش من,6.1479997634887695,youtube_DxTQFsMsyzM_9,0.7142857142857143
labeled_linagora_cs_arabize,بةهي أموال الشعب موجودة ملقات علىطيق قرعة الطريق عا,عربه الي هيا اموال الشعب موجوده ملقات على طريق قارعه الطريق لاباس يعيشك ان شاء الله,8.092000007629395,youtube_DxTQFsMsyzM_10,0.8125
labeled_linagora_cs_arabize,صح وبارك الله فيكم وربي يبارك فيكم ياعا عاش بارك الله في,الصحه و بارك الله فيكم و ربي يبارك فيكم بارك الله فيك يعيشك يعيشك بارك الله فيكم,3.6659998893737793,youtube_DxTQFsMsyzM_11,0.6470588235294118
labeled_linagora_cs_arabize,و كنا مع بعض مشاء الله,الشعب معاك سيد الرائيس الكلنا مع بعضنا ان شاء الله,2.9240000247955322,youtube_DxTQFsMsyzM_12,0.8
labeled_linagora_cs_arabize,لا قاعدين قا ما تحلتش المشكلة الأمر ما يتعلقش بانابل فقط ولكن عدد ك,لا قاعدين قد آش ما تحلتش المشكله الامر ما يتعلق بنابل فقط ولكن عدد كبير من,9.354000091552734,youtube_DxTQFsMsyzM_13,0.5
labeled_linagora_cs_arabize,كينسلتونسي  معاناة يومية,العربات مشكل كبير في الشريكه لا مشكل كبير بالنسبه للتونسي معناها معاناة يوميه يوميه,7.031000137329102,youtube_DxTQFsMsyzM_14,0.9285714285714286
labeled_linagora_cs_arabize,مرة هذاك هو الذي بدؤه من عام التفريط في المرافق العمومية الكل للخواصر,يوميه معناها هذاكة هو الي بدا من عام خمسة و ثمانين التفريط في المرافق العموميه الكل للخواص,7.751999855041504,youtube_DxTQFsMsyzM_15,0.5882352941176471
labeled_linagora_cs_arabize,معاناة بتاع الشعب,المعانه متاع الشعب,1.062000036239624,youtube_DxTQFsMsyzM_16,0.6666666666666666
labeled_linagora_cs_arabize,اساي  قل اتو,استراتيجيه كيفاش باش يتنقل التونسي وهذيا منطقه,5.949999809265137,youtube_DxTQFsMsyzM_17,1.0
labeled_linagora_cs_arabize,محظوظة نسبيا ولكن بالنسبة للمناطق الأخرى وحتى في داخل تونس معنا داخل تونس العاصب,محظوظه نسبيا ولكن بالنسبه للمناطق الاخرى وحتى في داخل تونس معناها داخل تونس العاص,6.46999979019165,youtube_DxTQFsMsyzM_18,0.35714285714285715
labeled_linagora_cs_arabize,قعد باساعتين ا ويستنى في الا,يقعد بالساعتين ثلاثة و هوا يستنى في الكار ايه نعم موجود موجود اما هاذيا توا باش نشوف كان تحب نمشيو للدبو,7.830999851226807,youtube_DxTQFsMsyzM_19,0.9523809523809523
labeled_linagora_cs_arabize,ف قداش م العربء هو لابد  من اقتلاع الفساد,نشوفوا قداش من عربه هو لابد شوف من اقتلاع الفساد من,5.448999881744385,youtube_DxTQFsMsyzM_20,0.45454545454545453
labeled_linagora_cs_arabize,في تونس وحرب دون هوادا وبالتأكيد أنت تحارف في الفعر لا بلاخصنتحم,جذوره في تونس وحرب دون هواده وبالتاكيد انت تحارب بالفعل بالاخص في لا نتحمل كل,8.35099983215332,youtube_DxTQFsMsyzM_21,0.6666666666666666
labeled_linagora_cs_arabize,على فس الج,من على نفس الجبه,0.9419999718666077,youtube_DxTQFsMsyzM_22,0.75
labeled_linagora_cs_arabize,ا العيش  اللف,و نعرف ايه يا احسن رئيس في الامه يعيشك يعيشك بارك الله فيك عاش يعيشك يعيشك,7.13100004196167,youtube_DxTQFsMsyzM_23,1.0
labeled_linagora_cs_arabize,,يعيشك ربي,0.7009999752044678,youtube_DxTQFsMsyzM_24,1.0
labeled_linagora_cs_arabize,عايشاللي بركيش برك الله فيك اتحي,يعيشك يعيشك الله يبارك يعيشك الله يبارك فيك بارك الله فيك ان شاء الله تحيه تونس ربي يستر,5.968999862670898,youtube_DxTQFsMsyzM_25,0.8888888888888888
labeled_linagora_cs_arabize,وكل مع بعضا إنشاء اللهالله,ان شاء الله و كل مع بعضنا ان شاء الله يا ربي بارك الله,3.7070000171661377,youtube_DxTQFsMsyzM_26,0.9285714285714286
labeled_linagora_cs_arabize,eeeeeeeeeee eeeee ae,يعيشك,4.306000232696533,youtube_DxTQFsMsyzM_27,3.0
labeled_linagora_cs_arabize,,اهلا وسهلا,1.9620000123977661,youtube_DxTQFsMsyzM_28,1.0
labeled_linagora_cs_arabize,ع تعيشك مرحبة بيب,يعيشك يعيشك مرحبا بيك متشرفين بيك,3.2049999237060547,youtube_DxTQFsMsyzM_29,1.0
labeled_linagora_cs_arabize,يربي,ربي يخليك يعيشك يعيشك بارك الله فيك,2.1440000534057617,youtube_DxTQFsMsyzM_30,1.0
labeled_linagora_cs_arabize,,وسهلا بارك,0.7210000157356262,youtube_DxTQFsMsyzM_32,1.0
labeled_linagora_cs_arabize,ل,يرحم و الديك,1.0230000019073486,youtube_DxTQFsMsyzM_34,1.0
labeled_linagora_cs_arabize,سلامعايش وبيكم  بارك الله فيكلم عليكم السلامسلامسلام,سلام يعيشك و بيكم يعيشك يعيشك بارك الله فيك يعيش و عليكم السلام السلام السلام,5.708000183105469,youtube_DxTQFsMsyzM_36,0.8
labeled_linagora_cs_arabize,ربي معنا اجمعينعايشك بارك الله فيك,يعيشك ربي معان اجمعين يعيشك يعيشك بارك الله فيك يعيشك يعيشك يعيشك يعيشك,6.388000011444092,youtube_DxTQFsMsyzM_37,0.6923076923076923
labeled_linagora_cs_arabize,ا   ا,ربي يفضلهم لك يعيشك و هاذي حرب بدون هواده ما شاء الله ننتقل المرحله الثانيه لتطهير الاداره الكل,7.931000232696533,youtube_DxTQFsMsyzM_38,1.0
labeled_linagora_cs_arabize,مؤس باح  ملف  مؤس,صباح السيد الرئيس هذاكة اكبر مؤسسه الصباح معناها شوف ملف متاع مؤسسه معناها الانتدابات معناها,9.35200023651123,youtube_DxTQFsMsyzM_39,0.9333333333333333
labeled_linagora_cs_arabize,دهش حتى صيفة ولا وجود لهم أصلا حتى في القائمات متاع الموظفين هما موجودينمحو,عندهمش حتى صفه ولا وجود لهم اصلا حتى في القائمات متاع الموظفين وهم موجودين محسوبين,6.890999794006348,youtube_DxTQFsMsyzM_40,0.4
labeled_linagora_cs_arabize,,على المؤسسه فعلا معناها,2.0429999828338623,youtube_DxTQFsMsyzM_41,1.0
labeled_linagora_cs_arabize,وال بدل اسمه ا تغر لقب تري جديد,ايه الحمد لله و الي مبدل اسمه و الي تغيير لقب و بطاقة تعريف جديده السلام,9.194000244140625,youtube_DxTQFsMsyzM_42,0.875
labeled_linagora_cs_arabize,eeeeeeeeeeeee,يعيشك,2.686000108718872,youtube_DxTQFsMsyzM_43,1.0
labeled_linagora_cs_arabize,ا      ا  ا,عيشك معكم مع الزواول ان شاء وكلنا نخدم ان شاء الله بقدرة,7.051000118255615,youtube_DxTQFsMsyzM_44,1.0
labeled_linagora_cs_arabize,إنشا الله كل جهدي مبذول لكم,المعيش اكهوا ان شاء الله كل جهدي مبذول ليكم انتوما يعيشك يعيشك يعيشك بارك الله,4.9679999351501465,youtube_DxTQFsMsyzM_45,0.7333333333333333
labeled_linagora_cs_arabize,حل روما كان صارت ثورة ثقافية بعد ولكن,الحل راهو ما كان صارت ثوره ثقافيه بعد الفين و تسعطاش ولكن جوب,5.428999900817871,youtube_DxTQFsMsyzM_46,0.6923076923076923
labeled_linagora_cs_arabize,رد عن طريق وسائل الأعلام اللي هي وسائل متاعهم وعن طريق الصفحات مأجورة,الرده عن طريق وسائل الاعلام الي هيا وسائل متعهم وعن طريق الصفحات الماجوره,7.170000076293945,youtube_DxTQFsMsyzM_47,0.46153846153846156
labeled_linagora_cs_arabize,أنا تم إجهاز ثورة جديدة عن طريق الناس اللي بطبيعة الحال,معناها تم اجهاض الثوره جديده عن طريق الناس الي بطبيعة الحال,6.369999885559082,youtube_DxTQFsMsyzM_48,0.45454545454545453
labeled_linagora_cs_arabize,كان الغرض متاعها والحكم والارتماء أيضا في أحضان الصهيونية,كان الغرض متاعها هو الحكم ولارتماء ايضا في احضان الصهيونيه,4.927000045776367,youtube_DxTQFsMsyzM_49,0.6
labeled_linagora_cs_arabize,,العالميه هوم نساو توا الي,4.808000087738037,youtube_DxTQFsMsyzM_50,1.0
labeled_linagora_cs_arabize,م الأ   ل,كان متاع الي كان يجيهم للمجلس التاسيسي هاذيا برنار ليفي كان يحضر كان يحضر معهم وهو,9.713000297546387,youtube_DxTQFsMsyzM_51,1.0
labeled_linagora_cs_arabize,,يحضر معاهم في الاج,0.8420000076293945,youtube_DxTQFsMsyzM_52,1.0
labeled_linagora_cs_arabize,ل   الت,الدستور الصاله الفوق يطبع هو ولاو ايه من تونس ليبيا هو يكتب الدساتير ايه معناه,9.954000473022461,youtube_DxTQFsMsyzM_53,1.0
labeled_linagora_cs_arabize,فجير,لتفجير,0.5809999704360962,youtube_DxTQFsMsyzM_54,1.0
labeled_linagora_cs_arabize,ا ال,الدوله من الداخل هاذا هو الهدف متعهم هاذا هو الهدف الحمد لله,6.230000019073486,youtube_DxTQFsMsyzM_55,1.0
labeled_linagora_cs_arabize,حملفم  تقريبا دائرة مافيهاش و,الحمد لله فمة ثلاثين تقريبا دائره ما فيهاش وجي مش يفهموا,8.072999954223633,youtube_DxTQFsMsyzM_56,0.9090909090909091
labeled_linagora_cs_arabize,عل تونس دولة مواحدة بنص الدستور وهذهم الجئات و الأقاليم نابعة من الإرادة لشة,العباد على تونس دوله موحده بنص الدستور و هاذا الجهات ولاقاليم نابع من الاراده,6.750999927520752,youtube_DxTQFsMsyzM_57,0.7857142857142857
labeled_linagora_cs_arabize,لأن الانفجار متاع ديسمبر جاء من الداخل منا الناس الي مهمشين يولو هم ياخ,الشعبيه لان الانفجار متاع سبعطاش ديسمبر جى من الداخل معناها الناس الي مهمشين يولهم ياخذوا,9.312000274658203,youtube_DxTQFsMsyzM_58,0.5333333333333333
labeled_linagora_cs_arabize,ا,القرار الي نسبهم و هاذا هو المشروع الحقيقي السلام يعيشك الناس الي يجيهم برنار ليفي,7.790999889373779,youtube_DxTQFsMsyzM_59,1.0
labeled_linagora_cs_arabize,نا كانوا يتقابلوا معاه يتقابلوا معاه ويكتبلهم في بعض الأحكام,معناه كانوا يتقابلوا معه يتقابلوا معه و هو يكتب لهم بعض الاحكام,5.408999919891357,youtube_DxTQFsMsyzM_60,0.6666666666666666
labeled_linagora_cs_arabize,ما ماشي جاي من ليبياتونس فرنسا,كما ماشي جاي من ليبيا لتونس لفرنسا و كانوا موج,7.129000186920166,youtube_DxTQFsMsyzM_61,0.7
labeled_linagora_cs_arabize,وثم يتب ك,وثم يتبك,2.3239998817443848,youtube_DxTQFsMsyzM_62,1.0
labeled_linagora_cs_arabize,التباكي بعهم,التباكي متاعهم,3.0850000381469727,youtube_DxTQFsMsyzM_63,0.5
labeled_linagora_cs_arabize,على أشقائنا الفلسطينيين اذ تبقى قضية رئيسية الي تبكو تباكي للحملة الانتخابية,على اشقائنا الفلسطينيين و الي باش تبقى قضيه رئيسيه يتبكاو تباكي للحمله الانتخابيه مش,9.232999801635742,youtube_DxTQFsMsyzM_64,0.7857142857142857
labeled_linagora_cs_arabize,لي,السلام عليكم,4.047999858856201,youtube_DxTQFsMsyzM_65,1.0
labeled_linagora_cs_arabize,نا  متاجرة بدم الشعب الفلسطين فهذ الس عش لعالم وساكت وهذا العالم ات,معناها المتاجره بدم الشعب الفلسطيني في هاذا الماسات الي يعيشها العالم و ساكت و هاذا العالم الي يتسمى,9.25100040435791,youtube_DxTQFsMsyzM_66,0.8333333333333334
labeled_linagora_cs_arabize,ر يتكلموا علىواحد منهم في احدى القنوات التلفذية الفرنسوية قال لا اقل,حر يتكلموا على واحد منهم في احد القنوات التلفز الفرنسويه قال لا اقل من,8.291000366210938,youtube_DxTQFsMsyzM_67,0.5
labeled_linagora_cs_arabize,اوحوس  الآخر كلم وحوس لا قال الوحوس أكثر منهم قيمة,الوحوش الاخر قلهم وحوش لا قال الوحوش اكثر منهم قيمه هاذا,9.932999610900879,youtube_DxTQFsMsyzM_68,0.7272727272727273
labeled_linagora_cs_arabize,العالم الحر,العالم الحر و هاذي,0.9810000061988831,youtube_DxTQFsMsyzM_69,0.5
labeled_linagora_cs_arabize,ط ه حقوق السان ه   كر المش,الديمقراطيه و هاذي حقوق الانسان و هاذي اليوم في الذكر المشوم متاع وعد,7.050000190734863,youtube_DxTQFsMsyzM_70,0.9230769230769231
labeled_linagora_cs_arabize,فو ياو بلفور كان من اكثر الناس عيدان للسمية مارفش تخلصو منه,بلفور يا بلفور كان من اكثر الناس عيدان لساميه باش تخلصوا منهم و اليوم يحبوا,8.792099952697754,youtube_DxTQFsMsyzM_71,0.6
labeled_linagora_cs_arabize,تخلسوا من اشعب الفلسطين ولكن نمن لهم ذلك,يتخلصوا من الشعب الفلسطيني ولكن ان لهم ذلك فعلا,4.688000202178955,youtube_DxTQFsMsyzM_72,0.5555555555555556
labeled_linagora_cs_arabize,بارك الله فيك يا عايشي التي صرت يحققها الشعب الفلسطين,ايه بارك الله فيك يعيشك الانتصارات الي حققها الشعب الفلسطيني عام,6.310999870300293,youtube_DxTQFsMsyzM_73,0.7272727272727273
labeled_linagora_cs_arabize,عايشل,ثمنية و اربعين ربي يخليك يعيشك ربي يخليكم يعيشك يعيشك لحد شيء الفساد الفسا نقاوموه كل مع بعضنا ان شاء الله عاش عاشك,8.17300033569336,youtube_DxTQFsMsyzM_74,1.0
labeled_linagora_cs_arabize,لمصلح متاع هزيمة ماكانش ماترح حن اليوم في حالة حرب,يعيشك بارك الله فيك مصطلح متاع هزيمه ما كانش مطروح نحن اليوم في حاله حرب المفروض,7.390999794006348,youtube_DxTQFsMsyzM_75,0.75
labeled_linagora_cs_arabize,كان عذمى لحق الشعب الفلسطين لأ,خيانه عظمى لحق الشعب الفلسطيني لان اكثر من,4.888000011444092,youtube_DxTQFsMsyzM_76,0.75
labeled_linagora_cs_arabize,هي ثقافة الهزيمة نا مم,الهزيمه هيا ثقافه الهزيمه الناس مهزومين فكريا ما ينجمو يصنع التاريخ,6.229000091552734,youtube_DxTQFsMsyzM_77,1.0
labeled_linagora_cs_arabize,e e ee  ee,التاريخ ما ينجموش السلام عليكم,4.366000175476074,youtube_DxTQFsMsyzM_78,1.0
labeled_linagora_cs_arabize,السلام عليكملاملام سلام عايشك عايشك يرب يفضلكم بعايشك,ينجمو السلام عليكم سلام سلام سلام يعيشك يعيشك يعيشك ربي يفضلكم يعيشك يعيشك,8.593999862670898,youtube_DxTQFsMsyzM_79,0.7692307692307693
labeled_linagora_cs_arabize,ش ربي ينا الكل إشءالكل مع بعضنا إن شاء الله,يا ربي يعيننا الكل ان شاء الله الشعب الكل مع بعضنا ان شاء الله,3.447000026702881,youtube_DxTQFsMsyzM_80,0.5714285714285714
labeled_linagora_cs_arabize,السلام عليك سلام سلام معنى الناس اللي تشدق بحقوق الإنسان,السلام عليكم السلام السلام معناها الناس الي تشدق بحقوق الانسان,5.607999801635742,youtube_DxTQFsMsyzM_81,0.6
labeled_linagora_cs_arabize,قل قذة كبرى ا قلت التاريخ كثير بالفرز نا أسقط القناع,تقول كذبه كبرى معناها علاش قلت التاريخ كفيل بالفرز معناها افرز حقيقه معناها اسقط القناع عن,8.85200023651123,youtube_DxTQFsMsyzM_82,0.6875
labeled_linagora_cs_arabize,لوجه الحقيقي متاعهم السلام عليكم السلام,الوجه الحقيقي متعهم السلام و عليكم السلام يعيشك,5.0279998779296875,youtube_DxTQFsMsyzM_83,0.5
labeled_linagora_cs_arabize,تم التنصيص في المطلع مت ف,يعيشك يعيشك ام تم التنصيص في المطلع متاعه فقط على,8.45300006866455,youtube_DxTQFsMsyzM_84,0.6
labeled_linagora_cs_arabize,اقرارات م وكان جاو حقيقة بالفعل منتبهين على الأقل وهو مرفوضق,القرارات من ميتين و ثنين و اربعين وكان جاو حقيقه بالفعل منتبهين على الاقل وهو مرفوض قرار,9.630999565124512,youtube_DxTQFsMsyzM_85,0.6470588235294118
labeled_linagora_cs_arabize,قسيم,التقسيم,0.5410000085830688,youtube_DxTQFsMsyzM_86,1.0
labeled_linagora_cs_arabize,ولكن بالنبة له ح القرار المشوم لنشأ هذا الكيان,يرجعوه ولكن ههم بالنسبه لهم حتى القرار المشؤوم الي انشا هاذا الكيان ماحطو في,8.491999626159668,youtube_DxTQFsMsyzM_87,0.7857142857142857
labeled_linagora_cs_arabize,ربما ما نتبهوش الكثيرين للمسالة ها يا,المطبع ربما ما انتبهو الكثيرين لمساله,4.307000160217285,youtube_DxTQFsMsyzM_88,0.8333333333333334
labeled_linagora_cs_arabize,ي قلل حل الدولتين السفير التونسي في رملا عنده سبع سنين محاصر,هاذي حل الدولتين السفير التونسي في رام الله عنده سبعة سنين محاصر,7.111000061035156,youtube_DxTQFsMsyzM_89,0.4166666666666667
labeled_linagora_cs_arabize,ماش قضية ضد لهود ولكن قية ة,ما هي ش قضيه ضد اليهود ولكن قضيه ضد,5.0879998207092285,youtube_DxTQFsMsyzM_90,0.7777777777777778
labeled_linagora_cs_arabize,所那,الصهيونيه,0.5009999871253967,youtube_DxTQFsMsyzM_91,1.0
labeled_linagora_cs_arabize,واليهود اللي منتنين الحركة الصيونية رفضين وجود ما يسم,و اليهود المنتمين للحركه الصهيونيه رافضين وجود ما يسمى,6.170000076293945,youtube_DxTQFsMsyzM_92,0.7777777777777778
labeled_linagora_cs_arabize,هذا الكيام سيور,بهذا الكيان الصهيوني,1.3630000352859497,youtube_DxTQFsMsyzM_93,1.0
labeled_linagora_cs_arabize,مغالطات حتى في الأمم المتحدة يبدأ بقرار المجلس نعام لو كان الجمعية العامة,المغالطات حتى في الامم المتحده يبدا بقرار المجلس ميتين و ثنين و اربعين لو كان الجمعيه العام,6.03000020980835,youtube_DxTQFsMsyzM_94,0.6470588235294118
labeled_linagora_cs_arabize,على الأقل تتذكر الظلم اللي تسلط على الفلسطينيين بقرار اتقسيم,على الاقل تتذكر الظلم الي تسلط على الفلسطينيين بقرار التقسيم ولم,4.607999801635742,youtube_DxTQFsMsyzM_95,0.36363636363636365
labeled_linagora_cs_arabize,يذكر هو إذا وجدت سمكتين تتصارعان في البحر فاعلم أن سفينة صهيونية قد,يذكر هو اذا وجدت سمكتين تتصارعان في البحر فاعلم ان سفينه صهيونيه قد,9.95199966430664,youtube_DxTQFsMsyzM_96,0.3076923076923077
labeled_linagora_cs_arabize,إذا وجدت السمكتين تتخاصمان في عرض البحر فاعلم ن,هناك اذا وجدت السمكتين تتخاصم في عرض البحر فاعلم ان,5.729000091552734,youtube_DxTQFsMsyzM_98,0.4
labeled_linagora_cs_arabize,قد م من هن  ال,سفينه صهيونيه قد مرت من هناك بطبيعه الحال يحضر هوما اك النهار في تصريحاتهم,6.991000175476074,youtube_DxTQFsMsyzM_99,0.8571428571428571
labeled_linagora_cs_arabize,ل حت بالنة للعودة ل التكنلويا ن   خ,قالك لا مجال حتى بالنسبه للعوده لتكنولوجيا الي هوما صنعوها ولاو يستشعر منها الخطر,5.989999771118164,youtube_DxTQFsMsyzM_100,1.0
labeled_linagora_cs_arabize,بعة الحال قطعو العديد من المواقع وهذه في الدول التي تدعي حقوق,بطبيعه الحال قطعوا العديد من المواقع و هاذي في الدول التي تدعي حقوق,6.369999885559082,youtube_DxTQFsMsyzM_101,0.3076923076923077
labeled_linagora_cs_arabize,نوتحب تعلمنا حقوق الإنسان وقولو لمش تحت وصاية متاع أي كان,الانسان وتحب تعلمنا حقوق الانسان وقوللهم مش تحت الوصايه متاع اي كان,6.968999862670898,youtube_DxTQFsMsyzM_102,0.5833333333333334
labeled_linagora_cs_arabize,ين والجزائريين والمغارفة ومصر وكل دل الشعوب الشعب العربي اللي قاتل وقدم اش,والتونسيين والجزائريين والمغاربه ومصر و كل الشعوب الشعب العربي الي قاتل وقدم,7.35099983215332,youtube_DxTQFsMsyzM_103,0.5
labeled_linagora_cs_arabize,الشهداء من أجل أن يستقل ماش باش يقبلليم يكون تحت الوصاي,الشهداء من اجل ان يستقل مش يقبل اليوم يكون تحت الوصايه,4.60699987411499,youtube_DxTQFsMsyzM_104,0.5454545454545454
labeled_linagora_cs_arabize,,و على كل حال الواحد خرج من البير و ارتاح من الكرس هو يسخايلو الكرسي راح,9.192000389099121,youtube_DxTQFsMsyzM_105,1.0
labeled_linagora_cs_arabize,,راح وهو,1.562000036239624,youtube_DxTQFsMsyzM_106,1.0
labeled_linagora_cs_arabize,كrي,المسؤوليه الكرسي,1.562999963760376,youtube_DxTQFsMsyzM_107,1.0
labeled_linagora_cs_arabize,س  المسؤولية اللي يشعر بها وثقل المسؤولية يخلي واح,الرئاسه المسؤوليه الي يشعر بها وثقل المسؤوليه يخليه واحد,9.01200008392334,youtube_DxTQFsMsyzM_108,0.6666666666666666
labeled_linagora_cs_arabize,يصل الليل بالنهار,يصل الليل بالنهار,1.9359999895095825,youtube_DxTQFsMsyzM_109,0.0
labeled_linagora_cs_arabize,كيما صورا هوما ل عايشك عايشك,كيما يصوراها هوما السلطه يعيشك يعيشك ربي,3.7850000858306885,youtube_DxTQFsMsyzM_110,0.7142857142857143
labeled_linagora_cs_arabize,م حتى في الثقافة في العادات,حتى في الثقافه في العادات,2.805000066757202,youtube_DxTQFsMsyzM_111,0.4
labeled_linagora_cs_arabize,تقاليد في الأكل فيك,و التقاليد في الاكل في كل,2.484999895095825,youtube_DxTQFsMsyzM_112,0.8333333333333334
labeled_linagora_cs_arabize,ما إن شاء الله تتحقق الاندناج الكامل بين دولا وما تحبو المبادرة الحرة خلي الناس بادر,كيما ان شاء الله تتحقق الاندماج الكامل بين الدولنا ماهو تحب المبادره الحره خلي الناس تبادر,8.612000465393066,youtube_DxTQFsMsyzM_113,0.5625
labeled_linagora_cs_arabize,ناس بادرفيإارالقانون لكنهم يحبوا المبادرة الحرة في إار مجموع,خلي الناس تبادر في اطار القانون لكن هم يحبوا المبادره الحره في اطار مجموعات,4.4679999351501465,youtube_DxTQFsMsyzM_114,0.8571428571428571
labeled_linagora_cs_arabize,يقفي تار كار لا وقت المبادرات  اما ترد العل الناس كل عند الحق,ضيقه في ايطار كارتلات وقتها المبادرات ترد العالم الناس عندها الحق باش,5.888999938964844,youtube_DxTQFsMsyzM_115,0.8333333333333334
labeled_linagora_cs_arabize,سب ترجع ا,تستورد ترجع الدوله,1.5829999446868896,youtube_DxTQFsMsyzM_116,0.6666666666666666
labeled_linagora_cs_arabize,ح ولحديد بالنسبة هذاك جابوا ملاديسك,واحد و الحديد بالنسبه هذاكة جاب ملاديسك,3.505000114440918,youtube_DxTQFsMsyzM_117,0.8571428571428571
labeled_linagora_cs_arabize,وثم عملي حبا  سورة م ن قرو,وثم عاملين حبال الصوره يمكن قراو,5.0879998207092285,youtube_DxTQFsMsyzM_118,1.0
labeled_linagora_cs_arabize,فلم ولكن مسرحية سا اة,فيلم ولكن مسرحيه سيئه,4.247000217437744,youtube_DxTQFsMsyzM_119,1.0
labeled_linagora_cs_arabize,يي من الطال على مات الول,ويكفي من التطاول على مؤسسات الدولهو الي عمل يتحمل,7.372000217437744,youtube_DxTQFsMsyzM_120,0.7777777777777778
labeled_linagora_cs_arabize,مرافق العمومية بتاع الدولة بناء على مبدأ أساسي وهو الحياد,المسؤوليه مرافق العموميه متاع الدوله بناء على مبدا اساسي وهو الحياد مش,6.869999885559082,youtube_DxTQFsMsyzM_121,0.5833333333333334
labeled_linagora_cs_arabize,حد المؤسسات العمومية من ناس م موجودين موجودين في الخارج ويخدمو في المؤسسة,المؤسسات العموميه مش موجودين موجودين في الخارج ويخدم في المؤسسه و بعد,6.169000148773193,youtube_DxTQFsMsyzM_122,0.75
labeled_linagora_cs_arabize,ولة تونس دولة فقيرة في بلاد غنية ولكن الثروة متاعها تم الاستيلاء عليها من قبل,تونس دوله فقيره في بلاد غنيه ولكن الثروه متاعها تم الاستلاء عليها من قبل,7.651000022888184,youtube_DxTQFsMsyzM_123,0.42857142857142855
labeled_linagora_cs_arabize,ولة,تونس دوله,0.6769999861717224,youtube_DxTQFsMsyzM_124,1.0
labeled_linagora_cs_arabize,وتحب تنفتل مرة أخرى داخل ال اجة,المجموعات وتحب تنفذ مره اخرى داخل,3.0450000762939453,youtube_DxTQFsMsyzM_125,1.0
labeled_linagora_cs_arabize,إن شاء الله بعد ما تم مصادقة على مشروع قانون المالية لابد من ث رة,ان شاء الله بعد ما تم مصادقه على مشروع قانون الماليه لابد من ثوره,6.144000053405762,youtube_DxTQFsMsyzM_126,0.35714285714285715
labeled_linagora_cs_arabize,حتى تستعيد الدولة دورها الاجتماعي بما في ذلك النق,تشريعيه حتى تستعيد الدوله دورها الاجتماعي بما في ذلك النقل,5.3480000495910645,youtube_DxTQFsMsyzM_127,0.3
labeled_linagora_cs_arabize,ال,معناها حتى المصطلحات نفسها,4.348999977111816,youtube_DxTQFsMsyzM_128,1.0
labeled_linagora_cs_arabize,عن بعض الخبراء   يو بش يحضو على التصورات متاعهم ومدفوعي الأجر أو ييو الناس,عند بعض الخبراء الي يجي باش يحضن عن التصورات متاعهم و مدفوعي الاجر او يجيوا الناس,8.071000099182129,youtube_DxTQFsMsyzM_129,0.6875
labeled_linagora_cs_arabize,فعولهم الاجل مباشرة يتحثوا علي شاشات التبس,الي دفعهم الاجر مباشره يتحدثوا على شاشات التلفزا مع مع,5.127999782562256,youtube_DxTQFsMsyzM_130,0.9
labeled_linagora_cs_arabize,لي شان حوادك,رجال اشني احوالك قريت,3.3259999752044678,youtube_DxTQFsMsyzM_131,1.0
labeled_linagora_cs_arabize,,تفطر عايشك عايشك عايش عاشك عايشك عايشك ع,5.928999900817871,youtube_DxTQFsMsyzM_132,1.0
labeled_linagora_cs_arabize,سام ع اسام رجال سام رب فضلكم بوبوس عايش,عالسلامه عالسلامه يا رجال يعيشك عالسلامه ربي يضلكم ايجى نبوسك ايجى ايجى نبوسك يعيشك يعيشك يعيشك,7.491000175476074,youtube_DxTQFsMsyzM_133,0.9375
labeled_linagora_cs_arabize,ستقر مرتو صباح حفظته محفوظات وعسم ع,آش تقرا آش عملت الصباح حفظته محفوظات ولا مرحبا بيك عالسلامه عالسلامه عالسلامه يعيشك يعيشك,7.611000061035156,youtube_DxTQFsMsyzM_134,0.8666666666666667
labeled_linagora_cs_arabize,سم عاشعسام عسام,عالسلامه يعيشك يعيشك,2.124000072479248,youtube_DxTQFsMsyzM_135,1.0
labeled_linagora_cs_arabize,جات القوانين هذي,يعيشك يعيشك جات القوانين هاذي في,2.7039999961853027,youtube_DxTQFsMsyzM_137,0.6666666666666666
labeled_linagora_cs_arabize,ف تقريبا معمولة في لمؤسسات المالية,الفين و خمسطاش تقريبا معموله في المؤسسات الماليه,6.130000114440918,youtube_DxTQFsMsyzM_138,0.75
labeled_linagora_cs_arabize,ال,العالميه الاداره يلزم ترجع فيها مؤسسات دوله معناها القانون عملوه البرا و بعد يقولوا سياده,7.552000045776367,youtube_DxTQFsMsyzM_139,1.0
labeled_linagora_cs_arabize,سم شعب مش باسم لشعب هذا باسم صندوق النقد ولا باسم البنك العالمي,الشعب باسم الشعب مش باسم الشعب هاذا باسم صندوق النقد ولا باسم البنك العالمي,6.050000190734863,youtube_DxTQFsMsyzM_140,0.35714285714285715
labeled_linagora_cs_arabize,عايشك عايشك كنا مع بعضنا ان شاء الله عايشك لاباس عليك صح لاباس عايشك,يعيشك يعيشك كلنا مع بعضنا ان شاء الله يعيشك لباس عليك صح لباس يعيشك,6.348999977111816,youtube_DxTQFsMsyzM_141,0.5
labeled_linagora_cs_arabize,,عالسلامه يا صبيه احنا الحمد احنا نوابليه لكن سيد الرئيس بروسس سنوات و لا يلزم يقرا حسابه مياة,9.031999588012695,youtube_DxTQFsMsyzM_142,1.0
labeled_linagora_cs_arabize,نا في قدام مش يعملها تو بان ن معناها تلقى ساعة الرصيف  العرض متاعه ميت في النص,سنه في قدام مش يعملها توا بلان دون ميناجمون معناها تلقى سعة الرصيف العرض متاعه متر في النصر,7.710999965667725,youtube_DxTQFsMsyzM_143,0.4444444444444444
labeled_linagora_cs_arabize,معناها تشوف الأرصفة اللي موجودة في باب حر معناها ولا في بعض المناطق تلقاه,معناها تشوف الارصفه الي موجوده في باب بحر معناها ولا في بعض المناطق تلقاها,5.989999771118164,youtube_DxTQFsMsyzM_144,0.35714285714285715
labeled_linagora_cs_arabize,قروا حسابهم  لمئة سناة القدام ولا في بعض المدن,قراوا حسابهم لي مياة سنه القدام ولا في بعض المدن,4.066999912261963,youtube_DxTQFsMsyzM_145,0.4
labeled_linagora_cs_arabize,,النصر النصر كلاها فساد كلاها فساد,4.146999835968018,youtube_DxTQFsMsyzM_146,1.0
labeled_linagora_cs_arabize,فس معناها شي غابة من الأسمنة المسلحة,الفساد معناها غابه من الاسمنت المسلح,4.367000102996826,youtube_DxTQFsMsyzM_147,0.8333333333333334
labeled_linagora_cs_arabize,ل,وان شاء الله رب,1.8229999542236328,youtube_DxTQFsMsyzM_149,1.0
labeled_linagora_cs_arabize,تونس,تونس,0.7020000219345093,youtube_DxTQFsMsyzM_150,0.0
labeled_linagora_cs_arabize,,بارك الله فيك,0.781000018119812,youtube_DxTQFsMsyzM_151,1.0
labeled_linagora_cs_arabize,你还爆扎了,لي الحفاظ على,1.4229999780654907,youtube_DxTQFsMsyzM_152,1.0
labeled_linagora_cs_arabize,ل حتى في بعض الملفات والحمد لله مره تونس برجالا ونساها  وإن شاء الله نرفعوا كل,حتى في بعض الملفات و الحمد لله اما راه تونس برجالها ونساها و وان شاء الله نربح كل,7.710999965667725,youtube_DxTQFsMsyzM_153,0.5
labeled_linagora_cs_arabize,كل التحديات أعطيكم صح,التحديات كل التحديات يعطيكم صحته تحيه,4.298999786376953,youtube_DxTQFsMsyzM_154,0.6666666666666666
labeled_linagora_cs_arabize,عايش نا فران   لق الفسي,يعيشك انا برشا فرحانا الي انا شفتك يعيشك و انا فرحان الي شفتك يعيشك ما تخليش القظيه الفلسطينيه ما نخلوهاس عمرنا ما نخليوها,8.993000030517578,youtube_DxTQFsMsyzM_155,1.0
labeled_linagora_cs_arabize,الحق الفلسطيني ما شي م الحقشبر ا,ما نخليها الحق الفلسطيني ما هو ش باش يظيع لا كلنا مع الحق يعيشك يعيشك بارك الله فيك,9.131999969482422,youtube_DxTQFsMsyzM_156,0.8333333333333334
labeled_linagora_cs_arabize,شح نا قسم تق,يعيشك عالسلامه اشني احوالك لاباس لاباس يعيشك يعيشك في انه قسم انه قسم تقرا سنه سادسه و انا,9.732999801635742,youtube_DxTQFsMsyzM_158,0.9444444444444444
labeled_linagora_cs_arabize,حبك برشا,نحبك برشا ز,0.781000018119812,youtube_DxTQFsMsyzM_159,0.6666666666666666
labeled_linagora_cs_arabize,جبت معدل منو قل إن شاء الله سناجي خير قدر,قدا جبت معدل عمناول سطاش اه تبارك الله ان شاء الله السنه تجيب خير بقدره الله يعيشك,6.409999847412109,youtube_DxTQFsMsyzM_160,0.7058823529411765
labeled_linagora_cs_arabize,ع ي  ما تل وماض حق الشعب الفلسطيني,يعيشك يعيشك ربي يفضلهم لك يا فخر العرب ما تخليش القضيه الفلسطين ما تتخلاش و ما تضيعش حق الشعب الفيلسطيني,9.053999900817871,youtube_DxTQFsMsyzM_161,0.85
labeled_linagora_cs_arabize,خ وماضيعش حق الشعب الفلسطيني  ما نضيعهاشكنا أمانا في رقابنا اكل حتى نص,تتخلاش وما يضيعش حق الشعب الفلسطيني ما نضيعوهاش امانا في رقبتك امانا في رقابنا,8.85200023651123,youtube_DxTQFsMsyzM_162,0.6428571428571429
labeled_linagora_cs_arabize,شعب الفلسطيني يسترد كل أرض فلسينشاءالل,ان شاء الله نصلو الشعب الفلسطيني يسترد كل ارض فلسطين ان شاء الله ان شاء الاكثريه,7.333000183105469,youtube_DxTQFsMsyzM_163,0.8125
labeled_linagora_cs_arabize,الأكثرية من الأطفال والأكثرية من النساء ويهدموا في الاة,الاكثريه من الاطفال ولاكثريه من النساء ويهدم في,7.793000221252441,youtube_DxTQFsMsyzM_164,0.625
labeled_linagora_cs_arabize,بيوت منا يحبوا يصنعوا خريطة جديدة للشرق الكل,البيوت معناها يحبوا يصنعوا خريطه جديده للشرق الكل,3.885999917984009,youtube_DxTQFsMsyzM_165,0.5
labeled_linagora_cs_arabize,بالقنابل وبالصواريخ وبالإبادة ولكن م ر جدار ل,بالقنابل و بالصوريخ و بالاباد و لكن ما هم ش باش يخلط آخر جدار ليهم هيا المقاومه,7.831999778747559,youtube_DxTQFsMsyzM_166,0.8823529411764706
labeled_linagora_cs_arabize,المقاومة وستتواصل المقاومة وسسرد الشعب الفلسطين,المقاومه فلسطين المقاومه وستتواصل المقاومه وسرد الشعب الفلسطيني,5.769000053405762,youtube_DxTQFsMsyzM_167,0.75
labeled_linagora_cs_arabize,نحن مع الشعب الي يحبوا يعملوا بعد ما ق,نحن مع الشعب ايه حبوا يعملوا بعد ما قتلوا,4.7870001792907715,youtube_DxTQFsMsyzM_168,0.3333333333333333
labeled_linagora_cs_arabize,ن ل   م ق,الالاف معناها بالنسبه ليهم رقم مجرد رقم نعم و الناس,9.831999778747559,youtube_DxTQFsMsyzM_169,1.0
labeled_linagora_cs_arabize,يش تحت الانقاذ  ع,تعيش تحت الانقاذ معناها عمليه,2.203000068664551,youtube_DxTQFsMsyzM_170,0.6
labeled_linagora_cs_arabize,ا,اباده اباده اباده جماعيه ايه العالم توا العالم يتفرج ولكن الشعوب الحمد لله بدات,6.9679999351501465,youtube_DxTQFsMsyzM_171,1.0
labeled_linagora_cs_arabize,فيق والإنسانية كلها بدت تستفيق,تستفيق والانسانيه كلها بدات تستفيق مع,2.6449999809265137,youtube_DxTQFsMsyzM_172,0.6666666666666666
labeled_linagora_cs_arabize,المعارك اللي قاوموا بها مع الش,ايه على تلابيب ايه المعارك الي قاوموا بها معناها الشعب,7.993000030517578,youtube_DxTQFsMsyzM_173,0.7
labeled_linagora_cs_arabize,بلفعل شعب جبارين كما كان يقول أبو عمار,الفلسطيني بالفعل شعب جبارين كما كان يقول ابو عمار ايه نعم ايه,5.966000080108643,youtube_DxTQFsMsyzM_174,0.5
labeled_linagora_cs_arabize,بالرغم من المعاناة بالرغم من أنهم يقتلوا الأطفال لأنهم باش يكونوا فدائين,ايه بالرغم من المعاناة بالرغم من انهم يقتلوا الاطفال لانه مش يكونوا فدائيين في,5.75,youtube_DxTQFsMsyzM_175,0.5
labeled_linagora_cs_arabize,معنا استهداف الأطفال ي لانهم يعرفوهم باش يكونوا فدائيين وا مش يضيعوالح,المستقبل معناها استهداف الاطفال ايه لان يعرفوهم باش يكونوا فدائيين ومش يضيعوا,6.9720001220703125,youtube_DxTQFsMsyzM_176,0.6666666666666666
labeled_linagora_cs_arabize,فسطين ل  تنحى احافلات وتنحى المرفق العمومي للنقل وتشوف معناها الخرا,الفلسطيني لا تنحى الحافلات وتنحى المرفق العمومي للنقل وتشوف معناها الخراب,8.934000015258789,youtube_DxTQFsMsyzM_178,0.36363636363636365
labeled_linagora_cs_arabize,شوف الوضعية متاعهم معناه بالحد لادنى وكان تمرس,توا تشوف الوضعيه متاعهم بالحد الادنه كان تم رسكلة,4.9679999351501465,youtube_DxTQFsMsyzM_181,0.8888888888888888
labeled_linagora_cs_arabize,ف الا    من الا الان   ذا جء بسط,لتهم معناها الفولات مع شوف قدش من الاف الاطنان من الحديد و هاذا جزء بسيط لانه,9.432999610900879,youtube_DxTQFsMsyzM_182,0.9375
labeled_linagora_cs_arabize,ا ال,الهدف متاعهم هو ضرب النقل العمومي و النقل العمومي و الناس تقعد كل يوم باش تمشي تستنى,6.550000190734863,youtube_DxTQFsMsyzM_183,1.0
labeled_linagora_cs_arabize,عطين ولالاثة ركوبات باش يركب وفم خطوط نحاو علش نحاو منهم من الخطوط الحديدية,ساعتين ولا ثلاثة ركبات باش يركب ثم خطوط تنحاو علاش تنحاو منهم الخطوط الحديديه و هيا,8.711999893188477,youtube_DxTQFsMsyzM_184,0.75
labeled_linagora_cs_arabize,ال ا,ماسات للاسف الخطوط الحديديه الي ما تمش تطويرها بل بالعكس معناها كانت الي في عام,5.130000114440918,youtube_DxTQFsMsyzM_185,1.0
labeled_linagora_cs_arabize,لي في عام أكثر من الموجودة في,الي في عام الف و تسعميا و ثلاثة اكثر من موجوده في,2.424999952316284,youtube_DxTQFsMsyzM_186,0.6666666666666666
labeled_linagora_cs_arabize,الدرجة  الخراب وضر مرفق من بين اهم المرافق  خارج الخدمة,الفين و ثلاثة و عشرين الدرجه متاع الخراب وضرب مرفق من بين اهم المرافق طيب خارج الخدمه ما,9.793999671936035,youtube_DxTQFsMsyzM_187,0.6111111111111112
labeled_linagora_cs_arabize,ديب  الاف نطنان,من جديد الاف الاطنان,3.00600004196167,youtube_DxTQFsMsyzM_189,0.75
labeled_linagora_cs_arabize,المل ي الان  ساعي  م,معناها في المنيعله ولا في التضامن يقعد بالساعتين باش المراه توصل لانهم ضربوا,6.750999927520752,youtube_DxTQFsMsyzM_192,1.0
labeled_linagora_cs_arabize,نقل العموم بداية من آخر السنوات,النقل العمومي بدايه من آخر السنوات,2.3450000286102295,youtube_DxTQFsMsyzM_193,0.5
labeled_linagora_cs_arabize,النقل هذا الجماعي لمعمول ي مهيم  الكرام,النقل هاذا الجماعي الي معمول في مهين الكرامه,5.848999977111816,youtube_DxTQFsMsyzM_194,0.75
labeled_linagora_cs_arabize,عن الق في الق  ال في الفيال,الانسانيه معناها تونسي عنده الحق في التنقل مش الحق في التنقل في الدستور,6.935999870300293,youtube_DxTQFsMsyzM_195,0.8461538461538461
labeled_linagora_cs_arabize,و في ظرف طيبة تحفظ كرامت,تعمل باش في ضروف طيبه و في ضروف طيبه تحفظ كرامة,3.005000114440918,youtube_DxTQFsMsyzM_196,0.7272727272727273
labeled_linagora_cs_arabize,نا وزارة النقل والشركة وين هي وناش مخلي,وزاره النقل الشركه وين هيا و علاش مخليتهم,2.984999895095825,youtube_DxTQFsMsyzM_197,0.875
labeled_linagora_cs_arabize,و        ا    اة,بعض الاحيان تلقى امراه في الشارع في,6.5320000648498535,youtube_DxTQFsMsyzM_199,1.0
labeled_linagora_cs_arabize,فجر معناها تخلي دارة ما ترجع كان في الليل وتقعد تست,الفجر معناها تخلي دارها ما ترجع كان في الليل وتقعد تستنى,4.468999862670898,youtube_DxTQFsMsyzM_200,0.2727272727272727
labeled_linagora_cs_arabize,عطي وأكثر وكانت خطوط موجودة ولكن تمأي,ساعتين واكثر وكانت خطوط موجوده ولكن تم ايه,6.48799991607666,youtube_DxTQFsMsyzM_201,0.625
labeled_linagora_cs_arabize,ونقل من كار لكار وبرا د استنى الكار لأخرى حتى تجي وشوف قداش فيها ساعة الية,ونقل من الكار الكار وبرا عاد استنى الكار الاخرى حتى تجي وشوف قداش فيها ساعه,5.548999786376953,youtube_DxTQFsMsyzM_202,0.4
labeled_linagora_cs_arabize,ل رو اسيد الوالي قدا من عربة أان وزارة النقل,يتسكر شوف السيد الواليه قداش من عربه وين وزاره النقل وين,9.631999969482422,youtube_DxTQFsMsyzM_204,0.8181818181818182
labeled_linagora_cs_arabize,رك ي,شركه ايه و هذاكة الي شوف فيهم,1.7430000305175781,youtube_DxTQFsMsyzM_205,1.0
labeled_linagora_cs_arabize,م,شوف فيهم اربعه توا,0.8019999861717224,youtube_DxTQFsMsyzM_206,1.0
labeled_linagora_cs_arabize,ي منا شوف عدد العربيات وشوف أموال الشع ب لية,ايه معناها شوف عدد العربيات وشوف اموال الشعب,5.689000129699707,youtube_DxTQFsMsyzM_207,0.75
labeled_linagora_cs_arabize,و بع يقول الدولة ثالث م يفرها بع ل,و بعد يقولوا الدوله فالسه هم يفلسوها و بعد يقول لك,9.253000259399414,youtube_DxTQFsMsyzM_208,0.9090909090909091
labeled_linagora_cs_arabize,ل القطاع الخاص,القطاع الخاص طيب,1.5219999551773071,youtube_DxTQFsMsyzM_209,0.6666666666666666
labeled_linagora_cs_arabize,لن ل القطا العممي   م ا,القطاع الخاص ولكن خلي القطاع العمومي يخدم بالطبيعة ما قلناش ما تخدمش لكن خلي القطع يخرج ايه,7.160999774932861,youtube_DxTQFsMsyzM_210,1.0
labeled_linagora_cs_arabize,الدول الأوروبية تلقى الميترو و تلقى الحافلات وتلقى التاكسيات,الدول الاوروبيه تلقى المترو تلقى الحافلات وتلقى تكسيات,5.428999900817871,youtube_DxTQFsMsyzM_211,0.5
labeled_linagora_cs_arabize,نحن يلزم كل نفوتو فيها من الدولة بالنسبة لهم,لا نحنا لازم كل نفوت فيها معناها الدوله بالنسبه لهم ل,4.166999816894531,youtube_DxTQFsMsyzM_212,0.7272727272727273
labeled_linagora_cs_arabize,تمس حياة المواطن,جوندارم تمس حياه المواطن,3.0239999294281006,youtube_DxTQFsMsyzM_213,0.5
labeled_linagora_cs_arabize,لا سبيل إس نسمو في المرافق العمومية الح,لا سبي اليه لا سبيل باش نسلم في المرافق العموميه متاع الدوله الحق في الصحه الحق في النقل الحق,6.63100004196167,youtube_DxTQFsMsyzM_214,0.7894736842105263
labeled_linagora_cs_arabize,ا التعليم الحق في الزمان الاجتماعي,في التعليم الحق في الضمان الاجتماعي هاذي من حقوق,2.8450000286102295,youtube_DxTQFsMsyzM_215,0.5555555555555556
labeled_linagora_cs_arabize,ا يحبوا يضربوا كل معنا الشركات الوطنية لكامترا وهذه جزء فقط من المؤسسات والمنشآات,يحب يضرب كل الشركات الوطنيه الي كانت رابح و هاذي جزء فقط من المؤسسات والمنشات,7.25,youtube_DxTQFsMsyzM_216,0.7333333333333333
labeled_linagora_cs_arabize,شر,العموميه وشركات شوف,2.4040000438690186,youtube_DxTQFsMsyzM_217,1.0
labeled_linagora_cs_arabize,مش الفراي باش الناس اللي تهجر بالفراي باش تربح  المفرو ض,مش الفيراي الناس الي تاجر بالفيراي باش تربح المفروض,4.868000030517578,youtube_DxTQFsMsyzM_219,0.7777777777777778
labeled_linagora_cs_arabize,,هاذا ملك الدوله يرجع للشعب تحرق الحصيلو ما عادش يصلح لا فمة الي ما تحرقو ثم الي,6.409999847412109,youtube_DxTQFsMsyzM_220,1.0
labeled_linagora_cs_arabize,,حرقوهم و ثم مش,1.402999997138977,youtube_DxTQFsMsyzM_221,1.0
labeled_linagora_cs_arabize,وهذا ج,حرام في حرام ايه و هاذا جزء شوف توا نمشيو,3.3289999961853027,youtube_DxTQFsMsyzM_222,1.0
labeled_linagora_cs_arabize,لعديد من المحطات الأخرى أتوا نلقاو العديد من عشرات العربات ومبعد و الناس تعاني,العديد من المحطات الاخرى اتوا نلقاو العديد عشرات العربات ايه و من بعد و الناس تعاني معناها,7.410999774932861,youtube_DxTQFsMsyzM_223,0.5294117647058824
labeled_linagora_cs_arabize,عانا كل يومل ا  ش,تعاني معانه كل يوم الور كي هاذا يدخل برشا فلوس للشركه يدخل الشركه,5.548999786376953,youtube_DxTQFsMsyzM_224,0.9230769230769231
labeled_linagora_cs_arabize,لأنه الهدف متاعهم اللي موجو د يين,فلوس ايه لانه الهدف متاعهم الي موجود,2.5850000381469727,youtube_DxTQFsMsyzM_225,1.0
labeled_linagora_cs_arabize,a e e ae ee  ae a ae,اك تشوف حتى المسؤولين لهنا هاذا جزء نمشي كيف,4.947999954223633,youtube_DxTQFsMsyzM_226,1.0
labeled_linagora_cs_arabize,ان السنت اللي كانت موجودة علىشنحات العديد من الخطوط  نعرف  قالي ساعتين,كان سنت الي كانت موجوده علاش تنحات العديد من الخطوط اك النهار قاللي ساعتين,7.63100004196167,youtube_DxTQFsMsyzM_227,0.6428571428571429
labeled_linagora_cs_arabize,اونعرفهم كفاش يقعدوا يستناوا ساعتين اة,نستناو ونعرفهم كيفاش يقعدوا يستناو ساعتين في,5.348999977111816,youtube_DxTQFsMsyzM_228,0.7142857142857143
labeled_linagora_cs_arabize,الحافل وبرا عد باش يركب ركوب اخر ويلوج على يقعد ساعتين أخرين منها مرة تخرج في الفج,الحافله وبرا عادي باش يركب ركوب آخر و يلوج على يقعد ساعتين اخرين مع المراه تخرج في الفجر,6.829999923706055,youtube_DxTQFsMsyzM_229,0.5
labeled_linagora_cs_arabize,ر تخدم لمرأ مظلوم مفر تد تخرج,الفجر تخدم المراه مظلومه معناها في الفجر تخدم تخرج,5.1519999504089355,youtube_DxTQFsMsyzM_230,0.7777777777777778
labeled_linagora_cs_arabize,ميخدم,اي شهر و نصف ما يخدم ش,1.3020000457763672,youtube_DxTQFsMsyzM_231,1.0
labeled_linagora_cs_arabize,لا هذا يلزم يتحل على المستوى الوطني ليناوي ماش يبيع المؤسسات ولا يبيع,هاذا يلزم يتحل على المستوى الوطني الي ناوي باش يبيع المؤسسات ولا يبيع,3.819999933242798,youtube_DxTQFsMsyzM_232,0.38461538461538464
labeled_linagora_cs_arabize,ا متريال,معناش متريال يلزم متريال,2.6449999809265137,youtube_DxTQFsMsyzM_233,0.75
labeled_linagora_cs_arabize,لا هم وقفوها لين بيخمو  يق,لا هوم وقفوها الليني باش يخدموا باش يقعدوا,3.6659998893737793,youtube_DxTQFsMsyzM_234,0.75
labeled_linagora_cs_arabize,اناس تعاني ما هذه هي وباش يربحوا مجموعة هو اشعب الكل يقعد  يعاني,الناس تعاني ماهو هاذي هيا وبش يربحوا مجموعه و الشعب الكل يقعد يعاني معناها,5.1479997634887695,youtube_DxTQFsMsyzM_235,0.6428571428571429
labeled_linagora_cs_arabize,مشي  نار على م وتر وقالت شركة جهوية قالت لا خاسر فيها اتلم ما يسوش يقر,يمشي اك النهار على سبعمياة متر قالت الشركه الجهويه قالت لا خاصره فيها التلامذه ما يوصلوش يقراو,7.710999965667725,youtube_DxTQFsMsyzM_236,0.7058823529411765
labeled_linagora_cs_arabize,يلزم مرفق عمومي توفرو الدولة,خاطر الشركه خاصره يلزم مرفق عمومي توفروا الدوله الكل,3.746000051498413,youtube_DxTQFsMsyzM_237,0.6666666666666666
labeled_linagora_cs_arabize,ال    الل,وكان المفروض يعلمو انتي تمثل الدوله تمثل ايه ايه ايه احنا نقعد,9.33899974822998,youtube_DxTQFsMsyzM_238,1.0
labeled_linagora_cs_arabize,,مش فهمين,1.1410000324249268,youtube_DxTQFsMsyzM_239,1.0
labeled_linagora_cs_arabize,ال القو,كياس ومشين عندهم الحق عندهم الحق من ابسط القواعد وان باش يتنقل ايه ما مش الدوله داخل,7.631999969482422,youtube_DxTQFsMsyzM_240,1.0
labeled_linagora_cs_arabize,فما سياسة دولة تنفذها كل مشات والمؤسسات العاية,الدوله فمة سياسه دوله تنفذها كل المشات و المؤسسات,2.746000051498413,youtube_DxTQFsMsyzM_241,0.7777777777777778
labeled_linagora_cs_arabize,شوف قدا شرك عشرات العربات راع الاف الأثنان,العموميه شوف قداش عشرات العربات الاف الاطنان,5.589000225067139,youtube_DxTQFsMsyzM_242,0.7142857142857143
labeled_linagora_cs_arabize,بشبيعوهم في رأي وبشبيعوهم للناس اللي متسلط على الثرو,ايه ايه يحرقوهم باش يبيعوهم باش يبيعهم فيراي وباش يبيعوه للناس الي متسلطه على ثروة,8.031999588012695,youtube_DxTQFsMsyzM_243,0.8666666666666667
labeled_linagora_cs_arabize,ب هذاك هو ما الترتيب معروف وكحرقوا بيها ب ل اي,الشعب هذاكة هو معناها الترتيب معروف اك احرق و بيع بال ايه,4.10699987411499,youtube_DxTQFsMsyzM_245,0.75
labeled_linagora_cs_arabize,قاف البلدان الليبرالية موجود الميترو,تلقاه في البلدان الليبراليه موجود المترو موجود,5.609000205993652,youtube_DxTQFsMsyzM_246,0.7142857142857143
labeled_linagora_cs_arabize,حافلة نحن يلزم المترو  مثرناش وحتىالخطوط كيما تم رسمه والفساد يحصلهفيها,الحافله لا نحن يلزم المترو ما فماش وحتى الخطوط ما تم رسمه و الفساد الي حصله فيها,9.411999702453613,youtube_DxTQFsMsyzM_247,0.7058823529411765
labeled_linagora_cs_arabize,عاملوها وصدوها وقته في شارع لوي براي وشارع جون جوراس خاطر قاللك فلانة ماتحبش,عملوها وسدوها وقت في شارع لوي براي و شارع جون جوراس خطر قاللك فلانه ما تحبش,6.349999904632568,youtube_DxTQFsMsyzM_248,0.5625
labeled_linagora_cs_arabize,عد قدامها منا وعدوا حلوها بعض وثم المفروض رو نحن المتطورين معنى السك,يتعدى قدامها وعدوا حلوها بعد وثم المفروض نحن المطورين معناها السكه,7.013999938964844,youtube_DxTQFsMsyzM_249,0.6363636363636364
labeled_linagora_cs_arabize,لا كانت لمفروض متطورة وماتجمش يكون اقتصاد ألا كان ثم ربط متاع المناطق الداخلية,كانت المفروض مطوره وما تنجم يكون اقتصاد كان ثم الربط متاع المناطق الداخليه,6.169000148773193,youtube_DxTQFsMsyzM_250,0.6153846153846154
labeled_linagora_cs_arabize,ما فهموش أسا حتى ما سبت بأقاليم وهذه فرصة بتتحدث,ما فهمو ش اصلا حتى مساه الاقاليم وهذ فرصه باش نتحدث,2.9649999141693115,youtube_DxTQFsMsyzM_251,0.8181818181818182
labeled_linagora_cs_arabize,هذا الي مافهموش  وجد كان الربط وحتى في الأقاليم اللي يتحدثوا عن الأقاليم,مع هاذا ما فهمو ش موجود كان الربط وحتى في الاقاليم الي تحدثوا الاقاليم كان يبدع,6.269000053405762,youtube_DxTQFsMsyzM_252,0.75
labeled_linagora_cs_arabize,هي ربط المناطق الداخلية بالمناطق الساحلية اللي هي أكثر خ لأنه خطر فهالب,هيا ربط المناطق الداخليه بالمناطق الساحليه الي هيا اكثر ح لانه خطر فيها,5.927999973297119,youtube_DxTQFsMsyzM_253,0.6923076923076923
labeled_linagora_cs_arabize,المرت الساحلية في كل الدول مرة تلقاها أكثر لأنه فم البحر وفم اتجارة مع الخارج وهذه توجدت في وقت من الور,المناطق الساحليه في كل الدول معناها تلقاها اكثر لانه البحر و فمة التجاره مع الخارج و هاذي توجد في وقت من,7.611000061035156,youtube_DxTQFsMsyzM_254,0.6190476190476191
labeled_linagora_cs_arabize,ات في تونس عام   التقسيم الأفقي للجهات جا كونومي هذا ه ما قالا,الاوقات في تونس عام سبعة و عشرين التقسيم الافقي للجهات لي ريجيون ايكونوميك هاذا هو قال لا بدع,8.630999565124512,youtube_DxTQFsMsyzM_255,0.7222222222222222
labeled_linagora_cs_arabize,قالوبحر أعطيناكم بحر معنا مايزالوا يفكروا بالشكل اللي يستبرهوا فيه في الشعبالة,نحب قال بحر اعطيناكم بحر معناها مازالوا يفكروا بالشكل الي يسبلهو فيه في الشعب,6.071000099182129,youtube_DxTQFsMsyzM_256,0.6428571428571429
labeled_linagora_cs_arabize,لربط  كما أخوة واحد لابس عليه  م مبسوط فو ال مبسوط يعاون لاخر,التونسي الربط كما اخوه واحد لاباس عليه ولاخر مش مبسوط كيف الي مبسوط يعاون الاخر,9.812000274658203,youtube_DxTQFsMsyzM_257,0.6
labeled_linagora_cs_arabize,الاندماش الاقتصادي والدور الأساسي متاع الدولة هو تحقيق الاندماش الاقتصادي,يقع الاندماج الاقتصادي والدور الاساسي متاع الدوله هو تحقيق الاندماج الاقتصادي,5.104000091552734,youtube_DxTQFsMsyzM_259,0.45454545454545453
labeled_linagora_cs_arabize,وهذا الهدف من المجلس الوطني الجة والأقاليم,و هاذا الهدف من المجلس الوطني لجهات الاقاليم,2.5850000381469727,youtube_DxTQFsMsyzM_260,0.5
labeled_linagora_cs_arabize,حد ال قالو دولة اتحادية اي,في اطار وحده الدوله لا قالوا الوله اتحاديه ما يعرفوهاش الدوله الاتحاديه دوله,5.209000110626221,youtube_DxTQFsMsyzM_261,1.0
labeled_linagora_cs_arabize,ون اسم واحدة و هذه الجات و الأقاليم منا تنبع كما تحدثنا فيه لعديد من المرات,تونس موحده و هاذي الجهات و الاقاليم تنبع كيما تحدثنا فيها العديد من المرات,6.630000114440918,youtube_DxTQFsMsyzM_262,0.7142857142857143
labeled_linagora_cs_arabize,لإرادة من الداخل وتوصل للمركز باش يكون المهمش صانع للقرار ل هو ما يتحدثوا على,الاراده من الداخل وتوصل للمركز مش يكون المهمش صانع للقرار لا هم يتحدثوا على ما,7.011000156402588,youtube_DxTQFsMsyzM_263,0.4
labeled_linagora_cs_arabize,عرفوش حتى معنى الإقليم تو فم إقليم الحرس الوطني ولا مستقل ولا إقليم السناد,يعرفوش حتى معنى الاقليم فمة اقليم الحرس الوطني ولا مستقل ولا اقليم السناد,7.489999771118164,youtube_DxTQFsMsyzM_264,0.46153846153846156
labeled_linagora_cs_arabize,قي هو موجود و كان في وقت من الأوقات في عام عملو قانونيتعل,مستقل لا قليم هو موجود كان في وقت من الاوقات في عام ثنين و سبعين عملوا قانون يتعلق,7.171000003814697,youtube_DxTQFsMsyzM_265,0.6111111111111112
labeled_linagora_cs_arabize,قليم تونس الكبر وما يعرفوش للأسف والأشباه الخبراء لنس هذاك وقتها,باقليم تونس الكبرى صحيح ما يعرفوش للاسف اشباه الخبراء الي تنست هذاكة وقت وكان,7.951000213623047,youtube_DxTQFsMsyzM_266,0.7857142857142857
labeled_linagora_cs_arabize,مشروع لتهيئة تونس الكبرى للأسف منا تم التخلي عليه وشاف تونس الكبرى,مشروع ل تهيئه تونس الكبرى للاسف مع تم التخلي عليه وشف تونس الكبرى,5.559999942779541,youtube_DxTQFsMsyzM_267,0.38461538461538464
labeled_linagora_cs_arabize,باش للأسف براه ولات في الضواحي تاعها و الناس اللي ما يعرفوش,كيفاش للاسف ولات في الضواحي متاعها و الناس الي ما يعرفو ش,6.730999946594238,youtube_DxTQFsMsyzM_268,0.5833333333333334
labeled_linagora_cs_arabize,مش عارفين معناه غدوة  اللي في تالة اللي في قبلي في العمران وقت لية,مش عارفين معناها غدوه الي هنا الي في تاله الي في قبلي في في العمران وقت,8.770999908447266,youtube_DxTQFsMsyzM_269,0.5625
labeled_linagora_cs_arabize,ش منزل بوزيان يولي غدو هو يساهم في وضع التشريعات والربط هذالربط,مشينا منزل بوزيان يولي غدو هو يساهم في وضع التشريعات والربط هذايا هو الربط باش,8.314000129699707,youtube_DxTQFsMsyzM_270,0.3333333333333333
labeled_linagora_cs_arabize,تمكن لواحد باش يزدخر وتعمل في تونس بقانون وفم خريطة كاملة  مش بقانون وقتها,يمكن واحد باش يهز لاخر وتعمل في تونس بقانون و فمة خريطه كامله مش قانون وقت عام,7.610000133514404,youtube_DxTQFsMsyzM_271,0.6470588235294118
labeled_linagora_cs_arabize,ربط مثلا سوسة والقروان وتالة وقتها  موجود النص ولكن من الجهلي مق,سبعة و عشرين ربط مثلا سوس القروان وتاله وقت موجود النص ولكن من الجهل ما قتل,7.909999847412109,youtube_DxTQFsMsyzM_272,0.625
labeled_linagora_cs_arabize,ي,فاهمين فاهمين,3.257999897003174,youtube_DxTQFsMsyzM_273,1.0
labeled_linagora_cs_arabize,رم الجئة الأخرى منا الناس الكل كيف كيف,من الجهه الاخرى الناس الكل كيف كيف,3.3450000286102295,youtube_DxTQFsMsyzM_275,0.5714285714285714
labeled_linagora_cs_arabize,قدمالمساوات والمشروع التنموي ينبع من الإرادة الشعبية مش من وال,على قدم المساوات والمشروع التنموي ينبع من الاراده الشعبيه مش منوال باقي نتحدث عن,5.548999786376953,youtube_DxTQFsMsyzM_276,0.6428571428571429
labeled_linagora_cs_arabize,منو خمسين سنة ونحن نلوجو على منوال تنموي هذا المنوال النابع من إراد اة,المنوال خمسين سنه ونحن نلوج على منوال تنموي هاذا المنوال نابع من اراده,5.829999923706055,youtube_DxTQFsMsyzM_277,0.5384615384615384
labeled_linagora_cs_arabize,حتى في برشا الدولودان يشوفو حتى في الدساتير,معناها حتى في برشا دول في العالم توجه جديد العمل و كان يشوفو حتى في الدساتير في عديد,7.290999889373779,youtube_DxTQFsMsyzM_278,0.6111111111111112
labeled_linagora_cs_arabize,لا دولته في إيطاليا ولا في إسبانيا,من الدول في ايطاليا ولا في اسبانيا,2.502000093460083,youtube_DxTQFsMsyzM_279,0.5714285714285714
labeled_linagora_cs_arabize,,سور ليتا ريجونال ريجونال ايه لهنا معناها لهنا ماهوس باش يكون,4.2230000495910645,youtube_DxTQFsMsyzM_280,1.0
labeled_linagora_cs_arabize,المستقلة عنى ادولة في إطار واحدة الدولة باش تحقق الاندماج المطلوب ق للأسف,المستقل عن الدوله في اطار وحده الدوله باش تحقق الاندماج المطلوب الي للاسف,6.631999969482422,youtube_DxTQFsMsyzM_281,0.6153846153846154
labeled_linagora_cs_arabize,خصر لما ربحتش الريام في تحقيق لدماش,تونس خسر ما ربحتش الريهان في تحقيق الاندماج,3.5840001106262207,youtube_DxTQFsMsyzM_282,0.625
labeled_linagora_cs_arabize,دينامكية جديدة ويولي هو الي مهمشالي ممسي يولي يشارك في صنع ية,ديناميكيه جديده ويولي هو المهمش الي منسي يولي يشارك في صنع,5.127999782562256,youtube_DxTQFsMsyzM_283,0.5454545454545454
labeled_linagora_cs_arabize,روة وخلق الثروة بط ولشركات الأهلية بش يخلق الثروة والناس لاللأسف,القرار و خلق الثروه و خلق الثروه بطبيعت و الشركات الاهليه مش يخلق الثروه و الناس لا للاسف,7.289999961853027,youtube_DxTQFsMsyzM_284,0.9444444444444444
labeled_linagora_cs_arabize,بسط المفاهيم ما مايعرفوهاش ولا يتم تشويهها ماش قادرين للسف يتحدثو,ابسط المفاهيم اما ما يعرفوهاش ولا يتم تشويهها اي وماش قادرين للاسف يتحدثوا وكان,6.943999767303467,youtube_DxTQFsMsyzM_285,0.5714285714285714
labeled_linagora_cs_arabize,ا وي التاريخ من يدعو انهم قرأوا التاريخ  أي أي التاريخ متاع القرن العشرين,قراوا شويه التاريخ من يدعيوا انهم قراوا التاريخ ايه ايه التاريخ متاع القرن العشرين ولا,5.309000015258789,youtube_DxTQFsMsyzM_286,0.4666666666666667
labeled_linagora_cs_arabize,اع لدول الحالية في الأظمة الدستورية والإدارية في عدد من الدولية,متاع الدول الحاليه في الانظمه الدستوريه والاداريه في عدد من الدول,5.728000164031982,youtube_DxTQFsMsyzM_287,0.6363636363636364
labeled_linagora_cs_arabize,ا    ا من الا في ال,الاوروبيه على كل حال هاذا باش يشوفوا معناها درجه من الاهمال في النقل و مناش باش نسلم في,8.71399974822998,youtube_DxTQFsMsyzM_288,0.8888888888888888
labeled_linagora_cs_arabize,م خطو لزمها ترجع فونا,النقل العمومي و فمة خطوط يلزمها ترجع ويكفي توانسه من المعاناه,4.769000053405762,youtube_DxTQFsMsyzM_289,0.9090909090909091
labeled_linagora_cs_arabize,كابدوا فيها كل ية,يكبدوا فيها كل يوم,1.402999997138977,youtube_DxTQFsMsyzM_290,0.5
labeled_linagora_cs_arabize,قال شرل ما يق  كيلو مت,لا نحاوه اك النهار قال مش رابح فيها ايه قالوا ما يقراوشال تلامذه مش رابح على سبعة كيلومتر قالوا مش,7.009900093078613,youtube_DxTQFsMsyzM_291,0.9
labeled_linagora_cs_arabize,م ول تربية الناش  شع,رابح فمة دوله تربيه الناشئة الناس ماشيه تقراه باش نكونوا شعب قالوا لا مش,6.689000129699707,youtube_DxTQFsMsyzM_292,1.0
labeled_linagora_cs_arabize,ت الش,هيا راهي انفستيسمون مش تربح الشعب مش تقريه تقوله لا ما قال مش ربحين فيها اي ما يقراوش لوحو اي باش وصع,8.430999755859375,youtube_DxTQFsMsyzM_293,1.0
labeled_linagora_cs_arabize,ني  ع ا,الدير باش يسيبو ابناء شعبنا يعطيكو الصحه س,4.502999782562256,youtube_DxTQFsMsyzM_294,1.0
labeled_linagora_cs_arabize,تكون هن ا لس مثلا      عب اخر  ل  هذ,باش تكون في رليشنشيب فهمت مش مثلا يؤر تريينغ توا فورغت ابوت يور اكس بعد لاخر بليز دو نت دو ذيس يؤر هرة,10.095999717712402,amenyKH_0000662_0000116_0000001_662_116_1_0,0.9130434782608695
labeled_linagora_cs_arabize,اللي شديت معاه كمالة الماستر الكل وبالحق ثما ديكور وليت نختارهم على خاطر نعرف فيهم شكون باش نجم نخدم معاه اون يكيب,الي شديت معاه كملت ال ماستر الكل و بالحق فمة دي كور وليت نختارهم على خاطر نعرف فيهم شكون باش نجم نخدم معاهم ان ايكيب,9.592000007629395,0000027_0000374_0000001_27_374_1_0,0.48
labeled_linagora_cs_arabize,الحقيقة من الأول حسيد برشا كره للبرسوناج هذيا,هاذيا بيرسوناج لحقيقة ملول حسيت برشا كره لل,3.927999973297119,0000076_0000051_0000003_76_51_3_0,0.875
labeled_linagora_cs_arabize,canapela,كانبي,1.031999945640564,canapya_3193_0,1.0
labeled_linagora_cs_arabize,قال بين بين روحو توا هذا معقول,قال بينو و بين روحو توا هاذا معقول,2.128000020980835,0000019_0000145_19_145_0,0.375
labeled_linagora_cs_arabize,الدجاج,الدجاج,0.8960000276565552,ar--2101_1.wav_2101_1_0,0.0
labeled_linagora_cs_arabize,كيما يحبها هو بالضبط انسانة متخلقة متربيا وتستنى فى مكتوبها فى دار خوها كان تعيش مع دار خوها بما انو امها وبوها متوفين و خوها كان معرس ويمكن حاجة من الحاجات اللى خلاوها تقبل بالزواج بخونا مسعود هى لفاتوة انها فىنالمون باش تستقل,يحبها هو بالضبط انسانه متخلقه متربيه و تستنى في مكتوبها في دار خوها كانت تعيش مع دار خوها بما انه امها وبوها متوفين وخوها كان معرس ويمكن حاجه من الحاجات الي خلاوها تقبل بالزواج بخونا مسعود هيا لو فيت و انها فينالمون باش تستقل ويولي,14.855999946594238,segment_0000359_segment_359_0,0.4444444444444444
labeled_linagora_cs_arabize,سنتحدث على أهمية هذا المرض نحن نتحدث كذلك على,الرضع سنتحدث على آه اهمية هاذا المرض نحن نتحدث كذلك على,4.328000068664551,amenyKH_0000009_chunk_0000006_009_chunk_6_0,0.36363636363636365
labeled_linagora_cs_arabize,معادش فم نيذام صحيح اللي الدخان يدخل الفلوس,ما عادش فمة نظام صحيح الي الدخان يدخل الفلوس ل ل,2.8559999465942383,amenyKH_0000006_0000006_0002012_partie0000006_chunk_0000241_06_06_2012_partie6_chunk_241_0,0.6363636363636364
labeled_linagora_cs_arabize,تلخ,في اللخر,0.5440000295639038,ar--2375_1.5.wav_2375_1.5_0,1.0
labeled_linagora_cs_arabize,مرة أخرى,مرة اخرى,1.2719999551773071,ar--1698_0.75.wav_1698_0.75_0,0.5
labeled_linagora_cs_arabize,الراجل,الراجل,1.0,ar--2417_0.75.wav_2417_0.75_0,0.0
labeled_linagora_cs_arabize,كي توصل للمرشي دور أول دوره عالمين,كتوصل للمرشي دور اول دورة علمين,9.704000473022461,ar--3088_1.wav_3088_1_0,0.8333333333333334
labeled_linagora_cs_arabize,أشكر لكل من أفادنا بإضافة معلومة ونرجو نلتوسى في الموضوع لمزيد فهم,اشكر لكل من افادنا باضافة معلومة ونرجو التوسع في الموضوع لمزيد فهم,5.119999885559082,TunSwitchTO_0000153_0000001_0000042_m0000007z_153_01_42_m7z_0,0.3333333333333333
labeled_linagora_cs_arabize,لازمنى نتبع اخر طلب ليا هال الطلب والله مانيش عارفة مرحلة متاع لطلب بتاعي منيش نجم نشوف اخر طلب وينوصلت مانيش عارفة كيفاش نجم نتبع اخر طلب ليا,لزمني نتبع اخر طلب ليا حالة الطلب و اللهي ما ني ش عارفة مرحله متاع الطلب متاعي ما ني ش منجمة نشوف اخر طلب وين وصلت ما ني ش عارفة كيفاش نجم نتبع اخر طلب ليا,13.968000411987305,segment_0000101_segment_101_0,0.5277777777777778
labeled_linagora_cs_arabize,واحد النهار الكل هو يتربج بمرتو يا روحي يا حياتي يا قلبي يا عني فرحت زال فرحت عمل ه هداتله حاجة,واحد النهار الكل هو يتربج بمرته يا روحي يا حياتي يا قلبي يا عيني فرحت اه ما فيتش مازالت فرحت عملت هك هداتله حجه,12.736000061035156,youtube_P268vEj5QTk_0,0.375
labeled_linagora_cs_arabize,بعد ما روح م الحج معدش يقول في حتى كلمة قاتله ويل اكلام احلو ويلو يا قلبي ياروحي قال سامحني حجيته بطلت الكذب,بعد ما روح من الحج ما عادش يقول في حتى كلمه قالتله وينه الكلام الحلو وينه يا قلبي يا روحي قاللها سامحني حجيت و بطلت الكذب,9.895999908447266,youtube_P268vEj5QTk_1,0.5384615384615384
labeled_linagora_cs_arabize,ויסקורט ביטער מעייש,تسكرة بعثان يعيشك,1.3839999437332153,TunSwitchTO_0000014_0000019_0000043_0000079x_14_19_43_79x_0,1.0
labeled_linagora_cs_arabize,باش نحكي على thtalk stag اللي بالنسبة ليا من أحسن الحاجات معناها in relationhi b,باش نحكي على ذي توكينق ستاج الي بالنسبة ليا من احسن الحاجات معناها ان ا ريلاسيونشيب واي بيكوز يو قيتينق تو نو سامبادي لايك ا هول,12.031999588012695,Melekher0000008_0000018_0000000_Melekher8_18_0_0,0.6923076923076923
labeled_linagora_cs_arabize,الخرجة,الخرجة,0.5839999914169312,ar--2021_1.wav_2021_1_0,0.0
labeled_linagora_cs_arabize,يحسن في العباد في الشارع يقولله هذيك أنا صورت ذك يحط لي اسمي أنا اليزانر نا نا نا أنا ج بالعكس معناهاالجسزم متاعي يخليني نشيخ اليجويزم يخلي,الشارع يقولو انا صورتها حطلي اسمي انا ديزاينر نو نو انا بالعكس معناها لايقوسوتريسم متاعي يخلني نشيخ لايقويسم يخليني,13.13599967956543,segment_0000296_segment_296_0,1.2105263157894737
labeled_linagora_cs_arabize,ماتتفجعوش  فيالهوية زربو الجيش وقت اللي شوية متظاهرين نحبوا يفظاهرو في م دخل زهر,ما تتفجعوش راه في الهوا ضربو الجيش وقت الي شوية متظاهرين حبو يتظاهرو في مدخل وزارة,6.943999767303467,TunSwitchTO_0000026_0000015_0000023_0000005sx_26_15_23_5sx_0,0.75
labeled_linagora_cs_arabize,thank you all i hope عجبتكم الepisode and i can't wait to talk with you,ثانك يو اول اي هوب عجبتكم ال ايبيزود اند اي كانت ويت تو تولك ويذ يو,3.9839999675750732,0000071_0000132_0000002_71_132_2_0,0.9375
labeled_linagora_cs_arabize,فتور الصباح موجود من السبعة ونص حتى للعشرة,فطور الصباح موجود من السبعة و نصف حتى للعشرة,6.584000110626221,ar--3031_1.wav_3031_1_0,0.3333333333333333
labeled_linagora_cs_arabize,pehi,باهي,0.6000000238418579,ar--1114_1.wav_1114_1_0,1.0
labeled_linagora_cs_arabize,من ولك,من فضلك,0.6480000019073486,ar--1053_1.25.wav_1053_1.25_0,0.5
labeled_linagora_cs_arabize,لا باك لا يكول إنجنر لا حد شيء بالحق را حتى ماستر لش,لا باك لا ايكول دانجينير لا حتى شيء بالحق ال بريبا حاجة اخرى بولشيت,6.159999847412109,0000027_0000334_0000001_27_334_1_0,0.5714285714285714
labeled_linagora_cs_arabize,الصحة,الصحرا,0.5120000243186951,ar--1616_1.5.wav_1616_1.5_0,1.0
labeled_linagora_cs_arabize,الفتة,المخدة,0.6399999856948853,ar--1733_1.25.wav_1733_1.25_0,1.0
labeled_linagora_cs_arabize,جويد,جويد,0.6399999856948853,ar--2266_1.25.wav_2266_1.25_0,0.0
labeled_linagora_cs_arabize,انت باش تكون باش تصور لازمك عندك ليمويا متاع الثوره,انت باش تكون باش تثور يلزمك عندك لي موايان متاع الثوران,3.4800000190734863,0000050_0000197_0000002_50_197_2_0,0.45454545454545453
labeled_linagora_cs_arabize,t,الطماطم,1.1119999885559082,ar--1646_0.75.wav_1646_0.75_0,1.0
labeled_linagora_cs_arabize,كونكور دفوار لي هو مشتحب تكون برودكتف قبلو بيناتهم خلي مارج للراحة النفسية نتاعك,كونكور دوفوار الي هو تحب تكون برودكتيف قبلو بيناتهم خلي مارج للراحة النفسية متاعك,5.9120001792907715,0000027_0000394_0000000_27_394_0_0,0.35714285714285715
labeled_linagora_cs_arabize,ماكسبشبكيو عليك جمعة,ماكش باش يبكيوا عليك جمعة,1.3519999980926514,amenyKH_La_Dépression_HM_0000004_denoised_Sync0000020_no_speaker_0000071.0000039_0000072.0000077_La_Dépression_HM_4_denoised_Sync020_no_speaker_71.39_72.77_0,0.6
labeled_linagora_cs_arabize,啊,اعطيني عنوان الحانوت,1.0880000591278076,ar--3332_1.25.wav_3332_1.25_0,1.0
labeled_linagora_cs_arabize,باش رجال اأعمال يولوا يشعروا بأنهم جزء من المجتمع أنه المجتمع ما عاش يكرههم ما عادش يحقرهم ماعادش يخاف منهم,باش آه آه رجال الاعمال يوليو آه يشعروا بانهم جزء من المجتمع انو المجتمع ما عادش يكرههم ما عادش يحقرهم ما عادش يخاف منهم,6.432000160217285,amenyKH_0000002_chunk_0000236_002_chunk_236_0,0.4166666666666667
labeled_linagora_cs_arabize,maybe like bad n,بعد مايبي لايك,2.247999906539917,0000076_0000137_0000000_76_137_0_0,1.3333333333333333
labeled_linagora_cs_arabize,سينا حاجة الاخرىها اللي نحب نخدم عليها,سينون الحاجة لخرا لي نحب نخدم عليها زادة في الفين و ثنين و عشرين,5.23199987411499,Melekher0000012_0000123_0000001_Melekher12_123_1_0,0.7857142857142857
labeled_linagora_cs_arabize,عدنا الفوق بيوت كبار وضاوين بالبانو أش قولك,عنا الفوق بيوت كبار و ضاويين بالبانو اشقولك,10.503999710083008,ar--3022_0.75.wav_3022_0.75_0,0.625
labeled_linagora_cs_arabize,nesemlيh bhye,ناس ملاح باهي,2.2799999713897705,nas_mla7_behi_654_0,1.0
labeled_linagora_cs_arabize,whisky,ويسكي,2.0399999618530273,wiski_30960_0,1.0
labeled_linagora_cs_arabize,consider going to the therapist and invest in going to the therapist,خاطر نعرف كونسيدر قوينق تو ا ثيرابيست اند انفاست اند قو تو ثيرابيست,5.015999794006348,0000075_0000101_0000001_75_101_1_0,1.0
labeled_linagora_cs_arabize,سلمنر هل صحيح انت من بعيد سجلته,سي المنظر هل صحيح انت من بعيد سجلته,2.559999942779541,youtube_ODo8W0aTwvs_0,0.25
labeled_linagora_cs_arabize,س بمككل حاجة بش تحطوها فين سبري,سيبا موا شكون كل حاجه باش تحطوها في انا سيبا نورمال,4.034999847412109,youtube_ODo8W0aTwvs_1,0.9090909090909091
labeled_linagora_cs_arabize,-فسد سمحني سي لمنظر يقول والله أعلم اللي انت عملت فو بروفيل,صافي سعي سامحني سي المظر يقول و الله اعلم الي انت عملت فوبروفيل,5.455999851226807,youtube_ODo8W0aTwvs_2,0.7692307692307693
labeled_linagora_cs_arabize,طر تجر  تعمل لايف من بروفيلك تع لفيد تو روفيل   البروفيل,ايه خاطر ما تنجمش تعمل لايف من بروفي لك متاع الفيسبوك عملت فوبروفيل شنوا البروفيل,4.872000217437744,youtube_ODo8W0aTwvs_3,0.7333333333333333
labeled_linagora_cs_arabize,قدور قدور حاج  م قدور صحي ب و ملت لايف ان متخبي,قدور قدور حاجه هك عم قدور صحيت وعملت لايف وانت متخبي,6.000999927520752,youtube_ODo8W0aTwvs_4,0.7272727272727273
labeled_linagora_cs_arabize,نو شكل,سي فري شنوا المشكل,2.9679999351501465,youtube_ODo8W0aTwvs_5,1.0
labeled_linagora_cs_arabize,-  فنا  م المن,كشفتنا قدام المنتخب المنافس انا جلال يا نحطمه يا يحطمني,8.711999893188477,youtube_ODo8W0aTwvs_6,1.0
labeled_linagora_cs_arabize,كا ه وي  و ج  ر ا تر اه شما الانسان الالم  رانسا ا,ماساويه كان فمة نهايه ماساويه اخيب من هك قولولي عليها هما راه فمة زوز حاجات هيا حاجه تفرح وانه بون مش تفرح اللهم لا شماته اما زدا الانسان الظالم مش نفرح اما الانسان الظالم معناها تحب ترا ما نعرش بيزار كان,12.616000175476074,segment_0000473_segment_473_0,0.975609756097561
labeled_linagora_cs_arabize,असला,اصلع,1.2640000581741333,asla3_3759_0,1.0
labeled_linagora_cs_arabize,وتعدى وقت طويل ويوسف مازال في الحبس وشاف حاكم مصر منامة غريبة وما نجم حتى حد يفسرهالو ياخي تذكر هك الخديم متاع الحاكم اللي كان في الحبس كيفاش يوسف فسر له حلمته بالصحيح,و تعدى وقت طويل و يوسف مازال في الحبس و شاف حاكم مصر منامة غريبة و ما نجم حتى حد يفسرهال ياخي تذكر هاك الخديما متاع الحاكم الي كان في الحبس كيفاش يوسف فسرلو حلمتو بالصحيح,14.192000389099121,10_Joseph3_Dreams_Realized_OneStory_AEB_0,0.4166666666666667
labeled_linagora_cs_arabize,وحكيه للحاكم على أساس يوسف ينجم يفسر له حلمته وأمر حاكم مصر وقتها باش يجيبوله يوسف قدامه فيالقصر باش يحكيلو حلمته ويفسر هالو,و حكى للحاكم على اساس يوسف ينجم يفسرلو حلمتو و و آمر حاكم مصر وقتها باش يجيبولو يوسف قدام في القصر باش يحكيلو حلمتو و يفسرهال,11.576000213623047,10_Joseph3_Dreams_Realized_OneStory_AEB_1,0.5769230769230769
labeled_linagora_cs_arabize,وقت اللي سمع يوسف منعمة الحاكم قالله ياسيدي انا ماعنديش حتى مزية باش نعملها عليك أما ربي وحده هو اللي باش يفسرلك حلمتك,وقت الي سمع يوسف منامة الحاكم قال يا سيد انا ما عنديش حتى مزية باش نعملها عليك اما ربي و حده هو الي باش يفسرلك حلمتك,10.039999961853027,10_Joseph3_Dreams_Realized_OneStory_AEB_2,0.4230769230769231
labeled_linagora_cs_arabize,وحكيه وقتها الحاكم نامته بالتفصيل وفسر هالو يوسف وقاله فما سبع سنين صابة باش يجيو وباش يجيو بعدهم سبع سنين جفاف,و حكى وقتها الحاكم منامتو بالتفصيل و فسرهالو يوسف و قالوا فمة سبعة سنين صابه باش يجيو و باش يجيو بعدهم سبعة سنين جفاف,10.152000427246094,10_Joseph3_Dreams_Realized_OneStory_AEB_3,0.5416666666666666
labeled_linagora_cs_arabize,وهك ياسيدي لازم تعمل اللي يلزم باش تلم المونة اللي باش يستحقها الشعب في سنين الجوع,و هاك يا سيد لازم تعمل الي يلزم باش تلم المونة الي باش يستحقها الشعب في سنين الجوع,6.199999809265137,10_Joseph3_Dreams_Realized_OneStory_AEB_4,0.3333333333333333
labeled_linagora_cs_arabize,يخي تقنع الحاكم بتفسير يوسف وعشبو وشاف اللي مش باش يلقى خير من يوسف تحطو باش يتلهاب المهمة هادي ويلم المونة متاع سبع سنين صابة ويخباها السنين الجفاف,ياخي تقنع الحاكم بتفسير يوسف و عجب و شاف الي مش باش يلقى خير من يوسف يحط باش يتلها بالمهمة هاذي و يلم المونه متاع سبعة سنين صابه و يخبيها لسنين الجفاف,12.32800006866455,10_Joseph3_Dreams_Realized_OneStory_AEB_5,0.5625
labeled_linagora_cs_arabize,وهكا ولا يوزف الفتق الناطق فبلاد مصر وهو اكثر واحد شحكم فيالمصريين بعد الحاكم,و هاك ولا يوسف الفاتق الناطق في بلاد مصر و هو اكثر واحد يحكم في المصرين بعد الحاكم,6.631999969482422,10_Joseph3_Dreams_Realized_OneStory_AEB_6,0.6111111111111112
labeled_linagora_cs_arabize,وصار كل ما فسروا يوسف وجايوا سبع سنين صعبة وصار كل ما فسروا يوسف وجايو سبع سنين صعبة وشافوا المصريين أيامات عمرهم ما شافوها من الحصاد والصابة,و صار كل ما فسره يوسف و جاو سبعة سنين صابه و صار كل ما فسره يوسف و جاو سبعة سنين صابه و شاف المصريين ايامات عمرهم ما شفوها من الحصاد و الصابه,11.343999862670898,10_Joseph3_Dreams_Realized_OneStory_AEB_7,0.6060606060606061
labeled_linagora_cs_arabize,ومن بعد جاو سبع سنين جفاف نسيت المصريين فسنين الحصاد والصابة اللي شافوها من قبل,و من بعد جاو سبعة سنين جفاف نسات المصريين في سنين الحصاد و الصابه الي شافوها من قبل,7.656000137329102,10_Joseph3_Dreams_Realized_OneStory_AEB_8,0.5
labeled_linagora_cs_arabize,وهذا من كثرة قوة الجفاف اللي صار لكن بالرغم من هذا كانو يلقاو الشاكلو بسبب حكمة يوسف على خاطر حرس باش تكون فما مونة تكفي كل اهل البلاد,و هاذا من كثرة قوة الجفاف الي صار لكن بالرغم من هاذا كانو يلقاو آش ياكلو بسبب حكمة يوسف على خاطر حرص باش تكون فمة مونة تكفي كل اهل البلاد,12.039999961853027,10_Joseph3_Dreams_Realized_OneStory_AEB_9,0.26666666666666666
labeled_linagora_cs_arabize,وكان فما وقت وحكاية طويلة من بن يوسف وخواتو اللي سافرو لمصر باش يشريو القمح على خاطر كان فما جفاف في بلادهم زادة ومالقو ما ياكلوا,و كان فمة وقت و حكايه طويل ما بين يوسف و اخواتو الي سافرو لمصر باش يشريو القمح على خاطر كان فمة جفاف في بلادهم زادة و ما لقاو ما ياكلو,10.100000381469727,10_Joseph3_Dreams_Realized_OneStory_AEB_10,0.5161290322580645
labeled_linagora_cs_arabize,وفالآخر طلب منهم يوسف باشيرجعو البوهم ويجيبوه والعشيرة الكل ويعيشو بحذيه فمصر على خاطر مازالت أيامات المجاعة وفيمصر الماكلة موجودة وباش ينجمو يعيشو خير ملي عيشو فبلادهم,و في الاخر طلب منهم يوسف باش يرجعو لبوهم و يجيبوه هو و العشيرة الكل و يعيشو بحذاه في مصر على خاطر ما زالت ايام المجاعة و في مصر موجودة الماكلة و باش ينجمو يعيشو خير من العيشة في بلادهم,14.904000282287598,10_Joseph3_Dreams_Realized_OneStory_AEB_11,0.725
labeled_linagora_cs_arabize,وكي رجعو خواة يوسف وحكيو الحكاية الكل نتع خوهم لبوهم فرح يعقوب برشا على خاطر باش يشوف ولدو اللي فيبالو مات وصار كيف ماحب يوسف وجيت عشيرته الكل باش يعيشو ف مصر بحذاه,و كي رجعو خوات يوسف و حكاو الحكية الكل متاع خوهم لبوهم فرح يعقوب برشا على خاطر باش يشوف ولد الي في بالو مات و صار كيف ما حب يوسف و جات عشيرتو الكل باش يعيشو في مصر بحذاه,13.904000282287598,10_Joseph3_Dreams_Realized_OneStory_AEB_12,0.48717948717948717
labeled_linagora_cs_arabize,وبعد مدة مات يعقوب ودخل الخوف فيقلب خوية يوسف على خاطر قالو يمكن يوسف ينتقم منا تو من بعد ما مات بونا,و بعد مدة مات يعقوب و دخل الخوف في قلب خوات يوسف على خاطر قالوا يمكن يوسف ينتقم منا توا بعد ما مات بونا,10.543999671936035,10_Joseph3_Dreams_Realized_OneStory_AEB_13,0.4166666666666667
labeled_linagora_cs_arabize,ومشاو طلبوا منو باش يغفرلهم اللي عاملوه فيه وقالوله احنا توا العبيد متاعك,و مشاو طلبو منو باش يغفرلهم الي عملوه فيه و قالولوا احنا توا العبيد متاعك,7.263999938964844,10_Joseph3_Dreams_Realized_OneStory_AEB_14,0.4666666666666667
labeled_linagora_cs_arabize,لكن يوسف غاظو كلامهم وبكي وقالهم ما تخافوش أنا مانيش باش ناخذ بقعة ربي انتوما نويتولي الشر أما ربي حب لي الخير وخلاني نكون سبب باش تحيا العشيرة الكل,لكن يوسف غاض كلامهم و بكا و قالهم ما تخافوش انا ما ني ش باش ناخذ بقعة ربي انتوما نويتولي الشر اما ربي حبلي الخير و خلاني نكون سبب باش تحي العشيرة الكل,13.496000289916992,10_Joseph3_Dreams_Realized_OneStory_AEB_15,0.45454545454545453
labeled_linagora_cs_arabize,نحكي على مسؤول سياسي ونحكي على,نحكي على مسؤول سياسي ونحكي على,2.303999900817871,amenyKH_0000006_0000006_0002012_partie0000006_chunk_0000198_06_06_2012_partie6_chunk_198_0,0.0
labeled_linagora_cs_arabize,حابيكم صين معاكم,مرحبا بكم جديد مواصير معاكم اذا في,2.4639999866485596,youtube_tKKh2l0IfQo_0,0.8571428571428571
labeled_linagora_cs_arabize,تنا لليوم شوفو شن لي صار,حكايتنا لليوم شوفوا شنو هو الي صار في,3.4639999866485596,youtube_tKKh2l0IfQo_1,0.75
labeled_linagora_cs_arabize,ملف رفقه الشارني رفقه ورجلها برهان,ملف رفقه الشيرني رفقه ورجلها برهان رفقه,6.007999897003174,youtube_tKKh2l0IfQo_2,0.2857142857142857
labeled_linagora_cs_arabize,شرني الي بتاريخ  ماي٢وب,الشيرني الي بتاريخ سبعة مايو الفين و واحد و عشرين و بعد,3.805000066757202,youtube_tKKh2l0IfQo_3,0.8333333333333334
labeled_linagora_cs_arabize,عنيف جديد وما اعتبرت محاولة ربما للقتل,تعنيف جديد وما اعتبرته محاوله ربما للقتل,5.146999835968018,youtube_tKKh2l0IfQo_4,0.42857142857142855
labeled_linagora_cs_arabize,من خلال الخنق باش تمشي تق,متاعها من خلال الخنقه باش تمشي تقدم,3.505000114440918,youtube_tKKh2l0IfQo_5,0.42857142857142855
labeled_linagora_cs_arabize,اية في موضوع العنف عند المركز,شكايه في موضوع العنف عند المركز باش,3.6649999618530273,youtube_tKKh2l0IfQo_6,0.2857142857142857
labeled_linagora_cs_arabize,تعطيها تسخير باش تمشي تجيب شهادة طبية,يعطيوه تسخير باش تمشي تجيب شهاده طبيه,2.984999895095825,youtube_tKKh2l0IfQo_7,0.42857142857142855
labeled_linagora_cs_arabize,لكن اللي باش يصير هو أنه همت من غدوة,لكن الي بيشي يصير هو انه همت من غدوه,4.264999866485596,youtube_tKKh2l0IfQo_8,0.4444444444444444
labeled_linagora_cs_arabize,ما   تتنازل عل اي,نهار ثمانيه رفقه باش تتنازل على شكايه,4.855999946594238,youtube_tKKh2l0IfQo_9,0.8571428571428571
labeled_linagora_cs_arabize,تاعة,متاحه,0.5040000081062317,youtube_tKKh2l0IfQo_10,1.0
labeled_linagora_cs_arabize,وف معي مليح نو الي نقروه في نص,شوف معي مليح شنو هو الي نقراوه في نص,2.744999885559082,youtube_tKKh2l0IfQo_11,0.4444444444444444
labeled_linagora_cs_arabize,هذا التنازل,هاذا التنازل,1.722000002861023,youtube_tKKh2l0IfQo_12,0.5
labeled_linagora_cs_arabize,لمثير تو من بعد نقولك علاش هو مثير,المثير من بعض نقول لك علاش هو مثير هاذا,4.946000099182129,youtube_tKKh2l0IfQo_13,0.6666666666666666
labeled_linagora_cs_arabize,ناقربنا,بالضبط الي نقراوه صرحت بانها تعرضت,4.926000118255615,youtube_tKKh2l0IfQo_14,1.0
labeled_linagora_cs_arabize,من قبل زوجهاوذلك لحصول سوءتفاهم,للعنف من قبل زوجها وذلك لحصول سوء تفاهم,4.806000232696533,youtube_tKKh2l0IfQo_15,0.625
labeled_linagora_cs_arabize,نهاإلا أنها سقطت حقها في تتبع زوجها,بينهما الا انها سقطت حقها في تتبع زوجها,4.927000045776367,youtube_tKKh2l0IfQo_16,0.375
labeled_linagora_cs_arabize,كذلك دون ضغوطات من أي شخص,وذلك دون ضغوطات من اي شخص,3.3440001010894775,youtube_tKKh2l0IfQo_17,0.3333333333333333
labeled_linagora_cs_arabize,وبسماع المشتكى به برهان اعترف بأنه اعتدا,وبسمع المشتكى به برهان اعترف بانه اعتدى,4.164999961853027,youtube_tKKh2l0IfQo_18,0.42857142857142855
labeled_linagora_cs_arabize,على زوجته بالعنف وكان ذلك في لحظة غضب,على زوجته بالعنف وكان ذلك في لحظه غضب,4.176000118255615,youtube_tKKh2l0IfQo_19,0.125
labeled_linagora_cs_arabize,فعبر عن ندمه وطلب العفو,وعبر عن ندمه وطلب العفو,3.815999984741211,youtube_tKKh2l0IfQo_20,0.2
labeled_linagora_cs_arabize,كنت تسمع على اساس وانو رفقهت,كما كنت اسمع على اساس وانه رفقه مشيت مع,5.566999912261963,youtube_tKKh2l0IfQo_21,0.6666666666666666
labeled_linagora_cs_arabize,اسقطت الدعوة في حقه,رجلها اسقطت الدعوه في حقه,2.864000082015991,youtube_tKKh2l0IfQo_22,0.4
labeled_linagora_cs_arabize,ن  غير أي ضغوطات تذكر هذي اسعة عنا,من غير اي ضغوطات تذكر هاذي هيا السعه عنا,5.5269999504089355,youtube_tKKh2l0IfQo_23,0.5555555555555556
labeled_linagora_cs_arabize,كل القضايا اللي تصير في قضايا المرأة,في كل القضايا التي تسير في قضايا المراه,3.684999942779541,youtube_tKKh2l0IfQo_24,0.5
labeled_linagora_cs_arabize,عدما تكلمرا الضوا  من كل ح,بعد ما تشكي المراه الضغوطات من كل حدب,4.34499979019165,youtube_tKKh2l0IfQo_25,0.75
labeled_linagora_cs_arabize,ب تسقط الشكي ت,وصوب باش تسقط شكايه متاحه,4.0320000648498535,youtube_tKKh2l0IfQo_26,0.8
labeled_linagora_cs_arabize,ريدوني أي ضغوطات يقول النص لكن فيما يتعلق,بدون اي ضغوطات يقول النص لكن فيما يتعلق,7.127999782562256,youtube_tKKh2l0IfQo_27,0.25
labeled_linagora_cs_arabize,احنا متأكدين ان مشكان فم ضغوطات,برفقه احنا متاكدين انه مش كان فمة ضغوطات,4.1880998611450195,youtube_tKKh2l0IfQo_28,0.75
labeled_linagora_cs_arabize,قت,فقط,0.5410000085830688,youtube_tKKh2l0IfQo_29,1.0
labeled_linagora_cs_arabize,وإنما كانت ثم تهديدات,وانما كانت فمة تهديدات,3.2239999771118164,youtube_tKKh2l0IfQo_30,0.5
labeled_linagora_cs_arabize,ما زالت رفقة تحكي مع صاحبتها لقتلك,ما زالت رفقه تحكي مع صاحبتها الي قلت لك,2.6050000190734863,youtube_tKKh2l0IfQo_31,0.4444444444444444
labeled_linagora_cs_arabize,ومع هذه الصديقة تبعثلها بالضبط,عليها ومع هاذي الصديقه بتبعث لها بالضبط,4.335999965667725,youtube_tKKh2l0IfQo_32,0.7142857142857143
labeled_linagora_cs_arabize,ا ص  ص ش,شنو هو الي صار و اليسار باش نكتشفوه من,4.625999927520752,youtube_tKKh2l0IfQo_33,1.0
labeled_linagora_cs_arabize,مخلال هذه المراسلة,خلال هاذي المراسله,3.0460000038146973,youtube_tKKh2l0IfQo_34,1.0
labeled_linagora_cs_arabize,راسلة ي قاعد تقول فيها رفقه,مراسله الي قاعده تقول فيها رفقه انه,4.204999923706055,youtube_tKKh2l0IfQo_35,0.5714285714285714
labeled_linagora_cs_arabize,جلها هددها وقلها ورحمة بابا ما نذبحك,رجلها هددها وقال لها ورحمه بابا ما نذبحك,6.271999835968018,youtube_tKKh2l0IfQo_36,0.5
labeled_linagora_cs_arabize,اذا ماتسقطش عليه اشيالشي,اذا ما تسقطش عليه اشكال الشي الي بشي,4.965000152587891,youtube_tKKh2l0IfQo_37,0.75
labeled_linagora_cs_arabize,ها تمشي وتقوم بعملية اسقاط اشكي,خليها تمشي وتقوم بعمليه اسقاط اشكي لك هيا,8.1899995803833,youtube_tKKh2l0IfQo_38,0.5
labeled_linagora_cs_arabize,,نهار ثمانيه ولكنها,2.062999963760376,youtube_tKKh2l0IfQo_40,1.0
labeled_linagora_cs_arabize,روحت مع بوها الدار بوها و هو روح حلي,روحت مع ابوها الي دار ابوها وهو روح على,3.884999990463257,youtube_tKKh2l0IfQo_41,0.6666666666666666
labeled_linagora_cs_arabize,لر  مال ي يلي رفق,روحه لدارهم شنو هو ماللي باش يخلي رفقه,4.047999858856201,youtube_tKKh2l0IfQo_42,1.0
labeled_linagora_cs_arabize,ه ع ماي كن متواجدة في داره,نهار تسعة مي تكون متواجده في دارها,4.808000087738037,youtube_tKKh2l0IfQo_43,0.8571428571428571
labeled_linagora_cs_arabize,ماي,تسعة ماي,0.6610000133514404,youtube_tKKh2l0IfQo_44,0.5
labeled_linagora_cs_arabize,هو لسوء حظها وقتها ساعة هو أيامات قبل,هو لسوء حظها وقتها ساعه هو ايامات قبل,4.085999965667725,youtube_tKKh2l0IfQo_45,0.25
labeled_linagora_cs_arabize,لنا في رمضان,العيد رانا في رمضان,1.8880000114440918,youtube_tKKh2l0IfQo_46,0.5
labeled_linagora_cs_arabize,و ماي هو عيد ميلاد ولدها الصغير,وتسعه هو عيد ميلاد ولدها الصغير,3.8559999465942383,youtube_tKKh2l0IfQo_47,0.3333333333333333
labeled_linagora_cs_arabize,للدار علي أساس ب تهز الحوايج تعه,مشيت للدائر على اساس بشتهز الحوايج متاعو,3.7860000133514404,youtube_tKKh2l0IfQo_48,0.8571428571428571
labeled_linagora_cs_arabize,ترجع الدار ه غا برمج,من الدار وترجع لدار ابوها غادي مبرمجه,4.245999813079834,youtube_tKKh2l0IfQo_49,0.8571428571428571
labeled_linagora_cs_arabize,انها بش تحتفل بعيد ميلاد ولدها,انها باش تحتفل بعيد ميلاد ولدها,3.2639999389648438,youtube_tKKh2l0IfQo_50,0.16666666666666666
labeled_linagora_cs_arabize,لكن بزهرها إنهارتها برهان بش يدخل للدار,لكن بظهرها انهارتها برهان باش يدخل للدار,5.267000198364258,youtube_tKKh2l0IfQo_51,0.42857142857142855
labeled_linagora_cs_arabize,وهيا غاد,و هي غادي,1.0640000104904175,youtube_tKKh2l0IfQo_52,1.0
labeled_linagora_cs_arabize,موقتها,و من وقتها,0.640999972820282,youtube_tKKh2l0IfQo_53,1.0
labeled_linagora_cs_arabize,بش تلحم مبيناتهم باش يعاود يتذكر كيفاش,بشتلحن ما بيناتهم باش يعاود يتذكر كيف آش,5.0279998779296875,youtube_tKKh2l0IfQo_54,0.625
labeled_linagora_cs_arabize,انت تشكي بي وتفضحني قدام اليسوة,انت تشكي بيا وتفضحني قدام اليسوى و الي,4.265999794006348,youtube_tKKh2l0IfQo_55,0.5
labeled_linagora_cs_arabize,ش,تشكي بيا,0.9409999847412109,youtube_tKKh2l0IfQo_56,1.0
labeled_linagora_cs_arabize,سويش,ما يسواش,0.7009999752044678,youtube_tKKh2l0IfQo_57,1.0
labeled_linagora_cs_arabize,نسيت باش نقولك الي هو شاكيه بيه مرتو,وسيت باش نقول لك الي هو شاكر بيه مرته,4.366000175476074,youtube_tKKh2l0IfQo_58,0.5555555555555556
labeled_linagora_cs_arabize,ف ومبيناتهم خلافات,في العنف وما بيناتهم خلافات,3.9119999408721924,youtube_tKKh2l0IfQo_59,0.8
labeled_linagora_cs_arabize,فرغم ذلك فأن رغم أن حامل للسلاح,ورغم ذلك فانه رغم انه حامل للسلاح فانه,6.666999816894531,youtube_tKKh2l0IfQo_60,0.5
labeled_linagora_cs_arabize,ارا احتا مت,مش يكون فمة حتى اجراء احترازي متعلق على,5.306000232696533,youtube_tKKh2l0IfQo_61,1.0
labeled_linagora_cs_arabize,قل بسلاحه يقعد ليق بعداسق,الاقل بسلاحه باش يقعد طليق بعد اسقاط,5.708000183105469,youtube_tKKh2l0IfQo_62,0.7142857142857143
labeled_linagora_cs_arabize,ل لاح,شكايه باش يقعد عنده سلاحه,6.5320000648498535,youtube_tKKh2l0IfQo_63,1.0
labeled_linagora_cs_arabize,الوقت اللي تعارك هو وياها اسلاحه بين يديه,هو اختي يتعارك هو واياها سلاحه بين يديه,3.5250000953674316,youtube_tKKh2l0IfQo_64,0.625
labeled_linagora_cs_arabize,مش يدور بيه دجاج لكحل,باش يدور بيه الدجاج الاكحل,2.0959999561309814,youtube_tKKh2l0IfQo_65,0.6
labeled_linagora_cs_arabize,يجبد الفرد,ويجبد الفرد,1.062999963760376,youtube_tKKh2l0IfQo_66,0.5
labeled_linagora_cs_arabize,لقة لأولة باش تكون في ساقين مرتو,تلقى الاولى مش تكون في ساقين مرته,4.645999908447266,youtube_tKKh2l0IfQo_67,0.5714285714285714
labeled_linagora_cs_arabize,لقلولة,طلقه الاولى,0.8009999990463257,youtube_tKKh2l0IfQo_68,1.0
labeled_linagora_cs_arabize,تفيسق,جد في ساقها,0.781000018119812,youtube_tKKh2l0IfQo_69,1.0
labeled_linagora_cs_arabize,لكن من بعد سلسلة من الطلقات,لكن من بعد سلسله من الطلقات,3.244999885559082,youtube_tKKh2l0IfQo_70,0.16666666666666666
labeled_linagora_cs_arabize,خم كراتش بيتم اطلاقها,خمسة كراتش باش يتم اطلاقها خمسة كراتش في,4.385000228881836,youtube_tKKh2l0IfQo_71,0.75
labeled_linagora_cs_arabize,اماكن مختلفة من جسد رفقة,اماكن مختلفه من جسد رفقه,9.35200023651123,youtube_tKKh2l0IfQo_72,0.4
labeled_linagora_cs_arabize,ك  تح بعضهم في القاعة,خمسة كراش باش تطيح بعضهم في القاعه تتسكك,4.605999946594238,youtube_tKKh2l0IfQo_73,0.75
labeled_linagora_cs_arabize,مدة قصيرةث,لمده قصيره ثم,2.4049999713897705,youtube_tKKh2l0IfQo_74,1.0
labeled_linagora_cs_arabize,شتتحرك,ما عاش تتحرك,0.781000018119812,youtube_tKKh2l0IfQo_75,1.0
labeled_linagora_cs_arabize,ف يسيب اللاح,هنا وين بده يفيق باش يسيب السلاح متاعه,3.7039999961853027,youtube_tKKh2l0IfQo_76,0.875
labeled_linagora_cs_arabize,يهب بحمرته مش عارف شنوليعمل,ويهبط بحذاته مش عارف شنو الي يعمل,3.444000005722046,youtube_tKKh2l0IfQo_77,0.7142857142857143
labeled_linagora_cs_arabize,بين السياح بين بكا,بين الصياح بين بكيه,1.7359999418258667,youtube_tKKh2l0IfQo_78,0.5
labeled_linagora_cs_arabize,موشي مصدق روحه ربما,ما هوش مصدق روحه ربما,2.2239999771118164,youtube_tKKh2l0IfQo_79,0.4
labeled_linagora_cs_arabize,مش يكلم الحماية المدنية,باش يكلم الحمايه المدنيه,1.7430000305175781,youtube_tKKh2l0IfQo_80,0.75
labeled_linagora_cs_arabize,لي بش تجيه على عين المكان,الي باش تجي على عين المكان,1.902999997138977,youtube_tKKh2l0IfQo_81,0.5
labeled_linagora_cs_arabize,وبش يتم نقل رفقة على جناح السرعة,وبش يتم نقل رفقه على جناح السرعه,4.086999893188477,youtube_tKKh2l0IfQo_82,0.2857142857142857
labeled_linagora_cs_arabize,ار,السبيطار,0.6000000238418579,youtube_tKKh2l0IfQo_83,1.0
labeled_linagora_cs_arabize,ولك الطاقم الطبي بش يأكد بعد مدة قصيرة,ولكن الطاقم الطبي باش ياكد بعد مده قصيره,4.306000232696533,youtube_tKKh2l0IfQo_84,0.625
labeled_linagora_cs_arabize,ات رفقة لشر,وفاه رفقه الشيرن,2.4639999866485596,youtube_tKKh2l0IfQo_85,1.0
labeled_linagora_cs_arabize,تم إلقاء القبض على برهانز,يتم القاء القبض على برهان زاده كيف كيف,2.9839999675750732,youtube_tKKh2l0IfQo_86,0.75
labeled_linagora_cs_arabize,صفة سريعة,بصفه سريعه,1.6230000257492065,youtube_tKKh2l0IfQo_87,1.0
labeled_linagora_cs_arabize,طلق بعد ذلك المحاكمةعه,و تنطلق بعد ذلك المحاكمه نتاعه محاكمه,4.065999984741211,youtube_tKKh2l0IfQo_88,0.7142857142857143
labeled_linagora_cs_arabize,ق اد تقريبا للمنظومة الكل,انطلقت زيدا تقريبا للمنظومه الكل لنقاط,4.205999851226807,youtube_tKKh2l0IfQo_89,0.6666666666666666
labeled_linagora_cs_arabize,الاستفهام الغريبة في هذه القضية,الاستفهام الغريبه في هاذي القضيه,2.328000068664551,youtube_tKKh2l0IfQo_90,0.6
labeled_linagora_cs_arabize,الحاجات البالية اللي مازالت عنا,للحاجات الباليه لما زالت عنا,2.7760000228881836,youtube_tKKh2l0IfQo_91,0.8
labeled_linagora_cs_arabize,م,امتاع اولا كي واحد يتضرب ما تشكيش,3.4860000610351562,youtube_tKKh2l0IfQo_92,1.0
labeled_linagora_cs_arabize,فاش وبعد ذلك تولي الضربة الثانية و الثالثة,كيفاش و بعد ذلك ولضربه الثانيه والثالثه,4.506999969482422,youtube_tKKh2l0IfQo_93,1.1428571428571428
labeled_linagora_cs_arabize,ع والع وصل الي حالا,والرابعه والعاشره ونوصلوا الى حالات,3.184000015258789,youtube_tKKh2l0IfQo_94,1.0
labeled_linagora_cs_arabize,,القتل وكي تشكي كيفاش تشكي يلزمك سقط,4.23799991607666,youtube_tKKh2l0IfQo_95,1.0
labeled_linagora_cs_arabize,وتسقط بعد ذلك الدعوة وفي هذا لكل الجانب,وتسقت بعد ذلك الدعوه و في هاذا الكل الجانب,4.8470001220703125,youtube_tKKh2l0IfQo_96,0.6666666666666666
labeled_linagora_cs_arabize,يتابع في هذه القضايا يعني أمنيا,الي يتابع في هاذي القضايا يعني امنيا,2.624000072479248,youtube_tKKh2l0IfQo_98,0.42857142857142855
labeled_linagora_cs_arabize,قضائيا كو ماشي في الخطهذا هو الإشكال,وقضائيا ماشي في الخط يعني هاذا هولاشكال,3.7760000228881836,youtube_tKKh2l0IfQo_99,0.8571428571428571
labeled_linagora_cs_arabize,أنت تبدأ عارف أن السيدة هذيك أسق ط ل  ية,انك انت تبدا عارف ان السيده هذيكة اسقطت,2.9649999141693115,youtube_tKKh2l0IfQo_100,1.25
labeled_linagora_cs_arabize,كراهة,اكراها,0.5210000276565552,youtube_tKKh2l0IfQo_102,1.0
labeled_linagora_cs_arabize,وليس لأنه تحب تسقطه ثم و ي احد سقط ا,وليس لانها تحب تسقطه ثم وشنو واحد يسقط,3.265000104904175,youtube_tKKh2l0IfQo_103,0.75
labeled_linagora_cs_arabize,واحد مخبط ماكلتريحه,الدعوه واحد مخبط وماكل تريحه و من بعد جاي,2.7249999046325684,youtube_tKKh2l0IfQo_104,0.7777777777777778
labeled_linagora_cs_arabize,في الدعو متعش   انت تقبلها,يسقط في الدعوه متاع عيش تعشنو انت تقبلها,3.2249999046325684,youtube_tKKh2l0IfQo_105,0.625
labeled_linagora_cs_arabize,يسقط الدعوة حتانق,انه هو يسقط الدعوه حتى كان هو اسقط,2.9649999141693115,youtube_tKKh2l0IfQo_106,0.875
labeled_linagora_cs_arabize,المفروض,الدعوه المفروض,0.8619999885559082,youtube_tKKh2l0IfQo_107,0.5
labeled_linagora_cs_arabize,المفروض ان نعرفو ا السيد ولاالسيد,المفروض انه نعرف السيد ولا السيده لك ما,3.7249999046325684,youtube_tKKh2l0IfQo_108,0.875
labeled_linagora_cs_arabize,عملوش بطب خاطر,عملوش بخاطر,2.1040000915527344,youtube_tKKh2l0IfQo_109,1.0
labeled_linagora_cs_arabize,ثم ثلاثة,ثم ثلاثة,0.6620000004768372,youtube_tKKh2l0IfQo_110,0.0
labeled_linagora_cs_arabize,فقضايا العنف مبينات الأزواج خاصة,في قضايا العنف مابينات الازواج خاصه,2.9839999675750732,youtube_tKKh2l0IfQo_111,0.8333333333333334
labeled_linagora_cs_arabize,كيفاش لا نتخذ إجراءات سمى اجرا ت,كيفاش لا نتخذ اجراءات تتسمى اجراءات,3.8259999752044678,youtube_tKKh2l0IfQo_112,0.6666666666666666
labeled_linagora_cs_arabize,الا الحيا,احترازيه شولاجراءات الاحترازيه النوايا,4.285999774932861,youtube_tKKh2l0IfQo_113,1.0
labeled_linagora_cs_arabize,سب في العنف يكون ممنوع عليها,المتسبب في العنف يكون ممنوعه عليها انه,3.2039999961853027,youtube_tKKh2l0IfQo_114,0.42857142857142855
labeled_linagora_cs_arabize,قتب من الخ المعنفلمد معن,يقترب من الشخص المعنف لمده معينه اذا,4.807000160217285,youtube_tKKh2l0IfQo_115,0.8571428571428571
labeled_linagora_cs_arabize,في نزع طلاق ح ي لق,كانوا في نازعه اطلاق حتى ليصير اطلاق اذا,3.3259999752044678,youtube_tKKh2l0IfQo_116,0.875
labeled_linagora_cs_arabize,مفهم ح,كانوا مش متفاهمين حتى يتضحلوا يعني,3.884999990463257,youtube_tKKh2l0IfQo_117,1.0
labeled_linagora_cs_arabize,يعني حتى نتفادي أن نص لكوارث لازم,يعني حتى نتفادى ان نص الكوارث لازم,3.96589994430542,youtube_tKKh2l0IfQo_118,0.42857142857142855
labeled_linagora_cs_arabize,مفروض إجراءات معينة,المفروض اجراءات معينه,1.6820000410079956,youtube_tKKh2l0IfQo_119,1.0
labeled_linagora_cs_arabize,آخر هذه الإشكاليات وأبرزها لقتل,آخر هاذي الاشكاليات وابرزها الي قلت لك,2.5250000953674316,youtube_tKKh2l0IfQo_120,0.8571428571428571
labeled_linagora_cs_arabize,ف موضوع السلاحة,عليه موضوع السلاح,1.6619000434875488,youtube_tKKh2l0IfQo_121,0.6666666666666666
labeled_linagora_cs_arabize,كيف يمكن في وضعيك منهكة متاع إنسان عنيف,كيف يمكن في وضعيه من هكة متاع انسان عنيف,4.303999900817871,youtube_tKKh2l0IfQo_122,0.4444444444444444
labeled_linagora_cs_arabize,مارس العنف أكثر من مرة في ي,مارس العنف اكثر من مره في شكايه في,2.4240000247955322,youtube_tKKh2l0IfQo_123,0.5
labeled_linagora_cs_arabize,العنف يدور بالسلاحه,ممارسه العنف يدور بالسلاح نتاعو,2.8239998817443848,youtube_tKKh2l0IfQo_124,0.6
labeled_linagora_cs_arabize,بل ما نخافو ع الناس نخافو عليه هو,قبل ما نخافوا على الناس نخافوا عليه هو,2.8450000286102295,youtube_tKKh2l0IfQo_125,0.5
labeled_linagora_cs_arabize,هذا الكل تعم,لك هاذا الكل مش يتعمل على آش الحقيقه هاذي,3.686000108718872,youtube_tKKh2l0IfQo_126,0.8888888888888888
labeled_linagora_cs_arabize,قضية باش تأخذ أهمية كبيرة ياسروق,القضيه باش تاخذ اهميه كبيره ياسر وقتي,3.4049999713897705,youtube_tKKh2l0IfQo_127,0.8571428571428571
labeled_linagora_cs_arabize,يرفي تونس أهمية إعلامية,باش تصير في تونس اهميه اعلاميه,2.7360000610351562,youtube_tKKh2l0IfQo_128,0.8333333333333334
labeled_linagora_cs_arabize,أهمية من خلال الحملة اللي باش تتعمله,اهميه من خلال الحمله الي باش تتعمل,3.325000047683716,youtube_tKKh2l0IfQo_129,0.5714285714285714
labeled_linagora_cs_arabize,ي  تبدأ من وقتها اسمها رفقة,و الي مش تبدا من وقتها اسمها رفقه,3.2639999389648438,youtube_tKKh2l0IfQo_130,0.625
labeled_linagora_cs_arabize,rnي,الشيرني,0.5410000085830688,youtube_tKKh2l0IfQo_131,1.0
labeled_linagora_cs_arabize,مية كبيرة باش تخلي م اجراءات ع,اهميه كبيره باش تخلي فمة اجراءات على,4.785999774932861,youtube_tKKh2l0IfQo_132,0.5714285714285714
labeled_linagora_cs_arabize,علالند ف اتخاذها,الاقل نبداو في اتخاذها انه في مثل هاذي,3.444999933242798,youtube_tKKh2l0IfQo_133,0.875
labeled_linagora_cs_arabize,اافيما يتعلق بحمل السلاح,القضايا الساعه فيما يتعلق بحمل السلاح,2.736999988555908,youtube_tKKh2l0IfQo_134,0.5
labeled_linagora_cs_arabize,يجبن,يجب ان,0.6809999942779541,youtube_tKKh2l0IfQo_135,1.0
labeled_linagora_cs_arabize,ينظ ينظم أكثر موضوع حاملي السلاح,تنظم اكثر ينظم اكثر موضوع حاملي السلاح,4.145999908447266,youtube_tKKh2l0IfQo_136,0.42857142857142855
labeled_linagora_cs_arabize,ثم فيما يتعلق بالشكايات وفيما يتلق,ثم فيما يتعلق بالشكايات وفيما يتعلق,3.5850000381469727,youtube_tKKh2l0IfQo_137,0.16666666666666666
labeled_linagora_cs_arabize,التعامل مع اشكايات متاع الضحايا تم,بالتعامل مع اشكايات متاع الضحايا تم زادة,4.304999828338623,youtube_tKKh2l0IfQo_138,0.2857142857142857
labeled_linagora_cs_arabize,كيف تحديد و توضيح الكثير من الإجراءات,كيف كيف تحديد وتوضيح الكثير من الاجراءات,5.546000003814697,youtube_tKKh2l0IfQo_139,0.5714285714285714
labeled_linagora_cs_arabize,هذا الكل لا يكفي مزلنا بعاد يسر,لك هاذا الكل لا يكفي نزلنا بعاد ياسر على,5.745999813079834,youtube_tKKh2l0IfQo_140,0.5555555555555556
labeled_linagora_cs_arabize,جاد حلول لمثل هذه الظواهر برهان لليوم,ايجاد حلول لمثل هاذي الظواهر برهان لليوم,5.947000026702881,youtube_tKKh2l0IfQo_141,0.2857142857142857
labeled_linagora_cs_arabize,ما زال يخضع للمحاكمة هو اعترف وتقريبا,ما زال يخضع للمحاكمه هو اعترف و تقريبا,4.585999965667725,youtube_tKKh2l0IfQo_142,0.375
labeled_linagora_cs_arabize,لقا متلبس في جريمة القتل متاع مارتو,تلقاء متلبس في جريمه القتل متاع مرته,3.865000009536743,youtube_tKKh2l0IfQo_143,0.42857142857142855
labeled_linagora_cs_arabize,لكن إلى حد الآن ما زالت المحاكمةه,ولكن الى حد الان مازالت المحاكمه متاعه,3.625,youtube_tKKh2l0IfQo_144,0.8571428571428571
labeled_linagora_cs_arabize,من جانب آخر مازالت هذه الجرائم,من جانب آخر ما زالت هاذي الجرائم,3.9049999713897705,youtube_tKKh2l0IfQo_145,0.42857142857142855
labeled_linagora_cs_arabize,متواصلة وأعدادها ليست في تراجع بتاتا,متواصله واعدادها ليست في تراجع بتاتا,4.945000171661377,youtube_tKKh2l0IfQo_146,0.3333333333333333
labeled_linagora_cs_arabize,متواصلة,متواصله,0.9610000252723694,youtube_tKKh2l0IfQo_147,1.0
labeled_linagora_cs_arabize,ربما لزمنا التفكير في حلول جديدة انت,ربما لازمنا التفكير في حلول جديد انت شو,5.60699987411499,youtube_tKKh2l0IfQo_148,0.375
labeled_linagora_cs_arabize,ا,رايك في هاذي الحلول شنو هو تنجم تكون هاذي,5.026000022888184,youtube_tKKh2l0IfQo_149,1.0
labeled_linagora_cs_arabize,شكرا على حسن المتابعة الى اللقاء,الحلول شكرا على حسن المتابعه الى اللقاء,4.166999816894531,youtube_tKKh2l0IfQo_150,0.2857142857142857
labeled_linagora_cs_arabize,بنيتي حالتك حالك,بنيتي حالتك حالة,1.312000036239624,0000022_0000161_22_161_0,0.3333333333333333
labeled_linagora_cs_arabize,خاطر عندها عليه تمشي لسي خاطر باش تقرا معناه حتى كاين لوسي,خاطر عندها علاش تمشي لل ليسي خاطرك باش تقرا معناها حتى كان,4.159999847412109,0000072_0000009_0000002_72_9_2_0,0.5833333333333334
labeled_linagora_cs_arabize,rسي لماع,غسيل لماعن,1.4639999866485596,ar--2423_0.75.wav_2423_0.75_0,1.0
labeled_linagora_cs_arabize,منيها ضضض  مو يد وذو ال غا لذاك عات بضار ن زينوي سينيز ي   ري نبيني بلثر فى,معناها لي اسبيس ان فوا دي ديسباريسيون ولا ان دانجي دونك جي ديري بلوس كي كوس تونيزيا سي بوزيسيون ان تان كون ورقانيساسيون انفيرونمونتال بلوس سور,12.0,0000049_0000058_0000000_49_58_0_0,1.0
labeled_linagora_cs_arabize,جابتته من لجهة الأخرى وربطته فيالكربا ومن بعد خطفت الكهبا وقعدت تمشي حتى لين تكبس الحبل وترى كان في شامد خالد ماشي وتطلع وترتفع عىالقاعة حتى لين ولا معلق بين هوا وفضاء وصقيه يدللو وهكاك ك,جبدتو من الجهة الاخرى وربطتو في الكرهبة و من بعد خطفت الكربهة وقعدت تمشي حتى لين تكبس الحبل وترا كان في جثة خالد ماشية وتطلع وترتفع على القاعه حتى لين ولا معلق بين هوا وفضا وسقيه تدلدل وهك تكون مارست,13.663999557495117,segment_0000776_segment_776_0,0.5
labeled_linagora_cs_arabize,تو في نهار م نهارات على اساس طفلة اخرى و قاتلو بللي مراد اعطاني لمروك وقاللي اتصل بيه باش تهزنا بحضيه انا وصحبتى لدار و انت باش تمشي معنا قاللها سمير على عيني وراسي وقاللها وين تحب نجيكم بالضبط ف,في نهار من نهارات على اساس طفله اخرى وقاتلو باللي مراد اعطاني نمروك وقالي اتصل بيه باش تهزنا بحذاه انا وصاحبتي لدارو وانت باش تمشي معان قاللها سمير على عيني وراسي وقاللها وين تحب نجيكم بالضبط تحب,12.576000213623047,segment_0000758_segment_758_0,0.40540540540540543
labeled_linagora_cs_arabize,الميل,المونو,1.1519999504089355,ar--1494_0.75.wav_1494_0.75_0,1.0
labeled_linagora_cs_arabize,كأي راجل شنو موقفك شفت زوجتك تمشي دار دعان,كاي راجل شنوا موقفك شفت زوجتك تمشي لدار دعارة,3.927999973297119,amenyKH_0000008_chunk_0000207_008_chunk_207_0,0.4444444444444444
labeled_linagora_cs_arabize,swarela,كويس قهوة يعيشك,0.9039999842643738,TunSwitchTO_0000020_0000022_0000002_0000008qn_20_22_02_8qn_0,1.0
labeled_linagora_cs_arabize,حكيناش بار دتاي إذا كان فم حواج محكيناش فيهم بار دتاي,ما حكينا ش بار ديتايل اذا كان فمة حوايج ما حكينا ش فيهم بار ديتايل,3.7360000610351562,0000028_0000207_0000001_28_207_1_0,0.7333333333333333
labeled_linagora_cs_arabize,بالشجرة,الشجرة,0.7039999961853027,ar--1617_1.wav_1617_1_0,1.0
labeled_linagora_cs_arabize,م صدقتيش,اما ما صدقتش,0.871999979019165,amenyKH_Personnalité_Multiple_HM_E0000001_denoised_Sync0000014_no_speaker_0000033.0000072_0000034.0000062_Personnalité_Multiple_HM_E1_denoised_Sync014_no_speaker_33.72_34.62_0,1.0
labeled_linagora_cs_arabize,التاريخ,التاريخ,1.128000020980835,ar--1761_0.75.wav_1761_0.75_0,0.0
labeled_linagora_cs_arabize,ام عبدالله طايبة عشياء هاي,ام عبد الله طيبت عشا هايل,1.9359999895095825,ar--3652_1.25.wav_3652_1.25_0,0.8333333333333334
labeled_linagora_cs_arabize,ثمانية,ثمنية,0.8799999952316284,ar--1025_0.75.wav_1025_0.75_0,1.0
labeled_linagora_cs_arabize,أنا هو اليسونس اللي نستحقه عادي ولا سوبير ولا مزوط,اناهو لسونس الي نستحقو عادي ولا سوبر ولا مازوط,3.752000093460083,ar--3271_1.wav_3271_1_0,0.7777777777777778
labeled_linagora_cs_arabize,نشاعي,متاعي,0.6159999966621399,ar--1183_1.25.wav_1183_1.25_0,1.0
labeled_linagora_cs_arabize,الوان نا لر  وديما مزاكي يوبا,كيفاش هاكة الالوان هاذوكم يلزم نعم نعم وديما موزاكي آه يواكبنا,6.4079999923706055,amenyKH_0000011_chunk_0000050_011_chunk_50_0,0.9090909090909091
labeled_linagora_cs_arabize,دايركتر أحمد الزهيري كيحكي على الفيلم متاعو,احمد الزهيري كي يحكي على الفيلم متاعو ديركتور,3.48799991607666,0000076_0000026_0000001_76_26_1_0,0.625
labeled_linagora_cs_arabize,العنوة,العنوان,1.0399999618530273,ar--2341_0.75.wav_2341_0.75_0,1.0
labeled_linagora_cs_arabize,يفقد,يفقد,0.6399999856948853,ar--2372_1.wav_2372_1_0,0.0
labeled_linagora_cs_arabize,ومذا بنا اتبطيل يكون فرض ضربة إخه,ومذبينا التبطيل يكون فرد ضربة الى آخره,2.815999984741211,amenyKH_0000006_0000006_0002012_partie0000005_chunk_0000184_06_06_2012_partie5_chunk_184_0,0.8571428571428571
labeled_linagora_cs_arabize,عبدالله مزاش اللي وصطو عليه عاشر,عبد الله ما نسلش الي وصاتو عليه عيشة,2.687999963760376,ar--3347_1.25.wav_3347_1.25_0,0.875
labeled_linagora_cs_arabize,طلبت من عبدالله اش يعطيها لابوزلين مناظ,طلبت من عبد الله باش يعطيها دبوزة ليموناضة,4.4720001220703125,ar--3393_0.75.wav_3393_0.75_0,0.625
labeled_linagora_cs_arabize,راهو لي حاجة عادية  هم ك اتي,راهو يور ليميت حاجة عادية يور هيومان يو كان مايك ميستايكس,4.703999996185303,0000070_0000133_0000001_70_133_1_0,0.7272727272727273
labeled_linagora_cs_arabize,mاال ازر,ملا زهر,1.2640000581741333,mala_zhar_31785_0,1.0
labeled_linagora_cs_arabize,malafati zad trk,ملفاتي زادة تسرقوا,1.9040000438690186,TunSwitchTO_0000055_0000023_0000042_l0000052_55_23_42_l52_0,1.0
labeled_linagora_cs_arabize,مش مخلينا حاسين أنهو عنده في الليل خطركيما يخدمش بطبيعة يبد في الدار معنا,ما هو ش مخلين حاجتين انه هو عنده في الليل خاطر كي ما يخدمش بالطبيعة يبدا في الدار معانا,4.815999984741211,amenyKH_Hkayet_Tounsia_S0000002_Episode_0000028_0000026_0000003_0002018_Partie_0000003_Sync0000010_no_speaker_0000074.0000033_0000079.0000012_Hkayet_Tounsia_S02_Episode_28_26_03_2018_Partie_03_Sync010_no_speaker_74.33_79.12_0,0.6842105263157895
labeled_linagora_cs_arabize,تماذوما الناس اللي لابس عليهم ينجمو,يعني مرتاحة بالطبيعة بالطبيعة,4.199999809265137,amenyKH_0000006_0000006_0002012_partie0000005_chunk_0000162_06_06_2012_partie5_chunk_162_0,1.5
labeled_linagora_cs_arabize,هذاك باش نحاول نعطيكم بالحق لا استوس لي تعلمتهم الكل كان يونيد يالتكسيافيسبوك بيج,هاذاكه باش نحاول نعطيكم بالحق لي استوس لي تعلمتهم الكل كان يو نيد انيثينق دي ام مي تكست مي اون ذي فيسبوك باج,9.232000350952148,0000070_0000038_0000000_70_38_0_0,0.6086956521739131
labeled_linagora_cs_arabize,اسمع قصكلامك بالعسل,اسمع قص كلامك بالعسل,1.4559999704360962,amenyKH_Hkayet_Tounsia_S0000002_Episode_0000028_0000026_0000003_0002018_Partie_0000003_Sync0000050_no_speaker_0000248.0000053_0000249.0000096_Hkayet_Tounsia_S02_Episode_28_26_03_2018_Partie_03_Sync050_no_speaker_248.53_249.96_0,0.5
labeled_linagora_cs_arabize,لأنه شفنا اليوم اللي راهو,لان شفنا اليوم لانو راهو,1.6799999475479126,amenyKH_0000006_0000006_0002012_partie0000006_chunk_0000256_06_06_2012_partie6_chunk_256_0,0.4
labeled_linagora_cs_arabize,بالحق خسارة,بالحق خسارة,1.3600000143051147,ar--3052_1.wav_3052_1_0,0.0
labeled_linagora_cs_arabize,في بالي لعبد ماتسمعش بودكاس وكل صيصة في تونس,فيبالي العباد ما تسمعش بودكاست و كل سورتو في تونس مي,4.872000217437744,Melekher0000012_0000005_0000001_Melekher12_5_1_0,0.8181818181818182
labeled_linagora_cs_arabize,bosa,برشا,0.6320000290870667,ar--1526_1.25.wav_1526_1.25_0,1.0
labeled_linagora_cs_arabize,عدي,قاعدين,0.6159999966621399,amenyKH_Hkayet_Tounsia_S0000001_Episode_0000017_0000020_0000003_0002017_Partie_0000003_Sync0000202_no_speaker_0003197.0000023_0003197.0000086_Hkayet_Tounsia_S01_Episode_17_20_03_2017_Partie_03_Sync202_no_speaker_3197.23_3197.86_0,1.0
labeled_linagora_cs_arabize,حضر في ست جنازة,حظر في صلاة الجنازة متاع,1.2000000476837158,0000019_0000090_19_90_0,0.8
labeled_linagora_cs_arabize,سورية اسمها فاطمه الحاج براهيم والدكتور طارق كان يعزها برشا ويعتبرها في مقام بنته تقريبا هو اللي رباها وبحكم طارقه,سوريه اسمها فاطمه الحاج ابراهيم والدكتور طارق كان يعزها برشا ويعتبرها في مقام بنتو تقريبا هو الي رباها وبحكم طارق هو,13.175999641418457,segment_0000809_segment_809_0,0.2857142857142857
labeled_linagora_cs_arabize,حتى في خدمتي لدنجم نركز بلجدي,حتى في خدمتي ما عادش انجم نركز بالقدا,2.0880000591278076,amenyKH_La_Dépression_HM_0000004_denoised_Sync0000006_no_speaker_0000022.0000042_0000024.0000048_La_Dépression_HM_4_denoised_Sync006_no_speaker_22.42_24.48_0,0.5
labeled_linagora_cs_arabize,زدوك خديت فكرة كبيرة و تعمقت فسوجي واكل,ايدوكاتيف تونيزين دونك خذيت فكرة كبيرة و تعمقت فال سوجي و كل,4.5279998779296875,0000072_0000045_0000000_72_45_0_0,0.6666666666666666
labeled_linagora_cs_arabize,مش تحطليسم فصلات تحب تقتلني,باش تحطلي سوم في السلاطة تحب تقتلني,2.0399999618530273,amenyKH_La_Schizophrénie_HM_E0000002_denoised_Sync0000018_no_speaker_0000066.0000090_0000068.0000096_La_Schizophrénie_HM_E2_denoised_Sync018_no_speaker_66.90_68.96_0,0.7142857142857143
labeled_linagora_cs_arabize,عسلاما يا حاجة,عالسلامة يا حاجة تفضل,1.1119999885559082,0000022_0000091_22_91_0,0.5
labeled_linagora_cs_arabize,المستمع,المستمع,0.9279999732971191,ar--2116_1.wav_2116_1_0,0.0
labeled_linagora_cs_arabize,بل وفاتها وتنقص عليها العذاب الشديد سمعتها ريما من لون للخر وفينا لمو ثبتة برئتها قدام الناس الكل فهمت ريما سبب الشي اللي صار عليها واسبب دمار حياتها وما وقفتش طول الوقت المسكينة علالبكاء والناس الكل كانوا برسمى مصدومين,وفاتها وتنقص عليها العذاب الشديد سمعتها ريما من الاول للاخر و فينالمون ثبتت براءتها قدام الناس الكل فهمت ريما سبب الشيء الي صار عليها وسبب دمار حياتها ا وما وقفتش طول الوقت المسكينه على البكاء و الناس الكل كانوا بالرسمي مصدومين وكانوا,14.447999954223633,segment_0000468_segment_468_0,0.42857142857142855
labeled_linagora_cs_arabize,ttiq,الساق,1.0640000104904175,ar--2186_0.75.wav_2186_0.75_0,1.0
labeled_linagora_cs_arabize,ame kif mہtep,اعمل كيفما تحب,2.055999994277954,TunSwitchTO_0000067_0000015_0000033_dh0000007_67_15_33_dh7_0,1.0
labeled_linagora_cs_arabize,ع,يعاون,1.184000015258789,ar--1631_0.75.wav_1631_0.75_0,1.0
labeled_linagora_cs_arabize,تعدو شهرين كاملين على ايقاف شباب الزوز و ماتمكنش الحاكم من انه يتعرف على هوية فاطمة و يشدهم ولسبب هذاك تم تلاق سرحهم لكنهم قاعدو تحت الحراسة الى ان بدأت تبرد القضية لكن الاخط فاط,الخمسه تعداو شهرين كاملين على ايقاف الشباب الزوز وما تمكنش الحاكم من انو يتعرف على هوية فاطمه ويشدها و السبب هذاكة تم اتلاق سراحهم لكنهم قعدوا تحت الحراسه الى ان بدات تبرد القضيه لكن الاخت فاطمه,13.104000091552734,segment_0000770_segment_770_0,0.5277777777777778
labeled_linagora_cs_arabize,ماكلة في العالم  لمحمسة بالقدين خال وعزيزة عياني,ماكلة في العالم الا و هيا المحمصة بالقديد متاع خالتو عزيزة العشية تعدالي,4.711999893188477,TunSwitchTO_0000076_0000011_0000022_exh_76_11_22_exh_0,0.7692307692307693
labeled_linagora_cs_arabize,ils oonnt un potentiel énorme,يل اون ان بوتنسيال انورم,1.4800000190734863,0000013_0000037_13_37_0,1.0
labeled_linagora_cs_arabize,م هم الي جاوبوا عليها اتي الماوتبlت,انتوما هوما لي تجاوبوا عليها تايك اكاونتابيليتي,3.119999885559082,Melekher0000010_0000266_0000000_Melekher10_266_0_0,0.8571428571428571
labeled_linagora_cs_arabize,ملا منظر رايع برشا المنتزات,ملا منضر رايعة برشا المنتزهات,5.176000118255615,TunSwitchTO_0000013_0000011_0000020_t0000004p_13_11_20_t4p_0,0.6
labeled_linagora_cs_arabize,لازمني نمشي البنك يابانية,لازمني نمشي لبانكا يابانية,2.184000015258789,TunSwitchTO_0000141_0000018_0000050_0000006xl_141_18_50_6xl_0,0.25
labeled_linagora_cs_arabize,看没有خ,كانت بمية وخمسين مش بميتين مية وخمسين ميتين ثلاثة مية,4.056000232696533,amenyKH_MIC0000001_mod_0000035_chunk_0000006_MIC00001_mod_35_chunk_6_0,1.0
labeled_linagora_cs_arabize,ا  ش ين فيه ل ان لكل وفيه لر ا يسم ي  د الدجا ا ميكفيش باش يعملو لر من خاطر لازم ديما يخلصو كل مايهبو فيبلاد,دونك سي ان بوكس جو دي سوسيتي كيما مونوبولي داكور فيه لي باي دو موند الكل و فيه لي جويور باش يتسماو فواياجور يلز اون ان بوجي لي بوجي دي ديبار ما يكفيش باش يعملوا لي تور دو موند خاطر لازم ديما يخلصوا كل ما يهبطوا في بلاد,14.168000221252441,0000016_0000030_16_30_0,0.875
labeled_linagora_cs_arabize,انت شنو اللي خليك تنجح قداش عندك ديجامالي بطلت,انت شنوا الي خلاك تنجح قداش عندك ديجا ماللي بطلت توا,2.880000114440918,amenyKH_0000006_0000006_0002012_partie0000001_0000003_chunk_0000037_06_06_2012_partie1_3_chunk_37_0,0.5454545454545454
labeled_linagora_cs_arabize,يالادي رص لن  و  في يزهور,يا اولادي راهي الدنيا الوسخ كلانا امشيو شوفوا انا نسكن في حي الزهور الاوساخ الي صايرة لنا في حي الزهور بلدية باردو ما ني ش فاهمة,6.079999923706055,amenyKH_0000004_chunk_0000034_004_chunk_34_0,0.9615384615384616
labeled_linagora_cs_arabize,كما نلقاو حلهنا ونفضو الحكاية لهنا وتوفى الحكاية هنا سينا عملك فضيحة ونفز عليك الجري خاف مراد ك ووافق وقالهالليبارك واقترح عليها وانهميمشو لبلاصة ويزيدويحكيو ركبو فالكب وكنو علىساسبامور,كم نلقاو حل هنا ونفوض الحكايه لهنا وتوفى الحكايه لهنا سينو نعملك فضيحه ونفزع عليك الجيران خاف مراد بيان سور وافق وقال لها الله يبارك واقترح عليها وانهم يمشيو البلاصه ويزيدوا يحكيوا ركبوا في الكرهبة وكانوا على اساس باش يمشيو للبحر و تتنهد,14.656000137329102,segment_0000730_segment_730_0,0.813953488372093
labeled_linagora_cs_arabize,تلفت محبوب الأميرة لسلطان مراد وقا,تلفت محبوب الاميرة للسلطان مراد و قالوا,2.200000047683716,0000021_0000027_21_27_0,0.5714285714285714
labeled_linagora_cs_arabize,نحب نكلع بينا كسروت مليف ورخيس,نحب ماكلة بنينة كسكروت نظيف و رخيس,3.200000047683716,ar--Salah1.wav_1.25.wav_Salah1.wav_1.25_0,0.8571428571428571
labeled_linagora_cs_arabize,قالي أنا كي كنت نجي و نحضر معاكم ما خداهم في الخط,قلي انا لي كنت نجي و نحضر معاكم مخذان في الخاطر,2.871999979019165,0000020_0000099_20_99_0,0.5454545454545454
labeled_linagora_cs_arabize,فما كلمات طيبين يسمعهم من عيلته ومن صاحب اللي اللي ينصحو واللي يعاونو,فمة كلمات طيبين يسمعهم م من عايلتو من صاحب الي ينصحو الي يعاونو,5.8480000495910645,amenyKH_0000006_0000006_0002012_partie0000006_chunk_0000129_06_06_2012_partie6_chunk_129_0,0.5384615384615384
labeled_linagora_cs_arabize,بالحق من أكثر الحاجات التروماتيزانت للي تفرجت فيهم الفوزي سا ما يخافوش أنهم يوجعو لصغار ماعادش تلقى فيلم هكا,بالحق من اكثر الحاجات تروماطيزونت لي تفرجت فيهم يلز فيس سا ما يخافوش انهم يوجعوا الصغار الصغار ما عادش تلقى فيلم هكة,6.4720001220703125,0000038_0000040_0000001_38_40_1_0,0.5454545454545454
labeled_linagora_cs_arabize,شوت فيه أنا باش نعلمك اللي الشركات الأف شور الألمانية فوق  شركة  هني في تونس في الأتوموبيل,توت ا في انا باش نعلمك الي شركات ال اوفشور الالمانية معناها شركة هوني في تونس فال اوتوموبيل,7.191999912261963,0000018_0000030_18_30_0,0.7222222222222222
labeled_linagora_cs_arabize,خليطة اجمديية,خريطة المدينة,0.9919999837875366,ar--1336_1.25.wav_1336_1.25_0,1.0
labeled_linagora_cs_arabize,والتران أكيد يخرج من برشلونة يتعدى على باب عليو,و ال تران اكيد يخرج من برشلونة يتعدى على باب عليوة,3.4159998893737793,0000023_0000077_23_77_0,0.45454545454545453
labeled_linagora_cs_arabize,المخي,المخيم,0.6079999804496765,ar--1083_1.5.wav_1083_1.5_0,1.0
labeled_linagora_cs_arabize,ssakrna,الصاك امان,0.6159999966621399,ar--1339_1.25.wav_1339_1.25_0,1.0
labeled_linagora_cs_arabize,في,في,0.5120000243186951,ar--1788_0.75.wav_1788_0.75_0,0.0
labeled_linagora_cs_arabize,أنت بالنسبة ليك الإشكال في أوقات عممعناها في ساعات العمل,انت بالنسبة ليك الاشكال في اوقات العمل م معناها في ساعات العمل,3.359999895095825,amenyKH_MOSAIQUEFM_FORUM_0210912_0000003_chunk_0000005_MOSAIQUEFM_FORUM_210912_3_chunk_5_0,0.5
labeled_linagora_cs_arabize,مش كل شي تدخل فيه,مش كل شيء تدخل فيه,1.2000000476837158,amenyKH_Hkayet_Tounsia_S0000002_Episode_0000028_0000026_0000003_0002018_Partie_0000003_Sync0000167_no_speaker_0001569.0000003_0001570.0000021_Hkayet_Tounsia_S02_Episode_28_26_03_2018_Partie_03_Sync167_no_speaker_1569.03_1570.21_0,0.2
labeled_linagora_cs_arabize,جيش التامي يشوف ليلسيني,حداش وتسعة مية شوف لي الفين ايه,1.7680000066757202,amenyKH_MIC0000001_mod_0000049_chunk_0000002_MIC00001_mod_49_chunk_2_0,1.0
labeled_linagora_cs_arabize,طلبو مني باش نولي المؤذن متاع الخمس في الجمعة,طلبوا مني باش نولي مؤذن متاع الخمس في الجامع لكبير,2.5280001163482666,0000021_0000063_21_63_0,0.4
labeled_linagora_cs_arabize,هك ستيلوات راهو ساتسفاين علخر,هكة ستيلوات راهو ساتيسفاينق عالاخر ريت كي,3.9119999408721924,0000027_0000260_0000002_27_260_2_0,0.7142857142857143
labeled_linagora_cs_arabize,انونو,النومرو,0.5920000076293945,ar--2295_1.25.wav_2295_1.25_0,1.0
labeled_linagora_cs_arabize,على ليلة بكل حاجة تقلق فيه البس أحصن مع عندك اليوم سهرية شيك,على ليلة كل حاجة تقلق فيك البس احسن ما عندك اليوم سهريا شيك,4.736000061035156,TunSwitchTO_0000037_0000021_0000002_vi0000001_37_21_02_vi1_0,0.38461538461538464
labeled_linagora_cs_arabize,لفيس,البياسة,0.5600000023841858,ar--1360_1.25.wav_1360_1.25_0,1.0
labeled_linagora_cs_arabize,أنا بالطبيعة سمعت كلامهم علاللخر هكبلا مرا مشيت شري تروبة جديدة وركبت ضوافر,انا بالطبيعة سمعت كلامهم عالاخر اهوكا بالاماراة مشيت شريت روبة جديدة و ركبت ظوافر,5.935999870300293,TunSwitchTO_0000093_0000022_0000043_ct0000009_93_22_43_ct9_0,0.6428571428571429
labeled_linagora_cs_arabize,elivea,اللسان,0.6159999966621399,ar--2168_1.5.wav_2168_1.5_0,1.0
labeled_linagora_cs_arabize,نلوج على هذا,نلوج على هاذا,0.8880000114440918,TunSwitchTO_0000203_0000023_0000001_bxq_203_23_01_bxq_0,0.3333333333333333
labeled_linagora_cs_arabize,نشمو نلعبو باسكيت وكورة تعومو في البيسين بتاعنا ولا تتسلفوا بسكيت,تنجمو تلعبو باسكات و كورة تعومو في البيسين متاعنا ولا تتسلفو بسكلات,6.9679999351501465,ar--3168_0.75.wav_3168_0.75_0,0.6666666666666666
labeled_linagora_cs_arabize,و- بان سيسه إفو معناها يلفو- أفوار لوميلت لازم عندك اتواضع الفكري اللي مش كل شيء راك تقوله راهو حاجة طيارة  ان لفو سو,اما كي سالوه قالولوا علاش كتبت في حياتك كملة معناها ستيل متاعك اونيك خمسمياة و تسعة و ثمانين معناها كيما نجيب محفوظ علاش كتبت اربع كتب ولا خمس ولا ستة كتب بركا قلهم خمسمياة و تسعين جى او كتر او سنك بون ايدي ون سكنت اون سا ريتها قوة خمسمياة و واحد و تسعين اي بان سي سا ال فو معناها ال فو افوار لوميليتي يلزم عندك تواضع الفكري مش كل الي تقولو راو حاجة طيارة واو,12.407999992370605,segment_0000311_segment_311_0,0.948051948051948
labeled_linagora_cs_arabize,عبدالله فرحان قريب باش يمشي يطلع لأخوه,عبد الله فرحان قريب باش يمشي يطل على خوه,4.199999809265137,ar--3301_1.wav_3301_1_0,0.5555555555555556
labeled_linagora_cs_arabize,هكيك العلاقة تقعد فيها برشا قدر وبرشا احترام,هكاكة العلاقة تقعد فيها برشا قدر وبرشة احترام,2.9679999351501465,amenyKH_Hkayet_Tounsia_S0000002_Episode_0000028_0000026_0000003_0002018_Partie_0000003_Sync0000169_no_speaker_0001570.0000039_0001573.0000036_Hkayet_Tounsia_S02_Episode_28_26_03_2018_Partie_03_Sync169_no_speaker_1570.39_1573.36_0,0.25
labeled_linagora_cs_arabize,اقطر ارعبتل ذون ما طيحتلوش قدر مثلا كيطح تعرفش كيفاش طيح قدر مثلا ياخذو الأمناها,القدر نهبطوه طون كو ما تيحطلوش قدرو مثلا تعرف كيفاه تطيح قدر مثلا عون امن معناها كي,11.4399995803833,segment_0000322_segment_322_0,0.8235294117647058
labeled_linagora_cs_arabize,يمشي بالكار,يمشي بالكار,1.440000057220459,ar--1264_0.75.wav_1264_0.75_0,0.0
labeled_linagora_cs_arabize,ن ة ل حياتنا ن فيلريمي,رانا يا جماعة طول حياتنا ماللي احنا فال بريمار نسمعو,3.1519999504089355,0000040_0000062_0000001_40_62_1_0,0.9
labeled_linagora_cs_arabize,عالي وميعيشش حياة نورمال اما ميشلقش عل خاطر عج نتعو كل بررو لذ انت في وسط لبررا متحسش بها صعيبة على خاطر لي انت عايشو,وما يعيش ش حياة نورمال اما ما يشلقش على خاطر ال انتوراج متاعو الكل بريبا و انت في وسط ال بريبا ما تحس ش بيها صعيبة على خاطر الي انت عايشو,12.031999588012695,0000027_0000151_0000000_27_151_0_0,0.6129032258064516
labeled_linagora_cs_arabize,لزم نعاوضو نتلقاو كيد مرخ,لازمنا نعاوده نتلاقاو اكيد مرة اخرى,2.74399995803833,TunSwitchTO_0000027_0000012_0000056_0000006qp_27_12_56_6qp_0,1.0
labeled_linagora_cs_arabize,عي سقال ي والله بالحق ولا تصورو نلقا واحد هنا قاعد يذكل ولا يحربش والله ما يذبحنا ويعملنا كامين,قص عليه سيف و قال ايه و الله بالحق ولا تصورو نلقاو واحد هنا قاعد يزطل ولا يحربش و الله ما يذبحنا و يعملنا كمية,8.175999641418457,0000023_0000133_23_133_0,0.6
labeled_linagora_cs_arabize,منتها الي موجوده ولي كيما قلتلك معناها حاجات لي نبداو بتطبيق القانون لالقانون الموجود ديجاه,معنتها الي موجودة و الي كيما قتلك معناها حاجات الي نبداو بتطبيق القانون القانون الموجود ديجا,6.943999767303467,0000051_0000145_0000001_51_145_1_0,0.5
labeled_linagora_cs_arabize,әcliнalf,عشرين الف,1.7920000553131104,3echrine_alf_31360_0,1.0
labeled_linagora_cs_arabize,ça va u mié,سبعمياة,1.3760000467300415,seb3emya_31344_0,4.0
labeled_linagora_cs_arabize,ما نحكيوش على لوزت,ما نحكيوش على لوزاتي,1.0399999618530273,0000022_0000051_22_51_0,0.25
labeled_linagora_cs_arabize,عايشة راوحتزا,عيشة روحت زادة,1.871999979019165,ar--3205_1.wav_3205_1_0,1.0
labeled_linagora_cs_arabize,أبسط حاجة في إنك تولي plus proدucتiف تحس روحك هاكا تحب تنفع تحس الناس كل,ابسط حاجة في انك تولي بلوس برودكتيف تحس روحك هكة تحب تنفع تحس الناس الكل,6.144000053405762,0000028_0000024_0000002_28_24_2_0,0.4
labeled_linagora_cs_arabize,وأكيد والدينا لاحسو الاخبار بالموضوع,و اكيد و الدينا لا حس و لا خبر بالموضوع,2.119999885559082,0000023_0000070_23_70_0,0.9
labeled_linagora_cs_arabize,على البدن على تعاملنا مع المحيط,عل البدن على تعاملنا مع المحيط,2.359999895095825,amenyKH_0000006_0000006_0002012_partie0000005_chunk_0000146_06_06_2012_partie5_chunk_146_0,0.16666666666666666
labeled_linagora_cs_arabize,تالماغازة,المغازة,0.8080000281333923,ar--1929_1.wav_1929_1_0,1.0
labeled_linagora_cs_arabize,في الrlشنب نحكي على سير رشن,في في ريلاسيونشيب نحكي على سيريوس ريلاسيونشيب,5.400000095367432,0000662_0000059_0000001_662_59_1_0,0.5714285714285714
labeled_linagora_cs_arabize,كل شي ناوعشوي رياض ولا يمشي عل القيره الإنسان يعاون يروحو ه لالاف فرك مالدخانيعمل شقاقة في الليل,كل شيء معناها ولا الواحد يعمل شوية سبور ولا يمشي على ساقيه فهمتني و الانسان يعاون روحو متيفسيون هذاكة الفين ولا ثلاثة آلاف فرنك متاع الدخان يعمل شقاقة و في الليل,10.711999893188477,amenyKH_0000006_0000006_0002012_partie0000002_chunk_0000065_06_06_2012_partie2_chunk_65_0,0.7741935483870968
labeled_linagora_cs_arabize,اه هذيك هين حبس تخبل,آه هذاكة كان حبس قبل,3.9119999408721924,ar--3244_0.75.wav_3244_0.75_0,0.8
labeled_linagora_cs_arabize,serves,السرفوز,1.2640000581741333,ar--1377_0.75.wav_1377_0.75_0,1.0
labeled_linagora_cs_arabize,صباح الخير,صباح للخير,0.9440000057220459,tn9502_0,0.5
labeled_linagora_cs_arabize,كلe maقd,كلام معقول,1.5759999752044678,TunSwitchTO_0000006_0000011_0000049_vzs_6_11_49_vzs_0,1.0
labeled_linagora_cs_arabize,قر,قرو باش يتعشاو,1.0959999561309814,ar--3432_1.5.wav_3432_1.5_0,1.0
labeled_linagora_cs_arabize,الخوب,الخو,0.7599999904632568,ar--1798_0.75.wav_1798_0.75_0,1.0
labeled_linagora_cs_arabize,تونسي ديما يقرأ في قصص بالفرونسي باش يحسن اللغة سوحب وحدة فرنسوية قتل جتام جاوبها موا أaسي موغميغاتيل,تونسي ديما يقرا في قصص بالفرنسي باش يحسن اللغه صحب وحده فرنساويه قالتله جي تايم جاوبها موا اوسي مورمورا تي يل,10.324999809265137,youtube_T6V5i3AS83A_0,0.6190476190476191
labeled_linagora_cs_arabize,لفظا,لفضاء,0.671999990940094,ar--1620_1.wav_1620_1_0,1.0
labeled_linagora_cs_arabize,فم برشا عباد معناها نضاف عللخر قاعدين يخرجو يطلعو معناه بلايص كوسبوه مروكس,فمة برشا عباد معناها نظاف عالاخر و قاعدين يخرجوا يطلعوا معناها لبلايص كي سي سوا ال ماروك,8.368000030517578,0000042_0000027_0000001_42_27_1_0,0.7647058823529411
labeled_linagora_cs_arabize,ninlazameninaxd lmurasl,منين لازمني ناخذ المراسلة,2.808000087738037,TunSwitchTO_0000137_0000001_0000037_p0000009b_137_01_37_p9b_0,1.0
labeled_linagora_cs_arabize,кҡэtҡэd,قد قد,1.2239999771118164,gedd_gedd_9639_0,1.0
labeled_linagora_cs_arabize,نجم توريني فيني خاتم اللي سار,تنجم توريني ثاني خاتم من الليسار,2.5840001106262207,TunSwitchTO_0000032_0000009_0000006_0000008zz_32_09_06_8zz_0,0.6666666666666666
labeled_linagora_cs_arabize,راهو خاتم العرس متع أمي,راهو خاتم العرس متاع امي,2.1040000915527344,ar--3353_1.wav_3353_1_0,0.4
labeled_linagora_cs_arabize,في سياق نحكيو على المرأة السوداء دتهم درنيرمونت في المغرب,في سياق لنحكيو على المراة السوداء ريتهم ديرنييرمون في المغرب,3.1600000858306885,0000050_0000179_0000001_50_179_1_0,0.4
labeled_linagora_cs_arabize,الموضة,الموضة,1.0160000324249268,ar--2082_0.75.wav_2082_0.75_0,0.0
labeled_linagora_cs_arabize,نتصور الدرجة بتاع الفرحة والشيخة اللي وصلتلها أنا ليلتها ما وصلها حظ,نتصور الدرجة متاع الفرحة و الشيخة الي وصلتلها انا ليلتها ما وصللها حد,5.144000053405762,TunSwitchTO_0000009_0000008_0000017_myt_9_08_17_myt_0,0.5384615384615384
labeled_linagora_cs_arabize,والله انا ماخده من كل بد شوية ظهرلي ما كان تدور برشا بطلب حواج ب عربية,و الله انا ماخذه من كل بلاد شويه ظهرلي ما كانت دور برشا في التلفرا حواجبي عربيه,5.301000118255615,youtube_5oslwQZlXC8_0,0.6470588235294118
labeled_linagora_cs_arabize,سموريتي بروزيليا خشمي عربي,سموريتي بزيليا خشمي عربي,3.3239998817443848,youtube_5oslwQZlXC8_1,0.25
labeled_linagora_cs_arabize,مادخلي خشمك كليود حب البرد,ما تقولي خشمك كاليهود يحب البرد,3.0250000953674316,youtube_5oslwQZlXC8_2,0.6666666666666666
labeled_linagora_cs_arabize,شيف ديما متاع الاغنيين الحقيقة الشتاشنيركميلا شربة,السيف ديما متاع الغنيين الحقيقه الشتا شنيا رسمالها الشربه,4.132999897003174,youtube_5oslwQZlXC8_3,0.7777777777777778
labeled_linagora_cs_arabize,في كل شي باهي في السترة باي شوف انتي تتسخان الدنيا العباد تعري وتوري وتعملهم الكل,في كل شيء باهي في السترا باهي انت شوف انت تسخان الدنيا العباد تعري وتوري,6.078999996185303,youtube_5oslwQZlXC8_4,0.5333333333333333
labeled_linagora_cs_arabize,باغ ونطر فشتاي احمد لله يسترو رواحهم مافهمتش انا نقصتي ماريول يعني ظهرت,بار كونتر في الشتاء الحمد لله يستروا رواحهم ما فهمتش انا نلقاك في مريول يعني ظهرت,5.5,youtube_5oslwQZlXC8_5,0.6875
labeled_linagora_cs_arabize,زعمة كيفاش تبقا عليا ضرت متفتحة حاجاك اعزاء كبير في المجتمع نا,زعما كيفاش تتقى هيا ظهرت متفتحه وحشاك اعزاء كبير في المجتمع نو,8.77400016784668,youtube_5oslwQZlXC8_6,0.5833333333333334
labeled_linagora_cs_arabize,باش يغزرلك نظره اخرى مش نظره لي انتي في مخك يا محلين يعجبت عجبتي فيش عجبت عجبتيلي كوحت برك واتي تعفه,باش يغزرلك نظره اخرى مش نظره الي انت في مخك يا محليني عجبته عجبت فيش عجبتيه عجبتيه في وحده بركا وانت تعرفيها,8.628000259399414,youtube_5oslwQZlXC8_7,0.5454545454545454
labeled_linagora_cs_arabize,احترماها الخشبة اللي عندكاللي في قالب يمكن نعرف شني جاب جابتك احترماها عسلامة,احترميه الخشبه الي عندك الي في قالب يمكن ماعرف شنيا جابتك احترمها,9.942000389099121,youtube_5oslwQZlXC8_8,0.8333333333333334
labeled_linagora_cs_arabize,-عسلامة -ابس عليك -لحملله الحمد لله ب سؤالنا اليوم يقول لو كان جات الجنسية تتعطا بملامح الوجها شنية كانت تكون جنسيتك,عالسلامه لاباس عليك الحمد لله الحمد لله باهي سؤالنا اليوم يقول لو كان جات الجنسيه تعطى بملامح الوجه شنيا كانت تكون جنسيتك,9.569000244140625,youtube_5oslwQZlXC8_9,0.4090909090909091
labeled_linagora_cs_arabize,والله انا ماخذه من كل باد شوية ظهرللي ما كان تدور برشا في اتلفزه ما نعرفش حوايج بي عربية,و الله انا ماخذه من كل بلاد شويه ظهرلي ما كانت دور برشا في التلفزه ما نعرفش حواجبي عربيه,7.336999893188477,youtube_5oslwQZlXC8_10,0.5789473684210527
labeled_linagora_cs_arabize,حوش بغزار يع على غالب الحجام حسبي الله ونعمل كيد سموريتيلليا سمر,حوجبي غزار يعني الله غالب الحجامه حسبي الله ونعم الوكيل سموريتي برزيل سمرا,8.331999778747559,youtube_5oslwQZlXC8_11,0.7692307692307693
labeled_linagora_cs_arabize,شنويا اخر خشمة عربي ماتقولي خشمك كليود,سني آخر خشمي عربي ما تقولي خشمك كاليهود,7.38700008392334,youtube_5oslwQZlXC8_12,0.75
labeled_linagora_cs_arabize,استغفر الله انرانت قيم,استغفر الله ما نعرفش انت قيم,5.510000228881836,youtube_5oslwQZlXC8_13,0.5
labeled_linagora_cs_arabize,ماذا تقول انتي عندك كوكتيل دونك لازمك يكون عندك جميع الجنسيت,معنتها انت تقول انت عندك كوكتيل دونك لازمك يكون عندك جميع الجنسيات,4.702000141143799,youtube_5oslwQZlXC8_14,0.3333333333333333
labeled_linagora_cs_arabize,باسب رو شخي م الباسبرو ولا ندوروها العالم بلاصة بلاصة جيع,باسبور روجير شخير من الباسبور روج معناعا ندورها العالم بلاصه بلاصه قع,6.708000183105469,youtube_5oslwQZlXC8_15,0.9166666666666666
labeled_linagora_cs_arabize,باكثر بلاصاتحب تمشيل جني انا نحب البرد مش الايسلندا,اكثر بلاصه اكثر بلاصه تحب تمشي شنيا اني نحب البرد نمش الايسلندا,7.260000228881836,youtube_5oslwQZlXC8_16,0.75
labeled_linagora_cs_arabize,شمعنا ايسلندا ماتقوليش خاطر تحب البرد نحب البرد نحب البرد نحب البرد ولمشي الروسيا,شمعنى ايسلندا ما تقولش خطر تحب البرد نحب البرد نحب البرد نحب البرد نمشي لروسيا,5.900000095367432,youtube_5oslwQZlXC8_17,0.4
labeled_linagora_cs_arabize,نمشي لالاسكا نحب البرد و ولا نحب البرد برطان شوفوا فيكم صعيفة بردة شوية لما حل,نمشي لالاسكا نحب البرد وه و الله نحب البرد بورطان شوفوا فيكم مصيفه برده شويه لمحاله,9.192000389099121,youtube_5oslwQZlXC8_18,0.5
labeled_linagora_cs_arabize,نا خاطر سخون شعلت علاش قلتلك نحب البرد خاطر فيس طرف شمس كهو,خطر سخون شعلت عليش قلتلك نحب البرد خطر فيسع طرفة شمس كهو,5.809999942779541,youtube_5oslwQZlXC8_19,0.5
labeled_linagora_cs_arabize,اما لا انا نحب طقس البارد نحب الأجواء الباردة تشوفو السخانة كفاش والصيف ديما نتاع الغنين الحقيقة الشتاج نر تمالها شربة,اما لا انا نحب الطقس البارد نحب الاجواء البارده تشوفوا السخانه كيفاش و الصيف ديما متاع الغنيين الحقيقه الشتاء شنيا اسملها الشربه,8.840999603271484,youtube_5oslwQZlXC8_20,0.6818181818181818
labeled_linagora_cs_arabize,وكهورف وعلىقد ما تلبس على قد ما تدفع يعني مش كما الصيف الصيف لازمه برشا فلوس دن اشتاباي,وكهو تعرف و على قد ما تلبس على قد ما تدفع يعني مش كالصيف الصيف لازمه برشا فلوس دونك الشتاء باهي,7.590000152587891,youtube_5oslwQZlXC8_21,0.47619047619047616
labeled_linagora_cs_arabize,مت حتى ماديا باهي في كل شي باهي في السترة باهي شوف انتي سخان الدنيا لعباد تعري وتوري وتعملهم الكل,فهمة حتى ماديا باهي في كل شيء باهي في السطره باهي شوف انت تسخان الدنيا تعري وتوري و تعملهم الكل,7.966000080108643,youtube_5oslwQZlXC8_22,0.4
labeled_linagora_cs_arabize,باغ كونط خفاشتاي الحمد لله يسترو رواحهم فما اللي يستر روحو فما اللي ليه واله,بار كونتر في الشتاء الحمد لله يستروا رواحهم فمة الي يستر روحه وثم الي لا ولا,5.0970001220703125,youtube_5oslwQZlXC8_23,0.75
labeled_linagora_cs_arabize,الصباح بكي تقريب استة مشس سبع خرجت نقر,الصباح بكري تقريبا السته مش السته السبعه خرجت نقرا,4.76200008392334,youtube_5oslwQZlXC8_24,0.7777777777777778
labeled_linagora_cs_arabize,صدقني والله نس بخيرها الطفلة خارجة الذرب,صدقني و الله نستخيلها الطفله خرجت بزربه,3.1740000247955322,youtube_5oslwQZlXC8_25,0.8571428571428571
labeled_linagora_cs_arabize,دائر الابسة مريول مريول طويل شوية يعني رو بالحق شبرين تحت السن,لبسه مريول مريول طويل شويه يعني راه بالحق شبرين تحت استن,5.959000110626221,youtube_5oslwQZlXC8_26,0.45454545454545453
labeled_linagora_cs_arabize,شوف فيهم السرة ولله ب مو سرة للهني اربع شبار اربع سوابع تحت السرة,اربعه السره و الله اربع ماهي السره لهنا و الله اربعة اشبار اربعة صوابعه تحت السره,5.4039998054504395,youtube_5oslwQZlXC8_27,0.9375
labeled_linagora_cs_arabize,رو بارسمي رنورمال خرجت هكيدارم اصا مريون ولا روبة,راه بالرسمي راه نورمال خرجتك هكاك دارهم اصلا شنيا اه مريول ولا روبا,5.75,youtube_5oslwQZlXC8_28,0.9230769230769231
labeled_linagora_cs_arabize,انا بدي منيش عارفة لا جات لا روبة لا مريول في المريول كان جاي مريول راوطويل كان جات روبة راي صيرة متجيش روبة رو,انا بدي ما ني ش عارفه لا جت لا روبه لا مريول في المريول كان جاي مريول راه طويل كان جت روب راهي قصيره مش ما تجيش روبه روبه,8.175000190734863,youtube_5oslwQZlXC8_29,0.5862068965517241
labeled_linagora_cs_arabize,رو منت هابى مخلطتش علىكلمتروبة كام رو رو ك,رو معنته هاذي ما خلتتش على كلمة روبه كامله رو رو اكهو,6.866000175476074,youtube_5oslwQZlXC8_30,0.75
labeled_linagora_cs_arabize,غب علاش خلك غب شميز غب لشميز غاب شميز حتي فلس مافيهاش,علاش تقلك روب شميز روب شميز روب شميز حتى فلس ما فيهاش,6.5879998207092285,youtube_5oslwQZlXC8_31,0.75
labeled_linagora_cs_arabize,غبشمي معروفة عليها اهي الفلس حتي فلس مامي ح فلس ول  كش ست,الغروب شميز معروفه عليها الي هيا بالفلس حتى فلس ما فمش حتى فلسه و الله بكشي نسات,6.910999774932861,youtube_5oslwQZlXC8_32,0.8823529411764706
labeled_linagora_cs_arabize,سبحان الله تذكري وقتي صار جراه في المريق ما تخرج كيما قعدي ساعة مكي يجي قدام المريس يسدوز المكياش الحمير يعيد,سبحان الله تذكري يا اختي تفرجي في راحك في المرايه قبل ما تخرجي كيما قعدتي ساعه تمكيجي قدام المرايه سيس دوز المكياج الحمير يعيف,6.73799991607666,youtube_5oslwQZlXC8_33,0.7083333333333334
labeled_linagora_cs_arabize,طب هبتي المرية شوية دبلليش تكرمي,طب هبطي المرايه شويه دو بالليش تكرمي,4.627999782562256,youtube_5oslwQZlXC8_34,0.7142857142857143
labeled_linagora_cs_arabize,الابصار متاعنا مش حد كانشسيلها مزيان يعنكضعيف مش ضعيفة سيل يعني,الابصار متاعنا مش حتى جى ستيلها مزيان يعني كضعيف مش ضعيفه ستيل يعني,5.78000020980835,youtube_5oslwQZlXC8_35,0.5384615384615384
labeled_linagora_cs_arabize,مستحبة لا مستحبها ولا مستكرها ولا حت شي يعني ره بالحق م,مستحبه لا مستحبه ولا مستكر ولا حتى شيء يعني راه بالحق ما,5.091000080108643,youtube_5oslwQZlXC8_36,0.5833333333333334
labeled_linagora_cs_arabize,مافهمتش انا نقصسيماريويعني ظهرت زعمة,ما فهمتش انا نقصتي مريول يعني ظهرت زعما,3.6670000553131104,youtube_5oslwQZlXC8_37,0.75
labeled_linagora_cs_arabize,كيفاش تتقاليا ضارت متفتحة حاجاك اعزاء كبير في المجتمع ما باش يخزرلك باش يخزرلك,كيفاش تتقال عي ظهرت متفتحه وحشك عزاء كبير في المجتمع مش يغزرلك مش يغزرلك,9.223899841308594,youtube_5oslwQZlXC8_38,0.7857142857142857
labeled_linagora_cs_arabize,باش يخزرلك يغزرلك  ميخليش اخ الراجلة ميخليش اختو تلبس اكيك خيش امو لبس كيك ولا حتى بندو تلبس كيك,مش يغزر لك يغزرلك ما يخلي ش الراجل اه ما يخليش اخته تلبس هكيكه وما تخليش امه تلبس هكيكه ولا حتى بنته تلبس هكيكه نو,7.576099872589111,youtube_5oslwQZlXC8_39,0.8
labeled_linagora_cs_arabize,باش يخزرلك نظره اخرى مش نظره للي انتي في مخك يا محليني عجبتو  عشبتي فيش عجبتي عجبتيلي كوحده برك وانتي تعفه,مش يغزرلك نظره اخرى مش نظره الي انت في مخك يا محليني عجبته نو عجبتيه فيش عجبتيه عجبتيه في وحده بركا وانت تعرفيها,8.53499984741211,youtube_5oslwQZlXC8_40,0.6086956521739131
labeled_linagora_cs_arabize,به فما برا برشا بنات هكيك يعرضوك لابسين,باهي فمة برشا برشا بنات اكاك يعرضك لابسين,4.2230000495910645,youtube_5oslwQZlXC8_41,0.625
labeled_linagora_cs_arabize,اي اي كش عليه اعري واش علي حرام ولا الموضة,ايه تقولش علينا الحرام ولا لموظه الحرام ولا لموظه,4.163000106811523,youtube_5oslwQZlXC8_42,1.0
labeled_linagora_cs_arabize,الحرام ولا الموضة ممش التوب والشورط واندرا شنو,الحرام ولا لموظه مهوش ال توب و ال شورت و درا شنوا,4.618000030517578,youtube_5oslwQZlXC8_43,0.8333333333333334
labeled_linagora_cs_arabize,لاحرام ولا لموضة تو في كل شي,الحرام ولا لموظه توا في كل شيء,2.186000108718872,youtube_5oslwQZlXC8_44,0.5714285714285714
labeled_linagora_cs_arabize,كسسوا العبادهوربيش يقول ان عصيتم فاستتيروا يعني مش توا ولات شني باش يمشي يشرب حشاك حشا الشهر يصور,كي سي سوا العباد هو ربي شيقول ان عصيتم فاستتروا يعني مش توا ولات شنيا باش يمشي يشرب حشاك حشا الشهر يصور,11.58899974822998,youtube_5oslwQZlXC8_45,0.4090909090909091
labeled_linagora_cs_arabize,القاعدة ويصور البنات اللي قاعدين معاه ويشهر عالتيكتوك واجسم عالانستغرام وعالفاسبوك وعالسناب وكان فم ابليكاو اخرى تهبط فيها تصور,القاعده و يصور البنات الي قاعدين معه و يشهر على التيك توك و على شنوا اسمه على الانستغرام و على الفيسبوك وع السناب وكان فمة ابليكاسيون اخرى تهبط فيها تصاور,11.425999641418457,youtube_5oslwQZlXC8_46,0.8
labeled_linagora_cs_arabize,يهبط فيها انا ما نعرفه ممك نعرف م  يهبط فيها اماجين انت شني على الاقل ماك عملت هكيك,يهبط فيها انا ما نعرفهم يمكن نعرف هذوما كهو يهبط فيهم يماعيني انت ما على الاقل ماك عملت هكي,8.791000366210938,youtube_5oslwQZlXC8_47,0.42105263157894735
labeled_linagora_cs_arabize,خليها بينك وبين روحك واستغفر ربي كيتفيق من انشوة متاعك استغفر وكو,خليها بينك و بين روحك و استغفر ربي كي تفيق من نشو معك استغفر وكه,5.263000011444092,youtube_5oslwQZlXC8_48,0.6
labeled_linagora_cs_arabize,مش تقعد شهر  عالم ا نينجم بدل بدل,مش تقعد تشهر يا ناس يا عالم كان جت ستوري كان ينجموا يبدلوا ستوري بدلوها كارونت ويت اور مش فان كاتر اور,9.232999801635742,youtube_5oslwQZlXC8_49,0.8636363636363636
labeled_linagora_cs_arabize,فتمعناتها هم يحبوا تويك يزيدوا يطولو في كل شي باش اكثر ناس تشوف يطولوا كل شي الا في الحوايج,فهمت معناتها هذوم يحبوا تويكا يزيدوا يطولوا في كل شيء باش اكثر ناس تشوف يطولوا كل شيء الا في الحوايج,9.682999610900879,youtube_5oslwQZlXC8_50,0.35
labeled_linagora_cs_arabize,يحبو يطولو في كل شيء الا في الدبشن يحبوا يطولوا في الصملة يحب يطولوف في الايستوري يحب يطولو في القاعدة يحبو يطولو في كل شيء,يحبوا يطولوا في كل شيء الا في الدبش يحبوا يطولوا في الثمله يحبوا يطولوا في الاستوي يحبوا يطولوا في القاعده يحبوا يطولوا في كل شيء,8.744000434875488,youtube_5oslwQZlXC8_51,0.48
labeled_linagora_cs_arabize,الا الحوايج يعني علقد ما تأثر اكتر تكسب اكتر سيئات اكتر يعني,الا الحوايج يعني على قد ما تاصر اكثر تكسب اكثر سيئات اكثر يعني,5.7129998207092285,youtube_5oslwQZlXC8_52,0.46153846153846156
labeled_linagora_cs_arabize,بتوا كان تحب تواجع مثلا رسالة للي,باهي توا كان تحب توجه مثلا رساله للي,5.330999851226807,youtube_5oslwQZlXC8_53,0.5
labeled_linagora_cs_arabize,والله ايجا نقولك اول حاجة شوف منيش لكلنا,و الله ايج نقول لك اول حاجه شوف مناش الكلنا,4.484000205993652,youtube_5oslwQZlXC8_54,0.8
labeled_linagora_cs_arabize,اه صدق الله العظيم ي نن باشتقوللي دين كي انتي تحكي هكلي,صدق الله العظيم يعني هاني مش تقوللي ادين كي انت تحكي هكة و ادين لا على,6.289000034332275,youtube_5oslwQZlXC8_55,0.75
labeled_linagora_cs_arabize,رب إن شاء الله يهديني والخمار راهو نعمى,ربي ان شاء الله يهديني و الخمار راه نعمه,3.1610000133514404,youtube_5oslwQZlXC8_56,0.6666666666666666
labeled_linagora_cs_arabize,وربي يوسع النعم متاعه على كل عبد مش ماهياش ساهلة واحد بش يتزين رو ربي يهدي من يشاء والهداية راي بالحق حاجة سامية عالاخر,وربي يوزع النعم متاعه على كل عبد مش ما هي ش ساهله واحد مش يدين و ربي يهدي من يشاء والهدايه راهي بالحق حاجه ساميه على الاخر,9.432999610900879,youtube_5oslwQZlXC8_57,0.5185185185185185
labeled_linagora_cs_arabize,اما فم حاجة اسمها احترام احترم احترم يا اخويا ماتغزروليش ماتخرجيش اكيك,اما فمة حاجه اسمها احترام احترم احترم يا اخويا ما تغزر ليش ما تخرجيش هكك,9.154000282287598,youtube_5oslwQZlXC8_58,0.5333333333333333
labeled_linagora_cs_arabize,بجيك على لتيكتوك وقسم بلي تسخلع بيتنوم,تجيك على التيك توك اقسم بالله تسخيلها بيت نوم,3.2939999103546143,youtube_5oslwQZlXC8_59,0.8888888888888888
labeled_linagora_cs_arabize,الهبا اللي تعملو قدام المري ولا تتصور فيها في التليفون وضهبطو هديك اعملو قدام المرية بينك وبين روحك,الهبالي تعمله قدام المرايه ولا تصور فيها في التليفون وتهبط هذاكة اعمل قدام المرايه بينك و بين روحك,7.0970001220703125,youtube_5oslwQZlXC8_60,0.6111111111111112
labeled_linagora_cs_arabize,مش هبطولي على التيكتوك ولا نتصافح في التيكتوك صدقني شي أسف,مش تهبط لي على التيك توك ولا نتصفح في التيك توك صدقني شيء اسف,3.946000099182129,youtube_5oslwQZlXC8_61,0.6428571428571429
labeled_linagora_cs_arabize,شي ماهزلا ولت وليت السوشيال ميديا ما هزلا,شيء مهزله ولات ولت السوشال ميديا مهزله,3.7130000591278076,youtube_5oslwQZlXC8_62,1.0
labeled_linagora_cs_arabize,يعني باش تعمل ابوني اكثر قصر اكثر هبط اكثر,يعني باش تعمل ابوني اكثر قصر اكثر هبط اكثر,5.543000221252441,youtube_5oslwQZlXC8_63,0.0
labeled_linagora_cs_arabize,يا هذا احترم على الأقل احترمي الخشبة اللي جابتك,هاذا احترم على الاقل احترمي الخشبه الي جابتك,4.642000198364258,youtube_5oslwQZlXC8_64,0.625
labeled_linagora_cs_arabize,كسسوا حية ولا ميتة احترميها الخشبة اللي عندك اللي في قالب يمكن نعرف شنيا جاب جابدتك,كي سي سوا حيه ولا ميته احترميه الخشبه الي عندك الي في قلب يمكن ما نعرف ش شنيا جابتك,8.086000442504883,youtube_5oslwQZlXC8_65,0.7368421052631579
labeled_linagora_cs_arabize,احترماها وهكا العباد اللي تخرج محترمة من ديارها ومن بعديك تمشي تعري وتقصر وتهبط,احترمها وك العباد الي تخرج محترمه من ديارها و بعدك تمشي تعري وتقصر وتهبط,7.2769999504089355,youtube_5oslwQZlXC8_66,0.42857142857142855
labeled_linagora_cs_arabize,راهو ماهواش فخرا راهو ماهياش مانعرفش انا حاجة ندرشنية,راه ما هوا ش فخره راه ما هيا ش ما نعرف ش انا حاجه دار شنيا,6.59499979019165,youtube_5oslwQZlXC8_67,0.9375
labeled_linagora_cs_arabize,راو كان جات اتعري روحك من الفوق حجةبية راهي الكلاب عندها قديش كلب ربعة و لا ثمانية عندها,راه كان جات تعري روحك من فوق حاجه باهيه راهي الكلاب عندها قداش كلب اربعه ولا ثمنية,7.066999912261963,youtube_5oslwQZlXC8_68,0.6470588235294118
labeled_linagora_cs_arabize,الكلبة عندها منية كان جات بايرة الكلبة تلفتولا مش بايرة باش يخزرلك,الكلبه عندها ثانيه كان جات باهي راهي الكلبه تلفتوها مش باهيا راه باش يغزرلك,4.940999984741211,youtube_5oslwQZlXC8_69,0.6428571428571429
labeled_linagora_cs_arabize,و بلليش هكا باش يطير منك نشوه بتع دقيقة دقيقتين وبعديكا,دوبلاش هك باش يطير منك نشوه دقيقه دقيقتين وبعدك,5.210999965667725,youtube_5oslwQZlXC8_70,0.6666666666666666
labeled_linagora_cs_arabize,خوه ك اسألو تعرس بيك مايعرسش بيك حتى كن عرست بيك باش يعمل حاجة في الحلال وم بعديك,تخوه هاكي آسالو يعرس بيك ما بعرس بيك حتى كان عرس بيك يعمل حاجه في الحلال بعديك,6.304999828338623,youtube_5oslwQZlXC8_71,0.6470588235294118
labeled_linagora_cs_arabize,يقولك الزبلة حشيكم الا ما يكثرفيه كان الزباي يعني ماكش باش تلقى راجل داير بيك رك باش تلقى واحد,يقول لك الزبله ما يكث حاشيكم الا ما يكثر كان الذبان يعني ما كشبا ش تلقى راجل داير بيك مش تلقى واحد,7.486999988555908,youtube_5oslwQZlXC8_72,0.5909090909090909
labeled_linagora_cs_arabize,محروق ولا محقور ولا اندرجنية احنا انسقنا جمله موضوع مكاومة,محروق ولا محقور ولا ندر شنيا احنا ان سقنا جمله موضوع وكهو,7.495999813079834,youtube_5oslwQZlXC8_73,0.4166666666666667
labeled_linagora_cs_arabize,والمؤسسات التربوية,امم,1.5119999647140503,amenyKH_partie0000004_chunk_0000011_partie4_chunk_11_0,2.0
labeled_linagora_cs_arabize,كل يحكيو لغات خفة,كلهم يحكيوا لغات مختلفة,1.5360000133514404,ar--3342_1.5.wav_3342_1.5_0,0.75
labeled_linagora_cs_arabize,قدشو العدد امتاعي,قداش ولا العدد متاعي,1.9839999675750732,TunSwitchTO_0000017_0000015_0000021_gow_17_15_21_gow_0,0.75
labeled_linagora_cs_arabize,لويب الثالثة جات نتاع دون لا أنا باش نكون لوير وباش نلبس جييب أنا باش نكون فامينينت,ال وايف الثالثة جات نتع نون انا باش نكون لاوير و باش نلبس جوب انا باش نكون فيمينست,7.056000232696533,0000052_0000035_0000001_52_35_1_0,0.6666666666666666
labeled_linagora_cs_arabize,تستهدفهم وتستهدف زاده حتى الثوانسه أصحاب البشرة السوداء باش نحكيو على هذا الكل مع ظيفتي ريحاب وخياطيا صحفيه في موقع نوات ومهتمة بقضاء,الي تستهدفهم و تستهدف زادة حتى التوانسة اصحاب البشرة السوداء باش نحكيوا على هاذا لكل مع ضيفتي رحاب بو خياطية صحفية فموقع نواة و مهتمة بقضاء,12.031999588012695,0000051_0000011_0000000_51_11_0_0,0.6923076923076923
labeled_linagora_cs_arabize,عليمين موجود حيط منادي مخزس والطبعة تحتي باش تغرق,على الليمين موجود حيط مندي مخزز و الطبعة تحتي باش تغرقني,4.335999965667725,0000023_0000120_23_120_0,0.6363636363636364
labeled_linagora_cs_arabize,واحكينا معاه,وحكينا معاه,0.8159999847412109,amenyKH_tataouine__for_acoustic_analysis_Sync0000119_no_speaker_0000693.0000023_0000694.0000016_tataouine__for_acoustic_analysis_Sync119_no_speaker_693.23_694.16_0,0.5
labeled_linagora_cs_arabize,ونشكرو زاد المستمعين لي حاولو شاركو وربما منجمناش ناخدوهم لي ذيق الوقت,و نشكروا زادة المستمعين الي حاولوا شاركوا وربما ما نجمناش ناخذوهم لضيق ال وقت,5.3520002365112305,amenyKH_0000006_0000006_0002012_partie0000006_chunk_0000046_06_06_2012_partie6_chunk_46_0,0.8571428571428571
labeled_linagora_cs_arabize,يحب يreservi tskra مahi وjي,يحب اريزرفي تسكرة مشي و جي,3.1679999828338623,ar--3285_1.wav_3285_1_0,0.8333333333333334
labeled_linagora_cs_arabize,الححب اسال,الكارط بوستال,0.9440000057220459,ar--1795_1.25.wav_1795_1.25_0,1.0
labeled_linagora_cs_arabize,من الشك متاعهم في محمد بش يسألو منه هل عندو معرفة قديمة بالسائق متاعه هل عندو فيه ثقة علاش اختارو هو بالتحديد هل يشك في تورته,يثبتوا من الشك متاعهم في محمد باش يسالوا منهل هل عنده معرفه قديمه بالسائق متاعه هل عنده فيه ثقه علاش اختاره هو بالتحديد هل يشك في تورطه,13.53600025177002,segment_0000847_segment_847_0,0.4074074074074074
labeled_linagora_cs_arabize,بشي طيب أوكلا يولنية,يونانية باش يطيب اكلة,3.496000051498413,ar--3192_0.75.wav_3192_0.75_0,1.0
labeled_linagora_cs_arabize,ممنوع,ممنوع,1.1039999723434448,mamnou3_14569_0,0.0
labeled_linagora_cs_arabize,كان متنجموش تكتبو في البوك يوكان معناها,كان ما تنجموش تكتبوا فال بوكس يو كان معناها تكست مي,4.0879998207092285,0000072_0000130_0000001_72_130_1_0,0.8181818181818182
labeled_linagora_cs_arabize,الخضرة,الخضرة,0.6959999799728394,ar--1499_1.wav_1499_1_0,0.0
labeled_linagora_cs_arabize,ا   ن,العباد اند اي واز بالحق اي واز جينوين ويذ,4.9039998054504395,0000073_0000097_0000000_73_97_0_0,1.0
labeled_linagora_cs_arabize,ي عبد المجيد انتم عندكم ثلث مؤسسات تعليمية في سجنان مفكرة,سي عبد المجيد انتوما عندكم ثلاثة مؤسسات تعليمية في سجنان مسكرة,3.4000000953674316,amenyKH_partie0000004_chunk_0000006_partie4_chunk_6_0,0.36363636363636365
labeled_linagora_cs_arabize,حرش الرأس,حرابش الراس,1.0720000267028809,ar--2201_1.5.wav_2201_1.5_0,1.0
labeled_linagora_cs_arabize,اصلام عاشة اعضنا معاك عني جفت تخاطمتيعك,عالسلامة عيشة عبد الله معاك هاني جبلتلك الخاتم متاعك,3.3519999980926514,ar--3404_1.25.wav_3404_1.25_0,0.8888888888888888
labeled_linagora_cs_arabize,عليش,علاش,0.6399999856948853,ar--1043_1.wav_1043_1_0,1.0
labeled_linagora_cs_arabize,د ل   د ل,اوف قود لاك فمة برشا قود لاك,3.447999954223633,0000073_0000153_0000003_73_153_3_0,1.0
labeled_linagora_cs_arabize,hun stos,خمسطاش,0.7839999794960022,ar--1133_1.25.wav_1133_1.25_0,2.0
labeled_linagora_cs_arabize,تيكان نبيعو كل شي ثروتنا بالله لما تفوت ثروة السلطة,تي كان نبيعو كل شيء ثروتنا بالله لما تفوت ثروة السلطان,3.687999963760376,0000019_0000169_19_169_0,0.36363636363636365
labeled_linagora_cs_arabize,الوتوروت,لوطوروط,0.8560000061988831,ar--1834_1.wav_1834_1_0,1.0
labeled_linagora_cs_arabize,عديدها فالبلان مان اسورت نا سي سمي البلايص,لي عديتها في البلاصة امان يتس سو هارد تو نوت ساي اسامي لبلايص,5.392000198364258,0000060_0000120_0000001_60_120_1_0,1.0
labeled_linagora_cs_arabize,معادش تفكر فيه معته قتليها بحاجات أخرىت,ما عادش تفكر فيه معناتها اتلهى بحاجات اخرى حاجات الي,3.2160000801086426,amenyKH_0000006_0000006_0002012_partie0000001_0000003_chunk_0000210_06_06_2012_partie1_3_chunk_210_0,0.7
labeled_linagora_cs_arabize,ومن ألفين وناش جينا لجنوب شرق المتوسط بدينا بتونس مصر,و من الفين و اثناش جينا لجنوب شرق المتوسط بدينا بتونس مصر,4.48799991607666,0000011_0000008_11_8_0,0.4166666666666667
labeled_linagora_cs_arabize,ربي لي معملوليش فيناع للبروجيه هذاك خاطر براتيكمون جيت تشوفو خيلكم نقيت الاتا مغشاه للي عمله خايبة برشا فم برشا عباد حلت البروجي هذاكا وتو نقين فيكل ن,جيت نشوف نلق عسى ان تكرهوا شيئا وهو خير لكم لقيت براتيكمو اذاكا خاطر بروجي لل فينانسمون الي ما عملولي ش ديفيكولتي فينانسيير اذاكا وتوا لاقين بروجي الي عاملها خايبة برشا و فمة برشا عباد حلت ال ايتود دي مارش ال,12.031999588012695,0000026_0000041_0000000_26_41_0_0,0.8780487804878049
labeled_linagora_cs_arabize,غدسرالله يبارك,اه اه الخمسة و خمسة غدوة الصباح الله يبارك الله يبارك,3.74399995803833,amenyKH_MIC0000001_mod_0000012_chunk_0000000_MIC00001_mod_12_chunk_0_0,0.9090909090909091
labeled_linagora_cs_arabize,مثلا هلا عندي قل البوكانيطع في طيارة اخرى,مثلا انا عندي الرقم الفوقاني نتلفت نلقاه في سيارة اخرى,3.25600004196167,amenyKH_0000003_chunk_0000082_003_chunk_82_0,0.6
labeled_linagora_cs_arabize,باش نزيد اللوج على الكلاصت والكولونات اللشتاء,باش نزيد نلوج على كلاست و كولونات للشتاء,3.992000102996826,ar--3424_1.25.wav_3424_1.25_0,0.625
labeled_linagora_cs_arabize,في التغطية الاجتماعية والصحية,في التغطية الاجتماعية و الصحية,2.0959999561309814,0000007_0000007_7_7_0,0.4
labeled_linagora_cs_arabize,شنو اللي تنجم تلقاه هوني مزاي تجيب فيه تكركر فيه,شنوا الي تنجم تلقاه هوني زايد تجيب فيه تكركر فيه,3.440000057220459,0000028_0000159_0000002_28_159_2_0,0.3
labeled_linagora_cs_arabize,عبدالله مشاه سأل لطفلة,عبد الله مشى سال طفلة,2.2160000801086426,ar--3084_1.wav_3084_1_0,1.0
labeled_linagora_cs_arabize,ن أدي و لشي ألن  ن نم مي عن ال فيسبوك بيل من الآخر  بودكاست,ان ادفايس اور سامثينق بليز قو اند دي ام مي اون فيسبوك باج من اللخر بودكاست,6.28000020980835,0000060_0000176_0000001_60_176_1_0,0.8125
labeled_linagora_cs_arabize,تعقدني في مخي هو معندوش دي ميساج تعقده في مخ يعني هو كيما قلت انت حرر نسان والرجال مع بعضهم,عقدني فمخي هو ما عندوش دي ميساج تعقدو فمخو يعني هو كيما قلت انت حرر النساء و الرجال مع بعضهم,6.271999835968018,0000052_0000124_0000001_52_124_1_0,0.55
labeled_linagora_cs_arabize,وانت طبيب قالك صعيب بتجيب,انت الطبيب قال لك صعيب باش تجيب صغار,1.7519999742507935,amenyKH_0000008_chunk_0000322_008_chunk_322_0,0.875
labeled_linagora_cs_arabize,منا نخدمو في نفس الخدمة,مانا نخدموا في نفس الخدمة,1.5679999589920044,amenyKH_Hkayet_Tounsia_S0000002_Episode_0000028_0000026_0000003_0002018_Partie_0000003_Sync0000004_no_speaker_0000056.0000003_0000057.0000058_Hkayet_Tounsia_S02_Episode_28_26_03_2018_Partie_03_Sync004_no_speaker_56.03_57.58_0,0.4
labeled_linagora_cs_arabize,مبيت كيفاش مازل فمشكون في الدنيا ينجم يحكم في باش نعمل,نبهت كيفاش مازال فمة شكون في الدنيا ينجم يحكم فيا آش نعمل,4.239999771118164,TunSwitchTO_0000005_0000008_0000054_i0000008k_5_08_54_i8k_0,0.5
labeled_linagora_cs_arabize,النهار هذي كاينها معناها البريود القديمة,النهار هاذا كاينها معناه ال بيريود القديمة,3.128000020980835,0000060_0000120_0000000_60_120_0_0,0.5714285714285714
labeled_linagora_cs_arabize,ما عندك حتى فكرة ع الموت,ما عندك حتى فكرة على المود,2.2639999389648438,ar--3427_1.wav_3427_1_0,0.3333333333333333
labeled_linagora_cs_arabize,عششة لبو斯مشمطلب,عيشة مشات للبوسطة باش تطلب,1.5679999589920044,ar--3458_1.5.wav_3458_1.5_0,1.0
labeled_linagora_cs_arabize,أحواز المدينة,احواز المدينة,1.2239999771118164,ar--1589_1.wav_1589_1_0,0.5
labeled_linagora_cs_arabize,المستهلك,المستهلك,1.0160000324249268,ar--1619_1.wav_1619_1_0,0.0
labeled_linagora_cs_arabize,مثلا كيما إنك ير اندر ذبريشر يو هف تو لوز ويت ت بي ا بيتفل ومان و لا متنجمش تكون قراي,مثلا كيما انك يور اندر ذيس بريشر انت يو هاف تو لوس وايت تو بي ا بيوتيفول وومان ولا ما تنجمش تكون قراية,9.847999572753906,0000052_0000040_0000001_52_40_1_0,0.6521739130434783
labeled_linagora_cs_arabize,جبال لفوجي يتميز في اليابان ب مترو,جبل فوجي يتميز في اليابان بثلاثة الاف و سبعة مية و ستة و سبعين ميترو,4.360000133514404,TunSwitchTO_0000022_0000017_0000037_o0000000g_22_17_37_o0g_0,0.8
labeled_linagora_cs_arabize,نفسلكوشيظهرلي نفسه ولل ولله يضهرلي نفسه مانيش سير جبت كنش والله نتفكرها كيما تو,يضهرلي نفسو و الله يضهرلي نفسو ما ني ش سور جبدت كنش و الله نتفكرها كيما توا,6.519999980926514,0000027_0000186_0000003_27_186_3_0,0.7647058823529411
labeled_linagora_cs_arabize,iza,يهز معاه,0.6240000128746033,ar--1913_1.5.wav_1913_1.5_0,1.0
labeled_linagora_cs_arabize,عندك ما اكبر,عندك ما اكبر,1.9600000381469727,TunSwitchTO_0000061_0000019_0000039_dif_61_19_39_dif_0,0.0
labeled_linagora_cs_arabize,توه ما بقالي كان باش نعمل الفورمولار,توا ما بقالي كان باش نعمر الفورمولار,3.0399999618530273,ar--3564_1.wav_3564_1_0,0.2857142857142857
labeled_linagora_cs_arabize,وننطلقو في القصة اعنا,و ننطلقو في القصة متاعنا,1.3279999494552612,0000022_0000004_22_4_0,0.6
labeled_linagora_cs_arabize,ميهني,مهني,0.5040000081062317,ar--2443_1.25.wav_2443_1.25_0,1.0
labeled_linagora_cs_arabize,جملة,جملة,0.7440000176429749,ar--1776_0.75.wav_1776_0.75_0,0.0
labeled_linagora_cs_arabize,عبدلله توحش عايلته برشا,عبد الله توحش عايلتو برشا,3.135999917984009,ar--3630_0.75.wav_3630_0.75_0,0.6
labeled_linagora_cs_arabize,العامة الخالق,العمة الخالة,3.2320001125335693,ar--2354_0.75.wav_2354_0.75_0,1.0
labeled_linagora_cs_arabize,صعيب نكتيبزغاي,صعيب ايه صعيب,2.1440000534057617,amenyKH_0000008_chunk_0000117_008_chunk_117_0,0.6666666666666666
labeled_linagora_cs_arabize,عندهم على هالمستبدلات متاع النيكوتين نعطيوهم,آه عندهم على ها المستبدلات متاع النيكوتين نعطيوهم,3.552000045776367,amenyKH_0000006_0000006_0002012_partie0000006_chunk_0000082_06_06_2012_partie6_chunk_82_0,0.375
labeled_linagora_cs_arabize,العادات الناس تحكي على القاعدة في القهوة,ال العادات الناس تحكي على القعدة في القهوة وال,2.927999973297119,amenyKH_0000006_0000006_0002012_partie0000005_chunk_0000038_06_06_2012_partie5_chunk_38_0,0.3333333333333333
labeled_linagora_cs_arabize,صحيح,صحيح,0.9599999785423279,ar--3563_0.75.wav_3563_0.75_0,0.0
labeled_linagora_cs_arabize,برشا كانو يشفو قبلو بعض الواج لكن بعد ما جابو الصغار,برشا كانو يشربو قبل و بعد الزواج لكن بعد ما جابوا الصغار,4.208000183105469,TunSwitchTO_0000036_0000011_0000030_r0000009n_36_11_30_r9n_0,0.5
labeled_linagora_cs_arabize,مرحبا بكم من جديد في هذا الموعد المباشر من برنامج المجلة الصحية,مرحبا بيكم من جديد في هاذا الموعد المباشر من برنامج المجلة الصحية,3.7119998931884766,amenyKH_0000009_chunk_0000001_009_chunk_1_0,0.16666666666666666
labeled_linagora_cs_arabize,nagib,نجيب,1.0479999780654907,najib_28216_0,1.0
labeled_linagora_cs_arabize,عبد الله قرر باش يمشي يشوف المراكب بنفسه,عبد الله قرر باش يمشي يشوف المركب بنفسو,4.0,ar--3175_1.25.wav_3175_1.25_0,0.25
labeled_linagora_cs_arabize,قدري يبدا م يوجع فيه تاع الفيس البد مشي مهموم واش كحصلطو حمدله سل شيكم الاستوديو,صدري يبداامم يوجع في تاعب فاشل نبدا ماشي م مهموم وجهي اكحل ص توا حمد الله ان شا الله نجيكم للاستديو,6.303999900817871,amenyKH_0000006_0000006_0002012_partie0000001_0000003_chunk_0000230_06_06_2012_partie1_3_chunk_230_0,0.9523809523809523
labeled_linagora_cs_arabize,نحسل,لعسل,0.5120000243186951,ar--1214_1.5.wav_1214_1.5_0,1.0
labeled_linagora_cs_arabize,بشكال اسخونة,الشكلاطة السخونة,0.9919999837875366,ar--1195_1.5.wav_1195_1.5_0,1.0
labeled_linagora_cs_arabize,ما تحكي انت معلاباليش قهاوي خروج رمي يتبدا تدبر في بيي نجمو نهع ندبرو فاص ع نفسعه,تحكي انت ما علابالي ش قهاوي خروج رامي تبدى تدبر في بيي نجموا ندبروا فصعة نفصعوا,8.407999992370605,0000027_0000025_0000000_27_25_0_0,0.75
labeled_linagora_cs_arabize,نحب نمشي لبنزرت نرتاح شوية,حكيت معا لولا قالوا لي كل شيئ مريقل نهار السبت,3.7279999256134033,ar--Salah7.wav_1.wav_Salah7.wav_1_0,1.0
labeled_linagora_cs_arabize,خويا العزيز الحاجة اللي يمكن متعرفهاش اللي أنا من جيهة في تونس الي المرة,خويا لعزيز الحاجة الي يمكن متعرفهاش الي انا من جهة في تونس الي المراة,5.0960001945495605,TunSwitchTO_0000003_0000000_0000003_fod_3_00_03_fod_0,0.42857142857142855
labeled_linagora_cs_arabize,و 没ش 就知道ني,و مماتو تبدا تغني,1.2719999551773071,ar--3626_1.5.wav_3626_1.5_0,0.75
labeled_linagora_cs_arabize,سنا شلما نخف,السنة اكسسبسينلمن باش نخاف,2.0320000648498535,amenyKH_0000007_chunk_0000090_007_chunk_90_0,1.0
labeled_linagora_cs_arabize,اصار الى الابد وهكيك يرتاح ترتاح الاخت احلام من تفكير و ما تقعدش مش جي على الصحارة كل ما تحب الانسا ريما خدات الانسا احلام موعد و مشيت للصحارة الشريرة المشاوضة و حكيتلها علشي اللى تحب تعمله قتلها كالعدة الصحارة جوك باهي,الصغار الى الابد و هيكاكا يرتاحوا و ترتاح الاخت احلام من تفكير وما تقعدش مشيا جايا على السحاره كل ما تحبل الانسه ريما خذت الانسه احلام موعد ومشيت للسحار الشريره المشعوذه وحكت لها على شيء الي تحب تعملو وقالت لها كي العاده السحاره جوك باهي وما عندك,14.263999938964844,segment_0000423_segment_423_0,0.6595744680851063
labeled_linagora_cs_arabize,õen osle tet tanup ja anne taba ger anap ja ane pes taba äger tanup,وين وصلت الطلب اعانة نتبع اخر طلب اعانة باش نتبع اخر طلب,7.880000114440918,segment_0000136_segment_136_0,1.25
labeled_linagora_cs_arabize,كلحية,الحيط,0.9760000109672546,ar--1418_0.75.wav_1418_0.75_0,1.0
labeled_linagora_cs_arabize,حب نكري كرسيم تشط,نحب نكري كرسي متاع شط,1.4240000247955322,TunSwitchTO_0000014_0000011_0000022_l0000005y_14_11_22_l5y_0,0.8
labeled_linagora_cs_arabize,يلزم,يلزم,0.5600000023841858,ar--2433_1.wav_2433_1_0,0.0
labeled_linagora_cs_arabize,العادل هذايا نحب نشكرو أنا برشا شكرتو قبيلة دجا على المداخلة متاعه,ال عادل هذايا نحب نشكروا انا برشا آه شكرتو قبيلة ديجا على المداخلة متاعو,5.303999900817871,amenyKH_0000006_0000006_0002012_partie0000006_chunk_0000013_06_06_2012_partie6_chunk_13_0,0.5
labeled_linagora_cs_arabize,نطلب منك مرة اللي عندي الوقت باش نعمل طلة,نطلب منك مرة الي عندي الوقت باش نعمل طلة,4.415999889373779,TunSwitchTO_0000093_0000001_0000021_n0000007i_93_01_21_n7i_0,0.1111111111111111
labeled_linagora_cs_arabize,فلوس برشا تدخل التظاهرات,فلوس برشا تدخل في التظاهرات وال,3.2239999771118164,0000007_0000028_7_28_0,0.3333333333333333
labeled_linagora_cs_arabize,ار  ا  ا  ال  ز ا ر,بعضها في الدار وتولي حرب اهليه قرر وانه مبدئيا يعرس في الخفاء من غير ما يقول لزوجة الاولى احلام احلام مش ترفض من دون ادنى شك واصلا الحقيقه معناها رايها ما يهمش راو خونا مسعود قالك ما فمش شرط يقول وانه الزوجه الاولى لازم ترضى بالزوجه,14.944000244140625,segment_0000355_segment_355_0,1.0
labeled_linagora_cs_arabize,فيالقهمة,القهوة,0.5839999914169312,ar--1376_1.25.wav_1376_1.25_0,1.0
labeled_linagora_cs_arabize,أكثر بارتية في حياتك صحقيت فيها أنك تكون بالرسمي برودوكتيف هي الباك,اكثر بارتي في حياتك ستحقيت فيها انك تكون بالرسمي برودكتيف هيا الباك,4.6479997634887695,0000027_0000017_0000000_27_17_0_0,0.5
labeled_linagora_cs_arabize,,باش ناخذ زوز,0.8240000009536743,TunSwitchTO_0000032_0000022_0000018_v0000008x_32_22_18_v8x_0,1.0
labeled_linagora_cs_arabize,ورجعو يسوع وتلامذهم السامرا للقدس وقعد يسوع يعلم في الناس على مملكة ربي واعمل برشا معجزات,و رجعو يسوع و تلاميذتو من السامرة للقدس و قعد يسوع يعلم في الناس على مملكة ربي و عمل برشا معجزات,7.5279998779296875,23_Jesus_Heals_What_Power_OneStory_AEB_0,0.47619047619047616
labeled_linagora_cs_arabize,وفي نهار وقت الليسوع كان مع الناس جابولو راجل أعما و بكوش وساكنو الشيطان ياخي بالوقت يسوع شفاه وولع الراجل يشوف يتكلم وباهكت الناس الكل وقالو,و في نهار وقت الي يسوع كان مع الناس جابولو راجل عمى و بكوش سكنو شيطان ياخي بالوقت يسوع شفاه و ولا ها الراجل يشوف و يتكلم و بهتت الناس الكل و قالوا,13.088000297546387,23_Jesus_Heals_What_Power_OneStory_AEB_1,0.45454545454545453
labeled_linagora_cs_arabize,زعم هذا هو الملك اللي ربي وعد به داود انو باش يجي من ذريتو أما شيوخ الدين قالو ما يطرد الشواطن كان ما يكون ساكنه لشيطان أقوى منو,زعم هاذا هو الملك الي ربي وعد بيه داود انه باش يجي من ذريتو اما شيوخ الدين قالوا ما يطرد الشواطن كان ما يكون ساكن شيطان اقوى منو,10.336000442504883,23_Jesus_Heals_What_Power_OneStory_AEB_2,0.32142857142857145
labeled_linagora_cs_arabize,وكيف عرف يسوع على شنو اللي خممو فيه قالهم كل بلادمليها تدور على بعضها تخرب وكل دار فيها العايلة تقلب على بعضها تتشتت,و كيف عرف يسوع على شنوا الي يخممو فيه قالهم كل بلاد اماليها تدور على بعضها تخربو و كل دار فيها العايلة تقلب على بعضها تشتت,11.071999549865723,23_Jesus_Heals_What_Power_OneStory_AEB_3,0.4230769230769231
labeled_linagora_cs_arabize,وإذا الشيطان يترد في شواطن اللي كيفو راهو قاعد يخرب ويكسر في روحو كيفاش تقولو اللي أنا انترد في شواطن على خاطر الشيطان هو اللي يعطيني قوة,و اذا شيطان يطرد في شواطن الي كيفو راهو قاعد يخرب و يكسر في روحو كيفاش تقلو الي انا نطرد في شواطن على خاطر شيطان هو الي يعطيني قوة,10.776000022888184,23_Jesus_Heals_What_Power_OneStory_AEB_4,0.4482758620689655
labeled_linagora_cs_arabize,امالا يا شيوخ الدين شكون يعطيكم القوة باش اتردو شواطا اما انا نقولكم اللي القوة اللي ناخدها هي من عند روح ربي ونزيد نقولكم اللي موش معايا راهو ضدي,ملا يا شيوخ الدين شكون يعطيكم القوة باش تطردو شواطن اما انا نقلكم الي القوة الي نخذها هيا من عند روح ربي و نزيد نقلكم الي مش معايا راهو ضدي,12.704000473022461,23_Jesus_Heals_What_Power_OneStory_AEB_5,0.43333333333333335
labeled_linagora_cs_arabize,ياخي فما شكون من شيوخ الدين قالو ليسوع يا معلم نحبوك تعمللنا معجزة عظيمة باش تورينا اللي قوتك راهي تجي من عند ربي بالمنجد,ياخي فمة شكون من شيوخ الدين قالوا ليسوع يا معلم نحبوك تعمللنا معجزة عظيمة باش تورينا الي قوتك راهي تجي من عند ربي بالمنجد,10.02400016784668,23_Jesus_Heals_What_Power_OneStory_AEB_6,0.125
labeled_linagora_cs_arabize,كان تعمل هالمعجزة باش نمنو بيك لكن يسوع جاوبهم قدراشكم جيل شرير وكفار وقاعدين تطلبو فيمعجزة من عند ربي,كان تعمل ها المعجزة باش نامنو بيك لكن يسوع جاوبهم قداشكم جيل شرير و كفار و قعادين تطلبو في معجزة من عند ربي,10.336000442504883,23_Jesus_Heals_What_Power_OneStory_AEB_7,0.43478260869565216
labeled_linagora_cs_arabize,ومش باش تتعطالكم كام معجزة يونان النبي يونان اللي قعد ثلاث أيام وثلاثة ليالي في كرش الحوتى وابن الإنسان زادا باش يقعد ثلاث ايام وثلاث ليالي فاللأرض,و مش باش تعطالكم كان معجزة يونان النبي يونان الي قاعد ثلاثة ايام و ثلاثة ليالي في كرش الحوتة و ابن الانسان زادة باش يقعد ثلاثة ايام و ثلاثة ليالي في الارض,11.968000411987305,23_Jesus_Heals_What_Power_OneStory_AEB_8,0.625
labeled_linagora_cs_arabize,في يوم من القيامة الشعب اللي مشالو يونان وكلمهم على ربي وتابعو على ذنوبهم,في اليوم القيامة الشعب الي مشالو يونان و كلمهم على ربي و تابو على ذنوبهم,5.480000019073486,23_Jesus_Heals_What_Power_OneStory_AEB_9,0.4666666666666667
labeled_linagora_cs_arabize,هكا الشعب باش ياقف يشهد ضدكم وعليكم على خاطر هوما تابو من الذنب متاعهم كي سمعو كلام يونان,هاك الشعب باش ياقف يشهد ضدكم و عليكم على خاطر هما تابو من الذنب متاعهم كسمعو كلام يونان,7.423999786376953,23_Jesus_Heals_What_Power_OneStory_AEB_10,0.3333333333333333
labeled_linagora_cs_arabize,أما انتوم في هالجيل عندكم واحد أعظم من يونان وبعد كل ما قالو يسوع وعملو خممو شيوخ الدين باش يقتلوه,اما انتم في ها الجيل عندكم واحد اعظم من يونان و بعد كل ما قالوا يسوع وعملو خممو شيوخ الدين باش يقتلوه,8.95199966430664,23_Jesus_Heals_What_Power_OneStory_AEB_11,0.36363636363636365
labeled_linagora_cs_arabize,في الواقع,في الواقع,1.0080000162124634,ar--2272_1.wav_2272_1_0,0.0
labeled_linagora_cs_arabize,ن س ر ا احساس نحب نحس معن اجنى احساس نحس بى صحب زا مع ط ل سحر لابارى لى شي بل خاط  عنى  ابارى شت جرى شمع طفيت الضو وشعل شمعة ذ كدم,سمبل برشا واصلا احساس ونحب نحسه معناها يجيني احساس نحس باللي صاحبي مازال معايا وبس معناها لا سحر لا اباري لا حتى شيء بلكشي خياطه عطيني خمسة اباري مشيت نجري جبت شمعه طفيت الضو وشعله الشمعه وهزيت كدميه هذاكة,13.904000282287598,segment_0000615_segment_615_0,0.8717948717948718
labeled_linagora_cs_arabize,صغير برشا,صغير برشا,1.1679999828338623,ar--1477_1.wav_1477_1_0,0.0
labeled_linagora_cs_arabize,这个也好,في الواقع,0.6880000233650208,ar--2272_1.5.wav_2272_1.5_0,1.0
labeled_linagora_cs_arabize,يصيح,يصيح,0.9599999785423279,ar--2011_0.75.wav_2011_0.75_0,0.0
labeled_linagora_cs_arabize,nsib,نسيب,1.031999945640564,nsib_9007_0,1.0
labeled_linagora_cs_arabize,كتحاول توعي بعض الناس اللي مازالو لابس عليهم واللي نجمو يبطلوا الدخان,تحاول توعي بعض الناس الي ما زالوا لا باس عليهم الي ينجموا يبطلوا الدخان,3.8959999084472656,amenyKH_0000006_0000006_0002012_partie0000003_chunk_0000018_06_06_2012_partie3_chunk_18_0,0.5714285714285714
labeled_linagora_cs_arabize,جلري مهم يسر نحكيو فيه انق هذي فما برشا فرص ر باش تنجم تشارك في معارض عالمية رفيرو دخلت في اليكوسيستيم وعرفت الناس,باش نجمو نخدمو باش نجمو نروجو لل برودوي متعنا و نجمو نكسبورتيوه للافريك مهم ياسر نحكيو فيها النقطة هاذيا فمة برشا فرص راهو باش تنجم تشارك في معارض عالمية ا ترافير لهنا يون فوا دخلت لل ايكوسيستم و عرفت الناس,14.960000038146973,0000018_sub_audio_chunk_0000000_18_sub_audio_chunk_0_0,0.7
labeled_linagora_cs_arabize,في حتى وغا,في حتى بقعة,0.8399999737739563,ar--2280_1.25.wav_2280_1.25_0,0.3333333333333333
labeled_linagora_cs_arabize,نيشري ما عنده نقعد نكهرله أ قوير  جد أ نجوي تق ذ مان خاطر بعد ما ريد عيلته معناها معادش يحكي معايا هكيك عرفتك اللي ه هي,نشري من عندو و نقعد نكحرلو اي سوير تو قود اي انجوييد تورتورينق ذيس مان خاطر بعد ما ريت عايلتو معناها ما عادش يحكي معايا هكاكة عرفت اكلي هي,11.960000038146973,0000060_0001160_0000000_60_1160_0_0,0.7241379310344828
labeled_linagora_cs_arabize,انا ديما نقول من عام طخوزيام اختارو ليبخوف نتاع الباك نتاعكم باش,انا ديما نقول من عامة ال تروازيام اختارو لي بروف متاع ال باك متاعكم باش,4.631999969482422,0000070_0000104_0000001_70_104_1_0,0.6
labeled_linagora_cs_arabize,طلب منهم بش يوفلو ععلومات,طلب منهم باش يبعثولو معلومات,2.431999921798706,ar--3159_1.25.wav_3159_1.25_0,0.6
labeled_linagora_cs_arabize,قال ن مهبول ومريف ونسمع فيها صوات,قال شنوا مهبول و مريض و نسمع في اصوات,2.936000108718872,amenyKH_La_Schizophrénie_HM_E0000002_denoised_Sync0000006_no_speaker_0000005.0000099_0000009.0000010_La_Schizophrénie_HM_E2_denoised_Sync006_no_speaker_5.99_9.10_0,0.7777777777777778
labeled_linagora_cs_arabize,قعد عامها كامل هكيك جو مناخوش في دينوات بالين فيثخروازيم و مجيش المخي انو لازمني نبدل ولا لازمني يشوف حل ولا فم حاجه مهيش قاعده تمشي,قعد عامها كامل هكاكة جونر ما ناخوش دي نوت باهين فال تروازيام و ما جا ش لمخي انو لازمني نبدل ولا لازمني نشوف حل ولا فمة حاجة ما هي ش قاعدة تمشي,10.935999870300293,Melekher0000010_0000042_0000000_Melekher10_42_0_0,0.625
labeled_linagora_cs_arabize,شنوا جابو قالو  اقرأ لىروحك تنجح باش كيكتنجم تلقى فكج,شنوا جاوب قالوا ستاي ان سكول اقرا على روحك انجح باش اكاكا تنجم تلقى سايف اند سيكير جوب,6.360000133514404,0000034_0000011_0000001_34_11_1_0,0.8333333333333334
labeled_linagora_cs_arabize,الجش,القيشي,0.5759999752044678,ar--1858_1.25.wav_1858_1.25_0,1.0
labeled_linagora_cs_arabize,naja,نعجا,1.527999997138977,ne3ja_2781_0,1.0
labeled_linagora_cs_arabize,اي بعاتمح ج  جن ج نتبا   عل اا فوك لا على  ا,الي من بعد باش تسمح باش ينجموا وين نجموا نتبعوا ستارتي فور اذا كان فمة من الناس لي يتبعوا فينا يحبو يتبعو ان لايف ال لايف اكزاكتمون عال باج فيسبوك نوفاسيون سيتي و الا على نوفاسيون بيزنيس اكسيليراتور زادة,14.95199966430664,0000008_sub_audio_chunk_0000000_8_sub_audio_chunk_0_0,0.9743589743589743
labeled_linagora_cs_arabize,كللهم يعطيكم وكهو سيب ذيك نعمل هك أنا مخي وقف فهمت الفزا,تقلهم ياعطيكم و اكهو تسيب هاذيكا نعمل هكة انا مخي وقف فهمت الفازة,4.9120001792907715,0000039_0000056_0000003_39_56_3_0,0.6923076923076923
labeled_linagora_cs_arabize,بالحق تجربة إنسانية تجربة حياتية وجودية شدصو إكتيسنسيةة على اللخر,عالاخر سورتو اكزيستانسيال بالحق تجربة انسانية تجربة حياتية و جودية,6.0879998207092285,0000076_0000118_0000001_76_118_1_0,0.9
labeled_linagora_cs_arabize,يا نسله نسلها ا ذا كان ذاان ماوفقنيشرب من ت بار مج نرجع لسركويللين محبش نمشيلها,الي انا منحبش نمشيلها سيركوي كبار ما نجمش نرجع لل دي ديفيكولتي كان ما وفقنيش ربي ولقيت سينون يا نسلكها يا,9.215999603271484,0000026_0000045_0000001_26_45_1_0,1.0
labeled_linagora_cs_arabize,السلج فكر عبدالله بآخر حفلة مع عيده في الشتاء,الثلج فكر عبد الله بخر حفلة مع عيلتو في الشتا,5.679999828338623,ar--3619_0.75.wav_3619_0.75_0,0.6
labeled_linagora_cs_arabize,لأنه يكون تخرج لمظاهرات متاع الطلبة و متاع الأسادة و كذا,لانو يكون تخ تخرج لو مظاهرات متاع الطلبة ومتاع الاساتذة و كذا,3.880000114440918,amenyKH_0000002_chunk_0000082_002_chunk_82_0,0.5833333333333334
labeled_linagora_cs_arabize,خلاني واقف قدام الباب وتخل الكوزيnا,خلاني واقف قدام الباب و دخل للكوجينة,2.9679999351501465,0000020_0000077_20_77_0,0.42857142857142855
labeled_linagora_cs_arabize,اللي أنا قريت في خزندار واللي أنا بنت بردو قلت لي كيفاش عرفت هذاكم,الي انا قريت في خزندار والي انا بنت باردو قلتلها كيفاش عرفت هاذا الكل,4.504000186920166,TunSwitchTO_0000019_0000011_0000056_m0000005_19_11_56_m05_0,0.6428571428571429
labeled_linagora_cs_arabize,النار,النار,1.0800000429153442,ar--2138_0.75.wav_2138_0.75_0,0.0
labeled_linagora_cs_arabize,خفيف,خفيف,0.6800000071525574,ar--1912_1.wav_1912_1_0,0.0
labeled_linagora_cs_arabize,يلزم ثم التكامل,يلزم فمة تكامل,1.6799999475479126,amenyKH_0000011_chunk_0000065_011_chunk_65_0,0.6666666666666666
labeled_linagora_cs_arabize,عرفوها يرة وكلب وحاجة برا وانا نتعرف عليها بما ان بعد شهرين ول لكلب مدمش رعطي لن نقولكم و وا مد در وانش  بلصة اخرى بما ان دوام ل,يعرفوها عميره وكلبه وحاجه صعيب برشا و انا نتعرفوا عليها بما انه بعد شهرين ولا الكلب ما عادش يمشي لدار عطيه خليني نقول لكم باللي هو ولا ما عاد ش قادر وانه يمشي لحت بلاصه اخرى بما انه ادوام لله توفى,13.784000396728516,segment_0000506_segment_506_0,0.8536585365853658
labeled_linagora_cs_arabize,to,الترانش,0.6079999804496765,ar--2104_1.5.wav_2104_1.5_0,1.0
labeled_linagora_cs_arabize,اند مرة حبطت معناها تو أ كن لي,اند مرة هبطت معناها تويت اي واز لايك,6.880000114440918,0000071_0000058_0000001_71_58_1_0,0.625
labeled_linagora_cs_arabize,تربي هذايا فيمايخص فندر انستتو حتى لوقتاش مزالت محلولة لكنديداتور لابيل ا كونديداتور حتى لوقتاش ناس تنجم تشارك,تري بيان هاذا فيما يخص فاوندر انستيتوت حتى لوقتاش مازالت محلولة ال كانديداتور ل ابال ا كانديداتور حتى لوقتاش الناس تنجم تشارك,7.952000141143799,0000004_0000028_4_28_0,0.6363636363636364
labeled_linagora_cs_arabize,على خاطر,على خاطر,1.2960000038146973,3la_khater_10187_0,0.0
labeled_linagora_cs_arabize,كتقصد في العكس وكي نقرأ كلامك بالمقلوب نفهم الوضع اللي عايشينه الحقيق طول مرة,انت تقصد في العكس وكي نقرى كلامك بالمقلوب نفهم الوضع الي عايشينوا على حقيقتو المرة,4.559999942779541,TunSwitchTO_0000003_0000000_0000006_nhh_3_00_06_nhh_0,0.5333333333333333
labeled_linagora_cs_arabize,ḥnin,حنين,1.5119999647140503,7nin_6887_0,1.0
labeled_linagora_cs_arabize,غدةويصورو معاها وي اميعدينصتابالجمعة بالجمعةيصمعهممتاز هشكر برشا محمد مرا تحية كبير لي,شوية غدوة ماشين لسيدي بوزيد عنا اون سمارت فارم معنتها باش نمشيو نصورو معاها بيان و فوالا معنتها او فور اه ا مزور معنتها قاعدين نصورو توا فريمنت بالجمعة بالجمعة معنتها نلقاو سترطب و قاعدين نصورو معاها ممتاز نحب نشكرك برشا محمد مراد تحية كبيرة ليك يعيشك,14.935999870300293,amenyKH_0000017_sub_audio_chunk_0000001_17_sub_audio_chunk_1_0,0.9148936170212766
labeled_linagora_cs_arabize,عندك شي حاجة تعين بها قال له,قال لو عندكشي حاجة تعين بيها,1.8079999685287476,amenyKH_0000001_chunk_0000206_001_chunk_206_0,1.0
labeled_linagora_cs_arabize,يا سيدي هالثروة كان بابا مخ بيها فيسقب في البيت ومغطيها بالجبس,يا سيد ها الثروة كان بابا مخبيها في سقف البيت و مغطيها بالجبس,3.568000078201294,0000020_0000176_20_176_0,0.6923076923076923
labeled_linagora_cs_arabize,في سيجارو وحتى هو في الوقت اللي ربما يقول والله توكان كويس تاي ولا قهوة,في سيقارو حتى وهو في الوقت الي ربما يقول و الله توا كان كويس تاي ولا قهوة,4.559999942779541,amenyKH_0000006_0000006_0002012_partie0000006_chunk_0000106_06_06_2012_partie6_chunk_106_0,0.47058823529411764
labeled_linagora_cs_arabize,كان فم فم شكون يسمع فينا اليوم الي هو انربرنور و لا انسا يكومسبونيا,و كان فمة شكون يسمع فينا اليوم الي هو اونترابرونور و الا ونسيني كوريسبونسابل,5.808000087738037,0000049_0000187_0000000_49_187_0_0,0.5
labeled_linagora_cs_arabize,عيدكم مبروك مزي ربي نحبعرفو علاشعيد الصغير خلياثلا أيام العيد الكبير ماخليناشثل أيام انا وحدةمناسمراخدم,عيدكم مبروك موسيك بربي نحب نعرف علاش في عيد الصغير خذينا ثلاثة ايام و في عيد الكبير ما خذيناش ثلاثة ايام انا واحدة من الناس مرا نخدم,6.855999946594238,amenyKH_0000004_chunk_0000037_004_chunk_37_0,0.8148148148148148
labeled_linagora_cs_arabize,يمحرز انا نحبك تقعد معا  تحدثت عن ترابي  جروب هو معنا سي محمد عمره سن,باهي محرز انا نحبك تقعد معايا انت تحدثت على تيرابي ده جروب هاو معانا سي محمد عمرو ستة و ستين سنة وعندو,6.0320000648498535,amenyKH_0000006_0000006_0002012_partie0000001_0000003_chunk_0000120_06_06_2012_partie1_3_chunk_120_0,0.6818181818181818
labeled_linagora_cs_arabize,,يحكي على,0.8009999990463257,youtube_cKvhYLSksKg_0,1.0
labeled_linagora_cs_arabize,لك نهار دخلو عليه الحجاب قالوله,ملك نهار دخلوا عليه الحجاب قالوا له يا,4.22599983215332,youtube_cKvhYLSksKg_1,0.625
labeled_linagora_cs_arabize,هذا واحد صياد رماش شبكة في الواد,سيد هاذا واحد صياد رماج شبكه في الواد,5.535999774932861,youtube_cKvhYLSksKg_2,0.5
labeled_linagora_cs_arabize,ش فيه قالول يا سدي فيهمرام,صندوق آش فيه قالوا له يا سيد فيه مراه,5.827000141143799,youtube_cKvhYLSksKg_4,0.7777777777777778
labeled_linagora_cs_arabize,د,ميت جيبي,2.6640000343322754,youtube_cKvhYLSksKg_5,1.0
labeled_linagora_cs_arabize,جابول الصدوق حطو حلو في القه,نشوف جابوا له الصندوق حطو حلوه يلقى,5.006999969482422,youtube_cKvhYLSksKg_6,1.0
labeled_linagora_cs_arabize,مر صبحان الخلق فيما,المراه سبحان الخلاق فيما,2.703000068664551,youtube_cKvhYLSksKg_7,0.75
labeled_linagora_cs_arabize,لقمازالت لا بردت لا يبست حب يقولم,يخلق مازالت بردت لا يبست حب يقول ميته,6.0279998779296875,youtube_cKvhYLSksKg_8,0.5
labeled_linagora_cs_arabize,م  ل,جديده ومنها البلاد هذاكة بيدها مش الواد,5.5279998779296875,youtube_cKvhYLSksKg_9,1.0
labeled_linagora_cs_arabize,يكركر فيها م ج,جاي بيكركر فيها من جهه,1.222000002861023,youtube_cKvhYLSksKg_10,0.8
labeled_linagora_cs_arabize,قل,اخرى قال,2.5239999294281006,youtube_cKvhYLSksKg_11,1.0
labeled_linagora_cs_arabize,جبو لي,جيبولي والي,2.503000020980835,youtube_cKvhYLSksKg_12,1.0
labeled_linagora_cs_arabize,ط جا والي الشرطة قالو عندك نص,الشرطه جى والي الشرطه قالوا عندك نصف,5.6479997634887695,youtube_cKvhYLSksKg_13,0.7142857142857143
labeled_linagora_cs_arabize,فيدك باش تبحث وتجيب لماغيو بالخبر,نهار في يدك باش تبحث وتجيب مغ الخبر شكون,5.146999835968018,youtube_cKvhYLSksKg_14,0.6666666666666666
labeled_linagora_cs_arabize,رواشك ل قتلها ماكانش يراهك,ها المراء وشكون الي قتلها ما كانش راه كان,4.986999988555908,youtube_cKvhYLSksKg_15,0.8888888888888888
labeled_linagora_cs_arabize,لكم قبلر,الحكم قبل راه,1.4429999589920044,youtube_cKvhYLSksKg_16,1.0
labeled_linagora_cs_arabize,وفي الحين اذن باش تتنصب المشنقة,المشنقه و في الحين اذن باش تنصب المشقه,6.927999973297119,youtube_cKvhYLSksKg_17,0.625
labeled_linagora_cs_arabize,دا مسرايا واخرج هاك المسكين يدز,قدام السرايا وخرج هاك المسكين يدز في,4.625,youtube_cKvhYLSksKg_18,0.5714285714285714
labeled_linagora_cs_arabize,كيو بعث الأعوان متاعه لكل حومة لكل نهج,ركايب ابعث الاعوان اعكل حومه الكل نهج,6.039999961853027,youtube_cKvhYLSksKg_19,1.0
labeled_linagora_cs_arabize,كل  ي م  قت م,الكل زنقه يبحثوا ثم شيء واحد قتل المراه,3.1679999828338623,youtube_cKvhYLSksKg_20,1.0
labeled_linagora_cs_arabize,ن جابل لخبار ولا ودعمرت,لا من جابله الاخبر ولا ودع مرته,4.72599983215332,youtube_cKvhYLSksKg_21,0.8571428571428571
labeled_linagora_cs_arabize,أولاده بناته ودع هريرة أن الركبة,واولاده وبناته ودع هريره ان الركب,4.185999870300293,youtube_cKvhYLSksKg_22,0.8333333333333334
labeled_linagora_cs_arabize,زناز,مرتحل ابكا و عليه غرد صلى على البي نازه,4.927000045776367,youtube_cKvhYLSksKg_23,1.0
labeled_linagora_cs_arabize,ف الوقت المعين مشاللصرايا خطوة قدامه,و في الوقت المعين مش للسرايا خطوه القدام,3.5250000953674316,youtube_cKvhYLSksKg_24,0.75
labeled_linagora_cs_arabize,شن تالي شاوروا عليه دخلو ها قال ي,وعشره التالي شاوروا عليه دخلوها قال يا,4.506999969482422,youtube_cKvhYLSksKg_25,0.7142857142857143
labeled_linagora_cs_arabize,ي مارقيت شيئ,سيد ما لقيت شيء قال,1.1619999408721924,youtube_cKvhYLSksKg_26,1.0
labeled_linagora_cs_arabize,whazuh ceṭṭa,دوروه و و هزوه الشطار لل,4.265999794006348,youtube_cKvhYLSksKg_27,1.0
labeled_linagora_cs_arabize,مشنقة وحضبه وناس دايرين ورماود لخرتة,المشنقه وحظه وناس دايرين ورما الخرطه في,6.627999782562256,youtube_cKvhYLSksKg_28,0.7142857142857143
labeled_linagora_cs_arabize,ق قال ما ق,رقبته واذا به واحد تقدم قال ما تقتلوه,4.943999767303467,youtube_cKvhYLSksKg_29,0.75
labeled_linagora_cs_arabize,هما مازالوا باهتين هكيا وشايجي,المراه ه مازالوا باهتين هكة وشايب جاي,7.068999767303467,youtube_cKvhYLSksKg_30,0.7142857142857143
labeled_linagora_cs_arabize,يجري قال يكذب يكذب,يجري قال يكذب يكذب انا الي,1.8830000162124634,youtube_cKvhYLSksKg_31,0.3333333333333333
labeled_linagora_cs_arabize,هذا اللي قتلته,انا الي قتلت,0.6809999942779541,youtube_cKvhYLSksKg_32,1.0
labeled_linagora_cs_arabize,لتها له زير اللي مكلف,قتلتها الوزير الي مكلف,4.304999828338623,youtube_cKvhYLSksKg_33,1.0
labeled_linagora_cs_arabize,لك باش يحضر على شنقانها ك رجل هذاك قال ن,الملك باش يحضر شنق الراجل هذاكة قال شنوا,6.4070000648498535,youtube_cKvhYLSksKg_34,0.875
labeled_linagora_cs_arabize,كقال اشنق الوالي وهذا قال,الملك قال اشنق الوالي و هاذا قال انا الي,3.8459999561309814,youtube_cKvhYLSksKg_35,0.6666666666666666
labeled_linagora_cs_arabize,وه الشي قالل,قتلت المراه وه الشيب قال لا انا الي,2.484999895095825,youtube_cKvhYLSksKg_36,0.875
labeled_linagora_cs_arabize,اا,قتلتها انا زله كيف هذ ما,1.9830000400543213,youtube_cKvhYLSksKg_37,1.0
labeled_linagora_cs_arabize,نتعش نهزهم  الكل دعوة متلازمة لملك,فهمتهاش ان هزهم الكل دعوه متلازمه للملك,4.863999843597412,youtube_cKvhYLSksKg_38,0.8571428571428571
labeled_linagora_cs_arabize,هو يدبر رسو معاهم ويقوللي يعطيني لخ,وهو يدبر راسه معهم ويقوللي يعطيني الخبر,3.8239998817443848,youtube_cKvhYLSksKg_39,0.5714285714285714
labeled_linagora_cs_arabize,فاشكونو من هم اللينه,كيفاش شكون و منهم الي نهز,1.4019999504089355,youtube_cKvhYLSksKg_40,1.0
labeled_linagora_cs_arabize,قا وهز الجماعة الكل لملاك ن,المشقه وهز الجماعه الكل الملك شنوا قاله,6.0289998054504395,youtube_cKvhYLSksKg_41,0.7142857142857143
labeled_linagora_cs_arabize,انا اللي قتلت لمرا قام الشايبقا,سيد انا الي قتلت المراه قام الشايب قال,4.668000221252441,youtube_cKvhYLSksKg_42,0.625
labeled_linagora_cs_arabize,ذا قام لخ قال ل هذكمرت,انا قام الاخر قالوا هذاكة مرتي انا الي,5.48799991607666,youtube_cKvhYLSksKg_45,0.875
labeled_linagora_cs_arabize,لت الشايب قال لا بنتي وانا نيقلته,قتلتها الشيب قال لا بنتي و انا الي,5.507999897003174,youtube_cKvhYLSksKg_46,0.625
labeled_linagora_cs_arabize,,قتلتها الاذاعه التونسية الوالي خرج,4.406000137329102,youtube_cKvhYLSksKg_47,1.0
labeled_linagora_cs_arabize,اي اخر ت عللسكنتي لاخر تيب يجري,من اي آخر على نفسك انت لاخر سيب يجري ما,4.567999839782715,youtube_cKvhYLSksKg_48,0.7
labeled_linagora_cs_arabize,,رجعه الا ما,0.7009999752044678,youtube_cKvhYLSksKg_49,1.0
labeled_linagora_cs_arabize,قال هزو الشاي ضطوه في تأخرى,بداره وقال هزوا الشايب حطو في بيت اخرى,4.960000038146973,youtube_cKvhYLSksKg_50,0.875
labeled_linagora_cs_arabize,تنى حتى نعيطلو و جانتي,يستنى حتى نعيط له وج انت احكي لي كيفاش,4.007999897003174,youtube_cKvhYLSksKg_51,0.8888888888888888
labeled_linagora_cs_arabize,قالو يسدي ه بنت عمي وتزو,مرتك قالوا يا سيد هاذي بنت عمي وتزوجت,5.747000217437744,youtube_cKvhYLSksKg_52,0.75
labeled_linagora_cs_arabize,وعندي منها ثلاثة ولاد ونحبهاح,بها وعندي منها ثلاثة اولاد ونحبها حب,4.046000003814697,youtube_cKvhYLSksKg_53,0.5714285714285714
labeled_linagora_cs_arabize,قدر ربي,شديد قدر ربي,2.7279999256134033,youtube_cKvhYLSksKg_55,0.3333333333333333
labeled_linagora_cs_arabize,ت وطالت بها,مرضت وطالت بها,2.9049999713897705,youtube_cKvhYLSksKg_56,0.3333333333333333
labeled_linagora_cs_arabize,ونا لاخليت لا طب لكتابة ل ل,المرضى و انا لا خليت لا طبه لا كتابه لا,4.526000022888184,youtube_cKvhYLSksKg_57,0.9
labeled_linagora_cs_arabize,زة ي بعد مدة بدت تتعافى لك هار,عزامه اي بعد مده بدات عافى لكن نهار,5.288000106811523,youtube_cKvhYLSksKg_58,0.875
labeled_linagora_cs_arabize,شتهات علي,اشتهت عليه,0.8009999990463257,youtube_cKvhYLSksKg_59,1.0
labeled_linagora_cs_arabize,فاح تفاح من غير فصلمني نجيبو,تفاح تفاح من غير فصل منين نجيبه,4.3979997634887695,youtube_cKvhYLSksKg_60,0.5714285714285714
labeled_linagora_cs_arabize,وإذا كان ما نجيبلهاش نخاف تنكسل,انا واذا كان ما نجيبلها نخاف تنكس,4.109000205993652,youtube_cKvhYLSksKg_61,0.5714285714285714
labeled_linagora_cs_arabize,خرجت من البلاد وبديت مسافر من بر البر,لي خرجت من البلاد وبديت مسافر من بر لبر,4.8668999671936035,youtube_cKvhYLSksKg_62,0.2222222222222222
labeled_linagora_cs_arabize,حتىنقية بلاد من البلدان في سوق م ال,حتى لقيت بلاد من البلدان في سوق من,2.944999933242798,youtube_cKvhYLSksKg_63,0.5
labeled_linagora_cs_arabize,حمن جملة الغلل لنصببها,الاسواق واحد من جمله الغلل الي ناصب بها,2.864000082015991,youtube_cKvhYLSksKg_64,0.875
labeled_linagora_cs_arabize,فاحتت ما كاني بحملي إلا اتفاح دينار,تفاحات ما كان بحملي الا التفاحه بدينار,4.584000110626221,youtube_cKvhYLSksKg_66,0.7142857142857143
labeled_linagora_cs_arabize,خاطر غلغ,على خاطر غله من غير,1.1019999980926514,youtube_cKvhYLSksKg_67,0.8
labeled_linagora_cs_arabize,اخذيتهم وركبت دورت على اثنيتي,فصل اخذتهم وركبت دورت على ثنيتي جبتهم,5.646999835968018,youtube_cKvhYLSksKg_68,0.5714285714285714
labeled_linagora_cs_arabize,فرحان وفرحت بيهم ا,لها فرحان وفرحت بهم,2.4030001163482666,youtube_cKvhYLSksKg_69,0.75
labeled_linagora_cs_arabize,لكن من غدوي كانقاعد في الحانوت ونشوف,هيا لكن من غدو انا قعد في الحانوت ونشوف,5.9679999351501465,youtube_cKvhYLSksKg_70,0.4444444444444444
labeled_linagora_cs_arabize,هالسيف متعدي وفي يد تفاحهلع,فيها له صيف متعدي و في يده تفاحه يلعب,3.496999979019165,youtube_cKvhYLSksKg_71,0.8888888888888888
labeled_linagora_cs_arabize,ينطف فيها من ي,بيها يلقف فيها من يد,3.005000114440918,youtube_cKvhYLSksKg_72,0.6
labeled_linagora_cs_arabize,د عقلتها واحدة من هلتفاحت,ليد عقلت واحده من هك ثلاثة تفاحات الي,4.88700008392334,youtube_cKvhYLSksKg_73,0.875
labeled_linagora_cs_arabize,م المرا عيطله,جبتهم من المراه عيطه,1.9199999570846558,youtube_cKvhYLSksKg_74,1.0
labeled_linagora_cs_arabize,طلو تبيحها تفاحة قالي عجايب ماكلي مازال,قلت له تبيعها تفاحه قالي عجايبي مازال هو,6.269000053405762,youtube_cKvhYLSksKg_75,0.875
labeled_linagora_cs_arabize,ذكاري,التذكار,0.652999997138977,youtube_cKvhYLSksKg_76,1.0
labeled_linagora_cs_arabize,باع عجائب تذكار يا ولاد قتل مي جاتك,يتباع عجايب تذكار يا ود قلت له منين جاتك,5.10699987411499,youtube_cKvhYLSksKg_77,0.6666666666666666
labeled_linagora_cs_arabize,م نفس ك مايحبش يقول,عمل نفس ما يحبش يقول منها,1.9630000591278076,youtube_cKvhYLSksKg_78,0.6666666666666666
labeled_linagora_cs_arabize,قال عندي مرأة نعرفها مر,قال عندي مراه نعرفها مره,3.88700008392334,youtube_cKvhYLSksKg_79,0.4
labeled_linagora_cs_arabize,غرضت وطلبت التفاح من غير فسل عل,مرضت وطلبت التفاح من غير فصل على,3.6649999618530273,youtube_cKvhYLSksKg_81,0.42857142857142855
labeled_linagora_cs_arabize,ااومشى سافر في البرور وهاو لبارح روح م,راجلها ومشا ص في البرور وهاو البارح روح,4.506999969482422,youtube_cKvhYLSksKg_82,0.625
labeled_linagora_cs_arabize,لغيبة وجبل ثث تفاحات,من الغيبه وجاب لها ثلاثة تفاحات اعطتني,3.0250000953674316,youtube_cKvhYLSksKg_83,0.8571428571428571
labeled_linagora_cs_arabize,به,كعبه منهم,0.5410000085830688,youtube_cKvhYLSksKg_84,1.0
labeled_linagora_cs_arabize,قال طلاع الدم,الكذ قال طلع دم من,3.73799991607666,youtube_cKvhYLSksKg_85,0.8
labeled_linagora_cs_arabize,يبدأ أنا عندي فيها أمان ومن,راسي يبدا انا عندي فيها امان وما نحلف,5.9679999351501465,youtube_cKvhYLSksKg_86,0.75
labeled_linagora_cs_arabize,سهاوندخل لمبوس يدها خرج بوس س,الا براسها وندخل نبوس يدها ونخرج نبوس,3.50600004196167,youtube_cKvhYLSksKg_87,1.0
labeled_linagora_cs_arabize,وهي عندها هلوسيف هدايا زايد انسام,و هيا عندها ها الوصيف هذايا زايد انسا,5.705999851226807,youtube_cKvhYLSksKg_89,0.75
labeled_linagora_cs_arabize,منش قال سكرت الحنوت ومشيت لها,ما من ش قال سكرت الحانوت وميت لها لقيتها,5.706999778747559,youtube_cKvhYLSksKg_90,0.6666666666666666
labeled_linagora_cs_arabize,وفوق الخزانة محطوطين زور تفاحات,قاعده وفوق الخزانه محطوطين زوز تفاحات مش,6.10699987411499,youtube_cKvhYLSksKg_91,0.5714285714285714
labeled_linagora_cs_arabize,قلت له تفاحة الخرى وينالمعر,ثلاثة قلتلها تفاحه الاخرى ويني ق ما عرف ش,4.495999813079834,youtube_cKvhYLSksKg_92,1.0
labeled_linagora_cs_arabize,كيفاش كليتها قتيلة,قلتلها كيفاش كليتها قالت لا,2.640000104904175,youtube_cKvhYLSksKg_93,0.6
labeled_linagora_cs_arabize,مشدقال عر هزقال ظلمةل,ما عرف ش من مشات قرف هز قال ظلامه الدنيا,5.427000045776367,youtube_cKvhYLSksKg_94,1.0
labeled_linagora_cs_arabize,عني عملت لها هكة بيتدي دزيتها,بين عيني عملتلها هك بدي دزيتها واذا به,3.7249999046325684,youtube_cKvhYLSksKg_95,0.875
labeled_linagora_cs_arabize,مرأة طاحت ما في عينها بل قلت ماتتوشي,المراه طاحت ما في عينها بلا قلت ماتت وشن,4.867000102996826,youtube_cKvhYLSksKg_96,0.4444444444444444
labeled_linagora_cs_arabize,العملة اللي عملتها,ها العمله الي عملتها هاذي,1.5420000553131104,youtube_cKvhYLSksKg_97,0.8
labeled_linagora_cs_arabize,انا هكايا وعمي دخل بوها نو هذا قتل,روح انا هكة وعمي دخل بها شنوا هاذا قلت له,7.769000053405762,youtube_cKvhYLSksKg_98,0.7
labeled_linagora_cs_arabize,ناذرو فيها وفيها قال,الناز فيها وفيها قال,2.5439999103546143,youtube_cKvhYLSksKg_99,0.25
labeled_linagora_cs_arabize,بدا يدور في الدار حتى لقا صندوق,في بدا يدور في الدار حتى القى صندوق فرغ,5.567999839782715,youtube_cKvhYLSksKg_100,0.3333333333333333
labeled_linagora_cs_arabize,بش لي فيه وحط فيه بنتو وقال لي اقعد,مدبش الي فيه وحط فيه بنته وقاللي اقعد,4.60699987411499,youtube_cKvhYLSksKg_101,0.625
labeled_linagora_cs_arabize,نت علي نفسكوني هذي ناذاتهمني,انت على نفسك هوني هاذي ناز تهمني,2.444000005722046,youtube_cKvhYLSksKg_102,1.0
labeled_linagora_cs_arabize,خرج هاك الصندوق حطو على بغلتها,وخرج هك الصندوق حطه على بغلته ومشا من عش,3.947000026702881,youtube_cKvhYLSksKg_104,0.7777777777777778
labeled_linagora_cs_arabize,قال حطوك بتخرى جيبو للشايب,بيه قال حطوه في بيت اخرى جيبي الشايب جاب,5.828000068664551,youtube_cKvhYLSksKg_106,0.8888888888888888
labeled_linagora_cs_arabize,قالو تهاو ولد خوك قال اللي هوا,الشايب قالها ولد اخوك قال الي هو الي,4.440000057220459,youtube_cKvhYLSksKg_107,0.75
labeled_linagora_cs_arabize,بت منقالو لا يا,قتل بنتك مش انت قالوا لا يا سيد يكذب,2.9000000953674316,youtube_cKvhYLSksKg_108,0.7777777777777778
labeled_linagora_cs_arabize,وش بينو بينها,عليك ش بينه وبينها هوش,3.0840001106262207,youtube_cKvhYLSksKg_109,1.0
labeled_linagora_cs_arabize,أما أحكالي اش عملت وانا,يقتلها اما احكي آش عملت و انا هو,7.567999839782715,youtube_cKvhYLSksKg_110,0.875
labeled_linagora_cs_arabize,على خاطر هذايا عاف يوجي,قلتها على خاطر هاذا عارف انا مش الذاكره,4.765999794006348,youtube_cKvhYLSksKg_111,0.75
labeled_linagora_cs_arabize,انا اللي اقتلتها وهزيتها علي البغلب,الحيه انا الي قتلتها وهزيت على البغله,3.0450000762939453,youtube_cKvhYLSksKg_112,0.8571428571428571
labeled_linagora_cs_arabize,يرمي اصندق,في صندوق ومشيت رميت الصندوق في,2.243000030517578,youtube_cKvhYLSksKg_113,1.0
labeled_linagora_cs_arabize,هما هكايا والوالي جاي ومعاه ليد قالا,الوا هما هكة و الوالي جاي وم ولد قال يا,6.789000034332275,youtube_cKvhYLSksKg_114,0.8
labeled_linagora_cs_arabize,يذي راهي الناس لازم سافر,سيد راهي النازله زخر,2.128000020980835,youtube_cKvhYLSksKg_115,1.0
labeled_linagora_cs_arabize,انا ما طلعتش داقزة في لول ما هو,وينك انا ما طلعت ش الز فيلول اما ها جبتلك,7.159999847412109,youtube_cKvhYLSksKg_116,0.8
labeled_linagora_cs_arabize,تفاصيل جديدة,تفاصيل جديده,1.0880000591278076,youtube_cKvhYLSksKg_117,0.5
labeled_linagora_cs_arabize,ج يا ولد أحكي سيدك ه هذايا يايد,اي يا ول احكي لسيدك هاذا يا هاذا يا سيد,5.6479997634887695,youtube_cKvhYLSksKg_118,0.9
labeled_linagora_cs_arabize,هك الراجل,ولدك الراجل الي قل,0.9599999785423279,youtube_cKvhYLSksKg_119,0.75
labeled_linagora_cs_arabize,قال اميراقد وانا عجبني ه التفحات,يحكي قال امي راقده و انا عجبوني التفاحات,4.7870001792907715,youtube_cKvhYLSksKg_121,0.875
labeled_linagora_cs_arabize,اللي بحذاها اللي جمعه من باب,الي الي ب حذاها الي جابهم البابا,3.2850000858306885,youtube_cKvhYLSksKg_122,1.0
labeled_linagora_cs_arabize,بارح هزيت منه محيطة باش نلعب بها,البارح هزيت منهم وحيده باش تلعب بها,3.1679999828338623,youtube_cKvhYLSksKg_123,0.5714285714285714
labeled_linagora_cs_arabize,ريها الأولاد في الحوما وايذا به صيف متع,ونوريه الاولاد في الحومه واذا بصيف متعدي,4.0879998207092285,youtube_cKvhYLSksKg_124,1.0
labeled_linagora_cs_arabize,منين هذي قلتلو أمي مريضة وباباا,قالي منين هذ قلت له امي مريضه وبابا سافر,3.944999933242798,youtube_cKvhYLSksKg_125,0.8888888888888888
labeled_linagora_cs_arabize,بر بعيد جب كعباتلب,البر البر بعيد جابلها ثلاثة كعبات البارح,2.8239998817443848,youtube_cKvhYLSksKg_126,0.8571428571428571
labeled_linagora_cs_arabize,واحدة منهم وذا به قالك فكهالي,هذاكة واحده منهم واذا به قاللك فك هالي,3.1459999084472656,youtube_cKvhYLSksKg_127,0.75
labeled_linagora_cs_arabize,قال,وهرب قال جيبوا,3.7060000896453857,youtube_cKvhYLSksKg_128,0.6666666666666666
labeled_linagora_cs_arabize,ويب ر,الشايب وجيبوا رجل,3.286099910736084,youtube_cKvhYLSksKg_129,1.0
labeled_linagora_cs_arabize,سيف وين س الوالي قال هاهوسد,وصيف وين يا سي الوالي قال هاهو يا سيد,3.6050000190734863,youtube_cKvhYLSksKg_130,0.6666666666666666
labeled_linagora_cs_arabize,تقرب سلسلة يستمنى جبتو,بيت اخرى في سلسله يستنى جبته قال,2.5840001106262207,youtube_cKvhYLSksKg_132,1.0
labeled_linagora_cs_arabize,بو شني ثبت ها التفاحة يا ولي,جيبوه اشن سبت ها التفاحه يا ولدي,7.854000091552734,youtube_cKvhYLSksKg_133,0.7142857142857143
labeled_linagora_cs_arabize,طهالك قالوا لا أما لقيتها عندها لوليله,بالحق متك قالوا لا اما لقيتها عندلي يلعب,4.645999908447266,youtube_cKvhYLSksKg_134,0.625
labeled_linagora_cs_arabize,واللي قلت لها الراجل قال كذبت علي,فكت و الي قلت ل الراجل قال كذبت عليه يا,5.047999858856201,youtube_cKvhYLSksKg_136,0.6
labeled_linagora_cs_arabize,حبيت نتفخر وعامل نفسي,حبيت نفخر وعامل نفسي,3.5260000228881836,youtube_cKvhYLSksKg_137,0.25
labeled_linagora_cs_arabize,هما كي دمن الحج,رجل هما هكة و واحد من الحجاب دخل يج قال,4.98799991607666,youtube_cKvhYLSksKg_139,0.9
labeled_linagora_cs_arabize,الطبيب متاع الصراية كيف شافها,دي الطبيب متاع السرايه كيف شافها قال هذ مش,4.5980000495910645,youtube_cKvhYLSksKg_142,0.5555555555555556
labeled_linagora_cs_arabize,مادايخ ولدخ ساعات تدوم,ميته اما دايخه والدوخه ساعات تدوم حتى,4.927999973297119,youtube_cKvhYLSksKg_143,0.7142857142857143
labeled_linagora_cs_arabize,وما نعرفش شو اللي جاشممو,اكثر وما نعرفش شنوا الي جاب شم مولها,4.473999977111816,youtube_cKvhYLSksKg_145,0.75
labeled_linagora_cs_arabize,عطست وحلت عينيها وقالت يا حيمن حياني يقت,عطست وحلت عينيها وقالت ياحي من حيان يقتل,3.808000087738037,youtube_cKvhYLSksKg_146,0.5
labeled_linagora_cs_arabize,ني هيا قال,قلني قال اخرج عل,2.565000057220459,youtube_cKvhYLSksKg_148,1.0
labeled_linagora_cs_arabize,وهاك الراجل يعنق في مرضته,كل وهاك الراجل يعنق في مرته ويقولها,5.9679999351501465,youtube_cKvhYLSksKg_149,0.42857142857142855
labeled_linagora_cs_arabize,سمحتني اللي نويت فيك النقص والشايب مرة,سامحني الي نويت فيك النقص و الشايب مره,3.489000082015991,youtube_cKvhYLSksKg_150,0.625
labeled_linagora_cs_arabize,يومرة يضحك بنته وحيطته وهاكله,يبكي ومره يضحك بنته وحيدته وهاك الد,3.686000108718872,youtube_cKvhYLSksKg_151,0.7142857142857143
labeled_linagora_cs_arabize,تعلق بهذه اليوم,متعلق بهذا الوم,1.062000036239624,youtube_cKvhYLSksKg_152,1.0
labeled_linagora_cs_arabize,يف قاله احمد ربي ي طلعل,ووصيف قالوا احمد ربي الي الي طلعت,5.127999782562256,youtube_cKvhYLSksKg_154,0.7142857142857143
labeled_linagora_cs_arabize,,المراه دايخه مش ميته ولا راه توا راسك,3.2049999237060547,youtube_cKvhYLSksKg_155,1.0
labeled_linagora_cs_arabize,دعب زقيق اي اخ جدير ت,لبعد يلعب ب سقيك اي اخرج عل وخطاك من,4.4070000648498535,youtube_cKvhYLSksKg_156,0.8888888888888888
labeled_linagora_cs_arabize,لكذب الكذب رأه سلطة ال,الكذب الكذب راه سلطان,1.9730000495910645,youtube_cKvhYLSksKg_157,1.0
labeled_linagora_cs_arabize,ج,الجريدة,0.6639999747276306,ar--1544_1.25.wav_1544_1.25_0,1.0
labeled_linagora_cs_arabize,اهالحفلة,الحفلة,0.5920000076293945,ar--2119_1.5.wav_2119_1.5_0,1.0
labeled_linagora_cs_arabize,لم,الكرمب,0.5600000023841858,ar--1652_1.5.wav_1652_1.5_0,1.0
labeled_linagora_cs_arabize,ونحطوه ذوك هذيك عليه اهم,و نحطوه دونك هذاكة علاه اهم,2.944000005722046,0000053_0000063_0000003_53_63_3_0,0.8333333333333334
labeled_linagora_cs_arabize,هذي معنتها الومظة التاريخية نقولو ليومكف,هاذيا معنتها الومضة التاريخية نقولوا ليوما كيفاه,5.664000034332275,0000050_0000033_0000003_50_33_3_0,0.7142857142857143
labeled_linagora_cs_arabize,أهم حاجة للسكان وباش نتعداو للجن لآخر اللي,لخر الي بوينت و باش نتعداو لل سكين اهم حاجة لل,3.8480000495910645,0000075_0000031_0000001_75_31_1_0,0.9090909090909091
labeled_linagora_cs_arabize,اناليز بالتحديداهليه قريحةى الجر زو,انالايز بالتحديد لا قاري حتى الجبر الزوز,3.0799999237060547,0000027_0000250_0000001_27_250_1_0,1.0
labeled_linagora_cs_arabize,ملا,ايه ملا,1.0640000104904175,TunSwitchTO_0000172_0000022_0000048_gzc_172_22_48_gzc_0,0.5
labeled_linagora_cs_arabize,يشوف منها ومنها,يشوف من و من,1.9279999732971191,ar--1328_0.75.wav_1328_0.75_0,0.75
labeled_linagora_cs_arabize,ساعات يعزف الخاتو على ناي والبيانو,ساعات يعزف ولد خالتو على الناي و البيانو,3.0399999618530273,ar--3627_1.25.wav_3627_1.25_0,0.625
labeled_linagora_cs_arabize,s,السفر,0.527999997138977,ar--2055_1.25.wav_2055_1.25_0,1.0
labeled_linagora_cs_arabize,فماشكون يقول حتى فم أحزاب,فمة شكون يقول حتى فمة احزاب,1.7200000286102295,amenyKH_0000002_chunk_0000027_002_chunk_27_0,0.6666666666666666
labeled_linagora_cs_arabize,ياكا مشينا خدينا السرت الكلمية مشيبا,اكاهو مشينا خذينا السيريات الكل مشيت بون,3.5360000133514404,0000027_0000060_0000001_27_60_1_0,0.8571428571428571
labeled_linagora_cs_arabize,باهي ايجا نحكيكم على عامة الباك اللي ديما الناس الكل تقولك عامة,باهي ايجا نحكيلكم على عامت ال باك الي ديما الناس الكل تقلك عام,3.9200000762939453,0000070_0000011_0000001_70_11_1_0,0.5384615384615384
labeled_linagora_cs_arabize,لا نحبها متوسطة ومفوحة برشا وبالموتارد,لا نحبها متوسطة و مفوحة برشا و بالموتارد,3.440000057220459,ar--3436_1.wav_3436_1_0,0.5
labeled_linagora_cs_arabize,مازالوا فما بلايس للجولة متاع نهار الأخميس,مازالو فمة بلايص للجولة متاع نهار الخميس,2.7679998874664307,TunSwitchTO_0000095_0000015_0000006_0000009e0000001_95_15_06_9e1_0,0.5714285714285714
labeled_linagora_cs_arabize,الحاجات صعيبة في الدنيا  n gn,الحاجات الصعيبة في الدنيا اند ايماجين قوينق,4.335999965667725,0000071_0000082_0000000_71_82_0_0,0.5714285714285714
labeled_linagora_cs_arabize,ومنكذبش عليك معناتها بكل صراحة خنا بعضنا افهمتني حتى باش تحكي مع واحد مايفهمكش حتى شنوا تحكي تولي تتفاداه خي فهمتني,ما نكذبش عليك معناتها بكل صراحة دخلنا بعضنا فهمتني حتى باش تحكي مع واحد ما يفهمكش حتى شنوا تحكي يولي تتفاداه خير فهمتني,11.503999710083008,amenyKH_MOSAIQUEFM_FORUM_8102012_partie0000002_chunk_0000060_MOSAIQUEFM_FORUM_08102012_partie2_chunk_60_0,0.34782608695652173
labeled_linagora_cs_arabize,الفايب متاعها فيها برشا تشل فيها برشا ا,ل فايب متاعها فيها برشا شالنج فيها برشا ادفنتشر,5.808000087738037,Melekher0000012_0000157_0000001_Melekher12_157_1_0,0.4444444444444444
labeled_linagora_cs_arabize,كوفيد والبانديمي تسجلت خمسة مرات اكثر حالات عنف,فال كوفيد و ال بانديمي تسجلت خمسة مرات اكثر حالات عنف,3.7920000553131104,0000052_0000080_0000000_52_80_0_0,0.36363636363636365
labeled_linagora_cs_arabize,عندها ثقة لا في القضاء ولا في الحاكم عاودت سكرت على روح الدار لمدة ايام كاملين و تعداو  ايامات هذوكم في التخطيطات و التخمات كانت فاطمة مغرومة برشا بفلام الاكسيو و الانتقام و القضايا وكانت في نفس الوقت كي برشا في قرايتها,عندها ثقه لا في القضاء ولا في الحاكم عاودت سكرت على روح الدار لمده ثلاثة ايام كاملين وتعدا ثلاثة ايامات هذوك في التخطيطات و التخمام كانت فاطمه مغرومه برشا بالافلام لاكسيون والانتقام و القضايا وكانت في نفس الوقت ذكيا برشا في قرايتها و في,13.97599983215332,segment_0000719_segment_719_0,0.36363636363636365
labeled_linagora_cs_arabize,شوفوا لولا اني في ميدان السياحة و با نفسرلبرا يج,شوفو يا لولاد آني في ميدان السياحة و هو باش نفسرلكم برشا حوايج,4.056000232696533,TunSwitchTO_0000032_0000023_0000007_v0000063_32_23_07_v63_0,0.6923076923076923
labeled_linagora_cs_arabize,قعت تربعت وياها في القاعة,قعدت و تربعت انا وياها في القاعة,1.5520000457763672,0000022_0000147_22_147_0,0.42857142857142855
labeled_linagora_cs_arabize,الفلوس,الفلوس,0.7200000286102295,ar--1357_1.wav_1357_1_0,0.0
labeled_linagora_cs_arabize,المواطن,المواطن,1.1039999723434448,ar--1436_0.75.wav_1436_0.75_0,0.0
labeled_linagora_cs_arabize,كل شي يعرفوها عليه,كل شيء يعرفوه على,1.1119999885559082,amenyKH_Hkayet_Tounsia_S0000001_Episode_0000004_0000019_0000012_0002016_Partie_0000002_Sync0000072_no_speaker_0000623.0000010_0000624.0000025_Hkayet_Tounsia_S01_Episode_04_19_12_2016_Partie_02_Sync072_no_speaker_623.10_624.25_0,0.75
labeled_linagora_cs_arabize,هكا ولا هكا,هكة ولا هكة,1.1519999504089355,ar--2406_1.wav_2406_1_0,0.6666666666666666
labeled_linagora_cs_arabize,خوف ولشي هذا بحد ذاته كان مخيف كنت حاس وكان الهدوء م قبل العاصفه وكنت استنى في حاجه باش تصير وافكتف بعد الهدوء هذاك كل حاجه كانت فالبيت ولا تتحرك وحدها كل مرة يتيح كتاب منالبي,يخوف و الشيء هاذا بحد ذاته كان مخيف كنت حاس وكانه الهدوء ما قبل العاصفه وكنت نستنى في حاجه باش تصير وافكتيف مون بعد الهدوء هذاكة كل حاجه كانت في البيت ولات تتحرك وحدها كل مره يطيح كتاب من البيرو,12.711999893188477,segment_0000649_segment_649_0,0.425
labeled_linagora_cs_arabize,ne ip,نائب,1.2799999713897705,na2eb_7983_0,2.0
labeled_linagora_cs_arabize,في حوانتنا ومحلاتنا معبية مسقفللقا,تي حوانتنا و محلاتنا معبية من السقف للقاع,3.128000020980835,0000019_0000168_19_168_0,0.75
labeled_linagora_cs_arabize,ي,يضيع,0.527999997138977,ar--1323_1.25.wav_1323_1.25_0,1.0
labeled_linagora_cs_arabize,لكن ليوم نلقارواحنا بلوكي نلقارواحنا ما قدمناش ماوصلناش للهدف الحاجة لي يزمني نبدل أنا شنوا  شنغير باش نغير الموديل اكونوميك الموديل كونوميك في دي زاك ستراtيجيك,لكن اليوم نلقاو رواحنا بلوك نلقاو رواحنا ما قدمنا ش ما وصلناش للهدف الحاجة لي يلزمني نبدل انا شنوا شنغير باش نغير ال موديل ايكونوميك ال موديل ايكونوميك فيه دي اكس ستراتيجيك,11.968000411987305,0000007_0000059_7_59_0,0.65625
labeled_linagora_cs_arabize,محنا مقلجة مقل  بحرف الجا متاعنا مجلجة لحياة  السعادة هو كي تخرج ماك لجلج ذاك نتفكر وقتي أنا معناها باش,مقلقة بحرف الق متاعنا مقلقة الحياه دونك السعادة هيا كي تخرج من القلق اذاكا نتفكر وقتلي انا باش,12.920000076293945,segment_0000301_segment_301_0,0.7777777777777778
labeled_linagora_cs_arabize,وكيقلتلي اي بابا كان يغضر فيها,وكي قلتلي ايه بابا كان يضرب في,2.247999906539917,amenyKH_Personnalité_Multiple_HM_E0000001_denoised_Sync0000108_no_speaker_0000406.0000021_0000408.0000046_Personnalité_Multiple_HM_E1_denoised_Sync108_no_speaker_406.21_408.46_0,0.7142857142857143
labeled_linagora_cs_arabize,و اسم فهمتها بالغال تظهر ليبري ارب على روح كما انا اليبغى اني ونشرب,وات اسمع فهمتها بالغالط يضهرلي ال ليبيريتي مش تابع روحك اما انا ليبر,4.895999908447266,0000040_0000080_0000001_40_80_1_0,1.0
labeled_linagora_cs_arabize,نسبة معينة متاع ناس الذي تعرضو إلى أعراض تقلق,آه نسبة معينة متاع الناس الي تعرضوا الى اعراض تقلق,3.5999999046325684,amenyKH_0000006_0000006_0002012_partie0000005_chunk_0000026_06_06_2012_partie5_chunk_26_0,0.6
labeled_linagora_cs_arabize,حتى حد ما ياخذهم ن  كشري شكون كي تقولو معناها,شكون كي تقلوا معناها انتو كونسيديراسيون حتى حد مايخذهم,3.696000099182129,0000075_0000030_0000001_75_30_1_0,1.1111111111111112
labeled_linagora_cs_arabize,نفما ساعة بللى لحظا برك فما ساعة كان لي العبد فما دور كاتجوري متاع بيتمال,فمة ساعة بالله لحظة بركا فمة كلي العبد فمة دو كاتيقوري متاع عباد فمة الي,8.5600004196167,0000027_0000021_0000000_27_21_0_0,0.9333333333333333
labeled_linagora_cs_arabize,باهي تحبشي كا شكول مع هي,باهي تحبشي كشكول مع هاذا,2.3440001010894775,TunSwitchTO_0000058_0000023_0000059_ytf_58_23_59_ytf_0,0.6
labeled_linagora_cs_arabize,نعم حاجة وحدة,يعمل حاجة وحدو,0.9440000057220459,ar--2442_1.5.wav_2442_1.5_0,0.6666666666666666
labeled_linagora_cs_arabize,خاطر متأكد إنه ما بين لي نتربرونور اللي يسمعو فينا الناس للي عندهم أفكار متاع مشاريع,خاطر متاكد انو مابين لي اونترابرونور لي يسمعو فينا ناس لي عندهم افكار متاع مشاريع,4.943999767303467,0000010_0000031_10_31_0,0.6
labeled_linagora_cs_arabize,يعمل جو,يعمل جو,0.9279999732971191,ar--1587_1.wav_1587_1_0,0.0
labeled_linagora_cs_arabize,了,الطابع,0.5120000243186951,ar--2218_1.5.wav_2218_1.5_0,1.0
labeled_linagora_cs_arabize,قادو يفكرو فالكونجي وفرحو اللي تعرفو على بعضهم,قعدو يتفكرو في الكونجي و فرحو الي تعرفو على بعضهم,6.383999824523926,ar--3209_0.75.wav_3209_0.75_0,0.7
labeled_linagora_cs_arabize,العشر أيام,لعشرة ايام,0.8479999899864197,TunSwitchTO_0000103_0000015_0000007_n0000002g_103_15_07_n2g_0,1.0
labeled_linagora_cs_arabize,الرواية,الرواية,0.5759999752044678,ar--1890_1.25.wav_1890_1.25_0,0.0
labeled_linagora_cs_arabize,اذخذا,السخانة,0.5839999914169312,ar--2195_1.5.wav_2195_1.5_0,1.0
labeled_linagora_cs_arabize,أنا سلسلة متاع عروض في تونس ومشينا بعد سافرنا عملنا تورنيه برا درنيرمو كنا في العراق  توا رجعنا خاط الأسرة هي مطلوبة برشا في تونس و,عنا سلسلة متاع عروض في تونس و و مشينا من بعد سافرنا عملنا تورني البرا ديرنييرمون كنا في العراق دونك توا رجعنا خاطر المسرحية مطلوبة برشا في تونس و,12.008000373840332,0000043_0000003_0000000_43_3_0_0,0.41379310344827586
labeled_linagora_cs_arabize,وإلا كذا,ولا كذا,0.8560000061988831,amenyKH_tataouine__for_acoustic_analysis_Sync0000409_no_speaker_0001376.0000043_0001377.0000031_tataouine__for_acoustic_analysis_Sync409_no_speaker_1376.43_1377.31_0,0.5
labeled_linagora_cs_arabize,عاجل,عاجل,0.7360000014305115,3ajel_29877_0,0.0
labeled_linagora_cs_arabize,مفهماش منها لحكاية  بالعكس  جو,ما فماش منها الحكاية بالعكس ذاي قونا هلب يو اوت,3.9040000438690186,0000071_0000023_0000001_71_23_1_0,0.8
labeled_linagora_cs_arabize,بالله عمر هذا,بالله عمر هاذا,1.5839999914169312,TunSwitchTO_0000064_0000011_0000017_m0000003l_64_11_17_m3l_0,0.3333333333333333
labeled_linagora_cs_arabize,dis,ديسمبر,0.5759999752044678,ar--1542_1.5.wav_1542_1.5_0,1.0
labeled_linagora_cs_arabize,وثم الإختلاف زادة,و فمة الاختلاف زادة,1.6319999694824219,amenyKH_Hkayet_Tounsia_S0000002_Episode_0000028_0000026_0000003_0002018_Partie_0000003_Sync0000203_no_speaker_0002007.0000000_0002008.0000065_Hkayet_Tounsia_S02_Episode_28_26_03_2018_Partie_03_Sync203_no_speaker_2007.00_2008.65_0,0.75
labeled_linagora_cs_arabize,باش نبعد نعس على الدجاج وإلا أنا ماخذ الباك باش بعد نعس علادجاج,باش من بعد نعس عالدجاج و الا انا ماخذ الباك باش من بعد نعس عالدجاج,3.9839999675750732,0000001_0000033_1_33_0,0.5333333333333333
labeled_linagora_cs_arabize,اذا كان فما شكون منمستمعينا ميعرفش شنوا احميني معندو حتى فكرة على شنوا احميني عطيني البيتش فاير متاعك شنو بالظبط لابليكاشيو احميني بالظبط احميني هي اول ما بدات على بلاتفورم,اذا كان فمة شكون من مستمعينا ما يعرفش شنوا احميني ما عندو حتى فكرة على شنة احميني اعطيني ال بيتش فاير متاعك شنوا بالظيط لابليكاسيون احميني بالظبط احميني هيا اول ما بدات على بلاتفورم,12.303999900817871,0000007_0000005_7_5_0,0.4411764705882353
labeled_linagora_cs_arabize,كفاش مخك يحشش على القهوة ش نفهمو الحكاية,كيفاش مخك يحشش على القهوه الحكايه مش,3.9649999141693115,youtube_AacwzudVuAE_0,0.7142857142857143
labeled_linagora_cs_arabize,كيباش نقولك القهوة فيها مادة اسم ال,جديد كيفاش نقول لك القهوه فيها مدى اسمها,2.1449999809265137,youtube_AacwzudVuAE_1,1.0
labeled_linagora_cs_arabize,كافيين,الكافيين,0.5220000147819519,youtube_AacwzudVuAE_2,1.0
labeled_linagora_cs_arabize,خدمتها تحسك بالتعب والنوم,الكافيينوسين خدمتها تحس النوم والكافيين,4.006999969482422,youtube_AacwzudVuAE_3,0.8
labeled_linagora_cs_arabize,خليش المخي,ما تخليش المخ,0.6819999814033508,youtube_AacwzudVuAE_4,1.0
labeled_linagora_cs_arabize,الوقت يستينس المخ بوجود الكافييين,مع الوقت يستانس المخ بوجود الكافيين,2.446000099182129,youtube_AacwzudVuAE_5,0.5
labeled_linagora_cs_arabize,يبدأ ينقص بشوية بشوية في البروتينات,ويبدا ينقص بشويه بشويه في البروتينات,1.8040000200271606,youtube_AacwzudVuAE_6,0.5
labeled_linagora_cs_arabize,هيفي العادة تكبتللينوسين هذي,الي هيا في العاده كابتنوسين هاذي مش,2.5850000381469727,youtube_AacwzudVuAE_7,1.0
labeled_linagora_cs_arabize,معناها نولي وحشتنا بأكثر كافيين,معناها معناها نولي وحشتنا باكثر كافيين,2.7850000858306885,youtube_AacwzudVuAE_8,0.3333333333333333
labeled_linagora_cs_arabize,موو اذا مسنس تشرب القهوة,في فرد مستوي واذا مستانسه تشرب القهوه,2.505000114440918,youtube_AacwzudVuAE_9,0.8571428571428571
labeled_linagora_cs_arabize,مد فيها برشا كافين,ولا ماده فيها برشا كافيين وفجاه تقص,2.4049999713897705,youtube_AacwzudVuAE_10,0.7142857142857143
labeled_linagora_cs_arabize,تدخل في حالة انسحاب المع,عليها تدخل في حاله انسحاب الي معها تجي,3.1659998893737793,youtube_AacwzudVuAE_11,0.625
labeled_linagora_cs_arabize,ا ل,وجعه الراس و التعب و هاذا يصير على خط,3.0859999656677246,youtube_AacwzudVuAE_12,1.0
labeled_linagora_cs_arabize,التركيبة الكميائية متاع المخط بدلت,التركيب الكيميائيه متاع المخ تبدلت بما,2.6449999809265137,youtube_AacwzudVuAE_13,0.8333333333333334
labeled_linagora_cs_arabize,كانو كان يتوقع في كمية معينة متاع كافي,انه كان يتوقع في كميه معينه متاع كافيه,2.384999990463257,youtube_AacwzudVuAE_14,0.5
labeled_linagora_cs_arabize,مع الوقت كان تكثر من القهوة تدخل في دولاب,ومع الوقت كانت من القهوه تدخل في دولاب,2.305000066757202,youtube_AacwzudVuAE_15,0.5
labeled_linagora_cs_arabize,تشرب قهوة باش ما تتقلقش,مشبه تشرب قهوه باش ما تتقلقش وراسك ما,2.7660000324249268,youtube_AacwzudVuAE_16,0.5
labeled_linagora_cs_arabize,جكش وزيد مخكيsتنز اكثر,يوجعكش ويزيد مخك يستنس اكثر وذك هولا,3.1110000610351562,youtube_AacwzudVuAE_17,0.8571428571428571
labeled_linagora_cs_arabize,إنكتب,المكتب,0.6240000128746033,ar--2260_1.5.wav_2260_1.5_0,1.0
labeled_linagora_cs_arabize,cos,الشونج,0.9599999785423279,ar--1365_0.75.wav_1365_0.75_0,1.0
labeled_linagora_cs_arabize,الشعب الياباني قربت عشرين مليون سيكن,الشعب الياباني قرابت عشرين مليون ساكن,3.6480000019073486,TunSwitchTO_0000066_0000013_0000005_eko_66_13_05_eko_0,0.3333333333333333
labeled_linagora_cs_arabize,وقت اللي كان تشاوي الملكة على شعب ربي كانت عندهم التوراة وفي التورات كان مكتوب اللي ربي يحرم السحر والشعوظذة ويكره كل من يكتب حرز ولا يستحضر أرواح الموتة,وقت الي كان شاول ملك على شعب ربي كانت عندهم التورات و في التورات كان مكتوب الي ربي حرم السحر و الشعوذه يكره كل من يكتب حرز و الا يستحضر ارواح الموتة,11.831999778747559,17_David3_Saul_Witch_OneStory_AEB_0,0.4375
labeled_linagora_cs_arabize,وقال ربي اللي يستعمل لحاجات هدم لازم يموت وحرم فيها حياتو وشاول كيكان ملك قرد من البلاد الصحارة والعرافين الكل أما ما قتلهمش,و قال ربي الي يستعمل الحاجات هذوم لازم يموت و حرام عليه حياتو و شاول كيف كان ملك طرد من البلاد السحارة و العرافة الكل اما ما قتلهمش,11.392000198364258,17_David3_Saul_Witch_OneStory_AEB_1,0.6071428571428571
labeled_linagora_cs_arabize,وكان شاول ملكة على شعب ربي أكثر منر سنة لكن قداش من مرة ما كانش يطيع كلام ربي وزاد م كانش قلبه كيف ما يحب ربي وفما مرة بعث فربي صموئيل باش يقله,و كان شاول ملك على شعب ربي اكثر من اربعين سنة لكن قداش من مرة ما كانش يطيع كلام ربي و زادة مكانش قلبه كيف ما يحب ربي و فمة مرة بعث ربي صمويل باش يقلو,13.784000396728516,17_David3_Saul_Witch_OneStory_AEB_2,0.3888888888888889
labeled_linagora_cs_arabize,كيف ما انتي رفضت كلمة ربي راهو ربي زايدة رغفك وباش ينحيلك ملكك ويعطيه لغيرك,كيف ما انت رفضت كلمة ربي راه ربي زادة رفضك و باش ينحي لك ملكك و يعطيه لغيرك,7.184000015258789,17_David3_Saul_Witch_OneStory_AEB_3,0.5555555555555556
labeled_linagora_cs_arabize,قرا يازمان وجا يازمان كبر سموئيل فيالعمر ومات وشعب ربي كان باش يدخل في حرب مع جيش آخر عدو ليه وكان شاول خايف ومرعوب برشا من جيش العدو,برا يا زمان و ايج يا زمان كبر صمويل في العمر و مات و شعب ربي كان باش يدخل في حرب مع جيش آخر عدو ليه و كان شاول خايف و مرعوب برشا من جيش العدو,12.616000175476074,17_David3_Saul_Witch_OneStory_AEB_4,0.5
labeled_linagora_cs_arabize,أحب يطلب من ربي إش يعمل لكن ربي ما جاوبوش لا عن طريق الأحلام ولا عن طريق نبات,و حب يطلب من ربي آش يعمل لكن ربي ما جاوبوش لا عن طريق الاحلام ولا عن طريق نبي,6.607999801635742,17_David3_Saul_Witch_OneStory_AEB_5,0.2631578947368421
labeled_linagora_cs_arabize,وقتها طلب شي واللي هو حير فيأمره شنو يعمل أمر باش يلوجولو على عرافة نجم تستحظرلو روح باش يعاونو على ها الحيرة اللي هو فيها وقت اللي ربي ماعاونوش وما جاوبوش,وقتها طلب شاول و هو حايرفي امره شنوا يعمل آمر باش يلوجولو على عرافة تنجم تستحضرلو روح باش يعاونو على ها الحيرة الي هو فيها وقت الي ربي ما عاونوش و ما جاوبوش,13.960000038146973,17_David3_Saul_Witch_OneStory_AEB_6,0.42424242424242425
labeled_linagora_cs_arabize,وقت اللي لقاوله عرافة تنكر شاول ومشالها وكيف طلب منها باش تستحضر لو روح النبي صموئيل عملت كيف ماقالها بالضبط وبالوقت صاحت وتفجعت على خاطر عرفت اللي راجل اللي متنكر قدامها هو الشاول,وقت الي لقاولو عرافة تنكر شاول و مشالها و كيف طلب منها باش تستحضرلو روح النبي صمويل عملت كيف ما قالها بالظبت و بالوقت صاحت و تفجعت على خاطر عرفت الي الراجل الي متنكر قدامها هو شاول,14.631999969482422,17_David3_Saul_Witch_OneStory_AEB_7,0.5405405405405406
labeled_linagora_cs_arabize,الملك اللي طرت العرافين والسخرة لكل من البلاد,الملك الي طرد العرافة و السحارة الكل من البلاد,2.944000005722046,17_David3_Saul_Witch_OneStory_AEB_8,0.6666666666666666
labeled_linagora_cs_arabize,لكن شاول طمنها وقاللها عليك لمان قولي شكون شفت يخي العرافة عطت أوصاف صموئيل وقتها ركع شاول قدام النبي صموئيل وسجد قدام روحو وطلب منو باش يعاونو,لكن شاول طمنها و قالها عليك الامان قلي شكون شفت ياخي العرافة عطاتو اوصاف صمويل وقتها ركع شاول قدام النبي صمويل و سجد قدام روحه و طلب منو باش يعاونو,14.031999588012695,17_David3_Saul_Witch_OneStory_AEB_9,0.4666666666666667
labeled_linagora_cs_arabize,يخي جاوب النبي صموئيل انت عسيت ربي ومامشيتش بكلامو هذاك علاش ربي باش يعطي مملكتك لداود وجيشك باش يخسر الحرب انتي وأولادك باش تموتو الكل,ياخي جاوبه النبي صمويل انت عصيت ربي و ما مشيتش بكلامو هذاكة علاش ربي باش يعطي مملكتك لداود و جيشك باش يخسر الحرب انت و اولادك باش تموتو الكل,10.86400032043457,17_David3_Saul_Witch_OneStory_AEB_10,0.4482758620689655
labeled_linagora_cs_arabize,صار كيف ما قال صموئيل بالضبط جعب ربي خسر الحرب وتقتل شاول وأولاده,و صار كيف ما قال صمويل بالظبط شعب ربي خسر الحرب و تقتل شاول و اولادو,6.191999912261963,17_David3_Saul_Witch_OneStory_AEB_11,0.5
labeled_linagora_cs_arabize,أعضرين,افريل,0.9039999842643738,ar--1534_0.75.wav_1534_0.75_0,1.0
labeled_linagora_cs_arabize,ونضحكم,و نضحكوا,0.7360000014305115,amenyKH_tataouine__for_acoustic_analysis_Sync0000398_no_speaker_0001345.0000085_0001346.0000060_tataouine__for_acoustic_analysis_Sync398_no_speaker_1345.85_1346.60_0,1.0
labeled_linagora_cs_arabize,اليونان,اليونان,0.7440000176429749,ar--1954_1.wav_1954_1_0,0.0
labeled_linagora_cs_arabize,但و 没说说,توا نجمو نركشو,1.3359999656677246,ar--3593_1.25.wav_3593_1.25_0,1.0
labeled_linagora_cs_arabize,كف مقتلك فى الsت i sit and think,كيما قلتلكم فال سيتس اي سيت اند ثينك,3.1679999828338623,0000071_0000090_0000001_71_90_1_0,1.0
labeled_linagora_cs_arabize,و مي افاملي نذان روحت معني هالدار,ويذ ماي فاميلي اند ذان روحت معناها للدار,3.888000011444092,Melekher0000009_0000008_0000000_Melekher9_8_0_0,0.875
labeled_linagora_cs_arabize,ومعتها عاجبتني روحي لكن فما حاجات صغار,معناتها عجبتني روحي كان فمة حاجات صغار,2.2639999389648438,amenyKH_Hkayet_Tounsia_S0000001_Episode_0000004_0000019_0000012_0002016_Partie_0000002_Sync0000122_no_speaker_0000817.0000053_0000819.0000077_Hkayet_Tounsia_S01_Episode_04_19_12_2016_Partie_02_Sync122_no_speaker_817.53_819.77_0,0.5714285714285714
labeled_linagora_cs_arabize,مصروشو يمكن ومشي بشسيرو,ما صاروش ويمكن ما هم ش باش يصيروا,1.8639999628067017,amenyKH_Lanxiété_Sociale_HM_0000003_denoised_Sync0000032_no_speaker_0000126.0000002_0000127.0000088_Lanxiété_Sociale_HM_3_denoised_Sync032_no_speaker_126.02_127.88_0,1.0
labeled_linagora_cs_arabize,الزيت,الزيت,1.1039999723434448,ar--1667_0.75.wav_1667_0.75_0,0.0
labeled_linagora_cs_arabize,عسكري أانس لكن ما نعرفش يعني المشكلة كونه معناها كيفاش تونس تنجم مع الجزائر,عسكري انس لكن ما نعرف ش يعني المشكلة كونومعناها كيفاش تونس تنجم مع الجزاير,10.079999923706055,TunSwitchTO_0000048_0000001_0000002_0000003wz_48_01_02_3wz_0,0.42857142857142855
labeled_linagora_cs_arabize,جخط لتال متاع العباد على خاطر بالنسبة ليا نحب ديما نلوج على الدتاي متاع العباد كيفاش,يت فيلز قود سورتو لي ديتاي متاع العباد على خاطر بالنسبة ليا نحب ديما نلوج على لي ديتاي متاع العباد كيفاش,11.991999626159668,Melekher0000008_0000022_0000000_Melekher8_22_0_0,0.38095238095238093
labeled_linagora_cs_arabize,مدير عام البناءات والتجهيز عن وزارة التربية معنا اسي عبد الكريم بالتلفون مرحبعاكمرحب بك,تن مدير عام البناءات والتجهيز عن وزارة التربية معنا سي عبد الكريم شخ بالتليفون مرحبا يعيشك سيد مرحبا بيك سي عبد الكريم شخ,8.368000030517578,amenyKH_Partie0000005_chunk_0000020_Partie5_chunk_20_0,0.5652173913043478
labeled_linagora_cs_arabize,برشا عل لريحدرجريحة عندهم ريحه زعمه خايبه حاجات كيم ذيكا معناها مهيش حاجه جديده فم,برشا على ريحة على درا شنيا على ريحة عندهم ريحة زعما خايبة حاجات كيما هاذيكا معناها ما هي ش حاجة جديدة,8.407999992370605,0000051_0000149_0000000_51_149_0_0,0.8095238095238095
labeled_linagora_cs_arabize,马说业你奥有个红费用不这啊是,بعد شوي لقاو رواحهم في امبوتياج,2.1600000858306885,ar--3390_1.5.wav_3390_1.5_0,1.0
labeled_linagora_cs_arabize,ومبهبوا عليهم بالاكتشاف والمغامرة اللي عشناها في وسط الدموس,نبهبروا عليهم بالاكتشاف و المغامرة لي عشناها في وسط الداموس,3.3919999599456787,0000023_0000093_23_93_0,0.5
labeled_linagora_cs_arabize,илмумаrrын илмумажнe,الممرن الممرنة,2.568000078201294,ar--1586_0.75.wav_1586_0.75_0,1.0
labeled_linagora_cs_arabize,االسنيهة,السنيما,0.6480000019073486,ar--2232_1.5.wav_2232_1.5_0,1.0
labeled_linagora_cs_arabize,ونا حربوشة,ولا ناخذ حربوشة نلق روحي,1.8639999628067017,amenyKH_0000006_0000006_0002012_partie0000005_chunk_0000118_06_06_2012_partie5_chunk_118_0,0.8
labeled_linagora_cs_arabize,يدمه,يتمهمش,0.5680000185966492,ar--1997_1.5.wav_1997_1.5_0,1.0
labeled_linagora_cs_arabize,كل واحد كان يلزم يقول لها اللي بنين مرشا,كل واحد كان يلزم يقوللها الي بنين برشا,2.9519999027252197,ar--3623_1.25.wav_3623_1.25_0,0.5
labeled_linagora_cs_arabize,تنجم تعمر هذا المطلب,تنجم تعمر هاذا المطلب,1.3919999599456787,TunSwitchTO_0000074_0000015_0000002_e0000002q_74_15_02_e2q_0,0.25
labeled_linagora_cs_arabize,لتنا شنو اللي باش نعملو توا باش ناخذو شوية سمن باش ندوبو وناخذو معاه الزبدة ناخذ معاهمش,خلطناه شنوه الي باش نعملوا توه باش ناخذو شويه سمن باش نذوبوه وناخذو معاه الزبده و باش ناخذ معهم شويه,11.576000213623047,segment_0000010_segment_10_0,0.6
labeled_linagora_cs_arabize,شافت ليفته مكتوب عليها معطب,شافت لاقتة مكتوب عليها معطب,3.0959999561309814,ar--3460_1.wav_3460_1_0,0.2
labeled_linagora_cs_arabize,موسيعيشك,موسى يعيشك,1.1519999504089355,TunSwitchTO_0000040_0000023_0000052_nul_40_23_52_nul_0,1.0
labeled_linagora_cs_arabize,kas kau,الكسكروت,1.2640000581741333,ar--1397_0.75.wav_1397_0.75_0,2.0
labeled_linagora_cs_arabize,انا فهمت علاش هو يمكن على خاطر في الناس حطيتو اما ناكدلكم الي المره الجايه,انا فهمت علاش هو يمكن على خاطر في ناس حطتوا اما اناكدلكم الي المره الجايا,4.375999927520752,TunSwitchTO_0000006_0000019_0000058_0000045q_6_19_58_45q_0,0.26666666666666666
labeled_linagora_cs_arabize,الطبيب,الطبيب,0.8399999737739563,ar--2209_1.wav_2209_1_0,0.0
labeled_linagora_cs_arabize,اليجوسنتريزم نحو الايجويزم اللي ماعاش نحكيو احنا قبيلةا على دور لنتغاج أنه ساعات إنه ينجم الانتراج متاعك يزين لك حاجات ويظهر لك اللي انت احسن حاجة في العالم ونفك عليك واقعد والكل,الايقوسونتريسم نحولايقويسم نعرش نحكيو احنا قبيلة على دور الاونتروج انو سعات انولانتوراج متاعك يزينلك حاجات و يظهرلك الي انت احسن حاجة في العالم وف فك عليك و اقعد و كل,14.423999786376953,segment_0000199_segment_199_0,0.7666666666666667
labeled_linagora_cs_arabize,قداش تاكني الحشمة ونحس بالظل كي نمشي مع راجلي لذارحماتي تسألني,قداش تاكلني الحشمة و نحس بالذل كي نمشي مع راجلي لدار حماتي و تسالني,3.6559998989105225,0000022_0000048_22_48_0,0.5714285714285714
labeled_linagora_cs_arabize,قلا صغير فروم قلا صير,القلعة الصغيرة برمير,1.944000005722046,amenyKH_MIC0000001_mod_0000065_chunk_0000001_MIC00001_mod_65_chunk_1_0,1.6666666666666667
labeled_linagora_cs_arabize,اللي فيها فيتامين ا للوان هو للوان فيها سديوم ولذ لسيوم منزيدو عليه الملح فيالسلاطة,الي فيها فيتامين ا آه للالوان هذومة هوما الالوان فيها الصوديوم ولذا الصوديوم ما نزيدوش عليه الملح في السلاطة,10.928000450134277,amenyKH_0000011_chunk_0000056_011_chunk_56_0,0.6842105263157895
labeled_linagora_cs_arabize,دخلو يسفيش معنتها يوري يروحو الي هو فيدو سيقار نحكي راهو على وزير,يدخن و ال سافيش ومعناتها يوري روحو الي هو في يدو سيقارو نحكي راهو على وزير,5.056000232696533,amenyKH_0000006_0000006_0002012_partie0000006_chunk_0000197_06_06_2012_partie6_chunk_197_0,0.5625
labeled_linagora_cs_arabize,кнilрis,كارني دادراس,0.8080000281333923,ar--1995_1.5.wav_1995_1.5_0,1.0
labeled_linagora_cs_arabize,والانتداب مدين الجد,وانتداب مديرين جدد,1.74399995803833,amenyKH_Partie0000005_chunk_0000079_Partie5_chunk_79_0,1.0
labeled_linagora_cs_arabize,تمشي عليمين تلقى روحة المون بوتياج,كان تمشي على الليمين تلقى روحك في امبوتياج,2.680000066757202,ar--3274_1.25.wav_3274_1.25_0,0.75
labeled_linagora_cs_arabize,يخسالميع,لماعن يغسل,0.8479999899864197,ar--2435_1.5.wav_2435_1.5_0,1.0
labeled_linagora_cs_arabize,ettebaf kagha izy,الطبق الرئيسي,1.9839999675750732,ar--1496_0.75.wav_1496_0.75_0,1.5
labeled_linagora_cs_arabize,روحك أطو ناخذ تاكسي ونروح هو مشي وانا بقيت نمشي نحم في الحكاية,روحك اتو ناخو تاكسي ونروح هو مشى و انا بقيت نمشي نخمم في الحكاية,4.400000095367432,TunSwitchTO_0000079_0000000_0000008_b0000008_79_00_08_b08_0,0.42857142857142855
labeled_linagora_cs_arabize,وبيني وبين روحي كنت نفرح كيف الرا صحابي زهين وفرحانين,و بيني و بين روحي كنت نفرح كيف نرى صحابي زاهين و فرحانين,3.503999948501587,amenyKH_0000020_0000064_20_64_0,0.6153846153846154
labeled_linagora_cs_arabize,مش تعجب لعبد الكل  خلينا نقولو اللي تفرج فيه الكل را حاجة أغجيدة معناها و أ فلمو,فور مي اي بريفر معناها وريجينال خلينا نقولوا الي اتفرج فيه الكل يرى حاجة مي باش تعجب لعباد الكل,9.239999771118164,0000076_0000137_0000001_76_137_1_0,0.7894736842105263
labeled_linagora_cs_arabize,يرمظانفي النار ما يمشيه,لا في رمضان في النهار ما يمشيش,1.559999942779541,amenyKH_MIC0000001_mod_0000029_chunk_0000005_MIC00001_mod_29_chunk_5_0,0.8571428571428571
labeled_linagora_cs_arabize,الصud,الصوت,0.7839999794960022,ar--1551_1.wav_1551_1_0,1.0
labeled_linagora_cs_arabize,وأكيد برشا منكم يعرفو الموضوع هذا,و اكيد برشا منكم يعرفو الموضوع هاذا,1.9839999675750732,0000023_0000082_23_82_0,0.42857142857142855
labeled_linagora_cs_arabize,خطر م,يو هاف تو ووري خاطر ديما ان اور قروب اوف فريندز از وومن,5.383999824523926,0000073_0000043_0000000_73_43_0_0,1.0
labeled_linagora_cs_arabize,بالله قيد نمره بطاقة تعريفه,بآلله قيد نومرو بطاقة تعريفك,2.2160000801086426,TunSwitchTO_0000026_0000018_0000054_0000073c_26_18_54_73c_0,0.6
labeled_linagora_cs_arabize,التصور,التصور,0.7760000228881836,ar--2228_1.25.wav_2228_1.25_0,0.0
labeled_linagora_cs_arabize,المننت,المرايات,1.0880000591278076,ar--2053_0.75.wav_2053_0.75_0,1.0
labeled_linagora_cs_arabize,وبرشا عنده حوايج الدخان هذا,وبرشة عندو حوايج الدخان هاذا,2.2320001125335693,amenyKH_0000006_0000006_0002012_partie0000001_0000003_chunk_0000305_06_06_2012_partie1_3_chunk_305_0,0.6
labeled_linagora_cs_arabize,سكر على روحه في البenم,سكر على روحو في بيت ظلام,1.5199999809265137,0000019_0000100_19_100_0,0.5
labeled_linagora_cs_arabize,يعن يقولك مشكل عويس,يعني كيقول لك مشكلة عويصة يعني هو,1.7920000553131104,amenyKH_0000006_0000006_0002012_partie0000006_chunk_0000153_06_06_2012_partie6_chunk_153_0,1.0
labeled_linagora_cs_arabize,أحوال جديرة,احواز المدينة,0.8479999899864197,ar--1589_1.5.wav_1589_1.5_0,1.0
labeled_linagora_cs_arabize,بالسوم لالكبار عشرة أورو الصغار يخلصو كان شتر السوم,السوم للكبار عشرة اورو الصغار يخلصو كان شطر السوم,8.86400032043457,ar--3123_0.75.wav_3123_0.75_0,0.4444444444444444
labeled_linagora_cs_arabize,مرسا عليك السلامة,مرسي عليك بالسلامة,2.568000078201294,ar--3090_0.75.wav_3090_0.75_0,0.6666666666666666
labeled_linagora_cs_arabize,ويحب يكون برازان في الباز الدنيه هذايا,و يحب يكون بريزون فال باز دي دوني هاذيا,2.9679999351501465,0000049_0000187_0000001_49_187_1_0,0.8888888888888888
labeled_linagora_cs_arabize,أنا معرس أنا مانيش معرس,انا معرس انا منش معرس,4.0879998207092285,tn9525_0,0.6
labeled_linagora_cs_arabize,يدول حالات,يدور عل,0.7200000286102295,ar--1843_1.25.wav_1843_1.25_0,1.0
labeled_linagora_cs_arabize,شوية,شوية,0.656000018119812,ar--1681_1.wav_1681_1_0,0.0
labeled_linagora_cs_arabize,اليوم مسدعية عن عبدالله للعشاب,اليوم مستدعية عند عبد الله للعشاء,2.9679999351501465,ar--3207_1.25.wav_3207_1.25_0,0.8333333333333334
labeled_linagora_cs_arabize,اتفر هيد,التفرهيد,0.9919999837875366,ar--1550_1.wav_1550_1_0,2.0
labeled_linagora_cs_arabize,لا حاجس اناحاج مغرومة بيها دك و ر,و الا حاجة بيسك انا حاجة مغرومة بيها دونك بور افيتي,2.9600000381469727,0000053_0000148_0000002_53_148_2_0,0.8181818181818182
labeled_linagora_cs_arabize,نحب شخص يعاوني باش نشري حاجات م ان عندكم ممكن نشري حاجات من عندكم نحب نشري حاجات منن عندكم نحب نشري قديم منعرفش شلازم نعمل باش نشرى حاجا,نحب شخص يعاوني باش نشري حاجة من عندكم ممكن نشري حاجات من عندكم نحب نشري حاجة من عندكم نحب نشري قضية منعرفشا لازم نعمل باش نشري حاجات,14.015999794006348,segment_0000037_segment_37_0,0.37037037037037035
labeled_linagora_cs_arabize,يخرجوا يديروله يلوله يدارة انجاز ولا شء,يخرج دولارا و الا,2.2239999771118164,amenyKH_tataouine__for_acoustic_analysis_Sync0000081_no_speaker_0000641.0000033_0000643.0000059_tataouine__for_acoustic_analysis_Sync081_no_speaker_641.33_643.59_0,1.75
labeled_linagora_cs_arabize,تسكن في الأطيل لكبير زادة,تسكن في الوتيل لكبير زادة,5.823999881744385,ar--3040_0.75.wav_3040_0.75_0,0.2
labeled_linagora_cs_arabize,بغل مع الي قاعد يصير فالالكلاس كنت نقرا  تقدمو فياللاسدنا نقدمو فالدار فالسرت مش,ان بارالال معا الي قاعد يصير فال كلاس كنت نقرا انا نقدمو في الدار في السيريات,8.456000328063965,0000027_0000089_0000001_27_89_1_0,0.6875
labeled_linagora_cs_arabize,توا بعد ما عاودت عجنتها هكايا توا باش ناخد هكايا بالطريف العجينة ونتعبرها كما توا هكايا ونعملها مسطولة شوية كيما توا هكايا الكعبات الكل هكايا,توا بعد ما عودت عجنتها هكايا توا باش ناخذ هكايا بالطريف العجينه ونكعبرها كيما توا هكايا ونعملها مستطوله شويه كيما توه هكايا الكعيبات الكل هكايا,14.607999801635742,segment_0001015_segment_1015_0,0.36
labeled_linagora_cs_arabize,انو الحاجة هاذيك انك تقان روحك بعب تولي حاجة نورمال,انو الحاجة هاذيكا انك تقارن روحك بعبد تولي حاجة نورمال,3.871999979019165,amenyKH_Melekher0000009_0000035_0000001_Melekher9_35_1_0,0.3
labeled_linagora_cs_arabize,مازبية,ماذابي,0.6880000233650208,ar--1054_1.25.wav_1054_1.25_0,1.0
labeled_linagora_cs_arabize,الليس,الليسته,1.1039999723434448,ar--1677_0.75.wav_1677_0.75_0,1.0
labeled_linagora_cs_arabize,سف الرمل باسف,سفي الرمل بالسف,1.2400000095367432,0000022_0000159_22_159_0,0.6666666666666666
labeled_linagora_cs_arabize,ودفنوهم فرد,و دغنوهم فرد بقعة,0.7839999794960022,0000019_0000092_19_92_0,0.75
labeled_linagora_cs_arabize,فطور الصباح موجود من السبعة ونص حتى للعشرة,فطور الصباح موجود من السبعة و نصف حتى للعشرة,8.800000190734863,ar--3031_0.75.wav_3031_0.75_0,0.2222222222222222
labeled_linagora_cs_arabize,نشطح ونغني متعط صرتين والشيخ ما الشيخ  تعرفو حاجه لعشيه حاليت متفر,نشطح ونغني نموت على التسلطين و الشيخة اما الشيحة طارتلي تعرفوا حاجة العشية حليت نتفرج,6.176000118255615,TunSwitchTO_0000083_0000009_0000023_z0000037_83_09_23_z37_0,0.8666666666666667
labeled_linagora_cs_arabize,نمراتلفون,نومرو التلفون,1.0959999561309814,ar--1994_1.25.wav_1994_1.25_0,1.0
labeled_linagora_cs_arabize,اما سعر الأهرب,اما السارق هرب,0.9679999947547913,ar--3368_1.25.wav_3368_1.25_0,0.6666666666666666
labeled_linagora_cs_arabize,أ شد لن   كان تحبو على حاجة د كان ما تحبو عل حاجة    الكلام هذيا,اي ثينك الي يتس امبورطان كان تحبوا على حاجة سيريوس كان ما تحبوش على حاجة سيريوس يتس نوت فور يو الكلام هاذيا مي كان,9.663999557495117,Melekher0000008_0000074_0000001_Melekher8_74_1_0,0.7083333333333334
labeled_linagora_cs_arabize,يهز ويحدمع,يهز واحد معاه,1.0479999780654907,ar--2028_1.25.wav_2028_1.25_0,0.6666666666666666
labeled_linagora_cs_arabize,ففالنفق,ايه ايه في النفقة,1.5679999589920044,amenyKH_0000008_chunk_0000050_008_chunk_50_0,1.0
labeled_linagora_cs_arabize,ماذا بي عدي سير,مذابية على الديسار,1.3519999980926514,ar--3149_1.wav_3149_1_0,1.3333333333333333
labeled_linagora_cs_arabize,سابي,يسربي,0.6000000238418579,ar--1520_1.25.wav_1520_1.25_0,1.0
labeled_linagora_cs_arabize,sboo seko,صبع الساق,1.1039999723434448,ar--2188_1.wav_2188_1_0,1.0
labeled_linagora_cs_arabize,makla,مقلا,1.0240000486373901,makla_31606_0,1.0
labeled_linagora_cs_arabize,القضية هذ مش بالعان لكن اناقول ب ينجم يكون انسان يعرف عطي انسان كان يعرف بل عمير ح لنه سبحان الله معرف يف يرج المعلوم ار ا فضح فالمواقع كما  ينج يكون سبان الله,القضيه هاذي مش بالعاني لكن انا نقول باللي هو ينجم يكون انسان يعرف عطيه انسان كان يعرف باللي عميره بحدا لكنه سبحان الله ما عرف ش كيفاش يخرج المعلومه يا اخي خرج هكك وفضحه في المواقع كيما راو ينجم يكون سبحان الله,13.97599983215332,segment_0000565_segment_565_0,0.6904761904761905
labeled_linagora_cs_arabize,-ا هذايا متاع كفاش نخدم الكل باش يتعاود حتى فالبريباتنحكيو فيه وف ال جو ن س ا-لجول,فال ستايل هاذايا متاع كيفاش نخدم و كل باش يتعاود حتى فال بريبا توا نحكيوا فيه و فال كونكور,7.552000045776367,0000027_0000106_0000001_27_106_1_0,0.7368421052631579
labeled_linagora_cs_arabize,الحاجة اللي ه صارتلي نا تو,الحاجة الي هيا صارتلي انا توا مثلا,2.0,amenyKH_Hkayet_Tounsia_S0000001_Episode_0000004_0000019_0000012_0002016_Partie_0000002_Sync0000034_no_speaker_0000506.0000083_0000508.0000083_Hkayet_Tounsia_S01_Episode_04_19_12_2016_Partie_02_Sync034_no_speaker_506.83_508.83_0,0.7142857142857143
labeled_linagora_cs_arabize,一لا,يعلق,0.6240000128746033,ar--1446_1.25.wav_1446_1.25_0,1.0
labeled_linagora_cs_arabize,نشيت من طوكيو,جيت من طوكيو,0.8799999952316284,TunSwitchTO_0000009_0000013_0000033_0000058o_9_13_33_58o_0,0.3333333333333333
labeled_linagora_cs_arabize,هك شو كفا نعمل نمش هك ساء بعد نرجع مي نبعد نرجعو سء,فوالا دونك هكة شوف كيفاش نعمل نمشيو هكة ايسار من بعد نرجعو ايمين بعد نرجعو ايسار,10.807999610900879,segment_0000019_segment_19_0,0.8125
labeled_linagora_cs_arabize,أكتر حاجة تعلمتها اني أ  رش جير باش نجم نتعدى بيها لمار صعب خطى القرايا اللي كنت نقرا فيها كانت قرايا,اكثر حاجة تعلمتها اني اي باي هاد سو ماتش باسيونس باش انجم نتعدا بيها لي بيريود الصعاب خاطر القراية لي كنت نقرا فيها كانت قراية,12.031999588012695,0000073_0000121_0000000_73_121_0_0,0.64
labeled_linagora_cs_arabize,كتبت قلت نهار ليولي فيسبوك بالفلوس ولا تتقص الكونسيو,كتبت قلت نهارت الي يولي فيسبوك بالفلوس و الا تتقص ال كونيكسيون,3.5360000133514404,0000038_0000075_0000000_38_75_0_0,0.5833333333333334
labeled_linagora_cs_arabize,ديرو لداد  ذا لك حتى كي باش اسمعو تو الكلام اللي قاعدا نحكي فيه,ذاي دونت ايفن نو ذيس لايك حتى كان باش يسمعوا توا الكلام لي قاعدة نحكي فيه,4.544000148773193,0000074_0000065_0000002_74_65_2_0,0.6875
labeled_linagora_cs_arabize,ساهل هجةم,ساهل برشا,1.4160000085830688,ar--3086_1.5.wav_3086_1.5_0,0.5
labeled_linagora_cs_arabize,لكن لاحظنا حاجة,لكن لاحظنا حاجة,1.2879999876022339,0000011_0000041_11_41_0,0.0
labeled_linagora_cs_arabize,ن س سش للي نحب نقعد حيتكيمنا نعمل فيه,ان اوبسيسيون يتس سامثينق الي نحب نقعد حياتي كاملة نعمل فيه,4.415999889373779,0000071_0000062_0000003_71_62_3_0,0.6363636363636364
labeled_linagora_cs_arabize,choklata,شكلاطه,1.2640000581741333,cheklata_31124_0,1.0
labeled_linagora_cs_arabize,semtɛawd,تنجم تعاود,1.4079999923706055,TunSwitchTO_0000182_0000001_0000051_g0000002y_182_01_51_g2y_0,1.0
labeled_linagora_cs_arabize,مهيش ظاهره برشا,ما ها ش ظاهرة برشا,1.0240000486373901,amenyKH_Hkayet_Tounsia_S0000001_Episode_0000004_0000019_0000012_0002016_Partie_0000002_Sync0000088_no_speaker_0000681.0000058_0000682.0000060_Hkayet_Tounsia_S01_Episode_04_19_12_2016_Partie_02_Sync088_no_speaker_681.58_682.60_0,0.8
labeled_linagora_cs_arabize,وتم الاتصال بالسيد الوالي جاهة,وتم الاتصال بالسيد والي الجهة,1.8559999465942383,amenyKH_partie0000004_chunk_0000084_partie4_chunk_84_0,0.4
labeled_linagora_cs_arabize,كانتيصدمت عمري الحقة نتاع ربل جا م,كانتلي صدمت عمري الحق متاع ربي جي ماتوند با,3.871999979019165,0000070_0000147_0000003_70_147_3_0,0.8888888888888888
labeled_linagora_cs_arabize,السويvر هي شركة نس توفر لوجيسييل dو جeستيون,سويفر هيا شركة تونسية مية في المية توفر لوجيسيال دي جيستيون,3.5759999752044678,0000001_0000012_1_12_0,0.8181818181818182
labeled_linagora_cs_arabize,يوري,يوري,0.9520000219345093,ar--1445_0.75.wav_1445_0.75_0,0.0
labeled_linagora_cs_arabize,that's a trick okay that's a trick that i used and it helped me malol,ذاتس ا تريك اوكي ذاتس ا تريك ذات اي يوزد اند يت هلبد مي من اللول,4.28000020980835,0000071_0000116_0000002_71_116_2_0,1.0
labeled_linagora_cs_arabize,rasem,رسم,1.0,rassm_19690_0,1.0
labeled_linagora_cs_arabize,قليتني عند بخوف نتاع مات انا باك مات,قريت عند بروف متاع ماث انا باك ماث,3.1600000858306885,0000070_0000060_0000001_70_60_1_0,0.625
labeled_linagora_cs_arabize,ilwiج,الوجه,0.6000000238418579,ar--2163_1.25.wav_2163_1.25_0,1.0
labeled_linagora_cs_arabize,myčet niš,ما تشدنيش,1.5839999914169312,TunSwitchTO_0000062_0000019_0000039_0000005st_62_19_39_5st_0,1.0
labeled_linagora_cs_arabize,تصور كان لواحد يشوف هدوما ينجم يفهم برشا حاجات على الفيمينيزم,تصور كان واحد يشوف هذوما ينجم يفهم برشا حاجات على ال فيمينيزم و,4.800000190734863,0000052_0000149_0000000_52_149_0_0,0.38461538461538464
labeled_linagora_cs_arabize,الحرب,الحرف,0.6000000238418579,ar--2142_1.25.wav_2142_1.25_0,1.0
labeled_linagora_cs_arabize,ان للبوني  حاولت ا نحط جول,حياتي انا ال بيرسونيل معناها حاولت اني نحط قولز,3.191999912261963,Melekher0000010_0000167_0000000_Melekher10_167_0_0,0.7777777777777778
labeled_linagora_cs_arabize,في الوسط,في الوسط,0.7599999904632568,ar--2304_1.wav_2304_1_0,0.0
labeled_linagora_cs_arabize,لصف,الصيف,0.5199999809265137,ar--1571_1.5.wav_1571_1.5_0,1.0
labeled_linagora_cs_arabize,من جلة التمسال,من جلد التمساح,0.8240000009536743,TunSwitchTO_0000014_0000010_0000039_w0000007k_14_10_39_w7k_0,0.6666666666666666
labeled_linagora_cs_arabize,لنايمذون معناها اليوم معناها و نقول رط باو خمو في رواحكم,اون ا انورمون معناها اليوم معناها و نقول جوست ابداوا خمموا فرواحكم,7.368000030517578,0000049_0000184_0000000_49_184_0_0,0.6666666666666666
labeled_linagora_cs_arabize,معدش نعرف فيالكالا,معادش نعرف الكاله,1.6200000047683716,_TBVnfDNUcI_0,0.6666666666666666
labeled_linagora_cs_arabize,سمي الوردة ولدي الخلا,سامي الورده ولد الخاله,2.5399999618530273,_TBVnfDNUcI_1,1.0
labeled_linagora_cs_arabize,لغالي جامي كان نسيتو,الغالي جامي كان نسيتو,1.7999999523162842,_TBVnfDNUcI_2,0.25
labeled_linagora_cs_arabize,وعطيك نذكر اسمك في غنيات ديفولا,وعدتك نذكر اسمك في غاناياتي فوالا,2.700000047683716,_TBVnfDNUcI_3,0.5
labeled_linagora_cs_arabize,منلي جي تحطوني ف باري,ماللي جيت حطوني في باري,1.600000023841858,_TBVnfDNUcI_4,0.8
labeled_linagora_cs_arabize,اما اصعيب أخوي الرب في أصغاري,اما صعيب آخويا نربي فيها صغاري,2.5799999237060547,_TBVnfDNUcI_5,0.8333333333333334
labeled_linagora_cs_arabize,في بلادي خويا ضاق بية,في بلادي خويا ضاقت بيا,1.7000000476837158,_TBVnfDNUcI_6,0.4
labeled_linagora_cs_arabize,وحصاب تغني بالرقاري,و اعصابي تغني بوروقاري,2.059999942779541,_TBVnfDNUcI_7,0.75
labeled_linagora_cs_arabize,نقوللك دفاش نجيب مالي,نقولك كيفاش نجيب مالي,1.9600000381469727,_TBVnfDNUcI_8,0.5
labeled_linagora_cs_arabize,برس مخلوقة للزوالة,باريس مخلوقه لي الزوالي,2.4198999404907227,_TBVnfDNUcI_9,1.0
labeled_linagora_cs_arabize,لينسم عندوالي,لاي انسان ماعندو والي,2.119999885559082,_TBVnfDNUcI_10,1.0
labeled_linagora_cs_arabize,للي ما يوخر عالتاني,لي الي ما يوخرها التالي,1.899999976158142,_TBVnfDNUcI_11,0.8
labeled_linagora_cs_arabize,كاريبا ياسيبيتينورو فيقي مشيخويريكلفي يمورو,كاري بياس ب ميتين اورو رفيقي ماشي خويا يريقل في امورو,3.9000000953674316,_TBVnfDNUcI_12,1.0
labeled_linagora_cs_arabize,ترق الحرقة صعبة ورانجت مزيرو,طريق الحرقه صعيبة و راني جيت من الزيرو,2.140000104904175,_TBVnfDNUcI_13,1.0
labeled_linagora_cs_arabize,قول لش باش نديرو ربي عطي خيره,قول آش باش نديرو ربي عاطي خيرو,2.700000047683716,_TBVnfDNUcI_14,0.42857142857142855
labeled_linagora_cs_arabize,الحكاية بدتلي في ميلانو جاني الغالي حتى اتعتي بينحضانو,لحكايه بداتلي في ميلانو جاني الغالي حط التاتي بين احضانو,3.680000066757202,_TBVnfDNUcI_15,0.6
labeled_linagora_cs_arabize,دهمعطاحتو سلد في الكابتشينو في نهار يجيت,الدمعه طاحت و سالت في الكابوتشينو في نهاري جيت,3.0,_TBVnfDNUcI_16,0.7777777777777778
labeled_linagora_cs_arabize,ودعا يا ميلانو,وداعا يا ميلانو,1.9199999570846558,_TBVnfDNUcI_17,0.3333333333333333
labeled_linagora_cs_arabize,يلا جاري سيرو ديماري,يلا جاري سير و ديماري,2.5799999237060547,_TBVnfDNUcI_18,0.4
labeled_linagora_cs_arabize,مايعرفش الغربة اللي مسميها لعب ذراريت,ما يعرفش الغربة الي مسميها لعب ذراري,3.0799999237060547,_TBVnfDNUcI_19,0.5714285714285714
labeled_linagora_cs_arabize,كذكن سي مارجتاهي,نكذب و ناسي ما ني ش لاهي,2.0,_TBVnfDNUcI_20,1.0
labeled_linagora_cs_arabize,شفسحبي فيارسيباس,نشوف صاحبي بال ريسبيس,1.4199999570846558,_TBVnfDNUcI_21,1.0
labeled_linagora_cs_arabize,يستنى فوراق العمبيا زاهي,يستنى في اوراق العام بيها زاهي,3.3399999141693115,_TBVnfDNUcI_22,0.6666666666666666
labeled_linagora_cs_arabize,ترسي خليترسي,وين ترصي خلي ترصي,1.559999942779541,_TBVnfDNUcI_23,1.0
labeled_linagora_cs_arabize,فترينو ما عنديش خروبة,في ترينو ما عنديش خروبه,2.0799999237060547,_TBVnfDNUcI_24,0.6
labeled_linagora_cs_arabize,تسكي في باري خويا بورق المضروبة,مريسكي في باري خويا باوراقي المضروبة,2.559999942779541,_TBVnfDNUcI_25,0.3333333333333333
labeled_linagora_cs_arabize,نحب ندكلاري ياصعوبة,نحب ندكلاري يا صحوبا,1.5399999618530273,_TBVnfDNUcI_26,0.5
labeled_linagora_cs_arabize,وليكلالي عرقي لسمح ولا توبة,و الي كلالي عرقي لا سماح و لا توبه,2.740000009536743,_TBVnfDNUcI_27,0.8888888888888888
labeled_linagora_cs_arabize,راجل ما تسمعني هنا,راجل ما تسمعني اهانة,1.600000023841858,_TBVnfDNUcI_28,0.25
labeled_linagora_cs_arabize,رباني شاي مر ديال الخوانة,رباني الشايب ما نراتيها للخوانه,2.119999885559082,_TBVnfDNUcI_29,0.8
labeled_linagora_cs_arabize,نخدم بقلب عمرك انخلمانا وضحو سريح تنا ربيراهورانا,نخدم بقلبي و عمري كان نخون الامانة واضح و صريح و تهنى ربي راهو يرانا,4.5,_TBVnfDNUcI_30,0.9333333333333333
labeled_linagora_cs_arabize,ولد الحومة يقون انسانا,ولد الحومه يقول نسانا,1.9200999736785889,_TBVnfDNUcI_31,0.75
labeled_linagora_cs_arabize,خليني ساكت وما نحكيلك اخطعنا,خليني ساكت و ما نحكي لك اخطانا,2.259999990463257,_TBVnfDNUcI_32,0.7142857142857143
labeled_linagora_cs_arabize,خلي اللي في قلب جي قنار تشوفو نمرض كالريح سيمانة,خلي الي في قلبي يجيك نهار تشوفو نمرض كي نريح سيمان,4.179999828338623,_TBVnfDNUcI_33,0.6363636363636364
labeled_linagora_cs_arabize,جيت البيني نحب نكون فيها مالي,جيت لباري بغيت نكون فيها مالي,1.9199999570846558,_TBVnfDNUcI_34,0.3333333333333333
labeled_linagora_cs_arabize,لسعيب اخويا لكن ما بع مال,بلي صعيب آخويا لكن ما ضاعت آمالي,1.9199999570846558,_TBVnfDNUcI_35,0.7142857142857143
labeled_linagora_cs_arabize,شواطن ماتبغيش نروح لمي ما بحلالي,شواطن ما تبغيش نروح لميمة بحلالي,2.640000104904175,_TBVnfDNUcI_36,0.6666666666666666
labeled_linagora_cs_arabize,طرتني من داره,واحد طردني من دارو,1.440000057220459,_TBVnfDNUcI_37,0.75
labeled_linagora_cs_arabize,وحد باللحرام يجيب في قود صغارو,واحد بالحرام يجيب في قوت صغارو,1.9800000190734863,_TBVnfDNUcI_38,0.5
labeled_linagora_cs_arabize,وحد مطيش بنعمي ورالي بارو,واحد مطيش بن عمي وراء لي بارو,2.940000057220459,_TBVnfDNUcI_39,0.7142857142857143
labeled_linagora_cs_arabize,واحد ما نحكي خنارو,واحد ما نحكي خنارو,1.2999999523162842,_TBVnfDNUcI_40,0.0
labeled_linagora_cs_arabize,وحد يعاون فولاد الحوب المالي,واحد يعاون في اولاد الحو بال موني,1.940000057220459,_TBVnfDNUcI_41,0.8571428571428571
labeled_linagora_cs_arabize,وحظ عرسوم الزتلة ي وخياني,واحد ضاع راسو من الزطلة يا وخياني,2.259999990463257,_TBVnfDNUcI_42,0.8571428571428571
labeled_linagora_cs_arabize,وحد القوري يا بلت عيناني,واحد القورية هبلاتو عيناني,2.940000057220459,_TBVnfDNUcI_43,1.0
labeled_linagora_cs_arabize,متنجما كنشراني,ما تنجمها كان شراني,1.659999966621399,_TBVnfDNUcI_44,1.0
labeled_linagora_cs_arabize,باري ولد الحوم صنعة كانت جيني خذها مني رحب,باري ولد الحومه صنعه كان تجيني خوذها مني راحت بال,4.039999961853027,_TBVnfDNUcI_45,0.7
labeled_linagora_cs_arabize,بساد اخويا نطلب مربيا ديني وغدو ي بد للحال,فساد آخويا نطلب من ربي يهديني و غدوا يتبدل الحال,4.420000076293945,_TBVnfDNUcI_46,0.9
labeled_linagora_cs_arabize,طري فيها النسخ وأنوع أشكال,باري خويا فيها الناس انواع اشكال,3.0999999046325684,_TBVnfDNUcI_47,0.8333333333333334
labeled_linagora_cs_arabize,سنسحبديمالفوق,طقس مسحب ديما الفوق,1.5199999809265137,_TBVnfDNUcI_48,1.0
labeled_linagora_cs_arabize,د ربي سهل فورق يا خال,غدوا ربي يسهل فاوراقي يا خال,2.759999990463257,_TBVnfDNUcI_49,0.5
labeled_linagora_cs_arabize,ومتحول لخلوق,زاهي و متحول الخلوق,2.0,_TBVnfDNUcI_50,1.0
labeled_linagora_cs_arabize,زي حتى نعرفو زبدة والسمن كييتحطو وحدهم  ندوجوهم يقعدو برة يتحركو  شو ه    لاز يكون زبدة كيف يف زي زيتونة ع زي,زيت خاتر نعرفوا الزبده و السمن كي يتحطوا وحدهم باش نذوبوهم ويقعدوا برشا يتحرقوا جيست بالشويه هكة فوالا دونك مش لازم يكون زاده كيف كيف زيت زيتونه نعرفوا زيت زيتونه,14.184000015258789,segment_0000011_segment_11_0,0.9
labeled_linagora_cs_arabize,حس الشعب مزال مش فاهم لي البلاستيك في حد ذاتو مشكل,تحس الشعب مازال مش فاهم الي بلاستيك في حد ذاتو مشكل,4.0320000648498535,0000049_0000013_0000001_49_13_1_0,0.36363636363636365
labeled_linagora_cs_arabize,ك مي الحق نتاع ربي اول نهار ادقدقنا,دونك يت واز ايزيير فور مي الحق متاع ربي اول نهار تدقدقنا,7.064000129699707,0000073_0000018_0000000_73_18_0_0,0.5833333333333334
labeled_linagora_cs_arabize,但什么,توا ا نجيب تصاوري متاع الصلاعة باش نوريهم لك,1.559999942779541,ar--3257_1.5.wav_3257_1.5_0,1.0
labeled_linagora_cs_arabize,اي كملتك هيك عني بون م وصلت للبريو رفيزون كاين ممريقلح,ايه كمت اكاكا ايه بون ما وصلت لل بيريود دي ريفزيون كان ما مريقل لحقيقى,3.4079999923706055,0000027_0000221_0000000_27_221_0_0,0.8666666666666667
labeled_linagora_cs_arabize,من أحسن الناس بعد انتخابات هذوكم باش يوليو دتهو اسمه تأسيسي الثقة في الأسس التشريعية اللي باش نبنيو بها البلاد مش إنه بش يحكة أخرى,من احسن الناس آه بعد الانتخابات هذوكم باش يوليو لك دكتاتورية يا سيد الكريم مرة مرة اخرى,8.576000213623047,amenyKH_0000002_chunk_0000152_002_chunk_152_0,1.1764705882352942
labeled_linagora_cs_arabize,يري,يرمي,0.5199999809265137,ar--1845_1.25.wav_1845_1.25_0,1.0
labeled_linagora_cs_arabize,وتكون موجودة وحاضرة بحذانا اليلة في برنامج عندي منقل,او تكون موجودة و حاضرة بحذانا الليلة في برنامج عندي ما نقول لك,3.7279999256134033,amenyKH_0000008_chunk_0000373_008_chunk_373_0,0.6153846153846154
labeled_linagora_cs_arabize,كيفاش تمشيو في ال كيفاش الترانسبور بوبليك كيفاش لكرا,كيفاش تمشيوا كيفاش ترانسبور بوبليك كيفاش الكرا,3.5759999752044678,0000028_0000142_0000001_28_142_1_0,0.7142857142857143
labeled_linagora_cs_arabize,لبخبة,لبارتومون,0.656000018119812,ar--1719_1.5.wav_1719_1.5_0,1.0
labeled_linagora_cs_arabize,عشنو تحب تتفلش,علاشنو تحب تتفرج,1.1440000534057617,ar--3595_1.5.wav_3595_1.5_0,0.6666666666666666
labeled_linagora_cs_arabize,من فضلك,من فضلك,0.8320000171661377,1053_0,0.0
labeled_linagora_cs_arabize,تلقى عيلتك لاهين بيه مكش مستانس إنك فانكار كور فينكاتر لاهي بروحكوحك,تلقى عايلتك لاهين بيه ماكش مستانس انك فان كاتر سور فان كاتر لاهي بروحك وحدك,5.679999828338623,0000028_0000205_0000001_28_205_1_0,0.6666666666666666
labeled_linagora_cs_arabize,يحدد,يجدد,0.7279999852180481,ar--2440_1.wav_2440_1_0,1.0
labeled_linagora_cs_arabize,تاعها فالآخر نحب نقول ض   صك,لي ايكسبرينسس متاعها سو ذطس ات في اللخر نحب نقول بي يورسلفيس بي اه غوود بيرسون,12.031999588012695,amenyKH_0000662_0000136_0000000_662_136_0_0,0.875
labeled_linagora_cs_arabize,حجة هديك أوليلا كا جد,الحاجة هاذيكا اول ليلة يت واز قود اند,3.2239999771118164,0000073_0000021_0000000_73_21_0_0,1.0
labeled_linagora_cs_arabize,أهم الفلوس اللي ستيلو الحبار ورقة بو مية دولار,اهم الفلوس لستيلو الحبار ورقة بو مية دولار,5.760000228881836,TunSwitchTO_0000034_0000000_0000057_0000006y0000006_34_00_57_6y6_0,0.375
labeled_linagora_cs_arabize,يحبو معناها   بالحكايات متاعك باش ميخموش فحيتهم,يحبوا معناها ذاي وانا قيت دستراكتد بالحكايات متاعك باش ما يخمموش في حياتهم هوما,6.464000225067139,Melekher0000010_0000264_0000000_Melekher10_264_0_0,0.7142857142857143
labeled_linagora_cs_arabize,وش مستحيلك نعم ين,ما هوا ش مستحيل الاقلاع عن التدخين,1.7680000066757202,amenyKH_0000006_0000006_0002012_partie0000001_0000002_chunk_0000013_06_06_2012_partie1_2_chunk_13_0,1.0
labeled_linagora_cs_arabize,يكري كرهبة,يكري كرهبة,1.0640000104904175,ar--2389_1.wav_2389_1_0,0.0
labeled_linagora_cs_arabize,علواحد صار صار,على واحد ثرثار,1.3229999542236328,youtube_cKArGlGi9u0_0,1.0
labeled_linagora_cs_arabize,لا سلان ل ر,ولا بن سلم لا سلطان لا رعيه ما يكبر في,5.166999816894531,youtube_cKArGlGi9u0_1,0.9
labeled_linagora_cs_arabize,حد,عينه حد,0.5609999895095825,youtube_cKArGlGi9u0_2,0.5
labeled_linagora_cs_arabize,كلهم بالنسبة ليه الشكارة والبحر,كلهم بالنسبه له الشكاره و البحر,2.322999954223633,youtube_cKArGlGi9u0_3,0.8333333333333334
labeled_linagora_cs_arabize,سلان ل,هذاكة السلطان قل له السلطان يقول لك هذاكة,4.307000160217285,youtube_cKArGlGi9u0_4,1.0
labeled_linagora_cs_arabize,جي سلطان,يجي سلطان,0.8429999947547913,youtube_cKArGlGi9u0_5,0.5
labeled_linagora_cs_arabize,سوق الفلقة والا يسني كجمل لصفصاف,في سوق الفلقه ولا يسني كجمال للصفصاف,3.6449999809265137,youtube_cKArGlGi9u0_6,0.7142857142857143
labeled_linagora_cs_arabize,معندهم كان انوفيق والتلوبيق والترونيق,ما عندهم كانت نفيق وتلوبيق والترونيق لا,4.226099967956543,youtube_cKArGlGi9u0_7,0.8571428571428571
labeled_linagora_cs_arabize,ل لا يملو لا يعلوا لا يبلوا لا يذلوا,كله ليملوا لا يعلو لا يبلو ولا يذلوا,3.505000114440918,youtube_cKArGlGi9u0_8,0.75
labeled_linagora_cs_arabize,يقولو شرفة يقولك هما ولاو باش نسميهم,تقول له شرفه يقول لك هما ولاو باش نسميهم,3.806999921798706,youtube_cKArGlGi9u0_9,0.5555555555555556
labeled_linagora_cs_arabize,الحاصل يتكي فيهم على بعضهم,الحاصل يتكي فيهم على بعضهم الرئيس,4.165999889373779,youtube_cKArGlGi9u0_11,0.16666666666666666
labeled_linagora_cs_arabize,لجايد ال والي,والقائد الوالي,2.1630001068115234,youtube_cKArGlGi9u0_12,1.5
labeled_linagora_cs_arabize,السباييس المفتي والقاضي وكيما قالش,والسباييز المفتي و القاضي وكيما قال,5.567999839782715,youtube_cKArGlGi9u0_13,0.6666666666666666
labeled_linagora_cs_arabize,,الشاعر الشيخ,1.7230000495910645,youtube_cKArGlGi9u0_14,1.0
labeled_linagora_cs_arabize,ن,السيد الثرثار المجلخ ممنع منه حد حتى,5.126999855041504,youtube_cKArGlGi9u0_15,1.0
labeled_linagora_cs_arabize,لم,الرعيه مفلتهاش ما سلموش منه لا مرته لا,4.806000232696533,youtube_cKArGlGi9u0_16,1.0
labeled_linagora_cs_arabize,غارو لاعايلته لا أهله لسحابه,صغار ولا عيلته لا اهل لاصحابه,3.6050000190734863,youtube_cKArGlGi9u0_17,0.8333333333333334
labeled_linagora_cs_arabize,وكان مثلا جبدوله على راجل يقول ألف وعودو ه,وكان مثلا جبدولو على راجل يقول الف واعوذ,4.946000099182129,youtube_cKArGlGi9u0_18,0.5
labeled_linagora_cs_arabize,همنو كان مرأء يبدأ يعدد عاد في,بالله منه كان امراه يبدا يعدد عاد في يا,5.986999988555908,youtube_cKArGlGi9u0_19,0.5555555555555556
labeled_linagora_cs_arabize,رة يا غرة يا خليلة التدبير يا نكر خير,عره يا غره يا قليله التدبير يا نكره خير,5.26800012588501,youtube_cKArGlGi9u0_20,0.4444444444444444
labeled_linagora_cs_arabize,وجه لبير,يا وجه البعير,0.781000018119812,youtube_cKArGlGi9u0_21,0.6666666666666666
labeled_linagora_cs_arabize,حطو على ترتوش لسانو,يحطوا على طرطوش لسانه معه,2.5840001106262207,youtube_cKArGlGi9u0_22,0.8
labeled_linagora_cs_arabize,فيها باس ياخي في هذا الكل ربي مخ,ما فيها باس يا اخي في هاذا الكل ربي ما,4.126999855041504,youtube_cKArGlGi9u0_23,0.5
labeled_linagora_cs_arabize,كان الناس الفالسو,خلقت كان الناس الفارسو,1.4420000314712524,youtube_cKArGlGi9u0_24,0.5
labeled_linagora_cs_arabize,ا لقد ما عمو معاه ونافع ربي,الحاصل قد ما عملوا معاه والنافع ربي وما,4.366000175476074,youtube_cKArGlGi9u0_25,0.625
labeled_linagora_cs_arabize,الناس يقولو لعربي عربي لي شيخ,هم الناس يقولوا العربي عربي لا شيخ لا,3.946000099182129,youtube_cKArGlGi9u0_26,0.625
labeled_linagora_cs_arabize,,يربي قطايه هيك المجلغ ابقى على نفس الحال,4.783999919891357,youtube_cKArGlGi9u0_27,1.0
labeled_linagora_cs_arabize,عد كماهو لا برج لا عرج باقي لسان جارع,اقعد كما هو لا برج العرش باقي لسانه جارح,5.447000026702881,youtube_cKArGlGi9u0_28,0.7777777777777778
labeled_linagora_cs_arabize,والي يعرفوه الكل ستانسو به,وموذي و الي يعرفوه الكل سانسوبيه عاملين,4.8470001220703125,youtube_cKArGlGi9u0_29,0.7142857142857143
labeled_linagora_cs_arabize,م يقول المثل,كيما يقولوا المثل اسمع,2.263000011444092,youtube_cKArGlGi9u0_30,0.75
labeled_linagora_cs_arabize,عليها ميعباوش بيه يخليه وهيقول اللي يحب,معناها ما يعباوش بيه يخليه يقول الي يحب,3.191999912261963,youtube_cKArGlGi9u0_31,0.625
labeled_linagora_cs_arabize,تار المجلل الخبر متاعه فاح وصل,الثرثار المجلغ الخبر نتاعو فيه وصل,3.865999937057495,youtube_cKArGlGi9u0_32,0.6666666666666666
labeled_linagora_cs_arabize,رايا ك,للصرايه وهكذا,1.503000020980835,youtube_cKArGlGi9u0_33,1.0
labeled_linagora_cs_arabize,اج وماج وعجعج العجعاج وقال شكونو هلي لاخل,هاجو ماجو عجعج العجعج وقال شكون الليله,5.247000217437744,youtube_cKArGlGi9u0_35,1.0
labeled_linagora_cs_arabize,لالي لا بقالي واتعدالي على حلالي وعيالي,خلالي لا بقالي وتعدالي على حلالي وعيالي,3.8399999141693115,youtube_cKArGlGi9u0_36,0.2857142857142857
labeled_linagora_cs_arabize,من حين وناد للوزير الأكبر جاهي ترتر,و من حين ونادى للاسير الاكبر جاهي ترتر,3.005000114440918,youtube_cKArGlGi9u0_37,0.5
labeled_linagora_cs_arabize,لسلطان قاشكون هلو,على خلقته السلطان قال له اسكنوا هالوبس,3.6470000743865967,youtube_cKArGlGi9u0_38,1.0
labeled_linagora_cs_arabize,شلمفي,الي ذم فيا,0.9419999718666077,youtube_cKArGlGi9u0_39,1.0
labeled_linagora_cs_arabize,لزير الأكبر قالو يا سيدنا راهو واحد مهبول,الوزير الاكبر قالوا ياسين نراه واحد مهبول,4.427000045776367,youtube_cKArGlGi9u0_40,0.8571428571428571
labeled_linagora_cs_arabize,يخذوش عيمهبول قالهبلي,ما ياخدوش عليه مهبول قال له يجبد لي في,3.865999937057495,youtube_cKArGlGi9u0_41,1.0
labeled_linagora_cs_arabize,وعراض الناس جيبو هولي لكلب بن الكلب,عرضي وعرض الناس جيبوه لي الكلب ابن الكلب,3.4660000801086426,youtube_cKArGlGi9u0_42,0.75
labeled_linagora_cs_arabize,三次五,مسلسل و اليوم,1.2419999837875366,youtube_cKArGlGi9u0_43,1.0
labeled_linagora_cs_arabize,له زير من حينو كلف فسيان ومعاه زوز عسكر,الوزير من حينه كلف زوز عسكر,4.585999965667725,youtube_cKArGlGi9u0_44,0.8333333333333334
labeled_linagora_cs_arabize,مشاوجابولو هكا اترثار مسلسلم,ومشاو جابوا له هاك الثرثار مسلسل من,3.0450000762939453,youtube_cKArGlGi9u0_45,1.0
labeled_linagora_cs_arabize,,رقبته الكعبه,1.1819000244140625,youtube_cKArGlGi9u0_46,1.0
labeled_linagora_cs_arabize,قدام السلطان,رماوه قدام السلطان,1.323099970817566,youtube_cKArGlGi9u0_47,0.3333333333333333
labeled_linagora_cs_arabize,مش بالكل ومسلو حتي سال,اما مو ش بالكل وما سالوا حتى سؤال طول نادى,4.3460001945495605,youtube_cKArGlGi9u0_48,0.9
labeled_linagora_cs_arabize,السياف قالو حاسبني براسو في قردلا,على السياف وقال له حاسبني براسه في قرطله,2.924999952316284,youtube_cKArGlGi9u0_49,0.625
labeled_linagora_cs_arabize,كلوقتها,بالوقت هكذا,0.8610000014305115,youtube_cKArGlGi9u0_50,1.0
labeled_linagora_cs_arabize,وينزل عليه جاب له رأسه ما بين ثقيح,وينزل عليه جاب له راسه ما بين ساقيه,2.8239998817443848,youtube_cKArGlGi9u0_51,0.25
labeled_linagora_cs_arabize,,هزوهم قدامي هزو,1.6230000257492065,youtube_cKArGlGi9u0_52,1.0
labeled_linagora_cs_arabize,لسلطان بات زاهيتلو فالنوار من,السلطان بيت زاه يتلو في النوار و من غدوه,3.7260000705718994,youtube_cKArGlGi9u0_54,0.8888888888888888
labeled_linagora_cs_arabize,جاهل خبر وقالول رم,الصباح جاه الخبر وقالوا له راهو فمة وحي,3.1649999618530273,youtube_cKArGlGi9u0_55,1.0
labeled_linagora_cs_arabize,يمشي ولسان ويمش م,داخل يمشي ولسانه يمشي معاه و آش نعمل الي,4.067999839782715,youtube_cKArGlGi9u0_56,0.8888888888888888
labeled_linagora_cs_arabize,م من كر ملسن وجر,وهالمجلغ هاذا من كثر ملسانه جارح العباد,3.884999990463257,youtube_cKArGlGi9u0_58,0.8571428571428571
labeled_linagora_cs_arabize,تسم,وقت الي تسمعوا,0.8209999799728394,youtube_cKArGlGi9u0_59,1.0
labeled_linagora_cs_arabize,خرجة ة,السلطان وخرجت,1.1820000410079956,youtube_cKArGlGi9u0_60,1.0
labeled_linagora_cs_arabize,جابوه يكركلو فيه اللي يركل فيه بساقهي,جابوه فيه الي يركل فيه بساقه الي,4.307000160217285,youtube_cKArGlGi9u0_61,0.5714285714285714
labeled_linagora_cs_arabize,العنقية اللي بلقرامة,بعمقيه الي بالقريمه,2.003999948501587,youtube_cKArGlGi9u0_62,1.0
labeled_linagora_cs_arabize,تلين خلطو بيه للسلطان مهرس مترس مع,حتى لينخلطوا به للسلطان مهرس مهرس ما عاد,4.406000137329102,youtube_cKArGlGi9u0_63,0.75
labeled_linagora_cs_arabize,يترا وما ينق  ا,فيه ما يتراه وما يتشنق كي العاده السياف,3.9660000801086426,youtube_cKArGlGi9u0_64,0.875
labeled_linagora_cs_arabize,رع سيف واهبطت عليه وخلطت علي وخيان,شارع سيف وهبطت عليه وخلطت على وخيانه لكن,4.38700008392334,youtube_cKArGlGi9u0_65,0.625
labeled_linagora_cs_arabize,من غذواتقثرثار جديد في المملكة,من غدوه ان تقتر ثار جديد في المملكه,2.563999891281128,youtube_cKArGlGi9u0_66,0.625
labeled_linagora_cs_arabize,وباقي الفم أمضى وأنتن مللي سبقوه,وباقي الفم امضه وانثى من الي سبقوه,2.7850000858306885,youtube_cKArGlGi9u0_67,0.5714285714285714
labeled_linagora_cs_arabize,عل بع,على بعض,0.6209999918937683,youtube_cKArGlGi9u0_68,1.0
labeled_linagora_cs_arabize,ولمنع منه لا عرض السلطان ولا عراض الناس,ولم ننع منه لعرض السلطان والاعراض الناس,3.365000009536743,youtube_cKArGlGi9u0_69,0.8571428571428571
labeled_linagora_cs_arabize,هشبدها وفرشها ومتعدها كالنهار,الكلها جبدها وافرشها وما تعدها كي النهار,3.765000104904175,youtube_cKArGlGi9u0_70,1.0
labeled_linagora_cs_arabize,لام ولاو الثرثارة في كلشبر منهكالمملكة,لا ما ولاو الثرثاره في كلش المملكه في كل,4.605999946594238,youtube_cKArGlGi9u0_71,0.7777777777777778
labeled_linagora_cs_arabize,في كل ربط في كل حومة في كل زنقة,اعماله في كل ربط في كل حومه في كل زنقه,3.325000047683716,youtube_cKArGlGi9u0_72,0.3
labeled_linagora_cs_arabize,وهكا سباي حيا حار ومعادش عارفين شكو,وهكذا بايحيه حار وما عادش عارفين شكون,3.805999994277954,youtube_cKArGlGi9u0_73,0.8571428571428571
labeled_linagora_cs_arabize,دк,باش يشدوا وشكون,1.3420000076293945,youtube_cKArGlGi9u0_74,1.0
labeled_linagora_cs_arabize,سجنة جنون وهبل ولا معح,و السلطان جنه جنون وهبل ولا معادش يحمل,4.308000087738037,youtube_cKArGlGi9u0_75,0.625
labeled_linagora_cs_arabize,金ن会,كلمتين اخوات,0.8420000076293945,youtube_cKArGlGi9u0_76,1.0
labeled_linagora_cs_arabize,اد الوزير الأكبر وقاله دبر يا وزير لرسك,نادى لوزير الاكبر وقال ودبر يا وزير لراس,3.9600000381469727,youtube_cKArGlGi9u0_77,0.75
labeled_linagora_cs_arabize,كلي راسه مربوط في سيف ومنكار أي مصيبة سي,و الي راسه مربوط في سيف ومنكار اي مصيبه,3.446000099182129,youtube_cKArGlGi9u0_79,0.5555555555555556
labeled_linagora_cs_arabize,سير لك المملكة بيت الليل يخمم,تصير لك المملكه بيت الليله يخمموا من,3.1459999084472656,youtube_cKArGlGi9u0_80,0.7142857142857143
labeled_linagora_cs_arabize,وجال السلطان,غدوه جالس سلطان,1.222000002861023,youtube_cKArGlGi9u0_81,1.0
labeled_linagora_cs_arabize,وقاله يا مولاي علاشه اترثالا,مهما وقالوا يا مولاي علاش الثرثانه في,4.625999927520752,youtube_cKArGlGi9u0_82,0.7142857142857143
labeled_linagora_cs_arabize,ريوسهم انقصولهم الساناتهم,عضو مريوسهم انقصوا لهم السنتهم هكذا,3.6649999618530273,youtube_cKArGlGi9u0_83,1.0
labeled_linagora_cs_arabize,لسلطان دوب ماسمعهلكلام عينيه برقت,السلطان دوب ما اسمعها الكلام عينيه برقت,3.625,youtube_cKArGlGi9u0_84,0.5714285714285714
labeled_linagora_cs_arabize,ورلوزير يقوى,وخزر للوزير نتاعو قالوا يقوى عليك ربي يا,4.145999908447266,youtube_cKArGlGi9u0_85,0.875
labeled_linagora_cs_arabize,رل,وزير امنين جبتها الفكره لجهنميه هاذي ما,4.947999954223633,youtube_cKArGlGi9u0_86,1.0
labeled_linagora_cs_arabize,لبالىبلك,جاتش لبالي بالكل,1.062000036239624,youtube_cKArGlGi9u0_87,1.0
labeled_linagora_cs_arabize,لمفيد من الأمر السلطان كلفكلوزير,المفيد من الامر السلطان كلف كالوزير,3.384000062942505,youtube_cKArGlGi9u0_88,0.6666666666666666
labeled_linagora_cs_arabize,بباش يلم السيافة ويسيبهم,الاكبر بشي يلم السيافه ويسيبهم في,3.325000047683716,youtube_cKArGlGi9u0_89,0.6666666666666666
labeled_linagora_cs_arabize,و كل ما يطرفوا بواحد ترتار,المملكه و كل ما يطرفوا بواحد ثرثار,3.186000108718872,youtube_cKArGlGi9u0_90,0.2857142857142857
labeled_linagora_cs_arabize,ليش مدخولش الليل تاحومن غدوة,علاش ما تقولش الليل طاح و من غدوه,2.6050000190734863,youtube_cKArGlGi9u0_91,0.875
labeled_linagora_cs_arabize,تسمع فيها كلمة سو,عاد تسمع فيها كلمه سو,1.5230000019073486,youtube_cKArGlGi9u0_92,0.4
labeled_linagora_cs_arabize,,الدابره,0.7609999775886536,youtube_cKArGlGi9u0_93,1.0
labeled_linagora_cs_arabize,لا عاد حد يسب في سلطان ولايقش,تقطع لا عاد حد يسب في سلطان ولا يقشطل في,4.085999965667725,youtube_cKArGlGi9u0_94,0.4
labeled_linagora_cs_arabize,ولا يقطع ويريج في الناسقفه,وزير ولا يقطع ويريش في الناس ويقول فيهم,3.765000104904175,youtube_cKArGlGi9u0_95,0.625
labeled_linagora_cs_arabize,الكلام اللي ما يتقالش,اكل الكلام الي ما يتقلش,2.0641000270843506,youtube_cKArGlGi9u0_96,0.6
labeled_linagora_cs_arabize,بد البدينولي بقىبلن,الى ابد الابدين و الي يبقى بلسانه ولا,3.725100040435791,youtube_cKArGlGi9u0_97,1.0
labeled_linagora_cs_arabize,وحتي كلمة اصباح الخير ميخولهاش,بكوش وحتى كلمه صباح الخير ما يقولهاش,3.684000015258789,youtube_cKArGlGi9u0_98,0.8571428571428571
labeled_linagora_cs_arabize,سلطان بعد مقطع دابرك الثرثارة فرح,السلطان بعد ما اقطع ديبرا كثرثاره افرح,4.065999984741211,youtube_cKArGlGi9u0_99,0.8571428571428571
labeled_linagora_cs_arabize,ذاتللأيام ونادى ع الوزير الأكبر م,وزهات له الايام ونادى على الوزير الاكبر,3.50600004196167,youtube_cKArGlGi9u0_100,0.8571428571428571
labeled_linagora_cs_arabize,قاله يعطيك الصحة يا وزير,متاعه قالوا يعطيك الصحه يا وزير قام,3.924999952316284,youtube_cKArGlGi9u0_101,0.5714285714285714
labeled_linagora_cs_arabize,لحاجة الوحيده الي منيش فهمها هي كيفاش وقت ال,الحاجه الوحيده لمنيش فاهمها هيا كيفاش وقت,3.4660000801086426,youtube_cKArGlGi9u0_102,0.8571428571428571
labeled_linagora_cs_arabize,قصتلهم ريوسهم ماخافوش وكل يوم يطلع الي ثار ثار,الي قصيت ما خافوش و كل يوم يطلع لي ثرثار,4.803999900817871,youtube_cKArGlGi9u0_103,0.9
labeled_linagora_cs_arabize,قا له ماهي الرعية ما عندها كان لساني,الوزير قالوا ماهر عيا ما عندها كان لسان,3.8459999561309814,youtube_cKArGlGi9u0_105,0.625
labeled_linagora_cs_arabize,سيا,يا سيدنا,0.5619999766349792,youtube_cKArGlGi9u0_106,1.0
labeled_linagora_cs_arabize,فعل جيبو ربي,و الفعل يجيبوا ربي,1.222000002861023,youtube_cKArGlGi9u0_107,0.75
labeled_linagora_cs_arabize,نتم مع حكاية جديدة مع حكاياس لأروي,كنت ما معه حكايه جديده ما حكايهاش العروي,2.805000066757202,youtube_cKArGlGi9u0_108,1.0
labeled_linagora_cs_arabize,ص عماد بن حميدة منتج وإخراج مح,نص عماد بن حميده مونتاج واخراج محمد,2.864000082015991,youtube_cKArGlGi9u0_109,0.7142857142857143
labeled_linagora_cs_arabize,طايا تقديم محمد الصياني,بوقطايه تقديم محمد السياري,2.444999933242798,youtube_cKArGlGi9u0_110,0.5
labeled_linagora_cs_arabize,لازم تتعشى معانا في الليل,تنجم تتعشى معانا في الليل,1.5920000076293945,TunSwitchTO_0000010_0000000_0000009_paz_10_00_09_paz_0,0.2
labeled_linagora_cs_arabize,عشرين,عشرين,1.0,ar--1138_0.75.wav_1138_0.75_0,0.0
labeled_linagora_cs_arabize,الشوكولاتة السخونة,الشكلاطة السخونة,1.440000057220459,ar--1195_1.wav_1195_1_0,0.5
labeled_linagora_cs_arabize,ما قداش المسافة,على قداش المسافة,1.687999963760376,TunSwitchTO_0000041_0000009_0000008_bkg_41_09_08_bkg_0,0.3333333333333333
labeled_linagora_cs_arabize,حبكم تكنموني وتفيقوني غدوة الصباح ون في عيشك,نحبكم تكموني و تفيقوني غدوة الصباح الثمنية و نصف يعيشك,3.759999990463257,TunSwitchTO_0000043_0000002_0000013_een_43_02_13_een_0,0.8
labeled_linagora_cs_arabize,الدية,البيئة,0.5680000185966492,ar--1615_1.5.wav_1615_1.5_0,1.0
labeled_linagora_cs_arabize,تقى روحك لازمك تعمل دبلوم اخر وتضيع عامين تلاث,تلقى روحك لازمك تعمل ديبلوم آخر و تضيع عامين,3.111999988555908,0000028_0000095_0000003_28_95_3_0,0.6666666666666666
labeled_linagora_cs_arabize,نجمتش نثبت كوماند متاعي وين طلبي وين وصل الطلب متاعي كفاش نعرف طلب متاعى وين وصل فن نجم نعرف حالة اطلب متاعي,ما نجمتش نثبت كوموند متاعي وين طلبي وين وصلت طلب متاعي كيفاش نعرف طلب متاعي وين وصلت فين نجم نعرف حالة طلب متاعي,13.760000228881836,segment_0000076_segment_76_0,0.391304347826087
labeled_linagora_cs_arabize,ما كمل ياسمعنا انا باش نحكيو على حاجة اللي عملت شوف لي حلو برشا حاجات آخرين هيا فينالمون المخ والكراتتي متاع المبدع حتوم عايشك اللي جيت بحذي اليوم  رسي بر لانفايو رف,ما يكمل يسمعنا اما باش نحكيو على حاجة الي عملت شوفلي حل و برشا حاجات اخرين هيا فينالمون المخ و الكرياتيفيتي متاع المبدع حتوم عيشك الي جيت بحذايا اليوم مغسي مغسي بور الانفيتسيون اشرف,13.215999603271484,segment_0000145_segment_145_0,0.5294117647058824
labeled_linagora_cs_arabize,اصدق الإمام الشافعي كيف قال,صدق الامام الشافعي كيف قال,2.0,0000020_0000138_20_138_0,0.4
labeled_linagora_cs_arabize,خ多ز了ة,خضر زعم,1.3919999599456787,ar--3559_0.75.wav_3559_0.75_0,1.0
labeled_linagora_cs_arabize,amda,عمدا,1.0240000486373901,3omda_14734_0,1.0
labeled_linagora_cs_arabize,مصص کرمير م کسيبه,وقت الي نقص برمير ولا دوزيام كيف كيف,2.0480000972747803,amenyKH_MIC0000001_mod_0000046_chunk_0000025_MIC00001_mod_46_chunk_25_0,1.0
labeled_linagora_cs_arabize,الصرف اليوم هايل بارشا,الصرف اليوم هايل برشا,3.8959999084472656,ar--3100_1.25.wav_3100_1.25_0,0.25
labeled_linagora_cs_arabize,ميش عدي تبقى في العادة تصير ما تتصلح في الجمعة الأولى,آه ما هياش عادية تبقى في العادة تصير اما تتصلح في الجمعة الاولى,3.9839999675750732,amenyKH_Partie0000007_chunk_0000033_Partie7_chunk_33_0,0.46153846153846156
labeled_linagora_cs_arabize,غلال البحر,غلال البحر,0.9919999837875366,ar--1641_1.wav_1641_1_0,0.0
labeled_linagora_cs_arabize,عslامa,عالسلامة,1.055999994277954,ar--3142_1.wav_3142_1_0,1.0
labeled_linagora_cs_arabize,بهدي,صباح الخير,0.7120000123977661,ar--1049_1.5.wav_1049_1.5_0,1.0
labeled_linagora_cs_arabize,الباني,البرمي,0.6000000238418579,ar--1826_1.25.wav_1826_1.25_0,1.0
labeled_linagora_cs_arabize,ا دم كلم ن  لم نعرفا بل الثور,الي هيا ما كنا ش نعرفوها في الثورة اونترابرونوريا وانا على فكرة نحييهم عالاخر برشا الخدمة وكلمة,9.663999557495117,0000026_0000057_0000001_26_57_1_0,1.0
labeled_linagora_cs_arabize,البتاطا,البطاطا,0.8320000171661377,ar--1657_1.wav_1657_1_0,1.0
labeled_linagora_cs_arabize,هيلي تلبس منعرفش متشي مبوتيكة ذيكا تعمل مبوتيك ذيكا ساعات تلقى فليعلن,هاي هاذي تلبس منعرفش تشري مال بوتيك هاذيكا تعمل مال بوتيك هاذيكا ساعات تلقى انفلوونسوز,6.920000076293945,0000041_0000011_0000001_41_11_1_0,0.6666666666666666
labeled_linagora_cs_arabize,باش نداول واجب كان المدرسة معناها في حالة كارفية,باش ناديو الواجب لقينا المدرسة آه معناها في حالة كارثية,4.544000148773193,amenyKH_Partie0000008_chunk_0000042_Partie8_chunk_42_0,0.5
labeled_linagora_cs_arabize,تحب تاكل حاجة زادة,تحب تاكل حاجة زادة,5.567999839782715,ar--3111_1.wav_3111_1_0,0.0
labeled_linagora_cs_arabize,ال    حاج خليتك تمشي للجيم,مايبي يتس نوت فور ذي بيست ريزون اوكي بات حاجة خلاتك تمشي لل جيم,6.328000068664551,0000071_0000096_0000002_71_96_2_0,0.9285714285714286
labeled_linagora_cs_arabize,شيكبا تنجمش يتأقلم وتولي هذي كل غش يعني بالحق,مشاكل ما ينجمش يتاقلم و تولي هاذايا الكل غش يعني بالحق,4.519999980926514,0000052_0000100_0000000_52_100_0_0,0.7272727272727273
labeled_linagora_cs_arabize,نحب نسمع صوتي تقهتشي ططريق الس وحد بواحدزضمنفوقربي فوو,نحب ن نسمع صوتي راني تقهرت راهولاكشاك على طريق ال آه فوشانة على طريق السيجومي الواحد بجنب واحد وزايد جابدين الضو من الفوق بربي شوفوا لنا حل شوفوا لنا حل,11.239999771118164,amenyKH_0000005_chunk_0000023_005_chunk_23_0,0.9
labeled_linagora_cs_arabize,كن,كان,0.8640000224113464,ar--2275_0.75.wav_2275_0.75_0,1.0
labeled_linagora_cs_arabize,من مخ جملة وحدة برشا مضيعة وقت اذا كان كل ما ا تحبل ا نعمل لها سحر نطيحولها صغير والاسبب ذاك اقترحت عليها الشريرة مروة وانهم يكرو عليها باب اصغار جملة واحدة يعمللها سحر يلها عتجج,من مخها جمله وحده برشا مضيعه وقت اذا كان كل ما باش تحبل باش نعمل لها سحر ونطيحو لها صغير و لسبب اذاكا اقترحت عليها الشريره مروى وانهم يسكروا عليها باب الصغار جمله واحده يعملو لها سحر يخلوها ماع ادش تنجم تجيب,12.407999992370605,segment_0000422_segment_422_0,0.5714285714285714
labeled_linagora_cs_arabize,اها على هذيك الحيوط مغمين بريتيت,آه على هاذاكه لحيوط مدهونين بالقدا,2.864000082015991,ar--3658_1.25.wav_3658_1.25_0,0.8333333333333334
labeled_linagora_cs_arabize,هي الوحيدة اللي وقفة معايا بجالبورة,هيا الوحيدة لي واقفة معايا بقلب و رب,1.74399995803833,0000022_0000062_22_62_0,0.75
labeled_linagora_cs_arabize,ساmeḥnي انcرa لىفlsة تصوir nc,سامحني انزل على فلسة التصوير يعيشك,2.9119999408721924,TunSwitchTO_0000051_0000022_0000014_0000008jo_51_22_14_8jo_0,1.0
labeled_linagora_cs_arabize,أما كينتسمى بيت مسكرة بامفتاح,اما كانت فمة بيت مسكرة بالمفتاح,2.240000009536743,0000020_0000047_20_47_0,0.6666666666666666
labeled_linagora_cs_arabize,تحكي,تحكي,0.6000000238418579,tn9764_0,0.0
labeled_linagora_cs_arabize,إش تعمل كان جا راسي يوجع فيا,آش تعمل كان جى راسي يوجع في,2.1679999828338623,ar--3497_1.wav_3497_1_0,0.42857142857142855
labeled_linagora_cs_arabize,عبد الله يحب ياخد نفسي بلشهرة للبلاد,عبد الله يحب ياخو تكسي باش يهبط للبلاد,2.6559998989105225,ar--3062_1.5.wav_3062_1.5_0,0.5
labeled_linagora_cs_arabize,فتاحة وقسن صافي ريفني,مرتاحة و قطن صافي عجبتني,1.8559999465942383,ar--3417_1.5.wav_3417_1.5_0,0.8
labeled_linagora_cs_arabize,źiw syrwيj,جيب السروال,1.399999976158142,ar--1340_0.75.wav_1340_0.75_0,1.0
labeled_linagora_cs_arabize,الرaوi,الراوي,0.7120000123977661,ar--2236_1.wav_2236_1_0,1.0
labeled_linagora_cs_arabize,والا ساقين الراقي والا صقين الشيخ على خاطر انهازيت رأسي وبيزرمو مكانوش اثار ساقين في القاعة كهو بل كانوا بارتو في القاعة في الصقف وبارطو عالحيوط كان الراقي يقرأ في القرآن ويرش في المال مارقي في انحاء الدار,سقين الراقي ولا سقين الشيخ على خاطرني هزيت راسي وبزارمون ما كانوش اثار سقين في القاعه كهو بل كانوا بارتو في القاعه في سقف وبرتو على الحيوط كان الراقي يقرا في القران ويرش في المال مرقي في انحاء الدار,12.984000205993652,segment_0000660_segment_660_0,0.5128205128205128
labeled_linagora_cs_arabize,اسلما ب,عالسلامة مهدي عالسلامة لباس,1.965000033378601,youtube_7BigVq3D7bs_0,1.0
labeled_linagora_cs_arabize,مجوش باح,عالسلامة مهدوش صفا,1.6009999513626099,youtube_7BigVq3D7bs_1,1.0
labeled_linagora_cs_arabize,ما هدك بقش,صفا مرحبا بيكم في قصة انسان,2.328000068664551,youtube_7BigVq3D7bs_2,1.0
labeled_linagora_cs_arabize,مهدي حدرش صور معاك اليوم,مهدي حاضر باش نصوروا معك اليوم حاضر,2.5840001106262207,youtube_7BigVq3D7bs_3,0.7142857142857143
labeled_linagora_cs_arabize,快点ح,فرحان انا,1.4880000352859497,youtube_7BigVq3D7bs_4,1.0
labeled_linagora_cs_arabize,مهدي ه فرحة العائلة لكلها,مهدي هو فرحة العائلة الكلها,3.2960000038146973,youtube_7BigVq3D7bs_5,0.4
labeled_linagora_cs_arabize,ولادي الآخرين زادة نحبهم ونموت عليهم,اولادي الآخرين زادة نحبهم و نموت عليهم,2.496000051498413,youtube_7BigVq3D7bs_6,0.42857142857142855
labeled_linagora_cs_arabize,ولكن مهدي هو,و لكن مهدي هو الي,2.007999897003174,youtube_7BigVq3D7bs_7,0.6
labeled_linagora_cs_arabize,ندفعني,اللطف عليك,0.871999979019165,youtube_7BigVq3D7bs_8,1.0
labeled_linagora_cs_arabize,ح多白理,نحبك عزيزي,0.8080000281333923,youtube_7BigVq3D7bs_9,1.0
labeled_linagora_cs_arabize,بشماليو نبكي وعد حنا,باش نوليوا نبكيوا عاد احنا,1.496000051498413,youtube_7BigVq3D7bs_10,1.0
labeled_linagora_cs_arabize,你怎么不见,اه ايج بابوتي,1.784000039100647,youtube_7BigVq3D7bs_11,1.0
labeled_linagora_cs_arabize,هو اللي دافع على خواته معناها منتصورش روحي من غير مهدي,هو الي يدافع على اخواته معناها ما نتصورش روحي من غير مهدي,4.815999984741211,youtube_7BigVq3D7bs_12,0.4166666666666667
labeled_linagora_cs_arabize,ونحمد بربي اللي يعطانا مهلي,و نحمد في ربي الي عطانا مهدي,2.6679999828338623,youtube_7BigVq3D7bs_13,1.0
labeled_linagora_cs_arabize,عندهحت حتى مشكلة في حياته هذولي,ما عنده حتى مشكل في حياته يظهرلي,2.499000072479248,youtube_7BigVq3D7bs_14,0.5714285714285714
labeled_linagora_cs_arabize,عايش لباس انتي,عايش لا باس انت,1.4279999732971191,youtube_7BigVq3D7bs_15,0.75
labeled_linagora_cs_arabize,这不天,لباس انا,0.8149999976158142,youtube_7BigVq3D7bs_16,1.0
labeled_linagora_cs_arabize,خدم على روحك انت عندك صحابك عندك حياتك  الحمد لله يار,تخدم على روحك ايه انت عندك اصحابك هكاك عندك حياتك ايه اكا هو ما لا الحمد لله يا ربي,5.896999835968018,youtube_7BigVq3D7bs_17,0.5789473684210527
labeled_linagora_cs_arabize,انا مهدي قاسم عمري,انا مهدي قاسم انا مهدي قاسم,2.8929998874664307,youtube_7BigVq3D7bs_18,0.5
labeled_linagora_cs_arabize,那不起零,برجي ليون,1.5140000581741333,youtube_7BigVq3D7bs_19,1.0
labeled_linagora_cs_arabize,انتذر اخوة,انا و تلاث اخوه,0.9449999928474426,youtube_7BigVq3D7bs_20,1.0
labeled_linagora_cs_arabize,نمنا,انا اكبر منهم,1.0010000467300415,youtube_7BigVq3D7bs_21,1.0
labeled_linagora_cs_arabize,خدمتي نعمل في البيتزا نعمل لازانياكلس,خدمتي نعمل في البيتزا نعمل لازانيا نعمل في كل شي,4.710999965667725,youtube_7BigVq3D7bs_22,0.5
labeled_linagora_cs_arabize,حسدي نسمي ريحة الميكلة نهب والمطلا,احساسي نشم ريحة الماكلة نحبها و نموت عليها,3.9679999351501465,youtube_7BigVq3D7bs_23,0.875
labeled_linagora_cs_arabize,ريحت المكل,ريحة الماكلة,0.9440000057220459,youtube_7BigVq3D7bs_24,1.0
labeled_linagora_cs_arabize,يتي كاملة,حياتي كاملة,1.031999945640564,youtube_7BigVq3D7bs_25,0.5
labeled_linagora_cs_arabize,你م,ديما,0.8069999814033508,youtube_7BigVq3D7bs_26,1.0
labeled_linagora_cs_arabize,ععمزعلخرسيخ,عامل عامل جو ع الآخر شايخ,3.0759999752044678,youtube_7BigVq3D7bs_27,1.0
labeled_linagora_cs_arabize,نقد ديم نبحك معاهم نلعب معاهم,نقعد ديما نضحك معهم نلعب معهم,2.5439999103546143,youtube_7BigVq3D7bs_28,0.8333333333333334
labeled_linagora_cs_arabize,نحب شنبيها نخرج عليهم ي,ما نحبش نخرج عليهم كلام,3.4040000438690186,youtube_7BigVq3D7bs_29,0.6
labeled_linagora_cs_arabize,والخيب,خايب,1.1749999523162842,youtube_7BigVq3D7bs_30,1.0
labeled_linagora_cs_arabize,ونحب صحابي يا خاذ,ما نحبش اصحابي خاطر,2.1419999599456787,youtube_7BigVq3D7bs_31,1.0
labeled_linagora_cs_arabize,لن انقل م فضلو مرهبةبيكم وناطبكم ناطهم  صح وبسه,الكليونات انا نقوللهم تفضلوا مرحبا بيكم ونعطيهم البيتزا صحة و بالشفا,6.216000080108643,youtube_7BigVq3D7bs_32,1.0
labeled_linagora_cs_arabize,يكلو في البيتزا كني عخ لبيتزا بتاعك,ياكلوا في البيتزا يقولولي آه بنينه عالآخر البيتزا متاعك,3.5999999046325684,youtube_7BigVq3D7bs_33,0.7777777777777778
labeled_linagora_cs_arabize,طاجيب على خط,يجوا على خاطرك انت يجوا على خاطري انا,2.4200000762939453,youtube_7BigVq3D7bs_34,0.875
labeled_linagora_cs_arabize,توانككسبون زوز بعض زن لخط بالبداء,توا ناكل في كاسكروت وقازوزة و مبعد نمشي نرقد في بلاصتي,6.377999782562256,youtube_7BigVq3D7bs_35,1.0
labeled_linagora_cs_arabize,سعنو,صحة النوم,0.7559999823570251,youtube_7BigVq3D7bs_36,1.0
labeled_linagora_cs_arabize,نساح,يعطيك الصحة,0.7039999961853027,youtube_7BigVq3D7bs_37,1.0
labeled_linagora_cs_arabize,يشبي ما قلت لايش راك اشترب,شبيك ما قلتليش راك باش ترقد,1.215999960899353,youtube_7BigVq3D7bs_38,0.8333333333333334
labeled_linagora_cs_arabize,نلقط شويه,رقدت شوية,1.4789999723434448,youtube_7BigVq3D7bs_39,1.0
labeled_linagora_cs_arabize,ب得سحس,ايه باهي صحة صحة يعيشك,1.7899999618530273,youtube_7BigVq3D7bs_40,1.0
labeled_linagora_cs_arabize,جات شكلنا من حاجات مه سمحهم وقالوهم عليه,جاء تشكالنا من حاجات معناها سمعهم قالوهم عليه الي هوما,4.663000106811523,youtube_7BigVq3D7bs_41,0.7
labeled_linagora_cs_arabize,وجعوه ويجعونا احنا زادة قالولو انت مريض قال جاوبهم قالو منيش انا مري اتوما ليمرج,وجعوه و يوجعونا احنا زادة قالوا له انت مريض جاوبهم قاللهم ما ني ش انا المريض انتم الي مرضى,6.535999774932861,youtube_7BigVq3D7bs_42,0.6842105263157895
labeled_linagora_cs_arabize,,فهمتني,0.6179999709129333,youtube_7BigVq3D7bs_43,1.0
labeled_linagora_cs_arabize,نك ديم,دونك ديما,1.0,youtube_7BigVq3D7bs_44,1.0
labeled_linagora_cs_arabize,ثقة في النفس وديما نشجعوا معناها باش يعبر وباش يتكلم,الثقة في النفس و ديما نشجعو معناها باش يعبر و باش يتكلم,5.495999813079834,youtube_7BigVq3D7bs_45,0.5
labeled_linagora_cs_arabize,كيفو كيف أي حد آخر,كيفو كيف اي حد اخر,1.8329999446868896,youtube_7BigVq3D7bs_46,0.4
labeled_linagora_cs_arabize,خب روحي بارسة,نحب روحي بارشا,1.815999984741211,youtube_7BigVq3D7bs_47,0.6666666666666666
labeled_linagora_cs_arabize,حب روحي برشا,نحب روحي بارشا انا,1.4479999542236328,youtube_7BigVq3D7bs_48,0.75
labeled_linagora_cs_arabize,نحب المتبأروحي نحب أعلق,نحب نموت علاها روحي نحبها عاللخر,3.1440000534057617,youtube_7BigVq3D7bs_49,0.8333333333333334
labeled_linagora_cs_arabize,د,بليدا,0.6159999966621399,youtube_7BigVq3D7bs_50,1.0
labeled_linagora_cs_arabize,ساعت نتغز في الداخل,ساعات نتغشش في الداخل و اكا هو,5.335999965667725,youtube_7BigVq3D7bs_51,0.7142857142857143
labeled_linagora_cs_arabize,د قلبي أبيت ديم رح لعبيت,ديما قلبي ابيض ديما نسامح العباد,2.874000072479248,youtube_7BigVq3D7bs_52,0.8333333333333334
labeled_linagora_cs_arabize,والعباد المختلفة هذيكثروة هما خير منا عندي قال,العباد المختلفة هاذيكه ثروة هم خير منا عندي انا,4.513000011444092,youtube_7BigVq3D7bs_53,0.5555555555555556
labeled_linagora_cs_arabize,ولذا لازمنا بالعكس نقطروهم العباد هذوما ونقبلوهم كيما هما,و لذا لازمنا بالعكس نؤطرهم العباد هذوما و نقبلوهم كيما هم,5.520999908447266,youtube_7BigVq3D7bs_54,0.5454545454545454
labeled_linagora_cs_arabize,ننا باس نهل بات سريب ويجيب لعبد كل نتبل اصرة ماهدي,انا نحب باش نحل باتيسوري و يجوا العباد الكل و نكتب عليه ايسي مهدي,6.920000076293945,youtube_7BigVq3D7bs_55,1.0
labeled_linagora_cs_arabize,نهب الون المشهور,نحب نولي مشهور,1.4119999408721924,youtube_7BigVq3D7bs_56,1.0
labeled_linagora_cs_arabize,عندي برشة باس نحب نعمل مكن على الخر,عندي برشا باش نحب نعمل منكان عاللخر,2.9760000705718994,youtube_7BigVq3D7bs_57,0.7142857142857143
labeled_linagora_cs_arabize,وديما نلبس فيحويز طم الكاأناد والدنيا,و ديما نلبس في حوايج متاع منكانات و الدنيا,3.992000102996826,youtube_7BigVq3D7bs_58,0.8888888888888888
labeled_linagora_cs_arabize,تعبنا بالمعجبات متاعو هدا م ما بي,تعبنا بالمعجبات متاعو حتى ماما وبابا يعرفوا,3.431999921798706,youtube_7BigVq3D7bs_59,0.5714285714285714
labeled_linagora_cs_arabize,ا نعم لل نعرفه مش كل شيء,ايه نعرفوا لا لا نعرفوا مش كل شي,2.437000036239624,youtube_7BigVq3D7bs_60,0.75
labeled_linagora_cs_arabize,كل شي كل شي تقولولي,كل شي كل شي تقولهولي ساعات ساعات فما فازات,3.5840001106262207,youtube_7BigVq3D7bs_61,0.5555555555555556
labeled_linagora_cs_arabize,مدى حب المهدي ميتصبش,مدى حبي لمهدي ما يتوصفش,2.117000102996826,youtube_7BigVq3D7bs_62,0.8
labeled_linagora_cs_arabize,-مافميش وف في حبي المهدي هكا ولا ليك,ما فماش وصف حبي لمهدي هكا و الى ولا,3.302999973297119,youtube_7BigVq3D7bs_63,0.7777777777777778
labeled_linagora_cs_arabize,إلى الأبد,الى الابد,1.2610000371932983,youtube_7BigVq3D7bs_64,1.0
labeled_linagora_cs_arabize,مما و爸爸ا وخي وخحمعن,ماما و بابا و خوي و اختي نحبهم عاللخر,3.8239998817443848,youtube_7BigVq3D7bs_65,1.0
labeled_linagora_cs_arabize,قعد هذي شي يفرح,عاد هالشي يفرح نعرف,1.9839999675750732,youtube_7BigVq3D7bs_66,1.0
labeled_linagora_cs_arabize,با نخل خد فزال,ونحبها عاللخر خاطر مزيانة عاللخر,2.571000099182129,youtube_7BigVq3D7bs_67,1.0
labeled_linagora_cs_arabize,انمج,انا مزيانة ايه,1.3760000467300415,youtube_7BigVq3D7bs_68,1.0
labeled_linagora_cs_arabize,سحليا ياب,صحة علي آيا باهي,1.569000005722046,youtube_7BigVq3D7bs_69,1.0
labeled_linagora_cs_arabize,أشل,يعيش ولدي,1.3839999437332153,youtube_7BigVq3D7bs_70,1.0
labeled_linagora_cs_arabize,,رسالة للعائلات ما تياسوش,2.874000072479248,youtube_7BigVq3D7bs_71,1.0
labeled_linagora_cs_arabize,وحاولو تعاونو كالعبد هذاك,وحاولوا تعاونوا اكا العبد هاذاكه,3.072000026702881,youtube_7BigVq3D7bs_72,1.0
labeled_linagora_cs_arabize,باش ينجم يتركز على نقاط القوة و الحاجات البهين اللي عندو باش يعيش حياة سعيدة,باش ينجم يتركز على نقاط القوة و الحاجات الباهين الي عندو باش يعيش حياة سعيده,5.757999897003174,youtube_7BigVq3D7bs_73,0.2
labeled_linagora_cs_arabize,المال,المال,0.8479999899864197,ar--2020_0.75.wav_2020_0.75_0,0.0
labeled_linagora_cs_arabize,شنو اللي منعك,شنوا الي منك,0.7279999852180481,amenyKH_Lanxiété_Sociale_HM_0000003_denoised_Sync0000008_no_speaker_0000016.0000045_0000017.0000015_Lanxiété_Sociale_HM_3_denoised_Sync008_no_speaker_16.45_17.15_0,1.0
labeled_linagora_cs_arabize,هلأ هاش حارك الإستاذ,هاذا آش قولك فيى الويستارن,1.559999942779541,ar--3524_1.5.wav_3524_1.5_0,1.0
labeled_linagora_cs_arabize,لحد إيش ونص,لحداش و نص,1.4079999923706055,ar--1069_0.75.wav_1069_0.75_0,1.0
labeled_linagora_cs_arabize,لاثين,ثلاثين,0.9120000004768372,tn9867_0,1.0
labeled_linagora_cs_arabize,اباكت اكبر وسرعتو اكثر يمكن اما زيده ليدبيتود هدوما الصغار مهمين علىلخر كان انا و انتي و انتي و انتي و انتي نبدلو دك يقولك انا محشتناش,امباكت اكبر و سرعتو اكثر يمكن اما زادة لي هابيتود هذوما الصغار مهمين عاللخر كان انا و انت و انت و انت و انت نبدلوا دونك يقلك احنا ما حاشتناش,12.0,0000053_0000180_0000000_53_180_0_0,0.6
labeled_linagora_cs_arabize,لتلامد اللي قاعدين ليوم يعدي ومعنتا يوصل في وقت المراجع يتصور,ال التلامذة الي قاعدين اليوم يعديو معناتها يوصل في وقت المراجعة يتصور,3.8239998817443848,amenyKH_0000006_0000006_0002012_partie0000003_chunk_0000102_06_06_2012_partie3_chunk_102_0,0.5833333333333334
labeled_linagora_cs_arabize,عبدالله اخرج من الحانوت بعد ما هز الخاتمة معاه,عبد الله خرج من الحانوت بعد ما هز الخاتم معاه,3.4719998836517334,ar--3362_1.wav_3362_1_0,0.4
labeled_linagora_cs_arabize,بت,يبدل,0.8479999899864197,ar--1353_0.75.wav_1353_0.75_0,1.0
labeled_linagora_cs_arabize,الجيران,الجيران,1.2079999446868896,ar--2146_0.75.wav_2146_0.75_0,0.0
labeled_linagora_cs_arabize,ني  ف هذايا يتيح وتعرف إحنا شغل الشاغل نتاع كل واحد فينا هو كيفاش يحسن في المستوى العيش متاعو ولا على الأقل يحافظ يحافظ عليه ولسيعنس في معنتها هو حل من الحلول باش نالناس معنتها تحافض,النيفو د فيي هاذيا يطيح وتعرف احنا الشغل الشاغل متاع كل واحد فينا هو كيفاش يحسن في المستوى العيش متاعو ولا على الاقل يحافظ عليه والاسيرونس فيي معنتها هو حل من الحلول باش الناس معنتها تحافظ,14.215999603271484,segment_0000886_segment_886_0,0.3888888888888889
labeled_linagora_cs_arabize,这个我对公的,ان شاء الله غدوة يكون باهي كي اليوم,1.5119999647140503,ar--3131_1.25.wav_3131_1.25_0,1.0
labeled_linagora_cs_arabize,جات باش تحكي على الاجنز على الافريكانز على البلاك ومين على الب,جات باش تحكي على ال ايجان على ال افريكان على ال بلاك وومان على ال,7.504000186920166,0000052_0000032_0000001_52_32_1_0,0.5333333333333333
labeled_linagora_cs_arabize,تبع الشارع الرئيسي دينا حول,تبع الشارع الرئيسي ديمة طول,9.088000297546387,ar--3087_0.75.wav_3087_0.75_0,0.4
labeled_linagora_cs_arabize,بالأساس بعض الأشخاص الطموحين اللي يحبوا يدخلوا للانتخابات الرئاسية تو تو,بالاساس بعض ال الاشخاص الطموحين الي يحبوا يدخلوا ل للانتخابات الرئاسية توا توا,4.4720001220703125,amenyKH_0000002_chunk_0000111_002_chunk_111_0,0.5384615384615384
labeled_linagora_cs_arabize,قديش هما شعارات في تونس يا اخويا مانيش مشجع اطرج وكان ربحة صح عليها يعني,قداش فمة شعارات في تونس يا خويا ما ني ش مشجع الترجي وكان ربحت صحة لاها اني,5.76800012588501,TunSwitchTO_0000180_0000022_0000051_chw_180_22_51_chw_0,0.6470588235294118
labeled_linagora_cs_arabize,بشيكون ملعب حمدي العكر بيرادس مسرح الشو كروي غدوة الأحد في مواجهة نارية بين الطارجو الإفريقي في دربي الجولة الثامنة من مرحلة التتويج للبطولة في خطوتها الآخيرة,باش يكون ملعب حمادي العقربي رادس مسرح الشو الكروي غدوة الاحد في مواجهة نارية بين الترجي و الافريقي في دربي الجولة الثامنة من مرحلة التتويج للبطولة في خطواتها الاخيرة,10.956999778747559,youtube_dgZYdAWKwy8_0,0.41379310344827586
labeled_linagora_cs_arabize,أبناء باب سويقا في صدارة الترتيب ب نقطة في المقابل النادي الإفريقي في المركز الثالث بمجموع نقطة,ابناء باب سويقة في صدارة الترتيب بي سبعطش ان نقطه في المقابل النادي الافريقي في المركز الثالث بمجموع تلطاش ان نقطه,6.985000133514404,youtube_dgZYdAWKwy8_1,0.47619047619047616
labeled_linagora_cs_arabize,حكم الساحة بشيكون هيثم غيرات وفي غرفة دلفار أمير لوسي,حكم الساحة باش يكون هيثم قيراط وفي غرفة الفار امير الوصيف,3.5999999046325684,youtube_dgZYdAWKwy8_2,0.5454545454545454
labeled_linagora_cs_arabize,إبقيت ماتشوات الجولة الثامنة دربي الساحل بين الاتحاد المونستيري والنجمة الساحلة اليوم الس م العشية و غدوة في نفس التوقيت مع دربي العاصمة النادي سفاقس واجه اتحاد بنجردان,بقية متشوات الجولة الثامنة دربي الساحل بين الاتحاد المنستيري و النجم الساحلي اليوم الخمس متع العشية و غدوة في نفس التوقيت مع دربي العاصمة النادي الصفاقسي يواجه اتحاد بن قردان,10.02400016784668,youtube_dgZYdAWKwy8_3,0.4
labeled_linagora_cs_arabize,نحكي وحبابي اليوم على ثلاثة نقاط تشابه بين الطرجي والأفريقي أول حاجة الغيابات المؤثرة,نحكيو احبابي اليوم على تلاثه نقاط تشابه بين الترجي و الافريقي اول حاجه الغيابات المؤثرة,5.688000202178955,youtube_dgZYdAWKwy8_4,0.5333333333333333
labeled_linagora_cs_arabize,لن يكون بإمكان ناديي الترج والأفريقي التعويل على أفضل تشكيل لهما خلال موقعةراديس,لن يكون بامكان ناديي الترجي و الافريقي التعويل على افضل تشكيلة لهما خلال موقعة رادس,5.921000003814697,youtube_dgZYdAWKwy8_5,0.5333333333333333
labeled_linagora_cs_arabize,نادي الدم والذهب سيكون محروبا من خدمات نجم خط وسطه غيلان الشعلالي الذي أجرى مؤخرا جراحة خفيفة على مستوى اركبته,نادي الدم و الذهب سيكون محروما من خدمات نجم خط وسطه غيلان الشعلالي الذي اجرى مؤخرا جراحة خفيفة على مستوى ركبته,7.894000053405762,youtube_dgZYdAWKwy8_6,0.23809523809523808
labeled_linagora_cs_arabize,في الجهة الأخرى يغيب على الغريم الأفريقي النجم الدولي نادر الغندري الذي تعرض لإصابة عظلية خلال بطولة كيرينا الدولية,في الجهته الاخرى يغيبو على الغريم الافريقي النجم الدوالي نادر الغندري الذي تعرض لاصابة عضلية خلال بطولة كيرين الدولية,8.133000373840332,youtube_dgZYdAWKwy8_7,0.42105263157894735
labeled_linagora_cs_arabize,تو نمسو للنقطة الثانية والتشابه في مدربان جديدا,و توا نمشيو للنقط الثانيه و التشبه في مدريبان جديدان,3.937999963760376,youtube_dgZYdAWKwy8_8,0.9
labeled_linagora_cs_arabize,يخوض الطرسي والأفريقي مواجهة الدربي بمدربين شديدين مقارنة بمباراة الذهاب التي أقيمت يوم  مايو الماضي,يخوض الترجي والافريقي مواجهة الديربي بمدربين جديدين مقارنة بمباراة الذهاب التي اوقيمت يوم الثامن من مايو الماضي,7.711999893188477,youtube_dgZYdAWKwy8_9,0.4117647058823529
labeled_linagora_cs_arabize,نبي المعلول خلفا لرضي جعيدي الذي انتهت التجربة مع الترجي بعد الخسارة أمامه إلى مساكن في كاس تونس سم عدل السليمي فتولى مؤخرا الإشراف على الأفريقي خلافا لمنتصر لوحيف,نبيل معلول خلافة راضي الجعايدي الذي انتهت التجربته مع الترجي بعد الخسارة امام هلال مساكن في كاس تونس اما عادل السليمي فتولى مؤخرا الاشراف على الافريقي خلفا لمنتصر الوحيشي,11.199999809265137,youtube_dgZYdAWKwy8_10,0.4827586206896552
labeled_linagora_cs_arabize,يعتمد كل من الطرجي والأفريقي على طريقة اللعب المشتركة والمتمثلة في3 بتواجدث لاعبين دفاعيين في خط وسط الميدا,يعتمد كل من الترجي و الافريقي على طريقة لعب مشتركة و المتمثلة في اربع تلاثه تلاثه بتواجد تلاثه لاعبين دفاعيين في خط وسط الميدان,9.215999603271484,youtube_dgZYdAWKwy8_11,0.5833333333333334
labeled_linagora_cs_arabize,وكثيرا ما شكل خط الوسط مفتاح الفوز بمواجهة الدربي حيث أن الفريق الذي يسيطر على هذه المنطقة الاستراتيجية يملك حظوظ نوفر لحسم المباراة,وكثيرا ما شكل خط الوسط مفتاح الفوز بمواجهة الديربي حيث ان الفريق الذي يسيطر على هاذي المنطقة الاستراتيجية يملك حظوظ اوفر لحسم المباراة,8.960000038146973,youtube_dgZYdAWKwy8_12,0.17391304347826086
labeled_linagora_cs_arabize,شي الحق كلم شي معناها  أ فيهذ كان ح    عل القي,افريثينق بالحق كلماشي معناها يو هاف تو انفست ان ذيس و كان وان داي لايك يو دونت فيل ذي سايم واي,12.015999794006348,Melekher0000008_0000104_0000000_Melekher8_104_0_0,0.9523809523809523
labeled_linagora_cs_arabize,ف لزيشو متاعي ف البروميير ني كي نكون شيمات,فال لي ايتود متاعي فال بريميير اني كان كونشي ماث,3.0480000972747803,0000027_0000256_0000000_27_256_0_0,0.9
labeled_linagora_cs_arabize,هي د زانس منظمين راه في الفيسبوك راه بالحق,سي دي جون منظمين راهم في الفايسبوك بالحق,3.687999963760376,0000038_0000096_0000001_38_96_1_0,0.75
labeled_linagora_cs_arabize,عندي اللي تحب عليه ونقترح علي كذا,عندي الي تحب عليه ونقترح عليك هاذا,2.9519999027252197,TunSwitchTO_0000039_0000015_0000027_0000075v_39_15_27_75v_0,0.42857142857142855
labeled_linagora_cs_arabize,ش,الصاك,0.8159999847412109,ar--1338_0.75.wav_1338_0.75_0,1.0
labeled_linagora_cs_arabize,يخمم فيالعرس وما تحتو حتى منلي بالليه هي رجال صارحوني فما منكم شكون هكا,يخمم في العرس وما تحتو حتى مليم باللهي يارجال صارحوني فمة منكم اشكون هكة,5.5920000076293945,TunSwitchTO_0000031_0000019_0000047_w0000005j_31_19_47_w5j_0,0.6428571428571429
labeled_linagora_cs_arabize,راني باش نجاوبك بكلام عند الله وليس من عندي قال تعالى الذين,هاني باش نجاوبك بكلام من عند الله وليس من عندي قال تعالى الذين,5.552000045776367,TunSwitchTO_0000009_0000012_0000049_fkd_9_12_49_fkd_0,0.15384615384615385
labeled_linagora_cs_arabize,البرج,البرج,1.0080000162124634,ar--1421_0.75.wav_1421_0.75_0,0.0
labeled_linagora_cs_arabize,على فكرة عندي اجديد باش نعفز,على فكرة عندي الجديد باش نعرس,2.3440001010894775,TunSwitchTO_0000047_0000023_0000030_ziz_47_23_30_ziz_0,0.3333333333333333
labeled_linagora_cs_arabize,نا بيشت ني أس أزر شص,ما فماش ثنية اسهل واسرع باش نوصلك,1.784000039100647,ar--3580_1.5.wav_3580_1.5_0,1.0
labeled_linagora_cs_arabize,네,باهي,0.5040000081062317,ar--1114_1.25.wav_1114_1.25_0,1.0
labeled_linagora_cs_arabize,اسفر,السفر,0.6399999856948853,ar--2055_1.wav_2055_1_0,1.0
labeled_linagora_cs_arabize,تسمعة الطيارة,تسكرة الطيارة,0.984000027179718,ar--1808_1.25.wav_1808_1.25_0,0.5
labeled_linagora_cs_arabize,كما قا براhiم l'industrie a foin zero c'et l'internet of things c'est vraiment delié la machine,كيما قال براهم لانداستري كاتر بوينت زيرو سي سي لينترنات اوف ثينقز سي فريمون دي ليي لا ماشين,7.056000232696533,0000008_0000061_8_61_0,1.0
labeled_linagora_cs_arabize,في مشاكل نتاع برودشيفيت شنو ما جبس للي خليونا نخرجو من المشاكل هاذوكم كيفاش معناها بار وحيقو على تجيرعابرسو ن باش نحكيو على تجاربنا نحنا الشخصيه,في مشاكل متاع برودكتيفيتي شنوما ال تيبس الي خلاونا نخرجوا من المشاكل هاذوكم معناها باز يونيكمون على دي اكسبيريونس بيرسونيل من باش نحكيوا على تجاربنا نحنا الشخصية,12.031999588012695,0000027_0000008_0000000_27_8_0_0,0.6296296296296297
labeled_linagora_cs_arabize,لله تسلفة ت م الحضائر متعرضين للمدرسة نعطيك معه في بودرس في جاسرين للآن مسكر بالحجر,نرمالمن سنسي يقراو امم,10.67199993133545,amenyKH_partie0000004_chunk_0000046_partie4_chunk_46_0,4.0
labeled_linagora_cs_arabize,مازالت عندهم إشكالية وربما حتى,ما زالت عندهم اشكالية ربما حتى,2.2799999713897705,amenyKH_0000006_0000006_0002012_partie0000002_chunk_0000126_06_06_2012_partie2_chunk_126_0,0.6666666666666666
labeled_linagora_cs_arabize,المرا,المراء,0.5759999752044678,ar--2348_1.wav_2348_1_0,1.0
labeled_linagora_cs_arabize,قبل بار خامبل كان عنا رئيس وزراء تو دخلت الأمور ما بين لسلفية ما بين النهضوية ما بين الأحزاب ما بين دراشنية احنا ماناش فاهمين,قبل بار ايكسمبل كان عندنا رئيس ووزراء توا تخلطت الامور ما بين سلفية ما بين نهضاوية ما بين الاحزاب ما بين ندرا شنيا احنا ما ناش فاهمين,10.744000434875488,amenyKH_MOSAIQUEFM_FORUM_8102012_partie0000002_chunk_0000059_MOSAIQUEFM_FORUM_08102012_partie2_chunk_59_0,0.48148148148148145
labeled_linagora_cs_arabize,اولا البيت الشعري هذا عام ليس خاص ويشمل الظلم والجوع ونحو ذلك من القضايا,اولا البيت الشعري هاذا عام وليس خاص ويشمل الظلم و الجوع ونحو ذلك من القضايا,6.375999927520752,TunSwitchTO_0000057_0000015_0000031_q0000083_57_15_31_q83_0,0.26666666666666666
labeled_linagora_cs_arabize,يعني التونسي اليوم ربما حتى,يعني التونسي اليوم م م ربما حتى,2.1040000915527344,amenyKH_0000006_0000006_0002012_partie0000006_chunk_0000204_06_06_2012_partie6_chunk_204_0,0.2857142857142857
labeled_linagora_cs_arabize,و ميساجات محلاهمسيرتو لميساجات محلاهم علخر ثانكيوس,وميساجات محلاهم سورتو الميساجات محلاهم عالاخر ثانك يو,3.2160000801086426,0000027_0000001_0000002_27_1_2_0,0.875
labeled_linagora_cs_arabize,إذا كان فما شكون يقرب ربا ربي معك معاك,اذا كان فمة شكون يقرى بريبا ربي معاك,3.815999984741211,0000027_0000013_0000003_27_13_3_0,0.625
labeled_linagora_cs_arabize,كانت حانود صغيرة باشا خارج المدينة,كانت حانوت صغيرة برشا خارج المدينة,2.431999921798706,ar--3349_1.25.wav_3349_1.25_0,0.3333333333333333
labeled_linagora_cs_arabize,الشيو,الشاريو,0.6480000019073486,ar--1872_1.25.wav_1872_1.25_0,1.0
labeled_linagora_cs_arabize,نستعملال المويسترايزر متاع الغوش بوزاي,لا روش بوزاي متاع مويستشرايزر نستعمل ال,5.392000198364258,0000075_0000043_0000002_75_43_2_0,0.8571428571428571
labeled_linagora_cs_arabize,بقرية الخدمة عملتها آنا وعبضن,بقية الخدمة عملتها انا و عبد الله,2.496000051498413,ar--3661_1.5.wav_3661_1.5_0,0.7142857142857143
labeled_linagora_cs_arabize,الخباض,الخلاص,0.6639999747276306,ar--1900_1.25.wav_1900_1.25_0,1.0
labeled_linagora_cs_arabize,وكان باش نحكيو على المرأة السوداء في السياق هذا لازمنا نفهمو ونعالجو التمييز اللي تعرضلو هي كمرأةس سوداء فبلاما نحاول نعالجو كل تمييز وحده بشكل منفصل,و كان باش نحكيوا عالمراة السوداء في السياق هاذا لازمنا نفهموا و نعالجوا التمييز الي تتعرضلوا هيا كمراة سوداء فبلاصة مانحاولوا نعالجوا كل تمييز وحدو بشكل منفصل,9.895999908447266,0000050_0000004_0000001_50_4_1_0,0.6296296296296297
labeled_linagora_cs_arabize,而前,عطشان,0.6079999804496765,ar--1399_1.5.wav_1399_1.5_0,1.0
labeled_linagora_cs_arabize,يوحل في,يوحل في,0.7839999794960022,ar--2031_1.wav_2031_1_0,0.0
labeled_linagora_cs_arabize,د بعد مابين قوسين معناها,كونسيدرد بعد ما بين قوسين معناها,3.055999994277954,Melekher0000009_0000086_0000000_Melekher9_86_0_0,0.5
labeled_linagora_cs_arabize,يمكن هذا اللي خلاني عمري لنقول دار نعلميولتي محبيتشاخد,يمكن هاذا الي خلاني عمري لا نقول لدارنا على ميولاتي ما حبيتش ناخذ,4.223999977111816,TunSwitchTO_0000121_0000022_0000032_0000003z0000002_121_22_32_3z2_0,0.7692307692307693
labeled_linagora_cs_arabize,كل أنواع تزييف خبرناها و جربناها و لهذا بسيطة جدا يعني تعمل العكس بالشيء اللي كنا نعمله فيه,كل انواع التزييف خبرناها وجربناها ولهذا بسيطة جدا يعني تعمل العكس بالشي الي كنا نعملوا فيه,4.679999828338623,amenyKH_0000002_chunk_0000189_002_chunk_189_0,0.5625
labeled_linagora_cs_arabize,и массах,يمسخ,1.2799999713897705,ar--1626_0.75.wav_1626_0.75_0,2.0
labeled_linagora_cs_arabize,قلل راني أنا عندي أر أقسام,يقول لها راني انا عندي اربعة اقسام,1.6720000505447388,amenyKH_Partie0000005_chunk_0000029_Partie5_chunk_29_0,0.7142857142857143
labeled_linagora_cs_arabize,ودراسات أعدت في الغرض لالتي تعنى بالأساس بالفئة هذي صحيح معنتها فئة من المجتمع مهمة توا معنتها الوولاثيو منتها,ودراسات اعدت في الغرض ل التي تعنى بالاساس بالفئه هاذي صحيح معناتها فئه من المجتمع مهمه توا معناتها البوبيلاسيون معنتها,11.911999702453613,segment_0000874_segment_874_0,0.6
labeled_linagora_cs_arabize,وصل الحاكم مشىللدار كم كانو شبه متاكدين كون سيد مخبي حاجة تربطة الخيوط ومنظن كان من فراغ كلب عميرة الوفي كان ديما يقعد ينبح قدام دار عطية تصرفات كلب عميرة خلت الام تشك في عطية وخلت البو,وصل الحاكم مشى للدار كما كان و شبه متاكدين كونه سيد مخبي حاجه تربتت الخيوط وما نظن كان من فراغ كلب عميره الوفي كان ديما يقعد وينبح قدام دار عطيه تصرفات كلب عميره خلت الام تشك في عطيه وخلت البو,14.552000045776367,segment_0000527_segment_527_0,0.375
labeled_linagora_cs_arabize,ا حاجة معناتها عجبتني برشا كي ما كنتش نعرف اح سمعتبالتجربة ذا نتمنى النجاح الكامل ل ههالعمليةل هذيا ولبز كيما,حاجه معناتها عجبتني برشا كي ما كنتش نعرف دونك البارح سمعت بالتجربه دونك نتمنى النجاح الكامل لهل العمليه لاكسيون هاذيا و ل بزوان ميما قلت لو,14.527999877929688,segment_0000958_segment_958_0,0.6153846153846154
labeled_linagora_cs_arabize,لحليب ومشتقاته,لحليب و مشتقاتو,1.5679999589920044,ar--1665_1.wav_1665_1_0,0.6666666666666666
labeled_linagora_cs_arabize,يخلي نجي مم كل شي  مفيدش لاماج,يظهرلي نجم نلق كل شيء كان من القيتش توا نطلبك,2.759999990463257,ar--3582_1.5.wav_3582_1.5_0,0.9
labeled_linagora_cs_arabize,البيتزا,البيدزا,0.7599999904632568,ar--1501_1.wav_1501_1_0,1.0
labeled_linagora_cs_arabize,ramza waliṭafit zaboram usigaro haعali yeti uqali asma malirit kajbi jebtni kaطr,غمزة وليت طفيت زبور امو السيقارو شدلي يدي وقلي اسمع ماللي ريتك عجبتني عجبتني خاطر,6.863999843597412,TunSwitchTO_0000173_0000001_0000049_ex0000007_173_01_49_ex7_0,1.0
labeled_linagora_cs_arabize,شباب فد,شباب فد,0.6480000019073486,amenyKH_tataouine__for_acoustic_analysis_Sync0000027_no_speaker_0000196.0000015_0000196.0000095_tataouine__for_acoustic_analysis_Sync027_no_speaker_196.15_196.95_0,0.0
labeled_linagora_cs_arabize,iسمa fيsو jikelen cي,يسمع في صوت يكلم فيه,1.3839999437332153,0000019_0000106_19_106_0,1.0
labeled_linagora_cs_arabize,ju,الجوب,0.5120000243186951,ar--2043_1.25.wav_2043_1.25_0,1.0
labeled_linagora_cs_arabize,рап тинис,يلعب تنيس,2.055999994277954,ar--1575_0.75.wav_1575_0.75_0,1.0
labeled_linagora_cs_arabize,اهوك شفتوا كاش صغير هذيا ناخدو النص لاخر اما المرة هذي مش باش نعملو سوابعة باش نعملوا كعبة صمسق,هكة اهوكه شفتوا كيفاش صغير هذايا ناخذو النص الاخر اما المره هذ مش بس نعملوا صوابع باش نعملوا كعبه,11.248000144958496,segment_0000017_segment_17_0,0.6842105263157895
labeled_linagora_cs_arabize,قداش تشدني الغصة ي صاحباتي يسألوني ياأخي لعيب منك ولا منه,قداش تشدني الغصة كي صحباتي يسالوني ياخي العيب منك ولا منو,3.48799991607666,0000022_0000053_22_53_0,0.5454545454545454
labeled_linagora_cs_arabize,يعمل,يعمل,0.5519999861717224,ar--1325_1.wav_1325_1_0,0.0
labeled_linagora_cs_arabize,منخلي حتى شي ورايه من الحاجات لي هزيناهم اما توه قعد نحاول اكثر اني,ما نخلي حتى شيء ورايا من الحاجات لي هزيناهم اما توا قاعدة نحاول اكث اني,5.671999931335449,0000053_0000157_0000001_53_157_1_0,0.4666666666666667
labeled_linagora_cs_arabize,نار   كان خمسوخمس صباح,ياخي في النهار يحصل في الساقية ما يحصلش كان الخمسة و الخمسة الصباح ياقف في الساقية,6.616000175476074,amenyKH_MIC0000001_mod_0000015_chunk_0000008_MIC00001_mod_15_chunk_8_0,0.9375
labeled_linagora_cs_arabize,فارg,فارغ,0.5920000076293945,ar--1691_1.wav_1691_1_0,1.0
labeled_linagora_cs_arabize,نحب نعمل حاجة ثلاثة ونص متاع القائلة,نحب نعمل حجز للثلاثة و نصف متاع القايلة,3.128000020980835,TunSwitchTO_0000071_0000014_0000059_eac_71_14_59_eac_0,0.625
labeled_linagora_cs_arabize,كان يستدعيهم الما يجالسو,كان يستدعيهم لمجالسو,1.3680000305175781,0000019_0000037_19_37_0,0.6666666666666666
labeled_linagora_cs_arabize,محلول,محلول,0.7680000066757202,ar--1988_0.75.wav_1988_0.75_0,0.0
labeled_linagora_cs_arabize,ر  لر عب,الي انا نقول صعيبة برشا خاطرني تعديت بيريود في الكراهب عملت برشا تجارب صغيرة ماللي انا نقرى برشا تجارب اما وقتها يمكن,12.031999588012695,0000026_0000051_0000000_26_51_0_0,1.0
labeled_linagora_cs_arabize,فلالكومونيس,كوميونيزم في ال,1.5199999809265137,0000076_0000160_0000005_76_160_5_0,1.0
labeled_linagora_cs_arabize,有,يقعد,0.7839999794960022,ar--1980_0.75.wav_1980_0.75_0,1.0
labeled_linagora_cs_arabize,عاسيلو كانون هذاي كان المنقض متاعي أنا الحقيقة,حاصيلو كانون هاذايا كان المنقذ متاعي انا لحقيقى,2.9760000705718994,0000027_0000167_0000000_27_167_0_0,0.625
labeled_linagora_cs_arabize,الفينيقيون جاؤوا ومعهم الكتابة,الفينيقيون جاؤوا ومعهم الكتابه,3.7660000324249268,youtube_UqR5Y-1XZtk_0,0.25
labeled_linagora_cs_arabize,ومعهم العلوم وهم الذين علموا الكتابة,ومعهم العلوم وهو وهم الذين علموا الكتابه,3.8459999561309814,youtube_UqR5Y-1XZtk_1,0.2857142857142857
labeled_linagora_cs_arabize,اأبجدية وعلموا العلوم للإغريق منذلق,الابجديه وعلموا العلوم للاغريق منذ القرن,4.4679999351501465,youtube_UqR5Y-1XZtk_2,0.6666666666666666
labeled_linagora_cs_arabize,قل الم,الخامس قبل الميلاد,1.2430000305175781,youtube_UqR5Y-1XZtk_3,1.0
labeled_linagora_cs_arabize,وإرادات يعترف بذلك إراد طاسل مؤرخ,وارادات يعترف بذلك اراده تواصل مؤرخ,3.8459999561309814,youtube_UqR5Y-1XZtk_4,0.5
labeled_linagora_cs_arabize,يتسمى بأبو التاريخ لقبو يعترف يقوللك,و الي يتسمى ابو التاريخ لقبوه يعترف يقول,3.6459999084472656,youtube_UqR5Y-1XZtk_5,0.625
labeled_linagora_cs_arabize,ن غريق علمنا الفينقيين,لك احنا اغريق علمونا الفينيقيين ولا نشرف,3.9260001182556152,youtube_UqR5Y-1XZtk_6,1.0
labeled_linagora_cs_arabize,ورثنا عن قرطاجة ل,كبير جدا نحن وارثنا عن قرطاجه مثل هاذا,4.386000156402588,youtube_UqR5Y-1XZtk_7,0.875
labeled_linagora_cs_arabize,فير العقلاني وهذا لتنظيم المؤسساتي,التفكير العقلاني و هاذا التنظيم المؤسساتي,5.4070000648498535,youtube_UqR5Y-1XZtk_8,0.6666666666666666
labeled_linagora_cs_arabize,لمؤسسة التسري فعروقنا أكثر من أي شعب,المؤسسه التسري فاروقنا اكثر من اي شعب,4.605999946594238,youtube_UqR5Y-1XZtk_9,0.5714285714285714
labeled_linagora_cs_arabize,ثم فيما بعد طبع روما خت علينا,آخر ثم فيما بعد بالطبع روما خذت علينا,3.624000072479248,youtube_UqR5Y-1XZtk_10,0.375
labeled_linagora_cs_arabize,رش حاجات وأضافت إلينا,برشا حاجات واضافت الينا برشا,3.0,youtube_UqR5Y-1XZtk_11,0.8
labeled_linagora_cs_arabize,离婚多好,في كل بقعة,0.6880000233650208,ar--2279_1.5.wav_2279_1.5_0,1.0
labeled_linagora_cs_arabize,sska,في الشوكة,0.5440000295639038,ar--1307_1.25.wav_1307_1.25_0,1.0
labeled_linagora_cs_arabize,ونهرب معناها نعرف الي ذا'س ماي ول هذات'س ات,و نهرب معناها نعرف الي ذطس مي كالنيغ ذطس وات,3.4639999866485596,amenyKH_Melekher0000010_0000201_0000002_Melekher10_201_2_0,0.7
labeled_linagora_cs_arabize,فيه المادة هذه الاستهلاكية اللي هي الدخان مهما كان,في ها المادة هاذيا الاستهلاكية الي هيا الدخان مهما كان,3.128000020980835,amenyKH_0000006_0000006_0002012_partie0000003_chunk_0000094_06_06_2012_partie3_chunk_94_0,0.5
labeled_linagora_cs_arabize,رج م جرن خارج من تجربة خاب,وانا خارج من تجربة خايبة,2.9040000438690186,0000026_0000038_0000001_26_38_1_0,0.8
labeled_linagora_cs_arabize,مناقلرجال,وريني مناقل رجال,1.2239999771118164,TunSwitchTO_0000152_0000022_0000042_0000064p_152_22_42_64p_0,1.0
labeled_linagora_cs_arabize,الغروب,الغروب,1.0240000486373901,ar--1149_0.75.wav_1149_0.75_0,0.0
labeled_linagora_cs_arabize,خمو انه يعملها كانت دجا فاطمة قرية لها حسابها كمل مراد الاستنطاق متاعه وكان مشي فى باله بالي الاخت فاطمة قاعدة تسجلو في حديثه باش نبعد تهزو للحكم وتشكي بيه كم كوا يكون هكيكا سبب روحه كان متهني,خمم و انهدو يعملها كانت ديجا فاطمه قاريتلها حسابها كمل مراد الاستنطاق متاعو وكان ماشي في بالو باللي الاخت فاطمه قاعده تسجلو في حديثو باش من بعد تهزو للحاكم وتشكي بيه كمكوا يكون هكيكا صب بروحو كان متهني وكان,13.663999557495117,segment_0000739_segment_739_0,0.5897435897435898
labeled_linagora_cs_arabize,ازية,الزاير,0.5040000081062317,ar--1803_1.5.wav_1803_1.5_0,1.0
labeled_linagora_cs_arabize,يتلف,يتكلف,0.7760000228881836,ar--1684_1.25.wav_1684_1.25_0,1.0
labeled_linagora_cs_arabize,-ehwi mtalmusic umta sountrak,ساوند تراك و متاع موزيك متاع لي شوا,2.384000062942505,0000076_0000093_0000001_76_93_1_0,1.0
labeled_linagora_cs_arabize,البرنامج كيفاش نقولو البرنامج ولا الطقوس نتاعنا قبل شهد نوع,البرنامج كيفاش نقولوا البرنامج ولا الطقوس متاعنا قبل شهد نوع,4.432000160217285,amenyKH_Hkayet_Tounsia_S0000002_Episode_0000028_0000026_0000003_0002018_Partie_0000003_Sync0000020_no_speaker_0000122.0000026_0000126.0000068_Hkayet_Tounsia_S02_Episode_28_26_03_2018_Partie_03_Sync020_no_speaker_122.26_126.68_0,0.2
labeled_linagora_cs_arabize,elifيt,البوفي,0.6959999799728394,ar--1498_1.25.wav_1498_1.25_0,1.0
labeled_linagora_cs_arabize,ما تدخللا كانك الثايس منحياتك,ما تدخللها كان كيف تايس من حياتك,1.6959999799728394,0000020_0000050_20_50_0,0.8571428571428571
labeled_linagora_cs_arabize,الاموت نتاعي ور ل وف الملييس اما حاولت ان نجريهم,ال ايموشيون متاعي وير اول اوفر ذي بلاس اما حاولت نجاريهم,5.007999897003174,Melekher0000010_0000236_0000001_Melekher10_236_1_0,0.9090909090909091
labeled_linagora_cs_arabize,نحب برشا الغنا القديم,نحب برشا الغنى القديم,2.0320000648498535,TunSwitchTO_0000113_0000000_0000020_h0000001d_113_00_20_h1d_0,0.25
labeled_linagora_cs_arabize,البنات اللي تبعو فيك أونكير أون فوi كيفاش تحبهم يتفكرو كفاش تحبهم يراو كفش شنوا تحب معناتها شنو ها الامباكت اللي تحب تكون عندك على البنات,البنات لي يتبعوا فيك انكور يون فوا كيفاش تحبهم يتفكروك كيفاش تحبهم يراوك كيفاش شنوا تحب معنتها شنوا ال امباكت لي تحب تكون عندك عالبنات,6.631999969482422,0000035_0000149_0000002_35_149_2_0,0.64
labeled_linagora_cs_arabize,ثم عصير أناناس عصير قارص وعصير طماط,فمة عصير اناناس عصير قارس و عصير طماطم,3.1519999504089355,TunSwitchTO_0000054_0000002_0000017_xi0000002_54_02_17_xi2_0,0.75
labeled_linagora_cs_arabize,ملدي بن عبد الأحمد الجاسم,مهدي بي عبد الحميد القاسمي,1.4880000352859497,0000023_0000015_23_15_0,0.8
labeled_linagora_cs_arabize,ihuf,يشوف,0.6399999856948853,ar--2008_1.wav_2008_1_0,1.0
labeled_linagora_cs_arabize,ليهي تو,لاهي توا,0.6800000071525574,TunSwitchTO_0000007_0000000_0000007_0000003yk_7_00_07_3yk_0,1.0
labeled_linagora_cs_arabize,التفاح,التفاح,1.215999960899353,ar--1205_0.75.wav_1205_0.75_0,0.0
labeled_linagora_cs_arabize,اتهام يعاودو يدورو على جارهم عطي بو قريقش واللي بيزرمهم العام اللي اختفا فيه عميره وهو يعيش وحده فيالدار هذيك عايش وحده هو وزويل متاعه في نفس الدار برشا ولا شكين فيه كثر الحديث عليه,الاتهام يعاودوا يدوروا على جارهم عطيه بو قرقش و الي بيزارمو العام الي اختفى فيها عميره وهو يعيش وحده في الدار هذيكة عايش وحده هو وزويل متاعه في نفس الدار برشا ولاو شاكين فيه كثر الحديث عليه لكن كيف,14.383999824523926,segment_0000517_segment_517_0,0.46153846153846156
labeled_linagora_cs_arabize,لكن حتى كان معندهمش دخل من دون ادنى شك باش يعديو شوية عوام في الحابس التهمة التستر على قضية كيمان هذه وعدم ابلاغ السلطات يقال وانه سبب عجز عميرة على الهروب من الدار وسبب الاحاسيس الغريبة اللي كانت تجي,لكن حتى كان ما عندهمش دخل من دون ادن شك باش يعديو شويه عوام في الحبس تهمه التستر على قضيه ك هاذي وعدم ابلاغ السلطات يقال و انه سبب عجز عميره على الهروب من الدار وسبب الاحاسيس الغريبه الي كانت تجيه وقت,13.64799976348877,segment_0000556_segment_556_0,0.38095238095238093
labeled_linagora_cs_arabize,قبل بجمعة من رلط لكوكر د أنا كنت إنسانة ياسر رس عالر,قبل بجمعة من ريزولتا ال كونكور دونك انا كنت انسانة ياسر ستريسي عال ريزولتا,6.576000213623047,0000027_0000327_0000003_27_327_3_0,0.6428571428571429
labeled_linagora_cs_arabize,والد عميرة وخلى عطية يرتبك ويدخل بعضه مشالها الحاكم بعدتبن وضهر لهم بابصن حل الباب الصغرون هذاك ولهنا وين كان الصدمة الكرى,ولد اخو عميره وخلى عطيه يرتبك ويدخل بعضه مشال لها الحاكم بعد تبن وظهر لهم باب صغرون حلوا الباب الصغرون هذاكة و لهنا وين كانت الصدمة الكبرى راجل كبير في الاربعينات,11.935999870300293,segment_0000534_segment_534_0,0.6774193548387096
labeled_linagora_cs_arabize,عمل رشيفتاي اخضر وبراس وافق لهذفف,عمل رشيفة تاي اخضر و براسو وافق لهادي,2.9600000381469727,0000019_0000181_19_181_0,0.625
labeled_linagora_cs_arabize,ونعمل ماكياج ونقبل روحي ونعمل الحاجة نحب نعملها يعني كمرأة يعني الفامانان تيم,و نعمل ماكياج و نقبل روحي و نعمل الحاجة لي انجم نحب نعملها يعني كا مراة يعني ال فيمينينيتي,6.576000213623047,0000052_0000036_0000000_52_36_0_0,0.631578947368421
labeled_linagora_cs_arabize,انا المراالي محرومة محرومة من لصغار,انا المراء لي محرومة محرومة من الصغار,2.7119998931884766,0000022_0000030_22_30_0,0.42857142857142855
labeled_linagora_cs_arabize,ياسيدي ما خممتش حتى لحبة,يا سيد ما خممتش حتى لحظة,1.6160000562667847,0000020_0000164_20_164_0,0.5
labeled_linagora_cs_arabize,الزوز تفرجوع الفيلم,الزوز تفرجو عالفيلم,2.4800000190734863,ar--3607_0.75.wav_3607_0.75_0,0.6666666666666666
labeled_linagora_cs_arabize,هاذي هنا,هاذي هنا,0.7440000176429749,ar--1303_1.wav_1303_1_0,0.0
labeled_linagora_cs_arabize,دخل الخديم للدار وبعد دقيقة ولا اثنين رجعلي,دخل الخديم للدار و بعد دقيقة ولا دقيقتين رجعلي,3.7119998931884766,0000020_0000127_20_127_0,0.3333333333333333
labeled_linagora_cs_arabize,هذاك عليش يبددينا لتوتر تيسق,هذاكة علاش يبدا ديمة متوتر كي سوق,2.3440001010894775,ar--3265_1.5.wav_3265_1.5_0,1.0
labeled_linagora_cs_arabize,دوروش زربوط وملعبوش تريبولات اللي معندهمش لبوم فيالدار ومخبين,دوروش زربوط وما لعبوش تريبولات الي ما عندهمش البوم في الدار ومخبين,4.199999809265137,TunSwitchTO_0000069_0000022_0000010_b0000035_69_22_10_b35_0,0.6666666666666666
labeled_linagora_cs_arabize,مثالكون تحب سامحني فيالكلمةبروفر بسقولفبا,ما يسالش قول الي تحب سامحني في الكلمة فمة برفيرب بالسوري يقول له شيان ابوا ايه له كارافان باص,6.800000190734863,amenyKH_MOSAIQUEFM_FORUM_8102012_partie0000002_chunk_0000032_MOSAIQUEFM_FORUM_08102012_partie2_chunk_32_0,0.8947368421052632
labeled_linagora_cs_arabize,وصولا إلى مونفلوري,وصولا الي مونتفليوري,1.3839999437332153,0000023_0000078_23_78_0,0.6666666666666666
labeled_linagora_cs_arabize,يяks,يقصد,0.7200000286102295,ar--1908_0.75.wav_1908_0.75_0,1.0
labeled_linagora_cs_arabize,اللي توا وقعت المناذرة,الي توا وقعت المناظرة,1.9759999513626099,amenyKH_Partie0000005_chunk_0000107_Partie5_chunk_107_0,0.5
labeled_linagora_cs_arabize,والله صحيح صحيح أنا أول ما جاتنيالبربوstو متاع المسو هداي السéرية هذايا كنت ياسر,و الله صحيح صحيح انا اول ما جاتني ل بروبوزيسيون متاع ال ايميسيون هاذيا ال سيري هاذيا كنت ياسر,6.415999889373779,0000017_0000006_17_6_0,0.6842105263157895
labeled_linagora_cs_arabize,شكلنا ملين جينا ملفين ماشين أحسن مسبو في الناس بالفراغ وبالعربي,ارواحنا ومشاكلنا ومنين جينا ولفين ماشين احسن ماللي نسبو في الناس بالفارغ او بالعربي,5.535999774932861,TunSwitchTO_0000126_0000001_0000034_oh0000006_126_01_34_oh6_0,0.7142857142857143
labeled_linagora_cs_arabize,كله غالط هو في نفسه غالطة,كلو غالط الي الي هو في نفسو غلطة,2.559999942779541,amenyKH_0000008_chunk_0000590_008_chunk_590_0,0.625
labeled_linagora_cs_arabize,صحيح عطلتنا خليتنا نخموا في حاجات خوي جيستمان واش نكملوا نحكيو شنوا عملنا مك ال ميم لومبس زجات ور أبروفي ك ل تريزم وا شانجتر,صحيح عطلتنا خلاتنا نخممو في حاجات اخرين جوستومون باش نكملو نحكيو شنوا عملنا مي او ميم تون بور ابروفير كي لي توريسم فا شانجي,9.119999885559082,0000016_0000025_16_25_0,0.7083333333333334
labeled_linagora_cs_arabize,الفليجة,الفليجة,0.8159999847412109,ar--1703_1.wav_1703_1_0,0.0
labeled_linagora_cs_arabize,معنتها  المعهد هذيا جديد,معناتها ال ال المعهد هذايا جديد,2.51200008392334,amenyKH_partie0000004_chunk_0000138_partie4_chunk_138_0,0.6666666666666666
labeled_linagora_cs_arabize,ديريا كلب أقرب لكشي تربح تليفون توضيح بسيط الترسيم في الجمعات والمعاهد العليا عنده سنوات,ميزيريا كلبة اقرا بالكشي تربح تاليفون توضيح بسيط الترسيم في الجامعات و المعاهد العليا عندو سنوات,6.480000019073486,TunSwitchTO_0000005_0000022_0000012_ygz_5_22_12_ygz_0,0.5625
labeled_linagora_cs_arabize,بلوسنا أقل من ألف دولار,فلوسنا اقل من الف دولار,1.6959999799728394,TunSwitchTO_0000005_0000019_0000039_kcm_5_19_39_kcm_0,0.6
labeled_linagora_cs_arabize,من بعد ولد ساعتين من بعد ولد ثلاث سويع من بعد خط للجيم,من بعد ولات ساعتين من بعد ولات ثلاثة سوايع من بعد دخلت لل جيم من بعد,4.495999813079834,Melekher0000010_0000186_0000001_Melekher10_186_1_0,0.5625
labeled_linagora_cs_arabize,ومن بعد ما سافر يعقوب والعرش الكل لمصر كيف ماطلب منهم يوسف اللي وقتها كان مسؤول كبير في بلاد مصر,و من بعد ما سافر يعقوب و العرش الكل لمصر كيف ما طلب منهم يوسف الي وقتها كان مسؤول كبير في بلاد مصر,6.992000102996826,11_Moses0_Birth_OneStory_AEB_0,0.30434782608695654
labeled_linagora_cs_arabize,تعدت سنين وسنين ومات يعقوب ومات يوسف وخواته الكل والجيل متاع يوسف الكل ومن بعد هذاك ولادهم كبروا وكثروا برشا في بلاد مصر,تعدات سنين و سنين و مات يعقوب و مات يوسف و اخواتو الكل و الجيل متاع يوسف الكل و من بعد هذاكة اولادهم كبرو و كثرو برشا في بلاد مصر,11.359999656677246,11_Moses0_Birth_OneStory_AEB_1,0.6
labeled_linagora_cs_arabize,كثروا في العدد متاعهم وتعبيت بهم أرض مصر اي وقتها فما ملكة جديدة على مصر وللي ماكانش يعرف يوسف وخاف برشا من عدد شعب ربي الكبير في مصر وقال لشعبه,كثرو في العدد متاعهم و تعبات بيهم ارض مصر ايا وقتها فمة ملك جديد على مصر و الي ما كانش يعرف يوسف و خاف برشا من عدد شعب ربي الكبير في مصر قال لشعب,13.67199993133545,11_Moses0_Birth_OneStory_AEB_2,0.5
labeled_linagora_cs_arabize,كثرو ف بلادنا هالشعب خلينا نحدو من قوتهم باش ما يزيدوش ويكثرو ويتحدو مع أعدائنا في صورة حرب ويكونو ضدنا ويغلبونا,كثرو في بلادنا ها الشعب خلينا نحدو من قوتهم باش ما يزيدوش يكثرو و يتحدو مع اعدائنا في صورة حرب يكونو ضدنا و يغلبونا,10.215999603271484,11_Moses0_Birth_OneStory_AEB_3,0.4166666666666667
labeled_linagora_cs_arabize,ومن وقتها آمر الملاك الخدام والقدة متاعو باش يكلف شعب ربي بأصعب الأعمال متاع الخدم يعني هكيك يشقوهم ويظلوهم,و من وقتها آمر الملك الخدام و القادة متاعو باش يكلف شعب ربي باصعب الاعمال متاع الخدم يعني وهكاك يشقيوهم و يذلوهم,10.15999984741211,11_Moses0_Birth_OneStory_AEB_4,0.5
labeled_linagora_cs_arabize,اما غريب اللي كل ما يتعبوهم ويشقيهم في الخدمة متاعهم كان شعب ربي يكثر في العدد ياخي تخوفو المصريين من شعب ربي,اما الغريب الي كل ما يتعبوهم و يشقيوهم في الخدم متاعهم كان شعب ربي يكثر في العدد ياخي تخوفو المصريين من شعب ربي,9.479999542236328,11_Moses0_Birth_OneStory_AEB_5,0.21739130434782608
labeled_linagora_cs_arabize,وكانوا كل ما يخافو منهم أكثر يزيدو يستعبدوهم ويتحكموا فيهم أكثر وزل الشعب تحت لدين المصريين وزلو فيخدمة الفلاحة والبني بالطين وولات الخدمة صعيبة عليهم وشاقة,و كانو كل ما يخافو منهم اكثر يزيدو يستعبدوهم و يتحكمو فيهم اكثر و تذل الشعب تحت يدين المصريين و تذلو في خدمة الفلاحة و بني بالطين ولات الخدم صعيب عليهم و شاقة,13.791999816894531,11_Moses0_Birth_OneStory_AEB_6,0.6060606060606061
labeled_linagora_cs_arabize,وزاد أمر ملك مصر الزوج نساء القوابل اللي فالعادة يولدو في نساء شعب ربي وقاللهم كان ولدت مرأ وشفت اللي هذاك ولايد تقتلوه وإذا بنايا تخليوها تعيش,و زادة آمر ملك مصر الزوز النساء القوابل الي في العادة يولدو في نساء شعب ربي و قالهم كان ولدتوا مراء و شفتو الي هذاكة وليد تقتلوه و اذا بنية تخليوها تعيش,13.456000328063965,11_Moses0_Birth_OneStory_AEB_7,0.625
labeled_linagora_cs_arabize,لكن النساء القوابل كانو يعرفو ربي ويخافوه ومطعوش الملك فأمرو وقالولو ياسيدي راهو نسا شعب ربي مش كيف المصريين قويين برشا,لكن النساء القوابل كانو يعرفو ربي و يخافوه و ما طاعوش الملك في آمره و قالول يا سيد راه نساء شعب ربي مش كيف المصريين قويين برشا,10.800000190734863,11_Moses0_Birth_OneStory_AEB_8,0.48148148148148145
labeled_linagora_cs_arabize,الحد رهم يولدو قبل ما نحن نوصلولهم وأمر الملك منبعث لجميع شعبو باش يقتلو كل ولية ولد من شعب ربي يتولد جديد ويخليو البنات يعيش,لحد راهم يولدو قبل ما احنا نوصلولهم و آمر الملك من بعد لجميع شعبه باش يقتلو كل وليد تولد من شعب ربي يتولد جديد و يخليو البنات تعيش,12.039999961853027,11_Moses0_Birth_OneStory_AEB_9,0.4642857142857143
labeled_linagora_cs_arabize,وكل وليد يرميوه في النهر باش يقتلوه ويتخلصوا منه ايا هو فما مرا من شعب ربي كيولدت جبت وليد,و كل وليد يرميوه في النهر باش يقتلوه و يتخلصو منه ايا هاو فمة مراء من شعب ربي كي ولدت جابت وليد,7.671999931335449,11_Moses0_Birth_OneStory_AEB_10,0.45454545454545453
labeled_linagora_cs_arabize,ومين حلا فيعينها وسخفها باش ترميه فالنهر كيما قال الملك يخي خبيتو لثشهر وقت اللي معادش بهوين عدش تنجم تخبيه أكثر من حكا حطتو في ثبت,و مسكين حلا في عينها و سخفها باش ترميه في النهر كيف ما قال الملك ياخي خبات ثلاثة شهر و وقت الي معادش بيها وين معادش تنجم تخبيه اكثر حطت في سبت,13.751999855041504,11_Moses0_Birth_OneStory_AEB_11,0.75
labeled_linagora_cs_arabize,وهذا تحطتو على حافة النهار وخلات بنتها تستنى من بعيد وتشوف شنو باش يصير تعرف شنو صار,و هزة حطتو على حافة النهر و خلات بنتها تستنى من بعيد و تشوف شنوا باش يصير تعرف شنوا صار,7.664000034332275,11_Moses0_Birth_OneStory_AEB_12,0.5
labeled_linagora_cs_arabize,وقت اللي كانت بنة الملك تعوم فيالنهر شافت الثبت وعرفت اللي في وسطو وليد صغير من شعب ربي واخت الوليد قالت لبنت الملك,وقت الي كانت بنت الملك تعوم في النهر شافت السبت و عرفت الي في وسطو وليد صغير من شعب ربي و اخت الوليد قالت لبنت الملك,10.13599967956543,11_Moses0_Birth_OneStory_AEB_13,0.38461538461538464
labeled_linagora_cs_arabize,تحبني نجيبلك شكون باش ترضى عالطفل وبنت الملك قتلها اي ياخي مشات وجابت أمها يعني أم الطفل وبنت الملك قتلها,تحبني نجيبلك شكون باش ترضع الطفل و بنت الملك قتلها ايه ياخي هيا مشات و جابت امها يعني ام الطفل و بنت الملك قاتلها,11.119999885559082,11_Moses0_Birth_OneStory_AEB_14,0.5416666666666666
labeled_linagora_cs_arabize,خذ ه الطفل ورضعو وباش نخلصك ياخي الأم خديت ولدها وعملت كيف ماقتلها بنت الملك وكيكبر للطفل هي رجعتو لبنت الملك وستبناتو وسماتو موسى,خوذ ها الطفل و رضعو و باش نخلصك ياخي الام خذات ولدها و عملت كيف ما قالتلها بنت الملك و كي كبر الطفل هيا رجعتو لبنت الملك و استبنات و سمات موسى,13.920000076293945,11_Moses0_Birth_OneStory_AEB_15,0.65625
labeled_linagora_cs_arabize,وف نهار من نهارات وقت اللي موس كبر مشىي يطل على أهله ويشوف فيمشقتهم وشاف راجل مصري يضرب فواحد من شعب ربي ياخي معجبوش وحز عليه وقتل المصري ردمه,و في نهار من نهارات وقت الي موسى كبر مشى يطل على اهلو و يشوف في مشقتهم و شاف راجل مصري يضرب في واحد من شعب ربي ياخي ما عجبوش و حز عليه و قتل المصري و ردمو,12.35200023651123,11_Moses0_Birth_OneStory_AEB_16,0.5789473684210527
labeled_linagora_cs_arabize,وزاد اليوم مان غدوة خرج موسى وإذا به يشوف فزوز الناس من شعب ربي يتعاركوا ياخي قاللهم موسى علاش تتعاركوا جاوبوه,و زادة اليومة من غدوا خرج موسى و اذا بيه يشوف في زوز من شعب ربي يتعركو ياخي قالهم موسى علاش تتعركو جاوبوه,9.760000228881836,11_Moses0_Birth_OneStory_AEB_17,0.5652173913043478
labeled_linagora_cs_arabize,شكون حطك قاضي علينا تحب تجي تقتلني كيما عملت مع المصري البارحة ياخي خاف موسى على خاطر شيعل الخبر وجريمت وتفضحت,شكون حطك قاضي علينا تحب تجي تقتلني كيما عملت مع المصري البارح ياخي خاف موسى على خطر شاع الخبر و جريمتو تفضحت,9.064000129699707,11_Moses0_Birth_OneStory_AEB_18,0.2727272727272727
labeled_linagora_cs_arabize,وزايد وصل الخبر للملك ماحبش يقتل موسى لكن موسى هرب م الملك للصحرا وغديكة عد لمدة طويلة خدم سارح غنم عند راجل اللي باش يكون نسيبو وبو مارتو,و زادة وصل الخبر للملك و حب باش يقتل موسى لكن موسى هرب من الملك لصحراء و غاديكا قاعد لمدة طويلة خدم سارح غنم عند راجل الي باش يكون نسيب و بو مرت,12.751999855041504,11_Moses0_Birth_OneStory_AEB_19,0.45454545454545453
labeled_linagora_cs_arabize,лхшәм,الخشم,1.055999994277954,ar--2171_0.75.wav_2171_0.75_0,1.0
labeled_linagora_cs_arabize,أما كيكونوا متفهمين أن حتى وهما فرض بلاصة,اما كي يكونو متفاهمين انو حتى هوما فرد بلاصة,2.9679999351501465,amenyKH_Hkayet_Tounsia_S0000002_Episode_0000028_0000026_0000003_0002018_Partie_0000003_Sync0000237_no_speaker_0002096.0000091_0002099.0000088_Hkayet_Tounsia_S02_Episode_28_26_03_2018_Partie_03_Sync237_no_speaker_2096.91_2099.88_0,0.7777777777777778
labeled_linagora_cs_arabize,也思,يسرق,0.7440000176429749,ar--2010_0.75.wav_2010_0.75_0,1.0
labeled_linagora_cs_arabize,这里为也考,في الواقع,0.800000011920929,ar--2272_1.25.wav_2272_1.25_0,1.0
labeled_linagora_cs_arabize,جي أنا من تونس,لا انا من تونس,2.312000036239624,ar--3011_1.25.wav_3011_1.25_0,0.5
labeled_linagora_cs_arabize,النشرة الجوية,النشرة الجوية,1.2319999933242798,ar--1453_1.wav_1453_1_0,0.0
labeled_linagora_cs_arabize,suoaai,نشوفك عن قريب,0.8399999737739563,ar--3258_1.25.wav_3258_1.25_0,1.0
labeled_linagora_cs_arabize,س,التحويسة,0.6159999966621399,ar--1341_1.25.wav_1341_1.25_0,1.0
labeled_linagora_cs_arabize,ليح,البارح,0.5360000133514404,ar--1145_1.5.wav_1145_1.5_0,1.0
labeled_linagora_cs_arabize,ونطلب منه أنه نحد الدخانعادل,نطلب منو انو ينحي الدخان فهمت,3.8480000495910645,amenyKH_0000006_0000006_0002012_partie0000003_chunk_0000078_06_06_2012_partie3_chunk_78_0,1.0
labeled_linagora_cs_arabize,nisa,ديجا,0.5680000185966492,ar--1554_1.25.wav_1554_1.25_0,1.0
labeled_linagora_cs_arabize,مثما حتى حد باش يسيب حياته بشيسيب مشاكله بش- باش يسيب كل شي باش يجي يقول تي خليني ننقذ العبد هذاي كان انتي,ما فمة حتى حد باش يسيب حياتو باش يسيب مشاكلو باش يسيب كل شيء باش يجي يقول تيان خليني ننقذ العبد هاذايا كان انت,10.079999923706055,Melekher0000011_0000064_0000001_Melekher11_64_1_0,0.4166666666666667
labeled_linagora_cs_arabize,و题ي 是د们ب图 خو도 ومت ك وو同ب通,و الديه جدو و مماتو خواتو و عمومتو الكل و ولادهم و بناتهم,5.111999988555908,ar--3631_1.25.wav_3631_1.25_0,1.0
labeled_linagora_cs_arabize,-ترك و عنات بينا صحاب طخمو أياأنا شدي تروحي نهار دروحك نهارين,باهي ايه ترى بيان,4.28000020980835,amenyKH_0000006_0000006_0002012_partie0000001_0000003_chunk_0000119_06_06_2012_partie1_3_chunk_119_0,3.0
labeled_linagora_cs_arabize,اش يعطيها لبوس لي مناظة,طلبت من عبد الله باش يعطيها دبوزة ليموناضة,2.247999906539917,ar--3393_1.5.wav_3393_1.5_0,1.0
labeled_linagora_cs_arabize,ld ow وذكروني بالخير عني t sogd fo  هyجي,يتس سو قود فور يور تو ستاي فريش تو ستاي و اذكروني بل خير معناها ا كولد شاور,5.71999979019165,0000075_0000019_0000001_75_19_1_0,1.0
labeled_linagora_cs_arabize,سئل التاكسيست,سالت تاكسيست,1.5520000457763672,ar--3453_0.75.wav_3453_0.75_0,1.0
labeled_linagora_cs_arabize,أعمل جو الفيدة تعمل جو وتعرف روحك شنو تحب معناه تعر أعرف روحك وأعمل جو,اعمل جو الفايدة تعمل جو و تعرف روحك شنوا تحب معناها اعرف روحك و اعمل جو,5.184000015258789,0000027_0000018_0000001_27_18_1_0,0.625
labeled_linagora_cs_arabize,بالنسبة ليا أنا أ,ايوونت بنسبة ليا انا,4.007999897003174,0000075_0000033_0000003_75_33_3_0,1.0
labeled_linagora_cs_arabize,أكحل,اكحل,0.5600000023841858,ar--2070_1.25.wav_2070_1.25_0,1.0
labeled_linagora_cs_arabize,عطل فيكومشي خاب م عش,عبد الله في كونجي تقابل مع عيشة,2.1760001182556152,ar--3003_1.5.wav_3003_1.5_0,1.0
labeled_linagora_cs_arabize,هن نحكيو علي الناس اللي ربما عندهم السكري ولا عنهم وزن زاد او السمنا هل ممكن ان ناخذو الغل قد ما نحب والا رو م غلال عند سكر عالي,باهي هوني نحكيو على الناس الي ربما عندهم سكري ولا عندهم وزن زائد او السمنة هل ممكن انو ناخذوا الغلة قد ما نحبوا ولا راهو فمة غلال عندها سكر عالي,11.911999702453613,amenyKH_0000011_chunk_0000011_011_chunk_11_0,0.5333333333333333
labeled_linagora_cs_arabize,متعرفوش عليها الحق متعرفوش عليها حاولو لماكسيموم تفهمو حاجات وتعرفو حاجات حاولو لماكسيموم,ما تعرفوش عليها بالحق ما تعرفوش عليها حاولوا لي ماكسيموم تفهموا حاجات و تعرفوا حاجات حاولوا لي ماكسيموم,7.0320000648498535,0000072_0000026_0000001_72_26_1_0,0.7777777777777778
labeled_linagora_cs_arabize,سكتت شوية وبعد قتلي,سكتت شوية و بعد قاتلي,1.687999963760376,0000022_0000157_22_157_0,0.6
labeled_linagora_cs_arabize,جاو نفجين خامرين توا بلك عيبة هكايا نشقها تعبه باش نحط فيها الحشو شوفو وسطه كيفاش تايب جا خامر بالجدا,منفجين خامرين توا بالكعيبه هكايا نشقها كعبه باش نحط فيها الحشو شوفوا وسطوا كيفاش طيب جاه خامر بالقداه,10.960000038146973,segment_0001024_segment_1024_0,0.5555555555555556
labeled_linagora_cs_arabize,مععلملفير,معلم تذكاري,1.1440000534057617,ar--1417_1.25.wav_1417_1.25_0,1.0
labeled_linagora_cs_arabize,ادنيا مشية وتبت في لخم صبالسلج,الدنيا ماشية و تبرد في لخر صب الثلج,2.4079999923706055,ar--3618_1.5.wav_3618_1.5_0,0.875
labeled_linagora_cs_arabize,اللي مناظا,اللموناضة,0.8799999952316284,ar--2025_1.wav_2025_1_0,2.0
labeled_linagora_cs_arabize,كبير,كبير,0.7919999957084656,ar--1110_0.75.wav_1110_0.75_0,0.0
labeled_linagora_cs_arabize,عايشك للا مرحبا بيك انت تحب تحكي على كوليج منوبة,يعيشك يا للة مرحبا بيك انت تحب تحكي على كوليج منوبة آه,3.8959999084472656,amenyKH_partie0000003_chunk_0000007_partie3_chunk_7_0,0.3333333333333333
labeled_linagora_cs_arabize,في العادة تمشي عايشة معاهم للجنينة اما اليوم لمتر تصب ولاوقعدو في الدار,في العادة تمشي عيشة معاهم لجنينة اما اليوم لمطر تصب ولاو قعدو في الدار,6.992000102996826,ar--3538_1.wav_3538_1_0,0.35714285714285715
labeled_linagora_cs_arabize,الصرف,الصرف,0.5920000076293945,ar--1290_1.wav_1290_1_0,0.0
labeled_linagora_cs_arabize,ي在ل,يتمنى,0.6079999804496765,ar--2386_1.25.wav_2386_1.25_0,1.0
labeled_linagora_cs_arabize,شكون مشاة للسعودية شكون مشاة لفرنسا,شكون مشى للسعودية شكون مشى لفرنسا,3.0399999618530273,0000028_0000158_0000001_28_158_1_0,0.3333333333333333
labeled_linagora_cs_arabize,نا أول مرة اسدعوني في تونسي هنا,انا اول مرة استدعاوني في التونسية لهنا,2.2960000038146973,amenyKH_Hkayet_Tounsia_S0000001_Episode_0000017_0000020_0000003_0002017_Partie_0000003_Sync0000194_no_speaker_0003184.0000057_0003186.0000090_Hkayet_Tounsia_S01_Episode_17_20_03_2017_Partie_03_Sync194_no_speaker_3184.57_3186.90_0,0.7142857142857143
labeled_linagora_cs_arabize,تقلليو,كهو ايواه,1.7920000553131104,amenyKH_MIC0000001_mod_0000071_chunk_0000023_MIC00001_mod_71_chunk_23_0,1.0
labeled_linagora_cs_arabize,sts,الصالصة,0.671999990940094,ar--1502_1.25.wav_1502_1.25_0,1.0
labeled_linagora_cs_arabize,من الروتين تو ن في dans une éبوق في,يفدوا مال روتين توا اون فيت دان يون ايبوك فين,4.392000198364258,0000039_0000024_0000002_39_24_2_0,1.0
labeled_linagora_cs_arabize,بيت الفطور,بيت لفطور,1.1519999504089355,ar--1490_1.wav_1490_1_0,0.5
labeled_linagora_cs_arabize,صاحب إبراهيم هذا أقرب صاحب  لي,صاحبي براهيم هاذا اقرب صاحب ليا,2.312000036239624,0000020_0000115_20_115_0,0.8333333333333334
labeled_linagora_cs_arabize,d'accor dnc  جاmعة avec un séance par semain بعd وقت الخدمة يجي entrepreneur durant ces ces trize sessions خلي نقولو يva passeر par les difفérentes thématikes لي عنdهم علاقة بالcréation taع start up ليوم,داكور دونك اربعطاشن جمعة افيك يون سيانس بار سيمان بعد وقت الخدمة يجي لونترابرونور دوران سي سيشنز خلي نقولوا يل فا باسي بار لي ديفيران تيماتيك الي عندهم علاقة بال كرياسيون متاع ال ستارتوب اليوم,12.48799991607666,0000004_0000017_4_17_0,0.9142857142857143
labeled_linagora_cs_arabize,هم عندهم بيسكليت وهو لا إلى اخره,هوما عندهم بيسيكلت و هو لا الى اخره,2.9119999408721924,0000034_0000009_0000002_34_9_2_0,0.625
labeled_linagora_cs_arabize,inti raa,انت غالط غالطا,2.5439999103546143,enti_ghalet_ghalta_31585_0,1.0
labeled_linagora_cs_arabize,سانية,الثانية,0.6000000238418579,ar--1062_1.25.wav_1062_1.25_0,1.0
labeled_linagora_cs_arabize,هياوينك وتوحشتك وقتاش نتخابل وتحبني ولا وتشقنيش,هيا وينك و توحشتك و وقتاش نتقابلو و تحبني ولا و التشقنيس و,4.144000053405762,TunSwitchTO_0000049_0000019_0000031_0000003n0000005_49_19_31_3n5_0,0.8461538461538461
labeled_linagora_cs_arabize,مق,معقد,0.5600000023841858,ar--2396_1.25.wav_2396_1.25_0,1.0
labeled_linagora_cs_arabize,يعطيك الصحة ديما رد بالك,يعطيك الصحة ديما راد بالك,2.6080000400543213,ar--3468_1.wav_3468_1_0,0.2
labeled_linagora_cs_arabize,heha hehi heha,هاذا هاذي هاذا,3.200000047683716,ar--1189_1.wav_1189_1_0,1.0
labeled_linagora_cs_arabize,جث,بيان صور بينسور احنا مسؤولين زادة عالامن بينات بعضنا على خاطر توا احنا ايجا نقول لك الناس الباهية المتربية تعس على بعضها راهو فمة كلك جراثيم من الاول شدوهم الحاكم مشى على روحو ما عادش عندنا الحكايات هاذيا راهو,9.767999649047852,amenyKH_0000007_chunk_0000131_007_chunk_131_0,1.0
labeled_linagora_cs_arabize,و ات ك تقول انا مراش هي جاية من بقعة انتياز,فهمت دونك كي تقول انا ما نراش هيا جايا من بقعت امتياز,3.871999979019165,0000050_0000097_0000002_50_97_2_0,0.75
labeled_linagora_cs_arabize,فم super experience,فمة سوبر اكسبريس التسعة و نصف,2.5999999046325684,TunSwitchTO_0000132_0000018_0000046_dxb_132_18_46_dxb_0,1.0
labeled_linagora_cs_arabize,العظمة,العظمة,0.984000027179718,ar--1216_0.75.wav_1216_0.75_0,0.0
labeled_linagora_cs_arabize,и сук безклед,يسوق بسكلات,1.503999948501587,ar--1579_0.75.wav_1579_0.75_0,1.5
labeled_linagora_cs_arabize,التصويرة,التصويرة,1.159999966621399,ar--1805_0.75.wav_1805_0.75_0,0.0
labeled_linagora_cs_arabize,الدولة ماشي في بال هي لازمك تخرجلا في منظر المسكين,الدولة ماشي في بالها لازمك تخرجله في منظر المسكين,3.1519999504089355,amenyKH_tataouine__for_acoustic_analysis_Sync0000504_no_speaker_0001515.0000012_0001518.0000049_tataouine__for_acoustic_analysis_Sync504_no_speaker_1515.12_1518.49_0,0.3333333333333333
labeled_linagora_cs_arabize,ويظهرلي ماكمش برشا الفنانات التوانسا,ويظهرلي ما كم ش برشا الفنانات التوانسة,2.4159998893737793,amenyKH_Hkayet_Tounsia_S0000001_Episode_0000004_0000019_0000012_0002016_Partie_0000002_Sync0000132_no_speaker_0000880.0000081_0000883.0000021_Hkayet_Tounsia_S01_Episode_04_19_12_2016_Partie_02_Sync132_no_speaker_880.81_883.21_0,0.5714285714285714
labeled_linagora_cs_arabize,الفرش كان عندك الفرصة أوكي ما عندكش حاول تريفز والفي نتاعك مش الفرش,في الفرش كان عندك الفرصة اوكي ما عندكش حاول ترفز و ال فو متاعك مش الفرش,5.952000141143799,0000027_0000282_0000000_27_282_0_0,0.4375
labeled_linagora_cs_arabize,erdl,الرطل,0.7440000176429749,ar--1680_1.wav_1680_1_0,1.0
labeled_linagora_cs_arabize,لنج,المنقالة,0.5540000200271606,ar--1059_1.5.wav_1059_1.5_0,1.0
labeled_linagora_cs_arabize,ḥبو بلاصةهافتة كانتنج,نحبوا بلاصة هافتة كان تنجم,1.5839999914169312,TunSwitchTO_0000106_0000015_0000040_0000003n_106_15_40_03n_0,1.0
labeled_linagora_cs_arabize,ي رس,يعرس,1.399999976158142,ar--2247_0.75.wav_2247_0.75_0,2.0
labeled_linagora_cs_arabize,تنجم تختار كتi انتوما مغرومين بيهم وtه س,يت هلبس سو ماتش لايك يتس سو بينيفيشال انتوما مغرومين بيهم و دي اكتيفيتي تنجم تخطار,7.664000034332275,0000075_0000080_0000000_75_80_0_0,0.8125
labeled_linagora_cs_arabize,وذكرتني بالليان في الدارك ويب حلتها وتضح وانا مسيت اللتقايق لتالي عدت فيه كوماند وقالو لي بالي شي الي حب عليه فيزاب وينجم يعملوه قالولي تم دراسة طلب عك جوك باهي وهذا المبلغ,وذكرتني بليانه في الدارك ويب حليتها واتضح وانها مسيت ق دقائق التالي عديت فيه كوموند وقالوا لي بلي شيء الي نحب عليه فزابل وينجم يعملوه قالوا لي تمت دراسه الطلب متاعك جوك باهي و هاذا المبلغ الي,12.37600040435791,segment_0000591_segment_591_0,0.6216216216216216
labeled_linagora_cs_arabize,دوهذاي حنا هذايا رو نعرفه,باهين وهذاية بون احنا هذايا راهو نعرفوه,2.4240000247955322,amenyKH_partie0000003_chunk_0000082_partie3_chunk_82_0,0.8571428571428571
labeled_linagora_cs_arabize,اختصاصي في الأمراض الصدرية شارل نيكول ونائب رئيس الجمعية التونسية,اختصاصي في الامراض الصدرية شارنيكول ونائب رئيس الجمعية التونسية,3.4079999923706055,amenyKH_0000006_0000006_0002012_partie0000002_chunk_0000024_06_06_2012_partie2_chunk_24_0,0.3333333333333333
labeled_linagora_cs_arabize,احنا راعو تطون معندناش بطاء ولا بطاء,احنا راهو تطاوين ما عندناش الف و خمسة مياة بطال ولا الفين بطال,3.888000011444092,amenyKH_tataouine__for_acoustic_analysis_Sync0000540_no_speaker_0001968.0000056_0001972.0000045_tataouine__for_acoustic_analysis_Sync540_no_speaker_1968.56_1972.45_0,0.8461538461538461
labeled_linagora_cs_arabize,نوريكم أحلى البلايظ,نوريوكم احلى البلايص,2.6559998989105225,ar--3120_1.wav_3120_1_0,1.0
labeled_linagora_cs_arabize,أنا نمشي ندهنو ونشوفك البابي ذيزيف هذاك الل,انا نمشي ندهنو ونشوف هاكة بابيا ادصيف هذاكة نلصقو,2.6640000343322754,amenyKH_0000004_chunk_0000028_004_chunk_28_0,0.7777777777777778
labeled_linagora_cs_arabize,بعد,بعد,1.031999945640564,ba3d_1274_0,0.0
labeled_linagora_cs_arabize,بهل الموس هذا مش نظيفنجم تعطيني وح داخل,ضاهرلي الموس هاذا مش نضيف تنجم تعطني واحد آخر,3.8320000171661377,TunSwitchTO_0000015_0000022_0000056_0000016a_15_22_56_16a_0,0.7777777777777778
labeled_linagora_cs_arabize,صار  عمواج,فين جيبان الصغار سي يون اوبسيون تعدينا من الواجب,3.1040000915527344,0000039_0000025_0000002_39_25_2_0,1.0
labeled_linagora_cs_arabize,الميو,الميو,0.9039999842643738,ar--2042_0.75.wav_2042_0.75_0,0.0
labeled_linagora_cs_arabize,bisclet,بسكلات,1.0399999618530273,besklett_8337_0,1.0
labeled_linagora_cs_arabize,منلليل حتى مغدوة السباح,من الليل حتى من غدوة الصباح,1.4240000247955322,amenyKH_Hkayet_Tounsia_S0000001_Episode_0000017_0000020_0000003_0002017_Partie_0000003_Sync0000233_no_speaker_0003248.0000093_0003250.0000039_Hkayet_Tounsia_S01_Episode_17_20_03_2017_Partie_03_Sync233_no_speaker_3248.93_3250.39_0,0.8333333333333334
labeled_linagora_cs_arabize,一,يبدل,0.5199999809265137,ar--1353_1.25.wav_1353_1.25_0,1.0
labeled_linagora_cs_arabize,lsms,الاس ام اس,0.9679999947547913,ar--2113_1.25.wav_2113_1.25_0,1.0
labeled_linagora_cs_arabize,اليونان,اليونان,0.5199999809265137,ar--1954_1.5.wav_1954_1.5_0,0.0
labeled_linagora_cs_arabize,متسول ومعاقع جنب,متسول و معاق عالجنب,2.2880001068115234,amenyKH_tataouine__for_acoustic_analysis_Sync0000498_no_speaker_0001501.0000020_0001503.0000060_tataouine__for_acoustic_analysis_Sync498_no_speaker_1501.20_1503.60_0,0.75
labeled_linagora_cs_arabize,نهار كبير نهار ثلاث لي فات كونفرونس دو بريس والحقيقة حتى بالناس المهتمين ولي ستارتابور التوانسة ومختلف لي اكتور لي موجودين في اليكوسيستيم كانت متابعة كبيرة ياسر واطانت كبيرة ياسر,نهار كبير نها الثلاث لي فات كونفيرونس دي بريس و لحقيقة حتى من الناس المهتمين و لي ستارتابور التوانسة و مختلف لي اكتور الموجودين فال ايكوسيستام كانت متابعة كبيرة ياسر و اتونت كبيرة ياسر,13.175999641418457,0000015_0000004_15_4_0,0.5294117647058824
labeled_linagora_cs_arabize,م,ايم الوايز ذير فور ذيم نحاول اي قيف ذيم سام لايك,5.223999977111816,0000662_0000034_0000002_662_34_2_0,1.0
labeled_linagora_cs_arabize,و ندرا شنوا وول الطوك هذاك الخايب مع روحك شخصو مع العباد تتونفو بالحق حتىد كانوا مع داركم خاطر ما يبي داركم تاعبو عليك والكل مع العباد الآخرين بالحق,و انا درا شنوا و اول دونك هذاكة الخايب مع روحك سورتو و مع العباد تو تين فو بالحق حتى حد كان مع داركم خاطر مايبي داركم تعبوا عليك و كل اما مع العباد لخرين بالحق,11.95199966430664,Melekher0000010_0000005_0000000_Melekher10_5_0_0,0.5833333333333334
labeled_linagora_cs_arabize,ميديكال باا ميديكيل م ميطولوش لبيلهم ميحبوش يسمعوهم  يحكو معاهم بالعربي,ميديكال و باراميديكال ما يطولوش بالهم ما يحبوش يسمعوهم يحكيوا معاهم بالعربي,5.711999893188477,0000051_0000118_0000002_51_118_2_0,0.6666666666666666
labeled_linagora_cs_arabize,هياس تمنع من العداب الشديد بعد عام من الحدثة هده يتم اقالتها من المدرسة متاعها ترضها من الخدمة جملة واحدة واخرج قرار من الوزارة منعوها وانها تدخل أي مؤسسة تربوية أخرى بسبب مشكلة اخلاقية مجهولة عملتلها مشاكل في الوزارة,هيا زاده امبوسيبل تمنع من العذاب الشديد بعد عام من الحادثه هاذي يتم اقالتها من المدرسه متاعها تردوها من الخدمه جمله وحده وخرج قرار من الوزاره منعها وانها تدخل اي مؤسسه تربويه اخرى بسبب مشكله اخلاقيه مجهوله عملت لها مشاكل في الوزاره,14.496000289916992,segment_0000461_segment_461_0,0.5714285714285714
labeled_linagora_cs_arabize,الشارج,الشارج,0.7680000066757202,ar--1723_1.wav_1723_1_0,0.0
labeled_linagora_cs_arabize,ا   عل طر م   مكنش نحب عهم,دو وات ماكس يو هابي اي واز ميزيرابل عامت ال باك خاطر فمة دي ماتيير ما كنتش نحب نعديهم,5.920000076293945,0000070_0000031_0000000_70_31_0_0,0.9473684210526315
labeled_linagora_cs_arabize,ت الفكرة  ل   ع    لا,اسباس متاع ال كوفونداتريس معايا وقتها روعة مطماطي الي هيا كورووركينق سباس جات الفكرة متاع ال هيا توا المدام,12.031999588012695,0000026_0000012_0000000_26_12_0_0,0.9473684210526315
labeled_linagora_cs_arabize,قعد يشوف من حوله,قعد يشوف من حولو,1.503999948501587,ar--3492_1.wav_3492_1_0,0.25
labeled_linagora_cs_arabize,suskos umejaisk,زوز سكوتش و ماء يعيشك,1.9919999837875366,TunSwitchTO_0000018_0000013_0000031_yaf_18_13_31_yaf_0,1.0
labeled_linagora_cs_arabize,اللي نحن معناتها استبطنا الهيمنة متاعنا معنتها مش الهيمنة  ال متاعنا,الي نحنا معنتها استبطلنا الهيمنة متاعنا معنتها مش الهيمنة ال لوبريسيون متاعنا,9.696000099182129,0000050_0000207_0000001_50_207_1_0,0.4166666666666667
labeled_linagora_cs_arabize,يعني في بعض المناسبات يا في الانتخابات او في الحوادث او في الأعياد يتم التطرق ليها,يعني في بعض المناسبات يا في الانتخبات او في الحوادث او في الاعياد يتم التطرق ليها,6.335999965667725,0000007_0000026_7_26_0,0.125
labeled_linagora_cs_arabize,edgen,الدجين,0.6800000071525574,ar--2045_1.wav_2045_1_0,1.0
labeled_linagora_cs_arabize,نلقى روحي الكور مازالت منيش متمكنة منه دك نحط الورقة تاع لكرق,نلق روحي ال كور مازلت ما ني ش متمكنة منو دونك نحط الورقة متاع ال كور قدا,4.447999954223633,Melekher0000010_0000058_0000001_Melekher10_58_1_0,0.7647058823529411
labeled_linagora_cs_arabize,من غير رصاص,من غير رصاص,1.5360000133514404,ar--1830_0.75.wav_1830_0.75_0,0.0
labeled_linagora_cs_arabize,نḥب ناxd كeسwa lوnها ɣamqlili,نحب ناخذ كسوة لونها غامق ليلي,2.0480000972747803,TunSwitchTO_0000186_0000022_0000053_eze_186_22_53_eze_0,1.0
labeled_linagora_cs_arabize,قال,قاعة الاقلاع,0.8479999899864197,ar--1864_1.25.wav_1864_1.25_0,1.0
labeled_linagora_cs_arabize,expérience iya certa-lara,ياسر طيارة اكسبيريونس,1.6480000019073486,0000075_0000072_0000001_75_72_1_0,1.0
labeled_linagora_cs_arabize,نعو شوي لتلي في   دراسة عن منظمة الصحة العالمية التي مخرجت وقتها الدراسة هي حول الصحة النفسية لتونسا هرت ان تونسي على اثنين,نرجعوا شوية التالي في الفين و خمسة دراسة عن منظمة الصحة العالمية الي ما خرجتش وقتها الدراسة هاذيا حول الصحة النفسية لتوانسة ظهرت انو التونسي على اثنين,9.696000099182129,amenyKH_MOSAIQUEFM_FORUM_8102012_partie0000001_0000001_chunk_0000008_MOSAIQUEFM_FORUM_08102012_partie1_1_chunk_8_0,0.5185185185185185
labeled_linagora_cs_arabize,مع ناس,مع ناس,0.5680000185966492,amenyKH_tataouine__for_acoustic_analysis_Sync0000131_no_speaker_0000708.0000090_0000709.0000071_tataouine__for_acoustic_analysis_Sync131_no_speaker_708.90_709.71_0,0.0
labeled_linagora_cs_arabize,عند نفس الحق باش يخدموا صراحة شوفونا حج,ما عندهمش الحق باش يخدموا بصراحة شوفوا لنا حل,2.447999954223633,amenyKH_0000005_chunk_0000015_005_chunk_15_0,0.6666666666666666
labeled_linagora_cs_arabize,هر ي اب ا ليك ت كثر كون,هير مايكاب ايز لايك اكسبونسيف اكثر شكون الي,4.656000137329102,0000073_0000044_0000002_73_44_2_0,1.0
labeled_linagora_cs_arabize,اليوم مستدعية عن عبدالله للعشاء,اليوم مستدعية عند عبد الله للعشاء,4.920000076293945,ar--3207_0.75.wav_3207_0.75_0,0.5
labeled_linagora_cs_arabize,ععيشة و عبدالله قاعدين على طاولة الستور,عيشة و عبد الله قاعدين على طاولة الفطور,4.184000015258789,ar--3048_0.75.wav_3048_0.75_0,0.5
labeled_linagora_cs_arabize,ih ahad qaiqasaki,ياخذ عشرة دقايق على الساقين,2.7200000286102295,TunSwitchTO_0000070_0000009_0000019_0000005ib_70_09_19_5ib_0,1.0
labeled_linagora_cs_arabize,هدي حكاية جديدة محكيهاش العربي نص عماد,هاذي حكايه جديده محكاهيش العربي نص عماد,4.208000183105469,youtube_anYsyt84buw_0,0.5714285714285714
labeled_linagora_cs_arabize,منتاج وإخراج محمد بوقطايا,بن حميده مونتاج واخراج محمد بوقطايه,2.864000082015991,youtube_anYsyt84buw_1,0.8333333333333334
labeled_linagora_cs_arabize,قديم محمد السياري,تقديم محمد الصيالي,5.171000003814697,youtube_anYsyt84buw_2,0.6666666666666666
labeled_linagora_cs_arabize,أحكيو على خدام أحزام,يحكي و انا خدام احزام,1.8639999628067017,youtube_anYsyt84buw_3,0.8
labeled_linagora_cs_arabize,عندو قجة صغار,عنده ججه صغار,1.1019999980926514,youtube_anYsyt84buw_4,0.6666666666666666
labeled_linagora_cs_arabize,يكل ونهاري لقيوة,ياكلوا ونهار يلاقيو,1.5429999828338623,youtube_anYsyt84buw_5,1.0
labeled_linagora_cs_arabize,يسمعو ب سع,اشبع يسمعوا بيسمع,1.5360000133514404,youtube_anYsyt84buw_6,1.0
labeled_linagora_cs_arabize,ساكندمقلوبهم تر ومسارنهم لو,المساكن دي مقلوبهم تعصر ومصرنهم تلوي,3.9660000801086426,youtube_anYsyt84buw_7,1.0
labeled_linagora_cs_arabize,وكروشم تغروت واسفاقي سفق,وكروشهم متغروت وسفاق يصفقوا,3.0840001106262207,youtube_anYsyt84buw_8,1.0
labeled_linagora_cs_arabize,الحاس لجوع ونوع وبكا بلادموع,الحاصل جوع ونوع وبكى بلا دموع الخبز,5.185999870300293,youtube_anYsyt84buw_9,0.8571428571428571
labeled_linagora_cs_arabize,,و الزيتون مقبولهم احناكم و النهار المبروك,4.105999946594238,youtube_anYsyt84buw_10,1.0
labeled_linagora_cs_arabize,هو نهارت اليهاك الأم الطيبف,السعيد هو نهاره الي هكة الام الطيب فيه,3.640000104904175,youtube_anYsyt84buw_11,0.875
labeled_linagora_cs_arabize,حتي كذابة,طنجره حتى كذابه,1.8020000457763672,youtube_anYsyt84buw_12,1.0
labeled_linagora_cs_arabize,والنهار اللي اسعد هو وقتلي هكا الخدام,ونهار الياس هو وقت الي هاك الخدام يروح,4.046999931335449,youtube_anYsyt84buw_13,0.875
labeled_linagora_cs_arabize,قري سفاكيا ينقروخ,بقريه اسفاكيه ينقروه,2.5429999828338623,youtube_anYsyt84buw_14,1.0
labeled_linagora_cs_arabize,م,علاش ما تقولش نهار من نهارات هيك خدام,3.765000104904175,youtube_anYsyt84buw_15,1.0
labeled_linagora_cs_arabize,الأحزام تدبر زوي السور دي زايدين من,الاحزان تدبر زوي السور ديزايدين من عند,3.7860000133514404,youtube_anYsyt84buw_16,0.5714285714285714
labeled_linagora_cs_arabize,,عرفه قال,1.6430000066757202,youtube_anYsyt84buw_17,1.0
labeled_linagora_cs_arabize,باشلي حويجة نود بها أم الولاد والأولاد,نشري حويجه نود بها ام الاولاد ولاولاد,3.5439999103546143,youtube_anYsyt84buw_18,0.7142857142857143
labeled_linagora_cs_arabize,عدى من قدام بياع غلا وقف وبدا يتفرج,اتعدى من قدام بياع غله وقف وبدايه فرج,5.666999816894531,youtube_anYsyt84buw_19,0.5
labeled_linagora_cs_arabize,فراولو أمان وطوط العليق والأناب,الفراوله رمان والتوت العليق والعناب,5.185999870300293,youtube_anYsyt84buw_20,0.8
labeled_linagora_cs_arabize,التفاح والنفاح وزوز الهند,و التفاح والنفاح وزوز الهند,3.4260001182556152,youtube_anYsyt84buw_21,0.2
labeled_linagora_cs_arabize,دل هكلعنب ملولب علي وراقه,ولنزله اكل عنب بملوله بعوراقه و اللوز,4.265999794006348,youtube_anYsyt84buw_22,1.0
labeled_linagora_cs_arabize,حين وقلبين,بروحين وقلبين,1.6030000448226929,youtube_anYsyt84buw_23,0.5
labeled_linagora_cs_arabize,قال ما نقدر كان عليه,قال ما نقدر كان عليه,1.3830000162124634,youtube_anYsyt84buw_24,0.0
labeled_linagora_cs_arabize,روح بها,هنروح بيها,0.7609999775886536,youtube_anYsyt84buw_25,1.0
labeled_linagora_cs_arabize,اعشاومنها غل لصغيرات نعطيهم ك و,منعشه ومنها غله الصغيرات نعطيهم كل واحد,4.327000141143799,youtube_anYsyt84buw_26,0.8571428571428571
labeled_linagora_cs_arabize,يحمدو ربي ويشكروه,ومتعشين يحمدوا ربي ويشكروه,2.2249999046325684,youtube_anYsyt84buw_28,0.5
labeled_linagora_cs_arabize,هاك الخدام اختار كيبد العق,هيك الخدام اختار كعيبه دلاع وزنها له,3.865000009536743,youtube_anYsyt84buw_29,0.7142857142857143
labeled_linagora_cs_arabize,خله هزه  تحت بوت,البياع خلصها هزها حتى تحذبوته وشد اثنيته,6.027100086212158,youtube_anYsyt84buw_30,1.0
labeled_linagora_cs_arabize,الدار مروح بها الدنيا شيلي تحرق تقول,للدار مروح بيها الدنيا شيلي تحرق تقول,4.447000026702881,youtube_anYsyt84buw_31,0.2857142857142857
labeled_linagora_cs_arabize,من بيبان جهنم محلول والجمس س,باب من بيبان جهنم محلول و الشمس تنقب راس,3.484999895095825,youtube_anYsyt84buw_32,0.5555555555555556
labeled_linagora_cs_arabize,وماخلقت بهكد الله عل الدار,العصفور وما خلقت بهاك الدلاعه للدار لما,3.6649999618530273,youtube_anYsyt84buw_33,1.0
labeled_linagora_cs_arabize,ولا تتفور كالعظمة المروبة,ولات تفور كالعظمه المروبه,2.3450000286102295,youtube_anYsyt84buw_34,1.0
labeled_linagora_cs_arabize,جات ربع على الجلد قدام الميدة وقال,اتربع على الجلد قدام الميده وقال له,4.145999908447266,youtube_anYsyt84buw_35,0.5714285714285714
labeled_linagora_cs_arabize,خليني نشقها في اثنين ونحطها في البير,خليني اشقها في اثنين ونحطها في البئر باش,3.1640000343322754,youtube_anYsyt84buw_36,0.375
labeled_linagora_cs_arabize,ن لمرت جبتل سكينة,تبرد نادى المرته جابت له سكينه اخذاها,4.045000076293945,youtube_anYsyt84buw_37,1.0
labeled_linagora_cs_arabize,ويسمع في سوت متاع واحد ينين,الدلاعه ويسمع في صوته متاع واحد يمين,3.063999891281128,youtube_anYsyt84buw_38,0.42857142857142855
labeled_linagora_cs_arabize,ل بنادم يشدوه من خناقو ل عجب,تقول بنادم شدووه من خناقه على اعجب او,4.8460001945495605,youtube_anYsyt84buw_39,0.75
labeled_linagora_cs_arabize,كأنه واحد يبكي وقف وذنيه يتصقرش,كاين واحد يبكي واقف وذنيه يتصقر باش يعرف,4.145999908447266,youtube_anYsyt84buw_40,0.625
labeled_linagora_cs_arabize,نجاي صوت مسمع شي,منين جاي الصوت ما سمع شيء,2.7639999389648438,youtube_anYsyt84buw_41,1.0
labeled_linagora_cs_arabize,استعود م الشيطان وقالش بيني يا خي وليت,استعود من الشيطان وقال شبيني يا اخي وليت,3.6059999465942383,youtube_anYsyt84buw_42,0.5
labeled_linagora_cs_arabize,تتخايل في الأصوات,نستخايل في الاصوات,1.3619999885559082,youtube_anYsyt84buw_43,0.6666666666666666
labeled_linagora_cs_arabize,حاصل هو جا بش يرشق مرخرة السكينة,الحاصل هو جابش يرشق مره اخرى السكينه,3.625,youtube_anYsyt84buw_44,0.8571428571428571
labeled_linagora_cs_arabize,ي,فيها قداعه باش يشقها في اثنين والسود,3.4059998989105225,youtube_anYsyt84buw_45,1.0
labeled_linagora_cs_arabize,غريبة الغر,هاذي غريبه الغرائب,1.121999979019165,youtube_anYsyt84buw_47,1.0
labeled_linagora_cs_arabize,لليع تتكلم,الدلاعه تتكلم,1.0019999742507935,youtube_anYsyt84buw_48,0.5
labeled_linagora_cs_arabize,لكن هو هف عليها باش يقصها ويسمع في سيح,لكن هو هف عليها باش يقصها ويسمع في سيحه,5.186999797821045,youtube_anYsyt84buw_49,0.1111111111111111
labeled_linagora_cs_arabize,قت باب العرش,شقه باب العرش,0.8820000290870667,youtube_anYsyt84buw_50,0.3333333333333333
labeled_linagora_cs_arabize,لما قاللا,على حاله الدلاعه اما قال لها و انا كيفاش,3.1449999809265137,youtube_anYsyt84buw_51,1.0
labeled_linagora_cs_arabize,قالتلو رجعني البيع الغلة,باش نعمل قالت له رجعني لبيع الغله وهو,3.805999994277954,youtube_anYsyt84buw_52,0.875
labeled_linagora_cs_arabize,نرجعلك فلوسك اشري بيهم حاجة أخرى,يرجع لك فلوسك اشري بيهم حاجه اخرى,2.364000082015991,youtube_anYsyt84buw_53,0.5714285714285714
labeled_linagora_cs_arabize,هك خدام الأحزام هزهكدليلعساق,هيك خدام الاحزان هز هكدليل على ساق,3.8459999561309814,youtube_anYsyt84buw_54,0.8571428571428571
labeled_linagora_cs_arabize,مرتالي واخرج في هاكالقائل,القدام وعشره التالي وخرج في هاذا القائله,4.006999969482422,youtube_anYsyt84buw_55,0.8571428571428571
labeled_linagora_cs_arabize,حنانية باش يرجحها,الحنانيه باش يرجعها,1.6019999980926514,youtube_anYsyt84buw_56,0.6666666666666666
labeled_linagora_cs_arabize,علوقات تجري شرتلاس بابل وسقيه,عروقات تجري شرت الاسبابل وساقيه ولا,4.406000137329102,youtube_anYsyt84buw_57,0.8333333333333334
labeled_linagora_cs_arabize,شلبق في وسطك المداس اللي لابسومك,تتشلبق في وسطك الي لابسه من كثر ما,3.865999937057495,youtube_anYsyt84buw_58,0.75
labeled_linagora_cs_arabize,ق تخلط بالغبرا,العرق تخلص بالغبره,1.3830000162124634,youtube_anYsyt84buw_59,1.0
labeled_linagora_cs_arabize,الحاصل اغلط للبيع,الحاصل اغلقت للبياع,2.0429999828338623,youtube_anYsyt84buw_60,0.6666666666666666
labeled_linagora_cs_arabize,ياويمحنناي,قالوا يا خويا سامحني انا راني خديت من,3.2049999237060547,youtube_anYsyt84buw_61,1.0
labeled_linagora_cs_arabize,عدك ه دلاعة هاذي في بالي عندي ضياف,عندك هاذا الدلاعه هادي في بالي عندي ضياف,3.7860000133514404,youtube_anYsyt84buw_62,0.5
labeled_linagora_cs_arabize,ياخي مجوش ترجعهاليشالبي,اليوم يا اخي ما جاوش ترجعها ليش البياع,4.644999980926514,youtube_anYsyt84buw_63,1.0
labeled_linagora_cs_arabize,اش معناه تقصد كيترجعهارعلك,قال له آش معناها تقصد كي ترجعها رجعلك,4.866000175476074,youtube_anYsyt84buw_64,0.875
labeled_linagora_cs_arabize,قالو كان تعمل مزية قالو تري,فلوسك قال له كان تعمل مزيه قال له ترجيع,4.665999889373779,youtube_anYsyt84buw_65,0.7777777777777778
labeled_linagora_cs_arabize,اما كان تحب نعطيك غله في بلاصتها,الفلوس لا اماكن تحب نعطيك غله في بلاصتها,3.4639999866485596,youtube_anYsyt84buw_66,0.375
labeled_linagora_cs_arabize,هكا الراجل بقى يخمم قاص غاص ومنها قالو,هاك الراجل بقى يخمم قاس قاس ومنها قالوا,5.4679999351501465,youtube_anYsyt84buw_67,0.5
labeled_linagora_cs_arabize,زكالباو ورو للا مل,هزهك الباكو وروح للدار هو دوب ما وصل له,4.705999851226807,youtube_anYsyt84buw_68,1.0
labeled_linagora_cs_arabize,شايح وقعد قدام الميدة جبدك عيب,ريق وشايح وقعد قدام الميده آش بدك عيب,4.065999984741211,youtube_anYsyt84buw_69,0.625
labeled_linagora_cs_arabize,غسلها وطولحل,اخوك اغسلها وطول حلفه,2.941999912261963,youtube_anYsyt84buw_70,1.0
labeled_linagora_cs_arabize,يد بيه يسمع في سو تينين,واذا به يسمع في سوتنين,2.003000020980835,youtube_anYsyt84buw_71,0.8
labeled_linagora_cs_arabize,ودحلم,عاود حل فمة,1.0219999551773071,youtube_anYsyt84buw_72,1.0
labeled_linagora_cs_arabize,السيحة طلع توجة عن اقنة,والسياحه طلعت توجع القلب,1.8020000457763672,youtube_anYsyt84buw_74,1.25
labeled_linagora_cs_arabize,ك الراجل تهزو تنفض ويسمع فالخوخ,اكل الرجل تهزو تنفذ ويسمع في الخوخها كي,3.303999900817871,youtube_anYsyt84buw_75,0.75
labeled_linagora_cs_arabize,قالتله يا خويا معمولك الربي ما تاكلنيش,قالت له يا خويا معموله الربي ما تاكلنيش,3.3459999561309814,youtube_anYsyt84buw_76,0.375
labeled_linagora_cs_arabize,يد,السيد,0.5009999871253967,youtube_anYsyt84buw_77,1.0
labeled_linagora_cs_arabize,ج البياع,رجاع البياع,0.9610000252723694,youtube_anYsyt84buw_78,0.5
labeled_linagora_cs_arabize,القرتاس متاع الخوخ قاله تعمل مزية,بالقرطاس نتاع الخوخ قال له تعمل مزيه على,3.6459999084472656,youtube_anYsyt84buw_79,0.75
labeled_linagora_cs_arabize,تعطيني فلوسهم راهو مابقالي حت,اخوك تعطيني فلوسهم راهو ما بقى لي حتى,3.5460000038146973,youtube_anYsyt84buw_80,0.625
labeled_linagora_cs_arabize,⁇ ومعنديش عشالي لا,شيء وما عنديش عشاء ليله,2.062999963760376,youtube_anYsyt84buw_81,1.0
labeled_linagora_cs_arabize,قالو لا نرجعلك لا ترجعلينو,البياع قال له لا نرجع لك لا ترجعلي اشنو,3.9649999141693115,youtube_anYsyt84buw_82,0.7777777777777778
labeled_linagora_cs_arabize,خني مالباب وتخرجني ملخوخة,تدخلني من الباب و تخرجني من الخوخه هز,2.9240000247955322,youtube_anYsyt84buw_83,1.0
labeled_linagora_cs_arabize,تك وقصد ربي,الخوخه نتاعك ربي الراجل,2.8440001010894775,youtube_anYsyt84buw_84,0.75
labeled_linagora_cs_arabize,بالخير وفي الخركالبيا,ويدعي له بالخير و في الاخر البياع,2.76200008392334,youtube_anYsyt84buw_85,0.8571428571428571
labeled_linagora_cs_arabize,روح بها للداروفس لس,بطيخه روح بها للدار ونفس الفصل الي,3.4660000801086426,youtube_anYsyt84buw_86,0.7142857142857143
labeled_linagora_cs_arabize,هو بيدو,تعاود هو بيده,1.1419999599456787,youtube_anYsyt84buw_87,0.6666666666666666
labeled_linagora_cs_arabize,مطيخة تكلمتلو,البطيخه تكلمت له,1.281999945640564,youtube_anYsyt84buw_88,1.0
labeled_linagora_cs_arabize,تتكلم الواحد لعد لاياك,الي تتكلم الواحد لا عاد لا ياكل,2.684000015258789,youtube_anYsyt84buw_89,0.7142857142857143
labeled_linagora_cs_arabize,تيخلعوينا,بطيخ العوينه,2.684000015258789,youtube_anYsyt84buw_90,1.0
labeled_linagora_cs_arabize,يتغ,اكل خدام قائد غبن ومنها قال و الله لما,4.465000152587891,youtube_anYsyt84buw_91,1.0
labeled_linagora_cs_arabize,,نمشي للسلطان ونحكي له الحكايه هز روحه,4.204999923706055,youtube_anYsyt84buw_92,1.0
labeled_linagora_cs_arabize,,ومعاها كالبطيخه ومشى للصرايا يلقى صف,4.125,youtube_anYsyt84buw_93,1.0
labeled_linagora_cs_arabize,بقى يستن,طويل بقى يستنىو,1.4620000123977661,youtube_anYsyt84buw_94,0.6666666666666666
labeled_linagora_cs_arabize,خل قدام السلطان عط ار ت,دخلوا دخل خلط قدام السلطان اعطى كارطاعه,5.486999988555908,youtube_anYsyt84buw_95,0.8571428571428571
labeled_linagora_cs_arabize,,وقالوا يا سيد راهي غريبتي غريبه كل ما,3.946000099182129,youtube_anYsyt84buw_96,1.0
labeled_linagora_cs_arabize,,نشري غله ونجيب ناكلها تقوم تبكي وتقول لي,3.7269999980926514,youtube_anYsyt84buw_97,1.0
labeled_linagora_cs_arabize,kanic,ما تاكلنيش,0.6809999942779541,youtube_anYsyt84buw_98,1.0
labeled_linagora_cs_arabize,السلطان خزر وبقاعل برس,السلطان خزر له وبقاي نعملوا براسه الخدام,5.267000198364258,youtube_anYsyt84buw_99,0.7142857142857143
labeled_linagora_cs_arabize,يستنى ف السلطان فماش م,ما فهمش يستنى في السلطان فماش ما يقلو,3.2039999961853027,youtube_anYsyt84buw_100,0.625
labeled_linagora_cs_arabize,جةماقالو شي الوزيت بجنب السلطان,حاجه ما قال له شيء الوزير بجنب السلطان,4.145999908447266,youtube_anYsyt84buw_101,0.75
labeled_linagora_cs_arabize,قال هك الخدام,قال الهيكل خدام,1.2020000219345093,youtube_anYsyt84buw_102,0.6666666666666666
labeled_linagora_cs_arabize,لسلطان راه سمع حكايتك يا ولدي,السلطان راهو سمعها حكايتك يا ولدي امام,3.4449000358581543,youtube_anYsyt84buw_103,0.5714285714285714
labeled_linagora_cs_arabize,تنم جواب يكلم,تستناش منه جواب راهو ما يتكلمش هاك الرجل,4.3460001945495605,youtube_anYsyt84buw_104,0.875
labeled_linagora_cs_arabize,ادغ ال هذي أخرت لخايرعات,بقاي يتغبن قال هاذي اخرت لخاير عاد ان غلت,4.650000095367432,youtube_anYsyt84buw_105,1.0
labeled_linagora_cs_arabize,والسلطان مايتكلمش كيفاش تجيهي,تتكلم و السلطان ما يتكلمش كيفاش تجي هادي,3.565000057220459,youtube_anYsyt84buw_106,0.875
labeled_linagora_cs_arabize,هك البتيخة اللي جابها معاه اتكلمت,هاك البطيخه الي جابها معه اتكلمت قالت,3.765000104904175,youtube_anYsyt84buw_107,0.7142857142857143
labeled_linagora_cs_arabize,شفت ماهو هذا مش شي ينطق,له شفت ماو هاذا مسي نطق,3.246000051498413,youtube_anYsyt84buw_108,1.0
labeled_linagora_cs_arabize,كنتم مع حكاية جديدة مع حكاياس لاروي,كنتم مع حكايه جديده ما حكايهاش العروي نص,3.505000114440918,youtube_anYsyt84buw_109,0.75
labeled_linagora_cs_arabize,حمية منتاج وإخراج محمد بوقطايا,عماد بن حميده مونتاج واخراج محمد بوقطايه,3.184999942779541,youtube_anYsyt84buw_110,0.8571428571428571
labeled_linagora_cs_arabize,تقديم محمد السياري,تقديم محمد السياري,1.343000054359436,youtube_anYsyt84buw_111,0.0
labeled_linagora_cs_arabize,منحبهش ماكسيمم قى رح وليج ليلة دفور,ما نحبذهم ش ماكسيموم نلق روحي اوبليج ليلة ال دوفوار,4.320000171661377,0000027_0000068_0000001_27_68_1_0,0.9
labeled_linagora_cs_arabize,الع,العنوان,0.6800000071525574,ar--1546_1.5.wav_1546_1.5_0,1.0
labeled_linagora_cs_arabize,ش  د ل رغم ي  ل أ    لل عرف عليك  ر ال,بيرسون ايز كلوزد تو يو بالرغم الي يو جوست ميت هيم اور يوف بين لايك توكينق فور ما نعرف ش عليكم ا شورت بيريود اوف تايم سو,12.031999588012695,Melekher0000008_0000028_0000000_Melekher8_28_0_0,1.0
labeled_linagora_cs_arabize,لا ختر- أختر من هاكا أون فيت حاتهم خاطر انتي توا وليط ليماج د مارك بتاع ل جودمثانا أنا ستاتو كتبتو كيمرك لو تارو ماتينيز قلت معيزو الو تر,اخطر من هكة اون فات حاتم انت توا وريت لايماج دو مارك متاع لي جو دي مو ستاتو كتبتو كي مركا لوتارو مارتينيز قلت معيز,11.496000289916992,segment_0000289_segment_289_0,0.96
labeled_linagora_cs_arabize,ل,كومون انسايد ولا حاجة يتس نوت قونا مايك يو فيل سو لايك,4.015999794006348,0000071_0000048_0000000_71_48_0_0,1.0
labeled_linagora_cs_arabize,ما مانيش مرتاحين كمل لسنين ذلن ومربوطة باليمتلولك كيفاش تتعدى في البحر كفاش لعباد بش تتعاملك,اما ما ما ني ش مرتاحين كان من الثنية دونك و مربوطة بالايامات لولى كيفاش باش يتعدى في البحر كيفاش العباد باش تتعامل,6.432000160217285,amenyKH_0000007_chunk_0000096_007_chunk_96_0,0.782608695652174
labeled_linagora_cs_arabize,قالوا أنا ان,قالوا انا انا,0.9359999895095825,0000019_0000113_19_113_0,0.6666666666666666
labeled_linagora_cs_arabize,ح      ا ا ا   ع       ي,باش يمولوا المؤسسات الناشئة هاذيا باش نحكيو منين كيفاش صاحب مؤسسة ناشئة هاذيا ينجم من اليوما يمشي باش يدق البيبان باش يجيب لفلوس توت ان ساشان راهو باش نحكيو كان عالفلوس الي تهم المؤسسات الناشئة ما نا ش باش نحكيو عالفلوس لي تهم المشاريع الصغرى هاذا الكل يكون في موعدنا,15.031999588012695,0000001_sub_audio_chunk_0000006_1_sub_audio_chunk_6_0,1.0
labeled_linagora_cs_arabize,نشكرك عالرزرفايو وإن شاء الله تعدي بها جوا,عال ريزيرفاسيون و ان شاء الله تعدي بيها جو نشكرك,3.568000078201294,ar--3647_1.wav_3647_1_0,0.7
labeled_linagora_cs_arabize,قضية بالحق مو دور نجري در نجري در نجري العد صيح والر والحس والتزمير بعد,قضيات بالحق ما يوفاوش ندور و نجري ندور و نجري ندور و نجري و لعباد تصيح و الكراهب و الحس و التزمير من بعد كي روحت معناها اند ذاتس مومنت اوف بيس يت واز سو,12.031999588012695,0000662_0000145_0000000_662_145_0_0,0.8571428571428571
labeled_linagora_cs_arabize,عملهك يسبك مثلا وكماله ظامر مثلا والا يلقى برشا ناس كيفو ويجميلو يتفاعلو معاه ما عندك حتى فكرة الافري اللي تمسو,يعمل هكة يسبك مثلا و كومنتارو ضامر مثلا و الا يلقى برشا ناس كيفو و يجاميولوا و يتفاعلوا معاه ما عندك حتى فكرة الاوفوري لي تمسوا ل,9.144000053405762,amenyKH_0000038_0000081_0000001_38_81_1_0,0.5555555555555556
labeled_linagora_cs_arabize,أحنا خويا عننا ديكسيونير متاع سبان في تونس حنا نلحنو ونألفوا في السبان معاه قانون ول,احنا خويا عنا ديكسيونار متاع سبان في تونس ايه احنا نلحن ونالفوا في السبان ايه مع القانون ولا,5.688000202178955,youtube_Z6sAxdUMGuY_0,0.6111111111111112
labeled_linagora_cs_arabize,بطبيعك حال قانون  قانون,بطبيعه الحال قانون انا قانون,3.063999891281128,youtube_Z6sAxdUMGuY_1,0.6
labeled_linagora_cs_arabize,الي ن ت عمهم  المر بلمروف بالصي فوادين,كان لي انا نعملهم هذاكة متاع الامر بالمعروف بالعصي فوق فوق تروتوار اه تسب في الدين,4.9039998054504395,youtube_Z6sAxdUMGuY_2,1.0
labeled_linagora_cs_arabize,وتسب الجلالة وتقول كلام سفيها واحد هو بنته وهو امه وهو مرته عيب عيب كبير و,وتقول و تسب الجلاله وتقول الكلام السفاها واحد هو وبنته وهو امه وهو مرته عيب عيب كبير وكهو,6.71999979019165,youtube_Z6sAxdUMGuY_3,0.4444444444444444
labeled_linagora_cs_arabize,يلزم قانون رد نتو كان اللي شدني في الحكاية أن و لكومنتير اكل,يلزم قانون ردع ان تو لي كا الي شدني في الحكايه انه لي ايكو لي ايكو لي كومنتار الكل,4.840000152587891,youtube_Z6sAxdUMGuY_4,0.7894736842105263
labeled_linagora_cs_arabize,و  ع تس ل,التوانس مع مع تتساءل ياخي شكون الي يسب,3.0390000343322754,youtube_Z6sAxdUMGuY_5,1.0
labeled_linagora_cs_arabize,,الملايكه الملايكه,0.6629999876022339,youtube_Z6sAxdUMGuY_6,1.0
labeled_linagora_cs_arabize,يا رفيق ولله قل قليلة يسبو في الشارع قدام العباد الكبار,الشعب الموزمبيق عايش معانا يا رفيق و الله قله قليله يسبوا في الشارع قدام العباد الكبار,4.728000164031982,youtube_Z6sAxdUMGuY_7,0.5625
labeled_linagora_cs_arabize,رجع هو للإيكول ومن بعد مشين أنا وصالح كمنا دورنا سيدي بو سعيد وعلى فازات وعلى كعب كامل بدورلوتنكو م بعد  بو أسير كعبة بمبلونى كل وراو,رجع هو لل ايكول بعد مشينا انا و صالح كملنا درنا سيد بوسعيد و على فازات و على كعبات بامبالوني لا بيان سور كعبات بامبالوني و كل,8.51200008392334,0000027_0000185_0000002_27_185_2_0,0.8518518518518519
labeled_linagora_cs_arabize,كيفاش نوا حدد لي ممثل ولا كوتش قللي لا كوتش قوله تحب الشي هذا ونشوف فيه اللي هو انت تحبه شفت روحك أوكي فزي هو كيفاش لعمب,كيف شنوا حددلي ممثل و لا كوتش يقلي لا كوتش نقلو تحب الش هاذا و نشوف فيه الي هو انت تحب شفت روحك اوك فا زي هاو كيفاش تعمل,11.02400016784668,amenyKH_0000043_0000079_0000000_43_79_0_0,0.6551724137931034
labeled_linagora_cs_arabize,تحب تشرب حاجة,تحب تشرب حاجة,1.1119999885559082,TunSwitchTO_0000045_0000014_0000022_0000001y0000004_45_14_22_1y4_0,0.0
labeled_linagora_cs_arabize,الكاحها,الكحة,1.0640000104904175,ar--2197_0.75.wav_2197_0.75_0,1.0
labeled_linagora_cs_arabize,مش مس,مشمس,0.671999990940094,ar--1156_1.wav_1156_1_0,2.0
labeled_linagora_cs_arabize,وسلاث سنين مشهمش طلاعة,آه صيف السنة آه ما ثماش خلاعة,2.1519999504089355,amenyKH_0000007_chunk_0000076_007_chunk_76_0,1.0
labeled_linagora_cs_arabize,ثلاثة,ثلاثة,0.527999997138977,tn9848_0,0.0
labeled_linagora_cs_arabize,وقتها امشي طول وان بعد الدورة الثانية ل الثالثة عالليسار,وقتها امشي طول و من بعد الدورة الثانية لا الثالثة على ليسار,5.576000213623047,ar--3577_1.wav_3577_1_0,0.4166666666666667
labeled_linagora_cs_arabize,كينوصولهم من أبعد البلدان الأفريقية,كان يوصللهم من ابعد البلدان الافريقية,2.0160000324249268,0000019_0000021_19_21_0,0.6666666666666666
labeled_linagora_cs_arabize,كأك د عندي معنا  د,بيان سور زادة عندي معناها ماي بودي هاز يتس نيد,4.0320000648498535,Melekher0000012_0000068_0000001_Melekher12_68_1_0,0.9
labeled_linagora_cs_arabize,ل ال اللي ر  ع ح,تراي تو دو ستاف الي مايك يو فيل هابي,4.607999801635742,0000070_0000057_0000004_70_57_4_0,1.0
labeled_linagora_cs_arabize,لي قولل معنتا يلزم اصلاح الأنظمة هوما ونصور الاصلاح باش يطرق باش معنت جر عليه انخفاض فيمستوى الجرايتو هالشكاليات هوما ال اللي مطروحة المقا,دي اكسبير يقولك معنتها يلزم اصلاح الانظمه هذوما ونتصور الاصلاح باش يطرق باش معنتها ينجر عليه انخفاض في مستوى الجرايات يعني اليوم هال الاشكاليات هذوما الي مطروحه في المقابل عنا حلول,15.02400016784668,segment_0000913_segment_913_0,0.7419354838709677
labeled_linagora_cs_arabize,لكونفانتيان كادرة متع,م لا كنفينسيون كادر متاع,1.8880000114440918,amenyKH_0000006_0000006_0002012_partie0000006_chunk_0000230_06_06_2012_partie6_chunk_230_0,1.0
labeled_linagora_cs_arabize,تاعك متع انت طلع توصلهم الاجتماعي نتعyو مd ترجمي,متاعك متاع انت طلعت في السلم الاجتماعي متاع اكال يو مايد يت اونتر قيوميت,3.9519999027252197,0000050_0000076_0000000_50_76_0_0,0.8571428571428571
labeled_linagora_cs_arabize,بدني عضوية وي تعيقهم والمدرسة التربوية قامت جهود في السابق لكن غير كافية وه لنا نذكرهم اص في الظرف الحالي فيتونس الفئات ه ن ناسناها,بدنية عضوية و الي تعيقهم والمدرسة التربوية قامت الجهود في السابق لكن غير كافية و هاذي يلزمنا نتذكروها خاصة في انو في الظرف الحالي في تونس الفئة هاذيا كان تناسيناها,10.824000358581543,amenyKH_Partie0000009_chunk_0000079_Partie9_chunk_79_0,0.5666666666666667
labeled_linagora_cs_arabize,تطلب برشا,تطلب برشا,1.7200000286102295,totleb_barcha_31591_0,0.0
labeled_linagora_cs_arabize,جيتو معناها من بلاصة بعيدة مش حتى بعيدة من بلاصة أخرى معناها,جيتو معناها من بلاصة بعيدة مش حتى بعيدة من بلاصة اخرى معناها ذاي كايندا يوز يو اور سامثينق يو نو لايك,6.935999870300293,0000060_0000100_0000002_60_100_2_0,0.47619047619047616
labeled_linagora_cs_arabize,قتن نقبل كنت نحكي مع سيد ع الصحرا وكل شي,قبيلة كنت نحكي مع سيد عالصحراء و كل شيء هو انو,3.328000068664551,0000038_0000168_0000000_38_168_0_0,0.7272727272727273
labeled_linagora_cs_arabize,اند منيش عارفة كيفاش السيستام تاع القراية معنديح,اند ما ني ش عارفة كيفاش ال سيستام متاع القراية ما عندي حتى,4.223999977111816,Melekher0000010_0000050_0000001_Melekher10_50_1_0,0.6923076923076923
labeled_linagora_cs_arabize,خاطر تفرق باش تعمل فيالدار فهمت بار كونر م تلقاش واحد فريمو عامل فور ف الدار وم يلقاش رزلتا صعيب,خاطر تفرق بشتعمل في الدار فهمت بار كونتر مفماش واحد فريمون عامل افور في الدار و ما يلقا ش ريزولتا صعيب,6.584000110626221,0000027_0000053_0000001_27_53_1_0,0.6666666666666666
labeled_linagora_cs_arabize,وين باش تضرب وين البرامج اللي قاعدين يتعدو فيها كما يلزم,وين باش تضرب وين البرامج الي قاعدين يتعداوا فيها كيما يلزم,3.5439999103546143,amenyKH_Hkayet_Tounsia_S0000002_Episode_0000028_0000026_0000003_0002018_Partie_0000003_Sync0000125_no_speaker_0000734.0000078_0000738.0000033_Hkayet_Tounsia_S02_Episode_28_26_03_2018_Partie_03_Sync125_no_speaker_734.78_738.33_0,0.2727272727272727
labeled_linagora_cs_arabize,إذي اللي نحن نوفروه,هذايا لي احنا نوفروه,1.4079999923706055,0000011_0000028_11_28_0,0.75
labeled_linagora_cs_arabize,сузһамбыргер узызқауиайчек башынызу,زوز هامبرغر و زوز قهاوي يعيشك باش نهزوهم,3.1040000915527344,TunSwitchTO_0000046_0000021_0000005_0000107_46_21_05_107_0,1.0
labeled_linagora_cs_arabize,نقولكم اعرفوا  ج على خضر كان انت  ج,نقلكم اعرفوا يور قولز على خاطر كان انت يور قولز,3.568000078201294,0000070_0000017_0000000_70_17_0_0,0.6
labeled_linagora_cs_arabize,أترويج,اترفار,1.0160000324249268,ar--1316_0.75.wav_1316_0.75_0,1.0
labeled_linagora_cs_arabize,أروا من إيطاليا التحديد اش نكون معنا باشنحرصالحدود الأروبية ا نخ  ي اسياسات ال,كبيرة من اوروبا و من ايطاليا بالتحديد باش نكونوا معنتها باش نحصروا الحدود الاوروبية و باش ننخرطوا فسياسة الهجرة,11.991999626159668,0000050_0000063_0000000_50_63_0_0,0.9473684210526315
labeled_linagora_cs_arabize,كتp يé كتب kتب,كتب يكتب كاتب,2.312000036239624,kteb_yekteb_kateb_31044_0,1.3333333333333333
labeled_linagora_cs_arabize,عليهمملي هو صغير مالي هو كل شي أحنا نحاول في لصالون نتاعنا هذايا نثمنو المجهودات و نثمنو خاصة قيمة المرشي هذايا نوفرو معناتها للشركات ب باش ي ولا يعملوب,وتنفستي عليهم ماللي هو صغير هو كل شيء احنا نحاولو في الصالون متعنا هذايا نثمنو المجهودات وثمنوا خاصة قيمهدة المارشي هذايا نوفر معنها للشركات اونفيرونمون باهي باش ينفستيو ولا يعملوا بي توا بي,12.64799976348877,segment_0000963_segment_963_0,0.6666666666666666
labeled_linagora_cs_arabize,ي,بالله آه هاكي ال كنفرمسيون بور بور آه الترينو متاع الثلاثة لتونس سلام عليكم,4.311999797821045,amenyKH_MIC0000001_mod_0000070_chunk_0000007_MIC00001_mod_70_chunk_7_0,1.0
labeled_linagora_cs_arabize,في السمة الدياعي فما,في الليسة متاعي فمة,1.1119999885559082,ar--3315_1.25.wav_3315_1.25_0,0.75
labeled_linagora_cs_arabize,قتليشبيك ريزلطا ختليبا يخرج عليه عاد س  نكمل نرقد مريك نجح يعطيني الصحه  نرقد عروحورجع ترقد,قنلي شبيك ريزولتا قلتلها تي باهي اخرج عليا عاد صايي خنكمل نرقد مريقل نجحت يعطيني الصحة خنرقد على روحي و الله و رجعت رقدت,8.232000350952148,0000027_0000138_0000000_27_138_0_0,0.875
labeled_linagora_cs_arabize,-تيل دخانشهور  هر شريف نسمع فيك مت,تبطيل الدخان متاع ستة شهور و ثمنية شهور عملت تحليل و الحمد نعم معناتها التحليل و سى فا وشافتو لا باس و,8.02400016784668,amenyKH_0000006_0000006_0002012_partie0000004_chunk_0000096_06_06_2012_partie4_chunk_96_0,1.0
labeled_linagora_cs_arabize,الكتاب هذا نعديه لكل تونسي حس اللي لكتاب يحكي عليه,الكتاب هاذا نهديه لكل تونسي حس الي الكتاب يحكي عليه,2.9040000438690186,TunSwitchTO_0000030_0000021_0000051_0000042s_30_21_51_42s_0,0.4
labeled_linagora_cs_arabize,تلي,السرفيس,0.671999990940094,ar--1489_1.5.wav_1489_1.5_0,1.0
labeled_linagora_cs_arabize,مشيه القهوة وقعت في طاولة فيغ,مشى القهوة و قعد في طاولة فارغة,3.1600000858306885,ar--3107_1.25.wav_3107_1.25_0,0.5714285714285714
labeled_linagora_cs_arabize,وكيف نايقس نعمط م السومة,و كيف نياس نهبط من الصمعة,2.1679999828338623,0000021_0000139_21_139_0,1.0
labeled_linagora_cs_arabize,suož,سطاش,1.128000020980835,ar--1134_0.75.wav_1134_0.75_0,1.0
labeled_linagora_cs_arabize,اي غسرو مع الول مش مع بعض,ايه اغسلهم على الاول مش مع بعضهم,2.0480000972747803,TunSwitchTO_0000077_0000009_0000021_lhl_77_09_21_lhl_0,0.7142857142857143
labeled_linagora_cs_arabize,الايديات اللي قاعدين يجيوني ما شاءالله,ال ايديا لي قاعدين يجيوني ما شاء الله,3.3519999980926514,Melekher0000012_0000162_0000000_Melekher12_162_0_0,0.625
labeled_linagora_cs_arabize,سو الفيلم باش يحكينا الحكاية,الفيلم باش يحكيلنا الحكاية سو ان,3.1679999828338623,amenyKH_0000076_0000031_0000001_76_31_1_0,0.6666666666666666
labeled_linagora_cs_arabize,م يعتبرش روحه هو محمي,لان ما يعتبرش روحو الي هو محمي,1.687999963760376,amenyKH_0000006_0000006_0002012_partie0000005_chunk_0000044_06_06_2012_partie5_chunk_44_0,0.5714285714285714
labeled_linagora_cs_arabize,لي ثا باما لبلاستيك هذاكا  موساج لوحي معناها حياتو تدوم سم ديقيق بلار,الي كارونت بورسون مال بلاستيك هذاكة ا يوزاج يونيك معناها حياتو تدوم سانك مينوت بو اتر,6.9039998054504395,0000049_0000152_0000000_49_152_0_0,0.8125
labeled_linagora_cs_arabize,المرا,المراة,0.5680000185966492,amenyKH_Hkayet_Tounsia_S0000001_Episode_0000021_0000017_0000004_0002017_Partie_0000001_Sync0000039_no_speaker_0000311.0000087_0000312.0000043_Hkayet_Tounsia_S01_Episode_21_17_04_2017_Partie_01_Sync039_no_speaker_311.87_312.43_0,1.0
labeled_linagora_cs_arabize,خسارة,خسارة,0.6959999799728394,ar--3528_1.wav_3528_1_0,0.0
labeled_linagora_cs_arabize,stlقى leprofessionnel,سيكتور تلقا لي بروفيسيونال دو سيكتور,1.5759999752044678,0000009_sub_audio_chunk_0000002_9_sub_audio_chunk_2_0,1.0
labeled_linagora_cs_arabize,كوكل واحد يجاغكمنوع من الحماية م نوع من,كهو كل واحد يل جيري كوم يل نوع من الحماية معناها نوع مال ايه,4.455999851226807,0000050_0000273_0000001_50_273_1_0,0.7142857142857143
labeled_linagora_cs_arabize,البني,البنية,0.5199999809265137,ar--1415_1.25.wav_1415_1.25_0,1.0
labeled_linagora_cs_arabize,الفين,الباب,0.7440000176429749,ar--1727_0.75.wav_1727_0.75_0,1.0
labeled_linagora_cs_arabize,الفوق,الفوق,0.8960000276565552,ar--1118_0.75.wav_1118_0.75_0,0.0
labeled_linagora_cs_arabize,أن البلاد ما تقعدش في مرحلة انتقالية,انو البلاد ما تقعدش في مرحلة انتقالية,2.0239999294281006,amenyKH_0000002_chunk_0000113_002_chunk_113_0,0.14285714285714285
labeled_linagora_cs_arabize,الصوت,الصوت,0.7919999957084656,ar--2144_1.wav_2144_1_0,0.0
labeled_linagora_cs_arabize,يسيدك بسيدك,يا سيدك بن سيدك,1.5920000076293945,youtube_XW2xWgL8x-8_0,1.0
labeled_linagora_cs_arabize,كانوا فما ثلاثة حلالف صغار عايشين مع أمهم في دار صغيرة,كانو فما تلاثه حلالف صغار عايشين مع امهم في دار صغيرة,4.423999786376953,youtube_XW2xWgL8x-8_1,0.2727272727272727
labeled_linagora_cs_arabize,نهار من نهارات جي الوقت باش الحلالف يخرجوا من درمهم ويتعلموا يعيشوا وحدهم,نهار من النهارات جا الوقت باش الحلالف يخرجو من دار امهم و يتعلمو يعيشو وحدهم,6.728000164031982,youtube_XW2xWgL8x-8_2,0.5333333333333333
labeled_linagora_cs_arabize,حكيت,هكاك,0.8080000281333923,youtube_XW2xWgL8x-8_3,1.0
labeled_linagora_cs_arabize,عايتتلهم أمهم,عيطتلهم امهم,1.4559999704360962,youtube_XW2xWgL8x-8_4,1.0
labeled_linagora_cs_arabize,وقالت لهم يا ولادي جي الوقت باش تخرجوا للدنيا,و قالتلهم يا ولادي جا الوقت باش تخرجو للدنية,4.248000144958496,youtube_XW2xWgL8x-8_5,0.5555555555555556
labeled_linagora_cs_arabize,مشيو وبداوا حياتكم وما تنسوش اللي تعملوه أعملوه بقلبه ورب راهو اللي يحب الللو يسهر الليل بكله وهكاكا تنجموا تعيشوا حياتكم بالجداك,امشيو وابداو حياتكم و متنساوش الي تعملوه اعملوه بقلب و رب راهو الي يحب الللو يسهر الليل بكلو و هكاكة تنجمو تعيشو حياتكم بالقدة,11.552000045776367,youtube_XW2xWgL8x-8_6,0.6666666666666666
labeled_linagora_cs_arabize,حزانة شوية وفي نفس الوقت هايجين سلموا الحلالف على امهم وشدوا اثنيتهم,حزانة شوية و في نفس الوقت هايجين سلمو الحلالف على امهم و شدو ثنيتهم,7.880000114440918,youtube_XW2xWgL8x-8_7,0.42857142857142855
labeled_linagora_cs_arabize,حتى لين لقاو طرف أرث ينجموا يبنيو فوقوا ديارهم,حتى لين لقاو طرف ارض ينجمو يبنيو فوقو ديارهم,6.823999881744385,youtube_XW2xWgL8x-8_8,0.3333333333333333
labeled_linagora_cs_arabize,صغير فيهم حب يبني داروبتبن,الصغير فيهم حب يبني دارو بالتبن,4.552000045776367,youtube_XW2xWgL8x-8_9,0.5
labeled_linagora_cs_arabize,مشي في بالو باش يبني يدارو بزربة,مشى في بالو بش يبني دارو بزربة,3.055999994277954,youtube_XW2xWgL8x-8_10,0.42857142857142855
labeled_linagora_cs_arabize,وهكاك يقعد له برشا وقت باش يلعب يا أخي الحلوف الصغير,و هكاك يقعدلو برشة وقت بش يلعب ياخي الحلوف الصغير,6.25600004196167,youtube_XW2xWgL8x-8_11,0.7
labeled_linagora_cs_arabize,بني دارو وكملها في نهار واحد وهكاك عية لاخويت وقاللهم شوفوا كمل داري,بنا دارو و كملها في نها رواحد و هكاك عيط لخواتو و قاللهم شوفو شوفوو كملت داري,8.192000389099121,youtube_XW2xWgL8x-8_12,0.8235294117647058
labeled_linagora_cs_arabize,كيف شاف خوهم الكبير الدار قالو ه هذي دار شاتة في كحة مثبت الدار هذي باش تحمينا م زيب,كيف شاف خوه لكبير الدار قلو اهه هاذي دار شاده في شعرة مثبت الدار هاذي بش تحمينا من الذيب,10.887999534606934,youtube_XW2xWgL8x-8_13,0.5789473684210527
labeled_linagora_cs_arabize,أما الحلوف الصغير كان ما يهموش وقال اخو دييا رتاح يا خويا تو كل شيء يكون لبس,اما الحلوف الصغير كان ما يهمو ش و قال لخوه ارتاح يا خويا طو كل شي يكون لباس,6.751999855041504,youtube_XW2xWgL8x-8_14,0.5555555555555556
labeled_linagora_cs_arabize,باهي منبعد ما تجيني تتشكرا هو قالو اخو الكبير,باهي مبعد ما تجيني ش تتشكا راهو اه قالو خوه لكبير,3.7679998874664307,youtube_XW2xWgL8x-8_15,0.6363636363636364
labeled_linagora_cs_arabize,الحلوف الوسطاني قر باشبني دارو بالوح,الحلوف الوسطاني قرر بش يبني دارو باللوح,4.111999988555908,youtube_XW2xWgL8x-8_16,0.5714285714285714
labeled_linagora_cs_arabize,مشي لمد عراف هي جر وحب يعمل بهم كوخ وفي دوب ثلاث أيام كملت الدار وكانت أصح من دارتبن متاع خوه الصغير,مشى لمد اعراف شجر و حب يعمل بيهم كوخ و في دوب تلاثة ايام كملت الدار و كانت اصح من دار التبن متاع خوه الصغير,10.008000373840332,youtube_XW2xWgL8x-8_17,0.6
labeled_linagora_cs_arabize,خول كبير مشيللدار وقاله يا خويا الغالي يعطيك الصحة أما الدار مهيش لك الكل,الخو الكبير مشالو لدار و قلو يا خويا الغالي يعطيك الصحه اما الدار ما هي ش لكل الكل,6.783999919891357,youtube_XW2xWgL8x-8_18,0.6666666666666666
labeled_linagora_cs_arabize,مثبت الدار هذي باش تحمينا مذيب,مثبت الدار هاذي بش تحمينا من الذيب,2.5999999046325684,youtube_XW2xWgL8x-8_19,0.5714285714285714
labeled_linagora_cs_arabize,أما الحلوف الوسطاني قال الخوه ارتاح يا خويا الدار لبس عليها,اما الحلوف الوسطاني قال لخوه ارتاح يا خويا الدار لباس عليها,5.783999919891357,youtube_XW2xWgL8x-8_20,0.2727272727272727
labeled_linagora_cs_arabize,كيف كانوا الحلال فيلزوز عاملين جو في الديار متاعهم اللي بناوهم كان اخوهم الكبير مازال يبني في دارو وغارق في الخدمة للعنكوش على خاطرو قرر باش يبني دارو من الحجر,كيف كانو الحلالف الزوز عاملين جو في الديار متعهم الي بناوهم كان خوهم لكبير مازال يبني في دارو و غارق في الخدمة للعنكوش على خاطرو قرر بش يبني دار من الحجر,13.807999610900879,youtube_XW2xWgL8x-8_21,0.3548387096774194
labeled_linagora_cs_arabize,خواته ما فهموش علاش يصعب فيها على روحو يا أخي بشاولوا باش يحكيو معاه يا اخويا ش بتتصعب فيها وهي ساهلة,خواتو مفهموش علاش يصعب فيها على روحو ياخي مشولو بش يحكيو معاه يا خويا شبيك تصعب فيها و هي ساهلة,9.37600040435791,youtube_XW2xWgL8x-8_22,0.6
labeled_linagora_cs_arabize,كان عملت كيف نارك ربحت وارتحت على بكري,كان عملت كيفنا راك ربحت و رتحت على بكري,3.5439999103546143,youtube_XW2xWgL8x-8_23,0.4444444444444444
labeled_linagora_cs_arabize,أما اخوهم الكبير كمل يخدم على روحو وماخلاش كلامف خواته يفشلوه,اما خوهم لكبير كمل يخدم على روحو و ما خالاش كلام خواتو يفشلوه,6.624000072479248,youtube_XW2xWgL8x-8_24,0.6153846153846154
labeled_linagora_cs_arabize,كيفو فيت الجمعة يلقى روحه حتى هو كمل دارو بالحجر واليجور,كيف وفات الجمعة يلقى روحو حتى هو كمل دارو بالحجر و الياجور,5.1519999504089355,youtube_XW2xWgL8x-8_25,0.4166666666666667
labeled_linagora_cs_arabize,من غدوة جازيب جعان بحث ديارهم وقف قدام دارة بن وقت اللي الحلوف الصغير كان مقيل في داره,من غدوة جا ذيب جيعان بحذا ديارهم و وقف قدام دار التبن وقتلي الحلوف الصغير كان مقيل في دارو,8.479999542236328,youtube_XW2xWgL8x-8_26,0.5263157894736842
labeled_linagora_cs_arabize,يا أخي دق الزيب الباب,ياخي دق الذيب الباب,3.0,youtube_XW2xWgL8x-8_27,0.75
labeled_linagora_cs_arabize,قال,و قال,0.9200000166893005,youtube_XW2xWgL8x-8_28,0.5
labeled_linagora_cs_arabize,حل الباب وخليني ندخل م كانش ندخل ونخرج وننفخ على دورك نطير هالك,حل الباب و خليني ندخل ماكانشي ندخل ونخرج و ننفخ على دارك نطيرهالك,9.711999893188477,youtube_XW2xWgL8x-8_29,0.6923076923076923
labeled_linagora_cs_arabize,قالوا الحلوف برا بعيد ما عندك ما تعمل ماكش باش تكسرلي داري يا أخي زيب دخل دخل وخرج ونفخ على الدار طيرها,قالو الحلوف برا بعيد ماعندك ماتعمل مكش باش تكسرلى داري ياخي الذيب دخل و خرج و نفخ على الدار طيرها,12.51200008392334,youtube_XW2xWgL8x-8_30,0.7
labeled_linagora_cs_arabize,وبلصيف ما نجم يهرب الحلوف الصغير لدارخوه الوسطاني اللي معمولة من لوح,و بسيف نجم يهرب الحلوف الدار خوه المتوسط الي معموله من اللوح,6.039999961853027,youtube_XW2xWgL8x-8_31,0.6666666666666666
labeled_linagora_cs_arabize,كيف تق البيب حل خوه ونقز هو في وسط الدار,كيف دق الباب حلو خوه و نقز هو في وسط الدار,3.4159998893737793,youtube_XW2xWgL8x-8_32,0.45454545454545453
labeled_linagora_cs_arabize,و فيسا ما صكر البيب وقال مرعوب زيبج زيب ج يا خويا,و فيسع ما سكر الباب و قال مرعوب الذيب جاي الذيب جاي ياخي,6.072000026702881,youtube_XW2xWgL8x-8_33,0.7692307692307693
labeled_linagora_cs_arabize,ياأخي خو طمن ق له ما تخافش الزيب ما ينجم يعمللنا حتى شي في داري,ياخي خوه طمنو و قالو ما تخاف ش الذيب مينجم يعملنا شي في داري,5.616000175476074,youtube_XW2xWgL8x-8_34,0.7857142857142857
labeled_linagora_cs_arabize,زيد شوية وخلط عليهم الذيب للدار الحلوف الوسطاني ودق البيب وقال,زاد شوية و خلط عليهم الذيب لدار الحلوف الوسطاني و دق الباب و قال,6.168000221252441,youtube_XW2xWgL8x-8_35,0.6428571428571429
labeled_linagora_cs_arabize,حل الباب وخليني ندخل مكانش ندخل ونخرج وننفخ على دارك نطير هالك,حل الباب و خليني ندخل ماكانشي ندخل و نخرج و ننفخ على دارك نطيرهالك,8.184000015258789,youtube_XW2xWgL8x-8_36,0.6428571428571429
labeled_linagora_cs_arabize,يخي تذيب دخل وخرج ونفخ عالدار طيرها وباصيف ما نجمو يهربوا الحلال فالزوز لدار خوهم الكبير,ياخي الذيب دخل و خرج و نفخ على الدار طيرها و بسيف مانجمو يهربو الحلالف الزوز لدار خوهم لكبير,9.368000030517578,youtube_XW2xWgL8x-8_37,0.7894736842105263
labeled_linagora_cs_arabize,كيف وصلوا وشعر ولشدهم الزيب داخلوا لدار خوهم مرعوبين يعيتوا زيب ج زيب ج يا خويا,كيف وصلو و شعرة لا شدهم الذيب دخلو لدار مرعوبين يعيطو الذيب جا الذيب جا يا خويا,7.127999782562256,youtube_XW2xWgL8x-8_38,0.7647058823529411
labeled_linagora_cs_arabize,أما خوهم الكبير قعد رايس وقال ما تخوافوش تزيب ماعدو ما يعملنا في داري,اما خوهم لكبير قعد رايض و قال متخافوش الذيب ماعندو مايعمللنا في داري,6.23199987411499,youtube_XW2xWgL8x-8_39,0.7692307692307693
labeled_linagora_cs_arabize,يااخي جاذيب ودق الباب وقال بالقوي,ياخي جا الذيب و دق الباب و قال بالقوي,5.9120001792907715,youtube_XW2xWgL8x-8_40,0.7777777777777778
labeled_linagora_cs_arabize,حل الباب وخليني ندخل مكانش ندخل ونخرج وننفخ على دارك نطير هالك,حل الباب و خليني ندخل ماكانشي ندخل ونخرج و ننفخ على دارك نطيرهالك,8.479999542236328,youtube_XW2xWgL8x-8_41,0.5384615384615384
labeled_linagora_cs_arabize,انسى ياذيب ماكش باش تنجم تدخللها الدار,انسى يا ذيب ماكش بش تنجم تدخللها الدار,3.5360000133514404,youtube_XW2xWgL8x-8_42,0.375
labeled_linagora_cs_arabize,قال لحلوف الكبير,قال الحلوف لكبير,1.4880000352859497,youtube_XW2xWgL8x-8_43,0.6666666666666666
labeled_linagora_cs_arabize,egi nervosezep,ياخي تنرفز الذيب,2.8239998817443848,youtube_XW2xWgL8x-8_44,1.0
labeled_linagora_cs_arabize,ودخل وخرج ونفخ وما صار حتى شي للدار يا أخي زاد نفخ ونفخ ونفخ,و دخل و خرج و نفخ و ما صارحتى شي لدار ياخي زاد نفخ و نفخ و نفخ,9.088000297546387,youtube_XW2xWgL8x-8_45,0.8888888888888888
labeled_linagora_cs_arabize,اما منجمش يحرك حجرة وحدة في الدار,اما مناجمشى يحرك حجرة وحدة في دار,3.7279999256134033,youtube_XW2xWgL8x-8_46,0.2857142857142857
labeled_linagora_cs_arabize,كيف تعب الذيب حب يجرب ثنية وحدأخرى,كيف تعب الذيب حب يجرب ثنيه اخرى,2.880000114440918,youtube_XW2xWgL8x-8_47,0.2857142857142857
labeled_linagora_cs_arabize,كيف شاف الشمينية فوق الصطح بدا الذيب يتشعبط في الدار واشلق به الحلوف الكبير اللي هو ماشي للشمينية,كيف شاف الشمينيه فوق السطح بدا الذيب يتشعبط فلدار و شلق بيه الحلوف لكبير الي هو ماشي لشمينية,7.783999919891357,youtube_XW2xWgL8x-8_48,0.5
labeled_linagora_cs_arabize,يا أخي فيسهمشي لحلوف الكبير وشعل النار في الشمينية,ياخي فيسع مشى الحلوف لكبير و شعل النار في الشمينية,4.6479997634887695,youtube_XW2xWgL8x-8_49,0.7
labeled_linagora_cs_arabize,وحط قصدرية كبيرة معبية بالما فوق النار تسخ,و حط قصدرية كبيرة معبية بالماء فوق النار تسخن,4.159999847412109,youtube_XW2xWgL8x-8_50,0.4444444444444444
labeled_linagora_cs_arabize,لذيب صيف وصل لشمينية وهبط في وسطها في بيله باش يدخل,الذيب بالسيف وصل ليشمينية و هبط في وسطها فبالو بش يدخل,5.079999923706055,youtube_XW2xWgL8x-8_51,0.7272727272727273
labeled_linagora_cs_arabize,يدخل للدار هو زادة ياخي طاح في الما لسخون,يدخل للدار ياخي طاح في الما سخون,4.400000095367432,youtube_XW2xWgL8x-8_52,0.42857142857142855
labeled_linagora_cs_arabize,تسمط زب,تصمط الذيب في الماء,1.6720000505447388,youtube_XW2xWgL8x-8_53,1.0
labeled_linagora_cs_arabize,وهكاك مشيه لذيب على روحه ورتاحو لحلالف من الذيب وفرحه,و هكاكة مشا الذيب على روحو و رتاحو الحلالف من الذيب و فرحو,7.984000205993652,youtube_XW2xWgL8x-8_54,0.7692307692307693
labeled_linagora_cs_arabize,ومن غدوة مشاو لحلالف يطلوا على امهم باش يحكيولها شنوا صار الكل,و من غدوة مشاو الحلالف يطلو على امهم بش يحكيولها شنوا صارلهم الكل,5.039999961853027,youtube_XW2xWgL8x-8_55,0.46153846153846156
labeled_linagora_cs_arabize,الصغير فيهم قال لمو يا أمي كان عندك الحق,الصغير فيهم قال لامو يا امي كان عندك الحق,3.7920000553131104,youtube_XW2xWgL8x-8_56,0.2222222222222222
labeled_linagora_cs_arabize,أي حاجة نعملوها لازمنا نعملوها بقلب رب وراهو بالحق اللي يحب الللو يسهر الليل كله,اي حاجة نعملوها لازمنا نعملوها بقلب و رب و راهو بالحق الي يحب الللو يسهر الليل الكلو,8.35200023651123,youtube_XW2xWgL8x-8_57,0.35294117647058826
labeled_linagora_cs_arabize,وماكن نهار الحلوف الوسطاني والصغير عمرهم ما بخلوا ع الخدمة وولاوا كيف ما اخوهم الكبير خدامين,و ما كنهار الحلوف الوسطاني و الصغير عمرهم ما بخلو على الخدمة و ولاو كيفما خوهم الكبير خدمين,8.855999946594238,youtube_XW2xWgL8x-8_58,0.6666666666666666
labeled_linagora_cs_arabize,وعاشو فرحانين متهنين,و عاشو فرحانين متهنين,2.184000015258789,youtube_XW2xWgL8x-8_59,0.5
labeled_linagora_cs_arabize,وحكايتنا طبة طبة وكل عام تجينا صعبة,و حكايتنا طابة طابة و كل عام تجينا صابه,4.840000152587891,youtube_XW2xWgL8x-8_60,0.7777777777777778
labeled_linagora_cs_arabize,جبيض ابيض ر معنتها تونس   مزال ثما الفكرة هذيا علخر,رجل ابيض ابيض اونتر قيلم معنتها تونسي تو سامبلمون فهمت مازال فمة الفكرة هاذيا عالاخر,5.208000183105469,0000050_0000070_0000000_50_70_0_0,0.8
labeled_linagora_cs_arabize,mind blowing أول حاجة aن i had problems with my sleeping schedule,اي هاد بروبلام ويذ ماي سليب سكيجول اول حاجة انا مايند بلوينق,4.584000110626221,0000075_0000075_0000000_75_75_0_0,1.0
labeled_linagora_cs_arabize,أما يم غاي أن  ميصدا  هذ  لال أخ مع ميصد من منحبش معناها نقوللكم لي وحياتكم باهيا وحاجي ومسالي شو يصير,اما يو قايز ار ليترالي ماي فريندز اند ذيس ايز ذي واي اي تولك ويذ ماي فريندز من منحبش معناها نقلكم لا و حياتكم باهية و عادي و ميسالش ميسالش,10.319999694824219,Melekher0000011_0000058_0000001_Melekher11_58_1_0,0.9
labeled_linagora_cs_arabize,اتfرغيد,التفرهيد,1.25600004196167,ar--1550_0.75.wav_1550_0.75_0,1.0
labeled_linagora_cs_arabize,الزوز تفرجو عل الفيلم,الزوز تفرجو عالفيلم,1.8240000009536743,ar--3607_1.wav_3607_1_0,0.6666666666666666
labeled_linagora_cs_arabize,لحق عش صار,بالحق آش صار,1.215999960899353,ar--3275_1.25.wav_3275_1.25_0,0.6666666666666666
labeled_linagora_cs_arabize,كي تر كنو اشيك لعباد اللي عسطو نجم نعطي لزا نتاع مس اشلوشن  لفينتر الي باشياخدو معنا عهورت فينتك باش باشيعوي لعباد الستارتب لي بشيخرجو باشيعملولهم,كي فون اتر افيك نو باش واي اكومباني لعباد الي ي بوستول نجم نعطي ل اكزامبل متاع ام اس سولوسيون فال فينتيك الي باش يخدمو معانا عال كوهورت فينتيك باش واي اكومباني لعباد لي ستارتوب لي باش يخرجو باش يعملولهم,14.97599983215332,0000009_sub_audio_chunk_0000000_9_sub_audio_chunk_0_0,0.8
labeled_linagora_cs_arabize,توا وليت نعرف كونه كان غالط,توا وليت نعرف كونه كان غالط,2.48799991607666,TunSwitchTO_0000012_0000019_0000043_ild_12_19_43_ild_0,0.0
labeled_linagora_cs_arabize,المليك,الملاك,1.2000000476837158,ar--1721_0.75.wav_1721_0.75_0,1.0
labeled_linagora_cs_arabize,از,الزبدة,0.527999997138977,ar--1213_1.25.wav_1213_1.25_0,1.0
labeled_linagora_cs_arabize,منحبوش نتحر كنسا وكلكمعت منيخ باشلاجم نتحر كان معنديش,ما نحبوش نتحرروا كا نساء و كل اما اعطيني مناخ انا باش نجم نتحرر كان ما عنديش,5.76800012588501,0000050_0000208_0000000_50_208_0_0,0.9411764705882353
labeled_linagora_cs_arabize,يزم تتجرب السلاطة المكونة هدي راه يبينة بشا,يلزمك تجرب سلاطة المقرونة هاذي راهي بنينة برشا,3.055999994277954,ar--3392_1.5.wav_3392_1.5_0,1.0
labeled_linagora_cs_arabize,حتى شيء,حتى شيء,0.6399999856948853,ar--2450_1.25.wav_2450_1.25_0,0.0
labeled_linagora_cs_arabize,أصغر,اصغر,0.5519999861717224,ar--1113_1.wav_1113_1_0,1.0
labeled_linagora_cs_arabize,انا عمري سنة معناها القضية هذي نجم نسمحها جاوي ب وانت اذا كان عمرك اقل من سنة كيبالى عمر إنشاءالله ارجع و اعمل طلق قضيتنا اليوم بالرسمي قضية قوية برشا لكنها مهيش اقوى من اختنا فاضما,انا عمري واحد و عشرين سنه معناها القضية هاذي نجم نسمعها جوي باهي وانت اذا كان عمرك اقل من ثمنطاش سنه ك يولي عمرك ثمنطاش ان شاء الله ارجع واعمل طلة قضيتنا اليوم بالرسمي قضيه قويه برشا لكنها ما هي ش اقوى من اختنا فاطمة,12.432000160217285,segment_0000667_segment_667_0,0.5777777777777777
labeled_linagora_cs_arabize,źisy为y,جيب السروال,0.8320000171661377,ar--1340_1.25.wav_1340_1.25_0,1.0
labeled_linagora_cs_arabize,قد مه قد ما معناها اونت ات ان طخان تدير مثلا دي بتي جاست لي كي تتقطع حاجه تخيطها من لبستككي تكسرلك تليفونك ولا,قد ما قد ما معناها اون تران دايدي مثلا دي بتي جيست الي كي تتقطع حاجة تخيطها من لبستك كي يتكسرلك تاليفونك ولا,12.031999588012695,0000049_0000103_0000000_49_103_0_0,0.5652173913043478
labeled_linagora_cs_arabize,جنابهم  الليسي لرك شني برمير شني باكسي لازمك فيسعتب تحضر روحك وقت دجا,بجنابهم فالليسي الور ك شنيا بريمير شنيا باك صاي لازمك فيسع تبدى تحضر روحك ديجا,4.639999866485596,amenyKH_0000028_0000070_0000000_28_70_0_0,0.8666666666666667
labeled_linagora_cs_arabize,يلزم عداد داخل السيارة لما المواطن يطبع يقذر للعداد ويقضر لضغم البقاني,يلزم عداد داخل السيارة لما المواطن يطلع يغزر للعداد ويغزر لرقم الفوقاني,5.935999870300293,amenyKH_0000003_chunk_0000068_003_chunk_68_0,0.4166666666666667
labeled_linagora_cs_arabize,الجلبينة,الجلبانة,1.1679999828338623,ar--1655_0.75.wav_1655_0.75_0,1.0
labeled_linagora_cs_arabize,نحب على اشامبوان,نحب على الشامبوان,1.3040000200271606,TunSwitchTO_0000050_0000011_0000012_zov_50_11_12_zov_0,0.3333333333333333
labeled_linagora_cs_arabize,هبلتو وزادي جنونيه,هبلت و زادة جنوني,3.009999990463257,CXJcB14z1rI_0,1.0
labeled_linagora_cs_arabize,هبلتو زيت جنوني,هبلت و زادة جنوني,2.180000066757202,CXJcB14z1rI_1,0.75
labeled_linagora_cs_arabize,قبلتو وزاد جنوني جنوني,هبلت و زادة جنوني,2.9600000381469727,CXJcB14z1rI_2,0.75
labeled_linagora_cs_arabize,غدني في عمري حاجت,تغيضني في عمري حاجات,1.9600000381469727,CXJcB14z1rI_3,0.5
labeled_linagora_cs_arabize,بدنيضطرو ماخسرتش الغدوة كيف المظيفت,بدني تضر و ما خزرت ش لغدوا كيف الماضي فات,3.0999999046325684,CXJcB14z1rI_4,0.9
labeled_linagora_cs_arabize,بشت المر بتفاصيله ولمبشموني بدوايت,عشت المر بتفاصيلو لين بشموني بدوايات,2.819999933242798,CXJcB14z1rI_5,0.8333333333333334
labeled_linagora_cs_arabize,ندم صح ومانخبيش كيف نحكيلك برشا حكايات,نادم صح و ما نخبيش كيف نحكي لك برشا حكايات,3.0899999141693115,CXJcB14z1rI_6,0.6
labeled_linagora_cs_arabize,شكون فهموني شكون اللي عزوني,شكون فاهموني شكون الي عزوني,2.8299999237060547,CXJcB14z1rI_7,0.4
labeled_linagora_cs_arabize,شهونا الي تمنيت نرقش بحدة همرك شاف,شكون الي تمنيت نركش بحذاهم ركشات,3.059999942779541,CXJcB14z1rI_8,0.8333333333333334
labeled_linagora_cs_arabize,شكونا الي سمعوني من بلربعيد حبوني,شكون الي سمعوني من بر بعيد حبوني,3.0,CXJcB14z1rI_9,0.42857142857142855
labeled_linagora_cs_arabize,ربيهم وسط القلب وهذه هي الحياة,مخبيهم وسط القلب و هاذي هيا الحياة,2.740000009536743,CXJcB14z1rI_10,0.5714285714285714
labeled_linagora_cs_arabize,هلأمي مازاد جنوني وين مشيت,ها لميمة زادة جنوني وين مشيت,3.440000057220459,CXJcB14z1rI_11,0.5
labeled_linagora_cs_arabize,وخبي سر في قلبي خاطر كان مرة حبي,مخبي سر في قلبي خاطر كان مرة حبيت,3.3399999141693115,CXJcB14z1rI_12,0.25
labeled_linagora_cs_arabize,مخبلي خبيه الراجل نسكوت كان حنيت,مخبي الي يخبيه الراجل نسكت كان حنيت,3.559999942779541,CXJcB14z1rI_13,0.5714285714285714
labeled_linagora_cs_arabize,عرفت الباطل خيباكيف بشيطاني رجيط,عرفت الباطل خيبة كيف بشيطاني رجيت,2.819999933242798,CXJcB14z1rI_14,0.5
labeled_linagora_cs_arabize,سعت جنوني ساعت جنوني,زادة جنوني زادة جنوني,2.619999885559082,CXJcB14z1rI_15,0.5
labeled_linagora_cs_arabize,فلوس وسخم فرح بهم خوياف الجيران,فلوس وسخ نفرح بيهم خويا في الجيران,3.0399999618530273,CXJcB14z1rI_16,0.7142857142857143
labeled_linagora_cs_arabize,هبلتو ساد جنوني ساد جنوني,هبلت و زادة جنوني زادة جنوني,3.200000047683716,CXJcB14z1rI_17,0.6666666666666666
labeled_linagora_cs_arabize,مصبرتشعل حق هذي بلاد الشيطان,ما صبرتش على الحق و هاذيا بلاد الشيطان,3.0399999618530273,CXJcB14z1rI_18,0.75
labeled_linagora_cs_arabize,دوزات جنوري زاتجنوري,هبلت و زادة جنوني زادة جنوني,2.740000009536743,CXJcB14z1rI_19,1.0
labeled_linagora_cs_arabize,فلوس وسخ فرح بهم خويا بالجيران,فلوس وسخ نفرح بيهم خويا في الجيران,3.359999895095825,CXJcB14z1rI_20,0.5714285714285714
labeled_linagora_cs_arabize,قلتو زاد جنوني زاد جنوني,هبلت و زادة جنوني زادة جنوني,3.0999999046325684,CXJcB14z1rI_21,0.6666666666666666
labeled_linagora_cs_arabize,مصبرتش عل حقه هذيا بلاد الشيطان,ما صبرتش على الحق و هاذيا بلاد الشيطان,3.559999942779541,CXJcB14z1rI_22,0.75
labeled_linagora_cs_arabize,تحكيلي قسحو بحكاية باش نكونو متفاهمين,نحكي ليك صحوبا حكاية باش نكونو متفاهمين,2.940000057220459,CXJcB14z1rI_23,0.5714285714285714
labeled_linagora_cs_arabize,عشقر اربي مش لعباد وخذها مني خويا ازي,العشق لربي مش لعبادو خوذها مني خويا الزين,2.880000114440918,CXJcB14z1rI_24,0.625
labeled_linagora_cs_arabize,ونكون غدوةليت قابل ما نحب نشوففيكحزين,ممكن غدوا ليا تقابل مانحب نشوفك حزين,3.299999952316284,CXJcB14z1rI_25,1.0
labeled_linagora_cs_arabize,نحب الفرحة فيهكالوجه نحب الفرحة في العينين,نحب الفرحة في هاك الوجه نحب الفرحة في العينين,2.992000102996826,CXJcB14z1rI_26,0.3333333333333333
labeled_linagora_cs_arabize,وخلي قولو بذرعي نجبها سولو,و خلي يقلو بذراعي نجيبها صولو,2.691999912261963,CXJcB14z1rI_27,1.0
labeled_linagora_cs_arabize,دعتي ما يوخرش يقدم ديما القدام قرب شوف أموري جربني كم فحضوري فهمني وحق بابكلي ق رقمتكم فلام,العاتي ما يوخر ش يقدم ديما القدام قرب شوف اموري جربني كان في حضوري افهمني و حق باباك الي قراك ما تكون فلام,8.819999694824219,CXJcB14z1rI_28,0.6521739130434783
labeled_linagora_cs_arabize,واللي مش ا تقول لهاسيري رب معاك دنيا بالمكتوب ادهنا يسلكها سلك عارف خويا شاكي ويا رتني عايش بحذك,و الي مشات قوللها سيري الرب معاك الدنيا بالمكتوب تهنى يسلكها السلاك عارف خويا شاقي و يا رتني عايش بحذاك,10.420000076293945,CXJcB14z1rI_29,0.65
labeled_linagora_cs_arabize,هدر اليحكة وينخرجها من دنياشاك,تهدرز ليا حكاوي نخرجها من الدنيا شاك,2.5399999618530273,CXJcB14z1rI_30,0.8571428571428571
labeled_linagora_cs_arabize,زاد جنوني زاد جنوني فلوس وسخن فرح بيهم خويا ف الجيران,زادة جنوني زادة جنوني فلوس وسخ نفرح بيهم خويا في الجيران,5.992000102996826,CXJcB14z1rI_31,0.45454545454545453
labeled_linagora_cs_arabize,تو زاد شنونيوني,هبلت و زادة جنوني زادة جنوني,2.680000066757202,CXJcB14z1rI_32,1.0
labeled_linagora_cs_arabize,ماصبرتش على حق وهذي يا بلاد الشيطان,ما صبرتش على الحق و هاذيا بلاد الشيطان,3.259999990463257,CXJcB14z1rI_33,0.625
labeled_linagora_cs_arabize,قبلتو زاد جنوني,هبلت و زادة جنوني,1.600000023841858,CXJcB14z1rI_34,0.75
labeled_linagora_cs_arabize,سد الشوري,و زادة جنوني,1.0700000524520874,CXJcB14z1rI_35,1.0
labeled_linagora_cs_arabize,فلسو سخ نفرح بهم خويا في الجيران,فلوس وسخ نفرح بيهم خويا في الجيران,2.869999885559082,CXJcB14z1rI_36,0.42857142857142855
labeled_linagora_cs_arabize,كتوساتشنوري,هبلت و زادة جنوني,1.5800000429153442,CXJcB14z1rI_37,1.0
labeled_linagora_cs_arabize,تشري,و زادة جنوني,0.8799999952316284,CXJcB14z1rI_38,1.0
labeled_linagora_cs_arabize,سبر تشعل حقه هذه بلاد الشيطان,ما صبرتش على الحق و هاذيا بلاد الشيطان,2.5199999809265137,CXJcB14z1rI_39,0.75
labeled_linagora_cs_arabize,وو,زادة جنوني زادة جنوني,4.900000095367432,CXJcB14z1rI_40,1.0
labeled_linagora_cs_arabize,بلتوجاتشنوري,هبلت و زادة جنوني,1.5199999809265137,CXJcB14z1rI_41,1.0
labeled_linagora_cs_arabize,يحل,يحل,0.7200000286102295,ar--2316_0.75.wav_2316_0.75_0,0.0
labeled_linagora_cs_arabize,السلام عليكم فم حاجات تعيب على ذكر راجل ولا نكرههم ويسقط منه,السلام عليكم فمة حاجات تعيب عل ذكر راجل وانا نكرهم ويسقط من عيني,4.671999931335449,TunSwitchTO_0000182_0000022_0000052_lms_182_22_52_lms_0,0.46153846153846156
labeled_linagora_cs_arabize,umaكيaجي ḍيفري وcويفري وبلاsتiك لوكان تليفونi تكسerن كبرḥaصيرفي,و ماكياجي و ظوافري و شوافري البلاستيك لو كان تاليفوني يتكسر نموت بالحق و يصير فيا,5.800000190734863,TunSwitchTO_0000069_0000009_0000018_nhf_69_09_18_nhf_0,1.0
labeled_linagora_cs_arabize,عمللي حاجة بوني,تعمللي حاجة بونيس,1.1440000534057617,amenyKH_tataouine__for_acoustic_analysis_Sync0000077_no_speaker_0000634.0000080_0000636.0000032_tataouine__for_acoustic_analysis_Sync077_no_speaker_634.80_636.32_0,0.6666666666666666
labeled_linagora_cs_arabize,الحظ,يلاحظ,0.8799999952316284,ar--1330_0.75.wav_1330_0.75_0,1.0
labeled_linagora_cs_arabize,سحن,سخون,0.671999990940094,ar--1469_1.25.wav_1469_1.25_0,1.0
labeled_linagora_cs_arabize,الكتيب,الكتيب,1.503999948501587,ar--1548_0.75.wav_1548_0.75_0,0.0
labeled_linagora_cs_arabize,الوقت الجديد هذايا مش مساعدناكا كني حتى ارجال مش مساعدهم بالكل ف تبدلو نمنية ونصف للساعتين ونص ولا ماتسعلمالاثة كيما حار فالثورة,الوقت ال الجديد هذايا مش مساعدنا الكلنا كنساء حتى رجال مش مساعدهم بالكل ده بريفرنس تبدلوه من الثمانية و نصف لساعتين و نصف ولا من التسعة لماضي ثلاثة كيما صار في الثورة,11.312000274658203,amenyKH_MOSAIQUEFM_FORUM_0210912_0000002_chunk_0000013_MOSAIQUEFM_FORUM_210912_2_chunk_13_0,0.6875
labeled_linagora_cs_arabize,inwa,المواطن,0.5440000295639038,ar--1436_1.5.wav_1436_1.5_0,1.0
labeled_linagora_cs_arabize,بطبيعة مش يقول ايي,بالطبيعة باش يقول اي,1.0720000267028809,amenyKH_Hkayet_Tounsia_S0000001_Episode_0000021_0000017_0000004_0002017_Partie_0000001_Sync0000024_no_speaker_0000280.0000018_0000281.0000027_Hkayet_Tounsia_S01_Episode_21_17_04_2017_Partie_01_Sync024_no_speaker_280.18_281.27_0,0.75
labeled_linagora_cs_arabize,سهلة ياسر ي باش نقطعوك بلامزيت نعرف لاش ولا,ساهلة ياسر هيا باش نقطعوه بالمزية نعرفهاش ولا لا,2.927999973297119,amenyKH_tataouine__for_acoustic_analysis_Sync0000611_no_speaker_0002474.0000033_0002477.0000039_tataouine__for_acoustic_analysis_Sync611_no_speaker_2474.33_2477.39_0,0.7777777777777778
labeled_linagora_cs_arabize,ما أنك مقرر باش تدخل في انتخابات حرة و نزية ما ضيقيش بالعكس أنت تجيب تجيب الناس,لانك مقرر باش تدخل في انتخابات حرة و نزيهة ما ما يق بالعكس انت تجيب تجيب الناس,4.607999801635742,amenyKH_0000002_chunk_0000201_002_chunk_201_0,0.35294117647058826
labeled_linagora_cs_arabize,عندك جمعة تعدي فيها لزام تاع آخر سمستر وقتها سم فالبرو,عندك جمعة تعدي فيها لي اكزامان متاع آخر ال سوميستر وقتها دو سوميستر فال بريبا فال بريبا,7.208000183105469,0000027_0000224_0000000_27_224_0_0,0.6470588235294118
labeled_linagora_cs_arabize,خصار,خسارة,0.5920000076293945,ar--3528_1.25.wav_3528_1.25_0,1.0
labeled_linagora_cs_arabize,جو فورد كان تلقاو فرصة بش م نعرفشانا باش ترسمو بش تتعلمو ديسام بش تدخلو فكلوب نتاع ديسام ولا نتاع موزيك,قو فور يت كان تلقاوا فرصة باش ما نعرفش انا باش ترسموا باش تتعموا ديسان باش تدخلوا ف كلوب متاع ديسان و لا متاع ال موزيك,8.736000061035156,0000072_0000025_0000001_72_25_1_0,0.8461538461538461
labeled_linagora_cs_arabize,لasي كوnوميك,كلاس اكونوميك,1.0240000486373901,ar--1867_1.25.wav_1867_1.25_0,1.0
labeled_linagora_cs_arabize,بالنسبة ليا تنجم تصير في أي بلاد وتصير في أي بلاد,بالنسبة ليا تنجم تصير في ايه بلاد و تصير في ايه بلاد,3.2079999446868896,0000028_0000181_0000001_28_181_1_0,0.3333333333333333
labeled_linagora_cs_arabize,اطבاخ,الطباخ,0.8159999847412109,ar--1671_1.25.wav_1671_1.25_0,1.0
labeled_linagora_cs_arabize,تسلت الطيار,تسكرة الطيارة,0.8399999737739563,ar--1857_1.5.wav_1857_1.5_0,1.0
labeled_linagora_cs_arabize,منتها عباد م ولاد بلادها مناها لجاو التونس اخاطر نساوتو باد نحكيو زاد عل تونس,معنتها عباد من من ولاد بلادها معناها كي نجيوا لتونس خاطر نساو كيفاش نحكيو زادة على تونس,6.863999843597412,0000051_0000079_0000000_51_79_0_0,0.7058823529411765
labeled_linagora_cs_arabize,طلبت اماما سمعة حتى شيء,طلبتو اما ماسمعت حتى شيء,3.624000072479248,ar--3450_0.75.wav_3450_0.75_0,0.6
labeled_linagora_cs_arabize,tebasnis,تبزنيس,1.5520000457763672,tbeznis_6900_0,1.0
labeled_linagora_cs_arabize,كاس مشي وكاس يجي لنوفات بلي لحمرة في لون الربة ولا حطى,كاس يمشي و كاس يجي لين وفات بليلة حمراء في لون الروبة ولا حتى,4.544000148773193,TunSwitchTO_0000038_0000012_0000059_0000009cm_38_12_59_9cm_0,0.6428571428571429
labeled_linagora_cs_arabize,ومرسي بكو ياسمين خليلي كلمة لختي,و ميرسي بوكو ياسمين نخلي لك كلمة الختام,3.328000068664551,0000049_0000190_0000001_49_190_1_0,0.75
labeled_linagora_cs_arabize,كانت كلها فرنسيس يهود طليين ومال تننسيه,حومتنا كانت كلها فرانسيس و يهود و طلاين و امالط و نساهم,3.8239998817443848,TunSwitchTO_0000007_0000011_0000018_fcs_7_11_18_fcs_0,0.75
labeled_linagora_cs_arabize,لرل ه  ا ايتعلم حاجات ل ايا عل  شي يد حتى الجوك فيهم او ولا شا لي العباد ينجم يستعملهم بالحق لار ليا,لي ترافاي سي دي كاستيون دي كولتور جينيرال باش يتعلمو حاجات غال فواياج على لي فوكابولير كل شيء ان بلوس حتى لي جوكرز فيهم دي بلاتفورم ولا دي بروقرام الي لعباد ينجمو يستعملوهم بالحق لي جور او لي فواياج ريبغون هايل برشا و لحقيقة,14.960000038146973,0000016_sub_audio_chunk_0000000_16_sub_audio_chunk_0_0,0.8863636363636364
labeled_linagora_cs_arabize,يفهم,يفهم,0.7039999961853027,ar--1748_1.wav_1748_1_0,0.0
labeled_linagora_cs_arabize,في معرض الفنون,في معرض الفنون,1.159999966621399,ar--3234_1.wav_3234_1_0,0.0
labeled_linagora_cs_arabize,وهذي اللي هذا اللي وضحو مانتا روبرت في كتابه ريتشتات بورداد اللي لازمك من الاخر تتعلم ذ بوور وف معني,و هاذي الي هاذا لي وضحوا معنتها روبير في كتابو ريتش داد بور داد الي لازمك من اللخر تتعلم ذي باور اوف موني,6.9120001792907715,0000034_0000042_0000000_34_42_0_0,0.8260869565217391
labeled_linagora_cs_arabize,et domdeflis,الدنتفريس,1.0160000324249268,ar--2219_1.25.wav_2219_1.25_0,2.0
labeled_linagora_cs_arabize,حسيلو بعثتنا شقةم فترة حسيله تشق في الفترة على البودكاست,حاصيلو بعثتلنا شقان فطر حاصيلو تشق في الفطر عال بودكاست,3.3440001010894775,0000027_0000004_0000002_27_4_2_0,0.8
labeled_linagora_cs_arabize,التشميم,التخمام,0.7599999904632568,ar--1804_1.25.wav_1804_1.25_0,1.0
labeled_linagora_cs_arabize,حتى أنا نحب ال لحم,حتى انا نحب اللحم,1.6160000562667847,ar--3053_1.25.wav_3053_1.25_0,0.75
labeled_linagora_cs_arabize,لي انت ما تح- ما تت- تحقرو من لول تقولتشنيا قاعد ن مثلا قاعد في بيرو ماهوش منظم فوضة عادش بيه منيطا بعد شوية كل م جي نقعد هك هو ألور ك كان تخمم فيها مره ب,لي انت تحقرو من اللول تقول شنيا قاعد مثلا قاعد في بيرو ما هو ش منظم فوضى عاد شبيه ماني توا من بعد شوية نجي نقعد و اكاهو الور كي كان تخمم فيها مرة بركا,12.031999588012695,0000027_0000385_0000000_27_385_0_0,0.7428571428571429
labeled_linagora_cs_arabize,سو ديما نقولكم بيبي ستاب,سو ديما نقلكم بايبي ستيب,3.624000072479248,Melekher0000011_0000072_0000000_Melekher11_72_0_0,0.6
labeled_linagora_cs_arabize,باهي مشيت عديت لباك قعد نستنى فيالرزولتا لحق ماحسيتش لبسترس لعبحتاش,باهي مشيت عديت ال باك قعدت نستنى فال ريزولتا الحق ما حسيت ش لا ب ستريس لا بحتى شيء,4.800000190734863,Melekher0000010_0000101_0000001_Melekher10_101_1_0,0.7894736842105263
labeled_linagora_cs_arabize,دuب ما بعدنا شوية,دوب ما بعدنا شوي,0.9599999785423279,0000023_0000127_23_127_0,0.5
labeled_linagora_cs_arabize,šyk,الشاك,0.6079999804496765,ar--1370_1.wav_1370_1_0,1.0
labeled_linagora_cs_arabize,بجنب العمارة الكبيرة أرجع للذوء بعذور على السار,بجنب العمارة الكبيرة ارجع للضوء بعد دور على الليسار,3.4079999923706055,TunSwitchTO_0000023_0000017_0000038_vzl_23_17_38_vzl_0,0.5555555555555556
labeled_linagora_cs_arabize,нинәхeҙтыскрәдуб,منين ناخذ تسكرة دوبل,1.3839999437332153,TunSwitchTO_0000088_0000019_0000007_tqj_88_19_07_tqj_0,1.0
labeled_linagora_cs_arabize,سينجل يوز نتاع لبلاستيك مهوش باهي جوست نستعملوه مرة اكاهو,سينقل يوز متاع بلاستيك ما هو ش باهي جوست نستعملوه مرة اكاهو,4.072000026702881,0000053_0000040_0000000_53_40_0_0,0.5
labeled_linagora_cs_arabize,ثر ثار,ثرثار,1.159999966621399,tharthar_2244_0,2.0
labeled_linagora_cs_arabize,جيراني عنده عرس وممن بعد شعلت النار,جيراني عندهم عرس و من بعد شعلت نار,4.671999931335449,ar--3478_1.wav_3478_1_0,0.5
labeled_linagora_cs_arabize,بدها جو عجيني 入وس,بعدها دور على الليمين توصل,1.8639999628067017,ar--3578_1.5.wav_3578_1.5_0,1.0
labeled_linagora_cs_arabize,تخلم ع الحظبة وقعد يتسرسب يتسرسب حتى اللي نوسلمقابلو,دخل مع الحظبة و قعد يتسرسب يتسرسب حتى لين وصل مقابلوا,3.9519999027252197,amenyKH_0000020_0000015_20_15_0,0.6363636363636364
labeled_linagora_cs_arabize,مش هو هزني لسليطار خلص والراني مفمع ناس بيهي وناس أخرى,مش هو هزني للسبيطار و خلص ولا راني مت فمة ناس باهية و ناس اخرى,4.495999813079834,TunSwitchTO_0000020_0000012_0000052_sb0000009_20_12_52_sb9_0,0.6666666666666666
labeled_linagora_cs_arabize,اللي نجمت تعملو نوفيشن ميتي انها ربحت بوكو كونفيانس متاع لس بارتنار لوكوع,الي نجمت تعملو اينوفاسيون سيتي انها ربحت بوكو دي كونفيونس متاع لي بارتنير لوكو,7.072000026702881,0000008_0000024_8_24_0,0.5714285714285714
labeled_linagora_cs_arabize,اختفا ب ينجم يكون المسكين عميرة مزال حي يرزق فيدار جارهم والسبب ك توجه السيد ر عي عميرة حتسوك لعل وع عميرة مزا مختطف زج,اختفائه بل نجم يكون المسكين عميره مازال حي يرزق في دار جارهم ولسبب هذاكة توجه السيد هذايا لدار عائله عميره وحكى لهم على ستاتو الي هبط في الفيسبوك قاللهم لعل وعسا عميره مازال مختطف ومازال موجود,14.663999557495117,segment_0000523_segment_523_0,0.75
labeled_linagora_cs_arabize,الكحها,الكحة,0.7680000066757202,ar--2197_1.wav_2197_1_0,1.0
labeled_linagora_cs_arabize,زعمانا مقصر مع عايلتي زعمانا مقصر مع ناسي هلانا بجي في الطريق الصحيح,زعم انا مقصر مع عائلتي زعم انا مقصر مع ناسي هل انا ماشي في الطريق الصحيح,5.468999862670898,youtube_ScikJJ8IGK8_0,0.5
labeled_linagora_cs_arabize,شني مفهوم النجاح شنيا مفهوم السعادة صحيح هذوما اللتوا,شنيا مفهوم النجاح شنيا مفهوم السعاده السعاده صحيت هذوما التوا,5.761000156402588,youtube_ScikJJ8IGK8_1,0.5
labeled_linagora_cs_arabize,معنتها بالي تعلمتو وبالي قريتو بالي جربتو بالي حاوت ف لتوريتو لتوا مزالو أسلة يطرحو عليا نتخيل معنتا على برشا ناس اخرين,معناتها باللي تعلمته و بلي قريته و بلي جربته و بلي حاولت اكسبلوريتو التوا مازالوا اسئله يطرحوا على و نتخيل معنتها على برشا ناس اخرين,7.9679999351501465,youtube_ScikJJ8IGK8_2,0.8
labeled_linagora_cs_arabize,اlya,البيار,0.5120000243186951,ar--1583_1.5.wav_1583_1.5_0,1.0
labeled_linagora_cs_arabize,يا سيدي ما تكون كان ضيف عزيز وغالي علينا في الفرح متاعها,يا سيد ما تكون كان ضيف عزيز و غالي عينا في الفرح متاعنا,3.5360000133514404,0000021_0000034_21_34_0,0.38461538461538464
labeled_linagora_cs_arabize,هواء بصرار,اللهوة بالصغار,1.1440000534057617,ar--3531_1.25.wav_3531_1.25_0,1.0
labeled_linagora_cs_arabize,معادش نخزر لحتى سري قبل  بنهارين معناها من الكونكور قصيط لرفوزيو الكل,ما عاد ش نغزر لحتى سيري قبل بنهارين معناها مال كونكور قصيت لي ريفزيون الكل,6.296000003814697,0000027_0000307_0000000_27_307_0_0,0.6666666666666666
labeled_linagora_cs_arabize,عبدالله و عايشة احكيو على البرتوان تاع عبدالله,عبد الله و عيشة يحكيوا على البرتمان متاع عبد الله,5.0320000648498535,ar--3216_0.75.wav_3216_0.75_0,0.8
labeled_linagora_cs_arabize,جاي دخان بطون راني نتكيف معنتها أكثر من سنة توا عندي ر قريب الشهر,بلا دخان بور طن راني نتكيف معناتها اكثر من خمسة و عشرين سنة توا آه عندي براسك قريب الشهر,7.48799991607666,amenyKH_0000006_0000006_0002012_partie0000004_chunk_0000073_06_06_2012_partie4_chunk_73_0,0.5263157894736842
labeled_linagora_cs_arabize,غ,غالط,0.5680000185966492,ar--2268_1.25.wav_2268_1.25_0,1.0
labeled_linagora_cs_arabize,لي ن نقويه على رواحنا الريتم وأصلا ما نعطيوش رواحناالفرصة ان نر,اكاللي نقويوا على رواحنا ال ريتم و اصلا ما نعطيوش لرواحنا الفرصة انا نرتحوا,4.9120001792907715,0000027_0000383_0000001_27_383_1_0,0.7857142857142857
labeled_linagora_cs_arabize,سلامة سلامة مرحبا بكم,على السلامه على السلامه ومرحبا بكم الناس,1.9630000591278076,youtube_AUP3mzHAV1I_0,0.8571428571428571
labeled_linagora_cs_arabize,سكل في حلقة جديدة من حكايات,الكل في حلقه جديده من حكايات,2.2850000858306885,youtube_AUP3mzHAV1I_1,0.5
labeled_linagora_cs_arabize,كيما استانسنا ليلة الخميس هي,دعلوب كيما استانسنا ليله الخميس هيا ليله,2.944999933242798,youtube_AUP3mzHAV1I_2,0.5714285714285714
labeled_linagora_cs_arabize,ثارة رعب غموز خيال العلمي,اثاره رعب غمو خيال علمي,2.36299991607666,youtube_AUP3mzHAV1I_3,0.6
labeled_linagora_cs_arabize,وجونا اللي مستنسين بيه والحكايات,جريمه وجونا الي مستانسين بيه و الحكايات,5.0279998779296875,youtube_AUP3mzHAV1I_4,0.7142857142857143
labeled_linagora_cs_arabize,اللي استنست بها تو على طيلة سنوات,متاعنا الي استانست بها توا على طيله سنوات,3.325000047683716,youtube_AUP3mzHAV1I_5,0.625
labeled_linagora_cs_arabize,دد وركلة نحب نشكر السيد,متعدده تبارك الله نحب نشكر الساده,3.4210000038146973,youtube_AUP3mzHAV1I_6,0.6666666666666666
labeled_linagora_cs_arabize,اللي تفاعلو معانا في الحلقة ا,المستمعين الي تفاعلوا معنا في الحلقه,1.8830000162124634,youtube_AUP3mzHAV1I_7,1.0
labeled_linagora_cs_arabize,ةاللي هي كانت تحت عنوان فاطمة,الفارط الي هيا كانت تحت عنوان فاطمه,3.1449999809265137,youtube_AUP3mzHAV1I_8,0.5714285714285714
labeled_linagora_cs_arabize,الجزء الثالث نا الل,الملبوسه الجزء الثالث وان شاء الله يا,2.7249999046325684,youtube_AUP3mzHAV1I_9,0.7142857142857143
labeled_linagora_cs_arabize,ربي الحلقه تكون عجبتكم وان شاء الله تكون,ربي الحلقه تكون عجبتكم وان شاء الله تكون,4.006999969482422,youtube_AUP3mzHAV1I_10,0.0
labeled_linagora_cs_arabize,ن عند حسن الظن,كانت عند حسن الظن الليله ان شاء الله,2.7839999198913574,youtube_AUP3mzHAV1I_11,0.625
labeled_linagora_cs_arabize,كملو الجزء الرابع والأخير من حكاية فاطمة,نكمل الجزء الرابع والاخير من حكايه فاطمه,3.6050000190734863,youtube_AUP3mzHAV1I_12,0.5714285714285714
labeled_linagora_cs_arabize,وان شاء الله زاد تنال أعجابكم,الملبوسه وان شاء الله زاده تنال اعجابكم,4.166999816894531,youtube_AUP3mzHAV1I_13,0.42857142857142855
labeled_linagora_cs_arabize,كد ما تو الجم ولبرتا,واكيد كي العاده ما تنساوش الجيم والبارطاج,2.9040000438690186,youtube_AUP3mzHAV1I_14,0.8571428571428571
labeled_linagora_cs_arabize,ما تنسو حلقة صي,والكونترات وما تنساوش زياده حلقه صديقنا,3.746000051498413,youtube_AUP3mzHAV1I_15,1.0
labeled_linagora_cs_arabize,كل نهار احد متاع الليل عليق,حموده كل نهار احد ثمنية متاع الليل على قناه,3.746000051498413,youtube_AUP3mzHAV1I_16,0.4444444444444444
labeled_linagora_cs_arabize,حكايات تونسية منسية,يوتيوب حكايات تونسيه منسيه دونك ساده,3.2860000133514404,youtube_AUP3mzHAV1I_17,0.8333333333333334
labeled_linagora_cs_arabize,منحبش نطول عليكم بر را,مستمعين ما نحبش نطول عليكم برشا برشا,2.305000066757202,youtube_AUP3mzHAV1I_18,0.7142857142857143
labeled_linagora_cs_arabize,عرفكم ماتحبوش,نعرفكم ما تحبوش,1.0820000171661377,youtube_AUP3mzHAV1I_19,1.0
labeled_linagora_cs_arabize,المقدمات مابقالي كانقوللكم فرجة طيبة,المقدمات ما بقالي ك نقوللكم فرجه طيبه,4.603000164031982,youtube_AUP3mzHAV1I_20,0.8571428571428571
labeled_linagora_cs_arabize,ل مرعب,ولينا مرعب,0.6209999918937683,youtube_AUP3mzHAV1I_21,0.5
labeled_linagora_cs_arabize,,للجميع,0.5809999704360962,youtube_AUP3mzHAV1I_22,1.0
labeled_linagora_cs_arabize,أنانا وأنا ب باش نوصفلكم,و انا و انا و انا باللي باش نوصف لكم ما,5.947999954223633,youtube_AUP3mzHAV1I_23,0.9090909090909091
labeled_linagora_cs_arabize,جمش احساس مخلط برشا,نجمش احساس مخلط برشا,3.4240000247955322,youtube_AUP3mzHAV1I_24,0.25
labeled_linagora_cs_arabize,ح كلمة دم,صدمه ولا حتى كلمه صدمه مادش تنجم تعبر,4.76800012588501,youtube_AUP3mzHAV1I_25,1.0
labeled_linagora_cs_arabize,الي نعيش فيه,على الي نعيش فيه,1.062000036239624,youtube_AUP3mzHAV1I_26,0.25
labeled_linagora_cs_arabize,بعدش كلام يا عبر معدش مجرد,مادش كلام يعبر مادش مجرد,2.7839999198913574,youtube_AUP3mzHAV1I_27,0.8
labeled_linagora_cs_arabize,للكلام معادش يوصل بصبوه,الكلام الكلام مادش يوصل مصب وقتها جى,4.986999988555908,youtube_AUP3mzHAV1I_29,0.8571428571428571
labeled_linagora_cs_arabize,دي كاميرا ونصورلكم ولا ماصاب المشاعر جاد,عندي كاميرا ونصور لكم ولا مصاب المشاعر ج,3.484999895095825,youtube_AUP3mzHAV1I_30,0.625
labeled_linagora_cs_arabize,عثر ان بعثتلكم,تبعث راني بعث لكم حتى,1.3830000162124634,youtube_AUP3mzHAV1I_31,1.0
labeled_linagora_cs_arabize,我也,شويه دم,2.503999948501587,youtube_AUP3mzHAV1I_32,1.0
labeled_linagora_cs_arabize,اطمه دم فاطمه غرق البيت كلها وهي تتهز,فاطمه دم فاطمه غرق البيت كلها و هيا تتهز,5.423999786376953,youtube_AUP3mzHAV1I_33,0.3333333333333333
labeled_linagora_cs_arabize,فض وتتسكك العلوش اللي مزدك,وتنفض وتتسق العلوش الي مزلت,2.2839999198913574,youtube_AUP3mzHAV1I_34,0.8
labeled_linagora_cs_arabize,تهزد وتحطط حتي الحلقي محبتش,مارني اتهزت واتحطت حط الحلقي وما حبتش,2.622999906539917,youtube_AUP3mzHAV1I_36,0.8571428571428571
labeled_linagora_cs_arabize,وهنا مبرق عينيا وحالفمي والحر,تهبط و انا مبرقه عينيا وحاله فمي والحركه,5.868000030517578,youtube_AUP3mzHAV1I_37,0.875
labeled_linagora_cs_arabize,لول لأربعة خيالات هبطوا يشر,مشلوله الاربع الاربع خيالات هبطوا يشربوا,5.988999843597412,youtube_AUP3mzHAV1I_39,0.6666666666666666
labeled_linagora_cs_arabize,دمها ملقاعة ولا تقول عليا نتفرج في فيل,في دمهم القاعه ولا تقول على نتفرج في,3.384999990463257,youtube_AUP3mzHAV1I_40,0.625
labeled_linagora_cs_arabize,من أبجع ما توجد في الدني ل,فيلم من ابشع ما توجد في الدنيا,2.4839999675750732,youtube_AUP3mzHAV1I_41,0.5714285714285714
labeled_linagora_cs_arabize,كل صورة من القرآن وكل آية وكل حديث تحجبها,كل سوره من القران و كل ايه و كل حديث تحجب,3.3450000286102295,youtube_AUP3mzHAV1I_43,0.7272727272727273
labeled_linagora_cs_arabize,وقتها نتمنى نطلع نحلم مرة اخرى,على عقلي وقتها نتمنى نطلع نحلم مره اخرى,3.684999942779541,youtube_AUP3mzHAV1I_44,0.375
labeled_linagora_cs_arabize,تمنى نطلع في غيبوبة نتمنى نكون انا,نتمنى نطلع في غيبوبه نتمنى نكون انا في,3.825000047683716,youtube_AUP3mzHAV1I_45,0.375
labeled_linagora_cs_arabize,خلاصة فاطمة وهكاكا مقدش نحس بحتى شي,بلاصه فاطمه وهيك مادش نحس بحتى شيء,3.1059999465942383,youtube_AUP3mzHAV1I_46,0.7142857142857143
labeled_linagora_cs_arabize,وخلي لي بش,وخليلي مشش يصير,1.1019999980926514,youtube_AUP3mzHAV1I_47,1.0
labeled_linagora_cs_arabize,كشت بكست وتجمدت في بلاصتي وبدني خاني,بشت بشت وتجمدت في بلاصتي وبدني خاني,4.946000099182129,youtube_AUP3mzHAV1I_49,0.2857142857142857
labeled_linagora_cs_arabize,ليش انا يصير فيا هك اعلاش انا الي نشوف,علاش علاش ير يا هكه علاش انا الي نشوف,4.185999870300293,youtube_AUP3mzHAV1I_50,0.6666666666666666
labeled_linagora_cs_arabize,,هكه علاش انا,2.503999948501587,youtube_AUP3mzHAV1I_51,1.0
labeled_linagora_cs_arabize,ذات شنو ذبي شنو اللي عملته شر,بالذات شنوا هو ذنبي شنوا هو الي عملته شر,4.807000160217285,youtube_AUP3mzHAV1I_52,0.7777777777777778
labeled_linagora_cs_arabize,حياتي باش يرجعلي هك طول عمري,في حياتي مشش يرجعلي هك طول عمري نمشي,3.3450000286102295,youtube_AUP3mzHAV1I_53,0.375
labeled_linagora_cs_arabize,جنبالحيط ولنهار هذي تحد ولا تعدي تعلح,بجناب الحيط ونهار اذيت حد ولا تعديت على,2.884999990463257,youtube_AUP3mzHAV1I_54,0.875
labeled_linagora_cs_arabize,,حد حتى,0.5410000085830688,youtube_AUP3mzHAV1I_55,1.0
labeled_linagora_cs_arabize,كلمة مليون سؤال وسؤال عاصفة من التفكير,بكلمه مليون سؤال وسؤال عاصفه من التفكير,6.228000164031982,youtube_AUP3mzHAV1I_56,0.2857142857142857
labeled_linagora_cs_arabize,السئلة اللي كان يجيو فلاسفة الكون م,والاسئله الي كان يجيو فلاسفه الكون ما,3.184000015258789,youtube_AUP3mzHAV1I_57,0.5714285714285714
labeled_linagora_cs_arabize,قاولهمش اجابة عروق مخي نحز فيها,يلقول لهمش اجابه عروق مخي حس فيها مش,4.7870001792907715,youtube_AUP3mzHAV1I_58,0.625
labeled_linagora_cs_arabize,معاد في الاج الود,تطرشق ما عاد ش فيا الحاجه الوحيده الي,4.144999980926514,youtube_AUP3mzHAV1I_59,1.0
labeled_linagora_cs_arabize,نعملها وقتها ال نغمض عيني,نجمت نعملها وقتها اني نغمض عينيا على امل,4.806000232696533,youtube_AUP3mzHAV1I_60,0.625
labeled_linagora_cs_arabize,لو إنه أمل صغير على أمل أنه نحل عينياا,ولو انه امل صغير على امل انه نحل عينيا,4.927000045776367,youtube_AUP3mzHAV1I_61,0.6666666666666666
labeled_linagora_cs_arabize,نلقه مفم تجيمالي تشوفيه نلقى,نلق ما فمة حتى شيء من الي نشوف فيه نلق,3.9049999713897705,youtube_AUP3mzHAV1I_62,1.0
labeled_linagora_cs_arabize,قانه نحلم كيما البارح,نلق انه نحلم كيما البارح غمضت,3.125,youtube_AUP3mzHAV1I_63,0.5
labeled_linagora_cs_arabize,غمضت عينية وعاودت حليته,عينيا غمضت عينيا وعودت حليته من القيتش,5.066999912261963,youtube_AUP3mzHAV1I_64,0.7142857142857143
labeled_linagora_cs_arabize,,الخيالات اما,2.5439999103546143,youtube_AUP3mzHAV1I_65,1.0
labeled_linagora_cs_arabize,تلقى فاطمة مازالت علي نفس المشهد,نل فاطمه مازالت مازالت على نفس المشهد,3.687999963760376,youtube_AUP3mzHAV1I_66,0.5714285714285714
labeled_linagora_cs_arabize,حم لوريد للوريد غارقة في دمها,مذبوحه من الوريد للوريد غارقه في دمها,3.303999900817871,youtube_AUP3mzHAV1I_67,0.5714285714285714
labeled_linagora_cs_arabize,غرقتني معاها مصيبة مصيبة وحلت في راسي,وغرقتني معاها مصيبه مصيبه وحلت في راسي,4.9679999351501465,youtube_AUP3mzHAV1I_68,0.42857142857142855
labeled_linagora_cs_arabize,كيفاش باش نسلكها وكيفاش باش نروح شني باش نقول,كيفاش ب نسلكها وكيفاش ب نروح وشن نقول,3.4839999675750732,youtube_AUP3mzHAV1I_69,0.5
labeled_linagora_cs_arabize,يسلوني شكون ا يصدقني ا,كان يسالوني وشكون باش يصدقني خاصه انه,4.285999774932861,youtube_AUP3mzHAV1I_70,0.8571428571428571
labeled_linagora_cs_arabize,انو لقيت لقصة لمرايا في يديمف,انه انه لقيت لقصه المرايه في يدي مش في,4.146999835968018,youtube_AUP3mzHAV1I_71,0.7777777777777778
labeled_linagora_cs_arabize,فاطمة,يد فاطمه,0.7409999966621399,youtube_AUP3mzHAV1I_72,1.0
labeled_linagora_cs_arabize,ينارك على روحك ياعبي,ويا نارك على روحك يا عبير يحليلك على,3.8459999561309814,youtube_AUP3mzHAV1I_73,0.75
labeled_linagora_cs_arabize,قاضي الفيس وميخرجكش منها,روحك يا عبير قاضي الفيس وما يخرجك منها,3.364000082015991,youtube_AUP3mzHAV1I_74,0.625
labeled_linagora_cs_arabize,ش بش تحكي وش ب تقول واش ب تفسر,يا عبير آش باش تحكي شش تقول شش تفسر لو,5.267000198364258,youtube_AUP3mzHAV1I_75,0.9
labeled_linagora_cs_arabize,لت رك مصدق ح,كان تكلمت بركا ما صدقك حد فمة بالك باش,3.6659998893737793,youtube_AUP3mzHAV1I_76,1.0
labeled_linagora_cs_arabize,,تقول راه ذبحت,0.8619999885559082,youtube_AUP3mzHAV1I_77,1.0
labeled_linagora_cs_arabize,منعرف قي كفا طل,روحها ماعرف سقيه كيفاش تطلقوا ونلقى روحي,4.966000080108643,youtube_AUP3mzHAV1I_78,1.0
labeled_linagora_cs_arabize,جرونطيح ونتكب ونقوم وماشلقت بروحي كانفي,نجري ونطيح ونكب ونقوم ولقت بروحي كان في,3.3259999752044678,youtube_AUP3mzHAV1I_79,0.75
labeled_linagora_cs_arabize,,وسط الجنينه,1.6629999876022339,youtube_AUP3mzHAV1I_80,1.0
labeled_linagora_cs_arabize,تولي  نطلع في,السبيتار لي باش نطلع فيه لا لقيت عندي,3.684999942779541,youtube_AUP3mzHAV1I_81,0.875
labeled_linagora_cs_arabize,ح شا,ساك ولا تليفون ولا حتى شيء حاله من العبث,3.9049999713897705,youtube_AUP3mzHAV1I_82,1.0
labeled_linagora_cs_arabize,عيش يارب يارب نلع نحل,المطلق نعيش فيها يا ربي يا ربي نطلع نحلب,4.946000099182129,youtube_AUP3mzHAV1I_83,1.0
labeled_linagora_cs_arabize,ي رب ن شا اللل,يا ربي ان شاء الله يكون ان شاء الله يكون,1.9830000400543213,youtube_AUP3mzHAV1I_84,1.0
labeled_linagora_cs_arabize,ل م م,هاذا الكل ما فمش مني ادوب ما خرجت من قدام,4.026000022888184,youtube_AUP3mzHAV1I_85,1.0
labeled_linagora_cs_arabize,ار نلقى تاكسي هبتة منها مر,السبيتار نلق تاكسي هابطه منها امرا نجز,3.6059999465942383,youtube_AUP3mzHAV1I_86,0.7142857142857143
labeled_linagora_cs_arabize,يما,فيها من غير ما نشعر وقلت له امان عايش,2.865000009536743,youtube_AUP3mzHAV1I_87,1.0
labeled_linagora_cs_arabize,ي جيرة تس,اخويا الجياره انتك سيستي حسيته استغرب من,3.447000026702881,youtube_AUP3mzHAV1I_88,1.0
labeled_linagora_cs_arabize,,حالتي وقال لي,1.7020000219345093,youtube_AUP3mzHAV1I_89,1.0
labeled_linagora_cs_arabize,لاباس اختي مابيك سومة قلتلو لل لابس,لاباس اختي مابيك سومه قلت له لا لا لاباس,4.145999908447266,youtube_AUP3mzHAV1I_90,0.6666666666666666
labeled_linagora_cs_arabize,ت جيران كلموني وقالولو يو مي دا,جست الجيران كلموني وقالوه ي امي,2.36299991607666,youtube_AUP3mzHAV1I_91,1.0
labeled_linagora_cs_arabize,خليت الداعي واللي كسب وترت عجاجة ا,داخت خليت الداعي وال كسب وترت عجاجه ياخي,4.50600004196167,youtube_AUP3mzHAV1I_92,0.5
labeled_linagora_cs_arabize,ر اذرب قالي باهي باهي ما تتفجعش,يسترك ازرب قاللي باهي باي ما تفجع بقدره,5.046000003814697,youtube_AUP3mzHAV1I_93,0.75
labeled_linagora_cs_arabize,ل خم ا ل  خم نا,ربي لاباس تخدم هون انت قلت له اي نخدم هنا,5.126999855041504,youtube_AUP3mzHAV1I_94,1.0
labeled_linagora_cs_arabize,قالي ربي معاكم اشتعنيو يا مدام,قاللي ربي معكم مش تعاني يا مدام ربي يكون,3.5450000762939453,youtube_AUP3mzHAV1I_95,0.6666666666666666
labeled_linagora_cs_arabize,جا  حكي,في العون ما جاوبتو وهو يح يحكي يحكي يحكي,4.8470001220703125,youtube_AUP3mzHAV1I_96,1.0
labeled_linagora_cs_arabize,نا  مركز م,اثنيه كامله و انا ما ني ش مركزه معاه ولا,3.177000045776367,youtube_AUP3mzHAV1I_97,1.0
labeled_linagora_cs_arabize,تبهتله اصلا,منتبهت له اصلا,1.0160000324249268,youtube_AUP3mzHAV1I_98,0.6666666666666666
labeled_linagora_cs_arabize,لين لين لين لين نشوف في الخيالرك,لين لين لين لين نشوف في الخيال الي راكب,6.947999954223633,youtube_AUP3mzHAV1I_99,0.3333333333333333
labeled_linagora_cs_arabize,بجنبه من قدام وهو يعملي هاكا بديه باش نخنقو,بجنبه من قدام وهو يعملي هك بيديه باش نخنق,3.885999917984009,youtube_AUP3mzHAV1I_100,0.3333333333333333
labeled_linagora_cs_arabize,لما ثاني بديه ويقولي يشدي شدو من رقبته,ويمثل لي بديه ويقوللي شده من رقبته,2.7839999198913574,youtube_AUP3mzHAV1I_101,0.7142857142857143
labeled_linagora_cs_arabize,ن مم   شي,اخنقه وهنا مصدومه و ما ني ش فاهمه شيء الحس,6.508999824523926,youtube_AUP3mzHAV1I_102,1.0
labeled_linagora_cs_arabize,بدني لهب فيه النهر وهو يبرقي ف,في بدني لهب فيه النار وهو يبرق لي في,3.365999937057495,youtube_AUP3mzHAV1I_103,0.5555555555555556
labeled_linagora_cs_arabize,ويعاود في نفس الإشاراتبديه,عينيه ويعاود في نفس الاشارات بيديه باش,3.264899969100952,youtube_AUP3mzHAV1I_104,0.5714285714285714
labeled_linagora_cs_arabize,ق تاكسيستي,نخنق تكسي ستي و انا ما ني ش,2.2839999198913574,youtube_AUP3mzHAV1I_105,1.0
labeled_linagora_cs_arabize,ل,مستوعبه دنيا لامت قدامي ونحس في ثنيه,4.426000118255615,youtube_AUP3mzHAV1I_106,1.0
labeled_linagora_cs_arabize,وانا في عالم اخر لشبا,تموج و انا في عالم آخر لان تلفت لشباك,4.9670000076293945,youtube_AUP3mzHAV1I_107,0.7777777777777778
labeled_linagora_cs_arabize,ونانحاول ا نتجاهل الخيالغ,تكسي و انا نحاول اني نتجاهل الخيال ونغمض,2.6040000915527344,youtube_AUP3mzHAV1I_108,0.875
labeled_linagora_cs_arabize,بش مانشووما كل ما نغمض عينيا,عينيا باش ما نشوفو اما كل ما نغمض عينيا,3.2860000133514404,youtube_AUP3mzHAV1I_109,0.5555555555555556
labeled_linagora_cs_arabize,吗,تجي فاطمه,0.6620000004768372,youtube_AUP3mzHAV1I_110,1.0
labeled_linagora_cs_arabize,,ونشوفها ونشوفها طايحه قدامي تسكك ودم خ,4.506999969482422,youtube_AUP3mzHAV1I_111,1.0
labeled_linagora_cs_arabize,ج قول عي,خارج منها تقول عين متاع,1.9630000591278076,youtube_AUP3mzHAV1I_113,1.0
labeled_linagora_cs_arabize,وصلت للحومة وقلت للتاكسيت سفا هنا,ماء وصلت للحومه وقلت للتكسي صفا هنا ودوم,6.828000068664551,youtube_AUP3mzHAV1I_114,0.625
labeled_linagora_cs_arabize,ل البا,موقف حليت الباب وهربت نجري عجاجه ودخلت,4.026000022888184,youtube_AUP3mzHAV1I_115,1.0
labeled_linagora_cs_arabize,نش ضيق وبديت ندخل مين سار,من نهج ضايق وبديت ندخل يمين يسار و ما ني ش,2.7829999923706055,youtube_AUP3mzHAV1I_116,0.8181818181818182
labeled_linagora_cs_arabize,,عارفه وين ماشيه ل لين تقطع عل,3.4059998989105225,youtube_AUP3mzHAV1I_117,1.0
labeled_linagora_cs_arabize,ومع عندي حتى جهد وقع نمشي,نفس وما عادش عندي حتى جهد وقع نمشي وقعدت,5.245999813079834,youtube_AUP3mzHAV1I_118,0.4444444444444444
labeled_linagora_cs_arabize,نلف تري قع ن ونف ري,نمشي ونتل ورايا وقعدت نمشي ونتل ورايا,4.366000175476074,youtube_AUP3mzHAV1I_119,1.0
labeled_linagora_cs_arabize,خايفة ل يعرضني تاكسيس وهزني للمركز,وخايفه ل يعرضني تكسيس ويهزني للمركز على,2.5250000953674316,youtube_AUP3mzHAV1I_120,0.5714285714285714
labeled_linagora_cs_arabize,,الكورس الي مخلصتوش,1.1660000085830688,youtube_AUP3mzHAV1I_121,1.0
labeled_linagora_cs_arabize,العباد ماشية جاية بجنبي وبهدين,فيها العباد ماشيه جايه بجنبي وبهدين فيا,4.306000232696533,youtube_AUP3mzHAV1I_122,0.5714285714285714
labeled_linagora_cs_arabize,نا نع في الت,و في حالتي و انا نصطنع في التبسيمه باش ما,3.424999952316284,youtube_AUP3mzHAV1I_123,0.9
labeled_linagora_cs_arabize,لاحضوش علي حتى شي لين وصلت قدام دارنا,يلاحظو على حتى شيء لان وصلت قدام دارنا,3.325000047683716,youtube_AUP3mzHAV1I_124,0.5
labeled_linagora_cs_arabize,لق باب مسكر بديت ندك ونعيط امي,نلق الباب مسكر بديت ندق ونعيط امي يا,5.145999908447266,youtube_AUP3mzHAV1I_125,0.5
labeled_linagora_cs_arabize,م呀,امي يا,1.5019999742507935,youtube_AUP3mzHAV1I_126,1.0
labeled_linagora_cs_arabize,ب,يا بابا,0.5,youtube_AUP3mzHAV1I_127,1.0
labeled_linagora_cs_arabize,بابا ن ن ن ن ندق شي مغر,بابا وندق ندق ندق ندق ندق شيء ما خرج لي,7.829999923706055,youtube_AUP3mzHAV1I_128,0.8
labeled_linagora_cs_arabize,كفت قدام لماب ق,حد وقفت قدام الباب وقعدت مش,6.927000045776367,youtube_AUP3mzHAV1I_129,0.8333333333333334
labeled_linagora_cs_arabize,حت بل انهرت حرفياحال,اقعدت بل بل بل انهرت حرفيا حاله من,7.309000015258789,youtube_AUP3mzHAV1I_130,0.75
labeled_linagora_cs_arabize,هستيريا والبكابشهقة على عياط على سياع,الهيستيريا و البكا شهقه على عياط على سياح,3.946000099182129,youtube_AUP3mzHAV1I_131,0.625
labeled_linagora_cs_arabize,والخرجات اللي جارتنا وجاتني تجري وقاتلي,لين خرجت لي جارتنا وجاتني تجري وقالتلي,2.9230000972747803,youtube_AUP3mzHAV1I_132,0.5714285714285714
labeled_linagora_cs_arabize,تحليلي على بنيتي وش بيكي وش صار هزيتراسي,يا حليلي على بنيتي آش بيك آش صار هزيت راسي,5.168000221252441,youtube_AUP3mzHAV1I_133,0.7
labeled_linagora_cs_arabize,زرتلها,وخسرت لها وما,1.1019999980926514,youtube_AUP3mzHAV1I_134,1.0
labeled_linagora_cs_arabize,جببتهاش حملتني وسندتني ودخلتني لدارها,جاوبتها حملتني وسندت ني ودخلتني لدارها,4.666999816894531,youtube_AUP3mzHAV1I_135,0.5
labeled_linagora_cs_arabize,ال,ونسمع فيها تقول ا اي يفرقوا الحظبه و كل,3.7049999237060547,youtube_AUP3mzHAV1I_136,1.0
labeled_linagora_cs_arabize,ددار طلبو اللطف يليلكم,واحد يشد داره وطلب و اللطف ي حليلكم من,2.6640000343322754,youtube_AUP3mzHAV1I_137,0.8888888888888888
labeled_linagora_cs_arabize,ي دخلتني لدارها قاعدتني على كرسي,ربي ودخلتني لدارها قعدتني على كرسي,5.2270002365112305,youtube_AUP3mzHAV1I_138,0.5
labeled_linagora_cs_arabize,وعطاتني شربة ما وقالتلي نحط لبنايتي توفتر,واعطتني شربه ماء وقالتلي نحط لبنيتي تفطر,3.484999895095825,youtube_AUP3mzHAV1I_139,0.7142857142857143
labeled_linagora_cs_arabize,طلا براسي,قلتلها براسي ليه,1.5440000295639038,youtube_AUP3mzHAV1I_140,0.6666666666666666
labeled_linagora_cs_arabize,تلي باهي بهي هدي روحك بنايتي,قالتلي باهي باهي هدي روحك بنيتي هدي روحك,4.267000198364258,youtube_AUP3mzHAV1I_141,0.625
labeled_linagora_cs_arabize,لاباس اميمة لاباس ماتخافيش,لاباس اميمه لاباس ما تخافيش,1.9620000123977661,youtube_AUP3mzHAV1I_142,0.6
labeled_linagora_cs_arabize,صبر يا ربي صبر وبشويه بشوي,لاباس الصبر يا ربي الصبر وبشوي بشويه,5.788000106811523,youtube_AUP3mzHAV1I_143,0.7142857142857143
labeled_linagora_cs_arabize,نهد ونحس فيروحي خير شوي,بديت نهدى ونحس في روحي خير شويه والمراه,3.7260000705718994,youtube_AUP3mzHAV1I_144,0.75
labeled_linagora_cs_arabize,وافة ا,مسكينه واقفه قدامي ودموعها,1.8420000076293945,youtube_AUP3mzHAV1I_145,1.0
labeled_linagora_cs_arabize,ت,سابقتها هزيت راسي وقلت لها ختي حليمه,5.327000141143799,youtube_AUP3mzHAV1I_146,1.0
labeled_linagora_cs_arabize,عطيني تلفون كمان كلممي خلجيت حلي,اعطيني تليفون كمان نكلم امي خلي تجي تحلي,3.325000047683716,youtube_AUP3mzHAV1I_147,0.875
labeled_linagora_cs_arabize,لبب لمرها زادت في البكاعل قدام,الباب المراه زادت في البكي على قدام,3.2320001125335693,youtube_AUP3mzHAV1I_148,0.5714285714285714
labeled_linagora_cs_arabize,وتبست عليا وقالتلي لا باس  فاطمة لا باس,وتبسط على وقتلي لاباس فاطمه لاباس وراس,4.566999912261963,youtube_AUP3mzHAV1I_149,1.1428571428571428
labeled_linagora_cs_arabize,ب بقدرة ربي طبري ماتخفيش امام,لاباس بقدره ربي طبري ما تخافيش مامه,4.079999923706055,youtube_AUP3mzHAV1I_151,0.7142857142857143
labeled_linagora_cs_arabize,زيت تحضيت بالكرسي ونطرتل,اتهزيت واتحطيت من الكرسي ونطرت لها,3.686000108718872,youtube_AUP3mzHAV1I_152,1.0
labeled_linagora_cs_arabize,وقتلها,ايديها وقتلها,0.7609999775886536,youtube_AUP3mzHAV1I_153,0.5
labeled_linagora_cs_arabize,نا ب  ن,ختي حليمه انا عبير راني ما ني ش فاطمه شكون,4.146999835968018,youtube_AUP3mzHAV1I_154,1.0
labeled_linagora_cs_arabize,,فاطمه الي تحكي,0.6809999942779541,youtube_AUP3mzHAV1I_155,1.0
labeled_linagora_cs_arabize,دت في نغمتها م,عليها زادت في نغمتها من البكا وقالت لي,5.646999835968018,youtube_AUP3mzHAV1I_156,0.75
labeled_linagora_cs_arabize,شتعملي في راح كك فضمبنيتي ليش,ليش تعملي في روحك هك فاطمه بنيتي ليش يا,3.6059999465942383,youtube_AUP3mzHAV1I_157,0.7777777777777778
labeled_linagora_cs_arabize,فاطما شكون فاطما خلتي حلم,فاطمه شكون فاطمه خالتي,6.428999900817871,youtube_AUP3mzHAV1I_158,1.0
labeled_linagora_cs_arabize,خلت حليم  عبير,حليمه خالتي حليمه انا عبير عبير خالتي,5.107999801635742,youtube_AUP3mzHAV1I_160,0.8571428571428571
labeled_linagora_cs_arabize,ا بe e,حليمه انا عبير يا اخي ما,2.0230000019073486,youtube_AUP3mzHAV1I_161,1.0
labeled_linagora_cs_arabize,فني عبير بنت حدة وم,عرفتنيش عبير بنت بنت بنت بنت حد وعمك,4.5269999504089355,youtube_AUP3mzHAV1I_162,0.75
labeled_linagora_cs_arabize,لي  مني فاتم كوم,عليه ما ني ش فاطمه شكون,3.184000015258789,youtube_AUP3mzHAV1I_163,1.0
labeled_linagora_cs_arabize,ط قتل الله يرحمه بني,فاطمه قالت لي الله يرحم بنيتي الله,6.688000202178955,youtube_AUP3mzHAV1I_164,0.8571428571428571
labeled_linagora_cs_arabize,رحمم وربي يصبرك ويشفيك وعلك الكلمه,يرحمهم وربي يصبرك ويشفيك وعليك الكلمه,3.9649999141693115,youtube_AUP3mzHAV1I_165,0.3333333333333333
labeled_linagora_cs_arabize,وكينها ضربتني بسعةقل,وكها ضربتني بعق على,1.7630000114440918,youtube_AUP3mzHAV1I_166,0.75
labeled_linagora_cs_arabize,اسي الي صار في سبيتال,راسي الي صار لي في اسبيتار,3.265000104904175,youtube_AUP3mzHAV1I_167,0.5
labeled_linagora_cs_arabize,واللي تحكي فيها المرا كوم وحداخر ج,كوم و الي تحكي فيها المراه قوم واحده آخر,6.0289998054504395,youtube_AUP3mzHAV1I_168,0.7777777777777778
labeled_linagora_cs_arabize,نطرتمالكرسي تشج ت,جمله تنطر من الكرسي وتشنج و قلتلها ا الله,4.105999946594238,youtube_AUP3mzHAV1I_169,1.0
labeled_linagora_cs_arabize,ا يه,يرحمهم متاعك على شكون الله يرحمهم خالتي,3.0439999103546143,youtube_AUP3mzHAV1I_170,1.0
labeled_linagora_cs_arabize,م خلت حليمة شكون اللي مات,حليمه خالتي حليمه شكون الي مات,3.9119999408721924,youtube_AUP3mzHAV1I_171,0.6666666666666666
labeled_linagora_cs_arabize,لي  انسي يا فاطمة بنيي,قدلي انسي انسي يا فاطمه بنيتي انسي الله,4.567999839782715,youtube_AUP3mzHAV1I_172,0.75
labeled_linagora_cs_arabize,فيك  قلتلك اسمي عبير عبير عبير,ويشفيك قنت ل قلتلك اسمي عبير عبير عبير,7.068999767303467,youtube_AUP3mzHAV1I_173,0.375
labeled_linagora_cs_arabize,fatme,ما ني ش فاطمه,0.8399999737739563,youtube_AUP3mzHAV1I_175,1.0
labeled_linagora_cs_arabize,ل دخل دراجل للدار ما نعرفوش شكون دوب,واح دخله راجل دار ما نعرفوش شكون دوب ما,3.865999937057495,youtube_AUP3mzHAV1I_176,0.5555555555555556
labeled_linagora_cs_arabize,فني برة كعيني واخزر الخلت حليه موقلها,شافني برق عينيه وزر لخالتي حليمه وقاللها,2.7839999198913574,youtube_AUP3mzHAV1I_177,1.0
labeled_linagora_cs_arabize,ش تعمل الملبوسة ذ   مجيبها,اي تعمل الملبوسه هذ هنا آش م جايبها,2.5850000381469727,youtube_AUP3mzHAV1I_178,0.875
labeled_linagora_cs_arabize,خرجوها مار ال,وكيفاش خرجوها من السبيتار جاب خي حليمه,3.440000057220459,youtube_AUP3mzHAV1I_179,0.8571428571428571
labeled_linagora_cs_arabize,يانا يانا و حرم علك,وقالتله يا ناس يا ناس يز راه حرام عليكم,3.696000099182129,youtube_AUP3mzHAV1I_180,1.0
labeled_linagora_cs_arabize,وليدي لا تعظم ولا تتبليهيا,يا ويدي لا تعظم ولا تبلا قول الله يسترنا,3.005000114440918,youtube_AUP3mzHAV1I_181,0.6666666666666666
labeled_linagora_cs_arabize,يهديكيهديك,يهديك يهديك راه,1.7430000305175781,youtube_AUP3mzHAV1I_182,1.0
labeled_linagora_cs_arabize,رية جوبا هو وقلها مريضة قاتله امها,مريضه جابها هو وقالها مريضه قتها وباها,6.008999824523926,youtube_AUP3mzHAV1I_183,0.8571428571428571
labeled_linagora_cs_arabize,خواتها البنات الزوز وتقوليلي مريضة,واخواتها البنات الزوز و تقولي لي مريضه,2.2039999961853027,youtube_AUP3mzHAV1I_184,0.7142857142857143
labeled_linagora_cs_arabize,مرض اي لا تعل  ن ر,انا مرض الي خليها تعمل هكة كان مريضه,2.924999952316284,youtube_AUP3mzHAV1I_185,0.875
labeled_linagora_cs_arabize,في بطار لاش يخرجو فيه,خلاوها في السبيتار وعلاش يخرجوا فيها وهو,3.5250000953674316,youtube_AUP3mzHAV1I_186,0.8571428571428571
labeled_linagora_cs_arabize,مازال يحكي وأنا نشوف نشوف في زوز خيالاته,مازال يحكي و انا نشوف نشوف في زوز خيالاته,4.767000198364258,youtube_AUP3mzHAV1I_187,0.2222222222222222
labeled_linagora_cs_arabize,ويحد را خ,واقفين واحد وراه خالتي,2.444000005722046,youtube_AUP3mzHAV1I_188,1.0
labeled_linagora_cs_arabize,واحد وراه هو وفيداه ا,حليمه و واحد وراه هو و في ايديهم,4.486999988555908,youtube_AUP3mzHAV1I_189,0.625
labeled_linagora_cs_arabize,كنا كيف اللي موجودة بجنب,سكينه كيف الي موجوده بجنبي على,3.303999900817871,youtube_AUP3mzHAV1I_190,0.8333333333333334
labeled_linagora_cs_arabize,اولة وهما يمثلولي بيداهم باش نذبحهم,الطاوله وهما يمثلو لي بيديهم باش نذبحهم,5.184000015258789,youtube_AUP3mzHAV1I_191,0.5714285714285714
labeled_linagora_cs_arabize,برقو في عينيهم كينها خات حليمة والراجل,ويبرق في عينيهم كنا خالتي حليمه و الراجل,4.144999980926514,youtube_AUP3mzHAV1I_192,0.75
labeled_linagora_cs_arabize,معاها في عالم وأنا في عالم آخر جملة,الي معاها في عالم و انا في عالم آخر جمله,4.464000225067139,youtube_AUP3mzHAV1I_193,0.4
labeled_linagora_cs_arabize,دش نجم نسمع ل نجاوب ولنتفاعل,ما حدش نجم نسمع ولا نجاوب ولا نتفاعل,3.0250000953674316,youtube_AUP3mzHAV1I_194,0.625
labeled_linagora_cs_arabize,说,معاهم الزوز,2.063999891281128,youtube_AUP3mzHAV1I_195,1.0
labeled_linagora_cs_arabize,يلات,خيالات,0.5210000276565552,youtube_AUP3mzHAV1I_196,1.0
labeled_linagora_cs_arabize,صرحو صرحوا بيا وسلبولي عقلي وخل,سرحوا سرحوا بيا وسلبوا لي عقلي وخلو,5.5289998054504395,youtube_AUP3mzHAV1I_197,0.7142857142857143
labeled_linagora_cs_arabize,نحسنحس نحس فيالنار بدات تطلع في سقايع,نحس نحس نحس في النار بدت تطلع في سقيه,7.14900016784668,youtube_AUP3mzHAV1I_200,0.6666666666666666
labeled_linagora_cs_arabize,ت راسي سخانة سخانة لبستني وعرقها بط,حتى لراسي سخانه سخانه لبستني وعرق هبط,5.2270002365112305,youtube_AUP3mzHAV1I_201,0.8571428571428571
labeled_linagora_cs_arabize,ي تقول شكونشصد عليه,على تقول شكون صب على,2.7230000495910645,youtube_AUP3mzHAV1I_202,0.8
labeled_linagora_cs_arabize,طلمة وأنا بكلي نرحش مانشمتش نعمل حتى شي,الظلمه و انا بكل نرش انامش نعمل حتى شيء,6.989999771118164,youtube_AUP3mzHAV1I_203,0.7777777777777778
labeled_linagora_cs_arabize,غيالات الزوز جاو بجونبي في سعة غريبة,ل لخيالات الزوز جاب جمبي في سرعه غريبه,3.805000066757202,youtube_AUP3mzHAV1I_205,0.75
labeled_linagora_cs_arabize,شتني كل واحد فاهم من يد ووقفوني وعخطتولي,وشدني كل واحد فاهم من يده وقفوني وحطو لي,4.125999927520752,youtube_AUP3mzHAV1I_206,0.5555555555555556
labeled_linagora_cs_arabize,,السكينه في,0.7210000157356262,youtube_AUP3mzHAV1I_207,1.0
labeled_linagora_cs_arabize,دووو منعرفش,يدي ما نعرفش,3.4860000610351562,youtube_AUP3mzHAV1I_208,1.0
labeled_linagora_cs_arabize,اش شكت روحي ان ن ط,كيفاش شقت بروحي كان و انا حاطه سكينه في,5.748000144958496,youtube_AUP3mzHAV1I_209,1.0
labeled_linagora_cs_arabize,رقبة الراجل اللي يتناقسو مع خالتي,رقبه الراجل الي يتناقشوا مع خالتي,2.0439999103546143,youtube_AUP3mzHAV1I_210,0.5
labeled_linagora_cs_arabize,وما برد بدنيش ورجعت سخانتي عادية,حليمه وما برد بدني ورجعت سخاني عاديه,4.627999782562256,youtube_AUP3mzHAV1I_211,0.5714285714285714
labeled_linagora_cs_arabize,ما سمعت صوت خالتي حليمة وهيا تسيي,كان ما سمعت صوت خالتي حليمه و هيا تصيح,3.1040000915527344,youtube_AUP3mzHAV1I_213,0.5555555555555556
labeled_linagora_cs_arabize,姐,تصيح تصيح تصيح,2.565000057220459,youtube_AUP3mzHAV1I_214,1.0
labeled_linagora_cs_arabize,وبعدها,وبعدها,0.6010000109672546,youtube_AUP3mzHAV1I_216,0.0
labeled_linagora_cs_arabize,بعدها ل ح,وبعدها وبعدها لقيت روحي في بيت ف,3.9649999141693115,youtube_AUP3mzHAV1I_217,1.0
labeled_linagora_cs_arabize,e madi  kita,دكتور ما,2.484999895095825,youtube_AUP3mzHAV1I_218,1.5
labeled_linagora_cs_arabize,ما نعرفش شكون جابني ولا كيفاش زيت,نعرفش ما نعرفش شكون جابني ولا كيفاش جيت,6.0269999504089355,youtube_AUP3mzHAV1I_219,0.25
labeled_linagora_cs_arabize,كون حطني ن مان دك مان دكتر,ولا شكون حطني هنا امان دكتور امان دكتور,5.046000003814697,youtube_AUP3mzHAV1I_220,0.875
labeled_linagora_cs_arabize,صدصدقني ماهوي طي فاطما,مصدقني مصدقني ماهو اي فاطمه اي فاطمه,5.868000030517578,youtube_AUP3mzHAV1I_221,1.0
labeled_linagora_cs_arabize,ر,مصدقك وراس بنتي مصدقك قولي فاطمه شربت,4.3470001220703125,youtube_AUP3mzHAV1I_222,1.0
labeled_linagora_cs_arabize,,دواك اليوم,0.5809999704360962,youtube_AUP3mzHAV1I_223,1.0
labeled_linagora_cs_arabize,وكلعادة حطيته تحت لسانك وبعد رميته,ولا كي العاده حطيته تحت لسانك و من بعد رميته,2.74399995803833,youtube_AUP3mzHAV1I_224,0.6
labeled_linagora_cs_arabize,ريدك ماتشربش دويكشنو يصير فيك,ريت ماو ريتك ما تشربش دواك شنوا يصير فيك,3.265000104904175,youtube_AUP3mzHAV1I_225,0.7777777777777778
labeled_linagora_cs_arabize,ع تشوف الخيالات وترجع فاطمة,ترجع تشوف الخيالات وترجع وترجع فاطمه,3.50600004196167,youtube_AUP3mzHAV1I_226,0.5
labeled_linagora_cs_arabize,و  عبير والقتل والمقتول,وترجع عبير والقاتل والمقتول وكانه ما,3.4860999584198,youtube_AUP3mzHAV1I_227,0.6666666666666666
labeled_linagora_cs_arabize,,عملنا شيء اشرب دواك عاش,2.0241000652313232,youtube_AUP3mzHAV1I_228,1.0
labeled_linagora_cs_arabize,أاا دكتور,اه دكتور فمة,1.2620999813079834,youtube_AUP3mzHAV1I_230,0.6666666666666666
labeled_linagora_cs_arabize,ي العن ال ل,تحسن سيد العون حالتها ما هي ش مستقره,4.026100158691406,youtube_AUP3mzHAV1I_231,1.0
labeled_linagora_cs_arabize,المرة هذي هربت ولقفناها المرة اجاية,جمله المره هاذي هربت وقفنا المره الجايه,4.748000144958496,youtube_AUP3mzHAV1I_232,0.8571428571428571
labeled_linagora_cs_arabize,لا أعلم شني ينجم يصير,الله اعلم شن ينجم يصير,1.3420000076293945,youtube_AUP3mzHAV1I_233,0.6
labeled_linagora_cs_arabize,ة,آخر دكتور فاطمه ولات قضيه راي عام راه,4.186999797821045,youtube_AUP3mzHAV1I_234,1.0
labeled_linagora_cs_arabize,,تعرف هيا في بالي في,3.125999927520752,youtube_AUP3mzHAV1I_235,1.0
labeled_linagora_cs_arabize,المراقات لاكثر من خمس رواح,بالي المراه قاتله اكثر من خمسة رواح,3.4049999713897705,youtube_AUP3mzHAV1I_236,0.7142857142857143
labeled_linagora_cs_arabize,ا,دكتور يلزمها تتحاكم كيفاش تتحاكم يا سيد,3.4170000553131104,youtube_AUP3mzHAV1I_238,1.0
labeled_linagora_cs_arabize,انا قانون الي  يحكما,العون انا قانون الي باش يحكمها وانه,3.7269999980926514,youtube_AUP3mzHAV1I_239,0.5714285714285714
labeled_linagora_cs_arabize,حكم على انسانعن,قاضي الي باش يحكم على انسانه عندها,1.6430000066757202,youtube_AUP3mzHAV1I_240,0.8571428571428571
labeled_linagora_cs_arabize,ض بعدلصد,انفصام في الشخصيه واضطراب ما بعد الصدمه,2.2239999771118164,youtube_AUP3mzHAV1I_241,1.0
labeled_linagora_cs_arabize,مافهمت ش م,سامحني دكتور ما فهمتش آش معنتها اضطراب في,3.1059999465942383,youtube_AUP3mzHAV1I_242,1.0
labeled_linagora_cs_arabize,لصية,الشخصيه,0.5609999895095825,youtube_AUP3mzHAV1I_243,1.0
labeled_linagora_cs_arabize,,يا بابا سيد العون بالعربي المراه دخلت,3.805999994277954,youtube_AUP3mzHAV1I_244,1.0
labeled_linagora_cs_arabize,خرجت فالحل بعدما قتل,وخرجت في الحله بعد ما قتلت امها وباها,2.563999891281128,youtube_AUP3mzHAV1I_245,1.0
labeled_linagora_cs_arabize,وتهبنات والفرمليةهو,واخواتها البنات وال الفرمليه,1.5420000553131104,youtube_AUP3mzHAV1I_246,1.0
labeled_linagora_cs_arabize,التقارير والتشخيص التي لا,هوني التقارير والتشخيص الي عملناها الكل,3.565000057220459,youtube_AUP3mzHAV1I_247,0.6666666666666666
labeled_linagora_cs_arabize,يثبتوا إنو فاطمة مختلة عقليا مش فيواية,يثبتوا ان فاطمه مختله عقليا مش في وعيه,3.2049999237060547,youtube_AUP3mzHAV1I_248,0.625
labeled_linagora_cs_arabize,كتو,فهمت سي الدكتور فهمت فهمت يا انيس اي يا,8.569999694824219,youtube_AUP3mzHAV1I_249,1.0
labeled_linagora_cs_arabize,جب تقرير عن طبيب,بابا جيب جيبك تقرير من عند طبيب وخلينا,3.2239999771118164,youtube_AUP3mzHAV1I_250,0.75
labeled_linagora_cs_arabize,رع المركز وكيما كنت تسمعو,نرجع المركز وكيما كنتوا تسمعوا هك كان,4.60699987411499,youtube_AUP3mzHAV1I_251,0.7142857142857143
labeled_linagora_cs_arabize,ر ي للمرة الألف مع عوان الشرطة,الحوار متاعي للمره الالف مع عوان الشرطه في,3.6449999809265137,youtube_AUP3mzHAV1I_252,0.75
labeled_linagora_cs_arabize,كل مرة نعاود ونفسر في نفس الموضوع,كل مره نعاود ونفسر في نفس الموضوع وشيء,3.368000030517578,youtube_AUP3mzHAV1I_253,0.25
labeled_linagora_cs_arabize,سامحوني مقك,نافع ربي اه سامحوني ما قلتلكم انا,3.4260001182556152,youtube_AUP3mzHAV1I_254,0.8571428571428571
labeled_linagora_cs_arabize,خصائي نفساني سي اطيب العكاري,الاخصائي النفساني س طيب العكاري نخدم في,3.625999927520752,youtube_AUP3mzHAV1I_255,0.8571428571428571
labeled_linagora_cs_arabize,بيتار ارازي عندي اكر من سن,سبيتار الرازي عندي اكثر من تسعطاش سنه حاله,3.384999990463257,youtube_AUP3mzHAV1I_256,0.75
labeled_linagora_cs_arabize,كما كنت تسمعم,فاطمه ما كنتوا تسمعوا من اخطر واغرب,2.884999990463257,youtube_AUP3mzHAV1I_257,1.0
labeled_linagora_cs_arabize,لاتاللي بشرت معهم طفلة قاتل أمها,الحالات الي باشرت معهم طفله قاتله امها,3.3459999561309814,youtube_AUP3mzHAV1I_258,0.8571428571428571
labeled_linagora_cs_arabize,وخواتها لبنات الذوج وفرمليا رباب,وبوها واخواتها البنات الزوج فرمل رباب,3.2049999237060547,youtube_AUP3mzHAV1I_259,0.8333333333333334
labeled_linagora_cs_arabize,لي كانت تخدم معانا هوني,الي كانت تخدم معان هوني الله يرحمها,2.2639999389648438,youtube_AUP3mzHAV1I_260,0.5714285714285714
labeled_linagora_cs_arabize,وزادت قتلت راجل جارتهم كي تدوب م ة,وينعمها وزادت قتله راجل جارتهم كدوب ما,3.625999927520752,youtube_AUP3mzHAV1I_261,0.8571428571428571
labeled_linagora_cs_arabize,جت بن مش خرجت,خرجت بون مش خرجت,1.8830000162124634,youtube_AUP3mzHAV1I_262,0.5
labeled_linagora_cs_arabize,لمسيبة أنو كل الإطارات ي السة,والمصيبه المصيبه انه كل الاطارات في,2.8450000286102295,youtube_AUP3mzHAV1I_264,1.0
labeled_linagora_cs_arabize,بارهنمصدقين ومستوعبين وواعين,السبيتار هنا مصدقين و مستوعبين وواعين,2.924999952316284,youtube_AUP3mzHAV1I_265,0.8333333333333334
labeled_linagora_cs_arabize,كهم إيمان أن فاطمة ملبوسة وممسوسة,وكلهم ايمان انه فاطمه ملبوسه ومسوسه,3.2850000858306885,youtube_AUP3mzHAV1I_266,1.0
labeled_linagora_cs_arabize,جنون وعبابت هما اللي حركو فيها يولل,وجنون وباب ههم الي يحركوا فيها يا و الله,3.0850000381469727,youtube_AUP3mzHAV1I_267,0.8888888888888888
labeled_linagora_cs_arabize,يا ولله حوالل الع,حوال يا و الله حوال يعني نخلي العلم,3.7860000133514404,youtube_AUP3mzHAV1I_268,0.875
labeled_linagora_cs_arabize,وسنين شقا وتعبو مشيرا خرافت,و البحوث وسنين تعب ونمشي ورا خرافات,3.2060000896453857,youtube_AUP3mzHAV1I_269,0.8571428571428571
labeled_linagora_cs_arabize,ولن بون معلينا حبيت نشارككم اغرب,الاولين بون ما علينا حبيت نشارككم اغرب,4.584000110626221,youtube_AUP3mzHAV1I_271,0.42857142857142855
labeled_linagora_cs_arabize,واغرب حالة بشرت معاها في حياتي,قصه واغرب حاله باشرت معها في حياتي,2.615999937057495,youtube_AUP3mzHAV1I_272,0.5714285714285714
labeled_linagora_cs_arabize,لت  باشر م,ومازلت باش نباشر معها لاخر نهار في,3.0840001106262207,youtube_AUP3mzHAV1I_273,1.0
labeled_linagora_cs_arabize,نا هذي وكان فما اي جديد اكيد,المهنه هاذي وكان فمة اي جديد اكيد واكيد,4.605999946594238,youtube_AUP3mzHAV1I_274,0.5
labeled_linagora_cs_arabize,باش نرجع نكتبلك يادعلوش وانت تحكيها,جدا باش نرجع و نكتبلك يا دعوش وانت تحكيها,3.867000102996826,youtube_AUP3mzHAV1I_275,0.4444444444444444
labeled_linagora_cs_arabize,يعتيكم الصحة الناس الكل,بصوتك يعطيكم الصحه الناس الكل وتصبحوا,4.10699987411499,youtube_AUP3mzHAV1I_277,0.6666666666666666
labeled_linagora_cs_arabize,و,خير حكايات د علوش لليله وفات ان شاء الله,6.329999923706055,youtube_AUP3mzHAV1I_278,1.0
labeled_linagora_cs_arabize,ب كون لجز لربع من حكاي فاط,يا ربي يكون الجزء الرابع من حكايه فاطمه,2.864000082015991,youtube_AUP3mzHAV1I_280,0.875
labeled_linagora_cs_arabize,بوس أعجبكم وكان عند حسن اللون,الملبوسه اعجبكم وكان عند حسن الظن ما,3.686000108718872,youtube_AUP3mzHAV1I_281,0.5714285714285714
labeled_linagora_cs_arabize,ساوشكعادة الجيم والبarتاج والكوmمنتار,تنساوش كي العاده الجيم والبارطاج والكومنت,2.825000047683716,youtube_AUP3mzHAV1I_282,0.8333333333333334
labeled_linagora_cs_arabize,الفازات اللي مستنسين بهم كيما قلتلكم,و الفازات الي مستانسين بهم ما قلتلكم,2.684000015258789,youtube_AUP3mzHAV1I_283,0.5714285714285714
labeled_linagora_cs_arabize,م المحفز عنا الأول والوحيد,هذوك المحفز متاعنا الاول والوحيد باش,4.427000045776367,youtube_AUP3mzHAV1I_284,0.6666666666666666
labeled_linagora_cs_arabize,زيدو نقدمو و نبدعوا في القصص,نزيدوا نقدموا ونبدع في القصص و في,2.4839999675750732,youtube_AUP3mzHAV1I_285,0.8571428571428571
labeled_linagora_cs_arabize,حكيات متاعنا على قناة يوتيوبحيات,الحكايات متاعنا على قناه يوتيوب حكايات,4.065000057220459,youtube_AUP3mzHAV1I_286,0.6666666666666666
labeled_linagora_cs_arabize,وما تزاوج زادكالعادة حلقة صديقا,تونسيه منسيه وما تنساو ز حلقه صديقنا,3.7249999046325684,youtube_AUP3mzHAV1I_287,0.8571428571428571
labeled_linagora_cs_arabize,دة كل نهاراحمتاع الليل,حموده كل نهار احد ثمنية متاع الليل مابقي,4.165999889373779,youtube_AUP3mzHAV1I_288,0.75
labeled_linagora_cs_arabize,اصبح الخير الناس كل و,نقوللكم صبح على خير الناس الكل وللام,2.6630001068115234,youtube_AUP3mzHAV1I_289,0.8571428571428571
labeled_linagora_cs_arabize,ش,للجميع,0.722000002861023,youtube_AUP3mzHAV1I_291,1.0
labeled_linagora_cs_arabize,مهوني من المهاجرين لي يتعرضولكسبوحاس,هوني من المهاجرين الي يتعرضوا لل اكسبلواسيون,5.0320000648498535,0000051_0000161_0000001_51_161_1_0,0.7142857142857143
labeled_linagora_cs_arabize,فلفين,ثلاثين,1.2480000257492065,4l4ine_31328_0,1.0
labeled_linagora_cs_arabize,dnc إحنا oن a créé un centre d'industri r فi innovation city en cوopérاtion avec لa جاiزاتe,دونك احنا اون ا كريي ان سنتر دانديستري كاتر بوينت زيرو في نوفاسيون سيتي ان كووبيراسيون افيك لا جيز,4.943999767303467,0000008_0000067_8_67_0,1.0
labeled_linagora_cs_arabize,后业压技,خويا العزيز,0.6639999747276306,ar--3250_1.5.wav_3250_1.5_0,1.0
labeled_linagora_cs_arabize,كانت الام علها ايمان كبير كونلا عمير  يرع كان الايمان مقيها  علىرم الحزن النه حن كبير  لم ن الام المسكين اتحمل تت الكينا,كانت الام عندها ايمان كبير كون ولدها عميره باش يرجع كان الايمان هذاكة هو الي مقويها شويه على رغم الحزن الي كانت فيه حزن كبير برشا ما كانتش الام المسكينه قادره وانها تتحمله وتوفيت المسكينه الله,13.543999671936035,segment_0000510_segment_510_0,0.75
labeled_linagora_cs_arabize,فاهمناشما ما لقيتش هكا إني نجم من توا نربط روحي مع بروف اللي كيف نجي لازم نخدم معه كل شي معناتها الرشاش متاعي وكل,ما يهمناش مي ما لقيتش هكة اني نجم من توا نربط روحي مع بروف الي كيف نجي لازم نخدم معاه كل شيء معناها ريشارش متاعي و كل,9.088000297546387,0000028_0000112_0000000_28_112_0_0,0.4444444444444444
labeled_linagora_cs_arabize,عبدالله يعرف يطيب مليح وديما يسلع يسحابه,عبد الله يعرف يطيب مليح وديمة يستدعي صحابو,4.02400016784668,ar--3189_1.25.wav_3189_1.25_0,0.625
labeled_linagora_cs_arabize,kif kif,كيف كيف,1.5199999809265137,kif_kif_1149_0,1.0
labeled_linagora_cs_arabize,muž my tropi,مش متربي,1.3200000524520874,ar--1816_0.75.wav_1816_0.75_0,1.5
labeled_linagora_cs_arabize,والقبائل الموجودة,والقبايل الموجودة,1.7039999961853027,amenyKH_0000001_chunk_0000070_001_chunk_70_0,0.5
labeled_linagora_cs_arabize,يطيش,يطيش,0.8479999899864197,ar--1627_1.wav_1627_1_0,0.0
labeled_linagora_cs_arabize,ش克人,شكرا,0.5440000295639038,ar--3457_1.25.wav_3457_1.25_0,1.0
labeled_linagora_cs_arabize,لينهاريخ نحنا في سوسيتي ولا في حاجة باش نخدمو مع تين,الي نهار آخر احنا في سوسيتي ولا في حاجة باش نخدموا مع تيم,3.4159998893737793,0000072_0000042_0000000_72_42_0_0,0.46153846153846156
labeled_linagora_cs_arabize,الاات متاع التري اللي يعيشها التلميذ التونسي حاجة ياسر كبيرةحج,الامونة متاع السترس الي يعيشها التلميذ التونسي حاجة ياسر كبيرة و حاجة ياسر,5.639999866485596,amenyKH_0000070_0000015_0000001_70_15_1_0,0.5384615384615384
labeled_linagora_cs_arabize,kossi,كسكسي,1.2640000581741333,kosksi_31689_0,1.0
labeled_linagora_cs_arabize,أنا في الوتوروت نمر واحد واحد موروباي,انا في الاوتوروت نومرو واحد بحذا مورو باي,3.303999900817871,TunSwitchTO_0000005_0000019_0000010_jx0000007_5_19_10_jx7_0,0.75
labeled_linagora_cs_arabize,إن شاء الله يا ربي خلا نكلم صاحبتي لحظة نشوفها وين ألو درساف وينك في الثنية,ان شاء الله يا ربي خنكلم صاحبتي لحظة نشوفها وين الو درصاف وينك في الثنية,5.375999927520752,TunSwitchTO_0000069_0000014_0000017_py0000008_69_14_17_py8_0,0.3333333333333333
labeled_linagora_cs_arabize,ما طورش عليك اكثر من سن,ما يضهر ش عليك اكثر من واحد و عشرين سنة,2.0799999237060547,TunSwitchTO_0000046_0000009_0000010_oex_46_09_10_oex_0,0.6
labeled_linagora_cs_arabize,عمنا كي شنط لمزج,عملناه ك اشنتين نموذج,2.5360000133514404,amenyKH_Partie0000008_chunk_0000063_Partie8_chunk_63_0,1.0
labeled_linagora_cs_arabize,نمشي بالكعب,نمشيو بالكار,1.2319999933242798,TunSwitchTO_0000005_0000015_0000000_wzh_5_15_00_wzh_0,1.0
labeled_linagora_cs_arabize,اللي بلو,الي بعدو,0.7360000014305115,ar--1822_1.25.wav_1822_1.25_0,1.0
labeled_linagora_cs_arabize,يصور تصويره,يصور تصويرة,1.159999966621399,ar--1807_1.wav_1807_1_0,0.5
labeled_linagora_cs_arabize,شاء اله ربي شفيه في نهار ماي من عام يدخل عميد شرطة المكلف بالقضية هذه الكل للبيرو متاعه ويلقى شكون بعث له جواب من مطار محمد الخامس وظهر وانه سيد والا الانسا بعثة جواب وغادرة البلاد,الله ربي يشفيه في نهار واحد و ثلاثين ماي من عام الفين و خمس يدخل عميد الشرطه المكلف بالقضيه هاذي الكل للبيرو اعه ويلقى شكون باعثلو جواب من مطار محمد الخامس وظهر وانه سيد ولا الانسة بعثت جواب وغادرت البلاد جملة,14.199999809265137,segment_0000781_segment_781_0,0.4878048780487805
labeled_linagora_cs_arabize,يتير,يطير,0.6800000071525574,ar--1882_1.wav_1882_1_0,1.0
labeled_linagora_cs_arabize,حacة كنت كafين ولقهاwي قl,و قهاوي و كل كافيين حاجة كانت,2.808000087738037,0000075_0000089_0000000_75_89_0_0,1.0
labeled_linagora_cs_arabize,ما نجمش نعرس بيها يمكن الغلطة فييا أما أنا مانجمش ناخذ مرة,انجمش نعرس بيها يمكن الغلطة فيا اما انا ما انجمش ناخو مرا,4.248000144958496,TunSwitchTO_0000196_0000022_0000057_a0000005p_196_22_57_a5p_0,0.75
labeled_linagora_cs_arabize,الأميرة,الاميرة,1.25600004196167,ar--2240_0.75.wav_2240_0.75_0,1.0
labeled_linagora_cs_arabize,الفانك,البانكة,0.9440000057220459,ar--1755_0.75.wav_1755_0.75_0,1.0
labeled_linagora_cs_arabize,ربي وشد ثنية لسوصة نادية ثنية كاملة من فراسة دنيا تعدات قدامها تفكرت روحهة صغيرة تجيبها,ربي وشدوا الثنية لسوسة نادية ثنية كاملة مفرعسة دنيا تعدات قدامها تفكرت روحها صغيرة تجيبها,6.703999996185303,TunSwitchTO_0000071_0000022_0000010_0000038d_71_22_10_38d_0,0.4
labeled_linagora_cs_arabize,باش تعمل كو علاش متبديش التليفونك توا,باش تعمل كونتنت علاش ما تبداش بتاليفونك توا,3.375999927520752,Melekher0000011_0000176_0000003_Melekher11_176_3_0,0.5
labeled_linagora_cs_arabize,لط وحاول ش عرف هو مين,هبط و حاول باش يعرف هو وين,1.7680000066757202,ar--3380_1.5.wav_3380_1.5_0,0.8571428571428571
labeled_linagora_cs_arabize,مانعملش فور تر مو مام سيا أوسي لزون كفور متاعي كاند جا في ماس فور  تر لخ مم معناها نعطيك ان اوتر كسامل وصيرلي برشا بصعر نبدا داخل ابلاص,اذاكا وقتها ثلاثمياة و واحد و خمسين توا اي رييوسي اتر توا مام سا سي ترا امبورتون اما يلزمنا كمية القوة المونتال يلزم تكون عندك باش تواجه مجتمع بكلسيطة منقوبة ثلاثمياة و ثنين و خمسين با دوني ا توا لو موند اغزر انا يكركروك العباد دونك جو سي با الحق ما عنديش ما نتصنعش ثلاثمياة و ثلاثة و خمسين ما نعملش ايفور بور اتر مون ميم سي سا لا زون دو كونفور متاعي كون جو فا دي فوت بور اتر موا ميم معناها نعطيك ان اوتر اكسمبل يصرلي برشا بعد ساعات نبدا داخل بلاصة,11.567999839782715,segment_0000244_segment_244_0,0.9042553191489362
labeled_linagora_cs_arabize,تنجم تعمل عالية مزية,تنجم تعمل على مزية,2.7920000553131104,ar--3322_0.75.wav_3322_0.75_0,0.25
labeled_linagora_cs_arabize,هكا ساحلية ع البحر وكل مشاي حابيت تقعد من تونس جا سر في والكل,هكة ساحلية على البحر و كل شيء حبيت نبعد من تونس جونر سنتر فيل و كل,6.5920000076293945,0000073_0000011_0000001_73_11_1_0,0.75
labeled_linagora_cs_arabize,كي ما تحب جيباللي يعجبك,كيمة تحب جيب الي يعجبك,2.4000000953674316,ar--3601_1.wav_3601_1_0,0.8
labeled_linagora_cs_arabize,حاجاة منعرف شنو لازم نعمل باش نشري شوية حاجات من عندكم نعرف شنو نعمل باش نشري شوية حاجات نحاول نشري من عندكم حاجات نحب حد يعاوني باش نشرى حاجات من عندكم,منعرفش شنوا لازم نعمل باش نشري شوية حاجات من عندكم منعرفش شونة نعمل باش نشري شوية حاجات نحاول نشري من عندكم حاجات نحب حد يعوني باش نشري حاجات من عندكم,13.984000205993652,segment_0000036_segment_36_0,0.23333333333333334
labeled_linagora_cs_arabize,التصل,البصل,0.8799999952316284,ar--1647_0.75.wav_1647_0.75_0,1.0
labeled_linagora_cs_arabize,مع الإضافة أنو السيد لموطمد هوعذ,مع الاضافة انو السيد المعتمد وعدنا,2.615999937057495,amenyKH_partie0000004_chunk_0000105_partie4_chunk_105_0,0.6666666666666666
labeled_linagora_cs_arabize,لايف ستايل هذاي نجربهم من توا برشه حاجات مشكان حتى ان نسافرو,لايفستايل هاذايا نجربوه من توا برشا حاجات مش حتى كان انا نسافروا,4.1519999504089355,0000053_0000093_0000001_53_93_1_0,0.75
labeled_linagora_cs_arabize,بن نخدم برشا مي كونكورات خفاف هكي ع الخفافيفنت,بون نخدم برشا مي كونكورات عالخفافي فهمت,3.808000087738037,0000027_0000221_0000002_27_221_2_0,0.7142857142857143
labeled_linagora_cs_arabize,أي مستمر ولالحاجات اليزك تراهم ات جاوبت عليهم بلكدا شوفو ي,ايه مستثمر ولا ايه ولا الحاجات لي يلزمك تراهم انت كان جاوبت عليهم بالقدا معناها شوفو كا اكسرسيس بيان,5.360000133514404,0000003_sub_audio_chunk_0000004_3_sub_audio_chunk_4_0,0.7894736842105263
labeled_linagora_cs_arabize,رما اليوم الأغلبية متاع لتربرن شن يجو يعلو يمشو مإذاك بش يسل يمشي لإدارة,دونك ريلمون اليوم الاغلبية متاع لي اونترابرونور شنوا يجيو يعملو يمشو مثلا اذا كان باش يسال يمشي لادارة و يسال,4.943999767303467,0000010_0000037_10_37_0,0.8
labeled_linagora_cs_arabize,وانتي ما عنك حتى دراية بحت شي,و انت ما عندك حتى دراي بحتى شيء,2.3440001010894775,amenyKH_Personnalité_Multiple_HM_E0000001_denoised_Sync0000092_no_speaker_0000352.0000082_0000355.0000018_Personnalité_Multiple_HM_E1_denoised_Sync092_no_speaker_352.82_355.18_0,0.75
labeled_linagora_cs_arabize,يبحث,يبعث,0.9120000004768372,ar--1813_0.75.wav_1813_0.75_0,1.0
labeled_linagora_cs_arabize,فما مرونة كبيرة معنتها تول خاطر إنسان بشك- باش يصب كوتزشين في الضمنالاجتماعي باش يصب كوزين في الاأسيعانس في الاسيعانس vي تمتاز بالمرونة,فمة مرونه كبيره معنتها توا خاطر الانسان باش يصب كوتيزاسيون في الضمان الاجتماعي يصب كوتيزاسيون في لاسيرونس فيي لاسيرونس فيي تمتاز بالمرونه,11.02400016784668,segment_0000931_segment_931_0,0.6818181818181818
labeled_linagora_cs_arabize,الثلاثة,الثلاثة,0.7519999742507935,ar--1563_1.wav_1563_1_0,0.0
labeled_linagora_cs_arabize,هلينج ابروسس رو مهوش ساهل رو ساعات فما تشام صديك عليه ردوا بالكم عنا على رواحكم سسوا رواحكم لولاد,ذي هيلينق بروسيس راهو ما هو ش ساهل راهو ساعات فمة تروما هذاكة علاه ردو بالكم معناها على رواحكم سايسو رواحكم لولاد,10.312000274658203,0000662_0000090_0000000_662_90_0_0,0.6818181818181818
labeled_linagora_cs_arabize,مرة ما كسشلتين باش نجيبو السبعة,باش نجيو السبعة,6.199999809265137,TunSwitchTO_0000140_0000018_0000050_rgn_140_18_50_rgn_0,1.3333333333333333
labeled_linagora_cs_arabize,معتسمين الكمور خيمة فم,ماهو تسمين الكامور واحدة و ستين خيمة فمة,1.9759999513626099,amenyKH_tataouine__for_acoustic_analysis_Sync0000182_no_speaker_0000777.0000013_0000779.0000017_tataouine__for_acoustic_analysis_Sync182_no_speaker_777.13_779.17_0,0.875
labeled_linagora_cs_arabize,أ د عن   ا,كان يو وانت تو تولك اباوت لايك بوليتيكال بيليفز,4.800000190734863,0000662_0000080_0000001_662_80_1_0,1.0
labeled_linagora_cs_arabize,amبiti موة,لامبيسيون موجودة,1.0720000267028809,0000015_0000032_15_32_0,1.0
labeled_linagora_cs_arabize,主么啊,بالطبيعة,0.53329998254776,ar--1056_1.5.wav_1056_1.5_0,1.0
labeled_linagora_cs_arabize,ل ماذا لو ن اخصو لياه ذي,باهي ملا توا ناخو السورية هاذي,2.0799999237060547,ar--3419_1.25.wav_3419_1.25_0,1.1666666666666667
labeled_linagora_cs_arabize,معناك تقول لي مشن مش نا فيه حاجة هك,معناها كي تقوللي مش نشي مشينا فيها الحاجة هاك,2.4000000953674316,amenyKH_tataouine__for_acoustic_analysis_Sync0000552_no_speaker_0001993.0000059_0001996.0000001_tataouine__for_acoustic_analysis_Sync552_no_speaker_1993.59_1996.01_0,1.0
labeled_linagora_cs_arabize,,اكهو توا سمبلمن نويز معناها تنجم,3.5280001163482666,amenyKH_0000006_0000006_0002012_partie0000002_chunk_0000007_06_06_2012_partie2_chunk_7_0,1.0
labeled_linagora_cs_arabize,أيول الناس القل باش تخرج اللي تجرحو في السبيتا,عاون الناس الكل باش تخرج الي تجرحو في السبيطار توا,3.9839999675750732,ar--3483_1.5.wav_3483_1.5_0,0.5
labeled_linagora_cs_arabize,ا,البار,0.5839999914169312,ar--2124_1.25.wav_2124_1.25_0,1.0
labeled_linagora_cs_arabize,shot,الشورت,0.527999997138977,ar--2041_1.25.wav_2041_1.25_0,1.0
labeled_linagora_cs_arabize,أوكلا,الاكلة,0.5680000185966492,ar--1493_1.5.wav_1493_1.5_0,1.0
labeled_linagora_cs_arabize,موعد جديد في المحقق مع سلسلة أشهر,تحياتي موعد جديد في المحقق مع سلسله اشهر,3.4059998989105225,youtube_85PgsvXByj8_0,0.375
labeled_linagora_cs_arabize,,القضايا العربيه و اليوم نقترح عليكم قضيه,4.479000091552734,youtube_85PgsvXByj8_1,1.0
labeled_linagora_cs_arabize,سزنا الوحدة من الظواهر لي,باش تهزنا لوحده من الظواهر الي شوفوها,2.5959999561309814,youtube_85PgsvXByj8_2,0.7142857142857143
labeled_linagora_cs_arabize,ربما في محيطنا را منا,برشا ربما في محيطنا ربما راك تشوف منها,3.7860000133514404,youtube_85PgsvXByj8_3,0.625
labeled_linagora_cs_arabize,فمحيت ان ندك كن في محيطك,في محيطك داور كان عندك شكون في محيطك هكة,4.223999977111816,youtube_85PgsvXByj8_4,0.7777777777777778
labeled_linagora_cs_arabize,ر يكتبلو اسمه في التعليق,بربي يكتبله اسمه في التعليق باش يرد باله,2.683000087738037,youtube_85PgsvXByj8_5,0.625
labeled_linagora_cs_arabize,ظف التلفون لح,الظهره بعك يبدا يحكي في التليفون و الحوم,4.005000114440918,youtube_85PgsvXByj8_6,1.0
labeled_linagora_cs_arabize,كل تبدأ تسمع في النقاش عهح,الكل تبدا تسمع النقاش متاعه ها يبدا يصيح,5.0269999504089355,youtube_85PgsvXByj8_7,0.875
labeled_linagora_cs_arabize,ا فيبي,ويعيط انت في بيت وهو في بيت وتسمع الهدره,3.384999990463257,youtube_85PgsvXByj8_8,1.0
labeled_linagora_cs_arabize,نت ف داا تسمع الهد,الكل انت في داره في دار وتسمع الهدره,3.63700008392334,youtube_85PgsvXByj8_9,1.0
labeled_linagora_cs_arabize,أحيانا فمشكون من الناس,الكل احيانا فمة شكون من الناس الي,4.410999774932861,youtube_85PgsvXByj8_10,0.7142857142857143
labeled_linagora_cs_arabize,م,يسمعوا في هال,0.9620000123977661,youtube_85PgsvXByj8_11,1.0
labeled_linagora_cs_arabize,ر ينجم يخممولك في عمايل,الهدره ينجموا يخمم لك في عمايل كيما,5.0269999504089355,youtube_85PgsvXByj8_12,0.7142857142857143
labeled_linagora_cs_arabize,ضط صر في قضيتنا بالنسبة لليلة,بالضبط صار في قضيتنا بالنسبه لليله قبل,4.22599983215332,youtube_85PgsvXByj8_13,0.7142857142857143
labeled_linagora_cs_arabize,ل فيتفاصل,ما ننطلق في تفاصيلها اذا ما زلت ما,3.365000009536743,youtube_85PgsvXByj8_14,1.0
labeled_linagora_cs_arabize,حقتش بنا عبر الاشتراك في المحقق,التحقت بنا عبر اشتراك في المحقق التحق,3.7929999828338623,youtube_85PgsvXByj8_15,0.42857142857142855
labeled_linagora_cs_arabize,ألف م,بال ميتين و اربعين الف مشترك خلينا نوصل لل ميتين و خمسين الف,5.360000133514404,youtube_85PgsvXByj8_16,1.0
labeled_linagora_cs_arabize,واكتبلي في التعاليق كما قتك,سريعا واكتب لي في التعليق كيما قلتلك,3.2799999713897705,youtube_85PgsvXByj8_17,0.8571428571428571
labeled_linagora_cs_arabize,كنيريحكي في التلفوناصو,شكون الي تعرفه يحكي في التليفون بالصوت,3.6489999294281006,youtube_85PgsvXByj8_18,0.8571428571428571
labeled_linagora_cs_arabize,حعل  يرد باله,العالي وحطله باش يرد باله واحنا ننطلق في,5.2270002365112305,youtube_85PgsvXByj8_19,0.75
labeled_linagora_cs_arabize,طلق,قضيتنا لليله,0.7020000219345093,youtube_85PgsvXByj8_20,1.0
labeled_linagora_cs_arabize,ذا قضيتنا لليوم تزنى المصر وتحديدا,اذا قضيتنا لليوم تهزنا لمصر و تحديدا,2.9649999141693115,youtube_85PgsvXByj8_21,0.7142857142857143
labeled_linagora_cs_arabize,محافظة الإسماعيلية في مركز التل الكبير,لمحافظه الاسماعيليه في مركز التل الكبير,3.825000047683716,youtube_85PgsvXByj8_22,0.3333333333333333
labeled_linagora_cs_arabize,دون كان تعيش سيدة عمرها سن,غادي وان كان تعيش سيده عمرها سبعة و اربعين سنه,5.326000213623047,youtube_85PgsvXByj8_23,0.7
labeled_linagora_cs_arabize,اسمها جيهان احمد موسىسيدة ان,اسمها جيهان احمد موسى سيده جيهان كانت,3.7850000858306885,youtube_85PgsvXByj8_24,0.5714285714285714
labeled_linagora_cs_arabize,موظف في إدارة الأوقاف,تخدم وظفه في اداره الاوقاف كانت معرسه,4.886000156402588,youtube_85PgsvXByj8_25,0.8571428571428571
labeled_linagora_cs_arabize,جميلها في نفس الإدارة و عندهمخ صغار,بزميلها في نفس اداره وعندهم خمسة صغار,3.7679998874664307,youtube_85PgsvXByj8_26,0.5714285714285714
labeled_linagora_cs_arabize,عندهم زوز بنات وثلاثة أولاد,عندهم زوز بنات وثلاثه اولاد البنات,4.10699987411499,youtube_85PgsvXByj8_27,0.5
labeled_linagora_cs_arabize,وم بي كبير مه سارة,الاثنين توامه البنيه الكبيره اسمها ساره,3.625,youtube_85PgsvXByj8_28,1.0
labeled_linagora_cs_arabize,طبيبة وعمرها وقت أحداث القضية,وطبيبه وعمرها وقت احداث القضيه,3.2850000858306885,youtube_85PgsvXByj8_29,0.6
labeled_linagora_cs_arabize,,ستة و عشرين,1.2419999837875366,youtube_85PgsvXByj8_30,1.0
labeled_linagora_cs_arabize,ثم عندها بنت أختها التوأم و اسما,سنه ثم عندها بنت اختها التوام واسمها,6.072000026702881,youtube_85PgsvXByj8_31,0.7142857142857143
labeled_linagora_cs_arabize,وتخدم اخصائية اجتماعية عندها ولي,اسماى وتخدم اخصائيه اجتماعيه عندها وليد,4.3460001945495605,youtube_85PgsvXByj8_32,0.6666666666666666
labeled_linagora_cs_arabize,عمره سنة اسمه ابراهيم وعندها لولاد ا,عمره اربعة و عشرين سنه اسمه ابراهيم وعندها الاولاد,4.828000068664551,youtube_85PgsvXByj8_33,0.6666666666666666
labeled_linagora_cs_arabize,الصغار بالكلي مازالوا يقراو في المراحل,الصغار بالكل مازالوا يقراوا في المراحل,2.565000057220459,youtube_85PgsvXByj8_34,0.3333333333333333
labeled_linagora_cs_arabize,نويولي هما احمد,الثانويه و الي هما احمد,2.1760001182556152,youtube_85PgsvXByj8_35,0.6
labeled_linagora_cs_arabize,محمد الي مازالو إذن في الثانويات,ومحمد الي مازالوا اذا في الثانويه,3.244999885559082,youtube_85PgsvXByj8_36,0.6666666666666666
labeled_linagora_cs_arabize,سيدة جيهان كانت معروفة في المنطقة,السيده جيهان كانت معروفه في المنطقه,3.8489999771118164,youtube_85PgsvXByj8_37,0.5
labeled_linagora_cs_arabize,الحقيقة أنها مرأة طيبة تقدم المساعدة,الحقيقه انها مراه طيبه تقدم المساعده,4.184999942779541,youtube_85PgsvXByj8_38,0.8333333333333334
labeled_linagora_cs_arabize,لناس اللي يستحقوها سيدة,للناس الي يستحقوها سيده,2.86299991607666,youtube_85PgsvXByj8_39,0.75
labeled_linagora_cs_arabize,متدينمه المتع مشاكل ولا هم يحزنون,متدينه ماهش لمتع مشاكل ولاهم يحزنون ولي,6.5289998054504395,youtube_85PgsvXByj8_40,0.8571428571428571
labeled_linagora_cs_arabize,يف عيلتها يشهد,يعرفوا عيلتها يشهدوا الحقيقه الي فيما,3.7049999237060547,youtube_85PgsvXByj8_41,0.8333333333333334
labeled_linagora_cs_arabize,تلق بهية فيما يتعلق بزوجها فيما يتعلق,يتعلق بهايه فيما يتعلق بزوجها فيما يتعلق,4.889999866485596,youtube_85PgsvXByj8_42,0.2857142857142857
labeled_linagora_cs_arabize,صغارهم أنهم صغار متربين و عائلة,بصغاره انهم صغار متربين وعائله,3.184000015258789,youtube_85PgsvXByj8_43,0.8
labeled_linagora_cs_arabize,ل     ال,فاضله قبل شهور معدوده من احداث القضيه,5.626999855041504,youtube_85PgsvXByj8_44,1.0
labeled_linagora_cs_arabize,لة جيهان سيحتفل بزواج لبنات الاثنين,عيله جيهان سيحتفل بزواج البنات الاثنين,4.263999938964844,youtube_85PgsvXByj8_45,0.3333333333333333
labeled_linagora_cs_arabize,ا,ساره واسما و من وقتها باش تبقى جيهان,4.72599983215332,youtube_85PgsvXByj8_46,1.0
labeled_linagora_cs_arabize,وزوجها مع ولادها الولاد ذكورة,وزوجها مع اولادها الاولاد الذكوره,3.0320000648498535,youtube_85PgsvXByj8_47,0.6
labeled_linagora_cs_arabize,عيش في الدار,الثلاثه بقوا عايشين في الدار كانت الحياه,4.184999942779541,youtube_85PgsvXByj8_48,0.7142857142857143
labeled_linagora_cs_arabize,بصفه عادية حتىلي وصلنا لربعو,ماشيه بصفه عاديه حتى يوصلنا ال اربعة اوت,4.705999851226807,youtube_85PgsvXByj8_49,0.875
labeled_linagora_cs_arabize,ف قل حرا ف,الفين و ثلاثة و عشرين في قلب حراره سيف الفين و ثلاثة و عشرين اربعة اوت يطيح,6.380000114440918,youtube_85PgsvXByj8_50,1.0
labeled_linagora_cs_arabize,ها جمعة الزوج والأبناة,نهار جمعه الزوج و الابناء الحقيقه كما,4.40500020980835,youtube_85PgsvXByj8_51,0.8571428571428571
labeled_linagora_cs_arabize,أمهم نجم نقل مدينين الثلاثة مشاو يصل,امهم نجموا نقولوا مدينين ثلاثة مشوا يصلي,4.626999855041504,youtube_85PgsvXByj8_52,0.8571428571428571
labeled_linagora_cs_arabize,سلات الجمع أول ما روحو للدار,في صلاه الجمعة اول ما روحوا للدار بعد,3.7039999961853027,youtube_85PgsvXByj8_53,0.75
labeled_linagora_cs_arabize,محمد هذا الابن الاصغر في العيلة,محمد هاذا الابن الاصغر في العيله هو اول,3.0859999656677246,youtube_85PgsvXByj8_55,0.5
labeled_linagora_cs_arabize,,واحد مش يدخل,1.0809999704360962,youtube_85PgsvXByj8_56,1.0
labeled_linagora_cs_arabize,لكن اول ما حل الباب اكتشف ان,الد لكن اول ما حل الباب اكتشف انه فمة,6.2270002365112305,youtube_85PgsvXByj8_57,0.3333333333333333
labeled_linagora_cs_arabize,رك من الدم في وسط الدار  يجري,بركه من الدم في وسط الرخل يجري باش يشوف,5.271999835968018,youtube_85PgsvXByj8_58,0.4444444444444444
labeled_linagora_cs_arabize,لحج جت لبالن,امه اول حاجه جت لباله وين يطمن,2.0230000019073486,youtube_85PgsvXByj8_59,0.8571428571428571
labeled_linagora_cs_arabize,لكن أول ما وصل قدام باب الكوجينة,عليها لكن اول ما وصل قدام باب الكوجينه,5.432000160217285,youtube_85PgsvXByj8_60,0.375
labeled_linagora_cs_arabize,سيكتشف جثة الوالدة متاعه,سيكتشف جثه الوالت اعه,3.431999921798706,youtube_85PgsvXByj8_61,0.75
labeled_linagora_cs_arabize,جثة متعرضة لطعانات,جثه متعرضه لطعنات,2.382999897003174,youtube_85PgsvXByj8_62,1.0
labeled_linagora_cs_arabize,الظهر ل صار عليها هجوم,متعدده الظاهر الحقيقه ان صار عليها هجوم,4.668000221252441,youtube_85PgsvXByj8_63,0.5714285714285714
labeled_linagora_cs_arabize,حشي راسها عليه آثار ضرب,وحشي راسها عليه اثار ضرب,6.229000091552734,youtube_85PgsvXByj8_64,0.4
labeled_linagora_cs_arabize,هي امرأة متدينة,عنيف هيا امراه متدينه لكن,3.7660000324249268,youtube_85PgsvXByj8_65,1.0
labeled_linagora_cs_arabize,بايتها كانت مهزوزة الفوق,عبايتها كانت مهزوزه الفوق,3.5460000038146973,youtube_85PgsvXByj8_66,0.5
labeled_linagora_cs_arabize,كلها وآثار الطعانات موجودة في,بكلها واثار طعنات موجوده في,6.48799991607666,youtube_85PgsvXByj8_67,0.8
labeled_linagora_cs_arabize,مختلف جسمها كانت عارية,مختلف جسمها كانت عاريه,4.426000118255615,youtube_85PgsvXByj8_68,0.25
labeled_linagora_cs_arabize,ماما درجة ن تصور ن وقع اغتصابها,تماما درجه انه تصوروا انه وقع اغتصابها,5.308000087738037,youtube_85PgsvXByj8_69,0.7142857142857143
labeled_linagora_cs_arabize,أو الاعتداء الجنس,اولاعتداء الجنسي,2.944000005722046,youtube_85PgsvXByj8_70,1.5
labeled_linagora_cs_arabize,شكون الي يعمال فيها هاك البوو أولاد و,عليها شكون الي عمل فيها هك البو ولاده,6.056000232696533,youtube_85PgsvXByj8_71,0.75
labeled_linagora_cs_arabize,حالة انهيار لكنالوقت,في حاله انهيار لكن بالوقت باش يبلغوا,2.9240000247955322,youtube_85PgsvXByj8_72,0.8571428571428571
labeled_linagora_cs_arabize,شةالي بالطبيعة حضروا وسيتم نقل جهان,الشرطه الي بالطبيعه حضر وسيتم نقل جهان,4.145999908447266,youtube_85PgsvXByj8_73,0.5714285714285714
labeled_linagora_cs_arabize,أو جثتها للطب الشرعي وينطلق التحقيق,او جثتها للطب الشرعي وينطلق التحقيق,4.25600004196167,youtube_85PgsvXByj8_74,0.16666666666666666
labeled_linagora_cs_arabize,عاينت مسرح الجريمة الساعة ستكشف أن,معاينه مسرح الجريمه الساعه ستكشف انه,2.6440000534057617,youtube_85PgsvXByj8_75,0.6666666666666666
labeled_linagora_cs_arabize,سلاح الجريمة مازال موجود كان بحض الجث,سلاح الجريمه مازال موجود كان بحض الجثه,3.6649999618530273,youtube_85PgsvXByj8_76,0.2857142857142857
labeled_linagora_cs_arabize,في,زو اسلحه مش سلاح سكينه وتنفيس مفتاح,4.745999813079834,youtube_85PgsvXByj8_77,1.0
labeled_linagora_cs_arabize,ال,براغي كانوا ميشين قلتلك بحض الجث في لكن,5.688000202178955,youtube_85PgsvXByj8_78,1.0
labeled_linagora_cs_arabize,ويتصوروا أنو سي ش نلقاو بيهم,كانوا يتصوروا انه سي باش نلقاو بهم,2.444000005722046,youtube_85PgsvXByj8_79,0.7142857142857143
labeled_linagora_cs_arabize,المجرم لكن الحقيقة سنكتشف أنه المجرم,المجرم لكن الحقيقه سنكتشف انه المجرم,2.944000005722046,youtube_85PgsvXByj8_80,0.3333333333333333
labeled_linagora_cs_arabize,اغسلهم وامسحهم الغس البرك لا ينزل,اغسلهم ومسحهم الغسل بركا لا ينزع البصمات,3.808000087738037,youtube_85PgsvXByj8_81,0.7142857142857143
labeled_linagora_cs_arabize,سلهم وامسحهم حتى لا نجد فيهم بصمات,اغسلهم ومسحهم حتى لا نجد فيهم بصمات,5.327000141143799,youtube_85PgsvXByj8_82,0.2857142857142857
labeled_linagora_cs_arabize,وفعلا لملقنا حتى بصامات ت النو,وفعلا ما لقينا ش حتى بصمات بيت النوم الي,3.884999990463257,youtube_85PgsvXByj8_83,0.7777777777777778
labeled_linagora_cs_arabize,ا شرطةجان مقلوبة,تعينها الشرطه متاع جيهان كانت مقلوبه كانه,3.805000066757202,youtube_85PgsvXByj8_84,1.0
labeled_linagora_cs_arabize,لو عل ا بعضالش,كان ف شكون يلوج على حاجه وثم بعض الاشياء,4.880000114440918,youtube_85PgsvXByj8_85,1.0
labeled_linagora_cs_arabize,لي كانت مفقودة من الدار سعة لعال,الي كانت مفقوده من الدار ساعه العائله,2.7039999961853027,youtube_85PgsvXByj8_86,0.5714285714285714
labeled_linagora_cs_arabize,خات   جني,تقول كانت لابسه خاتم ذهب بقيمه خمسمياة جنيه,4.705999851226807,youtube_85PgsvXByj8_87,1.0
labeled_linagora_cs_arabize,قريباق,تقريبا قيم,1.4620000123977661,youtube_85PgsvXByj8_88,1.0
labeled_linagora_cs_arabize,ز يما لبست م منساك,يتهز يما لبسته يما من سكها المهم ما لقو ش,4.0929999351501465,youtube_85PgsvXByj8_89,0.9
labeled_linagora_cs_arabize,اض,عند الضحيه فمة لي تبليت متاع الاولاد جوج,5.0,youtube_85PgsvXByj8_90,1.0
labeled_linagora_cs_arabize,تا الولا,تابلتات متاع الاولاد الاثنين ما,2.243000030517578,youtube_85PgsvXByj8_91,1.0
labeled_linagora_cs_arabize,م فالأقرب بالنسبة للمحقين ندا,فماش ف الاقرب بالنسبه للمحققين انه دافع,5.308000087738037,youtube_85PgsvXByj8_92,1.0
labeled_linagora_cs_arabize,ريمة هو السرقة,الجريمه هو السرقه لكن ههم مازالوا مشو,3.6640000343322754,youtube_85PgsvXByj8_93,0.8571428571428571
labeled_linagora_cs_arabize,ثني وذ ه يكتشفوا في الجلاس,فييها الثنيه واذا بم يكتشفوا في الجلاص,4.079999923706055,youtube_85PgsvXByj8_94,0.7142857142857143
labeled_linagora_cs_arabize,,جان مبلغ قدر ب ثلاثة الف,5.066999912261963,youtube_85PgsvXByj8_95,1.0
labeled_linagora_cs_arabize,ن  الخص خل   ير,جنيه اخي الشخص هاذا الي دخل جى باش يسرق,5.079999923706055,youtube_85PgsvXByj8_96,1.0
labeled_linagora_cs_arabize,ذ ل ألف جني كيفش,وما هز ثلاثة الف جنيه كيفاش م,3.384999990463257,youtube_85PgsvXByj8_97,1.0
labeled_linagora_cs_arabize,لربما الحكاية التمثيلية,لربما الحكايه تمثيليه,2.825000047683716,youtube_85PgsvXByj8_98,0.6666666666666666
labeled_linagora_cs_arabize,مسراحية أنه زعمة زعمة باشيسرق على كل حال,مسرحيه انه زعمه زعمه باش يسرق على كل حال,3.7660000324249268,youtube_85PgsvXByj8_99,0.6666666666666666
labeled_linagora_cs_arabize,محققين بدو في فحص الباب,المحققين ابداوا في فحص الباب كان لازم,3.4049999713897705,youtube_85PgsvXByj8_100,0.5714285714285714
labeled_linagora_cs_arabize,لهو يسرق خلع الباب وتفاج,التثبت هل هو جاي يسرق خلع الباب وتفاجا,3.9059998989105225,youtube_85PgsvXByj8_101,0.625
labeled_linagora_cs_arabize,و  الضي ل   الا,بوجود الضحيه ولا لا كي شافوا الباب مش,5.747000217437744,youtube_85PgsvXByj8_102,1.0
labeled_linagora_cs_arabize,يلقاو الحقيقة أنه ما كانش في آثار اقتحام,يلقاو الحقيقه انه ما كانش في اثار اقتحام,3.9600000381469727,youtube_85PgsvXByj8_103,0.375
labeled_linagora_cs_arabize,يعني شخص اللي يدخل للدار تعرفو مليح,يعني الشخص الي دخل للدار تعرفوا مليح,3.325000047683716,youtube_85PgsvXByj8_104,0.5714285714285714
labeled_linagora_cs_arabize,بل الاقرب انها هي لحلت له,جيهان بل الاقرب انها هيا الي حلت له,3.5859999656677246,youtube_85PgsvXByj8_105,0.5
labeled_linagora_cs_arabize,داخلت تقيير الطب الشرعي أول ما يصدر,ودخلته تقرير الطب الشرعي اول ما يصدر,5.427999973297119,youtube_85PgsvXByj8_107,0.42857142857142855
labeled_linagora_cs_arabize,يثبت حشتي,سيثبت حاجتي اولا شده,3.496000051498413,youtube_85PgsvXByj8_108,1.0
labeled_linagora_cs_arabize,عنف ما حصل علي جثة المرحومة,عنف ما حصل على جثه المرحومه,4.480000019073486,youtube_85PgsvXByj8_109,0.5
labeled_linagora_cs_arabize,على راسها وإلا فيما يتعلق بالطعان,سوا على راسها ولا فيما يتعلق بالطعان,3.5920000076293945,youtube_85PgsvXByj8_110,0.2857142857142857
labeled_linagora_cs_arabize,تعرضت المرحومة ل طعانات في الصدر,تعرضت المرحومه لسبعه طعان اربعه في الصدر,4.703999996185303,youtube_85PgsvXByj8_111,0.5714285714285714
labeled_linagora_cs_arabize,وثلاثة في جهتها,وثلاثه في جهتها,2.944000005722046,youtube_85PgsvXByj8_112,0.3333333333333333
labeled_linagora_cs_arabize,لكن يثبت زادة أنها لم تتعرض,اليسار لكن يثبت زاده انها لم تتعرض,3.74399995803833,youtube_85PgsvXByj8_113,0.42857142857142855
labeled_linagora_cs_arabize,عتدا انجز كان عندها حسب التقرير كسر,لاعتداء جنسي كان عندها حسب التقرير كسر,4.199999809265137,youtube_85PgsvXByj8_114,0.2857142857142857
labeled_linagora_cs_arabize,جومتها تقرير يثبت أن جيهان تعرضت للعنف,جمجمتها تقرير يثبت انه جيهان تعرضت للعن,5.48799991607666,youtube_85PgsvXByj8_116,0.42857142857142855
labeled_linagora_cs_arabize,حتي بعد,حتى بعد,1.4019999504089355,youtube_85PgsvXByj8_117,0.5
labeled_linagora_cs_arabize,وفاتهة شخص اللي قا,وفاتها الشخص الي قام,3.385999917984009,youtube_85PgsvXByj8_118,1.0
labeled_linagora_cs_arabize,تعنيفها يبدو أن ندخل في حالة هستيرية,بتعنيفها يبدو انه دخل في حاله هستيريه,4.053999900817871,youtube_85PgsvXByj8_119,0.7142857142857143
labeled_linagora_cs_arabize,يبقى يضرب فيها يضرب فيهاا,وبقى يضرب فيها يضرب فيها الشيش يخلي,3.66510009765625,youtube_85PgsvXByj8_120,0.5714285714285714
labeled_linagora_cs_arabize,حقينيفهمو ن السيد هذاكاننو,المحقين يفهموا ان السيد هاذا كان ناوي,2.684999942779541,youtube_85PgsvXByj8_121,0.8571428571428571
labeled_linagora_cs_arabize,تلمصران,يقتلها مصر انها,1.9630000591278076,youtube_85PgsvXByj8_122,1.0
labeled_linagora_cs_arabize,موت ربما لأنها عرفت وربما لأنكا,تموت ربما لانها عرفت ورب م لانه كانت,6.079999923706055,youtube_85PgsvXByj8_123,0.75
labeled_linagora_cs_arabize,ntom,بيناتهم,0.6209999918937683,youtube_85PgsvXByj8_124,1.0
labeled_linagora_cs_arabize,حاج هل هو تعرفو من قريب أو من بعيد,حاجه هل هو تعرفوا من قريب او من بعيد هل,7.25,youtube_85PgsvXByj8_125,0.4
labeled_linagora_cs_arabize,هلهو واحد,جيرانها هل هو واحد من,2.7639999389648438,youtube_85PgsvXByj8_126,0.8
labeled_linagora_cs_arabize,ن,هو واحد من,0.7820000052452087,youtube_85PgsvXByj8_127,1.0
labeled_linagora_cs_arabize,قاربها حتى ربما شك ن كمع,اقاربها حتى ربما الشك انسان كانت معاه في,5.4670000076293945,youtube_85PgsvXByj8_128,0.75
labeled_linagora_cs_arabize,لاق معي كله الي,علاقه معينه كل هاذي الفرضيات باش تمشي فيها,5.343999862670898,youtube_85PgsvXByj8_129,1.0
labeled_linagora_cs_arabize,لشرطه وتسهل عليها,الشرطه وتسل عليها,1.3339999914169312,youtube_85PgsvXByj8_130,0.6666666666666666
labeled_linagora_cs_arabize,لعائلة سيتم فحص بعض كاميراوات المراقبة,العائله سيتم فحص بعض كاميرات المراقبه,5.0879998207092285,youtube_85PgsvXByj8_131,0.5
labeled_linagora_cs_arabize,موجودة في المنطقة واحدة منهم,الموجوده في المنطقه واحده منهم,2.375999927520752,youtube_85PgsvXByj8_132,0.6
labeled_linagora_cs_arabize,ترصد,سترصد,0.8619999885559082,youtube_85PgsvXByj8_133,1.0
labeled_linagora_cs_arabize,واحد خارج من المنطقة اللي فيها دارجينو,واحد خارج من المنطقه الي فيها دار جان,2.805000066757202,youtube_85PgsvXByj8_134,0.5
labeled_linagora_cs_arabize,في نفس التوقيت,يجري في نفس التوقيت الي تقريبا صارت فيه,3.364000082015991,youtube_85PgsvXByj8_135,0.625
labeled_linagora_cs_arabize,ل ك,الجريمه الحقيقه ملامحه الكاميرا ظهرهم ما,4.304999828338623,youtube_85PgsvXByj8_136,1.0
labeled_linagora_cs_arabize,,كانتش باينه لكن على الاقل نفهموا تقريبا,5.307000160217285,youtube_85PgsvXByj8_137,1.0
labeled_linagora_cs_arabize,الجري عم,عمره معناه الجريه اعه ماشع كهل عمره في,3.8259999752044678,youtube_85PgsvXByj8_138,1.0
labeled_linagora_cs_arabize,وي,ال خمسين ولا في ستين الجاريه ذع شاب,2.119999885559082,youtube_85PgsvXByj8_139,1.0
labeled_linagora_cs_arabize,ن ال ال,عشيني بين الع والثلا,6.111999988555908,youtube_85PgsvXByj8_140,1.0
labeled_linagora_cs_arabize,المحقين يقوموا باستجواب الشبيبة,المحقين مش يقوموا باستجواب الشبيبه في,3.5859999656677246,youtube_85PgsvXByj8_141,0.5
labeled_linagora_cs_arabize,حومة الكل اللي يعمرهم في ال,الحومه الكل الي عمرهم في,1.7940000295639038,youtube_85PgsvXByj8_142,0.8
labeled_linagora_cs_arabize,ال,العش وخاصه منهم الي يعرفوا جيهان بما,5.98799991607666,youtube_85PgsvXByj8_143,1.0
labeled_linagora_cs_arabize,بمن حلتله البيبعتعرف,انه حلت له الباب يعني تعرفه و في الوقت,3.811000108718872,youtube_85PgsvXByj8_144,1.0
labeled_linagora_cs_arabize,المحقين يستجبوا في الشباب باش تجيهم جارة,الي المحقين يستجب في الشباب تجيهم جاره,2.864000082015991,youtube_85PgsvXByj8_145,0.5714285714285714
labeled_linagora_cs_arabize,,جاره جيهان قالتلي هيا راهي هيا زده شفت راه,5.7870001792907715,youtube_85PgsvXByj8_146,1.0
labeled_linagora_cs_arabize,اللي سار نهارة الحادثة راني شفت واحد,شنو الي صار نهاره الحادثه راني شفت واحد,4.880000114440918,youtube_85PgsvXByj8_147,0.625
labeled_linagora_cs_arabize,يجري من ا,خارج يجري من دار,1.3420000076293945,youtube_85PgsvXByj8_148,0.5
labeled_linagora_cs_arabize,ما ماعطيتش لآ موضوع اهمية ماركزت معاه,جارتي ماطش موضوع اهميه مركزتش معه خطر في,5.427999973297119,youtube_85PgsvXByj8_149,1.0
labeled_linagora_cs_arabize,ي بلسم,الاول ما في باليش ا ت سمعت عادلي فمة,2.9240000247955322,youtube_85PgsvXByj8_150,1.0
labeled_linagora_cs_arabize,اكيد الشخص هذا عنده علاقة بمقتلج,جريمه اكيد الشخص هاذا عنده علاقه بمقتل,3.6449999809265137,youtube_85PgsvXByj8_151,0.5714285714285714
labeled_linagora_cs_arabize,انهي انت مادام تعرفو السيدهتا ولا تعرف,جهان انت مدام تعرف السيد هاذا ولا تعرف,4.72599983215332,youtube_85PgsvXByj8_152,0.625
labeled_linagora_cs_arabize,نعرف سيد,ملامح وك لا لا نعرفه السيد هاذا هاذا نعرفه,4.486000061035156,youtube_85PgsvXByj8_153,1.0
labeled_linagora_cs_arabize,ح اسمه ابراهيم عجوه شوهرا  ع,مليح اسمه ابراهيم عجوه شهرا احنا نعيط,5.986999988555908,youtube_85PgsvXByj8_154,0.5714285714285714
labeled_linagora_cs_arabize,براهيم عو ل حمتنا م سن,ابراهيم عجوه ولد حومتنا عمره ثمنية و عشرين سنه يخدم,5.486000061035156,youtube_85PgsvXByj8_155,1.0
labeled_linagora_cs_arabize,رض في بنك الدمفيم,ممرض في بنك الدم في محافظه,2.5239999294281006,youtube_85PgsvXByj8_156,0.6666666666666666
labeled_linagora_cs_arabize,سمع لي,الاسماعيليه,0.7200000286102295,youtube_85PgsvXByj8_157,2.0
labeled_linagora_cs_arabize,الشرطة مش تحل كتاب علي إبراهيم هذا,والشرطه تحل كتاب على ابراهيم هاذا تحاول,4.64300012588501,youtube_85PgsvXByj8_158,0.8571428571428571
labeled_linagora_cs_arabize,شكون مش اكتشفالقيقة,تعرف شكون تكتشف الحقيقه,2.5850000381469727,youtube_85PgsvXByj8_159,0.75
labeled_linagora_cs_arabize,لأنه ما يعرفش العائلة,انه ما هو ش ما يعرفش العائله ما يعرفش,6.309000015258789,youtube_85PgsvXByj8_160,0.7777777777777778
labeled_linagora_cs_arabize,ما يعرف اولادها,جيهان ما يعرفش اولادها,2.8440001010894775,youtube_85PgsvXByj8_161,0.5
labeled_linagora_cs_arabize,وأنه الحقيقة لبس عليه,وانه الحقيقه لاباس عليه ماديا,2.624000072479248,youtube_85PgsvXByj8_162,0.8
labeled_linagora_cs_arabize,بالتالي ينجم يكون علاقته بالموضوع,بالتالي ينجم يكون علاقته بالموضوع انسان,4.658999919891357,youtube_85PgsvXByj8_163,0.16666666666666666
labeled_linagora_cs_arabize,لا يعرفها لا يعرف رجلها لا يعرف أولادها,لا يعرفها لا يعرف رجلها لا يعرف اولادها,3.6640000343322754,youtube_85PgsvXByj8_164,0.125
labeled_linagora_cs_arabize,فيش ماش تحلو البيب ثم فرضن سيد ذا جابش يسر,كيفاش ز تحل الباب ثم فرضا السيد جاش يسرق,3.759999990463257,youtube_85PgsvXByj8_165,1.0
labeled_linagora_cs_arabize,يلي باش يسرق تابلات وخاتم ج,لاباس عليه هوش يسرق تابلت وخاتم ب خمسمياة,4.006999969482422,youtube_85PgsvXByj8_166,0.75
labeled_linagora_cs_arabize,ن يم لجر,جنيه يما الجاره,5.388000011444092,youtube_85PgsvXByj8_167,1.0
labeled_linagora_cs_arabize,ال,غالطه ابراهيم ما عندوش علاقه بالجريمه ول,5.125999927520752,youtube_85PgsvXByj8_168,1.0
labeled_linagora_cs_arabize,ر   حا,الجاره تحب تخبي حاجه وتحط الحكايه في,7.400000095367432,youtube_85PgsvXByj8_169,1.0
labeled_linagora_cs_arabize,فمن قام بهذه الفعل الشنين,ابراهيم فمن قام بهذه الفعله الشنيعه في,6.0879998207092285,youtube_85PgsvXByj8_170,0.5714285714285714
labeled_linagora_cs_arabize,السيدة الطيبة هذا نشوفو تفاصيله,حق هاذي السيده الطيبه هاذا نشوفوا تفاصيله,4.039999961853027,youtube_85PgsvXByj8_171,0.8571428571428571
labeled_linagora_cs_arabize,الجء الثاني من حكايتنا لليلة,في الجزء الثاني من حكايتنا لليله,2.805000066757202,youtube_85PgsvXByj8_172,0.5
labeled_linagora_cs_arabize,كبحصرنك ريتترن,ثلاثة كبار ووحدة صغيرة,2.328000068664551,amenyKH_MIC0000001_mod_0000020_chunk_0000008_MIC00001_mod_20_chunk_8_0,1.0
labeled_linagora_cs_arabize,في اللانجار خوذ الكار نومرورة,في لنقار خوذ الكار نومرو عشرة,2.6480000019073486,ar--3574_1.wav_3574_1_0,0.5
labeled_linagora_cs_arabize,sreb vino,شراب,2.303999900817871,chreb_30431_0,2.0
labeled_linagora_cs_arabize,اجيعد,الجيران,0.7360000014305115,ar--2146_1.25.wav_2146_1.25_0,1.0
labeled_linagora_cs_arabize,مكتبة,مكتبا,1.0399999618530273,maktba_31609_0,1.0
labeled_linagora_cs_arabize,ninnajem naxed safut,منين انجم ناخذ سفود,2.303999900817871,TunSwitchTO_0000042_0000014_0000004_0000008tl_42_14_04_8tl_0,1.0
labeled_linagora_cs_arabize,شمهوا تشوف بلايص جدد تعرف على اعبيد جدد,ما هو تشوف بلايص جدد تعرف على عباد جدد,2.7760000228881836,amenyKH_La_Dépression_HM_0000004_denoised_Sync0000062_no_speaker_0000253.0000062_0000256.0000050_La_Dépression_HM_4_denoised_Sync062_no_speaker_253.62_256.50_0,0.3333333333333333
labeled_linagora_cs_arabize,自说,بلان سيزون,0.6000000238418579,ar--1086_1.5.wav_1086_1.5_0,1.0
labeled_linagora_cs_arabize,d as nemciu,باش نمشيو,1.3839999437332153,TunSwitchTO_0000069_0000015_0000034_0000009ym_69_15_34_9ym_0,1.5
labeled_linagora_cs_arabize,سنا بالنسبة ليا أنا مي سكان كاروتين ا اي  يس,ماي سكين كير روتين واز الوايز سو بايسك بنسبة ليا انا سينون,5.079999923706055,0000075_0000035_0000002_75_35_2_0,1.0
labeled_linagora_cs_arabize,وجيتو الشورفة البارح في الليان بتسمايلو,وليتو شرفة لبارح فالايام تتمايلوا,3.5199999809265137,youtube_mn0liIoy3OI_0,1.2
labeled_linagora_cs_arabize,عريبة حرفة حتي فاك لزري حالو,عريبة حرفة حتى في هاك الاجر يحايلو,3.5,youtube_mn0liIoy3OI_1,0.7142857142857143
labeled_linagora_cs_arabize,بلاد الكوري وسهرحلجودز وايلو,بلاد الكوري و السارح لي يقود زوايلوا,3.640000104904175,youtube_mn0liIoy3OI_2,0.7142857142857143
labeled_linagora_cs_arabize,واللي تعملق بنا تنجوموبيكوايلو,و الي تعلط بانت نجوموا في قوايلوا,3.4600000381469727,youtube_mn0liIoy3OI_3,1.0
labeled_linagora_cs_arabize,وين طيقك وين ماتعاك,و ين طريقك وين مسعاك,2.4800000190734863,youtube_mn0liIoy3OI_4,0.8
labeled_linagora_cs_arabize,وين مقبلين يحبو نولوكلاترك,لوين مقبلين يحبوا نولوا كي الاتراك,3.799999952316284,youtube_mn0liIoy3OI_5,0.8333333333333334
labeled_linagora_cs_arabize,شعبك كدوني وانتي لي بيوحشاك,شعبك الدوني و انتي الي باهي و حاشاك,3.359999895095825,youtube_mn0liIoy3OI_6,0.875
labeled_linagora_cs_arabize,لوسنا م تبع واليكسيلك ماغط,فلوسنا ما تشبع و الي كساك ما غطاك,2.9600000381469727,youtube_mn0liIoy3OI_7,1.0
labeled_linagora_cs_arabize,بلتربيلسربوسطالي,زيد سربيلوا شراب و زطالي,2.5999999046325684,youtube_mn0liIoy3OI_8,1.0
labeled_linagora_cs_arabize,لادتأزميسخبحلقو حالي,بلاد تازم يسخف حالك و حالي,3.4000000953674316,youtube_mn0liIoy3OI_9,0.8333333333333334
labeled_linagora_cs_arabize,يا مققيتن صايح مل مبروك وخالي,ياما خذيت نصايح من مبروك و خالي,3.5999999046325684,youtube_mn0liIoy3OI_10,0.8571428571428571
labeled_linagora_cs_arabize,طول باقير كستعلاه طولتتوالي,مطول باقي ركزت على طاولتي طوالي,3.5399999618530273,youtube_mn0liIoy3OI_11,1.0
labeled_linagora_cs_arabize,وشولي عبر وسكون اللي عزفوز فينا,و شكون لي عبر و شكون الي عشقوا الزيناء,3.5199999809265137,youtube_mn0liIoy3OI_12,0.8888888888888888
labeled_linagora_cs_arabize,روسك بارت مش ملعلفة م لفارينا,رؤوس كبارت مش مالعلفة مالفارينة,3.5199999809265137,youtube_mn0liIoy3OI_13,1.0
labeled_linagora_cs_arabize,مختبنا عارة كيف بتعبنا خدمنا زينا,ما حسبنا عار كيف تعبنا خدمنا دهينا,3.4800000190734863,youtube_mn0liIoy3OI_14,0.7142857142857143
labeled_linagora_cs_arabize,معشررجالومادهلتكلا ناثفيت فينا,معاشر رجال و ما تهزك الاناث في دفينة,3.680000066757202,youtube_mn0liIoy3OI_15,1.0
labeled_linagora_cs_arabize,هو يتعشى وانت شترنك,هو يتعشى و انتى اشطر,2.359999895095825,youtube_mn0liIoy3OI_16,0.6
labeled_linagora_cs_arabize,سن تخلف مانضربنشرنك,مئات سنا تخلف مان ظربنا الشر,3.5999999046325684,youtube_mn0liIoy3OI_17,0.8333333333333334
labeled_linagora_cs_arabize,ماتحزبهاش أمور ثقة مع بشرنك,ما تحسبهاش امور ثيقة مع بشر,3.2799999713897705,youtube_mn0liIoy3OI_18,0.8333333333333334
labeled_linagora_cs_arabize,وقتتفكر كيب كل واحد شd trik,وقت تحك الركايب كل واحد يشد طريقه,3.380000114440918,youtube_mn0liIoy3OI_19,0.7142857142857143
labeled_linagora_cs_arabize,فرسعد يولا ف يوم واحد من كارك,برشا عديا ولا فيهم واحد من كارك,3.5199999809265137,youtube_mn0liIoy3OI_20,0.5714285714285714
labeled_linagora_cs_arabize,بل ما تعمل عيله تعلم ربي صغارك,قبل ما تعمل عيلة تعلم ربي صغارك,3.5,youtube_mn0liIoy3OI_21,0.2857142857142857
labeled_linagora_cs_arabize,تهملروحك يتلهالك بيها شعرك,همل روحك يتلهالك بيها جارك,3.5399999618530273,youtube_mn0liIoy3OI_22,0.6
labeled_linagora_cs_arabize,مش يانك حافي ولا معاشرتك فيالمارك,مشيانك حافي و لا معاشرتك فالمارك,3.4600000381469727,youtube_mn0liIoy3OI_23,0.8333333333333334
labeled_linagora_cs_arabize,وار,عبارك,1.1799999475479126,youtube_mn0liIoy3OI_24,1.0
labeled_linagora_cs_arabize,طيسبعيد موشي هوني,تقيسوا بعيد و موشي هوني,2.4200000762939453,youtube_mn0liIoy3OI_25,0.6
labeled_linagora_cs_arabize,جامطويلة ما تفكيركم مزوني,جهامة طويلة اما تفكيركم ميزوني,3.5199999809265137,youtube_mn0liIoy3OI_26,0.8
labeled_linagora_cs_arabize,مش بالحيلة نرابي وماتصنفني دوني,مش بالحيلة نرابي و ما تصنفني دوني,3.5199999809265137,youtube_mn0liIoy3OI_27,0.42857142857142855
labeled_linagora_cs_arabize,ماكن تضمرين وماركين كلمونجيلعوني,ماكم ضامرين و مارقين كي المنجي العوني,3.5999999046325684,youtube_mn0liIoy3OI_28,1.0
labeled_linagora_cs_arabize,وشمسك ماتطلعه انهاري,و شمسك ما تطلع نهاري,2.5399999618530273,youtube_mn0liIoy3OI_29,1.0
labeled_linagora_cs_arabize,مش الرز اللي تتقسب بالمساري,مش الرجلة الي تتقاس بالمصاري,3.559999942779541,youtube_mn0liIoy3OI_30,0.8
labeled_linagora_cs_arabize,طبع جريم و منطيب خشيبي داري,طبعي كريم و ما نضيف خرشي في داري,3.4600000381469727,youtube_mn0liIoy3OI_31,0.75
labeled_linagora_cs_arabize,كل شي في وقت و مش مزروب باش ناخد تاريق,كل شئ في وقتو مش مزروب باش ناخوا بطاري,3.640000104904175,youtube_mn0liIoy3OI_32,0.5555555555555556
labeled_linagora_cs_arabize,مش نزرب بس ناخو تاري,مش مزروب باش ناخوا بطاري,2.240000009536743,youtube_mn0liIoy3OI_33,0.8
labeled_linagora_cs_arabize,مش مزروب بش ناخد تعريق,مش مزروب باش ناخوا بطاري,2.4600000381469727,youtube_mn0liIoy3OI_34,0.6
labeled_linagora_cs_arabize,مش مسروب باش ناخد ت,مش مزروب باش ناخوا بطاري,2.059999942779541,youtube_mn0liIoy3OI_35,0.6
labeled_linagora_cs_arabize,بلاد اللي ماتعيش منجيب فيها صغاري,بلاد الي ما تعيش ما نجيب فيها صغاري,3.9200000762939453,youtube_mn0liIoy3OI_36,0.625
labeled_linagora_cs_arabize,بالحق فما فور هو صغير عىلخر تقولي تيشنيةمش,بالحق فمة افور هو صغير عالاخر تقلي تي شنيا,3.319999933242798,0000027_0000296_0000003_27_296_3_0,0.6666666666666666
labeled_linagora_cs_arabize,شباب معايش جدي يسكت ل حق,شباب ما عادش يقد يسكت على حق,2.0799999237060547,amenyKH_tataouine__for_acoustic_analysis_Sync0000585_no_speaker_0002384.0000036_0002386.0000044_tataouine__for_acoustic_analysis_Sync585_no_speaker_2384.36_2386.44_0,0.5714285714285714
labeled_linagora_cs_arabize,ودولة توفما ناس تخرج قولك,ودولة توا فمة ناس تخرج تقوللك,1.6640000343322754,amenyKH_tataouine__for_acoustic_analysis_Sync0000063_no_speaker_0000619.0000037_0000621.0000004_tataouine__for_acoustic_analysis_Sync063_no_speaker_619.37_621.04_0,0.5
labeled_linagora_cs_arabize,المستواء في الرجاء رفع مستوى الأعمال الدرامية حتى لا يجد مثل هذا الشخص مكان فيها والسلام,المستوى في الرجاء رفع مستوى الاعمال الدرامية حتى لا يجد مثل هاذا الشخص مكان فيها و السلام,7.239999771118164,TunSwitchTO_0000077_0000020_0000011_0000001tp_77_20_11_1tp_0,0.29411764705882354
labeled_linagora_cs_arabize,ماللي يعطيلي كساخر,بالله اعطيني كاس آخر,1.2319999933242798,TunSwitchTO_0000058_0000011_0000015_0000145_58_11_15_145_0,1.0
labeled_linagora_cs_arabize,umcarata oshor,وين محطة الكار متاع اكسفورد,1.8559999465942383,TunSwitchTO_0000036_0000022_0000019_hpw_36_22_19_hpw_0,1.0
labeled_linagora_cs_arabize,عالية واحنا قاعدين تناقشوا في موضوع معين ومهم فين تشوف فيهم الاستفزاز والتفاهم,في زمان بكرى كانوا الناس متربيين اكثر من اليوم و كل حد وقدرو و الكبير يقدر,4.74399995803833,TunSwitchTO_0000062_0000021_0000039_sn0000003_62_21_39_sn3_0,1.0
labeled_linagora_cs_arabize,الثوم,الثوم,0.6399999856948853,ar--1648_1.wav_1648_1_0,0.0
labeled_linagora_cs_arabize,حاجة ياسر عجبتني اللي هي الباطرياركاه,في ال باترياركا حاجة ياسر عجبتني الي هيا ال,4.184000015258789,0000076_0000106_0000002_76_106_2_0,0.6666666666666666
labeled_linagora_cs_arabize,أکید ما کریزیروی تاولہ لیل ما ستونوس اماس بشنجی م خرب نوا,اكيدا معاك ريزارفيت طولة لليلة مع الستة و نصف اما سامحني باش نجي امخر بنصف ساعة,7.320000171661377,TunSwitchTO_0000046_0000022_0000021_egy_46_22_21_egy_0,1.0
labeled_linagora_cs_arabize,فميش روليشنشيب تمشي كان ماتقعدوش تحكيو في أي حاجة حتى فريندشيبس حتى أي معناها كونكشن بالعباد لازمكم متوك,ما فماش ريلاسيونشيب تمشي كان ما تقعدوش و تحكيو في ايه حاجة حتى فريندشيب حتى ايه معناها كونكسيون متاع بالعباد لازمكم يو تولك,11.984000205993652,0000662_0000960_0000000_662_960_0_0,0.5652173913043478
labeled_linagora_cs_arabize,مافماش طريقة,ما فماش طريقة,1.472000002861023,0000022_0000063_22_63_0,0.6666666666666666
labeled_linagora_cs_arabize,elflus lliɛan aqrabin dular ltlata menis,الفلوس الي عندنا قرابت خمسين دولار لثلاثة من ناس,4.079999923706055,TunSwitchTO_0000085_0000000_0000011_ikf_85_00_11_ikf_0,1.0
labeled_linagora_cs_arabize,في كل سالة ثم حاوية للورق القديم واحدة للبلاستيك واحدة للبلار واحدة للبيقي,في كل صالة فمة حاوية للورق القديم واحدة للبلاستيك واحدة للبلار واحدة للباقي,12.847999572753906,ar--3183_0.75.wav_3183_0.75_0,0.23076923076923078
labeled_linagora_cs_arabize,شنو الواعز ذ كل شيء نجم يكون عنده أهمية,شنوا الواعز هذايا كل شيء ينجم يكون عندو اهمية,2.992000102996826,amenyKH_0000006_0000006_0002012_partie0000003_chunk_0000135_06_06_2012_partie3_chunk_135_0,0.5555555555555556
labeled_linagora_cs_arabize,يدخلا درجين يدخل لسوس,حداش و حداش ودرجين يدخل آه يدخل لسوسة الحداش ودرجين يدخل لسوسة,4.136000156402588,amenyKH_MIC0000001_mod_0000015_chunk_0000005_MIC00001_mod_15_chunk_5_0,0.9166666666666666
labeled_linagora_cs_arabize,baha,برشا,0.5440000295639038,ar--1527_1.5.wav_1527_1.5_0,1.0
labeled_linagora_cs_arabize,صدقني أنه إذا كان هالمسلسل هذا يمشي فالبلاد باش تخرب لأنو في أفريل بشولي عدنا مليون بطاله أنا ذاك البلاد تنفجر,صدقني انو اذا كان هال المسلسل هاذا يمشي ف البلاد باش تخرب لانو في افريل باش يولي عندنا مليون بطال وآنذاك البلاد تنفجر,6.960000038146973,amenyKH_0000002_chunk_0000093_002_chunk_93_0,0.6521739130434783
labeled_linagora_cs_arabize,dيma,الدقنونة,0.6240000128746033,ar--2173_1.5.wav_2173_1.5_0,1.0
labeled_linagora_cs_arabize,ممتاز,ممتاز,0.8399999737739563,ar--2334_1.wav_2334_1_0,0.0
labeled_linagora_cs_arabize,الفكرة,الفكرة,0.8399999737739563,ar--1160_0.75.wav_1160_0.75_0,0.0
labeled_linagora_cs_arabize,نهار سبت الصباح شدو الثنية بعد ساعتين وصلوا,نهار السبت الصباح شدو الثنية بعد ساعتين وصلو,4.927999973297119,ar--3231_1.wav_3231_1_0,0.25
labeled_linagora_cs_arabize,الدم,الدم,0.7599999904632568,ar--2190_1.wav_2190_1_0,0.0
labeled_linagora_cs_arabize,بعد كل شي اللون معجبنيش نجم لرجعة,بعد كل شيء اللون ما عجبنيش انجم نرجعه,2.871999979019165,TunSwitchTO_0000019_0000000_0000012_0000053p_19_00_12_53p_0,0.625
labeled_linagora_cs_arabize,مانيش عارف هزيد ش معايتباش كافير خرجة بثلاثة جمعات,ما ني ش عارف هزيتشي معايا دبش كافي لخرجة بثلاثة جمعات,4.392000198364258,TunSwitchTO_0000012_0000020_0000053_gt0000009_12_20_53_gt9_0,0.7272727272727273
labeled_linagora_cs_arabize,حتى لو كان عندك ثم عباد عندهم سا ياسر صغير وكل الكا راي مهيش بالبيت ولا اللا خذ ا صغير قل هذا,و حتى لو كانك عندك فمة عباد عندهم اسباس ياسر صغير و كل بال كوان راهي ما هي ش بالبيت و الا نون خوذ كوان صغير قول هاذا,9.456000328063965,0000027_0000298_0000001_27_298_1_0,0.6785714285714286
labeled_linagora_cs_arabize,يجي يحضر لا sاسion dمانtring متاعو من بعد عنده نعيطو لهم احنا بusinsس سpرint,يجي يحضر لا سيشن دي مونيتورينق متاعو من بعد عندو نعيطولهم احنا لي بيزنيس سبرينت,4.74399995803833,0000004_0000018_4_18_0,0.6
labeled_linagora_cs_arabize,سمعوا بالموضوع,جمع بالموضوع,0.6480000019073486,amenyKH_Hkayet_Tounsia_S0000001_Episode_0000017_0000020_0000003_0002017_Partie_0000003_Sync0000235_no_speaker_0003255.0000040_0003256.0000008_Hkayet_Tounsia_S01_Episode_17_20_03_2017_Partie_03_Sync235_no_speaker_3255.40_3256.08_0,0.5
labeled_linagora_cs_arabize,شبيهذا تماني فيالدار هذي ربع ساعة ن- برسونلمونت نخمم أنو,شنيا هاذايا تي ماني في الدار ربيع ساعة نقراه نركحو بيرسونالمون نخمم انو,5.415999889373779,0000027_0000082_0000000_27_82_0_0,0.8461538461538461
labeled_linagora_cs_arabize,الطالب,الطالب,0.7440000176429749,ar--2325_1.wav_2325_1_0,0.0
labeled_linagora_cs_arabize,معنتا مكنتش نخام في حاجات هك,معنتها ما كنتش نخمم في حاجات هكة انا,1.6239999532699585,amenyKH_Hkayet_Tounsia_S0000001_Episode_0000004_0000019_0000012_0002016_Partie_0000002_Sync0000130_no_speaker_0000873.0000087_0000875.0000048_Hkayet_Tounsia_S01_Episode_04_19_12_2016_Partie_02_Sync130_no_speaker_873.87_875.48_0,0.75
labeled_linagora_cs_arabize,وعلى آله وصحابته ومن والاه,و على آله وصحابته و من والاه,3.3440001010894775,amenyKH_0000001_chunk_0000002_001_chunk_2_0,0.5714285714285714
labeled_linagora_cs_arabize,هدي حكاية جديدة محكهاش العربي,هاذي حكايه جديده ما احكيهاش العرمي نص,3.806999921798706,youtube_ih7qLEAPAWE_0,1.0
labeled_linagora_cs_arabize,بأحميدة منتاج وإخراج محمد بوقطايا,عماد بن حميده مونتاج واخراج محمد بوقطايه,3.2039999961853027,youtube_ih7qLEAPAWE_1,0.8571428571428571
labeled_linagora_cs_arabize,تقديم محمد الصياري,تقديم محمد السياري,1.3831000328063965,youtube_ih7qLEAPAWE_2,0.3333333333333333
labeled_linagora_cs_arabize,يحكهعسلانلا يحكلقحك,يحكي ولا سلطان لا يحكم لا يقر باحكام,4.045000076293945,youtube_ih7qLEAPAWE_3,1.0
labeled_linagora_cs_arabize,متورك علي العرش,يا متوررك على العرش,1.5829999446868896,youtube_ih7qLEAPAWE_4,0.75
labeled_linagora_cs_arabize,باش يضحكو,ودجالو باش يضحكوا يا متوسد,3.2839999198913574,youtube_ih7qLEAPAWE_5,0.8
labeled_linagora_cs_arabize,بتلحريم,في بيت الحريم,0.7609999775886536,youtube_ih7qLEAPAWE_6,1.0
labeled_linagora_cs_arabize,لأمور الرعية لا تهم ولا تعنيه,امور الرعيه لا تهم ولا تعنيه وما تسمع من,4.10699987411499,youtube_ih7qLEAPAWE_7,0.5555555555555556
labeled_linagora_cs_arabize,وصلت مادخولش عليها مبنيه ل,العنكوش وصلت لا تقولش عليها مبنيه على,4.185999870300293,youtube_ih7qLEAPAWE_9,0.5714285714285714
labeled_linagora_cs_arabize,عشان منصنكل يوم تصبح في,راس كلب عشان يتصنت كل يوم تسبح في شان,4.386000156402588,youtube_ih7qLEAPAWE_10,0.6666666666666666
labeled_linagora_cs_arabize,ول نهار خير منخور,ولا نهار خير من خوه,1.2419999837875366,youtube_ih7qLEAPAWE_11,0.6
labeled_linagora_cs_arabize,علاش ماتقولش أنو هكا سلطان كل يوم,علاش ما تقولش انه هكذا السلطان كل يوم,3.625,youtube_ih7qLEAPAWE_12,0.625
labeled_linagora_cs_arabize,عنده عادة يدور بيه زيرو الأكبر ومعاه,عنده عاده يدور به زيرولاكبر ومعاه,3.7850000858306885,youtube_ih7qLEAPAWE_13,0.6666666666666666
labeled_linagora_cs_arabize,ممران يعني أمير أمراء الجيش,الميم ميران يعني امير امراء الجيش,2.9639999866485596,youtube_ih7qLEAPAWE_14,0.6666666666666666
labeled_linagora_cs_arabize,قية الوزراء او يعمل بهم ديوان,وبقيت الوزراء او كيعمل بيهم ديوان ديوان,4.8470001220703125,youtube_ih7qLEAPAWE_15,0.5714285714285714
labeled_linagora_cs_arabize,رجلية يبدأ ويهزو م الجابي ويحطوا في الخة,ورجليه يا بداو يهزو الجابر ويحطوا في,4.065999984741211,youtube_ih7qLEAPAWE_16,0.8571428571428571
labeled_linagora_cs_arabize,ب ن,الخابيه ومنها,1.2419999837875366,youtube_ih7qLEAPAWE_17,1.0
labeled_linagora_cs_arabize,وينكتوله وهاكا السلطان يتمرغد بالضحك,ينقتلوا وهكذا السلطان يتمرغد بالضحك,4.186999797821045,youtube_ih7qLEAPAWE_18,0.4
labeled_linagora_cs_arabize,هخدملا ول ولا ق,هاذيكه هيا الخدمه نتاعهم لا حول ولا قوه,3.6029999256134033,youtube_ih7qLEAPAWE_19,0.875
labeled_linagora_cs_arabize,وبل ما يبدأ عدهم بالوزير بالوزير,وقبل ما يبدا عندهم بالوزير بالوزير و من,3.2850000858306885,youtube_ih7qLEAPAWE_21,0.625
labeled_linagora_cs_arabize,بعد خزرلهم بالواحد بالواحد وعدهم من جديد,بعد خزرلهم بالواحد بالواحد وعدهم من جديد,3.1760001182556152,youtube_ih7qLEAPAWE_22,0.0
labeled_linagora_cs_arabize,وقاللهم مش ناقصين واحد الكلهم لا طول,وقال لهم مش ناقصين واحد كلهم تلفتوا,3.825000047683716,youtube_ih7qLEAPAWE_23,0.7142857142857143
labeled_linagora_cs_arabize,قالل صحيح ياسيدنا,لبعضهم وقالوا له صحيح يا سيدنا ناقصنا,4.085999965667725,youtube_ih7qLEAPAWE_24,0.8571428571428571
labeled_linagora_cs_arabize,ل ا ل,وزير القلم ما ثماش فرق سعوديه قال لهم,3.815999984741211,youtube_ih7qLEAPAWE_25,1.0
labeled_linagora_cs_arabize,فو في السراي وطلعوه من تحت الارض,شوفوه في السرايا وطلعوه من تحت الارض,4.566999912261963,youtube_ih7qLEAPAWE_26,0.2857142857142857
labeled_linagora_cs_arabize,لوزير الاتمر بعثلو الدارو ملقاوشي,الوزير الاكبر ابعث له الداره ما لقاوش,3.0850000381469727,youtube_ih7qLEAPAWE_27,1.0
labeled_linagora_cs_arabize,حباب شلتوالخاصة ليمسسانس يمشيله,واحبابه وشلته الخاصه لمسانس يمشي,2.944999933242798,youtube_ih7qLEAPAWE_29,1.0
labeled_linagora_cs_arabize,بقاو يلوجو حتى لينطلع اصباح,حتى خبر ابقوا يلوجو حتى لي نطلع الصباح,3.4049999713897705,youtube_ih7qLEAPAWE_30,0.75
labeled_linagora_cs_arabize,نش,وما بانش,0.5809999704360962,youtube_ih7qLEAPAWE_31,1.0
labeled_linagora_cs_arabize,سلطان من غدوة لم الديوان,السلطان من غدوه لما الديوان اوكي جاي,3.6050000190734863,youtube_ih7qLEAPAWE_32,0.7142857142857143
labeled_linagora_cs_arabize,ثبت في الوزرةء الحاضرين يلقى فيهم وحداغر,يثبت في الوزراء الحاضرين يلقى فيهم وحده,3.7260000705718994,youtube_ih7qLEAPAWE_33,0.42857142857142855
labeled_linagora_cs_arabize,niqes uzr lebḥer qalalmwin kief kif,غير ناقص وزير البحر قال لهم وينو كيف كيف,4.50600004196167,youtube_ih7qLEAPAWE_34,1.0
labeled_linagora_cs_arabize,⁇ يحتو متماش والدنيا تقلبت عليه بر وبحر,ريحته ما ثماش و الدنيا تقلبت عليه بر وبحر,4.00600004196167,youtube_ih7qLEAPAWE_35,0.5555555555555556
labeled_linagora_cs_arabize,لا القاوة,ولا القهوه,0.7599999904632568,youtube_ih7qLEAPAWE_36,1.0
labeled_linagora_cs_arabize,في حى,ولا في حتى,0.781000018119812,youtube_ih7qLEAPAWE_37,0.6666666666666666
labeled_linagora_cs_arabize,ثالث نهار تلمك الدوان بحد السلطان,وثالث نهار تلمت الديوان بعد السلطان,3.184999942779541,youtube_ih7qLEAPAWE_38,0.6666666666666666
labeled_linagora_cs_arabize,المرة هذه اللي ماجاش هو وزير الأعمالة,والمره هاذي الي ما جاش هو وزير العماله,2.8239998817443848,youtube_ih7qLEAPAWE_39,0.75
labeled_linagora_cs_arabize,وهكا كانو يسميه وزير الداخلية ي,وهكذا كانوا يسموه وزير الداخليه فيها,2.4049999713897705,youtube_ih7qLEAPAWE_40,0.8333333333333334
labeled_linagora_cs_arabize,زمaن,كي الزمان,0.5210000276565552,youtube_ih7qLEAPAWE_41,1.0
labeled_linagora_cs_arabize,سقال لعب ولا بعشان,السلطان قال شنوا هو اللعب ولا بعشنا لم,4.546000003814697,youtube_ih7qLEAPAWE_42,0.875
labeled_linagora_cs_arabize,بدالعسكر الكل وقاللهم اتطلعوا لي,ضباط العسكر الكل وقال لهم اطلعوا لي,3.1459999084472656,youtube_ih7qLEAPAWE_43,0.7142857142857143
labeled_linagora_cs_arabize,لزرة,الوزراء,0.5609999895095825,youtube_ih7qLEAPAWE_44,1.0
labeled_linagora_cs_arabize,كيفاش مابين نهار وليل ذابوكالملحة,كيفاش ما بين نهار وليله ذئب و كل ملحه,2.7850000858306885,youtube_ih7qLEAPAWE_45,0.7777777777777778
labeled_linagora_cs_arabize,,تخرجوهم لي ما,0.9020000100135803,youtube_ih7qLEAPAWE_46,1.0
labeled_linagora_cs_arabize,ز  ال الت,يلقاهم نزيدو في الرتبه والراتب ونزوجوا,3.7260000705718994,youtube_ih7qLEAPAWE_47,1.0
labeled_linagora_cs_arabize,حريي,من حريمي,0.5609999895095825,youtube_ih7qLEAPAWE_48,1.0
labeled_linagora_cs_arabize,لك ضباط خرجوا بزوايلهم وكرارسهم,هكذا ضباط خرجوا بزوايلهم وكرارسهم ولا,3.9649999141693115,youtube_ih7qLEAPAWE_49,0.3333333333333333
labeled_linagora_cs_arabize,وهمغاغر وتغاغر ولا غيب ولا جبولات,خلاوهم مغاغر ودغاغر ولا غيبولات ما,3.565000057220459,youtube_ih7qLEAPAWE_50,1.0
labeled_linagora_cs_arabize,akter cime ddwameswaddhliz,فرقسوهمش اكثر شيء ما الدوامس و الدها ليز,3.424999952316284,youtube_ih7qLEAPAWE_51,1.0
labeled_linagora_cs_arabize,لر لخ,ولابيار المهجوره و الخرب فرسوهم الوزير,4.625999927520752,youtube_ih7qLEAPAWE_52,1.0
labeled_linagora_cs_arabize,مافماش لا بانوزير لقلم لاوزير,ريحته ما فماش لا بانوازير القلم لوزير,3.885999917984009,youtube_ih7qLEAPAWE_53,0.8571428571428571
labeled_linagora_cs_arabize,حرر لوزير الأعمالة,البحر لوزير العماله,1.4630000591278076,youtube_ih7qLEAPAWE_54,0.6666666666666666
labeled_linagora_cs_arabize,ر شي في سيناخر,بعد هالاخبار الشينا ولا في سين اخرى قال,3.825000047683716,youtube_ih7qLEAPAWE_55,0.875
labeled_linagora_cs_arabize,ا مرت  لا,لهم كيفاش ما لقيتهمش هاذا كلام آش باش,2.884999990463257,youtube_ih7qLEAPAWE_56,1.0
labeled_linagora_cs_arabize,زاد,يوليو زاده,0.5920000076293945,youtube_ih7qLEAPAWE_57,1.0
labeled_linagora_cs_arabize,علاش متقولش انو مابينك العسكر ثما يلدش,علاش ما تقولش انه ما بينك العسكر ثم يلدش,4.565999984741211,youtube_ih7qLEAPAWE_58,0.6666666666666666
labeled_linagora_cs_arabize,معناها جندي ابقى يسأل من بلاصة لبلاسة,معناها جندي ابقى يسال من بلاصه لبلاصه,3.6449999809265137,youtube_ih7qLEAPAWE_59,0.42857142857142855
labeled_linagora_cs_arabize,تخلد غاغر مايجيوش البال الشيطان,وتخلت غاغر ما يجيوش البال الشيطان حتى,3.8450000286102295,youtube_ih7qLEAPAWE_60,0.5714285714285714
labeled_linagora_cs_arabize,طهبشايب دلو على دويلة غابرة وم,لين طاحب شايب دلوا على دويره غابره في,4.366000175476074,youtube_ih7qLEAPAWE_61,0.875
labeled_linagora_cs_arabize,غيب قالوا يا ولدي راني كل يوم نشوف يي,بعض الغيب قالوا يا ولدي راني كل يوم نشوف,4.125999927520752,youtube_ih7qLEAPAWE_62,0.3333333333333333
labeled_linagora_cs_arabize,رسا,فيك الروسه ماشي,1.843999981880188,youtube_ih7qLEAPAWE_63,1.0
labeled_linagora_cs_arabize,هكليولدج قال يلزمني نط,ترجع هكذا يلزمني نطلع,3.24399995803833,youtube_ih7qLEAPAWE_64,0.75
labeled_linagora_cs_arabize,شلهاكالغابة وتخب مابين الجر,ومشى لها الغابه وتخبى ما بين الجرر,3.805000066757202,youtube_ih7qLEAPAWE_65,1.0
labeled_linagora_cs_arabize,يش العالي,و الحشيش العالي وفقايس,2.2019999027252197,youtube_ih7qLEAPAWE_66,0.75
labeled_linagora_cs_arabize,علاش متقولش اتعدات مديدة وهكا ليدش يشوف,علاش ما تقولش تعديت مديده وهكذا يشوف في,4.426000118255615,youtube_ih7qLEAPAWE_67,0.75
labeled_linagora_cs_arabize,موسة جاية يسوق فيها الباش خزنيجي بيدوم,كابوسه جايه يسوق فيها الباش خزناجي بيدو,3.8259999752044678,youtube_ih7qLEAPAWE_68,0.5714285714285714
labeled_linagora_cs_arabize,لسلطان معناها وزير الماليةه,متاع السلطان معناها وزير الماليه هكذا,3.765000104904175,youtube_ih7qLEAPAWE_69,0.6666666666666666
labeled_linagora_cs_arabize,قدامها كالدار وهت م,وقفت الزوايل متاعها الدار وهبط منها,2.5239999294281006,youtube_ih7qLEAPAWE_70,1.0
labeled_linagora_cs_arabize,až haزneźi,الباش خزناجي,0.8619999885559082,youtube_ih7qLEAPAWE_71,1.0
labeled_linagora_cs_arabize,وشافو كيفاش دق الباب متاع الدار حلتله,وشافو كيفاش دق الباب متاع الدار حلت له,3.6449999809265137,youtube_ih7qLEAPAWE_72,0.25
labeled_linagora_cs_arabize,حدا زين وعين يسبي الأنظار يقدو دلال عمر م,وحده زين وعين يسبي الانبار وقد دلال عمره,5.165999889373779,youtube_ih7qLEAPAWE_73,0.625
labeled_linagora_cs_arabize,شاف كيفها الحاصل لباش خزناجي دخل,ما شاف كيفها الحاصل الباش خزنه جديد خلوه,4.026000022888184,youtube_ih7qLEAPAWE_74,0.625
labeled_linagora_cs_arabize,ر بالسرقة فلفصل ار,يتفرج بالسرقه في الفصل الي صاير في,3.0260000228881836,youtube_ih7qLEAPAWE_76,1.0
labeled_linagora_cs_arabize,ستك الدار,وستكى الدار,0.7609999775886536,youtube_ih7qLEAPAWE_77,0.5
labeled_linagora_cs_arabize,نك طفلة شاب الياقوتة قاعدت هي,هيك الطفله شابه الياقوتا قاعده هيا,3.364000082015991,youtube_ih7qLEAPAWE_78,1.0
labeled_linagora_cs_arabize,لوزير حططله الفطور افطر تنهنه,وكالوزير حتى تلو الفطور افطر معناها,4.646999835968018,youtube_ih7qLEAPAWE_79,0.6666666666666666
labeled_linagora_cs_arabize,و ضحكو ومنها كلشاب العدالة,حكايه وضحكوا ومنها هكذا الشابه العداله,4.386000156402588,youtube_ih7qLEAPAWE_80,0.8333333333333334
labeled_linagora_cs_arabize,بتله عصاب قاللو با نحطهال,جابت له عصابه قالت له باش نحطها لك على,2.9639999866485596,youtube_ih7qLEAPAWE_81,1.0
labeled_linagora_cs_arabize,وانا بش نتخبق كان طلعتني وين نولي,عينيك و انا باش نتخبى كان طلعتني وين نولي,4.3460001945495605,youtube_ih7qLEAPAWE_82,0.5555555555555556
labeled_linagora_cs_arabize,حلالك ومالك وتعطي ماتكون كان ليك,يا حلالك ومالك وتعتي ما تكون كان ليك قال,4.586999893188477,youtube_ih7qLEAPAWE_83,0.5555555555555556
labeled_linagora_cs_arabize,زي قال,له زير قال لها,0.8820000290870667,youtube_ih7qLEAPAWE_84,0.75
labeled_linagora_cs_arabize,ميذة في عمر هذا,الغميضه في عمر هاذا,1.4830000400543213,youtube_ih7qLEAPAWE_85,0.5
labeled_linagora_cs_arabize,الحاصل تبسيمة منا تبسيمة من غادي,الحاصل تبسم منا تبسيمه من غادي,3.5250000953674316,youtube_ih7qLEAPAWE_86,0.3333333333333333
labeled_linagora_cs_arabize,دغديغة م ودحنيسة من غادي هكا الباش,الدغديغه منا ودحميسه من غادي هاك الباش,3.825000047683716,youtube_ih7qLEAPAWE_87,0.5714285714285714
labeled_linagora_cs_arabize,ازناجي تغمضت عينيه ولا ما يدل فيها حيره,خزناش يتغمضت عينيه ولا ما يدل فيها حيره,3.6649999618530273,youtube_ih7qLEAPAWE_88,0.25
labeled_linagora_cs_arabize,الغشير الصغير يجري من بلاصة لبلاصة,كل غشيره صغير يجري من بلاصه لبلاصه,3.4649999141693115,youtube_ih7qLEAPAWE_89,0.7142857142857143
labeled_linagora_cs_arabize,وهكذ شاب الياقوتة تجري وشايخ عليه بضحك,وهكذا شابه الياقوته تجري وشايخ عليه بضحك,4.02400016784668,youtube_ih7qLEAPAWE_90,0.42857142857142855
labeled_linagora_cs_arabize,لعسكري باقي تبع في اللقا,يعني العسكري باقي يتبع في اللقاء,2.884000062942505,youtube_ih7qLEAPAWE_91,0.6666666666666666
labeled_linagora_cs_arabize,حتى لينا كلأرد متاع بسط الدار تزعزعت,حتى لينك الارض متاع وسط الدار اتزعزعت,3.365000009536743,youtube_ih7qLEAPAWE_92,0.5714285714285714
labeled_linagora_cs_arabize,حيثشك,والحين تتشق,0.9020000100135803,youtube_ih7qLEAPAWE_93,1.0
labeled_linagora_cs_arabize,هاسبية لياقوتة,وهكذا الصبيه الياقوتا دخلت,1.9830000400543213,youtube_ih7qLEAPAWE_94,1.0
labeled_linagora_cs_arabize,العسكري يبقى يستنى عشاة العشية طاح الليل,العسكري يبقى يستنى عشيت العشيه تحليل,4.284999847412109,youtube_ih7qLEAPAWE_95,0.6666666666666666
labeled_linagora_cs_arabize,مخرجوش حتى ليطلع,قالوا يخرجوا ما خرجوش حتى لي نطلع عليه,3.865999937057495,youtube_ih7qLEAPAWE_96,0.875
labeled_linagora_cs_arabize,اصباح خلطت القائلة وريحتهم مفماش,الصباح خلطه القايله وريحتهم ما فماش,3.4860000610351562,youtube_ih7qLEAPAWE_97,0.8333333333333334
labeled_linagora_cs_arabize,ناك العسكري وهو لابت فوق اسطح,هاك العسكري وهو لابد فوق السطح وباقي,3.003999948501587,youtube_ih7qLEAPAWE_98,0.5714285714285714
labeled_linagora_cs_arabize,قطعش الأمل لربما يخرج من وسط الحيط,مقطعش الامل ربما يخرج من وسط الحيط واذا,4.247000217437744,youtube_ih7qLEAPAWE_99,0.5
labeled_linagora_cs_arabize,يه يسمع في حس بتاع كروسة جاية,به يسمع في حصه نتاع كروسه جايه,2.2829999923706055,youtube_ih7qLEAPAWE_100,0.7142857142857143
labeled_linagora_cs_arabize,تلفت يلقاه زيرة الحربية هلا هلا لو,اتلفت يلقاه زير الحربيه هل هلو,3.184999942779541,youtube_ih7qLEAPAWE_101,1.0
labeled_linagora_cs_arabize,نفس الحكاية صارت قدامه ضق الباب خرجتله,ونفس الحكايه صارت قدامه دق الباب خرجت له,4.145999908447266,youtube_ih7qLEAPAWE_102,0.625
labeled_linagora_cs_arabize,افتر ولعب معها الغمبيضة,افطر والعب معها الغميضه,2.2049999237060547,youtube_ih7qLEAPAWE_104,0.75
labeled_linagora_cs_arabize,غدوة كيف كيف جاوزير الشورة,من غدوه كيف كيف جى وزير الشورى,2.484999895095825,youtube_ih7qLEAPAWE_105,0.7142857142857143
labeled_linagora_cs_arabize,حتىلين كملت بالوزير الأكبر متاع السلطان,حتى لين كملت بالوزير الاكبر متاع السلطان,3.1050000190734863,youtube_ih7qLEAPAWE_106,0.42857142857142855
labeled_linagora_cs_arabize,يجري ساقيه أعلم الرأسو بايق,يجري ساقيه اعلى من راسه باش يقابل,3.2249999046325684,youtube_ih7qLEAPAWE_107,0.7142857142857143
labeled_linagora_cs_arabize,ويحكيله اليصار,السلطان ويحكي له على اليسار,2.1429998874664307,youtube_ih7qLEAPAWE_108,1.0
labeled_linagora_cs_arabize,دخل ملك عندي ما نحكي معه,ندخل الملك عندي ما نحكي معها دخلوني,3.065000057220459,youtube_ih7qLEAPAWE_109,0.5714285714285714
labeled_linagora_cs_arabize,,للملك,0.6209999918937683,youtube_ih7qLEAPAWE_110,1.0
labeled_linagora_cs_arabize,رس م خلاوهيقابلو لتلهش,الحراس ما خلاوه يقابله لما نبتلو الشعر,3.4059998989105225,youtube_ih7qLEAPAWE_111,1.0
labeled_linagora_cs_arabize,وقالو ياسينا راهي السبه فيها وما فيها,وقالوا ياسين راهي السبه فيها وما فيها,3.384000062942505,youtube_ih7qLEAPAWE_113,0.2857142857142857
labeled_linagora_cs_arabize,ر ل,على الوزراء تاعك واحكي له عني شافوا,3.1659998893737793,youtube_ih7qLEAPAWE_114,1.0
labeled_linagora_cs_arabize,التفسيل,بالتفصيل,0.5759999752044678,youtube_ih7qLEAPAWE_115,1.0
labeled_linagora_cs_arabize,سلطان من حين وهزك الروسة قال,السلطان من حين وهز كروسه وقال حد ما,3.6449999809265137,youtube_ih7qLEAPAWE_116,0.75
labeled_linagora_cs_arabize,يحتى نشوف شني الحكاية,يتبعني حتى نشوف شنوا هيا الحكايه,2.4240000247955322,youtube_ih7qLEAPAWE_117,0.8333333333333334
labeled_linagora_cs_arabize,السلطان شدثنية حتى لينص لك الغابة,السلطان شد الثنيه حتى لي نصلك الغابه,3.845099925994873,youtube_ih7qLEAPAWE_118,0.7142857142857143
labeled_linagora_cs_arabize,م هو كليلدش صفل اثنية بالتدقيق  حت,ومهوى كاليلدش وصف له ثنيه بالتدقيق حتى,3.825000047683716,youtube_ih7qLEAPAWE_119,0.8571428571428571
labeled_linagora_cs_arabize,صل قدامهاكالدار وحمحمت زوايلو اهبت م,لين قدام هكذا الدار وحمحمه زوايلو اهبط,4.125999927520752,youtube_ih7qLEAPAWE_120,1.0
labeled_linagora_cs_arabize,رس ودق الباب خرجتلو هك الصبية لي تسحر,من كروسته ودق الباب خرجت لها كسبيه لتسحر,4.927000045776367,youtube_ih7qLEAPAWE_121,0.875
labeled_linagora_cs_arabize,فترته منها قالت له ايا نلعب لعبة,للباب كثرته منها قالت له ايه نلعب لعبه,4.026000022888184,youtube_ih7qLEAPAWE_122,0.5
labeled_linagora_cs_arabize,بين عصابة وغمضتله عينيه وبدا يحاوز فيه,عجبين عصابه وغمضت له عينيه وبدايه حاوس,3.9059998989105225,youtube_ih7qLEAPAWE_123,1.0
labeled_linagora_cs_arabize,حتى لين دخلت في الحيط,فيها حتى لين دخلت في الحيط,1.7430000305175781,youtube_ih7qLEAPAWE_124,0.16666666666666666
labeled_linagora_cs_arabize,تدخل في جرتها وهكلحي تسر عيهم,ادخل في جرتها وهكذا الحين تتسكر عليهم,3.065000057220459,youtube_ih7qLEAPAWE_125,0.7142857142857143
labeled_linagora_cs_arabize,ضوب ما قدم يسمع في صوت كالرعد,الاثنين ودوم ما قدم يسمع في صوت الرعد,3.7049999237060547,youtube_ih7qLEAPAWE_126,0.375
labeled_linagora_cs_arabize,وإذا بيه غدمفر عينيه زاعزينحمر,واذا بيه غضم فرعينيه زاعزين احمر و النار,5.145999908447266,youtube_ih7qLEAPAWE_127,0.875
labeled_linagora_cs_arabize,مرا بك ياسلطان,تتناطر من فمة قال له مرحبا بك يا سلطان,4.947999954223633,youtube_ih7qLEAPAWE_128,0.8888888888888888
labeled_linagora_cs_arabize,في مملكة الجان,في مملكه الجان,1.1419999599456787,youtube_ih7qLEAPAWE_129,0.3333333333333333
labeled_linagora_cs_arabize,سلطان ترعب ولا يرعش كالقصبة في الريح,السلطان ترعب ولا يرعش كل قصبه في الريح,3.2249999046325684,youtube_ih7qLEAPAWE_130,0.375
labeled_linagora_cs_arabize,هو وقت اللي شاف الوزرة متاعه الكلهم قاعدين,اكثر هو وقت الي شاف الوزراء كلهم قاعدين,4.546000003814697,youtube_ih7qLEAPAWE_131,0.625
labeled_linagora_cs_arabize,را سلطان الجن,صفه وحده ورا سلطان الجان قال له هاذ مهام,4.063000202178955,youtube_ih7qLEAPAWE_132,0.8888888888888888
labeled_linagora_cs_arabize,الزرة متاعي,الوزره نتاعي اشياء,1.444000005722046,youtube_ih7qLEAPAWE_133,1.0
labeled_linagora_cs_arabize,,هاذا راهو مش معقول وما يجيش انت سلطان,3.6640000343322754,youtube_ih7qLEAPAWE_134,1.0
labeled_linagora_cs_arabize,تحب تحكم فالانس لاخر قالوماانس,الجان وتحب تحكم في الاخر قالوا اما انس,4.627999782562256,youtube_ih7qLEAPAWE_135,0.875
labeled_linagora_cs_arabize,كعي,تحكي عليهم,0.6420000195503235,youtube_ih7qLEAPAWE_136,1.0
labeled_linagora_cs_arabize,زيد حربيتك يشعل في النار ويقول الدخانم,وزير حربيتك يشعل في النار ويقول الدخان,3.947000026702881,youtube_ih7qLEAPAWE_137,0.2857142857142857
labeled_linagora_cs_arabize,سيد البحر يبيع في الريح للمراكب,وزير البحري يبيع في الريح للمراكب,2.7639999389648438,youtube_ih7qLEAPAWE_139,0.3333333333333333
labeled_linagora_cs_arabize,الباش خزناجي اللف عالخزنة والملمة,الباج خذ ناجي الافعى الخزنه والملمه,3.2660000324249268,youtube_ih7qLEAPAWE_140,1.0
labeled_linagora_cs_arabize,لفم,و الي فمة,0.6010000109672546,youtube_ih7qLEAPAWE_141,1.0
labeled_linagora_cs_arabize,وزير القلم جاهل ومستنطح,وزير القلم جاهل ومستنطرح,2.9040000438690186,youtube_ih7qLEAPAWE_142,0.25
labeled_linagora_cs_arabize,توزير الأعمالة يكمن في النفام,وزير الاعمال لا يكمل في الافام والكل,3.5450000762939453,youtube_ih7qLEAPAWE_143,0.8571428571428571
labeled_linagora_cs_arabize,أنا باش نلقى جنون خير م الجنو,تبيض في الكف انا باش نلق جنون غير مجنون,3.8350000381469727,youtube_ih7qLEAPAWE_144,0.8888888888888888
labeled_linagora_cs_arabize,ليعندك يا سلطان الإنس,الي عندك يا سلطان الانس,1.6629999876022339,youtube_ih7qLEAPAWE_145,0.6
labeled_linagora_cs_arabize,كنتم مع حكاية جديدة مع حكاهاس الأربي,كنتم مع حكايه جديده ما حكايهاش العروي نص,3.625999927520752,youtube_ih7qLEAPAWE_146,0.75
labeled_linagora_cs_arabize,بن حميدة منتاج وإخراج محمد بوقطايا,عماد بن حميده مونتاج واخراج محمد بوقتايه,3.2049999237060547,youtube_ih7qLEAPAWE_147,0.7142857142857143
labeled_linagora_cs_arabize,قديم محمد السياري,تقديم محمد السياري,1.3630000352859497,youtube_ih7qLEAPAWE_148,0.3333333333333333
labeled_linagora_cs_arabize,ش انيي,حداش وتسعة مية اه ايه شوف لي الفين شوف لي الفين,4.25600004196167,amenyKH_MIC0000001_mod_0000062_chunk_0000002_MIC00001_mod_62_chunk_2_0,1.0
labeled_linagora_cs_arabize,الدخان يخلي الراجل بالذات,الدخان يخلي الراجل بالذات,1.5839999914169312,amenyKH_0000006_0000006_0002012_partie0000003_chunk_0000058_06_06_2012_partie3_chunk_58_0,0.0
labeled_linagora_cs_arabize,الم الأوعة,المنوعة,1.1440000534057617,ar--2307_0.75.wav_2307_0.75_0,2.0
labeled_linagora_cs_arabize,ملوخية كلكروية فيصل الصمعي للتعليق على هذا الموضوع,اخضر كي الملوخية كي الكروية فيصل الصمعي للتعليق على هاذا الموضوع,3.6640000343322754,TunSwitchTO_0000076_0000022_0000022_0000004ns_76_22_22_4ns_0,0.5454545454545454
labeled_linagora_cs_arabize,آخر الكريم الأزمة الاقتصادية مازالت قايمة وامكانية قيم حرف سعبة برشا ف ربط الحال,اخي الكريم الازمة الاقتصادية مازالت قائمة و امكانية قيام حرب صعيبة برشا في الوقت الحالي,5.455999851226807,TunSwitchTO_0000051_0000009_0000011_x0000006t_51_09_11_x6t_0,0.7333333333333333
labeled_linagora_cs_arabize,من واجبنا معناها مش لازمنا نخدمو عليها والقانون متاع لفين و ثمنطاش حاجه باهيه وكل,من واجبنا معناها مش مي لازمنا نخدموا عليها و القانون متاع الفين و ثمنطاش حاجة باهية و كل,5.127999782562256,0000050_0000078_0000001_50_78_1_0,0.5
labeled_linagora_cs_arabize,يااخي من بعد حسيله قلتيا وقية أن تكبسو الولاد,ياخي من بعد حاصيلو قلت ايا وقيت نتكبسوا لولاد,4.015999794006348,0000027_0000038_0000001_27_38_1_0,0.7777777777777778
labeled_linagora_cs_arabize,ي و جغابا و ي  يمحي مج مع بزثين ل بلاف مف حتى بلاف,يل ريدويز لور امبرانت و يل بولو موان اي بروبوز دي برودوي افيك بوكو موان دومبالاج فوار وكان امبالاج,11.807999610900879,0000049_0000176_0000000_49_176_0_0,0.9473684210526315
labeled_linagora_cs_arabize,تقول ندخل بعض اتوتmnعlية اتو trhno,تقول اتو ندخل بعضي اتو يتمنيكوا على اتو درى شنوا,3.8559999465942383,amenyKH_Lanxiété_Sociale_HM_0000003_denoised_Sync0000030_no_speaker_0000117.0000036_0000121.0000020_Lanxiété_Sociale_HM_3_denoised_Sync030_no_speaker_117.36_121.20_0,0.7
labeled_linagora_cs_arabize,بيناقوصير أنيش معادي لرجال الأعمال أنا نعتبر اللي رجال الأعمال الشرفاء و لنزهاء ما عندهم علاش يجيوا يمدوا في لوس الحزب السياسي,بين قوسين راني ما ني ش معادي لرجال الاعمال انا نعتبر الي رجال الاعمال الشرفاء ونزهاء ما عندهم علاش يجيو يمدوا الفلوس لحزب سياسي,6.415999889373779,amenyKH_0000002_chunk_0000212_002_chunk_212_0,0.7083333333333334
labeled_linagora_cs_arabize,hyin,حنين,1.527999997138977,7nin_539_0,1.0
labeled_linagora_cs_arabize,русия,روسيا,0.8479999899864197,ar--1964_0.75.wav_1964_0.75_0,1.0
labeled_linagora_cs_arabize,ديما ونعرف اللي في الخدمة ديمفهم مشاكل هوم,كوروكر الي ذير كايندا ديسريسبكتفول تو يو اند ذير لايك كريتيكايزينق يو ديما و نعرف الي في الخدمة ديما فمة المشاكل هذوما,8.368000030517578,Melekher0000009_0000103_0000000_Melekher9_103_0_0,0.8636363636363636
labeled_linagora_cs_arabize,نأخذ شوكولات سخونة,ناخذ شكلاطة سخونة,1.3839999437332153,TunSwitchTO_0000088_0000011_0000026_0000001i0000001_88_11_26_1i1_0,0.6666666666666666
labeled_linagora_cs_arabize,حرفيا,حرفيا,1.503999948501587,ar--2222_0.75.wav_2222_0.75_0,0.0
labeled_linagora_cs_arabize,سحلي,صوت عالي,0.6639999747276306,ar--2377_1.5.wav_2377_1.5_0,1.0
labeled_linagora_cs_arabize,باش يلقى فيه الحاجات اللي يستحقهم اليوم النتربرنور التونسي عنده احتياجات خاصة,باش يلقى فيه الحاجات لي يستحقهم ليوما ل اونترابرونور التونسي عندو احتياجات خاصة,4.552000045776367,0000001_0000015_1_15_0,0.38461538461538464
labeled_linagora_cs_arabize,في عائلات ولا عائلة تمشيهكي,في عشرة عايلات ولا خمسطاش عايلة تمشي هكاكة,2.4000000953674316,amenyKH_0000004_chunk_0000047_004_chunk_47_0,0.75
labeled_linagora_cs_arabize,وم باسة كارثة أخرى مشكلة أخرى أنا عشتها في بريود تاع تسعينات نتصور كلكم نقبة الأوزون ثقب الأوزون موفي بالكم تسكر,اون باس كارثة اخرى مشكلة اخرى انا عشتها فال بيريود متاع التسعينات نتصور لكلكم نقبة الاوزون ثقب الاوزون ماو فيبالكم تسكر,8.015999794006348,0000038_0000021_0000001_38_21_1_0,0.6666666666666666
labeled_linagora_cs_arabize,السeرفور,السرفور,0.8560000061988831,ar--1488_1.wav_1488_1_0,1.0
labeled_linagora_cs_arabize,,منطولش عليكم,0.6159999966621399,0000020_0000033_20_33_0,1.0
labeled_linagora_cs_arabize,رuسي,روسي,0.5600000023841858,ar--1965_1.wav_1965_1_0,1.0
labeled_linagora_cs_arabize,الفاليناباش نحطلها قدسة ملح نخلط وعندي الخميرة الخميرة مش باش نحطو البركو الكلا,فرينه الفرينه باش نحطلها قرصه ملح نخلط وعندي الخميره الخميره مش باش نحطو الباكو الكل باش نحط,14.223999977111816,segment_0000982_segment_982_0,0.5882352941176471
labeled_linagora_cs_arabize,بيس نوبل,بيت دوبل,0.800000011920929,ar--1095_1.25.wav_1095_1.25_0,1.0
labeled_linagora_cs_arabize,تسعين في المية من النوتات اللي خذيتهم كانوا أحسن نوتات في الكلاس تنجموتتعمل م معناها عندك خبرة في الشيء ذاي تنس لعباد اللي كانت معايا بالحق معناها أنا في الباك ناجح بسعاش,مل نوتات الي خذيتهم كانوا احسن نوتات في الكلاس و تنجم انت تعمل روكبمون عندك خبرة في الشيء اذايا تسئل عباد خدمت معايا بالحق انا في الباك ناجح ب تسعة عش و آش,12.383999824523926,segment_0000192_segment_192_0,0.7272727272727273
labeled_linagora_cs_arabize,نرub  نجم تاخd الɣسil متاعك,نومرو بيتي ثلاثمياة و ستة و عشرين تنجم تاخذ الي الغسيل متاعي,4.51200008392334,TunSwitchTO_0000023_0000002_0000007_hkg_23_02_07_hkg_0,1.0
labeled_linagora_cs_arabize,فكرتها متاع التحرر من,فكرتها متاع التحرر من ال ال,3.944000005722046,0000050_0000153_0000000_50_153_0_0,0.3333333333333333
labeled_linagora_cs_arabize,كفا من بعد زيد تويبي بعثني آنا,كيفاش من بعد يزيد الطبيب يبعثني انا,2.384000062942505,amenyKH_0000008_chunk_0000107_008_chunk_107_0,0.7142857142857143
labeled_linagora_cs_arabize,يqs,يقيس,0.6800000071525574,ar--2439_1.wav_2439_1_0,1.0
labeled_linagora_cs_arabize,إحنا يمكن بعد الثورة,احنا يمكن بعد الثوره,1.503000020980835,youtube_4cUtuPEpn3I_0,0.5
labeled_linagora_cs_arabize,الخطأ الكبير كينحينا وكالة الاتصال الخارجي,الخطا الكبير كي نحينا وكاله الاتصال الخارجي,3.2639999389648438,youtube_4cUtuPEpn3I_1,0.5714285714285714
labeled_linagora_cs_arabize,أنا نعتبرها ضربة قاسمة,انا نعتبرها ضربه قاسمه,2.0940001010894775,youtube_4cUtuPEpn3I_2,0.75
labeled_linagora_cs_arabize,كان من المفروض أنه يقع إسلاحة وهيكلتها حتى تقوم بدورها الاتصالي إحنا في تونس,كان من المفروض انه يقع اصلاحها وهيكلتها حتى تقوم بدورها الاتصالي احنا في تونس,5.78000020980835,youtube_4cUtuPEpn3I_3,0.21428571428571427
labeled_linagora_cs_arabize,فم ضيعنا الجانب الاتصالي الخارجي والداخلي,فمة ضيعنا الجانب الاتصالي الخارجي والداخلي,4.455999851226807,youtube_4cUtuPEpn3I_4,0.16666666666666666
labeled_linagora_cs_arabize,خارجيا مانيش قاعدين نسوق لصورة جيدة لتونس,خارجيا مانش قاعدين نسوق لصوره جيده لتونس,4.723999977111816,youtube_4cUtuPEpn3I_5,0.42857142857142855
labeled_linagora_cs_arabize,للأسف لشديد صورتنا في الخارج سيئة جدا واليوم إحنا في حاجة إلى وكالة اتصال,للاسف الشديد صورتنا في الخارج سيئه جدا و اليوم احنا في حاجه الى وكاله اتصال,5.959000110626221,youtube_4cUtuPEpn3I_6,0.6
labeled_linagora_cs_arabize,خارجي حقيقي أيضا حتى داخليا,خارجي حقيقي ايضا حتى داخليا,3.5980000495910645,youtube_4cUtuPEpn3I_7,0.2
labeled_linagora_cs_arabize,فم انعدام من الثقة ثم شعور بالإحباط ثم شعور بلخو بالخوف م المستقبل وهذا خطير جدا راهو الشعور هذا,فمة انعدام الثقه فمة شعور بالاحباط فمة شعور بالخوف بالمستقبل و هاذا خطير جدا راه الشعور هاذا,9.493000030517578,youtube_4cUtuPEpn3I_8,0.7058823529411765
labeled_linagora_cs_arabize,عفانا وعفاكم الله كالسرطان إذا كان اضرب شعب راهو يكون عنده تداعيات لعقود على الوضع الاقتصادي والاجتري,عفان وعفاكم الله كالسرطان اذا كان ضرب شعب راه يكون عنده تداعيات لعقود على الوضع الاقتصادي ولاجتماعي بالضبة,9.845100402832031,youtube_4cUtuPEpn3I_9,0.3333333333333333
labeled_linagora_cs_arabize,يلزم يجري هداية الخوح والجدو,يلزم يشري هدايا الخوه و الجدو,4.015999794006348,ar--3304_0.75.wav_3304_0.75_0,0.8333333333333334
labeled_linagora_cs_arabize,عملنا غلطة فظيعة على المستوى الاتصالي أظفنا لها أنه ريس ف الحدث صار في جر باش مسك لريانة,عملنا غلطه فظيعه على المستوى الاتصالي اضفنا لها انه الرئيس الحدث صار في جربه شمهزك لاريانا,6.895999908447266,youtube_StiVaKMApb8_0,0.625
labeled_linagora_cs_arabize,أنت كانقلت جملة واحدة,انت كان قلت جمله واحده,1.2719999551773071,youtube_StiVaKMApb8_1,1.0
labeled_linagora_cs_arabize,أحنا تون أنا رئيس تونس بمسلميها ويهودها,احنا تون انا رئيس تونس بمسلمها و يهودها,3.6640000343322754,youtube_StiVaKMApb8_2,0.625
labeled_linagora_cs_arabize,راك أنت شفتك البارنتيs,راك انت شفت اكالبرونتاز,2.119999885559082,youtube_StiVaKMApb8_3,0.75
labeled_linagora_cs_arabize,الخايبة اللي ينظر لك بها العالم,الخايب الي ينظر لك بها العالم,1.7920000553131104,youtube_StiVaKMApb8_4,0.3333333333333333
labeled_linagora_cs_arabize,رك سكرتها في ثلاث جمل وراي تونس,راك سكرتها في ثلاثة جمل واظح وراهي تونس,3.3519999980926514,youtube_StiVaKMApb8_5,0.5
labeled_linagora_cs_arabize,دخلت وحلينا مشاكلالفمي ودخلنا في مرحلة أخرى أحنا وأختم,دخلت وحلينا مشاكل الافمي ودخلنا في مرحله اخرى احنا واختم,6.271999835968018,youtube_StiVaKMApb8_6,0.6
labeled_linagora_cs_arabize,في المسألة متاع جربة واحنا بدينا نحكيو عل الكرة تونس عملت كما الفريق,في المصل متاع جربه واحنا بدينا نحكي على الكره تونس عملت كما الفريق,5.015999794006348,youtube_StiVaKMApb8_7,0.38461538461538464
labeled_linagora_cs_arabize,اللي بدا لعب ثلاثين دقيقة لأولى نص ساعة لأولى المئتان لأولى باهية,الي بدا لعب تلاثين دقيقه لولا نص ساعه الاولى باهيه,4.631999969482422,youtube_StiVaKMApb8_8,0.9
labeled_linagora_cs_arabize,بلاغ من الداخلية يهبط بعد ثلاثة ساعات,بلاغ من الداخليه يهبط بعد ثلاثة ساعات,2.7360000610351562,youtube_StiVaKMApb8_9,0.14285714285714285
labeled_linagora_cs_arabize,خطاب الرئيس بعد ربعة عشرين ساعة كان مقبول كوركت أعطا فيه الثوابت ومنبعد انهيار تام,خطاب الرئيس بعد اربعة و عشرين ساعه كان مقبول كوريكت اعطى فيه الثوابت و من بعد انهيار تام,7.184000015258789,youtube_StiVaKMApb8_10,0.4444444444444444
labeled_linagora_cs_arabize,المحامي,المحامي,1.1360000371932983,ar--1759_0.75.wav_1759_0.75_0,0.0
labeled_linagora_cs_arabize,شوية هكنيكوتين م ويةقطران,شوية هكة نيكوتين وهكة فمة شوية قطران,2.4719998836517334,amenyKH_0000006_0000006_0002012_partie0000002_chunk_0000166_06_06_2012_partie2_chunk_166_0,0.8571428571428571
labeled_linagora_cs_arabize,ا ويلعبو لاسف شديد على صغرون اللي فكرشه ويلغها مع ي مجي جملة وحده ل مستحيل احلام قلتلها لاختي صقف هذك مدخلش تت قالت لصحتها مروا مستحيل نعمل فيملايك معت تى شي ااخي قال,لعبه ويلعبوا للاسف الشديد على صغرون الي في كرشها ويلغويه ما عادش يجي ما يجيش جمله واحده لا لا لا مستحيل احلام قالت لها لا يا اختي السقف هذاكة ما ندخلش تحتو قالت لصاحبتها مروى مستحيل نعمل هكاكة في ملايكه ما عملت حتى شيء يا اخي قالت لها,14.576000213623047,segment_0000386_segment_386_0,0.8541666666666666
labeled_linagora_cs_arabize,ولا,و الا يور يول بي لايك ايم سكيرد ايف ذاي,4.495999813079834,Melekher0000008_0000041_0000000_Melekher8_41_0_0,1.0
labeled_linagora_cs_arabize,ثم يقع التنقيص تدريجيا في كمية النيكوتين,فمة يقع التنقيص تدريجيا في كمية النيكوتين,3.2720000743865967,amenyKH_0000006_0000006_0002012_partie0000005_chunk_0000113_06_06_2012_partie5_chunk_113_0,0.14285714285714285
labeled_linagora_cs_arabize,أي المتحبيت هولي حب نشيب لبلاصة أخرى,اي اعما تعبات هوني تحب نمشيو لبلاصة اخرى,4.415999889373779,ar--3241_1.25.wav_3241_1.25_0,0.875
labeled_linagora_cs_arabize,والمجل ولدلهادي,و المنجي لولدو لهادي,1.0880000591278076,0000019_0000074_19_74_0,1.0
labeled_linagora_cs_arabize,شقن لحمدلهل لآ   اا   ا  جان,وقتاه دونك وان شاء الله ربي يوفقنا و الحمد لله قاعدين نقدموا بلقدا بلقدا هايل عالاخر لانسمون اوفيشال سيتاي ان جانفي دو ميل ديس ويت,11.991999626159668,0000026_0000014_0000000_26_14_0_0,1.0
labeled_linagora_cs_arabize,اللي باش ياخدو بها كاالسلير هذاكا والخوف هو اللي خليهم محصورين بالخدمة اللي بش ياخدو بها كالسلير هذاكا,الي باش ياخذوا بيها اكا ال سالير هذاكة و الخوف هو لي خلاهم محصورين بالخدمة الي باش ياخذوا بيها اكال سالير هذاكة,7.0960001945495605,0000034_0000039_0000001_34_39_1_0,0.8181818181818182
labeled_linagora_cs_arabize,موقف كان نسمع فيه قلية,ما وقفت كان نسمع فيه يقلي,1.7599999904632568,0000022_0000205_22_205_0,0.5
labeled_linagora_cs_arabize,بلخت شومسوصتو,مرحبا,1.6799999475479126,amenyKH_MIC0000001_mod_0000004_chunk_0000000_MIC00001_mod_4_chunk_0_0,2.0
labeled_linagora_cs_arabize,لdيش,القيشي,0.6240000128746033,ar--2229_1.25.wav_2229_1.25_0,1.0
labeled_linagora_cs_arabize,قاعد نتفرج فالماتش ومعايا شكون معناها نقولو شوف مثلا مثلا باي سمبل نيمار معاش شكون يكون,قاعدة نتفرج فال ماتش و معايا شكون معناها نقلوا شوف مثلا مثلا بار اكزامبل نايمار مع شكون يكور,8.112000465393066,Melekher0000009_0000040_0000002_Melekher9_40_2_0,0.6111111111111112
labeled_linagora_cs_arabize,كرة العرق مزال موجو عنا عصرية م مشكل لون,الي فكرة العرق مازالت موجودة عنا و الي العنصرية ما هي ش مشكلة لون,3.5999999046325684,0000050_0000009_0000000_50_9_0_0,0.7857142857142857
labeled_linagora_cs_arabize,والناس اللي فم والله ما عنده بشتفرق,و الناس الي فمة و الله ما عندها باش يتفرهد,1.7280000448226929,amenyKH_tataouine__for_acoustic_analysis_Sync0000041_no_speaker_0000320.0000097_0000322.0000073_tataouine__for_acoustic_analysis_Sync041_no_speaker_320.97_322.73_0,0.9
labeled_linagora_cs_arabize,نثبت عليه ديارنا هما زاد بلدان لحيوت ياخدو من ارواحنا ولا يمكن أحنا,نثبت عليه ديارنا هوما زادة بلدان الحيوط ياخذوا من ارواحنا ولا يمكن احنا,4.0320000648498535,TunSwitchTO_0000028_0000023_0000049_dys_28_23_49_dys_0,0.38461538461538464
labeled_linagora_cs_arabize,الكل محاولو مالقاوش نقل لك أنا سامحني ملي يتكلم في الكلام هذا كلوشراتوصايعين,الكلهم حاولو وما لقاوش نقلك انا سامحني ماللي يتكلم في الكلام هاذا كلوشارات و صايعين,5.880000114440918,TunSwitchTO_0000082_0000022_0000014_gfj_82_22_14_gfj_0,0.7333333333333333
labeled_linagora_cs_arabize,nezimije satin,انجم نجي الساعتين,1.312000036239624,TunSwitchTO_0000033_0000022_0000018_nph_33_22_18_nph_0,1.0
labeled_linagora_cs_arabize,عسلما شرمضاركم مبروك معاكم الشاف اسمه باي في حلقة جديدة من حاضر يززي كيما تفهمنا من اول حلقة شيم لوح,ع السلامه شهر رمضانكم مبروك معكم الشيف اسما باي في حلقه جديده من حاضر ازازي كيما تفهمنا من اول حلقه شيء ما نلوحوا كل شيء,13.784000396728516,segment_0000000_segment_0_0,0.64
labeled_linagora_cs_arabize,ثلث مبوبيت في كل قسم,ثلاثة انبوبات في كل قسم,1.7920000553131104,amenyKH_Partie0000008_chunk_0000053_Partie8_chunk_53_0,0.4
labeled_linagora_cs_arabize,à travailler sur l'industrie,ا ترافاي سور لانداستري كاتر بوينت زيرو,1.4639999866485596,0000008_0000060_8_60_0,1.0
labeled_linagora_cs_arabize,تخذ رسالة يعيشك,ياخي تنجم تاخذ رسالة يعيشك,1.7120000123977661,TunSwitchTO_0000011_0000000_0000010_x0000002b_11_00_10_x2b_0,0.6
labeled_linagora_cs_arabize,شارع رئيسي,الشارع الرئيسي,1.0640000104904175,ar--1333_1.25.wav_1333_1.25_0,1.0
labeled_linagora_cs_arabize,في أول جزء هذا باش نحاول نجاوب على بعض التساؤلات والأسئلة اللي جاتني,في اول الجزء هاذا باش نحاول نجاوب على بعض الاسئلة و التساؤلات الي جاتني,7.159999847412109,TunSwitchTO_0000085_0000001_0000018_0000000r0000004_85_01_18_0r4_0,0.5
labeled_linagora_cs_arabize,سمحني اللوج على كaبiنيه تليفونيq,سامحني نلوج على كابين تيليفونيك,2.9839999675750732,ar--3454_1.wav_3454_1_0,0.8
labeled_linagora_cs_arabize,المال,المال,0.6320000290870667,ar--2020_1.wav_2020_1_0,0.0
labeled_linagora_cs_arabize,تخمو فيالكرياسيزد لي تلقيتو نعم شكون منين جاي شني النوايا متاعو,تخمم فال كريتيزم لي تلقيتوه من عند شكون منين جاي شنيا النوايا متاعو,5.007999897003174,Melekher0000009_0000136_0000002_Melekher9_136_2_0,0.5384615384615384
labeled_linagora_cs_arabize,ذ خ   ل لحيمال لمث لي رم ي ل ال,فيولونس ذيس بيرسون بيينق مين تو اوذرز تو انيمال تو مثلا كيدز بالرغم الي اي هايت كيدز اما كان,12.02400016784668,0000662_0000047_0000000_662_47_0_0,1.0
labeled_linagora_cs_arabize,neشtikan wityan buxa wṣḥan fur mdames belkamun ubira tuns,نشتهي كان ويتيام بوخة و صحن فول مدمس بالكمون و بيرة تونسية,4.223999977111816,TunSwitchTO_0000014_0000021_0000046_tbs_14_21_46_tbs_0,1.0
labeled_linagora_cs_arabize,ن كام لماي ص كان عندكم ن وكان عندكم قلق وكل,اند كالم يور مايند سورتو كان عندكم انكسايتي و كان عندكم قلق و كل,4.263999938964844,Melekher0000011_0000164_0000000_Melekher11_164_0_0,0.7142857142857143
labeled_linagora_cs_arabize,أي كانت متعمتي,ايه كانت متاع عمتي,2.9600000381469727,ar--3235_0.75.wav_3235_0.75_0,0.75
labeled_linagora_cs_arabize,يحبو الناس اللي عمرهم لكتب جواب مايعرفوش يحبو اللي ماء,يحبوا الناس الي عمرهم لا كتبوا جواب ما يعرفوش يحبوا الي ما,5.688000202178955,TunSwitchTO_0000003_0000020_0000031_jq0000002_3_20_31_jq2_0,0.75
labeled_linagora_cs_arabize,mا م,جاي من,0.8399999737739563,ar--1028_1.wav_1028_1_0,1.0
labeled_linagora_cs_arabize,خاتم العرس,خاتم العرس,1.0640000104904175,ar--1984_1.wav_1984_1_0,0.0
labeled_linagora_cs_arabize,نحسهم يقبو في,نحسهم ينقبوا في,1.3839999437332153,amenyKH_Lanxiété_Sociale_HM_0000003_denoised_Sync0000016_no_speaker_0000027.0000063_0000029.0000008_Lanxiété_Sociale_HM_3_denoised_Sync016_no_speaker_27.63_29.08_0,0.3333333333333333
labeled_linagora_cs_arabize,pabaken sbpci,بابا كان شباتي,1.5199999809265137,amenyKH_Hkayet_Tounsia_S0000001_Episode_0000017_0000020_0000003_0002017_Partie_0000003_Sync0000006_no_speaker_0000852.0000067_0000854.0000021_Hkayet_Tounsia_S01_Episode_17_20_03_2017_Partie_03_Sync006_no_speaker_852.67_854.21_0,1.0
labeled_linagora_cs_arabize,شماع يكون منعرف ا دونك هكا نحا نصمع واحد زا نعرفو لي هو ناتيغيل وكل,الشمع يكون ما نعرفش انا دونك هاوكا نحاول نصنعو وحدي و نعرف الي هو ناتوريل و كل,6.415999889373779,0000053_0000149_0000001_53_149_1_0,0.8235294117647058
labeled_linagora_cs_arabize,سمحني اللوج على كابينيه تلفونيك,سامحني نلوج على كابين تيليفونيك,4.02400016784668,ar--3454_0.75.wav_3454_0.75_0,0.8
labeled_linagora_cs_arabize,jero seves,جاتو السارفوز,1.4320000410079956,ar--3108_1.25.wav_3108_1.25_0,1.0
labeled_linagora_cs_arabize,بعد ما روح عبدالله تونس لفيساج في جليدة,جريدة بعد ما روح عبد الله التونس بدا في ستاج في,3.7119998931884766,ar--3156_1.25.wav_3156_1.25_0,0.6363636363636364
labeled_linagora_cs_arabize,فيالقهمة,القهوة,0.5839999914169312,ar--1379_1.25.wav_1379_1.25_0,1.0
labeled_linagora_cs_arabize,وتلفت للحظبة قالهم تنجمو تمشو على رواحكم اليوم منيش باش نكسر الديمونتe السوق الجاي حديث خر,وتلفت للحضبا قالهم اتنجمو تمشيو على رواحكم اليوم ما ني ش باش نكسر الديامونتا السوق الجاي حديث آخر,6.5279998779296875,0000020_0000032_20_32_0,0.4444444444444444
labeled_linagora_cs_arabize,ليه نعرف أناه ولون اللي نحبه راع طلع,لا نعرف اناهو اللون الي نحبو تره طلع,3.440000057220459,ar--3560_1.25.wav_3560_1.25_0,0.75
labeled_linagora_cs_arabize,كي تحبط بلتران أرخسلك برشا,كتهبط بالتران ارخسلك برشا,5.992000102996826,ar--3065_1.wav_3065_1_0,1.0
labeled_linagora_cs_arabize,بالله اكتب لي هذا,بالهيا اكتبلي هاذا,2.359999895095825,tn9769_0,1.3333333333333333
labeled_linagora_cs_arabize,后联气思,خويا العزيز,0.7919999957084656,ar--3250_1.25.wav_3250_1.25_0,1.0
labeled_linagora_cs_arabize,شي مشاء الخيبر,شيء مشى الخيبر,1.6239999532699585,amenyKH_0000001_chunk_0000044_001_chunk_44_0,0.6666666666666666
labeled_linagora_cs_arabize,نبعد على اتونيزيا ساحاول أن تعرف عقلية التونسي ما تمشيش على طريقة المنتديات الأوروبية,نبعد على تونيزياسات حاول ان تعرف عقلية التونسي و ما تمشيش على طريقة المنتديات الاوروبية,5.51200008392334,TunSwitchTO_0000055_0000013_0000003_bh0000004_55_13_03_bh4_0,0.3333333333333333
labeled_linagora_cs_arabize,الطباخ,الطباخ,0.6800000071525574,ar--1671_1.5.wav_1671_1.5_0,0.0
labeled_linagora_cs_arabize,عالسلامة نلوج في بيت مزيانة,عالسلامة نلوج في بيت مزيانة,3.7200000286102295,ar--3020_1.wav_3020_1_0,0.0
labeled_linagora_cs_arabize,ونا نسمع في العزوذ قادته,و انا نسمع في العزوزة شقاعدا تحكي,1.5839999914169312,0000022_0000132_22_132_0,0.7142857142857143
labeled_linagora_cs_arabize,بكن أسيد أنا أ أجرا معناها بل جدي وتحسهاكا بسسفكش وتحس بفرحة معناها  عل اهابي,بيان سور انا اي اقري معناها بلقدا و تحس هكة ب ساتيسفاكسيون و تحس بفرحة معناها اند يو فيل هابي,8.031999588012695,0000072_0000137_0000001_72_137_1_0,0.85
labeled_linagora_cs_arabize,أحسنة,عالسلامة,0.5040000081062317,ar--1002_1.5.wav_1002_1.5_0,1.0
labeled_linagora_cs_arabize,نه حب جي تخلي بنك,معناها حبت تجي دخل بدنك,1.7120000123977661,amenyKH_Personnalité_Multiple_HM_E0000001_denoised_Sync0000084_no_speaker_0000344.0000098_0000346.0000069_Personnalité_Multiple_HM_E1_denoised_Sync084_no_speaker_344.98_346.69_0,1.0
labeled_linagora_cs_arabize,ifser,يفسر,0.5759999752044678,ar--1319_1.25.wav_1319_1.25_0,1.0
labeled_linagora_cs_arabize,عمل باش تقول الشوفير الي انت تحب تابط,كيفاش تعمل باش تقول للشوفار الي انت تحب تحبط,2.0160000324249268,TunSwitchTO_0000009_0000021_0000056_uqp_9_21_56_uqp_0,0.4444444444444444
labeled_linagora_cs_arabize,ط مكنش ركز مع تت,خاطر ما كنتش نركز مع ديتايل اي وودف بايد اتونسيون تو ديتايل,4.455999851226807,0000060_0000136_0000000_60_136_0_0,0.9166666666666666
labeled_linagora_cs_arabize,عبدالله يحوس في وسط البلاد,عبد الله يحوس في وسط البلاد,2.944000005722046,ar--3076_1.wav_3076_1_0,0.3333333333333333
labeled_linagora_cs_arabize,عندنا دارنا وكربتنا ودار خوالي وعماتي وعزيزي كله,عندنا دارنا و كرهبتنا و دار خوالي و عماتي و عزيزي كلهم,3.503999948501587,TunSwitchTO_0000089_0000022_0000016_0000001k0000000_89_22_16_1k0_0,0.75
labeled_linagora_cs_arabize,نحب الأحديد متاع السفر,نحب على حدادة متاع سفر,1.2239999771118164,TunSwitchTO_0000004_0000022_0000051_z0000077_4_22_51_z77_0,0.6
labeled_linagora_cs_arabize,ا  ميرة  تصرفات عيمعه ان عة والحاج الوحيد الان غريبة خر ولقل ميرة تفسير  و  ف ر,يحاول وانه يعيط يقول عميره باللي تصرفات عطيه معه كانت عاديه و الحاجه الوحيده الي كانت غريبه على الاخر وملقهاش عميره تفسير هيا كونه عطيه كان يتنفس على الاخر وقت الي,12.991999626159668,segment_0000547_segment_547_0,0.9354838709677419
labeled_linagora_cs_arabize,برسم ما نتفهموش,بالرسمي ما نتفاهموش,1.0880000591278076,amenyKH_La_Dépression_HM_0000004_denoised_Sync0000052_no_speaker_0000153.0000079_0000154.0000086_La_Dépression_HM_4_denoised_Sync052_no_speaker_153.79_154.86_0,0.6666666666666666
labeled_linagora_cs_arabize,البارح واني نتفرج في قناة الجزيرة ا البرنامج متاع زياد كريشان فوجئت بواحد إسرائيل,البارح و انا نتفرج في قناة الجزيرة البرنامج متاع زياد كريشان فوجئت بواحد اسرائيلي,11.656000137329102,TunSwitchTO_0000018_0000000_0000050_eat_18_00_50_eat_0,0.2857142857142857
labeled_linagora_cs_arabize,نجم امصل شوية,نجم نوصلك شوية,1.2400000095367432,ar--3385_1.5.wav_3385_1.5_0,0.3333333333333333
labeled_linagora_cs_arabize,الخارطة,الخريطة,0.9440000057220459,ar--1337_0.75.wav_1337_0.75_0,1.0
labeled_linagora_cs_arabize,اللي هي البرسوناج متاعنا سو يقوم على برشا مقابلات,يقوم على برشا موقبلات سو متعنا بيرسوناج الي هيا ال,4.1519999504089355,0000076_0000072_0000001_76_72_1_0,0.9
labeled_linagora_cs_arabize,بالجمعات الجايين إنا الوقت متاع البداست تبدل,الجمعات الجايين سينون الوقت متاع ال بودكاست تبدل,4.6479997634887695,Melekher0000012_0000012_0000001_Melekher12_12_1_0,0.5
labeled_linagora_cs_arabize,عايشة حطت اللعب الكل على القاعة,عيشة حطت اللعب الكل على القاعة,3.0399999618530273,ar--3539_1.wav_3539_1_0,0.16666666666666666
labeled_linagora_cs_arabize,توربيا متاعنا غالطة نحنا يا ربيونا ريت ولدخالتك لجاب ريت جارك الجاب ما ياربيكش انتي,التربيه متاعنا غالطه نحنا يربينا ريت ولد خالتك الجاب ريت جارك الجاب ما يربيكش انت,4.74399995803833,youtube_w9iPg04vLcs_0,0.6
labeled_linagora_cs_arabize,ياربيك على العباد نحنا نعيشو كان بالمضار حتى في ل كتيفيت سبورتيف توا تمشي تفرج مثلا في لجن في الكورة,يربيك على العباد نحنا نعيش كان بالمظاهر حتى في لي اكتيفيتي سبورتيف توا تمشي تفرج مثلا في لي جون في الكوره,5.984000205993652,youtube_w9iPg04vLcs_1,0.38095238095238093
labeled_linagora_cs_arabize,لبارون الكل يسب ولادهم ماسي مايقبلوش ولدو فشل في حاجة كما مقدال وينجم يكون ناجح فيحاجة اخرى نحنا نقراو,لي بارون الكل يخسايب ولادهم ميسي ما يقبلو ولد فشل في حاجه كيما مقداد و ينجم يكون ناجح في حاجه اخرى نحنا نقرا,7.5920000076293945,youtube_w9iPg04vLcs_2,0.6521739130434783
labeled_linagora_cs_arabize,ش ي    ا,ونجيبوا الاعداد في حاجه كيم مقداد التجربه الي حكيتها على بنتك نحنا نعيش لغيرنا في كل شيء حتى في السبور في الخروج في الباس نلبس لغيرنا ناكلوا لغيرنا ونجيبوا العداد لغيرنا سندرله,14.308199882507324,youtube_w9iPg04vLcs_3,1.0
labeled_linagora_cs_arabize,نحب نحب نتكيفواضح واضحواالنفي هذي متاع انك تحب تتكيف م ما تنجمش تقاومها,لكن نحس نحب نتكيف ما نجمش نقاومها وي,9.944000244140625,amenyKH_0000006_0000006_0002012_partie0000001_0000003_chunk_0000169_06_06_2012_partie1_3_chunk_169_0,1.625
labeled_linagora_cs_arabize,ندي ساعت جها في ماتي,عندي ساعات وجيعة في معدتي,1.9839999675750732,TunSwitchTO_0000005_0000021_0000055_jkr_5_21_55_jkr_0,0.8
labeled_linagora_cs_arabize,حاد,حاد,1.215999960899353,haad_688_0,0.0
labeled_linagora_cs_arabize,نبدا م صباح زم نجم ا مهيش   م حجات,نبدى من الصباح زعم انجم اما ما هي ش بوزيتيف و و اكتيفاسيون لا فمة حاجات,6.901000022888184,TunSwitchCS_0000097_0000277_97_277_0,1.0
labeled_linagora_cs_arabize,siada,سياده,1.2539000511169434,siyadda_27421_0,1.0
labeled_linagora_cs_arabize,نحب نقص على رحلة نورثويست لطيران نمرو صفر ستة وثمانين لنهار خمسة,نحب نقص على رحلة نورث ويست للطيران نومرو صفر ستة و ثمانين لنهار خمسة,5.375999927520752,TunSwitchTO_0000002_0000014_0000001_dqg_2_14_01_dqg_0,0.42857142857142855
labeled_linagora_cs_arabize,شن اللي صار في صلط العرض اليوم,شنوا الي صار في صالة العرض اليوم,2.7200000286102295,TunSwitchTO_0000024_0000019_0000020_mcm_24_19_20_mcm_0,0.42857142857142855
labeled_linagora_cs_arabize,وفما برشا منهم في المنتداه للأسف لا داعي لذكر الأسامي هؤلاء,و فمة برشا منهم في المنتدى للاسف لا داعي لذكر الاسامي هاؤلاء,4.464000225067139,TunSwitchTO_0000002_0000014_0000041_0000005n0000004_2_14_41_5n4_0,0.5
labeled_linagora_cs_arabize,نحب نعمل حجز للطاولة من الساعتين للتسع متاع الليل يعايش,نحب نعمل حجز لطاولة من الساعتين لتسعة متاع الليل يعيشك,3.5280001163482666,TunSwitchTO_0000118_0000019_0000038_gd0000000_118_19_38_gd0_0,0.3
labeled_linagora_cs_arabize,scneua heda,شنوا هاذا,1.5151000022888184,chnowa_hedha_31855_0,1.0
labeled_linagora_cs_arabize,سي فغيمان معناها التوعية تبدا من برشه حاجات و فما حاجات ديفا عنا منهم لك است حطينهم,سي فريمون معناها التوعية تبدا من برشا حاجات و فمة حاجات ديجا عنا منهم مي جوست حاطينهم في مخ,7.288000106811523,TunSwitchCS_0000049_0000108_0000001_49_108_1_0,0.47368421052631576
labeled_linagora_cs_arabize,برشا ف حاجات صارونا كوتي لبيمو برشا عباد عملوا اسكربا في الفينواثر,برشا حاجات صارولنا كوت بايمنت برشا عباد عملوا انسكريبسيون فال فان كاتر,5.25600004196167,TunSwitchCS_0000096_0000684_96_684_0,0.6666666666666666
labeled_linagora_cs_arabize,و باهي فهمت تونجيب حذاك,وباهي فهمت توا نجي بحذاك,3.055999994277954,TunSwitchTO_0000014_0000014_0000048_0000031h_14_14_48_31h_0,1.0
labeled_linagora_cs_arabize,ناشط خفيف رشيق,ناشط خفيف رشيق,3.3096001148223877,nachet_5fif_rachi9_621_0,0.0
labeled_linagora_cs_arabize,ظهلي فما غلطة في العدد,ضهرلي فمة غلطة في العدد,2.447999954223633,TunSwitchTO_0000060_0000019_0000002_0000120_60_19_02_120_0,0.4
labeled_linagora_cs_arabize,علاش علاش طال الانتظار علخاطر سي دو جرو بروجي,علاش علاش طال الانتظار على خاطر سي دي قرو بروجي,4.119999885559082,TunSwitchCS_0000015_0000012_15_12_0,0.4
labeled_linagora_cs_arabize,تصنف باللي جي كيما يقولو خنانة البيت رد حلقوم حتى بلاش الحم ديما,تصنف باللي يجي كيما يقولوا خنانة البي تردها حلقوم حتى بلاش لحم ديما,4.392000198364258,TunSwitchTO_0000110_0000019_0000036_xra_110_19_36_xra_0,0.38461538461538464
labeled_linagora_cs_arabize,فرانساوية,فرنسوية,1.0880000591278076,tn9768_0,1.0
labeled_linagora_cs_arabize,هنا مع بعضنا اليوم فقت فرحان عرفت تحس روحك فرحان وتضحك من غير سبب,هانا مع بعضنا اليوم فقت فرحان عرفت تحس روحك فرحان وتضحك من غير سبب,5.25600004196167,TunSwitchTO_0000183_0000019_0000058_0000003m_183_19_58_03m_0,0.07142857142857142
labeled_linagora_cs_arabize,قررت باش نتوقف عل الدراسة ك خليت لباك وحتى كن لمعدل كان باهي ومنجمتش نكمل لقرايت,قررت باش نتوقف عالدراسة داكور خذيت الباك وحتى كان المعدل كان باهي و ما نجمتش نكمل قرايتي,7.9679999351501465,TunSwitchCS_0000001_0000028_1_28_0,0.6470588235294118
labeled_linagora_cs_arabize,مi,سامحني دزولي,2.0216000080108643,sama7ni_desole_8199_0,1.0
labeled_linagora_cs_arabize,او العكس لكن أكثر حاجة نتفكرها أن عملتها رغم الضرب والترايح اللي كليناه شمعنا بالحق بالضع,او العكس لكن اكثر حاجة نتفكرها ان عامتها رغم الضرب و الطرايح الي كليناهم شبعنا بالحق بالضحك,6.248000144958496,TunSwitchTO_0000033_0000021_0000017_0000007uy_33_21_17_7uy_0,0.5294117647058824
labeled_linagora_cs_arabize,بعد الخدمة والطلبة كلهم يحبو صوتها يقتل صوتها هي بيدها دافية أما فيها,بعد الخدمة و الطلبة كلهم يحبوا صوتها يقتل صوتها هيا بيدها دافية اما فيها,6.392000198364258,TunSwitchTO_0000020_0000014_0000053_hco_20_14_53_hco_0,0.35714285714285715
labeled_linagora_cs_arabize,tu teste un truc,تو تيست ان تروك,1.5360000133514404,TunSwitchCS_0000095_0000507_95_507_0,1.0
labeled_linagora_cs_arabize,suisra,سويسرا,1.24590003490448,Souissra_31382_0,1.0
labeled_linagora_cs_arabize,ɛṭini ḍaw kif taḥder,اعطيني الضو كيف تحضر,2.063999891281128,TunSwitchTO_0000003_0000014_0000042_hib_3_14_42_hib_0,1.0
labeled_linagora_cs_arabize,معناها ول معاه في المدرسة منا اليوم قلنا ماتوسكوش على حق ولادكم,معناها ده كولاغ معاه في المدرسة جاونا اليوم قالوا لنا ما تسكتوش على حق اولادهم,4.288000106811523,amenyKH_Partie0000006_chunk_0000029_Partie6_chunk_29_0,0.5333333333333333
labeled_linagora_cs_arabize,الحاجة لي باش تبدلك حيت ك نجم تكون منالعبادي لي باكي بدلوها,الحاجة لي باش تبدلك حياتك كومبليتمون تنجم تكون العباد الي ال باك يبدللهم,4.923999786376953,TunSwitchCS_Melekher0000010_0000254_0000003_Melekher10_254_3_0,0.6153846153846154
labeled_linagora_cs_arabize,نحب نكري كان بابوا طوتو على نهاري,نحب نكري كرهبة بوات اوتو على نهارين,2.687999963760376,TunSwitchTO_0000015_0000020_0000048_frp_15_20_48_frp_0,0.5714285714285714
labeled_linagora_cs_arabize,لا  جمل في بلا ا تونس لا  جمل,ما هم ش ايفيدون جملة في بلاد كيما تونس ما هم ش ايفيدون جملة خاطر,6.296999931335449,TunSwitchCS_0000098_0000004_98_4_0,0.8666666666666667
labeled_linagora_cs_arabize,وربما تنسم تكون هي,وربما تنجم تكون هيا ال,1.8799999952316284,amenyKH_0000006_0000006_0002012_partie0000006_chunk_0000086_06_06_2012_partie6_chunk_86_0,0.6
labeled_linagora_cs_arabize,نejem nekkرiأadaوات mتaɣaط,انجم نكري ادوات متاع غطس,2.1040000915527344,TunSwitchTO_0000147_0000019_0000048_au0000005_147_19_48_au5_0,1.0
labeled_linagora_cs_arabize,منوقتيش وانتي,من وقتاش و انت,2.3519999980926514,TunSwitchTO_0000033_0000015_0000001_cex_33_15_01_cex_0,1.0
labeled_linagora_cs_arabize,سامحني أما كل شيء يتاخذ,سامحني اما كل شيء تاخذ,1.7280000448226929,TunSwitchTO_0000016_0000018_0000055_ygb_16_18_55_ygb_0,0.4
labeled_linagora_cs_arabize,عنده ن كباسي اجرير انا مثلا يموتليحد في ثلاثة شهور,عندو يون كاباسيتي ا ديجير انا مثلا يموتلي حد في ثلاثة شهور,6.485000133514404,TunSwitchCS_0000097_0000220_97_220_0,0.5833333333333334
labeled_linagora_cs_arabize,وبعد مص رجعت كل شي,و بعد ما سترجعت كل شيء,1.3519999980926514,TunSwitchCS_0000020_0000180_20_180_0,0.8333333333333334
labeled_linagora_cs_arabize,كي نمشي فحذاه ما يخلي ما يحطلي وانا من هذاك الكل,كي نمشي بحذاه ما يخلي ما يحطلي و انا من هذاكة الكل,3.25600004196167,TunSwitchTO_0000014_0000021_0000009_0000025c_14_21_09_25c_0,0.3333333333333333
labeled_linagora_cs_arabize,وهذا اسمي الحقيقي تحياتي لكل ما ندخل قبلي وبعدي,و هاذا اسمي الحقيقي تحياتي لكل من دخل قبلي وبعدي,3.7679998874664307,TunSwitchTO_0000005_0000014_0000043_0000000ri_5_14_43_0ri_0,0.4
labeled_linagora_cs_arabize,بشايخ باكبردبدوبيت يعايش,باش ناخذ اكبر دبدوبات يعشك,1.7519999742507935,TunSwitchTO_0000059_0000009_0000015_bc0000007_59_09_15_bc7_0,1.0
labeled_linagora_cs_arabize,معنها نا ال  ي طرني بنت خديجة وة نسن في لانغر وتخرج في رمضان وت ن لفطر تلوج اي فاهم لا لل وال وقفين دنهم ق طرم فيرنا,معنتها انا ال ميكانيزم دي ديفونس متاعي خاطرني بنت خديجة و خديجة نسكنوا فال لا قار و تخرج في رمضان وقت شقان الفطر تلوج الي فاتهم التران الكل و الي واقفين تدخلهم يشقوا فطرهم في دارنا,13.065999984741211,TunSwitchCS_0000097_0000322_97_322_0,0.8333333333333334
labeled_linagora_cs_arabize,نقول جنة على وجه الأرض بلادنا عندك الحقق محمزة ما عادش تصعب عليهمن امواضيع,نقولوا جنة على وجه الارض بلادنا عندك الحق عم حمزة ما عادش تصعب عليهم المواضيع,5.039999961853027,TunSwitchTO_0000038_0000019_0000003_uth_38_19_03_uth_0,0.4666666666666667
labeled_linagora_cs_arabize,نجمو سي ون ا n pخojي  pارطنeغ نجمو نحكيو معاه,نجمو سي اون ان ا بروجي ان بارتنير نجمو نحكيوا معاه,2.759999990463257,TunSwitchCS_0000095_0000980_95_980_0,0.5454545454545454
labeled_linagora_cs_arabize,لبتتجيش,طلبت دجاج,1.0240000486373901,TunSwitchTO_0000027_0000020_0000053_0000117_27_20_53_117_0,1.0
labeled_linagora_cs_arabize,يحك علالعرق ط فرحانن م  م فكرة العرق,كي يحكيوا على العرق مش خاطرهم فرحانين لي فمة مازال فمة فكرة العرق ولا,4.576000213623047,TunSwitchCS_0000050_0000088_0000001_50_88_1_0,0.8571428571428571
labeled_linagora_cs_arabize,عا ياسيم خل ناخدو جمال معنا بالتلفون جمالس,اقعد معايا سليم خلي ناخذوا جمال معانا بالتليفون جمال,4.127999782562256,amenyKH_0000006_0000006_0002012_partie0000001_0000003_chunk_0000072_06_06_2012_partie1_3_chunk_72_0,0.8888888888888888
labeled_linagora_cs_arabize,خلت باش نشوف لسטيل الاداן,دخلت باش نشوف لي ستايل اي لادن,2.0160000324249268,TunSwitchCS_0000095_0001005_95_1005_0,0.7142857142857143
labeled_linagora_cs_arabize,دونك نحب لماركتور اللي يخموا فيل,دونك نحب لي ماركيتور الي يخمموا في,2.944000005722046,TunSwitchCS_0000095_0001102_95_1102_0,0.7142857142857143
labeled_linagora_cs_arabize,kשim,خشم,1.2379000186920166,5cham_18014_0,1.0
labeled_linagora_cs_arabize,ابني شخصيتك علىخاطر يباش تبدا بن- بيزنس رمنلول الناس با تجيك على الفيزيان متاعك,ابني شخصيتك على خاطر كي باش تبدا بيزنيس راهو من اللول الناس باش تجيك على ال فيزيون متاعك,4.76800012588501,TunSwitchCS_0000095_0001303_95_1303_0,0.6111111111111112
labeled_linagora_cs_arabize,يولاد,الاولاد,1.0,youtube_c1NPq_SiqT8_0,1.0
labeled_linagora_cs_arabize,ديوم مع بعضنا,اليوم معا بعضنا,1.6699999570846558,youtube_c1NPq_SiqT8_1,0.6666666666666666
labeled_linagora_cs_arabize,باش نحلو لغز,باش نحلو لغز,1.7799999713897705,youtube_c1NPq_SiqT8_2,0.0
labeled_linagora_cs_arabize,ز ايوتوبرز متاع تونس الكل معرفوش يحلو,لغز اليوتوبرز متاع تونس الكل معرفوش يحلوه,4.099999904632568,youtube_c1NPq_SiqT8_3,0.42857142857142855
labeled_linagora_cs_arabize,اللغزة ذي صعيبة,لغز هذايا صعيب,1.399999976158142,youtube_c1NPq_SiqT8_4,1.0
labeled_linagora_cs_arabize,لخرق في اليوتيوب وحد مافيه,عالاخر في اليوتوب و حد ما فهمو,2.369999885559082,youtube_c1NPq_SiqT8_5,0.8571428571428571
labeled_linagora_cs_arabize,iفestatlaق فيtrending beah,كيفاش تطلع في ترندينق باج,2.6540000438690186,youtube_c1NPq_SiqT8_6,1.0
labeled_linagora_cs_arabize,انا ساعات نعمل فيديو اول نهار يعملالف فيوز,انا سعات نعمل فيديو اول نهار يعمل اربعين الف فيوز في خمسة,4.210000038146973,youtube_c1NPq_SiqT8_7,0.5
labeled_linagora_cs_arabize,وميلعشrن وساعتفيديو,و ما يتلعش ترندينق باج و ساعات نعمل فيديو,2.8919999599456787,youtube_c1NPq_SiqT8_8,1.0
labeled_linagora_cs_arabize,فيل neviewrs شوي comodrt وجم,فيه عشرا آلاف فيوز و شوايا كومونترات و شوي جامات,2.9800000190734863,youtube_c1NPq_SiqT8_9,1.0
labeled_linagora_cs_arabize,رمي,يطلع ترندينق,1.0,youtube_c1NPq_SiqT8_10,1.0
labeled_linagora_cs_arabize,نيفي اليوم مع بعضنا باش نحلو الغ,لذا اليوم معا بعضنا باش نكتشفو اللغز,3.0799999237060547,youtube_c1NPq_SiqT8_11,0.5714285714285714
labeled_linagora_cs_arabize,يوم,انا انا اليوم,1.059999942779541,youtube_c1NPq_SiqT8_12,1.0
labeled_linagora_cs_arabize,حب الفيدو هذي تطلع rnd شني ي ع,نحب الفيدو الديا تطلع ترندينق شنيا يلزمني نعمل,3.190000057220459,youtube_c1NPq_SiqT8_13,0.75
labeled_linagora_cs_arabize,اليوم مبعضنا باش نتعلمو,اليوم معا بعضنا باش نتعلموا,1.850000023841858,youtube_c1NPq_SiqT8_14,0.6
labeled_linagora_cs_arabize,ل فد,نحاولو نوصلو الفيديو,1.190000057220459,youtube_c1NPq_SiqT8_15,1.0
labeled_linagora_cs_arabize,كي ندخل لtrending page nينلق,كي ندخل ل ترندينق باج شنيا نلق,1.7039999961853027,youtube_c1NPq_SiqT8_16,0.7142857142857143
labeled_linagora_cs_arabize,سفربلط,سانفارا بلطي,1.968000054359436,youtube_c1NPq_SiqT8_18,1.0
labeled_linagora_cs_arabize,ااجهي ونهبط الوطة م رتخر,جيجيا و نهبتو لوطا فمة رابرات اخرين,2.609999895095825,youtube_c1NPq_SiqT8_19,1.0
labeled_linagora_cs_arabize,كيما ندرجيهاش,كيما نادر ق,1.496000051498413,youtube_c1NPq_SiqT8_20,0.6666666666666666
labeled_linagora_cs_arabize,donc stap on يلزمني,دانس ستيب وان يلزمني,2.615999937057495,youtube_c1NPq_SiqT8_21,0.75
labeled_linagora_cs_arabize,نكون رappeر زني كور,نكون رابور يلزمني نكون رابور,3.0320000648498535,youtube_c1NPq_SiqT8_22,0.8
labeled_linagora_cs_arabize,فمتش أنا كيفاش ماجيتش البالي,ما فهمت ش انا كيفاه مجاتش البالي,2.808000087738037,youtube_c1NPq_SiqT8_23,0.8571428571428571
labeled_linagora_cs_arabize,اللي يلزمنi كون rappeur باش نظهر في ا trending page,الي يلزمني نكون رابور باش نضهر في ترندينق باج,2.7279999256134033,youtube_c1NPq_SiqT8_24,0.8888888888888888
labeled_linagora_cs_arabize,nikuraperki,نكون رابور,1.2079999446868896,youtube_c1NPq_SiqT8_25,1.0
labeled_linagora_cs_arabize,كيازم تكون رابير مكيتصرف يازمكون رير لوج على انتر,مكي لازمك تكون رابور مكي مكي تصرف لازمك تكون رابور نلوج على انسرو نلوج على انسرو,4.622000217437744,youtube_c1NPq_SiqT8_26,0.875
labeled_linagora_cs_arabize,خالد بوشلاع كاع,خالد بو شلاكا,2.140000104904175,youtube_c1NPq_SiqT8_27,0.6666666666666666
labeled_linagora_cs_arabize,那个为تu 那个是 يoutb,راكش عاليوتوب راكش عاليوتوب,2.819999933242798,youtube_c1NPq_SiqT8_28,1.0
labeled_linagora_cs_arabize,راكش عل اليوتيوب و ناكل في واحد مقلوب,راكش عاليوتوب و ناكل في واحد مقلوب,3.6600000858306885,youtube_c1NPq_SiqT8_29,0.2857142857142857
labeled_linagora_cs_arabize,نكفي واحد مخلوب توه بارد,ناكل في واحد مقلوب تاوا بارد,3.5,youtube_c1NPq_SiqT8_30,0.6666666666666666
labeled_linagora_cs_arabize,لدو بيرت وشبن محبسيذو,و تاوا بارد جبن ما حبش يذوب,3.380000114440918,youtube_c1NPq_SiqT8_31,1.0
labeled_linagora_cs_arabize,إشبن ماحبشيذوف إشبن ماحبشيثوف,الجبن ما حبش يذوب الجبن ما حبش يذوب,3.4600000381469727,youtube_c1NPq_SiqT8_32,1.0
labeled_linagora_cs_arabize,بة محبسي,الجبن ما حبش,1.0199999809265137,youtube_c1NPq_SiqT8_33,1.0
labeled_linagora_cs_arabize,و توه نكلف واحد مقلوم,و تاوا ناكل في واحد مقلوب,1.8200000524520874,youtube_c1NPq_SiqT8_34,0.6666666666666666
labeled_linagora_cs_arabize,إشبل محبشيدو,الجبن ما حبش يذوب,2.0,youtube_c1NPq_SiqT8_35,1.0
labeled_linagora_cs_arabize,اشبن محبشيفور,الجبن ما حبش يذوب,2.0000998973846436,youtube_c1NPq_SiqT8_36,1.0
labeled_linagora_cs_arabize,طور ناكل في واحد مقلوب,و تاوا ناكل في واحد مقلوب,2.5,youtube_c1NPq_SiqT8_37,0.3333333333333333
labeled_linagora_cs_arabize,,ستانا,0.6000000238418579,youtube_c1NPq_SiqT8_38,1.0
labeled_linagora_cs_arabize,哦,اان,2.0,youtube_c1NPq_SiqT8_39,1.0
labeled_linagora_cs_arabize,منلعبش الفيتا نلعب كلبر ليميهم مشكن,منلعبش فيفا نلعب كان ال برو كلاي ميهموش,2.924999952316284,youtube_c1NPq_SiqT8_40,0.75
labeled_linagora_cs_arabize,你ذد,شكون الي ضدو,0.9750000238418579,youtube_c1NPq_SiqT8_41,1.0
labeled_linagora_cs_arabize,نا جزقزهو فدو كلايمش ي,لنا قز قز هاو فدو و كلاي باش يدبحو,2.5,youtube_c1NPq_SiqT8_42,0.8888888888888888
labeled_linagora_cs_arabize,زيدو زيدو زيدوس,زيدوا زيدوا زيدوا سبو,1.7200000286102295,youtube_c1NPq_SiqT8_43,1.0
labeled_linagora_cs_arabize,ونخدمك مرسيالوك,نخدب كوميرسيال و كان عجبو,1.600000023841858,youtube_c1NPq_SiqT8_44,1.0
labeled_linagora_cs_arabize,وكاننكلمو رياد الحوما اطوة في لحظهد,كان نكلم ولاد الحومة التو في لحضة يهدو,3.5799999237060547,youtube_c1NPq_SiqT8_45,0.875
labeled_linagora_cs_arabize,زمن قرن نظف ألم تبا فيفة ثبا قلم عباد بهم كلها فهم عباد,زمنن قلمن ماثر فاك الم ن تبا فيفا تبا قلمن عبادن بهمن كلاها بهمن عبادن,6.199999809265137,youtube_c1NPq_SiqT8_46,0.9333333333333333
labeled_linagora_cs_arabize,البوم المتيهة,البوم المتاهة,1.0520000457763672,youtube_c1NPq_SiqT8_47,0.5
labeled_linagora_cs_arabize,سيك زونبيهتني,سيك جونا باهي تهنيت,2.5,youtube_c1NPq_SiqT8_48,0.75
labeled_linagora_cs_arabize,ععى ابورت نتاع الرابورات اول ل اطلع فالر,عل بوت متاع رابورات تاو نجم نطلع في,2.950000047683716,youtube_c1NPq_SiqT8_49,1.0
labeled_linagora_cs_arabize,أم ز,اما مزال,0.5080000162124634,youtube_c1NPq_SiqT8_50,1.0
labeled_linagora_cs_arabize,مزال فم لغز واحد آخر فتر,مزال فمة لغز واحد آخر في ترندينق,2.9240000247955322,youtube_c1NPq_SiqT8_51,0.42857142857142855
labeled_linagora_cs_arabize,تدخل للtrndc pيce تخرج أمرض جنسية,تدخل ل ترندينق باج تخرج امراض جنسية حمد لله يا ربي,2.888000011444092,youtube_c1NPq_SiqT8_52,0.7272727272727273
labeled_linagora_cs_arabize,لe نرمينصفر,كليب نرمين صفر,0.984000027179718,youtube_c1NPq_SiqT8_53,1.0
labeled_linagora_cs_arabize,فهمت الي الكليب ماست وعاملينه هم بالعانية مست باش العباد تتفرج فيه لكن,توا فهمت الي لكليب ماصت و عاملينو بلعاني ماصت باش لعباد تتفرج فيه لكن,5.840000152587891,youtube_c1NPq_SiqT8_54,0.5714285714285714
labeled_linagora_cs_arabize,فما لروج يحكي على كليب شقد,فمة روج يحكي على كليب شقو دقو,2.5280001163482666,youtube_c1NPq_SiqT8_55,0.5714285714285714
labeled_linagora_cs_arabize,مشكلة فيش اللي ماهوش الروج اللي مهبط الفيديو,و مشكلو فاش الي مهوش الروج الي مهبط الفيديو,2.447999954223633,youtube_c1NPq_SiqT8_56,0.6666666666666666
labeled_linagora_cs_arabize,الروج trending اما موش الروج مهبة الفيديو,روج ترندينق مش روج مهبط الفيديو يلزمني,2.4800000190734863,youtube_c1NPq_SiqT8_57,1.0
labeled_linagora_cs_arabize,زني نفهم يزني نلقى حل,نفهم يلزمني نلق حل,1.4320000410079956,youtube_c1NPq_SiqT8_58,0.75
labeled_linagora_cs_arabize,هذي أهداف ريال مادريد وبرشلونة تعليق حفظ درجشاشة كاملة هاجدي,شنيا ادية اهداف الريل مدريد و برشالونة تعليق حافض الدراجي شاشة كاملة اتشدي,3.752000093460083,youtube_c1NPq_SiqT8_59,0.8461538461538461
labeled_linagora_cs_arabize,سے کے میلہ ہس دی,شاشة كاملة اتشدي,1.6200000047683716,youtube_c1NPq_SiqT8_60,1.6666666666666667
labeled_linagora_cs_arabize,لزم تح فيتيتردوشاشة كاملة,لولاد اذيه لازم تتحط في تيتر متغ فيديو ادية شاشة كاملة اتشدي,2.7920000553131104,youtube_c1NPq_SiqT8_61,0.9166666666666666
labeled_linagora_cs_arabize,oز هذيك هو السر وراء الtrending تاع,باز هذاكة هو السر ورا ترندينق باج متاع,3.5799999237060547,youtube_c1NPq_SiqT8_62,0.75
labeled_linagora_cs_arabize,قمم في عرضك قبل ما تحكي على أعراض الناس,خمم في عرضك قبل ما تحكي على عرض الناس,2.303999900817871,youtube_c1NPq_SiqT8_63,0.2222222222222222
labeled_linagora_cs_arabize,شلذوش اللي تحبوا اليوتيوب,سارا هاذا شتحبو اليوتيوب,1.968000054359436,youtube_c1NPq_SiqT8_64,0.75
labeled_linagora_cs_arabize,أوكي كالعبر متاع فوس يتوب هذوك,اوكي اكل عبر متاع فوسي توب,2.944000005722046,youtube_c1NPq_SiqT8_65,1.0
labeled_linagora_cs_arabize,ك لk zونe بe,اوكي اوكي جونا باهي,1.4479999542236328,youtube_c1NPq_SiqT8_66,1.0
labeled_linagora_cs_arabize,م برشا كورة لولاد برشا كورة الحق تع ربي,فمة برشا كورة لولاد برشا كورة الحق متاع ربي,2.671999931335449,youtube_c1NPq_SiqT8_67,0.2222222222222222
labeled_linagora_cs_arabize,رصفررشايحكيعلى رنصفر,فريستايل نرمين صفر هام برشا يحكيوا على نرمين صفر,2.4000000953674316,youtube_c1NPq_SiqT8_68,1.0
labeled_linagora_cs_arabize,علاش برشا يحكي على نرمينسفر,ياخي علاش برشا يحكيوا على نرمين صفر,1.6160000562667847,youtube_c1NPq_SiqT8_69,0.5714285714285714
labeled_linagora_cs_arabize,قشتيلا على انرمين زفر الشادي,تقشتيلة على نرمين صفر شادي,2.799999952316284,youtube_c1NPq_SiqT8_70,0.8
labeled_linagora_cs_arabize,ليخ نتفرش,بلاهي خن نتفرجو,1.1519999504089355,youtube_c1NPq_SiqT8_71,1.0
labeled_linagora_cs_arabize,,خنشوفو لولاد خنشوفو هديا خمسة و تلاثين في ترندين,2.799999952316284,youtube_c1NPq_SiqT8_72,1.0
labeled_linagora_cs_arabize,نشوفو شني الي لزمني نعمل,لولاد خنشوفو شنيا الي يلزمني نعمل,2.4719998836517334,youtube_c1NPq_SiqT8_73,0.6666666666666666
labeled_linagora_cs_arabize,أل من مارس,اربعة و عشرين الف فيوز من اربعة و عشرين مارس,3.200000047683716,youtube_c1NPq_SiqT8_74,0.8
labeled_linagora_cs_arabize,نن ريبالجم ن ل الحل  لي,يعني تاوا عندو قريب جمعة و هوا في ترندينق باج يلزمنا نلقاو حل و ميتين لايك,7.703999996185303,youtube_c1NPq_SiqT8_75,1.0
labeled_linagora_cs_arabize,أنا مريعمري للي عملتأ  لايكس حق تهرب قريب٠ لايكس,انا عمري لا عملتاربع و عشرين الف فيوز و ميتين لايكس الحق متاع ربي قريب تلاثميا لايك,4.168000221252441,youtube_c1NPq_SiqT8_76,0.9411764705882353
labeled_linagora_cs_arabize,نزم نتبعو الفيديو ذ,يلزمي نتبعو الفيديو هذايا,2.0239999294281006,youtube_c1NPq_SiqT8_77,0.5
labeled_linagora_cs_arabize,بالفيديو,يلزمني نتعلم مل فيديو,1.4520000219345093,youtube_c1NPq_SiqT8_78,1.0
labeled_linagora_cs_arabize,كيفاش نجم نطلع فت,كفاش نجم نتلع في,2.0,youtube_c1NPq_SiqT8_79,0.75
labeled_linagora_cs_arabize,نبدأ الفيديو متاعي بصابونة في الكوان,نبدا الفيديو متاعي ب ابوني في الكوان,2.680000066757202,youtube_c1NPq_SiqT8_80,0.42857142857142855
labeled_linagora_cs_arabize,للات انزلو ابوني تو للات انزلو ابوني,لولاد انزلو ابوني تاو لولاد انزلو ابوني,3.1760001182556152,youtube_c1NPq_SiqT8_81,0.42857142857142855
labeled_linagora_cs_arabize,لها تزل اب ي اب فالجيتب,كلها تنزل ابوني اعملولي ابوني في شان يوتوب متاعي,3.9600000381469727,youtube_c1NPq_SiqT8_82,1.0
labeled_linagora_cs_arabize,وني يازم تعملو ابوني,ابوني يلزم تعمل ابوني,1.7599999904632568,youtube_c1NPq_SiqT8_83,0.75
labeled_linagora_cs_arabize,لزم حطلكم لهنا الوجو اعملوا أبوني,يلزم نحط اللوقو اعملو ابوني,2.2799999713897705,youtube_c1NPq_SiqT8_84,1.2
labeled_linagora_cs_arabize,kemrik,اكايا مريقل,1.2798999547958374,youtube_c1NPq_SiqT8_85,1.0
labeled_linagora_cs_arabize,يصفر ي,نرمين صفر اوكي,1.5399999618530273,youtube_c1NPq_SiqT8_86,1.0
labeled_linagora_cs_arabize,اشكون رسلبغل ه,شكونو راس لبغل,2.431999921798706,youtube_c1NPq_SiqT8_87,1.0
labeled_linagora_cs_arabize,للي ليوم بسنعملو,لولاد اليوم باش نعملوا,1.4240000247955322,youtube_c1NPq_SiqT8_88,1.0
labeled_linagora_cs_arabize,ردت فعلي على انرمين صفر قصد صفر,ردة فعلي على نرمين صفر اا قصد صفر,2.568000078201294,youtube_c1NPq_SiqT8_89,0.375
labeled_linagora_cs_arabize,خزر عنده نوناتقوشل لقلق عرفتوك طر القلق ذاك,او اخزر عندو دقنونة هابطة تقولش عليه لقلق عرفتو اك طار اللقلق اذاك,4.004000186920166,youtube_c1NPq_SiqT8_90,0.9230769230769231
labeled_linagora_cs_arabize,عرفت أكلي تسكت مترليزي فيإيش قاعد تعمل,عرفتها اكلي تسكت و تريليزي فاش قاعد تعمل,3.191999912261963,youtube_c1NPq_SiqT8_91,0.625
labeled_linagora_cs_arabize,tranding page antators,ترندينق باج متاع تونس,1.6759999990463257,youtube_c1NPq_SiqT8_92,1.0
labeled_linagora_cs_arabize,peki,باقي,0.7919999957084656,youtube_c1NPq_SiqT8_93,1.0
labeled_linagora_cs_arabize,باقي يلزمني نلقى حال لليبق,باقي يلزمني نلق حل لولاد باقي يلزمني,2.496000051498413,youtube_c1NPq_SiqT8_94,0.7142857142857143
labeled_linagora_cs_arabize,قىها منيش باقي ني مانيش متأكد لفيديو هذي بشو,نلق حل باقي ما ني ش متاكد الي فيديو هديا باش يوصل,2.9000000953674316,youtube_c1NPq_SiqT8_95,0.8333333333333334
labeled_linagora_cs_arabize,عم ru م رد ف ايص,عملنا راب عملنا ردة الفعل باقي حاس ناقص حاجة,4.0960001945495605,youtube_c1NPq_SiqT8_96,1.0
labeled_linagora_cs_arabize,عندي منهم ذوم معنتا نجم نطلع ترانdيng بag أنا,عندي منهم ادومة يعني نجم نطلع ترندينق باج انا,2.7119998931884766,youtube_c1NPq_SiqT8_98,0.5555555555555556
labeled_linagora_cs_arabize,رخشوف رد كرسي مني,تره خلينا نشوفو رد كارثي من اوه اوه,2.0320000648498535,youtube_c1NPq_SiqT8_99,0.875
labeled_linagora_cs_arabize,please the wit فيtيtle bs,بلوس ديزويت في تيتل باز,2.559999942779541,youtube_c1NPq_SiqT8_100,1.0
labeled_linagora_cs_arabize,pluas theswet fي title bos م views,بلوس ديزويت في تايتل باز معناتها فيوز,1.878000020980835,youtube_c1NPq_SiqT8_101,1.0
labeled_linagora_cs_arabize,وكالعادة ماش هي مهبط الفيديو,و كي العدا مهيش هيا مهبطا الفيديو,1.7120000123977661,youtube_c1NPq_SiqT8_102,0.8571428571428571
labeled_linagora_cs_arabize,وكييظلي ماش نطلع ترندن يزلي نهبط الفيديو متاي ف شان وحآخر خين نشوف,اوكي يضهرلي باش يتلع تريدين يلزمني نهبط الفيديو في شان وحدا اخرا خليني نشوف,5.559999942779541,youtube_c1NPq_SiqT8_103,0.7857142857142857
labeled_linagora_cs_arabize,اسمعني صب,اسمعني صبري,0.8960000276565552,youtube_c1NPq_SiqT8_104,0.5
labeled_linagora_cs_arabize,اخر مرة تعملي في كومنتير ماككليكبي,آخر مرا تعملي في كومنتار مكي كليكبايت,2.9149999618530273,youtube_c1NPq_SiqT8_105,0.7142857142857143
labeled_linagora_cs_arabize,ياخي نسيت روحك وقت لي خذيت بيتزا في سوسه فيها جبن خايبك وانا عاونتك بش كليتها,ياخي نسيت روحك وقت الي خديت بيتزا في سوسة فاها جبن خايب اوكي و انا عونتك باش كليتها,6.888000011444092,youtube_c1NPq_SiqT8_106,0.5555555555555556
labeled_linagora_cs_arabize,ونسيت روحك وقت اللي بينت روحي في الفلوق متاعك باش انت تنجم تحط اسمي في التاس,و نسيت روحك وقتلي بينت روحي فل فلوق متعك باش انت تنجم تحط اسمي في تاق,6.71999979019165,youtube_c1NPq_SiqT8_107,0.5
labeled_linagora_cs_arabize,ونسيت روحك قعديت اسمي في التاكس باش تعمل كليك بيت,و نسيت روحك كي حاتيط اسمي تاق باش تعمل كليكبايت بعديك,4.288000106811523,youtube_c1NPq_SiqT8_108,0.7272727272727273
labeled_linagora_cs_arabize,ظهرلي نسيت روحك انت ياسفنيريا ياي البيتزا تاعك خايبه وماتفهمش فيحتى شي وماتعرفش حتى تحكي تاليان بلكدي ضهرلي نسيت روحك ياسي سفنيريا,ضهلي نسيت روحك انت يا سفنارية يلي بيتزا خايبة ومتفهمش في حتى شيء متعرش حتى تحكي تليان بلقدا يضهرلي نسيت روحك يا سي سفنارية,12.104000091552734,youtube_c1NPq_SiqT8_109,0.7083333333333334
labeled_linagora_cs_arabize,мриг апорамозауиб т тауо зуиб,مريقل ابارامون جوي باهي تاوا تاوا جوي باهي,3.2799999713897705,youtube_c1NPq_SiqT8_111,1.0
labeled_linagora_cs_arabize,تو اجويبي توفي انا فرحان نقص حتى شي,تاوا جوي باهي تاوا انا فرحان ناقس حاتا شيء,2.9519999027252197,youtube_c1NPq_SiqT8_112,0.7777777777777778
labeled_linagora_cs_arabize,سيبو القيت كل شي,سي بون لقيت كل شيء,1.6640000343322754,youtube_c1NPq_SiqT8_113,0.8
labeled_linagora_cs_arabize,نقصى حاجة برك ذولي لازني نعملها سبونسريزي على الفيسبوك يعني سهلة علالخرتو,ناقصة حاجا بركا لازمني نعملها سبونسورد على الفايسبوك يعني ساهلة عالاخر تاو,4.679999828338623,youtube_c1NPq_SiqT8_114,0.8333333333333334
labeled_linagora_cs_arabize,ن الرا,عملنا راب,0.6079999804496765,youtube_c1NPq_SiqT8_115,1.0
labeled_linagora_cs_arabize,عمنا رة الفعل وتقشتيل,عملنا ردة الفعل و التقشتيلة اا يلزم تقشتيلة,2.828000068664551,youtube_c1NPq_SiqT8_116,0.875
labeled_linagora_cs_arabize,قشتيلة في التايتل,تقشتيلة في تايتل,1.2400000095367432,youtube_c1NPq_SiqT8_117,0.6666666666666666
labeled_linagora_cs_arabize,دقة جديلة على نرمين صفر,تقشتيلة على نرمين صفر,2.0160000324249268,youtube_c1NPq_SiqT8_118,0.5
labeled_linagora_cs_arabize,اللي هي يعني سعيب برشا باش تقشتلها الحق,الي هيا يعني صعيب برشا باش تقشتلها الحق,2.7039999961853027,youtube_c1NPq_SiqT8_119,0.375
labeled_linagora_cs_arabize,وقشتنا راس البغل اللي معاها للاب السلسل قلش عليها لوحدة طلب و تعطلي,و قشتلنا راس لبغل الي معها الي لابس توقلش علاها اكا لوحدة متاع توالات,5.423999786376953,youtube_c1NPq_SiqT8_120,0.9285714285714286
labeled_linagora_cs_arabize,тقسطيлة,تقشتيلة,1.0160000324249268,youtube_c1NPq_SiqT8_121,1.0
labeled_linagora_cs_arabize,yeznano fehadd,يلزمنا نوفاوها بعبر,1.097000002861023,youtube_c1NPq_SiqT8_122,1.0
labeled_linagora_cs_arabize,يلزم كيما ل هنا خمم في عرضي قبل ما تحكي على عرض الناس لزم نو فيه وها بع,يلزم كيما لهنا خمم في عرضك قبل عرض الناس يلزمنا نوباوها ب عبر,3.994999885559082,youtube_c1NPq_SiqT8_123,0.8461538461538461
labeled_linagora_cs_arabize,عبرة اليوم بعد الفيديو هذيا والtrending متاع اليوتيوب وراه عبرة كبيرة برشا,عبرة اليوم بعد القديو هذايا و تريندينع متغ اليوتوب وراه عبرة كبيرا برشا,4.48799991607666,youtube_c1NPq_SiqT8_124,0.5384615384615384
labeled_linagora_cs_arabize,جاي عاون فيه على قبر ربوه,جى يعاون فيه على قبر بوه,1.5839999914169312,youtube_c1NPq_SiqT8_125,0.5
labeled_linagora_cs_arabize,تطلع الطفلة لمها,تطلع الطفلة لمها,1.6478999853134155,youtube_c1NPq_SiqT8_126,0.0
labeled_linagora_cs_arabize,هي العبرة برشا ناس ما في بلهمش,هيا العبرة برشا ناس ما في بالهمش,2.4240000247955322,youtube_c1NPq_SiqT8_127,0.2857142857142857
labeled_linagora_cs_arabize,أما يلزم يولي في بيل,اما يلزم يولي في بالهم,1.3359999656677246,youtube_c1NPq_SiqT8_128,0.4
labeled_linagora_cs_arabize,حسي لولاد الحامة,حاسيلو ولاد الحومة,0.8679999709129333,youtube_c1NPq_SiqT8_129,1.0
labeled_linagora_cs_arabize,هكي يكونوا حلينا اللغز بتاع reندic pيg,اكاية نكونو حلينة اللغز متغ ترندينق باج,2.568000078201294,youtube_c1NPq_SiqT8_130,0.8571428571428571
labeled_linagora_cs_arabize,إن شاء الله الفيديو هذا يوصل لtrending,ان شاء الله فيديو هذايا يوصل ل ترندينق,1.8880000114440918,youtube_c1NPq_SiqT8_131,0.625
labeled_linagora_cs_arabize,quيفiش إحنا oن v changer لeproces,كيفاش احنا اون فا شانجي لي بروسيس,1.8619999885559082,TunSwitchCS_0000095_0000701_95_701_0,1.0
labeled_linagora_cs_arabize,الذبان كان  تعم تهبط شعر اتضع مستيكير  ن لابن ل اج باهي فيحياتكالنم,الذبان كان ما تعملش تهبط شعر و ما تحطش موستيكير يل فا رانتر للدار الذبان مش حاجة باهية في حياتكم الناموس,7.184000015258789,TunSwitchCS_0000097_0000314_97_314_0,0.8095238095238095
labeled_linagora_cs_arabize,ع صحاب تاع العاية متاع احاجات هادوك لي بتيpلaزير ال فون ت ن برسن,متاع الصوحاب و متاع العايلة و متاع الحاجات هاذوكم لي بتي بلازير يلز فون دي توا يون بيرسون,6.375,TunSwitchCS_0000095_0001393_95_1393_0,0.8333333333333334
labeled_linagora_cs_arabize,шыра бущыждейітыны жімтжэды,الشراب مش جديد تنجم تجدده,1.7359999418258667,TunSwitchTO_0000007_0000021_0000007_0000003we_7_21_07_3we_0,1.0
labeled_linagora_cs_arabize,كيفاش ينجم يكون القرار هذاي ناجح ويوصل للإقلاع التام على تدخيل,كيفاش ينجم يكون القرار هذايا ناجح ويوصل للاقلاع التام على التدخين,4.760000228881836,amenyKH_0000006_0000006_0002012_partie0000001_0000003_chunk_0000144_06_06_2012_partie1_3_chunk_144_0,0.2727272727272727
labeled_linagora_cs_arabize,معناها يسفيطر هكا ولا هكا في حياتك كتو ل فول و فا,معناها يل سانفيلتر هكة و لا هكة فحياتك كي تو ني فوي با,3.6480000019073486,TunSwitchCS_0000049_0000119_0000001_49_119_1_0,0.9230769230769231
labeled_linagora_cs_arabize,كبار برشا,كبار برشا,1.0959999561309814,TunSwitchTO_0000099_0000019_0000034_nw0000005_99_19_34_nw5_0,0.0
labeled_linagora_cs_arabize,روحي وخلاني نروح السبيطار بعيد يجيي أربع دراج ماشي على الدار أنا خرجت ولشتيطه,روحي وخلاوني نروح الصبيطار بعيد يجي اربعة ادراج مشي على الدار انا خرجت و الشتاء تهبط,5.791999816894531,TunSwitchTO_0000022_0000018_0000058_gc0000007_22_18_58_gc7_0,0.625
labeled_linagora_cs_arabize,متاع لي ماتكسرنيش دابوزا هادي منحبش نكسرها ديار مذابيه كان كل واحد يعيش على نفسه ا وانت كيما كنت تحكي ممن لاول ريم فم ديما فم حاجه تشد فيها صحيح,متاع لا ما ما تكسرنيش دبوزة هاذي ما نحبش نكسرها دايور ماذابيا كان كل واحد يعيش على نفسو و انت كيما كنت تحكي من اللول ريم فمة ديما فمة حاجة تشد فيها صحيح,11.807999610900879,TunSwitchCS_0000097_0000226_97_226_0,0.5454545454545454
labeled_linagora_cs_arabize,خويا قداه توا سوملذهب بوزاما كيفاش نعرف لي أنا توا ماتغشيتش,خويا قداه توا سوم الذهب و زعما كيفاش نعرف الي انا توا ما تغشيتش,4.800000190734863,TunSwitchTO_0000003_0000020_0000041_igh_3_20_41_igh_0,0.5714285714285714
labeled_linagora_cs_arabize,أنا والله متأسف,انا و الله متاسف,1.6239999532699585,TunSwitchTO_0000185_0000001_0000053_rkn_185_01_53_rkn_0,1.0
labeled_linagora_cs_arabize,ل      بيد لكتب    في,لا فاز ديبريسيون متاعك و جاي او لا شانس زادة دي رانكونتر عباد الي يكتبو الي معنتها افوار لا شانس ديتر في بلاصة الي,8.675000190734863,TunSwitchCS_0000097_0000108_97_108_0,0.9583333333333334
labeled_linagora_cs_arabize,وزممايلزمها تتبدل المونطاليت هذي,و يلزم يلزمها تتبدل ال مونتاليتي هاذيا,2.5439999103546143,TunSwitchCS_0000096_0000194_96_194_0,0.8571428571428571
labeled_linagora_cs_arabize,hawit,حوات,1.4990999698638916,7awet_31766_0,1.0
labeled_linagora_cs_arabize,أحضركم إنتم تحليل دجا خلصتو في الصبتها,بحضوركم انتم التحليل ديجا خلصتو في سبيطار,2.375999927520752,amenyKH_0000008_chunk_0000165_008_chunk_165_0,0.7142857142857143
labeled_linagora_cs_arabize,باش نتعدي لرماتيم لاخر نهريتوفهى الوا هذيكا بلطليق نتفهم حت شي لكن كي تم في وخع مرا و بو ي تم مي ي بو الفر,باش نتعداو لل تروما لاخر نهارت لي توفى ال ريلاسيون هاذيكا بالطلاق ما تفهم حتى شيء مي جاي تو في بور قاردير سي ماريج اي بورطان جاي تو في اوسي بور لي بير,10.65999984741211,TunSwitchCS_0000097_0000057_97_57_0,0.9090909090909091
labeled_linagora_cs_arabize,عندك تمطط في العضلات,عندك تمطط في العضلات,2.135999917984009,TunSwitchTO_0000009_0000018_0000053_0000007xb_9_18_53_7xb_0,0.0
labeled_linagora_cs_arabize,كا من بعد مدة صغيرة عرسنا,ايه كهو بعد امم مدة ص صغيرة عرسنا,3.0160000324249268,amenyKH_0000008_chunk_0000560_008_chunk_560_0,0.5
labeled_linagora_cs_arabize,الصدق اعز حاجة فيالسياسة,الصدق اعز حاجة في السياسة,2.3919999599456787,TunSwitchTO_0000019_0000014_0000053_lj0000007_19_14_53_lj7_0,0.4
labeled_linagora_cs_arabize,وشكون تشبهو كفاش ديكوردارها زعما شكونو اللي حبتو اول مره,و لشكون تشبه و كيفاش ديكور دارها و زعم شكونو الي حبتو اول مرة,4.952000141143799,TunSwitchTO_0000007_0000020_0000044_n0000006j_7_20_44_n6j_0,0.7857142857142857
labeled_linagora_cs_arabize,فروج,فروج,1.4990999698638916,farrouj_20961_0,0.0
labeled_linagora_cs_arabize,ruma,هوما,1.0188000202178955,houma_31043_0,1.0
labeled_linagora_cs_arabize,,مرحبا مرحبا مرحبا,1.9919999837875366,amenyKH_MIC0000001_mod_0000034_chunk_0000000_MIC00001_mod_34_chunk_0_0,1.0
labeled_linagora_cs_arabize,قالوا لهم الكلنا ليها وهذا أم ربي وسنوة الحياة,قالولهم لكلنا ليها و هاذا امر ربي و سنة الحياة,3.7360000610351562,TunSwitchCS_0000019_0000079_19_79_0,0.8
labeled_linagora_cs_arabize,الله الكاسترجية تونسية وموش وحدي هكا فيسبقس على فكرة,الله الكاس ترجية تونسية وموش وحدي هكة في صفاقس على فكرة,4.0960001945495605,TunSwitchTO_0000010_0000006_0000059_p0000014_10_06_59_p14_0,0.45454545454545453
labeled_linagora_cs_arabize,4,اربعطاش,0.9359999895095825,1132_0,1.0
labeled_linagora_cs_arabize,تتردون علنا الجميل إن شاء الله مربوحة ونشوف بلادنا تونس,هكذا تردون الينا الجميل ان شاء الله مربوح ونشرفو بلدنا تونس صذة,3.5480000972747803,TunSwitchTO_0000012_0000000_0000010_nd0000001_12_00_10_nd1_0,0.6666666666666666
labeled_linagora_cs_arabize,حجز لل بس لمانو,حجز للسبعة باسم مانو,1.6080000400543213,TunSwitchTO_0000176_0000019_0000057_ymc_176_19_57_ymc_0,0.75
labeled_linagora_cs_arabize,العشية تنصب الشعبي متاعت زاير العاصمة وتسلط انديوخ حفظت برشا من الريبرتوار الشعبي,العشية تنصب الشعبي متاع دزاير العاصمة و تسلطن دايوغ حفظت برشا من ريبرتوار الشعبي,5.6479997634887695,TunSwitchTO_0000158_0000019_0000052_yn0000008_158_19_52_yn8_0,0.42857142857142855
labeled_linagora_cs_arabize,جنابهم فالليسي لورك شني برمير شني باكسي لازمك فيسعتب تحضر روحك وقت الدجا,بجنابهم فال ليسي الور كي شنيا بريميير شنيا باك صاي لازمك فيسع تبدى تحضر روحك ديجا,4.631999969482422,TunSwitchCS_0000028_0000070_0000000_28_70_0_0,0.875
labeled_linagora_cs_arabize,تيكست متاع اللي صاير في تونس مع توانسا السود والمهاجرين الأفريقا جنوب الصحراء,كونتكست متاع الي صاير فتونس مع التوانسة السود و المهاجرين الافارقة جنوب الصحراء,4.495999813079834,TunSwitchCS_0000050_0000008_0000000_50_8_0_0,0.6153846153846154
labeled_linagora_cs_arabize,النجم الخلص بشيك سياحي,انجم نخلص بشاك سياحي,2.4719998836517334,TunSwitchTO_0000178_0000019_0000057_a0000004c_178_19_57_a4c_0,0.75
labeled_linagora_cs_arabize,كانمن العباد عندهم فيا ر يعيشو فيهم ساعة نق فيل ساعة هوم عدهم  ننس,كان معنتها العباد عندهم فال فان كاتر اور يعيشوا فيهم اثناش ساعة نقولوا في الاثناش ساعة هاذوكم عندهم دي مومون دي سيلونس انا كي نسكت,8.423999786376953,TunSwitchCS_0000097_0000088_97_88_0,0.8
labeled_linagora_cs_arabize,ا و في معنتها مثلا هذايا هيا اثني,دي شوا دي في معنتها مثلا هاذايا اهيا الثنية,3.9649999141693115,TunSwitchCS_0000097_0000045_97_45_0,0.6666666666666666
labeled_linagora_cs_arabize,القطعه المكتوبة بالخط الميل تعكس التغيرات اللي صارت في سنين ل,القطعة المكتوبة بالخط المايل تعكس التغييرات الي صارت في سنين الالف و تسعميا و تسعين,5.855999946594238,TunSwitchTO_0000007_0000021_0000032_c0000008e_7_21_32_c8e_0,0.6
labeled_linagora_cs_arabize,ما فقتش اللي فم حاجة بناتكم وماتحكوش مع بعضك لا قدامهوكملو بعض,ما فاقت ش الي فمة حاجة بيناتكم وما تحكيوش مع بعضكم لا قدامهم نكلموا بعضنا,4.144000053405762,TunSwitchTO_0000028_0000021_0000045_0000002n0000007_28_21_45_2n7_0,0.7333333333333333
labeled_linagora_cs_arabize,ا   ان النس لكل تبدل فال ان ب حجات بل,ايز اباوت موفمون يتس اباوت شانج اني الناس الكل تتبدل في الدنيا انو برشا حاجات يتبدلوا دونك,6.400000095367432,TunSwitchCS_0000070_0000034_0000001_70_34_1_0,1.0
labeled_linagora_cs_arabize,عندي حساسية فوقيدية,عندي حساسية فوق يدية,1.815999984741211,TunSwitchTO_0000130_0000019_0000043_e0000002t_130_19_43_e2t_0,0.5
labeled_linagora_cs_arabize,نحب نحط هذا في صندوق  أمانات,نحب نحط هاذا في صندوق امانات,1.9839999675750732,TunSwitchTO_0000143_0000019_0000047_qqh_143_19_47_qqh_0,0.3333333333333333
labeled_linagora_cs_arabize,на зек барша,نعزك برشا,2.2239999771118164,en3izek_barcha_31254_0,1.5
labeled_linagora_cs_arabize,شي دوخ لهني بعد قداش من شهر منفصلين انتوم مع وقتها طليقين طلقين ي من نهارت لهزت الطبيب سي طلقتقالي مهيش حبلة,شيء يدوخ لهنا ايه مطلقين من نهارت الي هزيتها لطبيب سا يا طلقتها قال لي ما هي ش حبلى,8.031999588012695,amenyKH_0000008_chunk_0000094_008_chunk_94_0,1.105263157894737
labeled_linagora_cs_arabize,والحقيقه حاجه قبلوها لعباد كنت خايفة منها ماي حاج حاجة قبلوها,و لحقيقة حاجة قبلوها لعباد كنت خايفة معناها مي حاجة حاجة قبلوها,5.800000190734863,TunSwitchCS_0000096_0000281_96_281_0,0.5
labeled_linagora_cs_arabize,نحب نخلصو كل واحد عشانا,نحبو نخلصو كل واحد عشانا,1.8480000495910645,TunSwitchTO_0000112_0000019_0000036_j0000006n_112_19_36_j6n_0,0.2
labeled_linagora_cs_arabize,محل تجارة تجارة,محل تجارى تجارى,2.525899887084961,mahal_tijara_tijara_4352_0,0.6666666666666666
labeled_linagora_cs_arabize,نحب نثبت تحت الكبوت,تحب نثبت تحت الكبوت,1.4639999866485596,TunSwitchTO_0000023_0000021_0000012_eia_23_21_12_eia_0,0.25
labeled_linagora_cs_arabize,ولا جابو طفلة رباوه على قيم الفساد هو كتجي تشوف فم جانب نحاف,ولا جابوا طفلة رباوها على قيم الفساد هو كي تجي تشوف فمة جانب محافظ,5.104000091552734,TunSwitchTO_0000054_0000022_0000006_l0000006y_54_22_06_l6y_0,0.42857142857142855
labeled_linagora_cs_arabize,شني الموسيقى هذي,شني الموسيقى هاذي,1.503999948501587,TunSwitchTO_0000033_0000021_0000048_yre_33_21_48_yre_0,0.3333333333333333
labeled_linagora_cs_arabize,دخل تعملو دروض باش تعرفو رواحكم انت شكون,تدخلوا تعملوا دي سبورت باش تعرفوا رواحكم انتوما شكون,3.696000099182129,TunSwitchCS_0000070_0000028_0000001_70_28_1_0,0.6666666666666666
labeled_linagora_cs_arabize,وهقاعدهر,وهو قاعد ستة شهر,1.440000057220459,amenyKH_0000002_chunk_0000085_002_chunk_85_0,1.0
labeled_linagora_cs_arabize,تتعمل البسيناليز  م د شومان وبرشا اراش ذ تعديت  لزو مم مخو دشي باش نرقد دبخونر دش باش نضحك دبخو دف باش نمشي,تتعمل بسيكاناليز دون مانيير تري هيمين و برشا كرياتيفيتي دونك تعدات سي بزوان ايميديا دي بروندر دي كاشي باش نرقد دي بروند دي كاشي شيء باش نضحك دي بروند دي كاشي باش نمشي,13.324999809265137,TunSwitchCS_0000097_0000110_97_110_0,0.7878787878787878
labeled_linagora_cs_arabize,ماعندك حق كل شيء متاعك ومن حكمك في ماله فما ظل,عندك حق كل شيء متاعك و من حكم في ماله فمة ظلم,3.1679999828338623,TunSwitchTO_0000025_0000021_0000013_za0000000_25_21_13_za0_0,0.5
labeled_linagora_cs_arabize,هوت,تسعة و عشرين اوت,1.1360000371932983,TunSwitchTO_0000024_0000021_0000012_tps_24_21_12_tps_0,1.0
labeled_linagora_cs_arabize,نشوفو الكوونتت متاع,نشوفوا ال كونتيتي متاع ال,2.9140000343322754,TunSwitchCS_0000098_0000152_98_152_0,0.8
labeled_linagora_cs_arabize,suab,جواب,1.24590003490448,jweb_24637_0,1.0
labeled_linagora_cs_arabize,مسافرين الخطوط الجوية بيسي رحلة سبعميه وثلاثه اللي ماشي لطوكيو باله يمشيو للباب نمر عشرين للإجراءات الحكومية,مسافرين الخطوط الجوية ايه بي سي رحلة سبعة مية و ثلاثة الي ماشية لطوكيو بالله يمشيو للباب نومرو عشرين للاجراءات الحكومية,10.336000442504883,TunSwitchTO_0000020_0000018_0000053_irw_20_18_53_irw_0,0.5714285714285714
labeled_linagora_cs_arabize,belbe,بابا,1.24590003490448,baba_19129_0,1.0
labeled_linagora_cs_arabize,bleed,بليد,1.215999960899353,blid_31587_0,1.0
labeled_linagora_cs_arabize,ط,يو قونا لايك بي سوبورتد من اللول سورتو خاطر,4.2829999923706055,TunSwitchCS_0000071_0000023_0000002_71_23_2_0,1.0
labeled_linagora_cs_arabize,لازمني نطلب منه باش يكلمك كيف يجي,لازمني نطلب منه باش يكلمك كيف يجي,2.5360000133514404,TunSwitchTO_0000146_0000019_0000048_0000005g0000001_146_19_48_5g1_0,0.0
labeled_linagora_cs_arabize,ثلاثة,ثلاثة,1.0240000486373901,tletha_31079_0,0.0
labeled_linagora_cs_arabize,لا يا سيدي اليوم نصف نهار معبي الكل أما غضوة به,لا يا سيد اليوم نصف النهار معبي الكل اما غدوة باهي,3.568000078201294,TunSwitchTO_0000071_0000019_0000024_0000004dr_71_19_24_4dr_0,0.45454545454545453
labeled_linagora_cs_arabize,وجينا كل لذون نحاولو نقديو حاجات كيف كيف زاده نمن اللوكال ماركتس غديكا ونطيبون حنا ل,كوجينة و كل نحاولوا نقضيوا حاجات كيف كيف زادة مال لوكال ماركت غاديكا و نطيبوا نحنا,6.940000057220459,TunSwitchCS_0000053_0000052_0000001_53_52_1_0,0.8125
labeled_linagora_cs_arabize,trot velik,ترد بالك,1.4559999704360962,trod_belek_21641_0,1.0
labeled_linagora_cs_arabize,و يرحمني و إياكم في الدنيا و الآخرة,ويرحمني و اياكم في الدنيا و الآخرة,2.119999885559082,amenyKH_0000001_chunk_0000288_001_chunk_288_0,0.42857142857142855
labeled_linagora_cs_arabize,ḍeṛbuni,ضربوني,1.184000015258789,TunSwitchTO_0000180_0000019_0000057_0000008js_180_19_57_8js_0,1.0
labeled_linagora_cs_arabize,ن مومونت دوني رأو تالمو يتلمو عليك بشا حاجات تلما تصعب,ا ان مومون دون راهو تلمون يتلموا عليك برشا حاجات تلمون تصعب,3.6480000019073486,TunSwitchCS_0000095_0001329_95_1329_0,0.75
labeled_linagora_cs_arabize,برا كان تحب أخرج وحدك أنا مانيش مهبولة نخرج في نصاف الليالي,بره كان تحب اخرج وحدك انا ما ني ش مهبولة نخرج في نصافات الليالي,3.7839999198913574,TunSwitchTO_0000003_0000021_0000006_zwc_3_21_06_zwc_0,0.5
labeled_linagora_cs_arabize,فكرة,فكرة,1.0188000202178955,fekkra_13270_0,0.0
labeled_linagora_cs_arabize,ن الضروري يكون عننا مين مشي للماهون الرسمي للخدمة,من الضروري يكون عنا منين نمشيو للماعون الرسمي للخدمة,4.136000156402588,TunSwitchTO_0000022_0000015_0000029_ndf_22_15_29_ndf_0,0.5555555555555556
labeled_linagora_cs_arabize,كانتلي بeريوd اني تعلمت فيها ilan,كانتلي بيريود اني تعلمت فيها اي دونت,3.0350000858306885,TunSwitchCS_0000073_0000129_0000000_73_129_0_0,0.42857142857142855
labeled_linagora_cs_arabize,ون ا شوiزي د pرتنير سtراتيجيك كيف كيف بيuر pلايr و بrيك اn والتر باش نبنيو عليهم  نعملو عليهم ل بيتا تيست,اون ا شوازي دي بارتنير ستراتيجيك كيف كيف بيور بلاير بريك اند مورتار باش نبنيوا عليهم باش نعملوا عليهم لي بيطا تيست,6.047999858856201,TunSwitchCS_0000095_0000973_95_973_0,0.7272727272727273
labeled_linagora_cs_arabize,spaghetti,سباغيتي,1.7683000564575195,spaguiti_31751_0,1.0
labeled_linagora_cs_arabize,كان حتى فما كلك كرياتور ثم اللي ميمنش بيهم هذه المشكلة في عقلية التونسي اللي قولك هذا تونسي مزال لوغ ك البرا عنده الاخ ك ينجم التونسي هذاك عندو سبرب وعندو كت خير ملي شريت من عنده لبرا,كان حتى فمة كيلك كرياتور فمة لي ما يمنش بيهم هاذي المشكلة في عقلية التونسي الي يقلك هاذا تونسي مازال الور كي البرا عندو الور كي ينجم التونسي هذاكة عندو اكسبيريونس و عندو كومبيتونس خير ماللي شريت من عندو من البرا,12.880000114440918,TunSwitchCS_0000096_0000533_96_533_0,0.6097560975609756
labeled_linagora_cs_arabize,معناها بالنسبة ليك نلخص كلامك سند إنت بالنسبة ليك اليوم التونسي نفس سنيا تاعب وعدائي,معناها بالنسبة ليك كان نلخص كلامك آه سند انت بالنسبة ليك اليوم التونسي نفسانيا تاعب وعدائي,6.71999979019165,amenyKH_MOSAIQUEFM_FORUM_8102012_partie0000001_0000003_chunk_0000008_MOSAIQUEFM_FORUM_08102012_partie1_3_chunk_8_0,0.3125
labeled_linagora_cs_arabize,ispanja,اسبانيا,1.507099986076355,Esbania_31200_0,1.0
labeled_linagora_cs_arabize,nemela,نمل,1.5151000022888184,nemla_31146_0,1.0
labeled_linagora_cs_arabize,jerḥ,جرح,1.2539000511169434,joreh_3949_0,1.0
labeled_linagora_cs_arabize,في بيركم للفيتونس دخلنا موصوعت إنيز الأرقام القياسية في عدد المهرجانات الحلمية والثقافية,في بالكم الي في تونس دخلنا موسوعة غينيس للارقام القياسية في عدد المهرجانات الفنية و الثقافية,6.855999946594238,TunSwitchTO_0000034_0000021_0000048_v0000009i_34_21_48_v9i_0,0.625
labeled_linagora_cs_arabize,من نوع ممن ال را ساعات جيك  مع أقوى هذ هي الفكرة,من نوع من لوبريسيون راهو ساعات تجيب وبريسيون ما اقوى,6.007999897003174,TunSwitchCS_0000050_0000183_0000003_50_183_3_0,0.9
labeled_linagora_cs_arabize,أوك ايجيم على خاطر نحس اللي مخي في الوقت هذيك وقت أنا م تع يل ة وأنا ام وكل ما شايف,فوكوس اون ذيم اون ذي جيم على خاطر نحس الي مخي في الوقت هذاكة وقت انا ايم دوينق ا فيزيكال اكتيفيتي و انا ايم اكسرسايزينق و كلماشي,9.607999801635742,TunSwitchCS_0000074_0000118_0000001_74_118_1_0,0.7407407407407407
labeled_linagora_cs_arabize,النجمشي لاخذ خمسة بلاينصمحذا بعضم,نجمشي ناخو خمسة بلايص بحذا بعضهم,2.5439999103546143,TunSwitchTO_0000004_0000010_0000034_mqb_4_10_34_mqb_0,0.8333333333333334
labeled_linagora_cs_arabize,فمر صابون فیب,ما فماش صابون في بيتي,1.5759999752044678,TunSwitchTO_0000023_0000021_0000042_0000000i0000004_23_21_42_0i4_0,0.8
labeled_linagora_cs_arabize,هي نقترح عليك بكل ثقة جول مدينة سان فرانسيسكو هذه تعطيك نظرة شاملة على سان فرانسيسكو,اي نقترح عليك بكل ثقة جولة لمدينة سان فرانسيسكو هاذي تعطيك نضرة شاملة على سان فرانسيسكو,5.4720001220703125,TunSwitchTO_0000032_0000021_0000016_0000008rj_32_21_16_8rj_0,0.3125
labeled_linagora_cs_arabize,كان من الأحرى أن يموت حبا في فلسطين لا في الكور,كان من الاحرى ان يموت حبا في فلسطين لا في كورة,3.559999942779541,TunSwitchTO_0000053_0000019_0000019_x0000009h_53_19_19_x9h_0,0.2727272727272727
labeled_linagora_cs_arabize,راهو الدنيا متوفاش في الباك هو المشكل اللي يقولك اللي الدنيا كل معناه تكمل تعاد الباك وترتاح ماكش باش ترتاح خاطر باش تبدا الوش,راهو الدنيا ما توفاش فال باك هو المشكلة الي يقلك الي الدنيا الكل معناها تكمل تعدي ال باك و ترتاح ماكش باش ترتاح خاطر باش تبدا ال اورينتاسيون,8.696000099182129,TunSwitchCS_0000070_0000029_0000001_70_29_1_0,0.6071428571428571
labeled_linagora_cs_arabize,في أما وقت,في اما وقت لازمني نرجع,0.9264000058174133,TunSwitchTO_0000063_0000001_0000007_b0000002p_63_01_07_b2p_0,0.6
labeled_linagora_cs_arabize,avec une autre machine avec un server avec ave e avec des détecteurs avec en fait tوli linée de production intelligente o communique benهa oben bعdهa,افيك يون اوتر ماشين افيك ان سيرفور افيك دي ديتيكتور ان في تولي لين دي برودكسيون انتليجنت دابليو ال كومينيك بينها و بين بعضها,9.744000434875488,TunSwitchCS_0000008_0000062_8_62_0,1.0833333333333333
labeled_linagora_cs_arabize,لكن العون كيف يولي عندو وسيلة ردع وقتها يولي معادش عندو مشاكل مع المواض,لكن العون كيف يولي عندو وسيلة ردع وقتها يولي ما عاد ش عندو مشاكل مع المواطن,5.184000015258789,TunSwitchTO_0000002_0000016_0000054_hj0000002_2_16_54_hj2_0,0.25
labeled_linagora_cs_arabize,االي تتكيفو شوفو الباكو شنو مكتوب عليه,ا يا الي تتكيفوا شوفوا الباكو شنوا الي مكتوب عليه,3.111999988555908,amenyKH_0000006_0000006_0002012_partie0000002_chunk_0000164_06_06_2012_partie2_chunk_164_0,0.7
labeled_linagora_cs_arabize,وهكا كل مرة تجيني متييش ما كن الفيدباك قبيلا نحكيو على الفيدباكس قديش مهمين وقديش يعطيو هكا ز محلاها معناه باش تقدم,و هكة كل مرة تجيني موتيفاسيون ما كال فيدباك قبيلا نحكيوا على ال فيدباك قداش مهمين و قداش يعطيوا هكة دوز محلاها معناها باش تقدم,10.295999526977539,TunSwitchCS_0000096_0000305_96_305_0,0.6
labeled_linagora_cs_arabize,إي هي الوقت فطور تحب نحكيه واحنا نفطرو,اي هايل وقت فطور تحب نحكيو واحنا نفطروا,2.871999979019165,TunSwitchTO_0000065_0000019_0000023_0000005o0000005_65_19_23_5o5_0,0.625
labeled_linagora_cs_arabize,نحب لبوزة صغيرة شرابابي,نحب دبوزة صغيرة شراب ابيض,1.6480000019073486,TunSwitchTO_0000014_0000018_0000055_0000031_14_18_55_031_0,0.6
labeled_linagora_cs_arabize,une carrr,اي سا ا اي جاي في يون كاريير,1.7910000085830688,TunSwitchCS_0000097_0000131_97_131_0,1.0
labeled_linagora_cs_arabize,ونظمنا مهرجانات  ونظمنا ديز كسبوزي متاع فوتوغرافية,و نظمنا مهراجانات و نظمنا دي اكسبوز متاع فوتوغرافي,3.759999990463257,TunSwitchCS_0000027_0000158_0000002_27_158_2_0,0.8888888888888888
labeled_linagora_cs_arabize,على خاطر يوthيnك الي با تعمل فلوس,على خاطر يو ثينك الي باش تعمل فلوس,3.0460000038146973,TunSwitchCS_0000095_0001261_95_1261_0,0.375
labeled_linagora_cs_arabize,كبارجني منفع ابيت علاش يخلص جملة تويل,هل الكوارجي شنيا منفعتو لهل البلاد علاش يخلص جملة توا يلعب,3.5199999809265137,TunSwitchTO_0000032_0000021_0000047_0000000sx_32_21_47_0sx_0,0.7272727272727273
labeled_linagora_cs_arabize,باش نقابل مشاكل مع اللديوان,باش نقابل مشاكل مع الديوانة,1.4880000352859497,TunSwitchTO_0000002_0000018_0000048_y0000008p_2_18_48_y8p_0,0.2
labeled_linagora_cs_arabize,قريت في خزندار وي انا بنت باردو قلتلها كيفا عرفت هذا الكل,قريت في خزندار والي انا بنت باردو قلتلها كيفاش عرفت هاذا الكل,4.248000144958496,TunSwitchTO_0000008_0000014_0000044_u0000005p_8_14_44_u5p_0,0.25
labeled_linagora_cs_arabize,واحد وعشرين ألف,واحد و عشرين الف,1.7280000448226929,wa7id_w_3echrine_alf_31361_0,0.75
labeled_linagora_cs_arabize,خمسة,خمسة,0.6000000238418579,tn9850_0,0.0
labeled_linagora_cs_arabize,يخدم في بروجي آخر بتار كل واحد وشنو يحب يعمل في الدنيا هذي,يخدم في بروجي اخر بو اتر كل واحد شنوا يحب يعمل في الدنيا هاذي,4.800000190734863,TunSwitchCS_0000096_0000450_96_450_0,0.35714285714285715
labeled_linagora_cs_arabize,كيف كيف  نتذكر نهار,كيف كيف ال انرجي درينك نتذكر نهار,3.7780001163482666,TunSwitchCS_0000070_0000123_0000001_70_123_1_0,0.42857142857142855
labeled_linagora_cs_arabize,ليتقدم ببرامجه ويعرف ما عنده من مشاريع اسياسية واجتماعية وانتظروا كلمة الشعب,ليتقدم ببرنامجه و يعرف ما عنده من مشاريع سياسية او اجتماعية و ينتظر كلمة الشعب,5.168000221252441,TunSwitchTO_0000081_0000019_0000028_ky0000004_81_19_28_ky4_0,0.5333333333333333
labeled_linagora_cs_arabize,الوي محمود,قالوا يا محمود,0.984000027179718,TunSwitchCS_0000019_0000111_19_111_0,0.6666666666666666
labeled_linagora_cs_arabize,سي جو د خدمتها او دلسكنة متاعها  اكو العائلة اللي هي هذيك ه المجتمع متاعنا,سي ا كوز دي خدمتها ا كوز دي السكنا متاعها ا كوز دي العايلة الي هيا هذاكة هو المجتمع متاعنا,7.4019999504089355,TunSwitchCS_0000097_0000015_97_15_0,0.75
labeled_linagora_cs_arabize,عبدي منتهامش معاه ولا نتقلق ولولي sorce de stرess حتى ولو هو سوrc dو فلوس من لول قلوباي دون ا قتلو باي,عبد ما نتفاهمش معاه ولا نتقلق ولا يولي سورس دي ستريس حتى ولا هو سورس دي فلوس من اللول نقلو باي دونك فوالا قتلو باي,10.704000473022461,TunSwitchCS_0000096_0000254_96_254_0,0.64
labeled_linagora_cs_arabize,سمحني نجم نمشي,سامحني نجم نمشي,1.1440000534057617,TunSwitchTO_0000040_0000021_0000019_0000001sy_40_21_19_1sy_0,0.3333333333333333
labeled_linagora_cs_arabize,اي على الاقل فم حاجه تتشرب,ايه على الاقل فمة حاجة تتشرب,3.303999900817871,TunSwitchTO_0000016_0000014_0000050_0000003ri_16_14_50_3ri_0,0.5
labeled_linagora_cs_arabize,meزelt مa قereرتش تنجمتɛطinي أكثر وقت,مازلت ما قررتش تنجم تعطيني اكثر وقت,2.7119998931884766,TunSwitchTO_0000050_0000019_0000018_fc0000004_50_19_18_fc4_0,0.8571428571428571
labeled_linagora_cs_arabize,برة كان حب خرجحكأنا منش محهولة نخرج مان صفاة االديال,بره كان تحب اخرج وحدك انا ما ني ش مهبولة نخرج في نصافات الليالي,3.0799999237060547,TunSwitchTO_0000025_0000021_0000043_ozn_25_21_43_ozn_0,0.8571428571428571
labeled_linagora_cs_arabize,اول حاجة تبدا بها ولا هذهم الكل هم مكونات الاستراتيجيونكهذما,اول حاجة تبدا بيها فوالا هذوما الكلهم مكونات ستراتيجي دونك هذوما,3.9040000438690186,TunSwitchCS_0000096_0000174_96_174_0,0.7272727272727273
labeled_linagora_cs_arabize,تصوير المقال هذا حلو ياسر ومعبرة ياسر اسر و فيها زوز نصارة طعن,التصويرة المقال هاذا حلوة ياسر و معبرة ياسر ياسر نشوفو فيها زوز نصارى طالعين كتف,5.136000156402588,TunSwitchTO_0000017_0000021_0000039_0000004gu_17_21_39_4gu_0,0.6666666666666666
labeled_linagora_cs_arabize,خمسين,خمسين,1.1519999504089355,tn9869_0,0.0
labeled_linagora_cs_arabize,سمحني أما نحب نسلم يان السرقة,سامحني اما نحب نسلم بيان السرقة,2.3519999980926514,TunSwitchTO_0000005_0000021_0000032_gu0000006_5_21_32_gu6_0,0.5
labeled_linagora_cs_arabize,an suri,عنصري,1.0,3onsouri_31777_0,2.0
labeled_linagora_cs_arabize,مان مانيش بطالة مانيش زر فلوس يعن عندي إنكام عندي مدخول إضافي,مي ما ني ش بطالة ما ني ش ا زيرو فلوس عندي انكوم عندي مدخول اظافي,5.711999893188477,TunSwitchCS_0000096_0000257_96_257_0,0.75
labeled_linagora_cs_arabize,هيك الكلام اللي قول هولي وهك التعنيق بالقوي والبوس من ترتوشا,هاك الكلام الي يقولهولي و هاك التعنيق بالقوي و البوس من طرطوشة,3.431999921798706,TunSwitchTO_0000164_0000019_0000053_xy0000009_164_19_53_xy9_0,0.6666666666666666
labeled_linagora_cs_arabize,هذا عم الشادلي,هاذا عم الشادلي,0.9279999732971191,0M1bQ4ansqQ_0,0.3333333333333333
labeled_linagora_cs_arabize,متقاعد بحبوح ومعروف بخفة الروح,متقاعد بحبوح و معروف بخفة الروح,2.691999912261963,0M1bQ4ansqQ_1,0.3333333333333333
labeled_linagora_cs_arabize,ديما يعاون بالي نجم على خاطر يحب الناس الكلها تقدم,ديمة يعاون باللي ينجم على خاطر يحب الناس الكلها تقدم,3.559999942779541,0M1bQ4ansqQ_2,0.3
labeled_linagora_cs_arabize,وبفضل إدارتي معادش محتاج يعدي نهار كامل من بلاصة لبلاصة باش يسقد قضياته وقضية أحبابو,و بفضل ادارتي معادش محتاج يعدي نهار كامل من بلاصة لبلاصة باش يسقد قضياتو و قضيات احبابو,7.007999897003174,0M1bQ4ansqQ_3,0.4117647058823529
labeled_linagora_cs_arabize,على خاطر الخدمات الإدارية قربت لو وتجمعت في فضاء مشترك واحد,على خاطر الخدمات الادارية قربتلو و تجمعت في فضاء مشترك واحد,4.803999900817871,0M1bQ4ansqQ_4,0.36363636363636365
labeled_linagora_cs_arabize,نلقاو فيه مجموعة من الخدمات الأكثر أولوية عند المواطن حسب احتياجات كل منطقة كيما البوسطة البلدية الstاg السونيد,نلقاو فيه مجموعة من الخدمات الاكثر اولوية عند المواطن حسب احتياجات كل منطقة كيما البوسطة البلدية ستاق سونيد,9.899999618530273,0M1bQ4ansqQ_5,0.2222222222222222
labeled_linagora_cs_arabize,القباضة بيرو الشغل صناديق الضمان الإجتماعي الثلاثة و اتصالات تونس,القباضة بيرو الشغل صناديق الضمان الاجتماعي الثلاثة و اتصالات تونس,4.940000057220459,0M1bQ4ansqQ_6,0.1
labeled_linagora_cs_arabize,في شباك الكنام سلم عمشادلي بطاقة استرجاع مصاريف دوياتو,في شباك الكنام سلم عم الشادلي بطاقة استرجاع مصاريف دواياتو,4.440000057220459,0M1bQ4ansqQ_7,0.3
labeled_linagora_cs_arabize,مع عون cnfps استخرج شهادة التقاعد متاعه,مع عون السينربياس استخرج شهادة التقاعد متاعو,3.6600000858306885,0M1bQ4ansqQ_8,0.2857142857142857
labeled_linagora_cs_arabize,وفي الاخر تعدى الشباك البوسطة و صب فلوس في الكارتا eوديناr متاع ولجارو,و في اللخر تعدى لشباك البوسطة و صب فلوس في الكارطة ايدينار متاع ولد جارو,4.78000020980835,0M1bQ4ansqQ_9,0.5333333333333333
labeled_linagora_cs_arabize,الحصل اللي كان يعدي فيه نهار كامل عم الشاد لي يقضاه الكل في سواعة من زمان بركة و في دار خدمات وحدة,الحاصل الي كان يعدي فيه نهار كامل عم الشادلي قضاه الكل في سويعة من زمان بركة و في دار خدمات واحدة,7.260000228881836,0M1bQ4ansqQ_10,0.3333333333333333
labeled_linagora_cs_arabize,وعلى خاطر عم الشادلي والتوانس اللي كيفوا يحبوا يقدموا في حياتهم إدارتي قربتلهم,و على خاطر عم الشادلي و التوانسة الي كيفو يحبو يقدمو في حياتهم ادارتي قربتلهم,5.28000020980835,0M1bQ4ansqQ_11,0.6
labeled_linagora_cs_arabize,وباش تطلعو على باقي الخدمات اي يوفروهم لكم les maisons de services دarti,و باش تطلعوا على باقي الخدمات الي يوفروهملكم لي ميزون دي سيرفيس ادارتي,4.940000057220459,0M1bQ4ansqQ_12,0.8461538461538461
labeled_linagora_cs_arabize,نحب نقدم,نحب نقدم,1.8320000171661377,0M1bQ4ansqQ_13,0.0
labeled_linagora_cs_arabize,عادل مرة أخرى نشكرك يعطيك الصحة,عادل مرة اخرى نشكرك يعطيك الصحة,2.1679999828338623,amenyKH_0000006_0000006_0002012_partie0000003_chunk_0000019_06_06_2012_partie3_chunk_19_0,0.16666666666666666
labeled_linagora_cs_arabize,djun,ديون,1.7683000564575195,dyoun_6228_0,1.0
labeled_linagora_cs_arabize,كيفاش تعاملت قوانين شباها المنظومة هديك تعلكنا ما نشحتش في الخارج وتونس انا نتعركوا احنا ويها يجيبوا المسؤولين بربي يفهمونا,كيفاش تعملت قوانينو آش بيها المنظومة هذيكة متاع الكنام ما نجحتش في الخارج وتونس لهنا نتعاركوا احنا وياها يجيبوا مسؤولين بربي يفهمونا,7.840000152587891,amenyKH_0000005_chunk_0000001_005_chunk_1_0,0.5454545454545454
labeled_linagora_cs_arabize,بربي يا جماعة شنيي الحل متاعها الحكاية هذي ويقتاش بش,بربي يا جماعة شني الحل متاعها الحكاية هاذي و يقتاش باش,3.640000104904175,TunSwitchTO_0000095_0000023_0000023_x0000008_95_23_23_x08_0,0.45454545454545453
labeled_linagora_cs_arabize,معنته عندك الباس دوني نتاعك دشتعفيالي,معنتها عندك ال باز دي دوني متاعك تنجم تعمل فيها,2.312000036239624,TunSwitchCS_0000095_0000586_95_586_0,0.8
labeled_linagora_cs_arabize,كان انت توتنججا معنا نقولو هلك ملو راه متلومش من بعد انت موصلتش المزاد متاعك,كان انت تو تانقاج با معناها نقلوهالك من اللول راهو ما تلومش من بعد لي انت ما وصلتش ريزولت متاعك,6.0,TunSwitchCS_0000096_0000720_96_720_0,0.7
labeled_linagora_cs_arabize,لكن غيلمون الفلسفة متاعنا من الأول ال كانت اللي راهو اول حاجة نشوفوا نشوفوا القانون شن و يسمح ونشوفو زاد ك فماش ون انتبرتايو للنص القانوني,لكن ريلمون الفسفة متاعنا من اللول كانت الي راهو اول حاجة نشوفوا نشوفوا القانون شنوا يسمح و نشوفو زادة ايست سي كي فماش يون انتربريتاسيون للنص القانوني,8.97599983215332,TunSwitchCS_0000010_0000035_10_35_0,0.5185185185185185
labeled_linagora_cs_arabize,أبسط أوبجكتيف تحب انججمنت تحب لايك تحب أختاج,ابسط اوبجيكتيف تحب انقاجمون تحب لايك تحب بارتاج,4.048999786376953,TunSwitchCS_0000096_0000182_96_182_0,0.5
labeled_linagora_cs_arabize,عندك سيغارو,عندك سيقارو,0.871999979019165,TunSwitchTO_0000090_0000019_0000032_p0000009e_90_19_32_p9e_0,0.5
labeled_linagora_cs_arabize,بلله يصلحلي هاذا,بالله صلحلي هاذي,1.2799999713897705,TunSwitchTO_0000005_0000020_0000043_o0000004v_5_20_43_o4v_0,1.0
labeled_linagora_cs_arabize,اللي تعدى وفات ينجم يرجع افريقية صفحات من التاريخ طريق للمستقبل,الي تعدى و فات ينجم يرجع افريقية صفحات من التاريخ طريق للمستقبل,4.728000164031982,TunSwitchTO_0000108_0000019_0000035_zuo_108_19_35_zuo_0,0.25
labeled_linagora_cs_arabize,هو سي بيا نا ندلو رويحنا كلها ما تجيما خمم حاجة كي باش تاخدها اسك هديك انا غالمان,هو سي بيان انا ندللوا رواحنا و كل اما ديما خمم حاجة كي باش تاخذها ايس كي هاذيكا انا ريلمون,5.328000068664551,TunSwitchCS_0000053_0000067_0000001_53_67_1_0,0.65
labeled_linagora_cs_arabize,صير ه الحكاية هذي وهل انه مازال عندي قابلية باش نعيش مع مجتمع,تصير ها الحكاية هاذي و هل انو مازال عندي قابلية باش نعيش مع مجتمع,4.0879998207092285,TunSwitchTO_0000010_0000021_0000008_ulq_10_21_08_ulq_0,0.42857142857142855
labeled_linagora_cs_arabize,zerzomeje,زرزومية,1.7683000564575195,zarzoumiye_16136_0,1.0
labeled_linagora_cs_arabize,päpäja,بابايا,1.4880000352859497,papaya_31724_0,1.0
labeled_linagora_cs_arabize,زوز كبار وزوز صغاريش,زوز كبار و زوز صغار يعشك,1.7599999904632568,TunSwitchTO_0000142_0000019_0000047_0000009ma_142_19_47_9ma_0,0.6666666666666666
labeled_linagora_cs_arabize,tfḍl yasai,تفضل يا سيد,1.5679999589920044,TunSwitchTO_0000105_0000019_0000035_fd0000005_105_19_35_fd5_0,1.0
labeled_linagora_cs_arabize,þelnec,ثلج,1.0188000202178955,thalj_12013_0,1.0
labeled_linagora_cs_arabize,ظهرلي راك عملت غلطة البيت خالصة من الول خذيته,ضاهرلي راك عملت غلطة البيت خالصة من الاول خذيتهم,2.7920000553131104,TunSwitchTO_0000085_0000019_0000030_igy_85_19_30_igy_0,0.3333333333333333
labeled_linagora_cs_arabize,هزي الإسبتار,هزني للسبيطار,1.2719999551773071,TunSwitchTO_0000015_0000010_0000057_cg0000009_15_10_57_cg9_0,1.0
labeled_linagora_cs_arabize,اسك عبد عنده الحق يتواجد معاك ولا ما يتواجدش,ايس كي عبد عندو الحق يتواجد معاك و الا ما يتواجدش,3.4159998893737793,TunSwitchCS_0000098_0000193_98_193_0,0.45454545454545453
labeled_linagora_cs_arabize,sbor soebe,صبع صوابع,2.0136001110076904,sbo3_sweba3_6749_0,1.0
labeled_linagora_cs_arabize,usir wel,وزير اول,1.507099986076355,wazir_ewall_31732_0,1.0
labeled_linagora_cs_arabize,يمكن هذا اللي خلاني عمري لا نقول لدارنا على ميولاتي ماحبيتش,يمكن هاذا الي خلاني عمري لا نقول لدارنا على ميولاتي ما حبيتش,4.104000091552734,TunSwitchTO_0000007_0000014_0000043_0000631_7_14_43_631_0,0.3333333333333333
labeled_linagora_cs_arabize,االقهوة هاذي نحس روحي نعيش في كل تركينة من الشارع هذا فما دلقشة م الروح,القهوة هاذي نحس روحي نعيش في كل تركينة من الشارع هاذا فمة لقشة من روحي,4.335999965667725,TunSwitchTO_0000012_0000018_0000054_vha_12_18_54_vha_0,0.4
labeled_linagora_cs_arabize,belarucia,بلاروسيا,1.7762999534606934,Bellaroussia_31432_0,1.0
labeled_linagora_cs_arabize,وكve معناها بارت اخرى  روحك ماكنتش تعرفها جملة وانا صارت معايا ديجابو,هو ديسكوفور معناها بارت اخرى في روحك ما كنتش تعرفها جملة و انا صارت معايا ديجا بون,6.4720001220703125,TunSwitchCS_0000072_0000115_0000000_72_115_0_0,0.5294117647058824
labeled_linagora_cs_arabize,نحب برخالسوتي,نحب ارخص وتيل,1.159999966621399,TunSwitchTO_0000018_0000020_0000050_phf_18_20_50_phf_0,0.6666666666666666
labeled_linagora_cs_arabize,وفما التيب الآخر اللي نحب نخدم عليه نحب نوصله نحب نفهمه للعباد اللي هو فما باسيv اinكام كreaشon,و فمة تايب لاخر الي نحب نخدم عليه نحب نوصلو و نحب نفهموا للعباد الي هو فمة ال باسيف انكوم كرياسيون,6.5279998779296875,TunSwitchCS_0000096_0000465_96_465_0,0.6666666666666666
labeled_linagora_cs_arabize,ce que je ne pense pas que,جي ني بانس با كي,1.2879999876022339,TunSwitchCS_0000095_0001192_95_1192_0,1.4
labeled_linagora_cs_arabize,لنا عنا نفس الحقوق والواجبات واكل راهو مش الفايدة يكون عندك الحقوق والواجبات هاذيك كهو فيالقانون الفايدة زاد تطبق الفايدة كي تخرج طفلة توا للشارع في تونس,كلنا عنا نفس الحقوق و الواجبات و كل راهو مش الفايدة يكون عندك الحقوق و الواجبات هاذيكا كهو في القانون الفايدة زادة تتطبق الفايدة كتخرج طفلة توا للشارع فتونس,11.991999626159668,TunSwitchCS_0000052_0000137_0000000_52_137_0_0,0.5517241379310345
labeled_linagora_cs_arabize,فبلاده أن يفرح كيف يراه حاجة كيف هكا أما لو كانت صحيح,ببلادو انو يفرح كيف يرا حاجة كيف هكة اما لو كانت صحيحة,3.631999969482422,TunSwitchTO_0000039_0000019_0000005_oqs_39_19_05_oqs_0,0.5
labeled_linagora_cs_arabize,يقهوة مكوخر صود أمي دور في راسي ويعاود وهي تصيح عليا,في قهوة مكوخر صوت امي يدور في راسي ويعاود و هي تصيح عليا,4.191999912261963,TunSwitchTO_0000031_0000015_0000001_hi0000007_31_15_01_hi7_0,0.5384615384615384
labeled_linagora_cs_arabize,ر  ال ذ ولت سر ا ل  فيسوك ي تونس,دان يون اجونس دي ماركيتينق ديجيتال دونك وليت لامباسادريس ولا لا ريبريزونتانت دي فيسبوك في تونس,7.239999771118164,TunSwitchCS_0000095_0000006_95_6_0,0.9375
labeled_linagora_cs_arabize,خاطر انا وقتها مكنتش حاسه روحي غالطة جملة معناها ج  خدمت على روحي درا شنوا وانا في مخي اللي ا اعي ش,خاطر انا وقتها ما كنتش حاسة روحي غالطة جملة معناها جيتاي كوركت خدمت على روحي درا شنوا و انا في مخي الي اون ا ابيوز دي موا,9.935999870300293,TunSwitchCS_0000097_0000342_97_342_0,0.4444444444444444
labeled_linagora_cs_arabize,هاي البرشا يا سيد شنو تاخذ,هايل برشا يا سيد شنوا تاخذ ديسار,2.247999906539917,TunSwitchTO_0000020_0000020_0000051_gd0000003_20_20_51_gd3_0,0.5714285714285714
labeled_linagora_cs_arabize,winde,و انت,1.24590003490448,wenti_31064_0,1.0
labeled_linagora_cs_arabize,اترمي حاجه هكا وكه لان ان مف كي نا س تحكم عليا وهي متعرفش لبسيكولوجي نتاعي انا وقتها وحكمت عليه,ترمي حاجة هكة و كهو بارس كي يون موف كي نيست با سانس تحكم على و هيا ما تعرفش بسيكولوجي متاعي انا وقتها حكمة على,9.267000198364258,TunSwitchCS_0000097_0000432_97_432_0,0.84
labeled_linagora_cs_arabize,,نقترحوه وننصحوا بيه العباد الكل مع العلم الي راهو,3.328000068664551,amenyKH_0000006_0000006_0002012_partie0000005_chunk_0000165_06_06_2012_partie5_chunk_165_0,1.0
labeled_linagora_cs_arabize,عندك كاتجورية أخرى للأكبر مثلا من الخمسة وعشرين لخمسة وربعين وعندك حتى  مخود س,عندك كاتيغوري اخرى للاكبر مثلا من الخمسة و عشرين لخمسة و اربعين و عندك حتى دي برودوي ديستيني,7.519999980926514,TunSwitchCS_0000096_0000113_96_113_0,0.6666666666666666
labeled_linagora_cs_arabize,ما فماش عركة ما كنتش موجود فيها,ما فماش عركة ما كنتش موجود فيها,2.1760001182556152,TunSwitchCS_0000023_0000033_23_33_0,0.0
labeled_linagora_cs_arabize,دخل ي مج ق     اما نعملهم  ب,دونك دخلت في دي بروجي جي سافي بيرتينامون لي هوما باش ما هم ش باش يخلطوا اما نعملهم كان ميم يعبيلي شوي من الوقت,7.4079999923706055,TunSwitchCS_0000097_0000197_97_197_0,0.9166666666666666
labeled_linagora_cs_arabize,مشينا الرسطوران على شارع رقيلة اختصاص طالياني وإسبيسيالمان باستا اسمه لابوما,مشينا لرستورون على شارع الرميلة اختصاص طلياني وسبيسيالمون باستا اسمو لابوما,5.559999942779541,TunSwitchTO_0000019_0000021_0000040_sv0000008_19_21_40_sv8_0,0.45454545454545453
labeled_linagora_cs_arabize,حب نبعث هذا للغسالة وقتش يحظر,نحب نبعث هاذا للغسالة وقتاش يحضر,2.6480000019073486,TunSwitchTO_0000014_0000018_0000051_0000000vp_14_18_51_0vp_0,0.6666666666666666
labeled_linagora_cs_arabize,معناها باش تنجح في الكام نتاعك باش تبيع السره نتاعك متحكيش على سرن شنوا فيه أنا نبيع كذا سرن ولا عوغمات فيها وفيها باش تحكي على كذا وكذا وكذا,معناها باش تنجح فال كوم متاعك باش تبيع سيرفيس متاعك ما تحكيش على سيرفيس شنوا فيه انا نبيع كذا سيرفيس ولا فورماسيون فيها و فيها باش تحكي على كذا و كذا و كذا,10.552000045776367,TunSwitchCS_0000096_0000154_96_154_0,0.5151515151515151
labeled_linagora_cs_arabize,نحب قهو حليب يعيش,نحب قهوة حليب يعيشك,1.4479999542236328,TunSwitchTO_0000024_0000020_0000052_0000002p0000006_24_20_52_2p6_0,0.5
labeled_linagora_cs_arabize,لين تخرجت وانا لول فيها واللول متاع القسم زاد,لين تخرجت و انا الاول فيها ولاول متاع القسم زادة,3.368000030517578,TunSwitchTO_0000116_0000019_0000038_rn0000002_116_19_38_rn2_0,0.5
labeled_linagora_cs_arabize,zus hesbergeri aih,زوز تشيزبورجرز يعيشك,2.328000068664551,TunSwitchTO_0000055_0000019_0000020_k0000064_55_19_20_k64_0,1.0
labeled_linagora_cs_arabize,سمحني نحب نعدي قضية,سامحني نحب نعدي قضية,1.6080000400543213,TunSwitchTO_0000036_0000015_0000002_s0000006g_36_15_02_s6g_0,0.25
labeled_linagora_cs_arabize,tesa amiè,تسعميه,1.1519999504089355,tes3emya_31346_0,2.0
labeled_linagora_cs_arabize,خلي فما انغولاشان,تخلي فمة يون ريلاسيون,1.593000054359436,TunSwitchCS_0000095_0001165_95_1165_0,1.0
labeled_linagora_cs_arabize,باهي كيف باش نطلقك بطرادي ماحبيتش نطلقك لضرار ونخرجك بفضيح,باهي كيف باش نطلقك بالتراضي ما حبيتش نطلقك للضرر ونخرجك بفضيحة,4.464000225067139,TunSwitchTO_0000031_0000021_0000016_g0000004n_31_21_16_g4n_0,0.45454545454545453
labeled_linagora_cs_arabize,mais tu peux scaler si tu es capable,مي تو بو سكالر سي تو از كابابل,2.063999891281128,TunSwitchCS_0000095_0000279_95_279_0,1.0
labeled_linagora_cs_arabize,فوك  ال نتاعكم اون الفايل في مخاهكم,فوكست اون ليميت متاعكم اون لي فاي الي في مخاخكم,6.0960001945495605,TunSwitchCS_0000070_0000132_0000001_70_132_1_0,0.8
labeled_linagora_cs_arabize,حط الفلوس في جواب مزين,حط الفلوس في جواب مزين,1.527999997138977,TunSwitchTO_0000006_0000021_0000007_0000037y_6_21_07_37y_0,0.0
labeled_linagora_cs_arabize,موافقك ولا طبيعي,موافقك ولى طبيعي,1.4639999866485596,TunSwitchTO_0000008_0000006_0000058_d0000003m_8_06_58_d3m_0,0.3333333333333333
labeled_linagora_cs_arabize,riada,رياضه,1.0188000202178955,riadha_27474_0,1.0
labeled_linagora_cs_arabize,ترين هذا يمشي طول لادينبرا,الترينو هاذا يمشي طول لادينبرا,1.8079999685287476,TunSwitchTO_0000019_0000018_0000011_yrd_19_18_11_yrd_0,0.4
labeled_linagora_cs_arabize,kavi,قاضي,1.2379000186920166,9athi_15124_0,1.0
labeled_linagora_cs_arabize,ماتقو ليش راني معاه أنا مع روحي أنا حر تحية تونس,ما تقليش راني معاه انا مع روحي انا حر تحيى تونس,3.4079999923706055,TunSwitchTO_0000079_0000019_0000027_pa0000004_79_19_27_pa4_0,0.45454545454545453
labeled_linagora_cs_arabize,autoroth,اوتوروت,1.4990999698638916,otorout_31643_0,1.0
labeled_linagora_cs_arabize,عملت حج بس متارو تناكة,عملت حجز باسم تارو تاناكا,1.9199999570846558,TunSwitchTO_0000162_0000019_0000053_0000009vk_162_19_53_9vk_0,0.8
labeled_linagora_cs_arabize,والعنصرية والأبوية لسكسيم معناها  لار,و العنصرية و الابوية لي سكسيزم معناها سا سي سي تري كلير,5.328000068664551,TunSwitchCS_0000050_0000151_0000001_50_151_1_0,0.9166666666666666
labeled_linagora_cs_arabize,بالله يزيو الاستفزاز وتفاهات الترجي والأهلي عندهم ملايين المحبين,بالله يزيو بلا استفزاز و تفاهات الترجي و الاهلي عندهم ملايين المحبين,3.8480000495910645,TunSwitchTO_0000080_0000019_0000028_pw0000000_80_19_28_pw0_0,0.5
labeled_linagora_cs_arabize,bon هذè سي ä سet un déبat اللي,بون هاذايا سي ان سي ان ديبا الي,2.946000099182129,TunSwitchCS_0000095_0000525_95_525_0,0.875
labeled_linagora_cs_arabize,الكلام هذا باش يعطي حاجة,الكلام هاذا باش يعطي حاجة,1.7999999523162842,TunSwitchTO_0000011_0000020_0000046_l0000004a_11_20_46_l4a_0,0.2
labeled_linagora_cs_arabize,إيصيحو زيد يق ف وسط الكياس ولو هكا كعبد الويسك تمشي زاز يرجعلي إلي ن,يصيح وزيد ياقف وسط الكياس و يلوح هاك كعبة الويسكي تمشي قزاز ويرجعلي ليا انا,5.584000110626221,TunSwitchTO_0000065_0000013_0000005_tz0000002_65_13_05_tz2_0,0.8666666666666667
labeled_linagora_cs_arabize,اللي يوجعك علخر كان الناس تحسبلك م انت ماتحسبلحد يوجعك علخر لي انت تقعد في بلاصة جدي نابورتكومنديت مقرونة بالفرويد ما,الي يوجعك عاللخر كون الناس تحسبلك اما انت ما تحسب لحد يوجعك عالاخر الي انت تقعد في بلاصة جي ديس نامبورت كوا كمنديت مقرونة ال فروت دي مير,9.39799976348877,TunSwitchCS_0000097_0000420_97_420_0,0.6428571428571429
labeled_linagora_cs_arabize,فعتو بحاج كان عديت الب وسمعتوني رشعتك برشا مم,استنفعتوا بحاجة كان عديتوا ال باك و سمعتوني رجعتلكم برشا ميموريز اي ريالي,5.373000144958496,TunSwitchCS_0000070_0000172_0000002_70_172_2_0,0.8461538461538461
labeled_linagora_cs_arabize,ظهر لي فيك مكليت كان لكع,ضاهرلي فيك ما كليت كان الكعك,1.9759999513626099,TunSwitchTO_0000002_0000022_0000051_0000006o0000006_2_22_51_6o6_0,0.8333333333333334
labeled_linagora_cs_arabize,بسلامة,بالسلامة,0.7519999742507935,1048_0,1.0
labeled_linagora_cs_arabize,سندوق ديخار,صندوق ادخار,1.5016000270843506,sondou9_edi5ar_31743_0,1.0
labeled_linagora_cs_arabize,تحب ناخذلك تصويرة,تحب ناخذلك تصويرة,2.5999999046325684,TunSwitchTO_0000021_0000013_0000050_p0000043_21_13_50_p43_0,0.0
labeled_linagora_cs_arabize,رو فما فما دموند فما مغشاب,و راهو فمة فمة دوماند فمة مارش,2.5840001106262207,TunSwitchCS_0000096_0000537_96_537_0,1.0
labeled_linagora_cs_arabize,حاجة متعديش كفاش معجبت- معجبتنيش كفاش وكل مشي,سو لايك حاجة ما تتعدا ش ما عجبتي ش كيفاش و كل ماشي,6.984000205993652,TunSwitchCS_0000076_0000174_0000001_76_174_1_0,0.9230769230769231
labeled_linagora_cs_arabize,في هذا الكل الولي زاد يقتر روحه باش صغير ويكون حاضر للعودة يتسلف باش يشري الفورنتير شكون يدفع الثمن فيالخر لتلامبه بلتكيد في وسط العام واخر العام وهذا نرجعوله مرة اخرى في مواضيع خري,في هاذا الكل الولي زادة يقتل روحو باش صغيرو يكون حاضر للعودة يتسلف باش يشري فورنيتر شكون يدفع الثمن في الاخر التلامذة بيان سور في وسط العام و في آخر العام و هاذا نرجعوا لو مرة اخرى في مواضيع اخرين,11.46399974822998,amenyKH_Partie0000009_chunk_0000039_Partie9_chunk_39_0,0.5
labeled_linagora_cs_arabize,هذيك مريقلا  تخليني دجا نص لليل ولا ما ساعتين نبدأ بالسيف نرقد,هاذيكا مريقلة معناها تخليني ديجا نصف الليل ولا ماضيساعتين نبدا بالصيف نرقد,4.567999839782715,TunSwitchCS_0000027_0000277_0000002_27_277_2_0,0.8333333333333334
labeled_linagora_cs_arabize,nemsa,نمسا,1.2539000511169434,Nemsa_31390_0,1.0
labeled_linagora_cs_arabize,إنك تقعد  بختاج معاهم نبعثو بعضنا كتبات نبعثو لبعضنا,انك تقعد تو بارتاج معاهم نبعثوا بعضنا كتبات نبعثوا لبعضنا,3.5840001106262207,TunSwitchCS_0000095_0000628_95_628_0,0.5
labeled_linagora_cs_arabize,المات نجم نطلعو بعد قلت لي نركز مع الفيزيك وحلت مع الفيزيك وبالحق هذيا كانت غلطة عمري مش غلطة عمري ما غلطة البا,ال ماث انجم نطلعوا من بعد قلت لا نركز مع ال فيزيك وحلت مع ال فيزيك و بالحق هاذيا كانت غلطت عمري معناها مش غلطت عمري مي غلطت ال باك,10.168000221252441,TunSwitchCS_Melekher0000010_0000082_0000000_Melekher10_82_0_0,0.6666666666666666
labeled_linagora_cs_arabize,زاد هنا نحبو نفسرو اللي لسوشيال ميديا راهي مهياش الديجيتل ماركتنة وإلا نجم نقولوا,زادة هنا نحبوا نفسروا الي ال سوشيال ميديا راهي ما ها ش ال ديجيتال ماركيتينق و الا نجموا نقولوا,6.288000106811523,TunSwitchCS_0000096_0000037_96_37_0,0.7894736842105263
labeled_linagora_cs_arabize,المخ كاسحين وتافين وفروغ نحب مشوت الكرة والطهوة ولكار توا,المخ كاسحين و تافهين و فروخ نحبوا ماتشووات الكورة و القهوة و الكارتة و,6.28000020980835,TunSwitchTO_0000002_0000021_0000030_swt_2_21_30_swt_0,0.8571428571428571
labeled_linagora_cs_arabize,slata,سلاطة,1.4990999698638916,slata_25528_0,1.0
labeled_linagora_cs_arabize,جيت باش نقل دار كاملة هي طلعنا الفوتوي حليت الباب وياهو الم لقيت,جيت باش انقل دار كاملة هيا طلعنا الفوتوي حليت الباب و ياهول ما لقيت,4.28000020980835,TunSwitchTO_0000127_0000019_0000042_gjr_127_19_42_gjr_0,0.35714285714285715
labeled_linagora_cs_arabize,tabla,طبلا,1.507099986076355,tabla_28322_0,1.0
labeled_linagora_cs_arabize,qbel,قبل,1.0188000202178955,qbel_1890_0,1.0
labeled_linagora_cs_arabize,عايش في الخيال,عايش في الخيال,1.5440000295639038,3ayech_fil_5ayel_24914_0,0.0
labeled_linagora_cs_arabize,موش الناس الكل إلا إلا سوكوnفوغ,مش الناس الكل ال ا ال ا سي كونفور,2.8480000495910645,TunSwitchCS_0000095_0000636_95_636_0,0.7777777777777778
labeled_linagora_cs_arabize,وفي وسط البيت hم كرسي,و في وسط البيت فمة كرسي,1.4240000247955322,TunSwitchCS_0000020_0000160_20_160_0,0.5
labeled_linagora_cs_arabize,حقة,حقة,0.871999979019165,7a99a_31299_0,0.0
labeled_linagora_cs_arabize,يجا نتفاهمو باش نحلو المسالة,ايجا نتفاهموا باش نحلوا المسالة,2.9600000381469727,TunSwitchTO_0000015_0000014_0000049_0000008hw_15_14_49_8hw_0,0.6
labeled_linagora_cs_arabize,biسm اllah,بسم لله,1.1759999990463257,TunSwitchTO_0000042_0000019_0000016_hhg_42_19_16_hhg_0,1.0
labeled_linagora_cs_arabize,لازمني ناخذ الطيارة هذه للوس أنجلوس ذكري غضوة أصباح,لازمني ناخذ الطيارة هاذي للوس انجلس بكري غدوة الصباح,4.320000171661377,TunSwitchTO_0000003_0000020_0000058_okh_3_20_58_okh_0,0.5555555555555556
labeled_linagora_cs_arabize,قريت المقال متاعك صراحة تامة انا اشك في بعض المعطيات اللي قد,قريت المقال متاعك و بصراحة تامة انا اشك فى بعض المعطيات اللى قلتها,4.248000144958496,TunSwitchTO_0000029_0000021_0000045_zqj_29_21_45_zqj_0,0.38461538461538464
labeled_linagora_cs_arabize,ناتيريل تصير بلانفستسم الي تحطهم لول يرجع,ناتوريل تصير ل انفستيسمون الي تحطو من اللول يرجع,3.5880000591278076,TunSwitchCS_0000095_0001155_95_1155_0,0.6666666666666666
labeled_linagora_cs_arabize,نجم نأخذ بيت بزوز فروشة تطل على البحر,انجم ناخذ بيت بزوز فروشة اتطل على البحر,2.447999954223633,TunSwitchTO_0000024_0000018_0000016_g0000006h_24_18_16_g6h_0,0.375
labeled_linagora_cs_arabize,بلاصة مايتكيفوش فيها يعيش,بلاصة ما يتكيفوش فيها يعيشك,1.9919999837875366,TunSwitchTO_0000019_0000020_0000050_0000677_19_20_50_677_0,0.6
labeled_linagora_cs_arabize,مركز المسيرين الشبان نحنا لمو المسيرين الشبان لي عندهم أقل من خمسة و٤بعين سنة,مركز المسيرين الشبان بيان احنا نلمو المسيرين الشبان لي عندهم اقل من خمسة و اربعين سنة,6.047999858856201,TunSwitchCS_0000006_0000007_6_7_0,0.375
labeled_linagora_cs_arabize,عطاتك مخيبة كلمة سرها تحسها مت بد عامل جريمة قتال هو جاي,عطاتك مخيبها كلمة سترها تحسها متاع عبد عامل جريمة وقتلي هو جايب,4.360000133514404,TunSwitchTO_0000157_0000019_0000052_yg0000000_157_19_52_yg0_0,0.5
labeled_linagora_cs_arabize,نردها معناها ادبتيه لماينست متاع التونسي ووننجح فيها نجم ز م ننجحش فيها باش منكونش كلشي حا تنجح معناه نجم نتجرب وممشيتش ومثالش,نردها معناها ادابت لل مايندست متاع التونسي و و ننجح فيها انجم زادة ما نجحش فيها باش ما نكونش كل شيء تنجح معناها تنجم تجرب وما مشاتش و ميسالش,12.406999588012695,TunSwitchCS_0000096_0000877_96_877_0,0.7241379310344828
labeled_linagora_cs_arabize,الشيء هذا يصير ترافeر لا سينياتورة الكترونيكة ذلن حنا ان فيت وقت لي جينا حبينا نحلو المشكلة المشكل فينانسي هذاي الي هو  كيفاش نخلي العباد,الشي هذايا يصير ا ترافير لا سيقناتور الكترونيك دونك حنا ان في وقتلي جينا حبينا نحلو المشكلة المشكل فينانسي هذايا لي هو كيفاش نخلي لعباد,8.984000205993652,TunSwitchCS_0000010_0000026_10_26_0,0.52
labeled_linagora_cs_arabize,الاوdيانس متاعك,ال اوديونس متاعي,1.0,TunSwitchCS_0000096_0000929_96_929_0,1.0
labeled_linagora_cs_arabize,عاليا وحنا قاعدين نتناقل نض معين كين نشوف فيهم لاستزازات والتفاهل,عاليا و احنا قاعدين نتناقشو في موضوع معين ومهم فين تشوف فيهم الاستفزاز و التفاهة,5.423999786376953,TunSwitchTO_0000026_0000021_0000044_0000174_26_21_44_174_0,0.7333333333333333
labeled_linagora_cs_arabize,تمر,تمر,0.7120000123977661,tmar_31290_0,0.0
labeled_linagora_cs_arabize,نحبو لو نسهم نبو ر أنواعه جربتو قبل الباليس العباي على خاطر جربتو,نحب الونس ما نحبوش الشراب بانواعو جربتو قبل البايليز لا باهي على خاطري جربو و على,6.607999801635742,TunSwitchTO_0000021_0000021_0000041_ccu_21_21_41_ccu_0,0.8125
labeled_linagora_cs_arabize,دو كيفاش باش يحلو المشكلة نتاعو كيف كيف كان سري هو عندو بروبليم انت باش تحلو البروبليم متاعو بالسران نتاعك وباش توصلو لازا س وي س ذونك هذيكا تتسمى اوا لب,دونك كيفاش باش يحلوا المشكلة متاعو كيف كيف كان سيرفيس هو عندو بروبلام انت باش تحلوا ال بروبلام متاعو بال سيرفيس متاعك باش توصلوا ان ريزولتا اكس ان اوبجيكتيف اكس دونك هذاكة تتسمى ترانسفورماسيون كلاينت,12.767999649047852,TunSwitchCS_0000096_0000149_96_149_0,0.6571428571428571
labeled_linagora_cs_arabize,شنوقعد تسير في اخر وقت,شنوا قاعد يصير في آخر وقت,1.6640000343322754,TunSwitchTO_0000008_0000020_0000045_0000053n_8_20_45_53n_0,0.6666666666666666
labeled_linagora_cs_arabize,ن ل   معمل,كونفاليسونس معناها عملت كونفاليسونس هيلثي لي ما عملتش عملت مش كونفاليسونس ان في,6.6519999504089355,TunSwitchCS_0000097_0000188_97_188_0,1.0
labeled_linagora_cs_arabize,روبا سمحة اللي لبستها,روبة سمحة الي لابستها,2.072000026702881,TunSwitchTO_0000156_0000019_0000051_hk0000004_156_19_51_hk4_0,0.75
labeled_linagora_cs_arabize,مش نفس الكسبرسزة معناها اممبرشيب نتاعها مان لكوسب فيحذات,مش نفس ال اكسبيرتيز معناها ال ميمبرشيب متاعها مي لي كونسبت في حد ذاتو,4.656000137329102,TunSwitchCS_0000096_0000850_96_850_0,0.7857142857142857
labeled_linagora_cs_arabize,رن ي,وراهو انا ديس ويت ان متاعي هيا كاتر فان ديس نوف,3.009999990463257,TunSwitchCS_0000097_0000099_97_99_0,1.0
labeled_linagora_cs_arabize,حبو يول عده,يحبوا يوليو عندهم دي فورم دايور الي هوما مش,3.5299999713897705,TunSwitchCS_0000050_0000240_0000003_50_240_3_0,1.0
labeled_linagora_cs_arabize,metłata,متواضع,1.0880000591278076,metwadha3_17129_0,1.0
labeled_linagora_cs_arabize,فما شكون حلي جوابي,فمة شكون حلي جوابي,1.3200000524520874,TunSwitchTO_0000018_0000021_0000011_emc_18_21_11_emc_0,0.25
labeled_linagora_cs_arabize,لازم تكلمني عايشك,لازم تكلمني يعيشك,1.7920000553131104,TunSwitchTO_0000037_0000019_0000002_0000002ie_37_19_02_2ie_0,0.3333333333333333
labeled_linagora_cs_arabize,منعرفش علاش نا ي ا سمحني كاني غالطه اما قلت ريم اللي برشا,ما نعرفش علاش جاي بانس ا توا سامحني كان كاني غالطة اما قلت ريم الي برشا,6.354000091552734,TunSwitchCS_0000097_0000029_97_29_0,0.5625
labeled_linagora_cs_arabize,وقتاشيوف المسلسل المصد تو بعض م وفاة الكان وثانين على لداذ,وقتاش يوفى المسلسل الماسط توا بعد ما وفات الكان و تهنينا على الوليدات,4.567999839782715,TunSwitchTO_0000017_0000021_0000010_o0000005f_17_21_10_o5f_0,0.7692307692307693
labeled_linagora_cs_arabize,من عدمها إذا الطفل هذيك عطيها تعرس فقط وهذا اللي مايعجبنيش,من عدمها اذا الطفلة هاديكا عطيها تعرس فقط و هاذا الي ما يعجبنيش,4.02400016784668,TunSwitchTO_0000132_0000019_0000044_a0000003n_132_19_44_a3n_0,0.6153846153846154
labeled_linagora_cs_arabize,et pour commencer à s'installer là-dedans durant neuf mois ils vont être accompagnés sur le volets qui mecolna le volet technologique le volee entrepreneurial et création juridique etc et le volet pratiquement financier paupour,اي بور كومونسير ا سانستالي لا دون دوران نوف موا اي يلز فون اتر اكومباني سور لي فول كيما قلنا لي فول تكنولوجيك لي فولي اونترابرونوريال اي كرياسيون جوريديك اي سيتيرا اي لي فول براتيكمو فينانسي بور كي,15.0,TunSwitchCS_0000012_sub_audio_chunk_0000006_12_sub_audio_chunk_6_0,1.0
labeled_linagora_cs_arabize,بحض بيت الأمانة,بحذا بيت الامانات,1.159999966621399,TunSwitchTO_0000025_0000014_0000056_scd_25_14_56_scd_0,0.6666666666666666
labeled_linagora_cs_arabize,في تونس ثما برشا وبستاكل لكن نجمو احنا نتعداوهم بكل أكيد مناقفوش غادي,في تونس فمة برشا دي اوبستاكل لكن نجمو احنا نتعداوهم بيان سور ما ناقفوش غادي,5.208000183105469,TunSwitchCS_0000096_0000083_96_83_0,0.4666666666666667
labeled_linagora_cs_arabize,بالعكس ثم تشلن برشا كل لكن انتي تتحكم في الصورة نت,بالعكس معناها فمة دي شالنج برشا و كل لكن انت تتحكم في الصورة و انت,4.607999801635742,TunSwitchCS_0000096_0000331_96_331_0,0.5333333333333333
labeled_linagora_cs_arabize,ردك هذا اكدك لني كيقلت بعض الكرة من لمتدي العام,ردك هاذا ياكد كلامي كي قلت بعدو الكرة من المنتدى العام لانو,5.1519999504089355,TunSwitchTO_0000027_0000009_0000004_0000004tu_27_09_04_4tu_0,0.6666666666666666
labeled_linagora_cs_arabize,ملتزم بشهرية ولا بإنكام حتى كان انتي انبندا معش cوش ولا bنس اونر,ملتزم شهرية ولا انكوم حتى كان انت انديبندنت ما نعرفش كوتش ولا بيزنيس اونر,7.056000232696533,TunSwitchCS_0000096_0000759_96_759_0,0.5714285714285714
labeled_linagora_cs_arabize,تفهمنا بالوقت المحلي,تفاهمنا الثمنية و نصف بالوقت المحلي,1.6799999475479126,TunSwitchTO_0000023_0000018_0000015_ugi_23_18_15_ugi_0,0.6666666666666666
labeled_linagora_cs_arabize,हರ,حر,0.8479999899864197,horr_3125_0,1.0
labeled_linagora_cs_arabize,مش جست تعمل بوست ولا ستاتو ولا تصويره وإلا فيديو,جوست تعمل بوست و الا ستاتيو و لا تصويرة و الا فيديو,3.25600004196167,TunSwitchCS_0000096_0000057_96_57_0,0.8333333333333334
labeled_linagora_cs_arabize,انت البارح قتلي ركايب العزوزة البارح مشافي البارح اليوم طاجين مشرك,انت البارح قلتلي ركايب العزوزة البارح مشى في البارح اليوم طاجين مشرق,4.288000106811523,TunSwitchTO_0000074_0000019_0000025_mwj_74_19_25_mwj_0,0.3333333333333333
labeled_linagora_cs_arabize,عى الasسeت والliاbilities وactive income passive incoم,عال اسيتس و ليابيليتيز و اكتيف انكوم و باسيف انكوم,4.263999938964844,TunSwitchCS_0000034_0000044_0000001_34_44_1_0,1.0
labeled_linagora_cs_arabize,لصةف العجلة ش خذيت ال إني نخرج ونعطي  متاري والحقيقة,تحط العصا في العجلة سو خذيت ال ديسيجون اني نخرج و نعطي ال ديميسيون متاعي الحقيقة,6.74399995803833,TunSwitchCS_Melekher0000012_0000042_0000000_Melekher12_42_0_0,0.75
labeled_linagora_cs_arabize,لق غیر حمید حکیت صیر بت کبیر قراسنا مل,اخلاق غير حميدة حكايات للصغير و الكبير قراصنة ملا,3.191999912261963,TunSwitchTO_0000020_0000021_0000041_0000004s0000005_20_21_41_4s5_0,1.0
labeled_linagora_cs_arabize,كما قتلك عالم آخر معناها وندر زوز عباد دا بخسون,كيما قلتلك عالم آخر معناها اون ديراي زوز عباد دو بيرسون,3.9539999961853027,TunSwitchCS_0000096_0000350_96_350_0,0.5454545454545454
labeled_linagora_cs_arabize,عرفت  كن عبد,انتو كونسيديراسيون عرفت اكاللي كان عبد,3.4089999198913574,TunSwitchCS_Melekher0000009_0000050_0000001_Melekher9_50_1_0,0.6666666666666666
labeled_linagora_cs_arabize,اسمي مت,اسمي مهدي,0.628000020980835,TunSwitchCS_0000023_0000014_23_14_0,0.5
labeled_linagora_cs_arabize,cfa ma cdid,شفما جديد,1.5151000022888184,chafamma_jdid_31710_0,1.5
labeled_linagora_cs_arabize,شنو الزيادة على البجاج ازاي,شنوا الزيادة على الباقاج الزايد,1.5759999752044678,TunSwitchTO_0000019_0000021_0000011_0000002b0000009_19_21_11_2b9_0,0.6
labeled_linagora_cs_arabize,او شبهلي برشا,اوه يشبهلي برشا,1.6399999856948853,TunSwitchTO_0000027_0000021_0000044_g0000002r_27_21_44_g2r_0,0.6666666666666666
labeled_linagora_cs_arabize,د ل   ن      ن   لا,فيها واحد يتعدى كل مرة تاخذ حاجة منو ويعاود يل سي ريسورس فيه حاجة هاو هاو نوارة هاو دايور لي بتي برانس اكثر كتاب يخليك,11.210000038146973,TunSwitchCS_0000097_0000375_97_375_0,1.0
labeled_linagora_cs_arabize,أكثر شوية منالعام مش برشا بن سا بون ملعبد عى اللخر معناها سا دبون علاللاخر علالخر معبد ما مهمش,اكثر شوية من العام مش برشا بون سا ديباند من العبد عالاخر معناها سا ديباند عالاخر عالاخر فمة عباد ما يهمهم ش,5.73799991607666,TunSwitchCS_0000028_0000198_0000001_28_198_1_0,0.6818181818181818
labeled_linagora_cs_arabize,simple effective skin carوtin don't chang برشا you سkin cاroti تنجم مثلا تالترني زوز مثلا,زوز الترن تنجم مثلا سكين كير برشا سامبل بات افكتيف سكين كير روتين دونت شانج,9.39799976348877,TunSwitchCS_0000075_0000060_0000001_75_60_1_0,0.9333333333333333
labeled_linagora_cs_arabize,قلبي باش يقفو على هابلتها وسهرياتها وتصبيحنا وسفرنا والسربريزات اللي كانت تعملهملي,قلبي باش ياقف و على هبلاتنا و سهرياتنا و تصبيحنا وسفرنا و السوربريزات الي كانت تعملهملي,5.455999851226807,TunSwitchTO_0000030_0000018_0000021_0000009b0000002_30_18_21_9b2_0,0.625
labeled_linagora_cs_arabize,اليوم افترت طي لرأس عللوش مصلي يعمل لكيف وهو مجعلي نتذكر موضوعه هجرة,اليوم فطرت شطير راس علوش مصلي يعمل كيف وهو ما جعلني نتذكر موضوع هجرة,4.840000152587891,TunSwitchTO_0000174_0000019_0000057_0000623_174_19_57_623_0,0.5714285714285714
labeled_linagora_cs_arabize,إصلاح منظومة الحماية الاجتماعية من أولويات البلاد لتكريس العدالة بين جميع فئات المجتمع برامج الدولة اليوم م وتزيد ويلزمنا نحسن فها ومن أهمها إحداث برنامج الأمان الاجتماعي للفقراء وضعاف الحال,اصلاح منظومة الحماية الاجتماعية من اولويات البلاد لتكريس العدالة بين جميع فئات المجتمع برامج الدولة اليوم ماشية و تزيد و يلزمنا نحسنو فيها و من اهمها احداث برنامج الامان الاجتماعي للفقراء و ضعاف الحال,13.875,x_s3VeyGJlU_vocals_0,0.47058823529411764
labeled_linagora_cs_arabize,المنتفعين بالمنحة الشهرية وصلو ل ألف و شهريتهم تنجم توصل٤ دينار حسب عدد تطفيلهم و حالتهم,المنتفعين بالمنحة الشهرية وصلو لي ميتين خمسة و ثمانين الف و شهريتهم تنجم توصل لميتين و اربعين دينار حسب عدد اطفالهم و حالتهم,7.938000202178955,x_s3VeyGJlU_vocals_1,0.4782608695652174
labeled_linagora_cs_arabize,التغطية الصحية توسعت أكثر باش تزيد تشمل العاطلين عن العمل و تضمنلهم حقهم في العلاج الأجر الأدنى تزاد  مرات في  سنين الخرانين  وهك المتقاعدين في القطاع الخاص زادت جراياتهم,التغطية الصحية توسعت اكثر باش تزيد تشمل العاطلين عن العمل و تضمنلهم حقهم في العلاج الاجر الادنى تزاد ثلاثة مرات في الثلاثة سنين لخرانين الفين و سبعتاش الفين و ثمنطاش و الفين و تسعطاش و هكة المتقاعدين في القطاع الخاص تزادت جراياتهم,14.553000450134277,x_s3VeyGJlU_vocals_2,0.4523809523809524
labeled_linagora_cs_arabize,وتمتع بها أكثر من ألف منتفع,و تمتع بها اكثر من ستمياء و خمسين الف منتفع,2.8399999141693115,x_s3VeyGJlU_vocals_3,0.7
labeled_linagora_cs_arabize,مننحية خى ما ننو منومة أحميني,من ناحية اخرى ما ننساوش منظومة احميني,2.4400999546051025,x_s3VeyGJlU_vocals_4,0.8571428571428571
labeled_linagora_cs_arabize,اللي تبعثت توا توا للعاملات الريفيات في القطاع الفلاحي,الي تبعثت توا توا للعاملات الريفيات في القطاع الفلاحي,4.007999897003174,x_s3VeyGJlU_vocals_5,0.1111111111111111
labeled_linagora_cs_arabize,اللي باش تسهللهم التمتع بالتغطية الإجتماعية والتأمين عن حوادث الشغل,الي باش تسهلهم التمتع بالتغطية الاجتماعية و التامين عن حوادث الشغل,4.23199987411499,x_s3VeyGJlU_vocals_6,0.45454545454545453
labeled_linagora_cs_arabize,من خلال اإنخراط عن بعد بالتلفون,من خلال الانخراط عن بعد بالتليفون,2.4079999923706055,x_s3VeyGJlU_vocals_7,0.3333333333333333
labeled_linagora_cs_arabize,مع إحداث القانون الجديد الذي ينظم النقل متاعهم,مع احداث القانون الجديد الي ينظم النقل متاعهم,3.0959999561309814,x_s3VeyGJlU_vocals_8,0.25
labeled_linagora_cs_arabize,و على خاطر اليوم قاعدين نسرعو في رقمنة الخدمات الإجتماعية و تحديثها,و على خاطر اليوم قاعدين نسرعو في رقمنة الخدمات الاجتماعية و تحديثها,3.927999973297119,x_s3VeyGJlU_vocals_9,0.08333333333333333
labeled_linagora_cs_arabize,دين العمل بالمعرف الإجتماعي الوحيد مع توزيع البطاقة الذكية لا باس,بدينا العمل بالمعرف الاجتماعي الوحيد مع توزيع البطاقة الذكية لباس,4.593999862670898,x_s3VeyGJlU_vocals_10,0.4
labeled_linagora_cs_arabize,اللي باش يتمتع بيها أكثر من ملاين تونسي تابعين للضمان الاجتماعي,الي باش يتمتع بها اكثر من سبعة ملاين تونسي تابعين للضمان الاجتماعي,4.374100208282471,x_s3VeyGJlU_vocals_11,0.3333333333333333
labeled_linagora_cs_arabize,و نزيدوهم بطاقات العلاج أمان اللي قاعدة تتوزع على ٩٠٠ ألف عايلة محدودة الدخل,و نزيدوهم بطاقات العلاج امان الي قاعدة تتوزع على تسعمياء الف عائلة محدودة الدخل,5.656000137329102,x_s3VeyGJlU_vocals_12,0.35714285714285715
labeled_linagora_cs_arabize,وهك نكون قدمنا خطوة كبيرة,و هكة نكونو قدمنا خطوة كبيرة,1.9589999914169312,x_s3VeyGJlU_vocals_13,0.5
labeled_linagora_cs_arabize,باش منظومة الحماية الإجتماعية تولي شاملة للتوانسة الكل,باش منظومة الحماية الاجتماعية تولي شاملة للتوانسة الكل,3.5920000076293945,x_s3VeyGJlU_vocals_14,0.125
labeled_linagora_cs_arabize,نحب نقدم,نحب نقدم,0.8799999952316284,x_s3VeyGJlU_vocals_15,0.0
labeled_linagora_cs_arabize,issu mal,الصومال,1.2539000511169434,Essoumal_31536_0,2.0
labeled_linagora_cs_arabize,هاك الكل سهل ان تقر ديما تقعدفال ما قعد صاحب القرار,هذاكة لكلو ساهل كي انت تقررو خاطر ديما تقعد فال ديسيجون ديما انت تقعد صاحب القرار,5.199999809265137,TunSwitchCS_0000097_0000173_97_173_0,0.8125
labeled_linagora_cs_arabize,snaš,ثناش,1.0959999561309814,4nech_31319_0,1.0
labeled_linagora_cs_arabize,ämaþama,فمة فمة,2.2827999591827393,fama_4ema_13291_0,1.0
labeled_linagora_cs_arabize,سكرو البلاد على باقية العالم,سكروا البلاد على بقية العالم,1.9040000438690186,TunSwitchTO_0000028_0000020_0000054_lku_28_20_54_lku_0,0.4
labeled_linagora_cs_arabize,تعاو تعمل ا ل فينال,تعاود تعمل ال ديبريسيون بار سي كي او فينال,2.5399999618530273,TunSwitchCS_0000097_0000037_97_37_0,0.7777777777777778
labeled_linagora_cs_arabize,banaf sagi,بنفسجي,1.4880000352859497,banafsaji_30456_0,2.0
labeled_linagora_cs_arabize,makvol kas kas,مقفول و كسكاس,2.029599905014038,makfoul_et_keskes_31602_0,1.0
labeled_linagora_cs_arabize,قديش كريزا حلاقة لشتر النهار,بقداش كراء الزحلاقة لشطر نهار,1.4639999866485596,TunSwitchTO_0000034_0000018_0000023_0000003oy_34_18_23_3oy_0,1.0
labeled_linagora_cs_arabize,هذيك قدم just annاuncement متاع معلومة لي هذيك ي,هاذيكا قدمت جوست انونسمون متاع معلومة لي هاذيكا,2.9119999408721924,TunSwitchCS_0000096_0000207_96_207_0,0.75
labeled_linagora_cs_arabize,ناهم زوز دولار قط الباقى عندك,اهم زوز دولار حط الباقي عندك,2.303999900817871,TunSwitchTO_0000012_0000021_0000037_u0000003n_12_21_37_u3n_0,0.5
labeled_linagora_cs_arabize,ديما خاطر مثلا في الرعب فمديما مشاكل نتاع ل كون ول سل وني سل,ديما خاطر مثلا فال راب فمة ديما مشاكل متاع لي جينيراسيون شكون ال اولد سكول و نيو سكول,6.446000099182129,TunSwitchCS_0000098_0000101_98_101_0,0.7777777777777778
labeled_linagora_cs_arabize,العرس وتكملو في عقلك ل كل شي لازم قبل العرس,العرس و تكملو في عقلك مش كل شيء لازم قبل العرس,3.0959999561309814,TunSwitchTO_0000006_0000014_0000043_qpy_6_14_43_qpy_0,0.36363636363636365
labeled_linagora_cs_arabize,نحبيت الجوج قدات سوى الليلة,نحب بيت لزوز بقداش تسوى لليلة,2.111999988555908,TunSwitchTO_0000037_0000015_0000003_fyr_37_15_03_fyr_0,1.0
labeled_linagora_cs_arabize,wild,ولد,1.24590003490448,weld_10737_0,1.0
labeled_linagora_cs_arabize,هكه حاجاt de demonstration tutوrials,هكة حاجات دي ديمونستراسيون توتوريال,2.4639999866485596,TunSwitchCS_0000096_0000300_96_300_0,1.0
labeled_linagora_cs_arabize,فماشي بلا سه تقبل الغسيل نهار لحد,فماشي بلاصة تقبل الغسيل نهار الاحد,2.4079999923706055,TunSwitchTO_0000017_0000020_0000049_go0000004_17_20_49_go4_0,0.5
labeled_linagora_cs_arabize,serir,صغير,1.1200000047683716,sguir_7607_0,1.0
labeled_linagora_cs_arabize,هل يكفي اليوم اننقولو لي لغاش ا  كرا سوسيال ونعملو قانون جرم العنصرية والا لازمنا نكون واعين,هل يكفي اليوم انا نقولوا الي لا راس ايست يون كونستركسيون سوسيال و نعملوا قانون يجرم العنصرية و الا لازمنا نكونوا واعين,7.001999855041504,TunSwitchCS_0000050_0000008_0000001_50_8_1_0,0.6363636363636364
labeled_linagora_cs_arabize,خرج tو,خرج توا,1.2719999551773071,TunSwitchTO_0000076_0000019_0000026_hqq_76_19_26_hqq_0,0.5
labeled_linagora_cs_arabize,وهذك لاش اليوم جبتلكم هذ المشرع,وذاك علاش اليوم جبت لكم هالمشرب,2.552000045776367,amenyKH_0000011_chunk_0000067_011_chunk_67_0,0.8333333333333334
labeled_linagora_cs_arabize,يعملو في الحس ويقلدو في اصوات ويضحكو ويفدلكوا,يعملو فالحس و يقلدو في اصوات و يضحكو و يفدلكو,3.368000030517578,TunSwitchCS_0000023_0000126_23_126_0,0.7
labeled_linagora_cs_arabize,كيفاش نعملوا باش نمشيو الديزنيلاند,كيفاش نعملوا باش نمشيو لديزني لاند,2.2720000743865967,TunSwitchTO_0000103_0000019_0000034_0000038o_103_19_34_38o_0,0.3333333333333333
labeled_linagora_cs_arabize,تسعن دولار التسكرى ماشين بالصرف ولا بالكارد,تسعين دولار لتسكرة مشيان بالصرف ولا بالكارطة,2.9519999027252197,TunSwitchTO_0000027_0000021_0000014_gel_27_21_14_gel_0,0.5714285714285714
labeled_linagora_cs_arabize,عان سخت مماشوري خام متاعم الفورماتيون,ا ان سيرتان مومون باش يولي يخمم تعمل فورماسيون,2.384000062942505,TunSwitchCS_0000096_0000419_96_419_0,1.0
labeled_linagora_cs_arabize,ثم بونك قريبا محطة الترينو,فمة بنوك قريبة من محطة الترينو,2.815999984741211,TunSwitchTO_0000030_0000019_0000000_0000788_30_19_00_788_0,0.6666666666666666
labeled_linagora_cs_arabize,ما تمشيش تنجم تشوف مصورتي,ما تمشيش تنجم تشوف مصورتي,1.8240000009536743,TunSwitchTO_0000037_0000021_0000018_v0000021_37_21_18_v21_0,0.0
labeled_linagora_cs_arabize,قعدنا صحاب لرواحنا ب من العلاقة هذيك قررناها,قعدنا صحاب لرواحنا بور يون فوا معنتها العلاقة هاذيكا قررناها,5.4710001945495605,TunSwitchCS_0000097_0000071_97_71_0,0.5
labeled_linagora_cs_arabize,kariet,قريات,1.2379000186920166,9aryet_31899_0,1.0
labeled_linagora_cs_arabize,نلوج على كار توريد,نلوج على كارطة اوريدو,1.3040000200271606,TunSwitchTO_0000021_0000021_0000012_vet_21_21_12_vet_0,0.5
labeled_linagora_cs_arabize,قيد نمر بيتك في الظهر,قيد نومرو بيتك في الضهر,1.6239999532699585,TunSwitchTO_0000030_0000020_0000059_oiq_30_20_59_oiq_0,0.4
labeled_linagora_cs_arabize,معناها تي أنا الحقيقة ح أنا بخنمو استفدت منو الماسر كلاس علللخر خاطر أنا في حياتي الحقيقة النظام بالنسبة لي أانا حاجة صعيبة معناها,معناها انت انا لحقيقة حتى انا بيرسونالمون استفدت منو ال ماستركلاس عاللخر خاطر انا في حياتي لحقيقة النظام بالنسبة ليا انا حاجة صعيبة معناها,10.02400016784668,TunSwitchCS_0000096_0000612_96_612_0,0.5416666666666666
labeled_linagora_cs_arabize,لأنه المسافة بعيدة والشركة التونسية لتوزيع المياه تقول لك أنا,الا انو المسافة بعيدة و الشركة التونسية لتوزيع المياه تقول لك انا,4.576000213623047,amenyKH_partie0000004_chunk_0000116_partie4_chunk_116_0,0.4166666666666667
labeled_linagora_cs_arabize,donc partيr on cmmc toujour c l aدi,دونك ا بارتير اون كومونس توجور افيك لي وديت,2.6559998989105225,TunSwitchCS_0000095_0000042_95_42_0,1.0
labeled_linagora_cs_arabize,ليلات,اربعة ليلات,0.7919999957084656,TunSwitchTO_0000021_0000018_0000012_dq0000009_21_18_12_dq9_0,0.5
labeled_linagora_cs_arabize,لف كل قتحف,علاقة في مشكلة يعمل يعملك ايقاف تحفظي الي هو فان كاتر اور رينوفلاب دونك كارونت اور,6.75600004196167,TunSwitchCS_0000097_0000146_97_146_0,1.0
labeled_linagora_cs_arabize,و مي فوي ليك شو شيكن ن نحس الايموشنز لي قاعد نحس بيهم قاعدين يخرجو في صوتي,ماي فويس ايز سو شايكينق اند نحس ال ايموشيون اي قاعدا نحس بيهم قاعدين يخرجوا في صوتي,6.0960001945495605,TunSwitchCS_0000074_0000046_0000001_74_46_1_0,0.7058823529411765
labeled_linagora_cs_arabize,zuzmennis,زوز من الناس,2.128000020980835,TunSwitchTO_0000074_0000000_0000007_cc0000002_74_00_07_cc2_0,1.0
labeled_linagora_cs_arabize,لكن نعطيه الأهمية لمركز التكوين يلزم يولي فيه,لكن نعطيوا الاهمية لمركز التكوين يلزمو يولي في,3.128000020980835,TunSwitchTO_0000057_0000019_0000020_pus_57_19_20_pus_0,0.5
labeled_linagora_cs_arabize,لا تفهم حتى جملة من الإنجليزية,ما تفهمش حتى جملة من الانقليزية,1.8639999628067017,TunSwitchTO_0000003_0000006_0000055_hi0000008_3_06_55_hi8_0,0.5
labeled_linagora_cs_arabize,نحب سطوش ماكياش,نحب سطوش ماكياج,1.7120000123977661,TunSwitchTO_0000134_0000019_0000045_0000002is_134_19_45_2is_0,0.3333333333333333
labeled_linagora_cs_arabize,كان نا خلي بنتي نهار كاملة وهي شادة في النفلونسس هذيا هاي شرت الآيفون كاتر,كان انا نخلي بنتي نهار كامل و هيا شادة فال انفلوونسوز هاذيا هاي شرات ال ايفون كاتورز,4.736000061035156,TunSwitchCS_0000041_0000011_0000000_41_11_0_0,0.7058823529411765
labeled_linagora_cs_arabize,هو شديت روحي باش ما نكلموش ومن بعد رخيت نلقى التليفون وبسك,هو شديت روحي باش ما نكلموش و بعد رخيت نلق تاليفونو مسكر,4.216000080108643,TunSwitchTO_0000026_0000018_0000059_duy_26_18_59_duy_0,0.3333333333333333
labeled_linagora_cs_arabize,ruž,روج,1.6239999532699585,rouj_24203_0,1.0
labeled_linagora_cs_arabize,سم شايرز لك شيك معناها نهار ولا ساعة ولا وقت تقول نحب,سامتايمز لايك يجيك معناها نهار ولا ساعة ولا وقت تقول نحب,5.974999904632568,TunSwitchCS_0000060_0000026_0000002_60_26_2_0,0.36363636363636365
labeled_linagora_cs_arabize,تيماجن تكون كومبان نتاعك تسر في cنq ميل دولار pار جوع,دونك تو ايماجين تكون كومباني متاعك تصرف في سانك ميل دولار بار جور,3.48799991607666,TunSwitchCS_0000095_0000565_95_565_0,0.6923076923076923
labeled_linagora_cs_arabize,واحد وثلاثين ألف,واحد و ثلاثين الف,1.8320000171661377,wa7id_w_4la4ine_alf_31362_0,0.75
labeled_linagora_cs_arabize,مامشاش معاي,ما مشاش معايا,1.968000054359436,TunSwitchTO_0000097_0000019_0000034_flw_97_19_34_flw_0,1.0
labeled_linagora_cs_arabize,صير متأكدة ريم للداخل تعرف ل,بيان سور انا متاكدة ريم الداخل تعرف الي انت مش باش تمشي فيه,3.4800000190734863,TunSwitchCS_0000097_0000263_97_263_0,0.8461538461538461
labeled_linagora_cs_arabize,ما لينولي كن تبل لبيتر روا,معنتها لين وليت سي كون ابيل لي بيتر دو روا,3.635999917984009,TunSwitchCS_0000097_0000025_97_25_0,0.9
labeled_linagora_cs_arabize,تنبعث هالك كان تحب استنى هوني,توا نبعثهالك كان تحب استنى هوني,2.25600004196167,TunSwitchTO_0000016_0000021_0000039_0000032x_16_21_39_32x_0,0.3333333333333333
labeled_linagora_cs_arabize,في روحك اهم اكثر حجتين ظهيل العبد ي للحياة ويليها تكون لحياةه موجود يون سعيدنان,في في روحك الي هوما اكثر حاجتين ظاهرلي يخليوا العبد اتاشي للحياة و يخليها تكون جويز الحياة هاذيكا خاطر هو موجود باش يكون سعيد الانسان هذاكة و باش يخرج روحو مال,11.430000305175781,TunSwitchCS_0000097_0000229_97_229_0,0.7741935483870968
labeled_linagora_cs_arabize,ولا يقلك السنا ما فماش ميزانية متاع خلا طلوس دوسا لبلاد أمورها الأمنية ما تعجبش,ولا يقول لك السنة ما ثماش آه ميزانية متاع خلاعة في بلس ده سا البلاد امورها الامنية ما تعجبش,5.111999988555908,amenyKH_0000007_chunk_0000001_007_chunk_1_0,0.6842105263157895
labeled_linagora_cs_arabize,الحقيقة ماتفاهمناش أنا عندي برنسيب في حياتي في حياتي الشخصية واالعملية إنه,لحقيقة ما تفاهمناش انا عندي برينسيب في حياتي في حياتي الشخصية ولا العملية انو,7.3520002365112305,TunSwitchCS_0000096_0000253_96_253_0,0.5714285714285714
labeled_linagora_cs_arabize,وكيما كان يتعامل مع المنجي والسفر,و كيما كان يتعامل مع المنجي و السفر,1.9279999732971191,TunSwitchCS_0000019_0000059_19_59_0,0.5
labeled_linagora_cs_arabize,قلبي يوجعني,قلبي يوجعني,0.7039999961853027,TunSwitchTO_0000027_0000018_0000018_0000008up_27_18_18_8up_0,0.0
labeled_linagora_cs_arabize,easy on stage منتها ك معنتها ياسر ت شe ليiز جفa,ايزي اون ستاج معنتها لايك معنتها ياسر تو از تو ا لايز تو فوا,4.535999774932861,TunSwitchCS_0000095_0000470_95_470_0,0.8571428571428571
labeled_linagora_cs_arabize,عندي يصغر منها في الموديل هو بيده,عندي اصغر منها في المودال هو بيده,2.5439999103546143,TunSwitchTO_0000010_0000020_0000045_i0000009_10_20_45_i09_0,0.2857142857142857
labeled_linagora_cs_arabize,اوه يا ربي مكنتش نتصور باللي مزال عندي هذ,اوه يا ربي ما كنتش نتصور باللي مازال عندي هاذا,2.5840001106262207,TunSwitchTO_0000172_0000019_0000055_quz_172_19_55_quz_0,0.4
labeled_linagora_cs_arabize,في الساك هذا مهما كان الطقس,في الصاك هاذا مهما كان الطقس,2.328000068664551,TunSwitchTO_0000063_0000019_0000023_0000001ok_63_19_23_1ok_0,0.3333333333333333
labeled_linagora_cs_arabize,معناها فما واقع مرير بحقيقه ليعيشو فيه هما نا,معناها فمة واقع مرير الحقيقة لي يعيشوا فيه هوما الناس,4.348999977111816,TunSwitchCS_0000051_0000107_0000002_51_107_2_0,0.6
labeled_linagora_cs_arabize,راهو انتربرنور مش معناها,راهو اونترابرونور مش معناها,3.247999906539917,TunSwitchCS_0000096_0000325_96_325_0,0.25
labeled_linagora_cs_arabize,الصحافيين التونسيين تلما يتعرضولو في تقاريرهم الثانوية يعني ما تقولوليش اللي مفبلكم,الصحفيين التونسيين ديما يتعرضولو في تقاريرهم السنوية يعني ما تقولوليش الي ما في بالكمش,5.751999855041504,TunSwitchTO_0000011_0000021_0000036_0000008ww_11_21_36_8ww_0,0.5
labeled_linagora_cs_arabize,فما وين نحطو الشوبات قريب من هوني,فمة وين نحطوا الجوابات قرييب من هوني,2.496000051498413,TunSwitchTO_0000149_0000019_0000049_0000001n0000005_149_19_49_1n5_0,0.5714285714285714
labeled_linagora_cs_arabize,فيه سبع أنواع من الفيتامينات والمعاد,فيه سبعة انواع من الفتامينات و المعادن,3.9200000762939453,TunSwitchTO_0000048_0000019_0000017_dnp_48_19_17_dnp_0,0.7142857142857143
labeled_linagora_cs_arabize,dabuza,دبوزة,1.24590003490448,dabouza_10815_0,1.0
labeled_linagora_cs_arabize,عجبتني الخرجة يعيش,عجبتني الخرجة يعيشك,1.4559999704360962,TunSwitchTO_0000009_0000014_0000044_mnr_9_14_44_mnr_0,0.3333333333333333
labeled_linagora_cs_arabize,vusa,بوسا,1.1200000047683716,boussa_31023_0,1.0
labeled_linagora_cs_arabize,دوك إحنا هناا التريك لي قيناها لفومولة باش نرع ديما الادي متاعنا منوعة معناها,دونك احنا هنا الطريق لي لقيناها لا فورمول باش نرجعوا ديما ال اوديونس متاعنا منوعة معناها,6.0320000648498535,TunSwitchCS_0000096_0000648_96_648_0,0.625
labeled_linagora_cs_arabize,شوف هاديما الصباح في الترينو,نشوفها ديما الصباح في الترينو,2.4800000190734863,TunSwitchTO_0000046_0000019_0000017_0000007dj_46_19_17_7dj_0,0.4
labeled_linagora_cs_arabize,عنeب,عنب,1.2379000186920166,3neb_31126_0,1.0
labeled_linagora_cs_arabize,ا ي ناكل نشرب نترينا نز لدي المكتب نر مخي سكرت  ر,ان دو تروا ناكل نشرب نترانا نهز ولادي للمكتب نروح مخي سكرتوا سكرت,5.729000091552734,TunSwitchCS_0000097_0000191_97_191_0,0.7692307692307693
labeled_linagora_cs_arabize,ns bynit ɛref wim tḥud saqik tunes by nigt disdur,تونس باي نايت اعرف وين تحط ساقيك تونس باي نايتدز دورى,4.868000030517578,TunSwitchTO_0000043_0000015_0000028_ah0000007_43_15_28_ah7_0,1.0
labeled_linagora_cs_arabize,nnajem nhez ṣṣḥuna,انجم نهز الصحونة,1.7519999742507935,TunSwitchTO_0000069_0000019_0000024_gep_69_19_24_gep_0,1.0
labeled_linagora_cs_arabize,lbit hadi asel sɣir,البيت هاذي ياسر صغيرة,2.1040000915527344,TunSwitchTO_0000002_0000021_0000005_krq_2_21_05_krq_0,1.0
labeled_linagora_cs_arabize,انك سف سلكناه شوية ي عدنا كوم عنا de iنجéنer وعدنا بغاماnt دي,دونك سا فا سلكناها شوية اي عنا كوم عنا دي انجينير و عنا فريمون دي,5.97599983215332,TunSwitchCS_0000095_0000589_95_589_0,0.7333333333333333
labeled_linagora_cs_arabize,في القهوة هذه نحس روحي نعيش في كل تركينة من الشارع هذا ثما لقشة من الروح,في القهوة هاذي نحس روحي نعيش في كل تركينة من الشارع هاذا فمة لقشة من روحي,4.671999931335449,TunSwitchTO_0000089_0000019_0000031_d0000006i_89_19_31_d6i_0,0.25
labeled_linagora_cs_arabize,الويقع متاع لوsيn المع,المعامل لي وزين الواقع متاع ال,3.6760001182556152,TunSwitchCS_0000076_0000075_0000004_76_75_4_0,1.0
labeled_linagora_cs_arabize,كان إبراهيم رجل صالح ويعرف ربي وكان زادة رجل غني برشا نهار من لنهارات شاف إبراهيم منامة ظهر لو فيها ربي باش يقلو ما تخافش يا إبراهيم أنا باش نحميك,كان ابراهيم راجل صالح و يعرف ربي و كان زادة راجل غني برشا نهار من نهارات شاف ابراهيم منامة ظهرلو فيها ربي باش يقلو ما تخافش يا ابراهيم انا باش نحميك,13.880000114440918,05_Abraham2_Hajer_Ishmael_OneStory_AEB_0,0.41935483870967744
labeled_linagora_cs_arabize,وأجرك كبير عندي وقتها جاوب إبراهيم ربي وقاله ياربي كيفاش باش تجازيني وأنا ماشي من ها الدنيا هاذي حتى وليد ماعنديش باش يرثني من بعد ما نموت خدمي هو اللي باش يرثني,وآجرك كبير عندي وقتها جاوب ابراهيم ربي و قالوا يا ربي كيفاش باش تجازيني و انا ماشي من ها الدنية هاذي حتى وليد ما عنديش باش يورثني من بعد ما نموت خديمي هو الي باش يورثني,13.567999839782715,05_Abraham2_Hajer_Ishmael_OneStory_AEB_1,0.4166666666666667
labeled_linagora_cs_arabize,ياخي جاوبو ربي وقالو مش خديمك اللي باش يورثك أما ولدك اللي باش يجي منك هو اللي باش يورثك وصدق إبراهيم كلام ربي وآمن بيه,يخي جاوبو ربي و قالوا مش خديمك الي باش يورثك اما ولدك الي باش يجي منك هو الي باش يورثك و صدق ابراهيم كلام ربي و آمن بيه,11.399999618530273,05_Abraham2_Hajer_Ishmael_OneStory_AEB_2,0.42857142857142855
labeled_linagora_cs_arabize,نهار من نهارات خزرت سارة مرت إبراهيم لرجلها وقاتلو أنا توا ما نظناش علاش ما تاخذش خدينتي هاجر فماش ما ربي يرزقنا بوليد منها,نهار من نهارات خزرت سارة مرة ابراهيم لراجلها و قتلو انا توا ما نظناش علاش ما تخذشي خديمتي هاجر فماش ما ربي يرزقنا بوليد منها,12.071999549865723,05_Abraham2_Hajer_Ishmael_OneStory_AEB_3,0.32
labeled_linagora_cs_arabize,وعمل لإبراهيم كيفما قتلو مرته صرة وخذاه هاجر,و عمل ابراهيم كيف ما قالتلو مرتو سارة و خذا هاجر,3.808000087738037,05_Abraham2_Hajer_Ishmael_OneStory_AEB_4,0.9090909090909091
labeled_linagora_cs_arabize,وحبلت هاجر أما من بعد ما حبلت ولات متكبرة على لليتها سارة الشي اللي خلا سارة تغزر لإبراهيم رجلها وتقلو,و حبلت هاجر اما من بعد ما حبلت ولات متكبرة على للاتها سارة الشي الي خلى سارة تخزر لابراهيم راجلها و تقلو,9.727999687194824,05_Abraham2_Hajer_Ishmael_OneStory_AEB_5,0.5
labeled_linagora_cs_arabize,يا براهيم هذاكفوية معاك من بعد ما خذيتلك خديمتي وكيف ماحبلت أنا لليتها صغرت فعينيها ولات تغزر لي بمحقرانية,ابراهيم هاذا كفويا معاك من بعد ما خذيتلك خديمتي و كيف ما حبلت انا للاتها صغرت في عينيها ولات تخزرلي بمحقرانية,8.984000205993652,05_Abraham2_Hajer_Ishmael_OneStory_AEB_6,0.6190476190476191
labeled_linagora_cs_arabize,ربي هو اللي يفصلها مبيناتنا يا براهيم ياخي جاوبها براهيم وقتها وقاللها هاني خدامتك قدامك اعمل فيها اللي تحب عليه,ربي هو الي يفصلها ما بيناتنا يا ابراهيم ياخي جاوبها ابراهيم وقتها و قلها هاني خديمتك قدامك اعمل فيها الي تحب عليه,9.423999786376953,05_Abraham2_Hajer_Ishmael_OneStory_AEB_7,0.4090909090909091
labeled_linagora_cs_arabize,وقتها بذيت صارة تظل في هاجر لين خرجت هاجر وهربت منها وقعدت ماشية فالثنية لين ظهرتلها ملايكة من عن ربي وأمرتها باش ترجع لليتها سارة وتسمع كلامها,وقتها بدات سارة تذل في هاجر لين خرجت هاجر و هربت منها و قعدت ماشية في الثنية لين ظهرتلها ملايكة من عند ربي آمرتها باش ترجع للاتها سارة و تسمع كلامها,13.960000038146973,05_Abraham2_Hajer_Ishmael_OneStory_AEB_8,0.45161290322580644
labeled_linagora_cs_arabize,وزاد وعد ربي هاجر باش يكفر اولادها لين ماعادش يتعدو وقاللها ربي اللي باش تولدو ليد وتسميه اسماعيل ومعناها ربي اسمع,و زادة وعد هاجر ربي باش يكثر اولادها لين ما عادش يتعده و قلها ربي الي باش تولد وليد و تسميه اسماعيل و معناها ربي يسمع,12.472000122070312,05_Abraham2_Hajer_Ishmael_OneStory_AEB_9,0.6923076923076923
labeled_linagora_cs_arabize,على خاطر ربي اسمعه صوتها وقت اللي تانت وتذلت وعملت هاجر كيف ماقالها ربي وقت اللي ولدت ولدها سميته اسماعيل,على خاطر ربي سمع صوتها وقت الي تهانت وتذلت و عملت هاجر كيف ما قلها ربي وقت الي ولدت ولدها سماتو اسماعيل,10.279999732971191,05_Abraham2_Hajer_Ishmael_OneStory_AEB_10,0.4090909090909091
labeled_linagora_cs_arabize,ووقت اللي ولدته كان عمر ابراهيم سنة,و كان وقتها وقت الي ولدت كان عمر ابراهيم ستا و ثمانين سنة,4.1519999504089355,05_Abraham2_Hajer_Ishmael_OneStory_AEB_11,0.6923076923076923
labeled_linagora_cs_arabize,بشاr خايب يعيف,بشع خايب يعيف,3.4240000247955322,becha3_5ayeb_y3ayef_12900_0,0.3333333333333333
labeled_linagora_cs_arabize,فما ريحة زهر تضربك ع الدخلة وهكا الديكور التونسي الحر وسط دار كبيرة في,فمة ريحة زهر تضربك عالدخلة وهاك الديكور التونسي الحر وسط دار كبير في,5.751999855041504,TunSwitchTO_0000030_0000015_0000000_p0000009o_30_15_00_p9o_0,0.38461538461538464
labeled_linagora_cs_arabize,باهي مفما حتى مشكل نجم نشوف باسبورك,باهي ما فمة حتى مشكل انجم نشوف باسبورك,2.063999891281128,TunSwitchTO_0000154_0000019_0000051_a0000033_154_19_51_a33_0,0.375
labeled_linagora_cs_arabize,قطلو ب نجي يك مشينا لتونس نحوسو مشينا لمرسة درنا,قتلو باهي نمشيوا اكاهو مشينا لتونس نحوسوا مشينا للمرسى درنا,4.400000095367432,TunSwitchCS_0000027_0000175_0000001_27_175_1_0,0.6
labeled_linagora_cs_arabize,نحب تريكوسوفيدهطوا,نحب تريكو صوف يديه طوال,1.74399995803833,TunSwitchTO_0000021_0000020_0000051_0000006rp_21_20_51_6rp_0,0.8
labeled_linagora_cs_arabize,فمشي بلاي اسماح في الحي,فماشي بلايص سماح في الحي,1.9040000438690186,TunSwitchTO_0000039_0000018_0000057_0000007p0000008_39_18_57_7p8_0,0.6
labeled_linagora_cs_arabize,ويلزمك تستنى الإكسبريس وع أخرى فيصل الصمعي للتعليق على هذا الموضوع,ويلزمك تستنى لكسبريس سويعة اخرى فيصل الصمعي للتعليق على هاذا الموضوع,5.684000015258789,TunSwitchTO_0000044_0000019_0000016_0000003df_44_19_16_3df_0,0.36363636363636365
labeled_linagora_cs_arabize,þför,صفر,0.9760000109672546,sfer_6232_0,1.0
labeled_linagora_cs_arabize,وسبو تونس وقالوا من البلاد ولات هيستيريا جماعية وبعد نفس هك الناس هذوكم هعرضوهم,وسبو تونس وقالوا ملا بلاد وولات هيستيريا جماعية و بعد نفس هاك الناس هذوكم عرضوهم,5.984000205993652,TunSwitchTO_0000168_0000019_0000055_sm0000000_168_19_55_sm0_0,0.4666666666666667
labeled_linagora_cs_arabize,إنو يقعد يستنى لآخر شهر باش يعرف روح ربح ولاه على خاطر توسiمبلمون الانفsقmeنت يسير,انو يقعد يستنى لاخر الشهر باش يعرف روحو ربح ولا لا على خاطر تو سامبلمون ال انفستمنت يصير,5.831999778747559,TunSwitchCS_0000095_0000909_95_909_0,0.6111111111111112
labeled_linagora_cs_arabize,دونك أول حاجة سيك,دونك اول حاجة سي كي,2.1040000915527344,TunSwitchCS_0000095_0000941_95_941_0,0.6
labeled_linagora_cs_arabize,حتى كيف نمشي نقدي لاي اسامبل من لي جران سيرفا س,حتى كيف نمشي نقضي بار اكزامبل من لي قراند سورفاس,3.5840001106262207,TunSwitchCS_0000053_0000150_0000003_53_150_3_0,0.6
labeled_linagora_cs_arabize,كمخرجت جملة منالدار جملة أربعة شهور,نتفكر سيشن ما خرجتش جملة من الدار جملة اربعة شهور,4.02400016784668,TunSwitchCS_0000027_0000359_0000000_27_359_0_0,0.7
labeled_linagora_cs_arabize,nimr,نمر,1.507099986076355,nmer_28718_0,1.0
labeled_linagora_cs_arabize,اللهك ما يزمش تتقال كلمة جيم ولا جيم با,الور كي ما يلزمش تتقال كلمة جايم ولا جايم با,2.359999895095825,TunSwitchCS_0000096_0000188_96_188_0,0.5
labeled_linagora_cs_arabize,هاو كيفاش صنعناه البرنامج وك عبرناه النقمة كيفي برنامجي من يسار متاعاها,هاو كيفاش صنعناه البرنامج و كعبرناها لنقمة تي في برنامج يمين يسار متاع,4.631999969482422,TunSwitchTO_0000004_0000021_0000006_0000032e_4_21_06_32e_0,0.6153846153846154
labeled_linagora_cs_arabize,سي ماس ا طخيك  لا كارت معنتها باش تخد الناس كل معنته لمخكي تجينا,سي با ان تروك ا لا كارت معنتها باش تخدم الناس الكل معنتها لا مارك تجينا,4.9120001792907715,TunSwitchCS_0000095_0001178_95_1178_0,0.5625
labeled_linagora_cs_arabize,دور على اليسار مع الزنقة الثالثة,دور على الليسار مع الزنقة الثالثة,1.7280000448226929,TunSwitchTO_0000128_0000019_0000042_id0000008_128_19_42_id8_0,0.16666666666666666
labeled_linagora_cs_arabize,بالنسبة للناس الي عندهم أفكار بار إكسومبل اليوم,بالنسبة للناس لي عندهم افكار بار اكزامبل اليوم,3.0480000972747803,TunSwitchCS_0000005_0000021_5_21_0,0.375
labeled_linagora_cs_arabize,كيفاش نوا حددلي ممثل ولا كوتش قوللي لاكوتش قولله تحب الشي هذا ونشوف فيه اللي هو انت تحب شفت روحك أوكي فزي هو كيفاش لعم,كيف شنوا حددلي ممثل و لا كوتش يقلي لا كوتش نقلو تحب الش هاذا و نشوف فيه الي هو انت تحب شفت روحك اوكي فازي هاو كيفاش تعمل,11.008000373840332,TunSwitchCS_0000043_0000079_0000000_43_79_0_0,0.6071428571428571
labeled_linagora_cs_arabize,نتي ك دخلت معنا مامبر عندك وبجكتيف تو مو لوص,انت كان دخلت معانا ميمبر عندك اوبجيكتيف تو فو لانسي,3.184000015258789,TunSwitchCS_0000096_0000721_96_721_0,0.7
labeled_linagora_cs_arabize,لا تحب بيت بزوز فروشات لاستخدام شخص برك عدنا وحدة حاضرة,لا تحب بيت بزوز فروشات لاستخدام شخص بركا عندنا واحدة حاضرة,5.751999855041504,TunSwitchTO_0000002_0000006_0000055_zzx_2_06_55_zzx_0,0.2727272727272727
labeled_linagora_cs_arabize,ḥalluf rbif,حلوف خبيث,1.9759999513626099,7alouf_5bith_16343_0,1.0
labeled_linagora_cs_arabize,nḥb fayiqa iɛick,نحب فياقة يعيشك,2.312000036239624,TunSwitchTO_0000068_0000000_0000003_b0000072_68_00_03_b72_0,1.0
labeled_linagora_cs_arabize,تو بيدربي سبحان أسألت لل اسألوه البخت وعنا مثل شب,المكتوب بيد ربي سبحانو وان سالتم الله فاسئلوه البخت وعنا مثل شعبي,4.808000087738037,TunSwitchTO_0000018_0000021_0000039_0000039h_18_21_39_39h_0,0.75
labeled_linagora_cs_arabize,كسمشي وكسجيلينوقيت بليلهحمره كيم,كاس يمشي و كاس يجي لين وفات بليلة حمراء في لون الروبة,3.624000072479248,TunSwitchTO_0000036_0000009_0000007_ksp_36_09_07_ksp_0,1.0
labeled_linagora_cs_arabize,مع النظام السابق حاجة أخرى نلقاوها في هذوما هي بالتصور متاع في لمظار,مع النظام السابق حاجة اخرى نلقاوها في هذوما هيا بتصاور متاع فيلم ظافر,4.895999908447266,TunSwitchTO_0000113_0000019_0000037_a0000007s_113_19_37_a7s_0,0.38461538461538464
labeled_linagora_cs_arabize,جنات تكماندي في زاي تنكري باش تعمل افيديو على اتيكتوك هذي,جنات تكمندي في زي تنكري باش تعمل فيديو عالتيك توك هاذي,3.440000057220459,TunSwitchTO_0000059_0000019_0000022_dix_59_19_22_dix_0,0.5454545454545454
labeled_linagora_cs_arabize,شنوا قريت نعرفش éكونومي جستو كونطابيليتي,شنوا قريت ما نعرف ش ايكونومي جيستيون كونتابيليتي,3.640000104904175,TunSwitchCS_0000096_0000472_96_472_0,0.75
labeled_linagora_cs_arabize,قصر عليها ثنية في كوتا ويب سايت باش تعمل بي كذي اكسيتيرا ولا لانديج باج حتى تيجا خدمتها ومجربتها وتخدم فيها لليكلا متاعه,تقصر عليا الثنية في كوت ويبسايت باش تعمل بيه كذا اي سيتيرا ولا لاندينق باج حتى ديجا خادمتهم و مجربتها و تخدم فيها لي كلاينت متاعها,7.751999855041504,TunSwitchCS_0000096_0000678_96_678_0,0.7692307692307693
labeled_linagora_cs_arabize,ومن بعد أكوردو لانيك تقعد تحكي معاهم هليك هو غا المول,و من بعد او كور دي لاني كي تقعد تحكي معاهم هذاكة هو ريلمون,3.9089999198913574,TunSwitchCS_0000095_0000626_95_626_0,0.7142857142857143
labeled_linagora_cs_arabize,بون ل ماتوريتي بعيدة على بعضها برشا,بون لا ماتوريتي بعيد على بعضها برشا,2.864000082015991,TunSwitchCS_0000095_0000260_95_260_0,0.2857142857142857
labeled_linagora_cs_arabize,االسو السمب معناها تاكل بالمنظم تمشي تترينا بالجدية,سو سامبل معناها تاكل بالمنظم تمشي تترانا بالقدا,4.9629998207092285,TunSwitchCS_Melekher0000011_0000089_0000000_Melekher11_89_0_0,0.5
labeled_linagora_cs_arabize,سوبوزي تجي في مخكر نت باش تحل بيزنس ولازمك ليونات لازمك تدور عالعباد وتعمل بروسبكتا وتبعث ميساجات وايميل وتدق حتى عالبيبان باش تقولهم راهو انا عندي كذا ونجم نخدملك,سوبوز تجي في مخك الي انت باش تحل بيزنيس و لازم كليونات لازمك تدور عالعباد و تعمل بروسبيكسيون و تبعث ميساجات و دي ايميل و تدق حتى عالبيبان باش تقولهم راهو انا عندي كذا و تنجم نخدملك,12.064000129699707,TunSwitchCS_0000096_0000364_96_364_0,0.5405405405405406
labeled_linagora_cs_arabize,نرجم لطيح السوم ال دولاري عايشgا,تنجم تطيح السوم لعشرين دولار يعيشك,2.640000104904175,TunSwitchTO_0000049_0000011_0000011_gbv_49_11_11_gbv_0,0.8333333333333334
labeled_linagora_cs_arabize,جلسة,جلسة,1.0108000040054321,jalsa_31734_0,0.0
labeled_linagora_cs_arabize,tenin,تنين,1.2299000024795532,tennin_6897_0,1.0
labeled_linagora_cs_arabize,راس باش يتكسر لدون االي تتبدل شوية مع صديق سيبيا كهومشيت للبحدة صاحبتي حكاية جمعة يظهرلي من المرو,راسك باش يتكسر دونك اكلي تبدل شوية مع صديق سي بيان كهو مشيت بحذا صاحبتي حكاية جمعا يضهرلي مال بيريود دي,10.161999702453613,TunSwitchCS_0000027_0000273_0000001_27_273_1_0,0.6666666666666666
labeled_linagora_cs_arabize,saib,صعيب,1.2719999551773071,s3ib_6305_0,1.0
labeled_linagora_cs_arabize,لازم ندور عى الليساء,لازمني ندور على ليسار,2.7360000610351562,TunSwitchTO_0000029_0000014_0000059_wok_29_14_59_wok_0,0.75
labeled_linagora_cs_arabize,اللي تنجم تنجح بيهم ولا اطرافير ستراتيجيات هادوكم تنجح بيهم على السوشيال ميديا,الي تنجم تنجح بيهم ولا ا ترافير الستراتيجيات هاذوكم تنجح بيهم على ال سوشيال ميديا,5.432000160217285,TunSwitchCS_0000096_0000052_96_52_0,0.4666666666666667
labeled_linagora_cs_arabize,برغم ميعرفونيش معناه ر ير ذاي ور هيلبن مي ووت,بالرغم ما يعرفونيش معناها ذاي وير ذاي وير هلبينق مي اوت,3.2960000038146973,TunSwitchCS_0000071_0000026_0000001_71_26_1_0,0.8181818181818182
labeled_linagora_cs_arabize,دكتور هيشم عمي أعوينا هو ضيفنا اليوم في الستوديو,آه دكتور هشام عم عوينة هو ضيفنا اليوم في الستوديو,3.4159998893737793,amenyKH_0000006_0000006_0002012_partie0000006_chunk_0000007_06_06_2012_partie6_chunk_7_0,0.4
labeled_linagora_cs_arabize,تسكارز,وقتاش خرجت,0.5680000185966492,TunSwitchCS_0000022_0000178_22_178_0,1.0
labeled_linagora_cs_arabize,خاطر cاكا تو ا بتي دe باز موك ترجعلو تu كmاnce pاغ,خاطر سي كي تو از باتي دي با لازمك ترجعلو تو كومونس بار,4.159999847412109,TunSwitchCS_0000095_0000138_95_138_0,0.7692307692307693
labeled_linagora_cs_arabize,إيي باش نب البنيا هاذي,ايه بجنب البنية هاذي,2.5239999294281006,TunSwitchTO_0000031_0000021_0000046_rjc_31_21_46_rjc_0,1.0
labeled_linagora_cs_arabize,لانتياسر سمح,انت ياسر سمحة,1.6160000562667847,TunSwitchTO_0000026_0000020_0000053_nwy_26_20_53_nwy_0,1.0
labeled_linagora_cs_arabize,دايار حب روحك حتى كان محابوكش,دايور حب روحك حتى كان ما حبوكش,3.069999933242798,TunSwitchCS_0000097_0000469_97_469_0,0.42857142857142855
labeled_linagora_cs_arabize,معنه قتوسة ونبتيت واحد  هذيك هي ي غا هاذيك هي الدنيا هذيك هي العيشة,معناها قطوسة و نبتات و واحد و يت مايد ماي داي سو هاذايكا هيا يو قايز هاذيكا هيا الدنيا هاديكا هيا العيشة,12.0,TunSwitchCS_Melekher0000008_0000146_0000000_Melekher8_146_0_0,0.8636363636363636
labeled_linagora_cs_arabize,مش هكل كل حويجات مش غادية,مش هكة الكل حويجات مش غاليين,1.815999984741211,TunSwitchTO_0000038_0000021_0000019_gpr_38_21_19_gpr_0,0.5
labeled_linagora_cs_arabize,ومن لا عنده فضة فعنه الناس مفضل,و من لا عنده فضة فعنه الناس منفضة,3.1070001125335693,TunSwitchCS_0000020_0000143_20_143_0,0.375
labeled_linagora_cs_arabize,وش متعاركة معاها أمك نكذب على خاطر عيب وزيد من البرح كي تعديتلي,مش متعاركة معاها امك نكذب على خاطر عيب وزيد مانا البارح كي تعديتلي,4.895999908447266,TunSwitchTO_0000026_0000021_0000014_qob_26_21_14_qob_0,0.3076923076923077
labeled_linagora_cs_arabize,لا تفضل تنجم تخلي أسئلتك لللخر كيف نكمل نصدعك,لا تفضل تنجم تخلي اسئلتك للخر كيف نكمل نستدعيكم,3.8399999141693115,TunSwitchTO_0000015_0000021_0000010_u0000004_15_21_10_u04_0,0.3333333333333333
labeled_linagora_cs_arabize,الدرسة القدامية عاملة في,الضرسة القدامية عاملة فية,1.5839999914169312,TunSwitchTO_0000032_0000019_0000001_0000008g0000003_32_19_01_8g3_0,0.5
labeled_linagora_cs_arabize,ما- ما حكيت هك مع البروفيت ما تفاهم- مش مات,ما حكيت هكة مع البروفات متفاهميش مش,3.4240000247955322,TunSwitchCS_0000028_0000111_0000003_28_111_3_0,0.8571428571428571
labeled_linagora_cs_arabize,معا محر بالتفون ح,معانا محرز بالتليفون مرحبا,1.527999997138977,amenyKH_0000006_0000006_0002012_partie0000001_0000003_chunk_0000108_06_06_2012_partie1_3_chunk_108_0,1.0
labeled_linagora_cs_arabize,م منرساعت تحني إيماني قوية عر اطر,تري تري سبيسيال معنتها من شيرة ساعات تحسني ايماني قوي عاللخر خاطر من,6.199999809265137,TunSwitchCS_0000097_0000385_97_385_0,1.0
labeled_linagora_cs_arabize,انا ريم عطوشي ن نمريت حد اخر يدللني حم كون بابا امي اختي صديقي,انا ريم عطشوشي بو اتر جي ميريط كي حد اخر يدللني حتى انا شكون بابا امي اختي صديقي,7.563000202178955,TunSwitchCS_0000097_0000284_97_284_0,0.5
labeled_linagora_cs_arabize,ختار الشرب للي ساعد,اختار الشراب الي يساعدك,1.3519999980926514,TunSwitchTO_0000022_0000020_0000051_cx0000004_22_20_51_cx4_0,1.0
labeled_linagora_cs_arabize,الشيفر يوريوك وين وين يازمك تمشيو كفاش لبيزنيس موديل لازمو يتبدل,لي شيفر يوريوك وين وين يلزمك تمشي و كيفاش لي بيزنيس موديل يلزم يتبدل,4.171000003814697,TunSwitchCS_0000095_0000090_95_90_0,0.6428571428571429
labeled_linagora_cs_arabize,سا ليل منتها بالعكس ثم عباد يجي ويرجعوث,سينون لا لا لي رياكسيون معنتها بالعكس فمة عباد يجيوا و يرجعوا فمة,4.744999885559082,TunSwitchCS_0000098_0000230_98_230_0,0.8461538461538461
labeled_linagora_cs_arabize,قلتبلحق اكا شو ساد وحسيت روحي هكا ام ستوبيد وانا ام دوم ن,قلت الي بالحق اي واز سو ساد و حسيت روحي هكة ايم ستوبيد و انا ايم دامب اند,6.431000232696533,TunSwitchCS_0000070_0000125_0000002_70_125_2_0,0.8333333333333334
labeled_linagora_cs_arabize,smet,سميد,1.2379000186920166,smid_31782_0,1.0
labeled_linagora_cs_arabize,و إسم السائر الكبير وقد اخترته لأنه شخصية مثيرة ينذر حتها,هو اسم الثائر الكبير و قد اخترته لانه شخصية مثيرة و يندر و جودها,4.400000095367432,TunSwitchTO_0000010_0000021_0000035_0000004f0000007_10_21_35_4f7_0,0.7142857142857143
labeled_linagora_cs_arabize,dictionnaire,ديكسيونار,1.503999948501587,dictionnaire_6295_0,1.0
labeled_linagora_cs_arabize,يمكن أما لازمنا أحطهم بعض على بعضهم,يمكن اما لازمنا نحطوهم بعاد على بعضهم,2.063999891281128,TunSwitchTO_0000167_0000019_0000054_bb0000004_167_19_54_bb4_0,0.42857142857142855
labeled_linagora_cs_arabize,don j'volا montre ça et ج'vola montre zادa notre savoir وقتها ما عنديش,دونك جي فولاي مونتر سا اي جي فولاي مونتر زادة نوتر سافوار وقتها ما عنديش,4.98199987411499,TunSwitchCS_0000095_0000232_95_232_0,0.8
labeled_linagora_cs_arabize,لباك ويبدا يعطيفيك هكاينظر عليك بلحقل,ال باك و يبدا يعطي فيك هكة ينظر عليك بالحق كل عبد,3.25600004196167,TunSwitchCS_0000070_0000055_0000002_70_55_2_0,0.9166666666666666
labeled_linagora_cs_arabize,إذا نحن بحاجة إلى مجلس تأسيسي ينجم ينظم كل هذا,اذن نحن بحاجة الى مجلس تاسيسي ان ينجم ينظم كل هاذا,3.7039999961853027,amenyKH_0000002_chunk_0000107_002_chunk_107_0,0.45454545454545453
labeled_linagora_cs_arabize,snóa as,شنوا آش,1.5151000022888184,chnouwwa_ech_31058_0,1.0
labeled_linagora_cs_arabize,ناس كلتناش تعطي رايهة أما ردو بينا خاطر الدستور كتبو,الناس لكل تنجم تعطي رايها اما نردوا بالنا خاطر الدستور كتبوا,2.8959999084472656,TunSwitchTO_0000033_0000018_0000023_0000005x0000006_33_18_23_5x6_0,0.7272727272727273
labeled_linagora_cs_arabize,رجع صغير أقبل منحكي وأحبابي على منافس الترج,رجعة صغيرة قبل ما نحكيو احبابي على منافس الترجي,3.0290000438690186,youtube__aKNEARPHf8_0,0.7777777777777778
labeled_linagora_cs_arabize,محتمل في ربع نهائي دور الأبطال الإفريقية شامبيونز ليج,المحتمل في ربع نهائي رابطة الابطال الافريقية التشمبينزليغ,3.7909998893737793,youtube__aKNEARPHf8_1,0.75
labeled_linagora_cs_arabize,نحكي تاريخيا شيخ الأندية التونسية بأربع تتويجات,نحكيو تاريخيا شيخ الاندية التونسية بي اربعة تتويجات,3.369999885559082,youtube__aKNEARPHf8_2,0.5
labeled_linagora_cs_arabize,الوقتن الحاضر,من الف و تسعميا و اربعة و تسعين لي وقتنا الحاضر,3.0239999294281006,youtube__aKNEARPHf8_3,0.9090909090909091
labeled_linagora_cs_arabize,يسعى الترجي بقيادة راضيجعيدي للقب ال وحاضر محمد وغيب إبليس,يسع الترجي بي قيادت راضي الجعايدي للقب الخامد خمسة و خميس و حاضر محمد و الغيب ابليس,5.363999843597412,youtube__aKNEARPHf8_4,0.8235294117647058
labeled_linagora_cs_arabize,لاحظ قبل ما ننسى أحبابي مبروك الشبان ما للترجي انتصار بثنائية مزيان على النادي الرياضي لحمام لانف,لحظة قبل ما نينسا احبابي مبروك لي شباب امال الترجي الانتصار بي ثونايه مزيانا على النادي الرياضي لي حمام الانف,7.124000072479248,youtube__aKNEARPHf8_5,0.7
labeled_linagora_cs_arabize,أهداف خليل القنيشي في دقيقة و زكريا لعب في دقيقة مبروك للترجي,الاهداف خليل الخنيسي في الدقيق ثمنية و ستين و زكريا العايب في الدقيق ثنينا و سبعين مبرو للترجي,5.4629998207092285,youtube__aKNEARPHf8_6,0.6666666666666666
labeled_linagora_cs_arabize,إلا حبت حتى من بعيد المهم إنها ما تغلطش غلطة كبيرة ممكن دمر لا حيات,الا حبت حتى من بعيد المهم انها متغلطش غلطة كبيرة ممكن تدمرلها حياتها,5.111999988555908,TunSwitchTO_0000033_0000019_0000002_0000001ca_33_19_02_1ca_0,0.5384615384615384
labeled_linagora_cs_arabize,kbiر,كبير,1.0188000202178955,kbir_12242_0,1.0
labeled_linagora_cs_arabize,بعد ما عدد روحي أنو مستحيل مازادنهار نمس الباسبور متاعو نمشي لمطر,بعد ما وعدت روحي انو يستحيل مازلت نهار نمس الباسبور متاعي و نمشي لمطار,4.184000015258789,TunSwitchTO_0000008_0000021_0000007_0000472_8_21_07_472_0,0.5714285714285714
labeled_linagora_cs_arabize,قالو لي لgريب يازرمتشراغت,قالوا الي القريب ياسر منتشرة غادي,4.688000202178955,TunSwitchTO_0000021_0000011_0000025_wlm_21_11_25_wlm_0,1.0
labeled_linagora_cs_arabize,باغ كونتخ انتي بالورقة وستيلو بازيكمون,بار كونتر انت بالورقة و الستيلو باسيكمون,2.4240000247955322,TunSwitchCS_0000096_0000108_96_108_0,0.8571428571428571
labeled_linagora_cs_arabize,kaianu,كينو,0.9039999842643738,keyennou_31302_0,1.0
labeled_linagora_cs_arabize,شنوما االكياسات اللي نبعد عليهم,شنوما الكياسات الي نبعد عليهم,1.3359999656677246,TunSwitchTO_0000035_0000018_0000024_f0000005d_35_18_24_f5d_0,0.4
labeled_linagora_cs_arabize,نروح منداري بعد الجمعة اللي عديتها بحذي وهو شدني من يدي قلي,نروح لداري بعد الجمعة الي عديتها بحذاه وهو شدني من يدي قالي,3.2160000801086426,TunSwitchTO_0000037_0000018_0000026_0000004q0000000_37_18_26_4q0_0,0.3333333333333333
labeled_linagora_cs_arabize,mehdid stamer malumet ve tajöre,مخذيتش تعمر المعلومات في الطيارة,2.7360000610351562,TunSwitchTO_0000003_0000017_0000020_glk_3_17_20_glk_0,1.0
labeled_linagora_cs_arabize,نحب تفاح يعيش,نحب تفاح يعشك,1.2719999551773071,TunSwitchTO_0000025_0000020_0000052_xzu_25_20_52_xzu_0,0.3333333333333333
labeled_linagora_cs_arabize,في استهلاك لسيجارو,فيس في استهلاك هاكي السيقارو,2.2799999713897705,amenyKH_0000006_0000006_0002012_partie0000005_chunk_0000180_06_06_2012_partie5_chunk_180_0,0.6
labeled_linagora_cs_arabize,حبيت اشرب هذا متاع الاستقبال بعد الركوب نشربو على صحتك,حبيت الشراب هاذا متاع الاستقبال بعد الركوب نشربوه على صحتك,4.4079999923706055,TunSwitchTO_0000004_0000017_0000021_ux0000002_4_17_21_ux2_0,0.3
labeled_linagora_cs_arabize,فاز دين راهي الخبزة تبيعت بدينار في الأزمة المالية لكن يحرز العباد كيما الغنوشي أنقذو البلاد,فاسدين راهي الخبزة تباعت بدينار في الازمة المالية لكن يحرز لعباد كيما الغنوشي انقذوا البلاد,6.303999900817871,TunSwitchTO_0000013_0000014_0000048_dpd_13_14_48_dpd_0,0.4
labeled_linagora_cs_arabize,خاطر هي متعرفنيش لمرا  ذل جات وقالتهالي بتر قالتهالي عن إال مولي  حست الي أنا هكا خايفة,خاطر هيا ما تعرفنيش المراء فهمت دونك جات قالتهالي بو اتر قالتهالي بارس كي ال فولاي حست لي انا هكة خايفة,8.432000160217285,TunSwitchCS_0000095_0000472_95_472_0,0.7619047619047619
labeled_linagora_cs_arabize,أنا نغزل ربي مانيش نغزل ليكنتي,انا نغزر لربي مش نغزر ليك انت,1.5679999589920044,amenyKH_0000008_chunk_0000600_008_chunk_600_0,1.0
labeled_linagora_cs_arabize,وليت قبل كنت ندخل ف ط ة لير اللي نا ال لي نل روحي مكلاللي ند للي هذيكا في حجات غالطين ولا خايبين,وليت قبل كنت ندخل دان ان ايتا هيستيريك دي كولير الي جي بيرد لا فوا لين ناكل روحي ماكلة لي الي جي كومبونس لا كولير هاذيكا في حاجات غالطين و لا خايبين,12.27400016784668,TunSwitchCS_0000097_0000258_97_258_0,0.75
labeled_linagora_cs_arabize,اللي خلينا احنا,الي يخلينا احنا,0.9359999895095825,TunSwitchCS_0000007_0000053_7_53_0,0.6666666666666666
labeled_linagora_cs_arabize,ظهرلي كليت برشا,ظاهرلي كليت برشا,1.0959999561309814,TunSwitchTO_0000034_0000021_0000017_chm_34_21_17_chm_0,0.3333333333333333
labeled_linagora_cs_arabize,تنجم تعمل معاه جادجي تا ولا حاجة وتحطو بالفلوس معناه,تنجم تعمل معاه قايد قايد ديتيلزاسيون ولا حاجة و تحطهم بالفلوس معناها,5.552000045776367,TunSwitchCS_0000096_0000769_96_769_0,0.5
labeled_linagora_cs_arabize,talkin about my life with you and givin you حاجات اللي انا عونوني i hope theي help you as well,توكينق اباوت ماي لايف ويذ يو اند قيفينق يو حاجات الي انا عاونوني اي هوب ذاي هلب يو از ويل,6.688000202178955,TunSwitchCS_0000074_0000138_0000003_74_138_3_0,0.9
labeled_linagora_cs_arabize,البrزtش مثلا إذا كان ثما preزtيشن ولا حاجة تبدا بالانجلش الناس كل يفهموا انجليش والكسpلiكاtا بالدارجة,ال بريزنتاسيون مثلا اذا كان فمة بريزنتاسيون ولا حاجة تبدى بال انقليش الناس الكل يفهموا انقليش و اكسبليكاسيون بالدارجة,7.184000015258789,TunSwitchCS_0000096_0000649_96_649_0,0.631578947368421
labeled_linagora_cs_arabize,سقاهت لجار ن سواقر الخفيفة اقا والألترا لا لىآخرهسواقر جويدة لنساعن يختاروا أحسن طريقة,لي سقراطس ليجار يعني السواقر الخفيفة لايت وال الترا لايت الى آخره مغالطة كبيرة بطبيعة يعني ي يختاروا احسن طريقة باش,11.32800006866455,amenyKH_0000006_0000006_0002012_partie0000005_chunk_0000057_06_06_2012_partie5_chunk_57_0,0.8571428571428571
labeled_linagora_cs_arabize,نا ي حات الي كاي برشا نا ي  في لام,و اون ا بارتاج حاجات الي جي سوي سور الي برشا ناس باش فون سيدونتيفيي في كلام,4.676000118255615,TunSwitchCS_0000097_0000512_97_512_0,0.8235294117647058
labeled_linagora_cs_arabize,فما ادمان على مادة النيكوتين م الناس اللي هم,فمة ادمان على مادة النيكوتين فمة ناس الي هوما,2.7920000553131104,amenyKH_0000006_0000006_0002012_partie0000006_chunk_0000069_06_06_2012_partie6_chunk_69_0,0.5555555555555556
labeled_linagora_cs_arabize,شعر اصر ي      ل  في مصا الفتاح,شعرها اصفر بومب و حميرها ديما هابطة هكاي شوية على فمها وتبدا تدور تحكي مع العباد الكل الي هيا في لي سوسيتي لخرين في مصر اسمها الفتاح,10.116000175476074,TunSwitchCS_0000097_0000118_97_118_0,0.9259259259259259
labeled_linagora_cs_arabize,متعرفش عيهاهار الشريكة الي تخدم فيها سكرت كيما هكا كورونة جايت سي بون ثم برشا عباد خسرت خدمتها خاطر ما عندها ت حاجة أخرى,ما تعرفش عليها نهار الشريكة لي تخدم فيها سكرت كيما هكة كورونا جات سي بون فمة برشا عباد خسرت خدمتها خاطر ما عندها حتى حاجة اخرى,9.656000137329102,TunSwitchCS_0000096_0000261_96_261_0,0.4230769230769231
labeled_linagora_cs_arabize,تايل معناها هذيك هي ش الستايل اللي تحب عليه نس,فايند يور ستايل معناها هاذيكا هيا انت و ال ستايل الي تحب عليه انت و ال,4.382999897003174,TunSwitchCS_0000096_0000332_96_332_0,0.8125
labeled_linagora_cs_arabize,قديش تاخل الإجراءات,قداش تاخو للاجراءات,1.2000000476837158,TunSwitchTO_0000101_0000019_0000034_0000004s0000004_101_19_34_4s4_0,1.0
labeled_linagora_cs_arabize,لي جاني س'ا بي ك مجيتش معاها راني يعني س'ا جي قلت مش لازم هي أنا نخدم- نا في د كقيع,الي جاني سي بون كان ما جاتش معاها راني راني سي بون قلت مش لازم هاني انا نخدم جي في دي سيرفيس,6.895999908447266,TunSwitchCS_0000096_0000682_96_682_0,0.6818181818181818
labeled_linagora_cs_arabize,ي سب الحمد لله مع تاريخ,لكن سا فا الحمد الله معناتها آه,1.784000039100647,amenyKH_0000006_0000006_0002012_partie0000001_0000003_chunk_0000273_06_06_2012_partie1_3_chunk_273_0,0.8571428571428571
labeled_linagora_cs_arabize,الحبس لنسا كلما عمرى ما سمعته قبل م ندخل لحبس لنوب اليوم بع,الحبس للنسا كلمة عمري ما سمعتها قبل ما ندخل لحبس منوبة اليوم بعد,4.455999851226807,TunSwitchTO_0000022_0000021_0000041_vsw_22_21_41_vsw_0,0.5384615384615384
labeled_linagora_cs_arabize,أكثر م سم البزنس شوية مويهم بزنس نجمو نقولوا,اكثر من سمول بيزنيس شوية موايان بيزنيس نجموا نقولوا,3.3359999656677246,TunSwitchCS_0000096_0000069_96_69_0,0.7777777777777778
labeled_linagora_cs_arabize,عملت فيه لي تتخيل ورحلات عملنا ومشينا لجنوب,عملت فيه الي تتخيلو رحلات عملنا و مشينا للجنوب,3.7200000286102295,TunSwitchCS_0000027_0000158_0000001_27_158_1_0,0.6666666666666666
labeled_linagora_cs_arabize,برب,و جاي كونو جاي رانكونتر برشا عباد,1.843000054359436,TunSwitchCS_0000097_0000122_97_122_0,1.0
labeled_linagora_cs_arabize,حزار,حزار,1.2799999713897705,7azzar_14949_0,0.0
labeled_linagora_cs_arabize,وين يجي يقرب جزاء,وين اجي اقرب جزار,2.007999897003174,TunSwitchTO_0000035_0000019_0000002_jyz_35_19_02_jyz_0,0.75
labeled_linagora_cs_arabize,نولي طبيب ولا نولي أبوكا لازم نقرا من بعد الفاك م معناه فيالفاك أمانا كنحب نولي معناها نعمل فيه,نولي طبيب ولا نولي افوكا لازمني نقرا من بعد ال فاك اما انا معناها فال فاك اما انا كان نحب نولي معناها نعمل في,9.46399974822998,TunSwitchCS_Melekher0000010_0000257_0000001_Melekher10_257_1_0,0.5833333333333334
labeled_linagora_cs_arabize,تبد حاجتحبا فما بروفيت راكتتعب تعمل افور تعم افور لي نتفد,كي تبدى حاجة سورتو تحبها فمة بروفات راك تتعب تعمل افور لين تفد,5.007999897003174,TunSwitchCS_0000027_0000081_0000002_27_81_2_0,0.9230769230769231
labeled_linagora_cs_arabize,سواء كان في بلادنا ولا حتى في العالم أجمع,آه سواء كان في بلادنا ولا حتى في العالم اجمع,2.687999963760376,amenyKH_0000006_0000006_0002012_partie0000005_chunk_0000139_06_06_2012_partie5_chunk_139_0,0.2
labeled_linagora_cs_arabize,وبعد ما قوم يسوع على عزر مشا للقدس وكان فما وقتها ناس متفاهمين باش يستحايلو على يسوع ويدبرو كيفاش يقتلوه ويسوع بيدو تنبأ على موتو وقت اللي كان مازال مع تلامذة,و بعد ما قاوم يسوع العازر مشى للقدس و كان فمة وقتها ناس متفاهمين باش يستحايلو على يسوع و يدبرو كيفاش يقتلوه و يسوع بيده تننبا على موته وقت الي كان ما زال مع التلامذة,13.552000045776367,31_Jesus_Trial_Death_OneStory_AEB_0,0.5714285714285714
labeled_linagora_cs_arabize,وفما النهار وهما ياكلو مع بعضهم خبرهم يسوع باللي فما واحد من بين التلامدة متاعو باش يخنو ويسلمو للموت,و فمة نهار و همة ياكلو مع بعضهم خبرهم يسوع باللي فمة واحد من بين التلامذة متاعو باش يخونه و يسلمه للموت,8.895999908447266,31_Jesus_Trial_Death_OneStory_AEB_1,0.45454545454545453
labeled_linagora_cs_arabize,وقتها يسوع كان يقصد في واحد اسمه يهوذا اللي اعطاه للناس اللي باش يشدو يسوع امرة وهي الشخص اللي باش يسلم عليه بالبوس هو المقصود وهذاك هو يسوع,وقتها يسوع كان يقصد في واحد اسمه يهوذا الي عطى للناس الي باش يشدو يسوع امارة و هيا الشخس الي باش يسلم عليه بالبوس هو المقصود و هذاكة هو يسوع,12.807999610900879,31_Jesus_Trial_Death_OneStory_AEB_2,0.3333333333333333
labeled_linagora_cs_arabize,وقت اللي كان يسوع يحكي مع تلامذتو جا يهوذا ومعاه الجماعة من عند الشيوخ اللي باش يشدو يسوع وكيف سلم يهوذا على يسوع قدمو الجماعة وشدوه وهزوه عند لشيخ الكهان باش يحاكموه,وقت الي كان يسوع يحكي مع تلامذت جى يهوذا و معاه الجماعة من عند الشيوخ الي باش يشدو يسوع و كيف سلم يهوذا على يسوع قدم للجماعة و شدوه و هزوه عند شيخ الكهان باش يحاكموه,14.62399959564209,31_Jesus_Trial_Death_OneStory_AEB_3,0.4166666666666667
labeled_linagora_cs_arabize,وقتها لو جورو على شهادة زور تخليهم يقتلوه اما ما لقاوش من بعد سأل الشيخ الكهان يسوع وقاله انت هو المسيح ولد ربي يا خي جاوبو يسوع ايه نعم كيما قلت,وقتها لوجولو على شهادة زور تخليهم يقتلوه اما ما لقاوش من بعد سال شيخ الكهان يسوع و قالوا انت هو المسيح ولد ربي يخي جاوبو يسوع اي نعم كيما قلت,14.112000465393066,31_Jesus_Trial_Death_OneStory_AEB_4,0.3
labeled_linagora_cs_arabize,ياخي قرر المجلس باش يتحاكم يسوع على خطر راو انو قاعد يشرك بالله وزيد على هذا كانت الناس تصيح وتعيط يستاهل الموت اقتلوه,ياخي قرر المجلس باش يتحاكم يسوع على خاطر راو انه قاعد يشرك بالله و زيد على هاذا كانت الناس تصيح و تعيط يستاهل الموت اقتلوه,10.479999542236328,31_Jesus_Trial_Death_OneStory_AEB_5,0.28
labeled_linagora_cs_arabize,وكانوا العسكر الرومانيين يضربو في يسوع ويبسقوا عليه,و كانوا العسكر الرومانيين يضربو في يسوع و يبزقو عليه,3.8959999084472656,31_Jesus_Trial_Death_OneStory_AEB_6,0.4
labeled_linagora_cs_arabize,ومن بعد كتفوه وهزوه للوالي باش يحكم عليه الحكم لاخر لكن الوالي مكانش موافق ع اللي قالو المجلس وقت اللي قالو يموت يسوع,و من بعد كتفوه و هزوه للوالي باش يحكم عليه الحكم الاخر لكن الوالي ما كانش موافق على الي قالوا المجلس وقت الي قالوا يموت يسوع,11.175999641418457,31_Jesus_Trial_Death_OneStory_AEB_7,0.46153846153846156
labeled_linagora_cs_arabize,اما على خاطر الشعب دخل بعضو يحبو يسوع يموت قالهم الوالي انا خاطيني اوينو ما بين يديكم كان تحبو تقتلوه اما دمو في رقبتكم راني مانيش مسؤولة على قتلانو,اما على خاطر الشعب دخل بعضو يحبو يسوع يموت قالهم الوالي انا خاطيني هاوينه ما بين يديكم كان تحبوا تقتلوه اما دمه في رقابيكم راني ما ني ش مسؤول على قتلانو,12.576000213623047,31_Jesus_Trial_Death_OneStory_AEB_8,0.25806451612903225
labeled_linagora_cs_arabize,وتعفب يسوع برشا قبل ما يهزوه للبلاصة اللي باش يتصلب فيها,و تعذب يسوع برشا قبل ما يهزوه للبلاصة الي باش يتصلب فيها,4.455999851226807,31_Jesus_Trial_Death_OneStory_AEB_9,0.25
labeled_linagora_cs_arabize,وتصلب يسوع وتصلبو معاه زوج قطعية ومجرمين واحد عليمين وواحد علي سار وكانت الناس تتمسخر عليه وتقولو كان انتي المسيح بالمنجد منع روحك,و تصلب يسوع و تصلبو معاه زوز قطعة و مجرمين واحد على الليمين و واحد على يسار و كانت الناس تتمسخر عليه و تقلو كان انت المسيح بالمنجد منع روحك,13.960000038146973,31_Jesus_Trial_Death_OneStory_AEB_10,0.6333333333333333
labeled_linagora_cs_arabize,الغريب فالحكاية حتى القطعية واحد منهم زادة كان يتمسخر ويقلو في نفس لكلام اما المجرم لاخر خزرللول وقال حتى انت باش تصلب كيفو,الغريب في الحكاية حتى قطعية واحد منهم زادة كان يتمسخر و يقولو في نفس الكلام اما المجرم الآخر خزر للاول و قال حتى انت باش تتصلب كيفو,12.416000366210938,31_Jesus_Trial_Death_OneStory_AEB_11,0.4444444444444444
labeled_linagora_cs_arabize,تتمقعر عليه انتي على الاقل تستحق الموت اما هو مسكين معملح شي,تتمقعر عليه انت على الاقل تستحق الموت اما هو مسكين ما عمل حتى شيء,5.584000110626221,31_Jesus_Trial_Death_OneStory_AEB_12,0.35714285714285715
labeled_linagora_cs_arabize,وقتها قاملو يسوع وقالو اليوم باش تكون معايا في الجنة وعيط يسوع عيتها قوية ومات وقت اللي مات يسوع تزلزلت الدنيا وظلامت بالرغم اللي وقتها كانت قايلة,وقتها قاملو يسوع و قالوا اليوم باش تكون معايا في الجنة و عيط يسوع عيطة قوية و مات وقت الي مات يسوع تزلزلت الدنية و ظلامت بالرغم الي وقتها كانت قايلة,12.37600040435791,31_Jesus_Trial_Death_OneStory_AEB_13,0.3870967741935484
labeled_linagora_cs_arabize,باش نولي عبد اخر كانو وحش باش يولي,باش نولي عبد آخر كانوا وحش باش يولي,2.1040000915527344,amenyKH_0000006_0000006_0002012_partie0000005_chunk_0000030_06_06_2012_partie5_chunk_30_0,0.25
labeled_linagora_cs_arabize,ياسر غالطة فكرة إني نخبي فلوسي لبعض الإنترنت وكينموتو كان,ياسر غالطة فكرة اني نخبي فلوسي لبعد الانتريت و كي نموت و كان,4.656000137329102,TunSwitchTO_0000073_0000019_0000024_x0000092_73_19_24_x92_0,0.5384615384615384
labeled_linagora_cs_arabize,إحنا كنتش نحكيو على تونس الحقيقة لومارشي إلي eنكور فيرج,احنا كان باش نحكيوا على تونس لحقيقة لي مارش يل ايست انكور فيرج,4.671999931335449,TunSwitchCS_0000095_0001225_95_1225_0,0.7692307692307693
labeled_linagora_cs_arabize,فكرة باهية معم الوقت الجا,فكرة باهية معمل وقتاش جاي,1.7200000286102295,TunSwitchTO_0000152_0000019_0000051_0000008ej_152_19_51_8ej_0,0.6
labeled_linagora_cs_arabize,يقولو كون اليابان بلاد غنية,يقولوا كون اليابان بلاد غنية,1.6959999799728394,TunSwitchTO_0000021_0000018_0000057_i0000008h_21_18_57_i8h_0,0.2
labeled_linagora_cs_arabize,منيش موافق,ما ني ش موافق,1.8320000171661377,TunSwitchTO_0000005_0000018_0000049_kgb_5_18_49_kgb_0,0.75
labeled_linagora_cs_arabize,البeرسونال براnد توا مهمة عالخر فمنفسرو ش معنا برسونا براn,ال بيرسونال براند توا مهمة عالاخر نفسر معناها بيرسونال براند,4.111999988555908,TunSwitchCS_0000096_0000073_96_73_0,0.9
labeled_linagora_cs_arabize,bejelt,بيلت,1.507099986076355,bayalt_31235_0,1.0
labeled_linagora_cs_arabize,bger,بقر,1.24590003490448,bgar_29942_0,1.0
labeled_linagora_cs_arabize,بدaلي bلاsتfضق,بدلي بلاستي من فضلك,1.7200000286102295,TunSwitchTO_0000033_0000009_0000006_eod_33_09_06_eod_0,1.0
labeled_linagora_cs_arabize,جابو طفلة رباوها على قيم الفساد هو كتجي تشوف م جانب محافظ,جابوا طفلة رباوها على قيم الفساد هو كي تجي تشوف فمة جانب محافظ,5.5920000076293945,TunSwitchTO_0000088_0000020_0000014_0000005gs_88_20_14_5gs_0,0.3076923076923077
labeled_linagora_cs_arabize,معنتها ايديالمو كيف اش تبدا حاجة,معنتها ايديالمون كي باش تبدا حاجة,2.568000078201294,TunSwitchCS_0000095_0000607_95_607_0,0.5
labeled_linagora_cs_arabize,متاخدوهوش جمله  كان سبوكم,ما تاخذوهوش جملة انتو كونسيديراسيون كان سبوكم,3.7980000972747803,TunSwitchCS_Melekher0000009_0000080_0000000_Melekher9_80_0_0,0.7142857142857143
labeled_linagora_cs_arabize,ملح البانو متاع النباتات يخلي لحمك حنين مالس,ملح البانو متاع النباتات يخلي لحمك حنين و مالس,3.0320000648498535,TunSwitchTO_0000012_0000021_0000008_euz_12_21_08_euz_0,0.1111111111111111
labeled_linagora_cs_arabize,بستها من جبينها ومشيت حطيت السلعة الكل في الغراج بحد عجاج وخرجت معه,بستها من جبينها و مشيت حطيت السلعة الكل في القاراج بحذا عجاج و خرجت مع,5.288000106811523,TunSwitchTO_0000002_0000015_0000010_jj0000003_2_15_10_jj3_0,0.4666666666666667
labeled_linagora_cs_arabize,تعرفشي فماشي وتلة لخاص,تعرفشي فماشي وتلا رخاص,2.3440001010894775,TunSwitchTO_0000084_0000019_0000029_0000007d0000003_84_19_29_7d3_0,0.5
labeled_linagora_cs_arabize,هز راسك الفوق على شاشة الحسوب أتوتلقى مكتوب بحذاها هناك,هز راسك الفووق على شاشة الحاسوب اتو تلقى مكتوب بحذاها هناك,3.6640000343322754,TunSwitchTO_0000017_0000018_0000056_0000032t_17_18_56_32t_0,0.36363636363636365
labeled_linagora_cs_arabize,نسلمباش على وسال حي,مرحبا ايه,2.247999906539917,amenyKH_0000007_chunk_0000064_007_chunk_64_0,2.0
labeled_linagora_cs_arabize,و مختلفين و شوفو رويحكم كيفاش تتفاعلو,دي سيتواسيون مختلفين و شوفوا رواحكم كيفاش تتفاعلوا,4.182000160217285,TunSwitchCS_0000072_0000116_0000002_72_116_2_0,0.625
labeled_linagora_cs_arabize,باش نجمو ناخدو د دسيزيا ماركتينج,باش نجمو ناخذوا دي ديسيجن ماركيتينق,2.111999988555908,TunSwitchCS_0000095_0000887_95_887_0,0.6666666666666666
labeled_linagora_cs_arabize,قد ما يعملو ما يجي شيء قدام خانار متاع بناة الخارج,قد ما يعملو مايجي شيء قدام الخنار متاع بنات الخارج,4.248000144958496,TunSwitchTO_0000003_0000018_0000049_0000312_3_18_49_312_0,0.4
labeled_linagora_cs_arabize,يكم أنا خدمت شغلو مخشة لأ خدمت عالمرشي هذا ونعرف,اي كوم انا خدمت سور لي مارش خدمت عال مارش هاذا و نعرف,4.039999961853027,TunSwitchCS_0000095_0000141_95_141_0,0.8461538461538461
labeled_linagora_cs_arabize,العبات جي على الشهرة وعارفون تاع زاي,العباد تجي على الشهرة و على الفول متاعي الباهي,2.4230000972747803,youtube_lZFZFbToauc_0,0.7777777777777778
labeled_linagora_cs_arabize,م من ابنقوعام عندي و صغار نخدم شو صشويتاي,خميس بن على بن سليمان القمري ثنين و اربعين عام عندي زوز صغار نخدم شوية في الصباح شوية تاي,6.660999774932861,youtube_lZFZFbToauc_1,0.8421052631578947
labeled_linagora_cs_arabize,ول سيسل سيسوف,و العشية شوية فول,2.309999942779541,youtube_lZFZFbToauc_2,1.0
labeled_linagora_cs_arabize,انت يمنتزح الموسيك وعم لج,خدمتي نحبها ياسر ممتاز بيها ياسر ديما حاطين موزيك و ديما عامل جو,5.010000228881836,youtube_lZFZFbToauc_3,1.0
labeled_linagora_cs_arabize,شمالحو ليومحبليش,بالنسبة للشمال يحبوا شوية جو ويحبوا شوية لعب كل يوم نشطح و ما على باليش,7.033999919891357,youtube_lZFZFbToauc_4,1.0
labeled_linagora_cs_arabize,ل ق,فول عمي خميس كي تدور السند و الهند ما تلقاهوش الاقبال بلقدا بلقدا باهي ياسر,5.453000068664551,youtube_lZFZFbToauc_5,1.0
labeled_linagora_cs_arabize,من انتشرنا س بن حبني وت مشهورياسلح,من تشهرنا لاباس توا طلعت كل العباد تحبني و وليت مشهور ياسر ياسر,4.129000186920166,youtube_lZFZFbToauc_6,0.9230769230769231
labeled_linagora_cs_arabize,العلم كلنا قسمة بنتي,الله اعلم كل نهار بقسمه بنتي مرة عشرا مرة خمسطاش,4.129000186920166,youtube_lZFZFbToauc_7,0.9
labeled_linagora_cs_arabize,مسدورين ونخل ولاباس الحمد لله,مستورين و ناكلوا لاباس و الحمد لله,2.5329999923706055,youtube_lZFZFbToauc_8,0.7142857142857143
labeled_linagora_cs_arabize,وفرحان باخدمتييمنبه وصلي الحمدللها,فرحان بيها بالطبيعة فرحان بخدمتي ديما فرحان بيها هذى الي وصلتني و الحمد لله يارب,5.7779998779296875,youtube_lZFZFbToauc_9,1.0
labeled_linagora_cs_arabize,دونك نحب نبدا بالبرسونال xبيرع نتاعي الي مكانتش ساهلة فالليسي خاطر,دونك نحب نبدا بال بيرسونال اكسبيريونس متاعي الي ما كانت ش ساهلة فال ليسي خاطر,5.0289998054504395,TunSwitchCS_0000072_0000004_0000002_72_4_2_0,0.6
labeled_linagora_cs_arabize,أما تقدم,فمة تقدم,0.6159999966621399,TunSwitchTO_0000018_0000018_0000001_0000007fo_18_18_01_7fo_0,0.5
labeled_linagora_cs_arabize,لاباnد  ريglامايي معدم تطبيق القانون وك,ا لابسونس دي ريقلمونتاسيون و عدم تطبيق القانون و كل,5.248000144958496,TunSwitchCS_0000051_0000086_0000002_51_86_2_0,0.8
labeled_linagora_cs_arabize,لا يمكن أن تتجاوز وجهةا نظر في شيء والقرار يبقى بيد الإدارة,لا يمكن ان تتجاوز وجهة نظر في شيء و القرار يبقى بيد الادارة,5.3520002365112305,TunSwitchTO_0000012_0000019_0000010_aqx_12_19_10_aqx_0,0.38461538461538464
labeled_linagora_cs_arabize,أول حاجة انت متأكدة اللي فما حب بيناتكم على خاطر ماتنجم تبني حياتي جديدة,اول حاجة انت متاكدة الي فمة حب بيناتكم على خاطر ما تنجم تبني حياة جديدة,4.4720001220703125,TunSwitchTO_0000051_0000019_0000018_vpv_51_19_18_vpv_0,0.4666666666666667
labeled_linagora_cs_arabize,ناس تسخايب للي هي باش تليفرة  منة qواثر ور,الناس تسخايب الي هيا باش تتليفرا ان فان كاتر اور,3.0480000972747803,TunSwitchCS_0000095_0000939_95_939_0,0.8
labeled_linagora_cs_arabize,المنطقة  ما يعطيش أكله,ال ها المنطق هذايا ما يعطيش اكلو مية في المية,3.559999942779541,amenyKH_0000006_0000006_0002012_partie0000005_chunk_0000186_06_06_2012_partie5_chunk_186_0,0.8
labeled_linagora_cs_arabize,واللي هي خدمتك كل مليون اللي تاخذ فيه نقولو مثلا تصرف في تسعمة,و الي هيا خدمتك اكا المليون الي تاخو فيه نقولو مثلا تصرف في,4.514999866485596,TunSwitchCS_0000034_0000022_0000002_34_22_2_0,0.6153846153846154
labeled_linagora_cs_arabize,فديت ما لا فدا,فديت ملا فدا,2.2827999591827393,fadit_mella_fada_31586_0,0.6666666666666666
labeled_linagora_cs_arabize,احداش,حداش,0.7919999957084656,tn9856_0,1.0
labeled_linagora_cs_arabize,صحيح كلامك ماهاش أحزاب إسلامية هوناك أما اللي حبيت نقولو اللي أحنا,صحيح كلامك ما هي ش احزاب اسلامية هناك اما الي احبت نقولوا الي احنا,5.0320000648498535,TunSwitchTO_0000004_0000015_0000020_0000002sz_4_15_20_2sz_0,0.8571428571428571
labeled_linagora_cs_arabize,ما حاجة لولادكيفاش منعملو شي منريزوش منتحركوش,فمة حاجة لولاد اي كيفاه ما نعملوا شيء ما نريفزوش ما نتحركوش,3.5199999809265137,TunSwitchCS_0000027_0000028_0000000_27_28_0_0,0.9166666666666666
labeled_linagora_cs_arabize,सबgr,سكر,1.4990999698638916,sokor_27763_0,1.0
labeled_linagora_cs_arabize,فيh بr شaمaطaن,فيه برشا مطعم,1.8880000114440918,TunSwitchTO_0000009_0000021_0000007_oq0000004_9_21_07_oq4_0,1.0
labeled_linagora_cs_arabize,بلاش حليب يعيشك,بلاش حليب يعيشك,1.5839999914169312,TunSwitchTO_0000170_0000019_0000055_wqh_170_19_55_wqh_0,0.0
labeled_linagora_cs_arabize,yama moayna ya,يا ممو عينيا,2.1600000858306885,Ya_mamou_3ineya_31250_0,1.0
labeled_linagora_cs_arabize,ومعادش نعرف شنعمل بالحق كنت مريضه بيته في سبيتار كبير ومعبي بالمرضةي,وما عاد ش نعرف آش نعمل بالحق كنت مريضة بايتة في سبيتار كبير ومعبي بالمرضى الي,5.375999927520752,TunSwitchTO_0000005_0000015_0000021_0000003yg_5_15_21_3yg_0,0.5625
labeled_linagora_cs_arabize,وين لحية,وين الاحياء,0.656000018119812,TunSwitchTO_0000005_0000021_0000006_zsi_5_21_06_zsi_0,0.5
labeled_linagora_cs_arabize,قصة حياتها والتحف اللي كانو في درما ماتها ونحكيله على مرتي وفاجعتها على بعان الداء,قصة حياتها و التحف الي كانوا في دار مماتها ونحكيلها على مرتي وفجعتها على بيعان الدار,5.168000221252441,TunSwitchTO_0000082_0000019_0000029_beb_82_19_29_beb_0,0.625
labeled_linagora_cs_arabize,تعرفو كيفاش يستعمل التليفون,تعرفوا كيفاش يستعمل التاليفون,1.7760000228881836,TunSwitchTO_0000009_0000006_0000058_s0000009x_9_06_58_s9x_0,0.5
labeled_linagora_cs_arabize,فيي موق,في اما وقت,0.8320000171661377,TunSwitchTO_0000138_0000019_0000046_0000009zk_138_19_46_9zk_0,1.0
labeled_linagora_cs_arabize,باش تستنى درجين,باش تستنى درجين,1.1360000371932983,TunSwitchTO_0000011_0000021_0000008_0000002zg_11_21_08_2zg_0,0.0
labeled_linagora_cs_arabize,انا حمدله عمري مادقيت لبيع معناها عمري مامشيت الكلا ولا لبراد حتى برا نحب نخدم معاها,انا حمد الله عمري ما دقيت الباب معناها عمري ما مشيت ل كلاينت ولا براند حتى نخدم حتى براند نحب نخدم معاها,7.4720001220703125,TunSwitchCS_0000096_0000365_96_365_0,0.5909090909090909
labeled_linagora_cs_arabize,نلبس احسن ماعندك ليوم سهر يا شي,البس احسن ما عندك اليوم سهريا شيك,2.7119998931884766,TunSwitchTO_0000016_0000020_0000049_ygb_16_20_49_ygb_0,0.8571428571428571
labeled_linagora_cs_arabize,حاسس روشو زيد مع الحكاية حزنها استنيها وفلدورة أما فم طياق,حاسس روجو زادم على حكاية حزنها مستنيها في الدورة اما فمة تيار,6.960000038146973,TunSwitchTO_0000004_0000021_0000030_u0000057_4_21_30_u57_0,0.8333333333333334
labeled_linagora_cs_arabize,يكونو نابيعيل وينجمو هكاكا معناها,يكونو ناتوريل و انجموا هكاكة معناها,4.25600004196167,TunSwitchCS_0000053_0000090_0000001_53_90_1_0,0.6666666666666666
labeled_linagora_cs_arabize,mrحbه,مرحبا,1.5151000022888184,marhabe_2356_0,1.0
labeled_linagora_cs_arabize,ثم مجروحي,فمة مجروحين,1.215999960899353,TunSwitchTO_0000107_0000019_0000035_0000003ek_107_19_35_3ek_0,1.0
labeled_linagora_cs_arabize,مي ل لن م نقعد رد اص  نعرف عل ا بي,و و فو كي ليباراكتيفيتي تخليني ما نجمش نقعد فرد بلاصة دونك نتعرف على برشا عباد,6.0,TunSwitchCS_0000097_0000114_97_114_0,0.9375
labeled_linagora_cs_arabize,ادوكا أون اساي دشانج بلي ننجمو ومش كانانا قاعد نحاول نبدل,ادوكير اون اساي دي شانجي باللي نجموا مش كان انا قعدا نحاول نبدل,4.202000141143799,TunSwitchCS_0000095_0000843_95_843_0,0.7692307692307693
labeled_linagora_cs_arabize,يركك فالتين ويلا على بالو,يركركو في التاي ولا على بالو,1.8450000286102295,TunSwitchCS_0000019_0000142_19_142_0,0.6666666666666666
labeled_linagora_cs_arabize,لازمني نشوف طبيب,لازمني نشوف طبيب,1.2480000257492065,TunSwitchTO_0000034_0000015_0000001_0000005yf_34_15_01_5yf_0,0.0
labeled_linagora_cs_arabize,ب مرت نخرج مع بعضنا   ر في اقع فيطول   ل,دايور برشا مرات نخرجوا مع بعضنا معنتها امبوسيب تراني في بلاصة قاعدة في طاولة معنتها انا شفتهم لي دينير ان تيت ا تيت,7.171000003814697,TunSwitchCS_0000097_0000091_97_91_0,0.8695652173913043
labeled_linagora_cs_arabize,مرحبا بيك مرسي  تر كنفيسة كذا,مرحبا بيك ميرسي بور فوت كونفيونس كذا,3.936000108718872,TunSwitchCS_0000096_0000966_96_966_0,0.5714285714285714
labeled_linagora_cs_arabize,ا م      ل     ا      ى      ا   ر,ولا برودوي الي ممكن يخدم في تونس تخدم بيه لعوام لولانيا تفهم بيه ال مارش تجرب فيه بالظبط اما الفكرة هو انو كيفاش تكبر كيفاش تمشي لدول اخرى كيفاش تنجم تعمل ال قروث بالظبط اكزاكتمون كيفاش تنجم تكبر,15.0,TunSwitchCS_0000002_sub_audio_chunk_0000003_2_sub_audio_chunk_3_0,1.0
labeled_linagora_cs_arabize,و كيفيش انت كجن ارتيست تحب تخدم وتحب تقدم وتحب تطور,دونك كيفاش انت كا جون ارتيست تحب تخدم و تحب تقدم و تحب تطور,4.25600004196167,TunSwitchCS_0000098_0000261_98_261_0,0.5714285714285714
labeled_linagora_cs_arabize,حذايا هوفم الو ساعهوني وأنا نهارو طول مبوامواحدي صوفية اللي فيك,حذايا هاو فمة الوسع هوني و انا نهار وطول نبوم وحدي صوفية الي فيك,3.944000005722046,TunSwitchTO_0000126_0000019_0000041_atx_126_19_41_atx_0,0.7857142857142857
labeled_linagora_cs_arabize,وكانوا صغار هادو معنتها يتجنبو,و كانوا صغار هاذم معنتها يتجنبوه,2.9660000801086426,TunSwitchCS_0000034_0000008_0000003_34_8_3_0,0.6666666666666666
labeled_linagora_cs_arabize,باش تتشش انا معادش با نفهم عليش انت مترشش الو انت  تطلب مني سمي,دونك باش تتغشش انا ما عادش باش نفهم علاش انت متغشش الوس كي انت نورمالمون تطلب مني السماح,4.059000015258789,TunSwitchCS_0000097_0000063_97_63_0,0.6111111111111112
labeled_linagora_cs_arabize,تنجم تفهمني كيفاش نعمل,تنجم تفهمني كيفاش نعمل,1.4559999704360962,TunSwitchTO_0000003_0000014_0000001_0000122_3_14_01_122_0,0.0
labeled_linagora_cs_arabize,ا1,واحد و عشرين,2.111999988555908,tn9866_0,1.0
labeled_linagora_cs_arabize,عندكم نشرة على الأحداث,عندكم نشرة على الاحداث,1.7680000066757202,TunSwitchTO_0000140_0000019_0000047_0000006iy_140_19_47_6iy_0,0.25
labeled_linagora_cs_arabize,بالفرحة,بالفرحة,1.2000000476837158,b_el_farha_31747_0,0.0
labeled_linagora_cs_arabize,emma it was life changing,يت واز لايف شانجينق اما,2.375999927520752,TunSwitchCS_0000075_0000014_0000001_75_14_1_0,1.0
labeled_linagora_cs_arabize,معنا نيزار من تونس مرحبة,معانا نزار شخ من تونس مك مرحبا,2.3440001010894775,amenyKH_Partie0000005_chunk_0000002_Partie5_chunk_2_0,0.7142857142857143
labeled_linagora_cs_arabize,اه ormae dianosti phyزي ني ا حاجات ن نع,الي هيا نورمالمون ديقناستيك فيزيك يخليني برشا حاجات ما نجمش نعملهم,4.1579999923706055,TunSwitchCS_0000097_0000271_97_271_0,0.9090909090909091
labeled_linagora_cs_arabize,ليان الياباني ساعدك,اليان الياباني يساعدك,1.8960000276565552,TunSwitchTO_0000017_0000014_0000051_0000002oz_17_14_51_2oz_0,0.6666666666666666
labeled_linagora_cs_arabize,لكن مش أي ستراتجية فما باش هدي ستراتجية,لكن مش اي ستراتيجي فمة برشا ستراتيجي,2.7119998931884766,TunSwitchCS_0000096_0000036_96_36_0,0.8571428571428571
labeled_linagora_cs_arabize,ما فقتش كيف الفيقة نوقذة الستة ونص,مفقتش كيف الفياقة نوقزت الستة و نصف,3.319999933242798,TunSwitchTO_0000023_0000014_0000056_0000008qj_23_14_56_8qj_0,0.8571428571428571
labeled_linagora_cs_arabize,او فوغماسيو فما للي يستحق شكون يخدملو لستراتيجي متاعو,او فورماسيون فمة لي يستحق شكون يخدملو لا ستراتيجي متاعو,4.576000213623047,TunSwitchCS_0000096_0000061_96_61_0,0.5
labeled_linagora_cs_arabize,معملت له شيء ثانيا إذا اخرج الغنوش راهي البلاد في خبر كانة منذ وقت طويل,معملتوا شيء ثانبا اذا خرج الغنوشي راهي البلاد في خبر كان منذ وقت طويل,4.703999996185303,TunSwitchTO_0000123_0000019_0000040_wo0000000_123_19_40_wo0_0,0.5
labeled_linagora_cs_arabize,ما تشجعش ففريقك بالباهي,ما تشجعش في فريقك بالباهي,1.7999999523162842,TunSwitchTO_0000129_0000019_0000043_jf0000006_129_19_43_jf6_0,0.4
labeled_linagora_cs_arabize,zama zama,زعما زعما,1.6080000400543213,za3ma_za3ma_31310_0,1.0
labeled_linagora_cs_arabize,orap,غراب,1.5151000022888184,ghrAb_5149_0,1.0
labeled_linagora_cs_arabize,هدم الكل حاجات ج معناه موجودين  نجم نقولو موجودين قدامك اما انت مكش استغل فيهم,دونك هاذم الكل حاجات دي افونتاج معناها موجودين دي وبورتونيتي نجموا نقولوا موجودين قدامك اما انت ماكش تستغل فيهم,8.503999710083008,TunSwitchCS_0000096_0000265_96_265_0,0.5789473684210527
labeled_linagora_cs_arabize,البارح وا نا نتفرج في قناة الجزيرة البرنامج متاع زياد كريشي,البارح و انا نتفرج في قناة الجزيرة البرنامج متاع زياد كريشان,5.263999938964844,TunSwitchTO_0000004_0000020_0000042_s0000005g_4_20_42_s5g_0,0.2727272727272727
labeled_linagora_cs_arabize,دون ولا دك بدات غديكا ومن بعد طورنا بشوية بشوية ان ا سيد ستو فلوايست بريكباتر فما برشا مابين لبرا الي يقول الولد ولا كم لي قرايت خوذ ديبلومك م بعد برا مشره على روحك واعمل مشاريعك ب,اي دونك فوالا دونك بدات غاديكا و من بعد طورنا بالشوية بالشوية اي اون ا ديسايد دي بوستولي فال اوست بري انكوباتور فمة برشا مابين لي بارون الي يقول لولدو لا كملي قرايتك خوذ ديبلومك و بعد برا مشرع على روحك و اعمل مشاريعك بالنسبة,14.935999870300293,TunSwitchCS_0000013_sub_audio_chunk_0000000_13_sub_audio_chunk_0_0,0.6888888888888889
labeled_linagora_cs_arabize,ذفد كان الجيف بالشهرية هذيكا ها الجر أنو نحر ر الل خاطر كان عندي ديما الجيف أن نولي,دونك ان في كان لوبجيكتيف بالشهرية هاذيكا سي ال اكسبيريونس انو جي قان ديكسبيريونس لي ماكسيموم خاطر كان عندي ديما لوبجيكتيف انو نولي انديبندنت,9.343999862670898,TunSwitchCS_0000096_0000228_96_228_0,0.7083333333333334
labeled_linagora_cs_arabize,مانجمش نبيعلك هذا بلاش وصفة اطبية,ما نجمش نبيعلك هاذا بلاش وصفة طبية,2.7279999256134033,TunSwitchTO_0000028_0000019_0000000_0000002co_28_19_00_2co_0,0.5714285714285714
labeled_linagora_cs_arabize,ورافكالعضروط قدام البال,و يرا في كي العظروت قدام الباب,1.4800000190734863,TunSwitchCS_0000021_0000014_21_14_0,0.8571428571428571
labeled_linagora_cs_arabize,أنا زادة,انا زادة,0.9919999837875366,TunSwitchTO_0000095_0000019_0000033_f0000002l_95_19_33_f2l_0,0.5
labeled_linagora_cs_arabize,ل زون dو كونفور متاع تخدم على بروجي بركة مانجمش,لا زون دي كونفور متاع تخدم على بروجي بركا ما نجمتش,4.0879998207092285,TunSwitchCS_0000095_0000099_95_99_0,0.45454545454545453
labeled_linagora_cs_arabize,البر نتاعي  ل منتها اي حد يقلي أي جملة  ا نحولها الى,ليباراكتيفيتي متاعي دوبليكير بال بال هايبركرياتيفيتي معنتها اي حد يقلي اي جملة جي سوي كابابل باش نحاولها الى كونساي,9.02400016784668,TunSwitchCS_0000097_0000113_97_113_0,0.7368421052631579
labeled_linagora_cs_arabize,س الفيلم باش يحكينا الحكاية,الفيلم باش يحكيلنا الحكاية سو,3.1760001182556152,TunSwitchCS_0000076_0000031_0000001_76_31_1_0,0.6
labeled_linagora_cs_arabize,مع فطور الصباح التاكس والخدمة داخلة يكون ب دولار الليلة للواحد,مع فطور الصباح التاكس و الخدمة داخلة يكون بخمسة و اربعين دولار الليلة للواحد,4.360000133514404,TunSwitchTO_0000114_0000019_0000037_t0000077_114_19_37_t77_0,0.35714285714285715
labeled_linagora_cs_arabize,هدوم اكل سي  شوز اللي ما تع ما حليناش عيننا عليهم معنتها,هذوما الكل سي دي شوز الي ما حليناش عين عليهم معنتها,3.8949999809265137,TunSwitchCS_0000095_0001400_95_1400_0,0.6363636363636364
labeled_linagora_cs_arabize,أي حق و فم الستي اللي نعيش فيها ابلص اللي كبرت فيها وتلدت فيها وكول,اي موفد اوت فروم ذي سيتي الي نعيش فيها البلاصة لي كبرت فيها و تولدت فيها و كل,7.296000003814697,TunSwitchCS_0000074_0000003_0000002_74_3_2_0,0.7222222222222222
labeled_linagora_cs_arabize,لكل من يعيش في تونس فليلفت إلى مجتمعه وليترك هذه الخراء,لكل من يعيش في تونس فليلفت الى مجتمعه وليترك هاذي الخرائط,3.7920000553131104,TunSwitchTO_0000122_0000019_0000039_i0000086_122_19_39_i86_0,0.2727272727272727
labeled_linagora_cs_arabize,نحب عل الاول نزورو وول ستريت,نحبوا على الاول نزوروا وول ستريت,2.8959999084472656,TunSwitchTO_0000006_0000021_0000032_rn0000008_6_21_32_rn8_0,0.5
labeled_linagora_cs_arabize,buffat,بوفي,1.5151000022888184,bouffi_2911_0,1.0
labeled_linagora_cs_arabize,مع عمري ماطلعت على فالمات وانا باكمات وتصوروا معناها انتوما,ما عمري ما طلعت على ثلاثة و نص فال ماث و انا باك ماث و تصوروا معناها انتوما,5.056000232696533,TunSwitchCS_0000070_0000061_0000001_70_61_1_0,0.7777777777777778
labeled_linagora_cs_arabize,دونك راباب هي عندها التكنيكة بيداغوجيكة,رباب هيا عندها لي تكنيك بيداقوجيك,3.312000036239624,TunSwitchCS_0000096_0000670_96_670_0,1.0
labeled_linagora_cs_arabize,فينا كيني وليت سلة متاعتيها م نشوف فيه عالركح,دونك فمخي انا كايني ولات صالة متاع تياتغ الي هو نشوف فيه عالركح,3.9200000762939453,TunSwitchCS_0000043_0000028_0000001_43_28_1_0,0.7692307692307693
labeled_linagora_cs_arabize,خرج عليا,خرج عليا,0.7519999742507935,TunSwitchTO_0000013_0000021_0000009_w0000008g_13_21_09_w8g_0,0.0
labeled_linagora_cs_arabize,مش بالحق اللي عشت  كتبت سيناريو فيلم عليها الحكايه,مش بالحق الي عشت دايور كتبت ان سيناريو دون فيلم عليها الحكاية,5.8979997634887695,TunSwitchCS_0000097_0000153_97_153_0,0.4166666666666667
labeled_linagora_cs_arabize,عندي زوز اخوات بنات,عندي زوز خواتي بنات,1.0080000162124634,TunSwitchTO_0000139_0000019_0000046_cnf_139_19_46_cnf_0,0.25
labeled_linagora_cs_arabize,c'était un peu compliqué le départ,ايتاي ان بو كومبليكي لي ديبار,1.6299999952316284,TunSwitchCS_0000095_0000266_95_266_0,1.0
labeled_linagora_cs_arabize,عايشكتو يحيت عادل نت ويحي٤ أعماركم معناه متقاربين برشا يحي ٤,يعيشك سيد توا يحيى انت آه عادل انت ويحيى آه اربعة و اربعين اعماركم معناها متقاربين برشا يحيى ثلاثة و اربعين,7.480000019073486,amenyKH_0000006_0000006_0002012_partie0000003_chunk_0000010_06_06_2012_partie3_chunk_10_0,0.8571428571428571
labeled_linagora_cs_arabize,رقم الجهة هو صفر ثلاثة النومرو هو واحد وثلاثين تلاثة وعشرين خمسة وربعين سبعة وستين,رقم الجهة هو صفر ثلاثة النومرو هو واحد و ثلاثين ثلاثة و عشرين خمسة و اربعين سبعة و ستين,7.791999816894531,TunSwitchTO_0000005_0000012_0000048_m0000003n_5_12_48_m3n_0,0.47368421052631576
labeled_linagora_cs_arabize,خرج ربي الشعب متاعه من أرض العبودية مصر وكيف خرجو من مصر قادهم ربي في الصحراء باش يرجعوا لأرض الموعد اللي يعدهم بها,خرج ربي الشعب متاعو من ارض العبودية مصر و كيف خرجو من مصر قادهم ربي في الصحراء باش يرجعو لارض الموعد الي وعدهم بيها,9.576000213623047,14_Moses3_Golden_Calf_OneStory_AEB_0,0.375
labeled_linagora_cs_arabize,وفي اثني متاعهم عمل ربي برشا معجزات على خاطرهم باش يوكلهم ويشربهم ويحميهم,و في الثنيه متاعهم عمل ربي برشا معجزات على خاطرهم باش يوكلهم و يشربهم و يحميهم,6.960000038146973,14_Moses3_Golden_Calf_OneStory_AEB_1,0.4375
labeled_linagora_cs_arabize,شهرين بعد ما خرجو من مصر ناصبو الخيم متاحهم بحض الجبل وجبل هذا هو اللي طلع عليه موسى باش ياخد من عند ربي الشرعة يعني وصاية ربي,شهرين بعد ما خرجو من مصر نصبو الخيم متاعهم بحذا الجبل و الجبل هاذا هو الي طلع عليه موسى باش ياخذ من عند ربي الشريعة يعني وصاية ربي,10.911999702453613,14_Moses3_Golden_Calf_OneStory_AEB_2,0.32142857142857145
labeled_linagora_cs_arabize,ومن بينهالوصايا ما تصنعوش آلها وما تعبدوش وما تزدوش لغيري,و من بين ها الوصاية ما تصنعوش آلهة و ما تعبدوش و ما تسجدوش لغيري,5.263999938964844,14_Moses3_Golden_Calf_OneStory_AEB_3,0.7333333333333333
labeled_linagora_cs_arabize,وموسى علن الشعب الكل كلام ربي هذا والشعب جاو بموسى باللي راهم باش يعملو اللي قال عليه ربي الكل وباش يتبعوه في كلامه,و موسى اعلن للشعب الكل كلام ربي هاذا و الشعب جاوب موسى باللي راهم باش يعملو الي قال عليه ربي الكل و باش يتبعوه في كلامو,10.071999549865723,14_Moses3_Golden_Calf_OneStory_AEB_4,0.5
labeled_linagora_cs_arabize,وكيتلعم موسى فوق الشبال باش يكلم ربي قعد  يوم و٤ ليلة,وكي طلع موسى فوق الجبل باش يكلم ربي قعد اربعين يوم و اربعين ليلة,5.072000026702881,14_Moses3_Golden_Calf_OneStory_AEB_5,0.42857142857142855
labeled_linagora_cs_arabize,هاو كيف الشعب اصطبطة موسى وموسى قعد برشا مرجعش مشاو يتزمرو الهارون وقالولو تشيوينو موسى شبي مرجعش لطوة,هاو كيف الشعب استبطى موسى و موسى قعد برشا ما رجعش مشاو يتذمرو لهارون و قالولوا توينه موسى آش بيه ما رجعش التوا,9.696000099182129,14_Moses3_Golden_Calf_OneStory_AEB_6,0.6521739130434783
labeled_linagora_cs_arabize,اصنعلنا آلها باش تقودنا وقتها هارون امرهم باش يجيبوا البلالة فالسياغة متاعهم الكل,اصنعلنا آلهة باش تقودنا وقتها هارون آمرهم باش يجيبو البلالط و السياغا متاعهم الكل,6.015999794006348,14_Moses3_Golden_Calf_OneStory_AEB_7,0.42857142857142855
labeled_linagora_cs_arabize,ولم هرونة كالسياغة الكل وصنع بها عجل مذهب وقال لهم هلاعجل الذهبي هذا هو إلهكم اللي حرركم وخرجكم من مصر ومن عبودية المصريين,و لم هارون السياغا الكل و صنع بيها عجل من الذهب و قاللهم ها العجل الذهب هاذا هو الاهكم الي حرركم و خرجكم من مصر و من عبودية المصريين,11.479999542236328,14_Moses3_Golden_Calf_OneStory_AEB_8,0.7241379310344828
labeled_linagora_cs_arabize,ومن غدوة قدمولو الذبيحة متاعهم وعبدوه وسجدولو ومن بعد ما كلاو شربو عاملو فخلاها موالاها وفزدو كما حبو,و من غدوا قدمولو الذبيح متاعهم و عبدوه و سجدول و من بعد ما كلاو و شربو عملو في خلاها ما ولاها و فسدو كيما حبو,10.215999603271484,14_Moses3_Golden_Calf_OneStory_AEB_9,0.7307692307692307
labeled_linagora_cs_arabize,وفي هيك الوقت تغشش ربي برشا وقال الموسى على الشي اللي عملو الشعب متاعو وكيفاش عبدو إله غيرو وقال ربي الموسى اللي باش يهلكهم الكل على أعمالهم,و في هاك الوقت تغشش ربي برشا و قال لموسى على الشي الي عملو الشعب متاعو و كيفاش عبدو الاه غيرو و قال ربي لموسى الي باش يهلكهم الكل على اعمالهم,11.847999572753906,14_Moses3_Golden_Calf_OneStory_AEB_10,0.4838709677419355
labeled_linagora_cs_arabize,لكن موسى وقتها طلب من ربي باش يرحمهم وذكر ربي فيالوعد اللي وعده لإبراهيم وإسحاق ويعقوب باش يكثرهم كيف نجوم السماء,لكن موسى وقتها طلب من ربي باش يرحمهم و ذكر ربي في الوعد الي وعده لابراهيم و اسحاق و يعقوب باش يكثرهم كيف نجوم السماء,9.48799991607666,14_Moses3_Golden_Calf_OneStory_AEB_11,0.4
labeled_linagora_cs_arabize,واللي باش يعطيهم الارض اللي وعدهم بها لآخر الدنيا ومن بعد ربي يحن عليهم وما هلكهمش,و الي باش يعطيهم الارض الي وعدهم بيها لآخر الدنية و من بعد ربي حن عليهم و ما هلكهمش,6.007999897003174,14_Moses3_Golden_Calf_OneStory_AEB_12,0.5263157894736842
labeled_linagora_cs_arabize,وكيف هبطت موسى وشاف الشي اللي يعملو فيه الشعب تغشش برشا وارمال الواح متاع الشريعة اللي كان منقوش عليها الوصايا العشرة متاع ربي يا خيت كسر,و كيف هبط موسى و شاف الشي الي يعملو فيه الشعب تغشش برشا و رمى الالواح متاع الشريعة الي كان منقوش علاها الوصاية العشرة متاع ربي ياخي تكسرت,10.704000473022461,14_Moses3_Golden_Calf_OneStory_AEB_13,0.5357142857142857
labeled_linagora_cs_arabize,لكن مرة أخرى طلع موسى وخداه الألواح متاع الشريعة معند ربي وزتلم موسى الشعب الكل وأعلنلهم على اللي مكتوب في الألواح متاع الشريعة على وصايا ربي المكتوبة,لكن مرة اخرى طلع موسى و خذا الالواح متاع الشريعة من عند ربي و زادة لم موسى الشعب الكل و علنلهم على الي مكتوب في الالواح متاع الشريعة على وصايا ربي المكتوبة,11.432000160217285,14_Moses3_Golden_Calf_OneStory_AEB_14,0.40625
labeled_linagora_cs_arabize,قال لهم ربي إله رؤوف رحيم ما يتغشىش فيسع ويغفر المعاصي والذنوب كيف نستعرف بها لكن زادة هو عادل ويعاقب المذنب,قالهم ربي الاه رؤوف رحيم ما يتغشش فيسع و يغفر المعاصي و الذنوب كيف يستعرفو بيها لكن زادة عادل و يعاقب المذنب,12.104000091552734,14_Moses3_Golden_Calf_OneStory_AEB_15,0.5909090909090909
labeled_linagora_cs_arabize,وربي زاد قال طاعوني وماتعبدوش آلها أخرى غيري,و ربي زادة قال طيعوني و ما تعبدوش آلهة اخرى غيري,3.496000051498413,14_Moses3_Golden_Calf_OneStory_AEB_16,0.8181818181818182
labeled_linagora_cs_arabize,احنا موجودين في بودكاست اسمه ديب لونفي بودكاست شوستي اد منتال هيلث,احنا موجودين في بودكاست اسمو ديب كونفيسيون بودكاست سوسايتي اند مونتال هيلث,5.708000183105469,TunSwitchCS_0000097_0000009_97_9_0,0.4166666666666667
labeled_linagora_cs_arabize,هذا مع انو المجهود الفردي مهوش كافي يلازم الدوله تتحرك,هاذا مع انو المجهود الفردي ما هو ش كافي يلزم الدولة تتحرك و,3.5739998817443848,TunSwitchCS_0000049_0000030_0000003_49_30_3_0,0.5384615384615384
labeled_linagora_cs_arabize,أيا كيفاش باش ندبر البروف ذان بالحق ما أسهل يمكن ميتود,ايا كيفاش باش ندبر ال بروف دونك بالحق ما اسهل يمكن ميتود,4.895999908447266,TunSwitchCS_0000028_0000114_0000003_28_114_3_0,0.4166666666666667
labeled_linagora_cs_arabize,توا ثلاثة وأربع,توا الثلاثة و ربع,1.4320000410079956,TunSwitchTO_0000023_0000020_0000052_ps0000008_23_20_52_ps8_0,0.75
labeled_linagora_cs_arabize,mumteze,ممتاز,1.4240000247955322,moumtez_9684_0,1.0
labeled_linagora_cs_arabize,alzerẓaɛafniyat tzaḥleq,الثلج رجع الثنية تتزحلق,2.055999994277954,TunSwitchTO_0000006_0000022_0000047_0000000k0000006_6_22_47_0k6_0,1.0
labeled_linagora_cs_arabize,باش تلبيكلرغبة  واتضاعكح كيا,باش تلبي هاكي الرغبة فهمتني,2.7119998931884766,amenyKH_0000006_0000006_0002012_partie0000005_chunk_0000066_06_06_2012_partie5_chunk_66_0,0.8
labeled_linagora_cs_arabize,serwalaxl,سروال آخر,1.4639999866485596,TunSwitchTO_0000009_0000020_0000045_t0000005u_9_20_45_t5u_0,1.0
labeled_linagora_cs_arabize,يتعاود ديما,يتعاود ديما,1.6239999532699585,yet3awed_dima_11518_0,0.0
labeled_linagora_cs_arabize,انا بالنسبة ليا هذاك لمات ابتي وحش ماتو هذاك ش نحب نعمل في حياتي أنا علش بازيع,انا بالنسبة ليا هذاكة ال ماث يا ولدي وحش ماث و هذاكة شنحب نعمل فحياتي انا علاش باز,5.394000053405762,TunSwitchCS_0000028_0000079_0000004_28_79_4_0,0.7777777777777778
labeled_linagora_cs_arabize,شنوو الأوبجيكتيف متاعك مريل هذاك,شنوا لوبجيكتيف متاعك مال ريل هاذيا,1.74399995803833,TunSwitchCS_0000096_0000181_96_181_0,0.8333333333333334
labeled_linagora_cs_arabize,شنو ايخر نمشي لمكتبه مثلا باش تكون انفيومو كالي ناس كل تقرا فيه والكل,شنوا آخر نمشي للمكتبة مثلا باش تكون انفيرونمون اكاللي الناس الكل تقرا فيه و كل,5.520999908447266,TunSwitchCS_Melekher0000010_0000228_0000000_Melekher10_228_0_0,0.6
labeled_linagora_cs_arabize,كند  ن نع كنسان يبدا,كان يون بيرسون ايست نوار كي انسان يبدا,3.2780001163482666,TunSwitchCS_0000050_0000090_0000003_50_90_3_0,0.875
labeled_linagora_cs_arabize,ih ana ḥaǧ zli,ايه عندنا حجز ليلك,1.1920000314712524,TunSwitchTO_0000105_0000015_0000007_0000003vr_105_15_07_3vr_0,1.0
labeled_linagora_cs_arabize,باش نشوف في هذه الرحلة,شباش نشوف في هاذي الرحلة,1.6640000343322754,TunSwitchTO_0000019_0000018_0000056_p0000002k_19_18_56_p2k_0,0.4
labeled_linagora_cs_arabize,لا في قناة الأر تي ولا هكاك تبيعة فينا نحنا اتوانسة نموت على هزام اتحين,لا في قناة الارتي ولا هكاكة طبيعة فينا نحنا التوانسة نموتو على هزان الطحين,5.751999855041504,TunSwitchTO_0000009_0000016_0000055_ig0000002_9_16_55_ig2_0,0.5714285714285714
labeled_linagora_cs_arabize,كيما الكري لفات الي انت عندك دار ولا لوكال وتكريه وتدخل منو فلوس لوفات لي هذاك سي باسف اينكام هذاك غفني,كيما الكرا لي في الي انت عندك دار ولا لوكال و تكريه و تدخل منو فلوس لي في الي هاذاكه سي باسيف انكوم هذاكة ريفنيو,7.823999881744385,TunSwitchCS_0000096_0000458_96_458_0,0.6
labeled_linagora_cs_arabize,نحب كعكا يعيش,نحب كعكة يعيشك,1.74399995803833,TunSwitchTO_0000067_0000019_0000023_gts_67_19_23_gts_0,0.6666666666666666
labeled_linagora_cs_arabize,شنو يفرق من توجك على المنافس,شنوا يفرق منتوجك على المنافس,2.4000000953674316,TunSwitchTO_0000007_0000018_0000053_0000004uy_7_18_53_4uy_0,0.6
labeled_linagora_cs_arabize,قرصنة مدبر تونس ميوزليوم الأبيض والزيتون الأخضر,قرصنة مدبرة تونس نيوز اليوم الابيض و الزيتون الاخضر,4.311999797821045,TunSwitchTO_0000018_0000014_0000052_cuu_18_14_52_cuu_0,0.7777777777777778
labeled_linagora_cs_arabize,لم قريت فرويد وفهمت انا نعرف الطبيب هديك شنو باش نحكيله وشنو دل بش يعطيهولي,تلمون قريت فرويد و فهمت انا نعرف الطبيب هذاكة شنوا باش نحكيلو و شنوا الدواء لي باش يعطيهولي دونك انا كان نحب,6.584000110626221,TunSwitchCS_0000097_0000102_97_102_0,0.6818181818181818
labeled_linagora_cs_arabize,المدة الأخيرة صابو عليها أركان مباني حتى إن منطقة أصبحت كان عمارة مه,المدة الاخيرة صبو عليها ركام مباني حتي ان المنطقة اصبحت كانها عمارة مهدمة,5.056000232696533,TunSwitchTO_0000030_0000021_0000046_0000001ks_30_21_46_1ks_0,0.6923076923076923
labeled_linagora_cs_arabize,االدارة العامة للمترو تقلب اخدامة وللدارة العامة وللوزارة معبش تع ال عليهش,الادارة العامة للميترو طالبة خدامة و الادارة العامة للوزارة ما حبتش تسيب الخدم الكونكور علاش,6.039999961853027,amenyKH_0000004_chunk_0000010_004_chunk_10_0,0.8666666666666667
labeled_linagora_cs_arabize,gاz,غاز,1.24590003490448,gaz_5810_0,1.0
labeled_linagora_cs_arabize,فيسبوك الحاجة الإيجابية الواحيدة الل قابلت به أصحابي في المدرسة والمعه,فايس بوك الحاجة الايجابية الوحيدة اني قابلت بيه اصحابي في المدرسة و المعهد,4.74399995803833,TunSwitchTO_0000015_0000021_0000038_thb_15_21_38_thb_0,0.6923076923076923
labeled_linagora_cs_arabize,تونس بلد للامانة ذو بنية تحتية جيدة جدا وهو حسب ما,تونس بلد للامانه ذو بنيه تحتيه جيده جدا وهو حسب ما,4.791999816894531,TunSwitchTO_0000004_0000006_0000056_vn0000006_4_06_56_vn6_0,0.36363636363636365
labeled_linagora_cs_arabize,سامحني ما نجمتش نتبعك تنجم تتكلم أكثر بشوية يعايشك,سامحني ما نجمتش نتبعك تنجم تتكلم اكثر بالشوية يعيشك,4.888000011444092,TunSwitchTO_0000005_0000022_0000047_0000096v_5_22_47_96v_0,0.3333333333333333
labeled_linagora_cs_arabize,تعملوا البوستنج تتلهالو معناها بالبروجي الكل ما يعمل حتى شي هو,تعملوا ال بوستينق تتلهالو معناها بال بروجي الكل ما يعمل حتى شيء هو,4.311999797821045,TunSwitchCS_0000096_0000063_96_63_0,0.38461538461538464
labeled_linagora_cs_arabize,فrشita فraشt,فرشتا فراشة,2.2827999591827393,ferchita_frachet_31036_0,1.0
labeled_linagora_cs_arabize,وهي كانت تقول علي مهبول كنت نجم نحكي معاها في المواضيع الكل فرغلها قلبي نحس,و هي كانت تقول عليا مهبول كنت انجم نحكي معاها في المواضيع الكل نفرغلها قلبي نحسها,4.728000164031982,TunSwitchTO_0000091_0000019_0000032_0000009vk_91_19_32_9vk_0,0.375
labeled_linagora_cs_arabize,البرانين ينجمو ياخدو كتب مالمكتبة,البرانيين ينجموا ياخذوا كتب من المكتبة,2.25600004196167,TunSwitchTO_0000036_0000021_0000018_mp0000004_36_21_18_mp4_0,0.8333333333333334
labeled_linagora_cs_arabize,أبدأ بالموجود بليزكيب مو اللي عندك,ابدا بالموجود بال لي اكويبمون لي عندك,2.2799999713897705,TunSwitchCS_0000096_0000922_96_922_0,0.7142857142857143
labeled_linagora_cs_arabize,اللي هو لمغا كيتجي تقولك اختك خير منك اختك متربي اكثر منك اختك ذ تي تحب تولي اختك و تلج تولي اختك ودو تنسى انت شكون,الي هو لي بارون كي تجي تقلك اختك خير منك اختك متربية اكثر منك اختك دونك تولي تحب تولي اختك سي كي ما تنجمش تولي اختك و دو كو تنسى انت شكون,11.345999717712402,TunSwitchCS_0000097_0000034_97_34_0,0.5
labeled_linagora_cs_arabize,أنا عطشت,انا عطشت,0.7039999961853027,TunSwitchTO_0000016_0000021_0000010_a0000007r_16_21_10_a7r_0,0.5
labeled_linagora_cs_arabize,اهو لون بنفسج,الي هو لونو بنفسجي,1.7519999742507935,amenyKH_0000011_chunk_0000033_011_chunk_33_0,1.0
labeled_linagora_cs_arabize,فما لي جابو قالونا مش تو نتس ام مشتوا عندي انصجم اخر,فمة الي جاوب و قالنا مش توا انترسي اما مش توا عندي ان انقاجمون اخر,5.895999908447266,TunSwitchCS_0000096_0000816_96_816_0,0.8
labeled_linagora_cs_arabize,راس مال الوحيد للي باش استعمل هو التبربة نتاعك الكمبب لي عندك المعرفة المعلومات للي عندك,راس المال الوحيد لي باش تستعملو هو ال اكسبيريونس متاعك ال كومبيتونس الي عندك المعرفة المعلومات الي عندك,6.631999969482422,TunSwitchCS_0000096_0000468_96_468_0,0.5555555555555556
labeled_linagora_cs_arabize,ق وخلي كل واحد معناها يشوف حياته هيك هي ن  مش علىخاطر,كان نو بليز ساي يت اوت لاود و خلي كل واحد معناها يشوف حياتو و هاذيكا هيا معناها دو نوت فورس انيثينق مش على خاطر ما تحب,12.0,TunSwitchCS_Melekher0000008_0000113_0000000_Melekher8_113_0_0,0.8148148148148148
labeled_linagora_cs_arabize,الله,و الله معنتها بيانتو كارونت دو ان,3.6559998989105225,TunSwitchCS_0000097_0000443_97_443_0,0.8571428571428571
labeled_linagora_cs_arabize,مفم حتى م,ما فمة حتى مشكل,0.7440000176429749,TunSwitchTO_0000029_0000018_0000020_0000009dz_29_18_20_9dz_0,0.75
labeled_linagora_cs_arabize,في صندوق التضامن الاجتماعي كان في العوام لأخرى قبل ما يتوفى الانتيت متاعو كان حاجه,في صندوق التضامن الاجتماعي كان في الاعوام الاخرة قبل ما يتوفى الانتريت متاعو كان حاجة,5.296000003814697,TunSwitchTO_0000028_0000014_0000059_uwr_28_14_59_uwr_0,0.26666666666666666
labeled_linagora_cs_arabize,نحتلو نستعمرو بلا الي فيها تقريبا طناش مليون معا,نحتلوا نستعمروا بلاد الي فيها اكثر تقريبا اثناش مليون مواطن,7.5920000076293945,TunSwitchCS_0000051_0000046_0000000_51_46_0_0,0.6
labeled_linagora_cs_arabize,باش تاخ- باش تبدا عندك اكسèس على افلام و مسلسلات دو بون كاليتي exكلوزيف اككتغا,باش تاخذ باش تبدا عندك اكسيس على افلام و مسلسلات دي بون كاليتي اكسكلوسيف اي سيتيرا,8.736000061035156,TunSwitchCS_0000096_0000562_96_562_0,0.375
labeled_linagora_cs_arabize,فقلقك كانقعدوني,يقلقك كان نقعد هوني,1.25600004196167,TunSwitchTO_0000029_0000021_0000014_zf0000000_29_21_14_zf0_0,1.0
labeled_linagora_cs_arabize,ف حاجة تخوف,دايور سي في متاعي حاجة تخوف,3.0429999828338623,TunSwitchCS_0000097_0000132_97_132_0,0.6666666666666666
labeled_linagora_cs_arabize,لت وكل مش لازم كبي و ي نتصور اللي مالازمكمش زادا تبداو بعض برشا على بعضكم,تو هاف لايك ديفيرانت فيوز و كل مش لازم كوبي كونفورم مي نتصور الي ما لازمكم ش زادة تبداو بعاد برشا على بعضكم اكاللي,11.041999816894531,TunSwitchCS_Melekher0000008_0000077_0000001_Melekher8_77_1_0,0.7083333333333334
labeled_linagora_cs_arabize,ckun,شكون,1.0188000202178955,chkoune_31056_0,1.0
labeled_linagora_cs_arabize,نحب بلاصة باهية,نحب بلاصة باهية,1.031999945640564,TunSwitchTO_0000032_0000018_0000022_0000002s0000003_32_18_22_2s3_0,0.0
labeled_linagora_cs_arabize,عندك في لمصورة بالألوان,عندك فيلم مصورة بالالوان,1.6080000400543213,TunSwitchTO_0000039_0000021_0000019_zdv_39_21_19_zdv_0,0.75
labeled_linagora_cs_arabize,دي كسبير د يجيو يحكيو,دي دي اكسبيرت يجيوا يحكيوا,2.4639999866485596,TunSwitchCS_0000096_0000573_96_573_0,0.8
labeled_linagora_cs_arabize,نجم ال كور د روق تحس روحك لي انت اثنيا هذيك مش صيحا تبدل ثنيه ا تو تخاس تاجار,تنجم ان كور دي روت تحس روحك الي انت الثنية هاذيكا ما ها ش صحيحة تبدل الثنية مي تو تراس توجور,5.800000190734863,TunSwitchCS_0000095_0001317_95_1317_0,0.7142857142857143
labeled_linagora_cs_arabize,تكون فن ال لس مثلا      عب اخل    هذ,باش تكون في ريلاسيونشيب فهمت مش مثلا يور ترايينق تو فورقيت اباوت يور اكس بعد لاخر بليز دو نوت دو ذيس يور هرت,10.076000213623047,TunSwitchCS_0000662_0000116_0000001_662_116_1_0,0.9130434782608695
labeled_linagora_cs_arabize,خaتeم,خاتم,1.1679999828338623,5etem_2054_0,1.0
labeled_linagora_cs_arabize,منين نطلعو للبابور,منين نطلعوا للبابور,1.1200000047683716,TunSwitchTO_0000087_0000019_0000031_0000004n0000002_87_19_31_4n2_0,0.3333333333333333
labeled_linagora_cs_arabize,نرجا كان جا تها فما تنيكة اللي ال اليني ف برو الكورونا كل,دونك نرجعوا كان ديجا فمة ستاتيستيك الي لي فانت ان لين في بيريود الكورونا,5.4079999923706055,TunSwitchCS_0000096_0000243_96_243_0,0.9285714285714286
labeled_linagora_cs_arabize,سامحني التواليت ما يخدموش عاوني,سامحني التواليت ما يخدمش عاوني,3.328000068664551,TunSwitchTO_0000012_0000014_0000047_ya0000008_12_14_47_ya8_0,0.2
labeled_linagora_cs_arabize,et notre force c'est ça en fait notre force c'est de générer barcha creatives,اي نوتر فورس سي سا ان في نوتر فورس سي دي جينيري برشا كرياتيف,4.263999938964844,TunSwitchCS_0000095_0000195_95_195_0,1.0
labeled_linagora_cs_arabize,krहba graहb,كرهبة كراهب,2.037600040435791,krehba_kreheb_30668_0,1.0
labeled_linagora_cs_arabize,رغم أنو,رغم انو,1.184000015258789,raghm_annou_31307_0,0.5
labeled_linagora_cs_arabize,م على ح  ل بين الخوات,تحكم على روحك الي هو لي جوجمون بين الاخوات,3.0299999713897705,TunSwitchCS_0000097_0000033_97_33_0,0.7777777777777778
labeled_linagora_cs_arabize,عالمیے,على مية,0.8479999899864197,TunSwitchTO_0000192_0000022_0000056_hjd_192_22_56_hjd_0,1.0
labeled_linagora_cs_arabize,من أول جديد وفهمني اللي حياتي ملكي وحدي وتوا,من اول جديد و فهمني الي حياتي ملكي وحدي و توا,3.5959999561309814,TunSwitchTO_0000011_0000006_0000059_bng_11_06_59_bng_0,0.5454545454545454
labeled_linagora_cs_arabize,معناها معملناش هك رجعنا بو فليد وكونفيرمي وكذي,معناها ما عملناش اكا رجعنا بور فاليدي كونفيرمي و كذا,3.9119999408721924,TunSwitchCS_0000096_0000782_96_782_0,0.8
labeled_linagora_cs_arabize,rsine,خزانة,1.0188000202178955,khzena_1351_0,1.0
labeled_linagora_cs_arabize,dizine andimi disne,ديس نوف فان دو ميل ديس نوف,1.3919999599456787,TunSwitchCS_0000095_0000164_95_164_0,1.0
labeled_linagora_cs_arabize,سرتو للناس وسوا عندك اجج ولا تصرف على عائلة ولا منعرف نو عندك ولا i وحدك معناا,سورتو للناس كي سي سوا عندك دي انقاجمون ولا تصرف على عايلة ولا ما نعرفش شنوا عندك ولا انديبندنت وحدك معناها,7.5879998207092285,TunSwitchCS_0000096_0000262_96_262_0,0.5714285714285714
labeled_linagora_cs_arabize,لمرا ما لقيتهاش لا في الأرض لا في السمان,المراء من القيتهاش لا في الارض لا في السماء,2.2309999465942383,TunSwitchCS_0000022_0000173_22_173_0,0.5555555555555556
labeled_linagora_cs_arabize,أقل منها في أوروبا وأمريكا من يستطيع أن يصدق هذ,اقل منها في اوروبا و امريكا من يستطيع ان يصدق هاذا,3.384000062942505,TunSwitchTO_0000165_0000019_0000054_wrf_165_19_54_wrf_0,0.5454545454545454
labeled_linagora_cs_arabize,ثم شق كبير يدع الحكومة ويدعو إلى الهدوء إذا اردت متحت الحكومة,فمة شق كبير يدعم الحكومة و يدعو الى الهدوء اذا اردتم اطاحة الحكومة,4.751999855041504,TunSwitchTO_0000036_0000019_0000026_0000893_36_19_26_893_0,0.6153846153846154
labeled_linagora_cs_arabize,بيرو المعلم مافيه حتى شي لوحة,بيرو المعلم ما فيه حتى شيء لوحة و,2.9040000438690186,amenyKH_Partie0000008_chunk_0000056_Partie8_chunk_56_0,0.5
labeled_linagora_cs_arabize,مكنتش نعرف الي فم tايps متاع كontent فما dي تيب متاع كونتnو,ما كنتش نعرف الي فمة تيب متاع كونتنت فمة دي تايب متاع كونتونو,4.624000072479248,TunSwitchCS_0000096_0000201_96_201_0,0.6923076923076923
labeled_linagora_cs_arabize,يعني ميسورة الحاق,يعني ميسورة الحال,0.9760000109672546,TunSwitchCS_0000022_0000015_22_15_0,0.3333333333333333
labeled_linagora_cs_arabize,ن   ي لعب ش نخرجو مع بعضنا ولال,لرواحنا سي يون ريلاسيون لي ما يراوهاش العباد فاش ما نخرجوش مع بعضنا ولا كاللي معنتها سي ان تروك انتيم,7.3429999351501465,TunSwitchCS_0000097_0000072_97_72_0,0.9
labeled_linagora_cs_arabize,إسمي كاميرا نحب نلغى حجتى تاع نارض جمرة,اسمي كيميرا نحب نلغي حجزي متاع نهار الجمعة,2.9679999351501465,TunSwitchTO_0000009_0000021_0000035_whs_9_21_35_whs_0,0.875
labeled_linagora_cs_arabize,وانا هزتني السرحة والبهتة ومانيش مصدقة ول ماستوعب الشي اللي قعدة تحكي فيه هلمرا,و انا هزتني السرحة و البهتة و ما ني ش مصدقة ولا مستوعبة الشي لي قاعدة تحكي فيه ها المراء,4.831999778747559,TunSwitchCS_0000022_0000134_22_134_0,0.7
labeled_linagora_cs_arabize,lašeje,العشية,1.0188000202178955,el_3chiyya_27024_0,1.0
labeled_linagora_cs_arabize,شرب واحد آخر مفض,شراب واحد آخر من فضلك,1.3279999494552612,TunSwitchTO_0000004_0000014_0000002_df0000004_4_14_02_df4_0,0.6
labeled_linagora_cs_arabize,شوقععجب سباع خير بربي حبيت نتكلم بربي شوفون الأسوامة خاطر غالية برشا ما عادش نجموا نقضي راهو وما عادش نجمو نعيشو,صندوق عجب صباح الخير بربي حبيت نتكلم بربي شوفوا لنا ال الاسوام خاطر غالية برشا ما عادش نجموا نقضيو راهو ما عادش نجموا نعيشوا,7.624000072479248,amenyKH_0000004_chunk_0000031_004_chunk_31_0,0.5
labeled_linagora_cs_arabize,نتصور عندي الدوخة متاع الهواء,نتصور عندي الدوخة متاع الهواء,1.944000005722046,TunSwitchTO_0000022_0000014_0000054_n0000004o_22_14_54_n4o_0,0.0
labeled_linagora_cs_arabize,إاللي ماشي للجامعة اللي ماشي يخدم وأنا قاعد حياتي وقف نخمم في الباك نسمع,الي ماشي للجامع الي ماشي يخدم وانا قاعد حياتي واقفة نخمم في الباك نسمع,4.039999961853027,TunSwitchTO_0000133_0000019_0000045_s0000007w_133_19_45_s7w_0,0.35714285714285715
labeled_linagora_cs_arabize,شيت البون قيط يشتح مع طفلة أخرى بصير طفلة أخرى دن لتم,مشيت لبوه لقيتو يشطح مع طفلة اخرى بيان سور طفلة اخرى دان لي تون,2.9760000705718994,TunSwitchCS_0000097_0000482_97_482_0,0.7857142857142857
labeled_linagora_cs_arabize,منهني للشط,من هوني للشط,1.0640000104904175,TunSwitchTO_0000065_0000014_0000043_0000002f0000008_65_14_43_2f8_0,0.6666666666666666
labeled_linagora_cs_arabize,دك أنا علاش نمشي نصرف في فلوس لر كانا عندي عباد,دونك انا علاش نمشي نصرف في فلوس الور كي انا عندي عباد,3.640000104904175,TunSwitchCS_0000096_0000807_96_807_0,0.4166666666666667
labeled_linagora_cs_arabize,خلي لكلا يحلم راروحو فيالو هذاكا فالتغغية هذيكا يبات أب يشري,خلي ال كلاينت يحلم يرا روحو فال بوينت هذاكة فال ترانسفورماسيون هاذيكا من بعد اب يشري,5.056000232696533,TunSwitchCS_0000096_0000156_96_156_0,0.8125
labeled_linagora_cs_arabize,من بعد شيجي لتاب نتاع الكونتانت لي هو لازم يكون اطيرا فيه فلور جوت لي باش يخلي عبد ه والله تعم في كوتنو سا فا,من بعد باش يجي ال ايتاب متاع ال كونتنت الي هو لازم يكون اتيران فيه فالور اجوتي الي باش يخلي العبد و الله تعمل في كونتونو سا فا,7.25600004196167,TunSwitchCS_0000096_0000386_96_386_0,0.6071428571428571
labeled_linagora_cs_arabize,والله الزواج باش يولي من المستحيل في تونس,و الله الزواج باش ايولي من المستحيل في تونس,3.7839999198913574,TunSwitchTO_0000021_0000014_0000054_0000001ku_21_14_54_1ku_0,0.3333333333333333
labeled_linagora_cs_arabize,ويعلم ربي آزرت وتلة وقصورات وقداش كليت لونجوست وكافيارو شرب تاغله,ويعلم ربي آش زرت وتلة وقصورات وقداش كليت لونقوست وكافيار وشربت اغلى,6.495999813079834,TunSwitchTO_0000006_0000020_0000044_bp0000003_6_20_44_bp3_0,0.5
labeled_linagora_cs_arabize,باش ندفع خمسين دولار,باش ندفع خمسين دولار,1.968000054359436,TunSwitchTO_0000145_0000019_0000048_ev0000002_145_19_48_ev2_0,0.0
labeled_linagora_cs_arabize,أنا نفيت جات معناها جات من بريودة,انا ان في جات معناها جات يون بيريود,3.128000020980835,TunSwitchCS_0000096_0000665_96_665_0,0.625
labeled_linagora_cs_arabize,lɣerersu,نعرسو,1.159999966621399,n3arrsou_31269_0,1.0
labeled_linagora_cs_arabize,معقي وهنيجاي كان ماهر الخليفي علخاطر كلما قالها براهيم تركي مهم ياسر علاش لا القانون ما يتبدلش انتوم خدمتو على تغيير القانون قانونع بلاد,فمة ابرونتيساج في العقلية لاهي يتم جديد و و هاني جايك انا ماهر الخليفي على خاطر كلمة قالها براهيم تركي مهمة ياسر علاش لا القانون ما يتبدلش انتوما خدمتو على تغير القانون كاريمون معناها لهنا نحكيو على قانون متاع بلاد,13.567999839782715,TunSwitchCS_0000007_sub_audio_chunk_0000002_7_sub_audio_chunk_2_0,0.625
labeled_linagora_cs_arabize,raqbة,رقبة,1.2379000186920166,rakba_5270_0,1.0
labeled_linagora_cs_arabize,دوك برا امشي أصرف عليها,دونك برا امشي اصرف عليها,1.3969999551773071,TunSwitchCS_0000095_0001095_95_1095_0,0.4
labeled_linagora_cs_arabize,لياقة في مخاطبتك المصر لي يحب يطلب الرفا,اللياقة في مخاطبتك للمشرف والي يحب يطلب حاجة لازم يعرف كيفاش يطلبها,4.047999858856201,TunSwitchTO_0000024_0000021_0000042_m0000003s_24_21_42_m3s_0,0.6666666666666666
labeled_linagora_cs_arabize,تعرفني تونسي نتمنى لو كان جاو توانسة كل هكا تونس في القلب,تعرفني تونسي ونتمانا لو كان جاو التوانسة الكل هكة تونس في القلب,4.191999912261963,TunSwitchTO_0000022_0000021_0000012_mas_22_21_12_mas_0,0.3333333333333333
labeled_linagora_cs_arabize,كيفاش كان,كيفاش كانت,0.6399999856948853,TunSwitchTO_0000093_0000019_0000032_lqs_93_19_32_lqs_0,0.5
labeled_linagora_cs_arabize,احكيلي وينك استنى الساعة تحب قهوة هيعملي قهوة بلاش سكر تستحفظ على المتاعك,احكيلي وينك استنى ساعة تحب قهوة اي اعملي قهوة بلاش سكر تستحفض على ال متاعك,5.072000026702881,TunSwitchTO_0000007_0000006_0000058_fn0000000_7_06_58_fn0_0,0.4
labeled_linagora_cs_arabize,منن ناخد تذcرلمترo,منين ناخذ تسكرة للميترو,1.2079999446868896,TunSwitchTO_0000022_0000018_0000012_u0000009r_22_18_12_u9r_0,1.0
labeled_linagora_cs_arabize,على الاستعلاق الأبي نسميه لسبريماسيsم بلان اللي هو اليوم,على على الاستعلاء الابيض نسميوه لي سوبريماسيزم بلان الي هو ليوما,4.736000061035156,TunSwitchCS_0000050_0000043_0000001_50_43_1_0,0.7272727272727273
labeled_linagora_cs_arabize,ولا عندهم حسابات طفيهم معدش نتفرج عليهم فما غيرهم برشا,ولا هم عندهم حساباتهم طفيهم ما عادش تتفرج عليهم فمة غيرهم برشا,4.98799991607666,TunSwitchTO_0000032_0000002_0000010_vwg_32_02_10_vwg_0,0.5
labeled_linagora_cs_arabize,mee tin,ميتين,1.4639999866485596,mitine_31339_0,2.0
labeled_linagora_cs_arabize,ميلا امشي طول ودور على اليمين مع الشارع الثالث تتلقاها على يمينك,ملا امشي طول و دور على الليمين مع الشارع الثالث توا تلقاه على يمينك,4.960000038146973,TunSwitchTO_0000003_0000015_0000011_0000007bj_3_15_11_7bj_0,0.42857142857142855
labeled_linagora_cs_arabize,في ما وقت لاأمني نكون في المطار,في اما وقت لازمني نكون في المطار,2.072000026702881,TunSwitchTO_0000004_0000014_0000042_0000007jf_4_14_42_7jf_0,0.2857142857142857
labeled_linagora_cs_arabize,ك أنا نبعد ك دجا جاست ركست على عام لعمر,دونك انا من بعد ديجا جوست ركزت على عام من العمر,3.0160000324249268,TunSwitchCS_0000096_0000116_96_116_0,0.8181818181818182
labeled_linagora_cs_arabize,إي   سعطان نيو معاش با تاخذها كيما هي خاطر انتي سرتان نيو عندك بيزنس وعندك ريطون ون ادسبند وعندك sاي وعندك كيبيايز مع الكليان متاع,سيرتان نيفو ما عادش باش تاخذها كيما هيا خاطر انت سيرتان نيفو عندك بيزنيس و عندك ريتورن اون انفستمنت عندك سكالابيليتي عندك ابي مع ال كلي متاعك,9.543999671936035,TunSwitchCS_0000095_0000530_95_530_0,0.8148148148148148
labeled_linagora_cs_arabize,تعرف علاش مشات وتزيد,تعرف علاش مشات و تزيد,1.6640000343322754,TunSwitchCS_0000095_0000520_95_520_0,0.4
labeled_linagora_cs_arabize,باش نخرج من لهوم اوفيس خاطر مانيش عابدي نخدم بحظة فرش,باش نخرج مال هوم وفيس خاطر ما ني ش عبد الي نخدم بحذا فرش,3.8259999752044678,TunSwitchCS_0000096_0000274_96_274_0,0.6428571428571429
labeled_linagora_cs_arabize,نهاري منجمش نطلبها من عندها مشنوا تقسل بالضبط,نهاري منجمش نطلبه من عنده اما شنوا تقصد بالضبط,2.5920000076293945,TunSwitchTO_0000136_0000019_0000045_qy0000002_136_19_45_qy2_0,0.5555555555555556
labeled_linagora_cs_arabize,قلت لها يامي زيد أنا قررت ومنا باش نخلط,قلتلها يامي زايد انا قررت و مرة باش نخلق,3.0239999294281006,TunSwitchCS_0000021_0000195_21_195_0,0.7777777777777778
labeled_linagora_cs_arabize,okranja,اكرانيا,1.24590003490448,Okrania_31416_0,1.0
labeled_linagora_cs_arabize,قطر ولا الإماراتهذ حتى كاس الحومتا وتشوف الدنيا كيفارس التقلب,قطر ولا الامارات تهز حتى كاس الحومة توا تشوف دنيا كيفاش تتقلب,3.880000114440918,TunSwitchTO_0000160_0000019_0000053_kx0000003_160_19_53_kx3_0,0.6666666666666666
labeled_linagora_cs_arabize,فما بنات دخلوهم بيت دجاج ونقعد قالوا للتحقيق السنة فيك,فمة بنات دخلوهم لبيت الدجاج و انا قعدت قالوا لي التحقيق يستني فيك,4.5279998779296875,TunSwitchTO_0000024_0000018_0000058_0000007in_24_18_58_7in_0,0.6923076923076923
labeled_linagora_cs_arabize,وين المغصلة القريبة,وين المغسلة القريبة,1.0240000486373901,TunSwitchTO_0000020_0000018_0000012_isc_20_18_12_isc_0,0.3333333333333333
labeled_linagora_cs_arabize,علاما يسلמك,عالسلامة يسلمك,2.290800094604492,asslema_ysalmek_reponse_2530_0,1.0
labeled_linagora_cs_arabize,نح ال   من الفاز دوات وب لشي عدي الفال,تنحى بال كرياتيفيتي دونك مال فاز مال فاز دوايات و طبة و كل شيء تعديت ل فاز,8.871999740600586,TunSwitchCS_0000097_0000112_97_112_0,1.0
labeled_linagora_cs_arabize,عر وابع ش,عشرة طوابع يعيشك,1.159999966621399,TunSwitchTO_0000041_0000021_0000020_udh_41_21_20_udh_0,1.0
labeled_linagora_cs_arabize,انا عرست والحمد لله العرس الكل تكلفي مليوم وصدقوني كل شيء,انا عرست و الحمد لله العرس الكل تكلف مليون وصدقوني كل شيء,4.480000019073486,TunSwitchTO_0000028_0000021_0000014_jma_28_21_14_jma_0,0.3333333333333333
labeled_linagora_cs_arabize,علموهم ولديهم الجرة,علموهم و الديهم التجارة,1.4800000190734863,TunSwitchCS_0000019_0000051_19_51_0,0.75
labeled_linagora_cs_arabize,فما حوايج تسساهل تسكر عليها خاطر بالحق لازم تسكر كما المشاكل,فمة حوايج تستاهل تسكر عليها خاتر بالحق لازم تتسكر كيما المشاكل,4.056000232696533,TunSwitchTO_0000173_0000019_0000056_r0000007w_173_19_56_r7w_0,0.45454545454545453
labeled_linagora_cs_arabize,nhar ekzin,نهارك زين,1.507099986076355,nharik_zin_31192_0,1.0
labeled_linagora_cs_arabize,وبعمر ولا لقانا حد وين متخبين نبداو نتفرجو فيهم م الفوق كيفاش يلوجو علينا,وبعمرو لا لقانا حد وين متخبين نبداوا نتفرجوا فيهم من الفوق كيفاش يلوجوا علينا,4.728000164031982,TunSwitchTO_0000020_0000021_0000011_0000006za_20_21_11_6za_0,0.42857142857142855
labeled_linagora_cs_arabize,اللي هي تحط د مخار واناهي معناها الحاجة فما حاجات ان فت مش منحرقوش الكوي ما فما د تكني,الي هيا تحط دي بريوريتي و اناهي معناها الحاجة فمة حاجات ان في مش ما نحرقوش ال كونتونو فمة دي تيكنيك,6.535999774932861,TunSwitchCS_0000096_0000621_96_621_0,0.7142857142857143
labeled_linagora_cs_arabize,صدقني حتى في القهوة وواحد معتها وعندي زملاء ويتكيفوا من ديما معنتها ديما ننصح فيهم ونبعد نبعد عليها معاش كنت قبل,صدقني حتى في القهوة و واحد معناتها م عندي زملاء ويتكيفوا وليت ديما معناتها ديما ننصح فيهم ونبعد نبعد عليهم ما عادش كنت قبل,8.32800006866455,amenyKH_0000006_0000006_0002012_partie0000001_0000003_chunk_0000197_06_06_2012_partie1_3_chunk_197_0,0.4166666666666667
labeled_linagora_cs_arabize,نحب نعمل نظر على بيت التبديل,نحب نعمل نضرة على بيت التبديل,1.8559999465942383,TunSwitchTO_0000027_0000014_0000058_lmz_27_14_58_lmz_0,0.16666666666666666
labeled_linagora_cs_arabize,عندكم خلال البحرة,عندكم غلال البحر,1.3200000524520874,TunSwitchTO_0000035_0000015_0000002_nwy_35_15_02_nwy_0,0.6666666666666666
labeled_linagora_cs_arabize,lhend,الهند,1.5151000022888184,Hend_12574_0,1.0
labeled_linagora_cs_arabize,العائدات متاعنا القديمة متاعنا القديمة مجاش خلي باش يجي لجديد خلينا احنا توا الكل الكل,العائدات متاعنا القديمة متاعنا القديمة ما جا ش خلي باش يجي الجديد خلينا احنا توا الكل لكل,7.199999809265137,TunSwitchTO_0000006_0000006_0000057_0000008xi_6_06_57_8xi_0,0.29411764705882354
labeled_linagora_cs_arabize,أناهي الحكومة اللي باش تدخللك في إصلاحات خطيرة,اشك اناهي الحكومة الي باش تدخل لك في اصلاحات خطيرة,2.8399999141693115,amenyKH_0000002_chunk_0000076_002_chunk_76_0,0.6
labeled_linagora_cs_arabize,ونه في  ف في لتحسن دراسية تكون على الأقل,كون في ال رنتره السنة الدراسية تكون على الاقل,2.9119999408721924,amenyKH_partie0000004_chunk_0000106_partie4_chunk_106_0,0.6666666666666666
labeled_linagora_cs_arabize,تحب تشري لوبة,تحب تشري روبة,0.9039999842643738,TunSwitchTO_0000028_0000018_0000019_oby_28_18_19_oby_0,0.3333333333333333
labeled_linagora_cs_arabize,الكل هم مطبوعين,الكلهم مطبوعين,1.6959999799728394,TunSwitchTO_0000010_0000020_0000033_l0000007b_10_20_33_l7b_0,1.0
labeled_linagora_cs_arabize,فم طريقة تفكير وطريقة اتعامل مع البرودوي مع السولوسيون مع المشروع بصفة عامة,فمة طريقة تفكير و طريقة تعامل مع ال برودوي مع ال سولوسيون مع المشروع بصفة عامة,8.552000045776367,TunSwitchCS_0000005_0000049_5_49_0,0.5
labeled_linagora_cs_arabize,biro,بيرو,1.507099986076355,birou_2918_0,1.0
labeled_linagora_cs_arabize,فاش تحاول إنك تو كونتخل ت يموتي وتحاول إنك تتعدى,كيفاش تحاول انك تو كونترول تي ايموشيون و تحاول انك تتعدى,4.760000228881836,TunSwitchCS_0000095_0001367_95_1367_0,0.7272727272727273
labeled_linagora_cs_arabize,باش نخدموها سو لبوتي فيزية,باش نخدموها سور لي بوتيك فيزيك,1.5839999914169312,TunSwitchCS_0000095_0000970_95_970_0,0.6666666666666666
labeled_linagora_cs_arabize,تقولي بقداش التليفون هذا,تقلي بقداش التالفون هاذا,1.600000023841858,TunSwitchTO_0000004_0000023_0000036_0000008k0000009_4_23_36_8k9_0,0.75
labeled_linagora_cs_arabize,سامحنا رنا مع بيين غضوة اللي,سامحنا رانا معبيين غدوة الليل,2.0959999561309814,TunSwitchTO_0000078_0000019_0000026_h0000003n_78_19_26_h3n_0,1.0
labeled_linagora_cs_arabize,إيه بقج واحد آخر جاني للبيت متاعي تنجم تثبت يعيشك,ايه باقاج واحد آخر جاني للبيت متاعي تنجم تثبت يعيشك,4.5920000076293945,TunSwitchTO_0000012_0000020_0000046_0000006at_12_20_46_6at_0,0.2
labeled_linagora_cs_arabize,لازمني نبدل الدولارات هد,لازمني نبدل الدولارات هاذم,1.8240000009536743,TunSwitchTO_0000029_0000020_0000054_c0000000j_29_20_54_c0j_0,0.25
labeled_linagora_cs_arabize,تبدل الفلوس متاع البر,تبدل فلوس متاع البرة,2.0480000972747803,TunSwitchTO_0000182_0000019_0000057_mhw_182_19_57_mhw_0,0.5
labeled_linagora_cs_arabize,تحب عصير شنو,تحب عصير شنوا,0.9919999837875366,TunSwitchTO_0000025_0000018_0000016_zbu_25_18_16_zbu_0,0.3333333333333333
labeled_linagora_cs_arabize,وقت اللي هو يبدأ عامل جو ييعمل فيه وشايخ عليه ويحس روح إلتربان,وقت الي هو يبدا عامل جو على يعمل فيه و شايخ عليه و يحس روحو يل انتربروند,3.927999973297119,TunSwitchCS_0000095_0000767_95_767_0,0.6470588235294118
labeled_linagora_cs_arabize,الرياكسيون نتاع العباد لي قراب لينورمال,ال رياكسيون متاع لعباد الي قرابلي نورمال,4.379000186920166,TunSwitchCS_0000035_0000087_0000000_35_87_0_0,1.0
labeled_linagora_cs_arabize,دمت لنا فخرا يا تونثنا أنا تونسي أتكلم لغة التانسا العربية ولا أتكلم لغق,دمت لنا فخرا يا تونسنا انا تونسي اتكلم لغة التوانسة العربية و لا اتكلم لغة,5.6479997634887695,TunSwitchTO_0000014_0000021_0000037_srj_14_21_37_srj_0,0.5333333333333333
labeled_linagora_cs_arabize,ه باهي تصور قداش الخدمة هذي تاخذ كان تطرح سؤال ثاني على كل واحد يجا فيسخوذ بغجنا لازمنا توا نمشي والمكتب الديوان,اه باهي تصور قداش الخدمة هاذي تاخذ كان تطرح سؤال ثاني على كل واحد ايجا فيسع و خوذ باقاجنا لازمنا توا نمشيو لمكتب الديوانة,7.239999771118164,TunSwitchTO_0000150_0000019_0000050_a0000008k_150_19_50_a8k_0,0.4166666666666667
labeled_linagora_cs_arabize,عندي قرابة الفين وخمسمية دولار بليان الياباني,عندي قرابة الفين و خمسة مية دولار باليان الياباني,3.200000047683716,TunSwitchTO_0000035_0000021_0000018_ni0000003_35_21_18_ni3_0,0.4444444444444444
labeled_linagora_cs_arabize,بين أسير دخل برشا فلوس,بيان سور دخل برشا فلوس,1.25600004196167,TunSwitchCS_0000096_0000001_96_1_0,0.4
labeled_linagora_cs_arabize,حبל حmל,حبلى حامل,2.0216000080108643,7ebla_7amel_8837_0,1.0
labeled_linagora_cs_arabize,عندي نفس العمر,عندي نفس العمر,1.8960000276565552,TunSwitchTO_0000011_0000018_0000054_xko_11_18_54_xko_0,0.0
labeled_linagora_cs_arabize,رن على تا كستا فما شكون آمن بينا مننسوهمش لي آمنو بينا ملول خاطر بداو معنا وقت الي ما فم ح,بور ريبوندر ا تا كاستيون فمة شكون امن بينا ما ننساوهمش الي امنو بينا من اللول خاطر بداو معنا وقتلي ما فمة,5.473999977111816,TunSwitchCS_0000095_0000342_95_342_0,0.7272727272727273
labeled_linagora_cs_arabize,ما ينجم يركز كان بالدخان وهو مش صحيح مجرد  تصور في مخ  هو بالطبيعة اذا كان باش يستنس يعني ب يكون حياته كاملة,ينجم يركز كان بال بالدخان بالطبيعة اذا كان باش يستانس يعني باش يكون حياتو كاملة,8.303999900817871,amenyKH_0000006_0000006_0002012_partie0000003_chunk_0000103_06_06_2012_partie3_chunk_103_0,0.8666666666666667
labeled_linagora_cs_arabize,و  اجي,عندو دوتغ باثولوجي خلاوه,1.8380000591278076,TunSwitchCS_0000097_0000320_97_320_0,1.0
labeled_linagora_cs_arabize,قتلك تحب تتفكر مطعم الطفولة كيكان ويها بطحومة كامل,قالتلك تحب تتفكر مطعم الطفولة كي كانوا يهبطوا حومة كاملة,3.9600000381469727,TunSwitchTO_0000006_0000018_0000053_a0000005h_6_18_53_a5h_0,0.6
labeled_linagora_cs_arabize,عيد ميلادك قرب,عيد ميلادك قرب,1.0800000429153442,TunSwitchTO_0000026_0000014_0000057_i0000005z_26_14_57_i5z_0,0.0
labeled_linagora_cs_arabize,sweya,سوايع,1.2539000511169434,swey3_31870_0,1.0
labeled_linagora_cs_arabize,هذا وضع السياحة في تونس سياحتنا مصنفة الثانية عربيا بعد الإمارات وتحتل المركز في العالم,هاذا وضع السياحة في تونس سياحتنا مصنفة الثانية عربيا بعد الامارات وتحتل المركز في العالم,6.0960001945495605,TunSwitchTO_0000058_0000019_0000021_xkl_58_19_21_xkl_0,0.13333333333333333
labeled_linagora_cs_arabize,فرمايا هذي معنتها تسهلك الدنيا الكل خاطر جي ك أ vو أvوياج مش الناس كل تنجم تساف,فورماسيون هاذي معنتها تسهلك الدنيا الكل خاطر بون كان تو فواياج مش الناس الكل تنجم تسافر,5.383999824523926,TunSwitchCS_0000095_0000635_95_635_0,0.5625
labeled_linagora_cs_arabize,تاعها فيالآخر نحب نقول ض  ج خصك,لي اكسبيريونس متاعها سو ذاتس يت في اللخر نحب نقول بي يورسيلفز بي ا قود بيرسون,12.0,TunSwitchCS_0000662_0000136_0000000_662_136_0_0,0.875
labeled_linagora_cs_arabize,فما حاجه اللي ماتمشيش في كارته بيتي تنجم تعطيني وحده اخرى يعيشك,فمة حاجة الي ما تمشيش في كارطة بيتي تنجم تعطيني واحدة اخرى يعيشك,4.960000038146973,TunSwitchTO_0000010_0000014_0000045_knp_10_14_45_knp_0,0.5384615384615384
labeled_linagora_cs_arabize,وي ون طر,وي اونتر اوتر,1.3389999866485596,TunSwitchCS_0000095_0001069_95_1069_0,0.6666666666666666
labeled_linagora_cs_arabize,تلقى روحك تعيش في الناشح فيصل السمع للتعليق على هذا الموضوع,تلقى روحك تعيش في الناشح فيصل الصمعي للتعليق على هاذا الموضوع,3.2799999713897705,TunSwitchTO_0000125_0000019_0000040_0000004ro_125_19_40_4ro_0,0.18181818181818182
labeled_linagora_cs_arabize,أكيد كيف نجم نعاونك,اكيد كيفاش نجم نعاونك,1.4880000352859497,TunSwitchTO_0000026_0000018_0000018_c0000001r_26_18_18_c1r_0,0.5
labeled_linagora_cs_arabize,قلت لهم انا,قلتلهم انا,0.9879999756813049,TunSwitchCS_0000023_0000134_23_134_0,1.0
labeled_linagora_cs_arabize,حي شوف ليالجيل,حداش وتسعة مية شوف لي الفين,1.600000023841858,amenyKH_MIC0000001_mod_0000019_chunk_0000005_MIC00001_mod_19_chunk_5_0,0.8333333333333334
labeled_linagora_cs_arabize,فما منه حاجة ياسرة نشخت عليها,فمة منو حاجة ياسر انا شخت عليها,2.8239998817443848,TunSwitchCS_0000095_0000632_95_632_0,0.7142857142857143
labeled_linagora_cs_arabize,التنرفيز والغش والابلسيف راهي ما عندها وي تواصل باش نحييلكمن النرجي,التنرفيز و الغش و ال امبولسيفيتي راهي ما عندها من توصل باش تنحي لك من ال انرجي,6.015999794006348,TunSwitchCS_0000095_0001373_95_1373_0,0.7058823529411765
labeled_linagora_cs_arabize,معندكش جولة أخرى,عندكشي جولة آخرى,1.2319999933242798,TunSwitchTO_0000013_0000018_0000051_d0000002p_13_18_51_d2p_0,0.6666666666666666
labeled_linagora_cs_arabize,ت كي تبدا خدم البرسونا متاعك بعض لباغامتر باش لقاهم حضرين بوز باش تكتبهم تكتك,ماهو انت كي تبدا خادم ال بيرسونا متاعك بعد لي بارامتر باش تلقاهم حاضرين جوست باش تكتبهم تك تك,4.8480000495910645,TunSwitchCS_0000096_0000162_96_162_0,0.6842105263157895
labeled_linagora_cs_arabize,تبسم محمود وقالو عندك أفكار هيلة يا وحيد,تبسم محمود و قالوا عندك افكار هايلة يا وحيد,4.072000026702881,TunSwitchCS_0000019_0000176_19_176_0,0.4444444444444444
labeled_linagora_cs_arabize,atreia,عطريا,1.507099986076355,3otryya_31765_0,1.0
labeled_linagora_cs_arabize,قداش ناقفو من مرة باش نب,قداش ناقفوا من مرة باش نبدل,1.6239999532699585,TunSwitchTO_0000008_0000021_0000033_ywu_8_21_33_ywu_0,0.3333333333333333
labeled_linagora_cs_arabize,kerätê,كراتي,1.24590003490448,karati_31750_0,1.0
labeled_linagora_cs_arabize,شوف إي شعبي اللي كان على حق يصور نشوف الناس تقاتل تنهب تغور,نشوف في شعبي الي كان على حقو يثور نشوف في الناس تتقاتل تنهب و تغور,4.0960001945495605,TunSwitchTO_0000040_0000019_0000015_0000071y_40_19_15_71y_0,0.5333333333333333
labeled_linagora_cs_arabize,soمlotيل داخل فيه فيطور الصباح,سوم الوتيل داخل فيه فطور الصباح,1.6399999856948853,TunSwitchTO_0000031_0000018_0000022_0000005f_31_18_22_05f_0,0.5
labeled_linagora_cs_arabize,اغلبية معنا اسلام زمارسم,اغلبية معناها التلامذة ما رسمتش,1.687999963760376,amenyKH_partie0000004_chunk_0000051_partie4_chunk_51_0,0.8
labeled_linagora_cs_arabize,فما حنوت ورد مشيرة لخرى مشارع,فمة حانوت ورد من الشيرة الاخرى من الشارع,2.496000051498413,TunSwitchTO_0000014_0000020_0000047_bmt_14_20_47_bmt_0,0.875
labeled_linagora_cs_arabize,لنج فرونسي أإنجليز أي حاجة هذيك مهاش كبةمعنها ت قريتها وتنجم تعلمها للعباد تنجم تصنع منها فلوس,لانق فرونساي انقلاي اي حاجة هاذيكا ما هي ش كومبيتونس معناها انت قريتها و تنجم تعلمها للعباد تنجم تصنع منها فلوس,8.64799976348877,TunSwitchCS_0000096_0000473_96_473_0,0.6190476190476191
labeled_linagora_cs_arabize,بوهم فرنساوي اما في رأس أصغر مولود في تونس خاطر روحنا لتونس نخليكم,بوهم فرنساوي اما فراس اصغر مولود في تونس خاطر روحنا لتونس نخليكم,4.631999969482422,TunSwitchTO_0000011_0000014_0000045_0000086y_11_14_45_86y_0,0.25
labeled_linagora_cs_arabize,être fiers des résultats qu'on a faits,اتر فيير دي ريزولتا كون ا في,2.3359999656677246,TunSwitchCS_0000095_0000487_95_487_0,1.0
labeled_linagora_cs_arabize,دارو هو متكي على الفوتي حاجة تفرق بين تجربة سوفيان وتجرب,دارو وهو متكي على فوتاي حاجة تفرق بين تجربة سفيان و تجربتي,3.375999927520752,TunSwitchTO_0000036_0000018_0000025_drf_36_18_25_drf_0,0.4166666666666667
labeled_linagora_cs_arabize,واكسسيبل وناس كل تعجم تعمل على أقد راهو محلاها كيتخرج كريا و كليتا وتخرج,و اكسسيبل الناس الكل تنجم تعمل على قد راهو محلاها كي تخرج كريات دي كاليتي و تخرج,5.541999816894531,TunSwitchCS_0000095_0001109_95_1109_0,0.7647058823529411
labeled_linagora_cs_arabize,musika musica,موسيقى موزيكا,2.696000099182129,mousi9a_musika_17557_0,1.0
labeled_linagora_cs_arabize,حتى لا ننسى سجل توا واربح رحلة إلى شمال المتوسط,حتى لا ننسى سجل توا و اربح رحلة الى شمال المتوسط,3.2079999446868896,TunSwitchTO_0000120_0000019_0000039_0000001it_120_19_39_1it_0,0.2727272727272727
labeled_linagora_cs_arabize,وكل واح عنده ن بد مثل انا سي كير  سارا ارتي,و كل واحد عندو يون ابتيتيود مثلا انا جي سوي سور معنتها سارة اختي,4.210000038146973,TunSwitchCS_0000097_0000387_97_387_0,0.9285714285714286
labeled_linagora_cs_arabize,في مهب الأيام تبسيمة لمرأ واقف على كياس تبيع في خبزاتها الانجازات العظيمة هي القوة,في مهب الايام تبسيمة المراه واقفة على كياس تبيع في خبزاتها الانجازات العظيمة هيا القوة,7.208000183105469,TunSwitchTO_0000005_0000006_0000056_xy0000006_5_06_56_xy6_0,0.26666666666666666
labeled_linagora_cs_arabize,هي الحكاية مانا خاصرين شي اما روحين كرامتنا بالليه يزينا ونتطيح لخشام فيه,هيا الحكاية ما نا خاسرين شيء اما رابحين كرامتنا بالله يزينا من تطييح الخشم في,5.248000144958496,TunSwitchTO_0000009_0000023_0000040_gec_9_23_40_gec_0,0.7333333333333333
labeled_linagora_cs_arabize,tfal,طفل,1.2539000511169434,tfol_8940_0,1.0
labeled_linagora_cs_arabize,مش معمول بالبهي,مش معمول بالباهي,1.8240000009536743,TunSwitchTO_0000061_0000019_0000022_eak_61_19_22_eak_0,0.3333333333333333
labeled_linagora_cs_arabize,نجمو تسيبون الطاولة يعيشكما,تنجموا تسيبولنا الطاولة يعيشكم,3.111999988555908,TunSwitchTO_0000013_0000020_0000047_vxg_13_20_47_vxg_0,0.75
labeled_linagora_cs_arabize,ما قعدناش جنب لجنب,ما قعدناش جنب لجنب,1.656000018119812,TunSwitchTO_0000024_0000014_0000056_kps_24_14_56_kps_0,0.0
labeled_linagora_cs_arabize,قعدت فيهك الحوصة جبت سيقارو وجابتلي صوفيا قهوة عربي أعطي كلمة خوض كلمة,قعدت في هاك الحوسة جبدت سيقارو و جابتلي صوفية قهوة عربي اعطي كلمة خوذ كلمة,5.072000026702881,TunSwitchTO_0000030_0000021_0000015_iv0000000_30_21_15_iv0_0,0.6
