category,instruction,response,augmentation_type
cultural_knowledge,علاش تونس باهية للاستثمار في التكنولوجيا وشنوة عملت الدولة؟,"تونس عندها برشة مزايا للشركات التكنولوجية:
• تونس قريبة لأوروبا وعندنا مهندسين وخدامة كفاءة.
• فمة قوانين جديدة كيف 'Startup Act' اللي تسهل الخدمة للشركات الناشئة.
• الدولة عملت برامج كيف 'تونس الذكية' (Smart Tunisia) باش تجيب المستثمرين الأجانب وتوفرلهم بنية تحتية رقمية باهية.",original
storytelling,دراسة الماط في تونس، كيفاش تحل بيبان الخدمة للطلبة؟,"الماط مش كان حساب، هي تعلم الطالب كيفاش يحلل البيانات ويعمل نماذج رياضية. الخريجين ينجموا يخدموا في برشة مجالات كيف:
• تحليل البيانات (Data Analysis)
• الاستشارات المالية والرياضية
• البحث العلمي والتعليم
• حل المشاكل الهندسية المعقدة
المهارات هاذي تخلي الطالب مطلوب برشة في السوق خاطر يعرف يفكر بطريقة منطقية ومنظمة.",original
storytelling,شنوة المراحل باش تعمل مشروع تكنولوجي في تونس؟,"باش تعمل مشروع تكنولوجي (Startup مثلاً) لازمك تتعدى بالخطوات هذي:
• دراسة الجدوى: تثبت اللي فكرتك مطلوبة في السوق وتعمل Plan واضحة.
• التراخيص: تاخذ الموافقات م الوزارات المعنية (كيف وزارة تكنولوجيات الاتصال).
• الحصول على علامة 'Startup Act': باش تتمتع بالامتيازات الجبائية والقانونية.
• التمويل: تلوج على مستثمرين (Business Angels) ولاّ تمويل م البنوك.
• الربط مع الـ Ecosystem: تبني علاقات مع المحاضن (Incubators) وأقطاب التكنولوجيا كيف 'قطب الغزالة'.",original
storytelling,قراية المات (الرياضيات) شنوة تفتح آفاق شغل في تونس؟,"اللي يقرى مات في تونس عنده برشا فرص، ينجم يخدم في:
• تحليل البيانات (Data Analysis).
• الاستشارات والمالية.
• البحث العلمي والتعليم.
• حل المشاكل الهندسية المعقدة.
الرياضيات تعلمك كيفاش تحلل وتلقى حلول ذكية، وهذا مطلوب برشا في سوق الشغل توه.",original
storytelling,شنوة هو الـ Startup Act وكيفاش عاون الشباب في تونس؟,الـ Startup Act هو قانون ثوري خرج في تونس عام 2018، يسهل برشا إجراءات للشباب اللي يحبوا يحلوا شركات ناشئة. يعطيهم امتيازات ضريبية، يسهلهم التعامل بالعملة الصعبة، ويعطي 'منحة بعث مشروع' للمتخرجين. بفضله، تونس ولات من أحسن الوجهات في أفريقيا للابتكار التكنولوجي.,original
general_knowledge,شنوة قصة الميكرو-أوند (Microwave) وكيفاش تكتشف بالصدفة؟,تكتشف بالزهر في 1945 عن طريق مهندس اسمه 'بيرسي سبنسر' كان يخدم على 'رادارات' عسكرية. لاحظ اللي طرف 'شكلاطة' في جيبه ذاب وهو واقف قدام جهاز الرادار. فهم اللي الموجات هذيكة هي اللي سخنت الشكلاطة، ومن غاديكة جات الفكرة باش يصنعوا فور يطيب الماكلة باستعمال الموجات موش بالنار التقليدية.,original
general_knowledge,فين تمشي الطيور المهاجرة في الشتاء وكيفاش تعرف ثنيتها بلاش GPS؟,الطيور تهرب من برد الشمال وتمشي لبلايص أدفا (كيف أفريقيا) وين الماكلة متوفرة. المذهل اللي هما عندهم 'بوصلة داخلية' تحس بالمجال المغناطيسي متاع الأرض، وزادة يستعملوا النجوم والشمس ومعالم الأرض (كيف الجبال والبحار) باش يشدوا الثنية وما يضيعوش، ويرجعوا لنفس العش متاعهم كل عام.,original
general_knowledge,شنوة هو الـ Blockchain (بلوكشين) بكلمات بسيطة؟,تخيل 'كناش' متع حسابات موجود عند الناس الكل في نفس الوقت. أي عملية تتقيد فيه، تتسجل عند الجميع وما ينجم حد يفسخها ولا يغش فيها خاطر الكل يعسوا على الكل. هي تكنولوجيا تخلي المعاملات (كيف البيتكوين) تصير بلاش وسيط (كيف البانكة) وبأمان كبيير خاطرها موزعة ومستحيل تزويرها.,original
general_knowledge,علاش المضاد الحيوي (Antibiotique) ما نداويوش بيه الڨريب (الأنفلونزا)؟,هذي أكبر غلطة يقعوا فيها الناس. المضاد الحيوي يقتل 'البكتيريا' برك، أما الڨريب والزكام يتسببوا فيهم 'فيروسات'. الفيروس كائن مختلف كومبليتمون والمضاد ما يعملوش حتى شيء. بالعكس، كي تاخذ مضاد وإنت عندك فيروس، قاعد تضعف في بدنك وتخلي البكتيريا تولي أقوى وتعمل 'مناعة' ضد الدواء.,original
general_knowledge,كيفاش يخدم الـ GPS وكيفاش يعرف بلاصتنا بالضبط؟,الـ GPS (نظام تحديد المواقع) يعتمد على شبكة متاع أقمار صناعية تدور بالأرض. تليفونك يستقبل إشارات من 4 أقمار ولا أكثر في نفس الوقت. القمر يبعث 'الوقت' اللي خرجت فيه الإشارة، وتليفونك يحسب قداش خذات وقت باش توصل. بعملية حسابية (تثليث)، تليفونك يعرف قداش بعيد على كل قمر ويحدد نقطة وجودك على الخريطة بالمليمتر.,original
general_knowledge,كيفاش تكتشف التخدير (Anesthésie) قبل ما يعملوا العمليات؟,قبل القرن 19، العمليات كانت 'عذاب' والمريض يحس بكل شيء. في 1846، طبيب أسنان اسمه 'ويليام مورتون' استعمل غاز 'الإيثر' ونجح باش يرقد مريض وما يحس بحتى وجيعة. الاكتشاف هذا كان أعظم رحمة للبشرية، خاطر سمح للأطباء باش يعملوا عمليات معقدة وطويلة في راحة تامة للمريض.,original
general_knowledge,علاش كي ناكلوا حاجة مثلجة برشا (كيف المثلجات) نحسوا بوجيعة راس قوية (Brain Freeze)؟,الحكاية هذي تسمى 'صدمة البرد'. كي تمس حاجة مثلجة سقف الحلق، العروق اللي غاديكة تتقلص فجأة ومن بعد تتحل بسرعة باش تدز الدم وتدفي البلاصة. الحركة السريعة هذي متاع العروق تفيق أعصاب الوجيعة اللي تبعث ميساج للمخ. المخ يتغدر ويحساب الوجيعة جاية من الجبهة، فتحس بهذيكة الـ 'سطرة' القوية اللي تقعد ثواني وتتعدى.,original
advice_guidance,شنوة هو فقر الدم (Anémie) وعلاش يخلي الواحد ديما فاشل ووجهه أصفر؟,الأنيميا هي نقص في 'الهيموغلوبين' اللي موجود في كريات الدم الحمراء. خدمة الهيموغلوبين هي هزّ 'الأوكسجين' من الرواري وتوزيعه على أعضاء البدن. كي ينقص، البدن يولي يخدم بـ 'الريزيرف' وما يوصلش أوكسجين كافي للمخ والعضلات، فتحس بالدوخة، الفشل، وقلبك يدق بسرعة باش يحاول يعوض النقص.,original
advice_guidance,كيفاش السوسة (Carie) تاكل السنّة وهي أقوى مادة في البدن؟,السوسة ما تاكلش السنّة مباشرة. الحكاية تبدأ بالبكتيريا اللي تعيش في الفم؛ كي تاكل السكر، البكتيريا هذي تتغدى عليه وتخرج 'حمض' (Acide). الأسيد هذا هو اللي يذوّب 'المينا' (الطبقة البرانية القاسحة) متاع السنّة بالشوية بالشوية لين يعمل حفرة. كي توصل الحفرة للعصب، وقتها تبدأ الوجيعة اللي ما ترقدش الليل.,original
advice_guidance,علاش كي نكونوا نجريو نحسوا بوجيعة في الجنب (Point de côté)؟,الوجيعة هذي الاكثرية تجي خاطر 'الحجاب الحاجز' (العضلة اللي تعاونا على التنفس) تتقلص وتتجبد بقوة مع حركة الجري والتنفس السريع. زادة تنجم تجي خاطر الدم يمشي أكثر للعضلات اللي تجري وينقص شوية على الكبدة والطحال، مما يعمل تشنج بسيط. أحسن حل هو إنك تنقص في السرعة، تضغط بيدك على البلاصة اللي توجع، وتأخذ نفس عميق ومنتظم.,original
general_knowledge,شنوة هي الحساسية (Allergie) وعلاش البدن يولي يحك؟,الحساسية هي 'غلطة' يعملها الجهاز المناعي. بدنك يشوف حاجة عادية (كيف غبرة، نوار، ولا نوع ماكلة) كاينها عدو خطير، فيهجم عليها بقوة ويفرز مادة اسمها 'هيستامين'. الهيستامين هذا هو اللي يعمل الحكة، الاحمرار، الدموع، والعطس. يعني الحساسية هي حماية زايدة عن اللزوم من بدنك لحاجة ما تستحقش.,original
general_knowledge,علاش الشخير (Ronflement) يصير كي نرقدوا؟ وشكون اللي يشخر أكثر؟,الشخير يصير كي الهواء يلقى صعوبة باش يتعدى في الحلق وهو داخل للرئتين. عضلات الحلق ترخى في النوم، والأنسجة (كيف اللهاة) تبدأ 'تترفرف' وتعمل هذاك الصوت. الرجال، الناس اللي عندهم وزن زايد، ولا اللي يرقدوا على ظهرهم يشخروا أكثر. ساعات يكون علامة اللي فما ضيق في التنفس ولازم استشارة طبيب.,original
general_knowledge,علاش المرارة (Vésicule biliaire) ساعات تعمل حجر؟ وشنوة خدمتها أصلاً؟,المرارة هي كيس صغير تحت الكبدة، تخزن 'الصفراء' (Bile) اللي تصنعها الكبدة. كي تاكل حاجة فيها دهون، المرارة تعصر روحها وتصب الصفراء في المصران باش تعاون على الهضم. الحجر يتكون كي المواد اللي في الصفراء (كيف الكوليسترول) تولي مركزة برشا وتيبس. برشا ناس ينحيوها ويعيشوا عادي، خاطر الكبدة تولي تصب الصفراء مباشرة في المصران أما يولي لازمهم ينقصوا من المقالي والدهون.,original
advice_guidance,شنوة هي الغدة الدرقية (Thyroïde) وعلاش هي تيرموستا البدن؟,الغدة الدرقية موجودة في الرقبة وتشبه للفراشة. تفرز هرمونات تتحكم في 'الميتابوليزم' (حرق الطاقة). كي تخدم برشا (فرط نشاط)، تولي تحرق برشا وتضعف وتولي عصبي. وكي تبخل (خمول)، يولي بدنك رزين، تسمن بسرعة، وتحس بالبرد ديما. هي اللي تعدل سرعة كل معامل البدن، من دقات القلب لدرجة الحرارة.,original
general_knowledge,علاش فما ناس ينقصوا نظر (Myopie) وما يراوش الحاجات البعيدة؟,في الحالة العادية، العين تركز الضوء بالضبط فوق 'الشبكية'. عند اللي عندهم نقص نظر، العين تكون 'طويلة' شوية ولا القرنية مقوسة برشا، فالصورة تتركز 'قدام' الشبكية موش فوقها. هذاك علاش يراو الحاجة القريبة واضحة والبعيدة مضببة. والمرايات (Lunettes) خدمتها هي ترجع الصورة لبلاصتها الصحيحة فوق الشبكية.,original
advice_guidance,نحس في قلبي ساعات يفزّ ويخبط بقوة (Palpitations) كأنه باش يخرج من بلاصته، رغم اللي مانيش عامل مجهود، نخاف لا تكون جلطة؟,وسع بالك، هذي تسمى 'خفقان'. في أغلب الأحيان ما عندهاش علاقة بالجلطة، تنجم تكون من كثرة 'التاي والقهوة'، ولا الستريس والقلق. ساعات 'الغدة الدرقية' كي تبدأ تخدم برشا تعمل هكة. جرب نقص من المنبهات وارقد مليح، وإذا زاد معاها ضيق نفس ولا وجيعة في الصدر، وقتها لازم تخطيط على القلب (ECG) باش تطمئن.,original
advice_guidance,كل ما ناكل حاجة، حتى لو كان خفيفة، كرشي تتنفخ وتولي معبية بالغازات وتوجعني، فديت من الماكلة، شنوة الحل؟,الظاهر اللي عندك 'المصران الغليظ' (Colon irritable). هو مصران حساس يتقلق من أنواع معينة من الماكلة (كيف البقول، الحار، ولا الحليب) ومن القلق النفسي. جرب كل بالسياسة وامضغ مليح، وابعد على المشروبات الغازية. المصران هذا يحب النظام والراحة، وإذا الحكاية فيها نقص وزن ولا دم، لازم تشاور طبيب مختص.,original
advice_guidance,ساعات كي نغزر للسماء ولا لحيط أبيض، نرى في ذبان طائر ولا نقاط كحلة تتحرك قدام عيني، هل أنا قاعد نفقد في نظري؟,لا ما تخافش، هذي تتسمى 'الذبابة الطائرة' (Mouches volantes). هي عبارة على شوية شوائب وسط السائل اللي في وسط العين. هي حاجة عادية وتكثر مع العمر ولا عند اللي عندهم نقص نظر (Myopie). أما إذا شفت 'فلاشات' ضوء قوية ولا كأنه ستارة غطات عينك، وقتها لازم تمشي تجري لطبيب العينين خاطر تنجم تكون فما مشكلة في الشبكية.,original
advice_guidance,عندي بقع بيضاء بدأت تظهر في جلدي وتكبر بالشوية، زعمة هذا برص؟ ولا مجرد نقص فيتامينات؟,البقع البيضاء عندها برشا أسباب. تنجم تكون 'بهاق' (Vitiligo) وين البدن يهاجم الخلايا الملونة متاعه، ولا تنجم تكون مجرد 'فطريات' (Champignons) من الشمس ولا العرق تبرى بشوية دوايات. لازم طبيب جلدة يشوفها بضوء خاص باش يفرق بيناتهم. المهم ابعد على الخلطات العشوائية وما تقلقش روحك، الحالة النفسية مهمة برشا للجلدة.,original
advice_guidance,عندي وشوشة (طنين) في وذني ما تحبش تسكت، كأنه حس صفارة ديما معايا، هبلتني، شنوة سببها؟,الطنين (Acouphène) عنده برشا أسباب: ساعات مجرد 'بوشون' وسخ (صملاخ) يسكر الوذن، ولا تعرضت لحس قوي برشا جرح الأعصاب الصغيرة. تنجم تكون زادة من ضغط الدم ولا مشاكل في عروق الرقبة. أحسن حاجة تعمل تخطيط سمع عند طبيب (ORL)، وحاول ابعد على السكات التام في الليل (حط راديو بعيد شوية) باش مخك ينسى هذاك الحس.,original
advice_guidance,يا دكتور، ديما عطشان ونمشي لبيت الراحة (التواليت) برشا، ونحس في روحي فاشل، زعمة عندي السكر؟,الأعراض هذي (كثرة العطش والتبول) هي العلامات الكلاسيكية متاع مرض السكر. البدن كي يولي السكر عالي في الدم، يحاول يتخلص منه عن طريق البول، وهذا يخليك تعطش برشا وتفشل خاطر طاقتك قاعدة تضيع. ما تقعدش تخمن، أعمل تحليل سكر 'صايم' (Glycémie à jeun) غدوة صباحاً، وبإذن الله كان فما حاجة تداركها من الأول بالحمية والدواء.,original
advice_guidance,عندي وجيعة تقتل في جنبي وتهبط لأسفل البطن، ساعات تجيني نوبات قوية تخليني نتلوى، شنوة هذا؟,الوجيعة هذي تشبه برشا لـ 'قولنج كلوي' (Colique néphrétique). الاكثرية فما 'حجرة' صغيرة خرجت من الكلية وحصلت في المجرى. الوجيعة هذي تعتبر من أقوى الأوجاع؛ لازمك تمشي للاستعجالي باش تأخذ مسكنات قوية وتعمل 'إيكو' باش نشوفوا حجم الحجرة وبلاصتها. اشرب الماء برشا (أما موش وقت اللي الوجيعة شادة فيك) باش تعاونها تطيح.,original
advice_guidance,يا دكتور، عندي مدة نقوم من النوم مفجوع ونحس في صدري مضغوط ونفسي مقطوع، زعمة قلبي فيه حاجة؟,هذي الحالة تنجم تكون 'انقطاع التنفس أثناء النوم' (Apnée du sommeil). اللي يصير هو أن المسالك الهوائية تتسكر شوية وإنت راقد، البدن يفيق بالموضوع ويعطيك دقة أدرينالين قوية باش تفيق وتتنفس، وهذا اللي يخليك تقوم مفجوع وقلبك يدق. الحكاية تكثر عند اللي يشخروا ولا اللي عندهم وزن زايد. لازم تثبت مع طبيب صدرية، خاطر قلة الأوكسجين في الليل تتعب القلب على المدى الطويل.,original
advice_guidance,ساعات تجيني حالة خوف قوية من غير سبب، قلبي يخبط، نعرق، ونحس روحي باش نموت ولا باش نهبل، شنوة هبولي هذا؟,اللي تحكي فيه هو 'نوبة هلع' (Crise de panique). هي حالة نفسية بالأساس موش هبال. الجهاز العصبي متاعك يعطي إنذار كاذب بوجود خطر كبير، فيفرز أدرينالين بقوة. الحالة تفجع أما ما تقتلش وما تهبلش. التنفس العميق والهدوء يعاونوا، وإذا تكررت لازم تشوف طبيب نفسي باش يعاونك بالتحليل السلوكي ولا بشوية دواء يركح الأعصاب.,original
advice_guidance,شعري يطيح برشا، وضوافري ديما يتكسروا، وديما نحس بالبرد حتى كي تبدأ الدنيا دافية، شنوة ناقصني؟,الأعراض هذي تشككنا في 'خمول الغدة الدرقية' (Hypothyroïdie). كي الغدة تبخل، الميتابوليزم يرزن، البدن ما عادش يصنع طاقة وحرارة كافية، والجلد والشعر يتأثروا الأولين. زادة ينجم يكون نقص حديد (Anémie) قوي. أحسن حاجة تعمل تحليل TSH وتحليل حديد (Ferritine) باش تعرف الساس وين وتصلحه بالدواء المناسب.,original
advice_guidance,عندي وجيعة راس (صداع) تشدني في شطر وجهي، ونولي ما نطيقش الضوء ولا الحس، وساعات نردّ (نقيّ)، فديت منها؟,هذي هي 'الشقيقة' (Migraine). هي وجيعة راس عصبية وعرقية، تمس شطر الراس وتجي في شكل نبضات (Dabb). الضوء والحس يزيدوا يجهلوها. الشقيقة عندها 'مفاتيح' تطلعها: كيف الجوع، قلة النوم، الستريس، ولا أنواع ماكلة معينة. لازمك دواء خاص بالشقيقة تاخذه من أول ما تبدأ الوجيعة، وتحاول تعرف شنوة الحاجات اللي تطلعها عندك باش تتجنبهم.,original
advice_guidance,ولدي ديما يمرض بالرشح والكحة، كل شهر وهو بالأنتبوتيك (Antibiotique)، زعمة مناعته طايحة؟,موظ لازم تكون مناعته طايحة، الصغار خاصة كي يدخلوا للروضة لازم يمرضوا برشا باش 'يدربوا' جهازهم المناعي. أما الغلطة الكبيرة هي كثرة 'الأنتبوتيك'؛ الرشح والكحة أغلبهم فيروسات والأنتبوتيك ما يعمللهم شيء، بالعكس يقتل البكتيريا الباهية ويضعف المناعة. ركز على الماكلة الصحية (الغلال، العسل) والراحة، وشاور الطبيب باش ما يعطيش مضاد حيوي كان كي تبدأ فما بكتيريا بالحق.,original
advice_guidance,ساقيا من لوطة ديما منفوخين ورزان، وظهروا فيهم عروق خضر وبنفسجيين (Dwarali)، شنوة الحل؟,هذوكم يتسماوا 'الدوالي' (Varices). السبب هو أن العروق (الأوردة) ما عادش تنجم تطلع الدم للفوق للقلب بكفاءة، فالدم يركح لوطة ويضغط على العروق لين تتنفخ. القعدة برشا ولا الوقفة برشا تزيد فيهم. حاول ارفع ساقيك كي ترتاح، البس 'قلسات ضاغطة' (Bas de contention) إذا الطبيب نصحك بيهم، وامشي برشا باش تحرك مضخة العضلات في الساق.,original
advice_guidance,عندي وجيعة قوية في أسفل الظهر والبطن كل ما تقرب العادة الشهرية، ساعات تخليني ما نجمش نتحرك، هل هذا عادي؟,الوجيعة في العادة (Règles douloureuses) موجودة، أما إذا كانت قوية لدرجة تعطلك على حياتك، لازم نثبتوا. تنجم تكون مجرد تشنجات عادية تبرى بمسكنات بسيطة، ولا تنجم تكون حالة تسمى 'بطانة الرحم المهاجرة' (Endométriose). لازم تعمل 'إيكو' عند طبيبة نساء باش تتطمن اللي كل شيء في بلاصته وما فماش كيس ولا التهاب زايد.,original
advice_guidance,خرجتلي حبة في طرف شفتي (Fever blister) تحرق وتوجع، ديما تطلعلي كي نمرض بالسخانة ولا كي نتفجع؟,هذا يتسمى 'هرقس' (Herpès labial). هو فيروس يقعد راقد في الأعصاب ويتحرك كي 'تضعف' المناعة شوية (بسبب سخانة، ستريس، ولا فجعة). أحسن حل هو تدهن مرهم مضاد للفيروسات (Acyclovir) من أول ما تحس بـ 'تنميل' وقبل ما تخرج الحبة. زادة رد بالك تمسها ومن بعد تمس عينك خاطر الفيروس يتنقل بسرعة.,original
advice_guidance,عيني ترفّ (Tressaillement) عندها أيامات ما حبتش تسكت، فديت منها، هل هي جلطة في العين؟,وسع بالك، رفة العين ما عندها حتى علاقة بالجلطة. هي مجرد تشنج بسيط في عضلة الجفن. الأسباب الشائعة هي التعب، قلة النوم، كثرة القهوة، ولا الستريس. مخك وجهازك العصبي قاعدين يقولولك 'ارتاح'. نقص من الشاشات وارقد مليح، وبإذن الله تو تروح وحدها. إذا قعدت أسابيع، وقتها نشوفوا نقص في المانيزيوم (Magnésium).,original
advice_guidance,نحس في وجيعة حارقة في كعب سقي (Talon) خاصة أول ما نقوم من النوم ونحط سقي على القاعة، كأني واطئ على مسمار؟,هذي تسمى 'مسمار اللحم' ولا بالطب 'التهاب اللفافة الأخمصية' (Aponévrosite plantaire). هي التهاب في الأنسجة اللي تشد قاع الساق. الوجيعة قوية في الصباح خاطر الأنسجة تبرد وتكبس في الليل. جرب البس سبادري مريح، اعمل مساج بكرة صغيرة (ولا دبوزة ماء مثلجة) تحت ساقك، ونقص من الوقفة برشا على القاعة الرزينة.,original
advice_guidance,ديما نحس في روحي فاشل وما عادش عندي جو لشيء، حتى الحاجات اللي كانت تفرحني ولات ما عندهاش طعم، هل أنا مريض ولا بخل؟,اللي تحكي فيه هو علامات 'اكتئاب' (Dépression) موش بخل. الاكتئاب يغير كيمياء المخ ويخلي الواحد يفقد الرغبة في كل شيء. هو مرض كيف السكر والدم ويستحق علاج. ما تضغطش على روحك وما تسمعش اللي يقولك 'دلّال'؛ شوف طبيب نفسي يحكي معاك، ساعات جلسات كلام (Thérapie) ولا شوية دواء يرجعوا التوازن للمخ وتولي ترى الدنيا بألوانها العادية.,original
advice_guidance,ساعات نحس بـ حرقان كي نجي نتبول، ومعاها وجيعة لوطة في كرشي، هل هي مبرد (برد في الكلاوي)؟,الأغلب هو 'تعفن مسالك بولية' (Infection urinaire). البكتيريا دخلت للمثانة وعملت التهاب. الحكاية هذي تكثر عند النساء أكثر من الرجال. لازم تشرب برشا ماء باش 'تغسل' المثانة، وتعمل تحليل بول (ECBU) باش تعرف نوع البكتيريا وتأخذ لها الأنتبوتيك الصحيح. ما تبطاش عليها باش ما تطلعش الوجيعة للكلاوي وتولي بالحمى.,original
advice_guidance,بدني ما عادش يطيق الحليب ومشتقاته، كل ما نشرب كاس حليب كرشي تجري وتتنفخ بالغازات، شنوة صار لي؟,الظاهر عندك 'عدم تحمل اللاكتوز' (Intolérance au lactose). بدنك نقص من إنتاج الأنزيم اللي يهضم سكر الحليب. هي حاجة تصير برشا كي نكبروا. جرب استبدل الحليب العادي بحليب 'بلاش لاكتوز' ولا ياغورت (الخمائر اللي فيه تعاون على الهضم)، ولا حليب نباتي (لوز ولا شوفان). المهم ثبت في الكالسيوم من مصادر أخرى.,original
advice_guidance,نلقى في زروقية (Bleus) في بدني ساعات تظهر وحدها من غير ما نضرب، هل دمي فيه مشكلة؟,الزروقية من غير ضربة تستحق تثبيت. تنجم تكون مجرد هشاشة في العروق الصغيرة، ولا نقص في 'الصفائح الدموية' (Plaquettes) اللي تخلي الدم يتخثر. زادة فما أدوية (كيف الأسبرين) تميع الدم وتعمل هكة. اعمل تحليل دم كامل (NFS) وثبت في وظائف الكبدة، وإذا معاها دم يخرج من اللثة، لازم تشوف طبيب دم فوراً.,original
advice_guidance,عندي كحة شايحة عندها أكثر من شهر ما حبتش تمشي، جربت السيرووات الكل وما نفعش، شنوة الحكاية؟,كحة فايتة شهر تتسمى كحة 'مزمنة'. تنجم تكون حساسية (Asthme خفيف)، ولا ناتجة على الارتجاع المريئي (الأسيد يحرق الحنجرة)، ولا حتى من دواء ضغط الدم (كيف أدوية الـ IEC). إذا كنت تتكيف، لازم تعمل راديو على الصدر (Radio thorax) باش نتطمنوا على الرئتين. الكحة هي مجرد 'المنبه' اللي يقول فما حاجة موش عادية.,original
advice_guidance,عندي وجيعة حادة في صبع ساقي الكبير، تنفخ وولى أحمر ويحرق، ما نجمش حتى نلبس سبادري، شنوة هذا؟,هذا يوحي بـ 'داء النقرس' (Goutte) ولا ما يسمى 'مرض الملوك'. سببه هو كثرة 'حمض اليوريك' (Acide urique) في الدم اللي يترسب في المفاصل في شكل كريستالات تجرح. جرب نقص من اللحوم الحمراء واللحوم الباردة (Charcuterie) ونقص من المشروبات الحلوة. لازمك دواء ينقص الالتهاب ودواء آخر ينظم نسبة الأسيد في دمك.,original
advice_guidance,يا دكتور، نحس في نهجة (Essoufflement) كبيرة كي نطلع الدروج، ونحس صدري مكبوس، زعمة من الدخان ولا قلبي تعب؟,النهجة عندها برشا أسباب؛ تنجم تكون ضعف في عضلة القلب، ولا ضيق في الشرايين، وزادة الدخان يعمل 'انسداد رئوي' (BPCO) يخلي الأوكسجين ما يوصلش مليح. لازمك تعمل تخطيط قلب وإيكو (Écho-cœur) وتثبت في وظائف الرئة. إذا كانت النهجة تجيك وإنت مرتاح، وقتها الحكاية تولي استعجالية ولازم تثبت فوراً.,original
advice_guidance,طلع لي تولال (Verrues) في يدي وبدأ يتكاثر، نحيته بمقص وبرى رجع طلع أكثر، شنوة الحل؟,التولال هو فيروس (HPV) يعيش في الجلدة، وكي تنحيه بالمقص إنت قاعد تزيد تنشر فيه لبلايص أخرى. أحسن حل هو تمشي لطبيب جلدة 'يحرقه' بالبرد (Azote liquide) ولا بالليزر باش يقتل الفيروس من العرق. زادة حاول ما تمسوش بيدك باش ما تنقلوش لوجهك ولا لعباد آخرين خاطر هو يعدي.,original
advice_guidance,عندي دوخة (Vertige) تجيني كي نتلفت فجأة في الفرش ولا كي نرفع راسي، الدنيا الكل تدور بيا وباش نردّ، شنوة هذا؟,هذي الاكثرية تسمى 'دوار الوضعية' (VPPB). السبب هو 'كريستالات' صغيرة وسط الوذن لداخل تحركت من بلاصتها وغلطت في ميساجات التوازن للمخ. الطبيب (ORL) ينجم يرجعهم لبلاصتهم بحركات معينة لراسك (Manœuvre) وتبرى في وقتها بلاش دواء. ما تخافش، هي حالة تفجع أما تبرى بسرعة.,original
advice_guidance,عندي وجيعة في ظهري تهبط لي على ساقي اليمين حتى لصوابعي، ونحس في تنميل وبرودة في الساق، شنوة هذا؟,هذا يتسمى 'عرق النسا' (Sciatique). السبب الاكثرية هو 'عظمة' ولا 'ديسك' (Hernie discale) ضاغط على العصب اللي خارج من أسفل الظهر وماشي للساق. لازمك راحة، دواء ضد الالتهاب، وإذا الوجيعة قوية برشا ولا ساقك ولات 'ترخي' وما تحملش وزنك، لازم تعمل سكانير (IRM) باش نشوفوا العملية لازمة ولا يكفي العلاج الطبيعي.,original
advice_guidance,عندي إمساك (Constipation) مزمن، ساعات نقعد 4 أيام ما نمشيش للتواليت، وكرشي ديما كابسة، شنوة الحل؟,الإمساك يجي من قلة الألياف (خضرة وغلال) وقلة شرب الماء. المصران يولي رزين والفضلات تشيح. جرب كول 'النخالة'، الشريحة (كرموس شايح)، واشرب الماء برشا وأعمل سبور. ابعد على استعمال 'المسهلات' (Laxatifs) القوية ديما، خاطر المصران يولي 'عاجز' وما عادش يخدم وحده. إذا فما دم ولا وجيعة كبيرة، لازم طبيب يثبت.,original
advice_guidance,عيني ديما حمرة وتحك فيا، ونحس كأنه فيها رمل، خاصة كي نقعد قدام التلفزة ولا التلفون، شنوة الدواء؟,هذا يسمى 'شياح العين' (Sécheresse oculaire). القعدة قدام الشاشات تخلينا ما نرمشوش بعينينا برشا، فالدموع تشيح. زادة الغبرة والحساسية يزيدوا فيها. جرب استعمل 'دموع اصطناعية' (Larmes artificielles) بلاش مواد حافظة، وحاول طبق قاعدة 20-20-20: كل 20 دقيقة غزر لحاجة بعيدة 20 متر لمدة 20 ثانية باش تريح عينك.,original
advice_guidance,يا دكتور، ديما عندي خشمي مسكر (Nez bouché) ونعطس برشا خاصة في الصباح، وعيني تدمع وتأكل فيا، زعمة هذي قريبت (Grippe) ما حبتش تمشي؟,هذي موش قريبت، هذي الاكثرية 'حساسية الخشم' (Rhinite allergique). بدنك قاعد يعمل في ردة فعل قوية ضد الغبرة، نوار الملح، ولا حتى وبر الحيوانات. الفرق بينها وبين القريبت إنها ما تعملش سخانة وتدوم برشا وقت. جرب نظف خشمك بالماء المالح (Sérum physiologique) وابعد على الحاجات اللي تقلقك، وإذا لزم فما دواء 'أنتي هيستامين' يرتحك في وقتها.,original
advice_guidance,طلع لي حب شباب كبير ويوجع في وجهي وصدري رغم اللي فت سن المراهقة عندي مدة، علاش رجع لي توا؟,حب الشباب عند الكبار (Acné adulte) عنده برشا أسباب؛ تنجم تكون حكاية 'هرمونات' (خاصة عند النساء)، ولا ستريس وقلق، ولا حتى نوع الماكلة اللي فيها برشا سكر. زادة فما أنواع 'ماكياج' تسكر المسام وتعمل حبوب. لازمك روتين تنظيف باهي وما تمسش الحبوب بيدك باش ما يخليوش 'ندبات' (Cicatrices) دائمة، وإذا كثر لازم طبيب يعطيك دواء أقوى.,original
advice_guidance,ساعات كي نقوم فجأة من الكرسي، الدنيا تظلم قدامي ونحس روحي باش نطيح، ونقعد ثواني لين نفيق، شنوة هذا؟,هذي تسمى 'هبوط ضغط الدم عند الوقوف' (Hypotension orthostatique). اللي يصير هو أن الدم يبطى شوية باش يوصل للمخ كي تقوم فجأة، فالضغط يطيح للحظات. الحكاية هذي تكثر كي تبدأ ناقص شرب ماء، ولا عندك فقر دم (Anémie)، ولا ساعات من أدوية معينة. جرب قوم بالسياسة، وإذا الحالة تتعاود برشا، ثبت في نسبة الحديد وضغط الدم متاعك.,original
advice_guidance,عندي وجيعة قوية في الجهة اليمين من كرشي من لوطة، ومعاها ردّ وشوية سخانة، خايف لا تكون المصران الزايد؟,الأعراض هذي (وجيعة في اليمين لوطة + ردّ + سخانة) تخلينا نشكوا أول حاجة في 'التهاب المصران الزايد' (Appendicite). لازمك تمشي للاستعجالي فوراً وتعمل تحليل دم وإيكو. ما تأكل شيء وما تشرب شيء لين يشوفك الطبيب، خاطر إذا طلعت هي، لازم عملية بسيطة باش ما تترشقش في وسط الكرش وتعمل مشاكل أكبر.,original
advice_guidance,رقبتي من القدام تنفخت شوية وصوتي تبدل ولى فيه بحة، وعندي غصة ديما في حلقي، شنوة هذا؟,التنفاخ في الرقبة ينجم يكون 'تضخم في الغدة الدرقية' (Goitre). الغدة كي تعمل 'ولسيسات' (Nodules) تنجم تضغط على الحنجرة وتبدل الصوت ولا تعمل غصة. لازم تعمل 'إيكو' على الرقبة وتحليل TSH باش نشوفوا الغدة تخدم مليح ولا لا. في أغلب الأحيان تكون حاجات حميدة، أما لازم التثبيت باش نتطمنوا.,original
advice_guidance,يا دكتور، التبول متاعي ولى فيه رغوة (Mousse) برشا عندها مدة، وعيني تقوم منفوخة في الصباح، شنوة السبب؟,الرغوة الكثيرة في البول تنجم تكون علامة اللي 'البروتين' قاعد يخرج مع البول (Protéinurie). في العادة، الكلاوي ما تخليش البروتين يتعدى، أما كي تتعب شوية تولي تضيّع فيه. التنفاخ في العينين زادة علامة اللي الكلاوي موش قاعدة تصفي في الماء والملح مليح. لازم تعمل تحليل بول وصورة دم كاملة وتثبت في وظائف الكلى.,original
advice_guidance,ساقي اليسار تنفخت فجأة ووليت حمراء وتوجع برشا كي نمشي عليها، مانيش عارف شنوة اللي ضربني؟,رد بالك، إذا ساق واحدة تنفخت فجأة وبدأت تحمار وتوجع، تنجم تكون 'جلطة في عرق الساق' (Phlébite). هذي حالة تستحق طبيب فوراً، خاطر الدم كي يحبس في الساق ينجم يطلع للرئة ويعمل خطر. ما تعملش مساج لساقك وما تحركهاش برشا، وامشي للاستعجالي باش يعملولك 'دوبلير' (Echo-doppler) ويثبتوا في الدورة الدموية.,original
advice_guidance,ولدي صغير طلعت له سخانة قوية وبدأ يتجبد وعينيه تقلبوا، تفجعت مشى في بالي باش يموت، شنوة صار له؟,هذي تسمى 'تشنجات حرارية' (Convulsion fébrile). تصير لبرشا صغار كي السخانة تطلع بسرعة والمخ مازال ما يتحملش. هي تفجع برشا أما في العادة ما تخليش أثار وما تقتلش. أول حاجة تعملها: حطه على جنبه، ابعد عليه الحاجات القوية، وما تحط له شيء في فمه. هبط له السخانة بالتحاميل (Suppositoire) وهزه للطبيب باش يثبت في سبب السخانة.,original
advice_guidance,ديما نحس في ضيق في صدري وكأنه فما حجرة رادمة عليا، وعندي أفكار سوداء ديما تخوف فيا، هل هذا سحر ولا مرض؟,هذا يتسمى 'قلق عام' (Anxiété généralisée). بدنك ديما في حالة استنفار وكأنك في خطر، وهذا اللي يعمل ضيق الصدر والأفكار السوداء. موش لازم يكون سحر، هو خلل في كيمياء المخ بسبب ضغوطات الحياة ولا الوراثة. الطبيب النفسي ينجم يعاونك برشا بجلسات الكلام ولا بدواء يعدل الأعصاب ويخليك ترجع تشوف الدنيا بطريقة واقعية وإيجابية.,original
advice_guidance,عملت مجهود قوي في القاعة (Salle de sport)، واليوم بدني مسطر الكل وما نجمش حتى نحرك يدي، هل جرحت عضلاتي؟,هذا يتسمى 'تسطير العضلات' (Courbatures). اللي صار هو تقطعات مجهرية صغيرة في العضلات خاطر عملت مجهود ماكش مستانس بيه. هذي حاجة باهية خاطر العضلة كي تبرا تولي أقوى. أحسن حل هو الراحة، تشرب برشا ماء، وتعمل حمام دافئ. المرة الجاية ابدأ بالسياسة واعمل 'تسخين' (Échauffement) باهي قبل ما تبدأ.,original
advice_guidance,فمي تعوج فجأة لجهة واحدة وما عادش نجم نسكر عيني اليمين، والماء يخرج لي كي نجي نشرب، زعمة جلطة في المخ؟,إذا كان التعوج في الوجه فقط من غير ضعف في اليد ولا الساق، فالأرجح هو 'شلل الوجه النصفي' (Paralysie بيل). سببه التهاب في عصب الوجه، الاكثرية بسبب فيروس ولا 'ضربة هواء' بارد. تبرى بالباهي بالدواء (Corticoïdes) وشوية علاج طبيعي. المهم تمشي للطبيب فوراً باش يتأكد اللي هي حالة عصبية بسيطة وموش جلطة دماغية.,original
advice_guidance,صوابع يديا يرعشوا (Tremblements) برشا كي نجي نهز كاس ماء ولا نكتب، خفت لا يطلع لي مرض رعاش وأنا مازلت صغير؟,الرعشة عندها برشا أسباب غير 'الباركنسون'. تنجم تكون رعشة وراثية بسيطة، ولا من كثرة القهوة والدخان، ولا علامة على 'فرط نشاط الغدة الدرقية'. زادة نقص النوم والستريس يزيدوا فيها. لازم تثبت في دقات قلبك وفي وزنك، وتعمل تحليل غدة (TSH) باش نعرفوا المصدر ونعطيوك دواء يركح الرعشة.,original
advice_guidance,يا دكتور، التبول ولى يرزن عليا ولازم نستنى شوية لين يهبط، والماء ولى ضعيف ويتقص، فاش قام هكا؟,عند الرجال، هذي الأعراض تشير لـ 'تضخم البروستاتا' (Hypertrophie de la prostate). البروستاتا كي تكبر تضغط على مجرى البول وتسكره. هذي حاجة تصير برشا مع العمر. لازم تعمل 'إيكو' وتحليل دم (PSA) وتشوف طبيب مجاري بولية. فما أدوية ترخي العضلات وتسهل خروج الماء، وساعات إذا سدت جملة نلتجؤوا لعملية بسيطة.,original
advice_guidance,يا دكتور، ديما نحس في تصفير (Sifflement) في صدري كي نخرج النفس، خاصة في الليل ولا كي نعمل مجهود، زعمة فدة؟,التصفير في الصدر علامة واضحة اللي المسالك الهوائية ضياقت، وهذا اللي نسموه 'الضيق' ولا 'الفدة' (Asthme). اللي يصير هو أن الرواير تعمل ردة فعل قوية ضد الغبرة ولا الروائح ولا البرد. لازمك تعمل 'تست' متاع نفس (EFR) عند طبيب صدري باش يقيس قوة الهواء، وغالباً باش تمشي على 'باقة' (Inhalateur) تعاونك باش تفتح العروق وتتنفس مرتاح.,original
advice_guidance,عندي ذبانة طائرة (Mouches volantes) ديما نراها قدام عيني، خيوط سوداء تمشي وتجي معايا، هل عيني باش تعمى؟,لا ما تخافش، هذي الحالة تسمى 'الأجسام العائمة'. هي مجرد شوائب صغيرة في السائل اللي وسط العين (Corps vitré). هي حاجة عادية مع العمر ولا عند اللي عندهم 'نقص نظر' (Myopie). أما إذا شفت 'فلاشات' ضوء قوية ولا كأن فما 'ستار' هبط على عينك، وقتها لازم تجري لطبيب العينين فوراً خاطر تنجم تكون علامة على مشكلة في الشبكية.,original
advice_guidance,لقيت بوسة خالة (Grain de beauté) في بدني تبدل شكلها، ولات أغمق والحرف متاعها موش مسوي، هل هي تخوف؟,بوسة الخالة كي يتبدل لونها، كبرها، ولا الحروف متاعها، لازم تتشاف عند طبيب جلدة. فما قاعدة نسموها (ABCDE) نثبتوا بيها في التغيرات. الطبيب باش يشوفها بالـ (Dermatoscope) باش يتأكد اللي هي شامة عادية وموش نوع من أنواع سرطان الجلد (Mélanome). التشخيص المبكر يخلي العلاج يكون بسيط بمجرد تنحية الشامة.,original
advice_guidance,ركايبي ديما يطقطقوا وكي نجي نقوم نحسهم كاسحين (Raideur)، والوجيعة تزيد كي يبرد الطقس، شنوة الحل؟,هذي علامات 'الروماتيزم' ولا تآكل الغضروف (Arthrose). المفاصل تولي تحتك ببعضها خاطر 'الزيت' اللي بيناتهم نقص والغضروف رهف. الحركة الخفيفة والمشي يعاونوا باش المفصل ما يبسش، وابعد على زيادة الميزان خاطرها تضغط على الركايب. فما زادة أدوية وجلسات علاج طبيعي تنقص الوجيعة وتخليك تتحرك خير.,original
advice_guidance,عندي تنميل (Fourmillement) في صوابع يدي، خاصة في الليل، وساعات يدي ترخي ما عادش نجم نشد بيها القلم، شنوة هذا؟,هذا الاكثرية 'انضغاط عصب اليد' (Canal carpien). العصب اللي يتعدى من المعصم يتسد عليه الطريق، وهذا اللي يعمل التنميل والفشل. تجي برشا للي يخدموا بيديهم برشا ولا يستعملوا الحاسوب. جرب البس 'باندة' كاسحة في الليل باش تخلي المعصم مسوي، وإذا الوجيعة قوية، لازم تعمل 'تخطيط أعصاب' (EMG) باش نثبتوا في قوة العصب.,original
advice_guidance,كل شتاء تجيني قريبت (Grippe) قوية تهد لي بدني وتخليني في الفرش جمعة كاملة بسخانة وعرق، فماش حل؟,القريبت فيروس يتبدل كل عام، وأحسن وقاية هي 'تلقيح القريبت' اللي يتعمل كل بداية خريف. التلقيح يخلي بدنك يتعرف على الفيروس ويصنع مناعة، حتى كان مرضت تجيك خفيفة وموش قوية. زادة ركز على فيتامين (C) وغسل اليدين باستمرار باش تنقص من العدوى، وابعد على العباد اللي يكحوا ويعطسوا.,original
advice_guidance,ولدي صغير ديما يحك في وذنيه ويبكي برشا خاصة في الليل، ومعاها خشمي يجري، شنوة يكون عنده؟,هذي في الأغلب 'التهاب في الوذن' (Otite). عند الصغار، المسالك بين الخشم والوذن قصيرة، فأي رشح ينجم يتعدى للوذن ويعمل تعفن. الوجيعة تزيد في الليل خاطر الضغط يكثر وهو راقد. لازم تهزه للطبيب يثبت بـ (Otoscope) باش يشوف الطبلة، وإذا حمراء ومعبية بالماء، لازم دواء وأحياناً مضاد حيوي.,original
advice_guidance,لثتي ديما تخرج في الدم كي نغسل سناني، وريحة فمي ولات تقلقني، هل هو نقص فيتامين؟,هذا 'التهاب لثة' (Gingivite). السبب موش نقص فيتامين، بل هو 'الكلكار' (Tartre) اللي ركح بين السن واللثة وعمل بكتيريا. الدم هو علامة اللي اللثة مريضة. لازمك تعمل 'نظافة' (Détartrage) عند طبيب السنان وتستعمل خيط السنان كل يوم. إذا طفيت عليها الضوء، اللثة تولي تهرب والسن تولي تتهز وتطيح وحدها.,original
advice_guidance,يا دكتور، عندي نفخة (Ballonnement) في كرشي ديما، وساعات إسهال وساعات إمساك، وكرشي تمخض عليا كي نتغشش، شنوة الحل؟,اللي عندك يتسمى 'المصران الغليظ' ولا القولون العصبي (Colon irritable). هو موش مرض خطير، أما المصران حساس برشا للستريس ولأنواع معينة من الماكلة. جرب نقص من البقول (حمص، لوبيا) ومن المشروبات الغازية، وحاول ارتاح نفسياً. فما أدوية ترخف تشنج المصران وتنقص الغازات، أما أهم دواء هو الماكلة المنظمة والراحة.,original
advice_guidance,يا دكتور، ديما جيعان ونحب ناكل الحلو بطريقة موش عادية، وساعات يدي ترعش ونحس بفشل لين ناكل حاجة حلوة باش نفيق؟,هذا ينجم يكون علامة على 'هبوط السكر' (Hypoglycémie) ولا بداية 'مقاومة الأنسولين'. بدنك قاعد يطلب في السكر بطريقة غالطة. جرب نقص من السكريات السريعة (حلويات، قوزوز) خاطرها تطلع السكر بسرعة ومن بعد تطيحه بقوة، وهذا اللي يخليك تفشل. كول ماكلة فيها ألياف وشوف طبيب يعمل لك تحليل سكر صايم وبعد الماكلة باش نتطمنوا.,original
advice_guidance,صبع يدي يحصل (Doigt à ressort) كي نجي نسكره، ولازم نحله بيدي لخرى بالسيف، ويوجعني من لوطة، شنوة هذا؟,هذا يتسمى 'الصبع الزنادي'. السبب هو التهاب في الوتر اللي يحرك الصبع، يولي الوتر غليظ وما عادش يتعدى بسهولة وسط 'النفق' متاعه. الحل يبدأ براحة الصبع وساعات زريقة موضعية (Infiltration) تنحي الالتهاب ويرجع يتحرك عادي. في الحالات اللي تحصل جملة، نلتجؤوا لعملية صغيرة باش نوسعوا في النفق.,original
advice_guidance,جتني وجيعة تقطع في جنبي اليمين هبطت لي حتى لوطة، وجيعة ما خلتنيش ناقف، ومعاها غثيان، شنوة هذا؟,الأعراض هذي تشككنا في 'حجرة في الكلاوي' (Colique néphrétique). الحجرة كي تحب تهبط في المسالك تعمل وجيعة قوية برشا. لازمك تمشي للاستعجالي باش تأخذ دواء ينقص الوجيعة وتعمل 'إيكو' وراديو باش نثبتوا في كبر الحجرة وبلايصها. اشرب برشا ماء كان كي تسكن الوجيعة، موش وإنت تتوجع.,original
advice_guidance,عندي طنين (Acouphène) في وذني، حس زويز ما يحبش يسكت، هبلني خاصة في الليل كي تبدأ الدنيا ساكتة؟,طنين الوذن عنده برشا أسباب؛ ينجم يكون من كثرة 'الوسخ' (Bouchon de cérumen)، ولا من قلق في عصب السمع بسبب حس قوي، ولا حتى من ضغط الدم. لازم يشوفك طبيب (ORL) ينظف الوذن ويثبت في السمع. ساعات الصوت هذا ينقص كي تشغل 'ضوضاء بيضاء' خفيفة (كيف مروحة) في البيت باش مخك ما عادش يركز مع الطنين.,original
advice_guidance,يا دكتور، بابا يتكيف برشا وعنده مدة يخرج في دم (Crachat de sang) كي يكح، خفنا برشا، شنوة ينجم يكون؟,كحة فيها دم (Hémoptysie) عند مدخن تستوجب الفحص الفوري. تنجم تكون مجرد جرح في الحنجرة من قوة الكحة، أما لازم نثبتوا لا يكون فما تعفن رئوي قوي (Tuberculose) ولا حتى ورم. لازم يعمل راديو على الصدر (Scanner thoracique) وتحليل للبلغم في أسرع وقت باش نعرفوا المصدر ونبدأوا العلاج.,original
advice_guidance,ظوافري ولات خشينة ولونها تبدل ومال للاصفرار، وبدأت تتفتفت، هل هو نقص كالسيوم؟,هذا موش نقص كالسيوم، هذي الاكثرية 'فطريات الظوافر' (Onychomycose). الفطريات دخلت تحت الظفر وقاعدة تاكل فيه. هي حالة رزينة شوية وتستحق صبر. لازم طبيب جلدة يعطيك 'فرني' (Vernis) خاص ولا دواء يتشرب باش يقتل الفطريات من العرق، ولازم تعقم صباطك وتقاشرك باش ما ترجعلكش العدوى.,original
advice_guidance,نحس في ضربات قلبي (Palpitations) تخطى، كأنه قلبي يسكت لحظة ومن بعد يضرب ضربة قوية تفجعني، هل قلبي باش ياقف؟,هذي تسمى 'خوارج الانقباض' (Extrasystoles). هي ضربات زايدة تجي قبل وقتها. في أغلب الأحيان تكون حميدة وسببها كثرة القهوة، الدخان، القلق، ولا نقص النوم. المهم تعمل تخطيط قلب (ECG) باش نتأكدوا اللي القلب سليم وعضلة القلب تخدم مليح. نقص المنبهات والستريس وتو ترتاح.,original
advice_guidance,يدّي ولات توجعني برشا كي نفيق في الصباح، وصوابعي كاسحين ما نجمش نسكرهم لين نغطسهم في ماء دافئ، شنوة هذا؟,"هذي علامات التهاب المفاصل (Arthrite). الكبسة متاع الصباح (Dérouillage matinal) اللي تفوت نص ساعة تشككنا في 'الروماتيزم' (Polyarthrite). لازم تعمل تحاليل دم خاصة بالالتهاب (CRP, Facteur rhumatoïde) وتشوف طبيب مفاصل. العلاج المبكر يمنع المفاصل باش ما تتشوهش ويخلي الوجيعة تنقص برشا.",original
advice_guidance,عندي بواسير (Hémorroïdes) تقلق فيا برشا وساعات يخرج معاها دم، هل لازم عملية ولا فما دواء؟,البواسير تبدأ بالدواء قبل العملية. أول نصيحة هي 'حارب الإمساك' خاطر هو السبب الأول. كول الخضرة واشرب الماء. فما مراهم (Pommade) وحرابش تنقص الالتهاب وتبرد البلاصة. العملية نخليوها لآخر حل إذا كانت البواسير خارجة وما عادش ترجع ولا إذا سببت فقر دم من كثرة النزيف.,original
advice_guidance,طلع لي حزام نار (Zona) في جنبي، وجيعة قوية كأنه ضوء يضرب فيا ومعاها نفاخات صغار، شنوة نعمل؟,حزام النار هو فيروس 'بوصفير' القديم (Varicelle) رجع تحرك كي المناعة طاحت شوية. الوجيعة قوية خاطر الفيروس يضرب العصب. لازم تأخذ دواء 'أنتي فيرال' (Antiviral) في الـ 72 ساعة الأولى باش تنقص الوجيعة وما يخليش أثار. استعمل مطهر للبلاصة وما تمسهاش بيدك باش ما تتعفنش.,original
advice_guidance,عندي شقيقة (Migraine) تجيني في شطر راسي، ومعاها غثيان وما نحملش الضوء والهرج، عييت من المسكنات؟,الشقيقة مرض مزمن يستحق 'علاج وقائي' موش كان دواء وقت الوجيعة. فما محفزات لازم تبعد عليها (كيف أنواع جبن، شوكولاتة، قلة النوم). فما أدوية خاصة بالشقيقة (Triptans) تتاخذ أول ما تبدأ الوجيعة باش تقص عليها. إذا تجيك برشا مرات في الشهر، الطبيب يعطيك دواء تداوم عليه باش تنقص القوة وعدد المرات.,original
advice_guidance,الدورة الشهرية (Règles) ولات تجيني بوجيعة لا تطاق تخليني نغيب على القراية ونقعد في الفرش، هل هذا عادي؟,الوجيعة اللي تعطل الحياة العادية موش 'عادية'. تنجم تكون علامة على 'بطانة الرحم المهاجرة' (Endométriose). لازم تعمل 'إيكو' عند طبيبة نساء باش تثبت في الرحم والمبيضات. فما حلول بالهرمونات ولا أدوية معينة تنقص الوجيعة وتخليك تعيش حياتك عادي من غير ما تتعذب كل شهر.,original
advice_guidance,ولدي عمره 4 سنين ومازال ما يتكلمش مليح، وما يثبتش في عيني كي نحكي معاه، هل هو بخل ولا توحد؟,في العمر هذا، لازم الطفل يكون يتواصل بالباهي. عدم التثبيت في العين وتأخر الكلام لازموتقييم عند طبيب أطفال ولا طبيب نفساني للأطفال. ينجم يكون مجرد تأخر بسيط ولا نقص في السمع، وينجم يكون اضطراب طيف التوحد. التشخيص المبكر والحصص (Orthophonie) يعاونوا الطفل برشا باش يندمج ويتحسن تواصله.,original
advice_guidance,يا دكتور، ديما نحس في روحي مرخوف وفاشل، وشعري بدأ يطيح برشا وجلدي شاح، رغم اللي نأكل ونرقد مليح، فاش قام هكا؟,الأعراض هذي (فشل + سقوط شعر + شياح جلد) تمشي برشا مع 'خمول الغدة الدرقية' (Hypothyroïdie). الغدة هي المحرك متاع البدن، كي تبطى، كل شيء في البدن يولي يمشي بالثقيل. لازم تعمل تحليل TSH. إذا طلعت ناقصة، فما حرابش تعوض الهرمون اللي ناقص وترجع لك الحيوية متاعك في ظرف أسابيع.,original
advice_guidance,نحس في حرقان (Brulure) قوي كي نجي نتبول، ومعاها وجيعة في أسفل الكرش، وساعات يخرج دم في لخر، شنوة هذا؟,هذا الاكثرية 'تعفن في المجاري البولية' (Infection urinaire). البكتيريا دخلت للمثانة وعملت التهاب. لازم تشرب برشا ماء وتعمل تحليل بول (ECBU) باش نعرفوا نوع الجرثومة ونعطيوك المضاد الحيوي الصحيح. ابعد على الماكلة الحارة والقهوة لين تبرى، وإذا عندك سخانة لازم تسرع في العلاج باش ما يوصلش التعفن للكلاوي.,original
advice_guidance,عيني ولات ضبابة (Vision floue) وما عادش نجم نغزر للضوء القوي، ونرا في الألوان باهتة كاينها فما قشرة قدامي؟,إذا كان عمرك فوق الـ 60، تنجم تكون هذي 'الجلالة' (Cataracte). هي عدسة العين تولي عاتمة وما عادش تعدي الضوء مليح. الحل متاعها توه ولى ساهل برشا وعملية بسيطة في ربع ساعة تنحي العدسة القديمة وتحط وحدة جديدة وترجع ترا خير من قبل. لازم طبيب العينين يثبت فيها باش يبرمج لك العملية.,original
advice_guidance,ديما يخرج لي أزرق (Bleus) في لحمي من غير ما نضرب، وساعات اللثة متاعي تسيل بالدم وحدها، شنوة السبب؟,ظهور بقع زرقاء من غير ضربة ينجم يكون علامة على نقص في 'الصفائح الدموية' (Plaquettes) اللي هي مسؤولة على تخثر الدم. لازم تعمل تحليل دم كامل (NFS) ونثبتوا في سرعة التخثر. تنجم تكون حكاية بسيطة ولا نقص فيتامينات، أما لازم التثبيت باش نتجنبوا أي نزيف داخلي.,original
advice_guidance,يا دكتور، عندي مدة ما نركدش (Insomnie)، مخي ديما يخدم ونقوم فاشل، جربت كل شيء وما فادش؟,قلة النوم هي 'رسالة' من بدنك اللي فما حاجة مقلقتك، الاكثرية ستريس ولا اكتئاب مخفي. ابعد على الشاشات (تلفون، تلفزة) ساعة قبل النوم، وحاول ثبت وقت الرقاد والقومة. ابعد على الحرابش المنومة من غير استشارة طبيب خاطر بدنك يستانس بيها وما عادش تنجم ترقد بلا بيها. جلسة مع أخصائي تنجم تعاونك تفهم علاش مخك ما يحبش يسكت.,original
advice_guidance,عندي وجيعة في العرقوب (Talon) خاصة كي نفيق الصباح ونحط ساقي على القاعة، كأنه مسمار يضرب فيا، ومن بعد تخف؟,هذي تسمى 'مسمار اللحم' ولا التهاب اللفافة الأخمصية (Aponévrosite plantaire). السبب هو ضغط كبير على أسفل الساق ولا لبسان صباط كاسح ومسطح برشا. جرب استعمل 'فرش' (Semelle) طري في صباطك، واعمل تمارين تمدد (Etirement) لساقك قبل ما تقوم من الفرش. إذا طولت، طبيب العظام ينجم يعمل لك حصص 'صدمات هوائية' (Ondes de choc) تنحي الالتهاب.,original
advice_guidance,يا دكتور، طلع لي تولال (Verrues) في يدي وبدأ يتنشر، جربت الحرق بـ الخل وما نفعش، شنوة الحل؟,التولال هو فيروس (HPV) يتنقل باللمس، والخل ينجم يحرق الجلدة وما يقتلش الفيروس من عروقه. أحسن حل هو تمشي لطبيب جلدة يعمل لك 'البرد' (Cryothérapie) بالأزوت السائل، ولا يحرقها بالليزر. المهم ما تمسهاش بظوافرك وما تحاولش تنحيها وحدك باش ما تعديش بلايص أخرى في بدنك.,original
advice_guidance,عندي دوخة (Vertige) قوية، الدنيا تدور بيا كي نلفت راسي ولا كي نجي نقوم من الفرش، ونحس في غثيان، شنوة هذا؟,هذي الاكثرية 'دوخة الأذن الداخلية' (VPPB). فما 'حجرات' صغار وسط الوذن تحركوا من بلاصتهم وغلطوا المخ في التوازن. هي تفجع أما موش خطيرة. الطبيب (ORL) يعمل لك 'حركات' معينة براسك يرجع بيهم الحجرات لبلاصتهم وترتاح في وقتها. ابعد على الحركات المفاجئة لين تبرى.,original
advice_guidance,ولدي صغير يشخر (Ronflement) برشا وهو راقد، وديما فمه محلول، وصوته مخنوق كأنه يتكلم من خشمه، شنوة السبب؟,هذي علامات 'اللحمات' (Végétations). اللحمات كي تتنفخ تسكر مجرى النفس من الخشم، وهذا اللي يخلي الصغير يشخر ويتنفس من فمه. إذا الحالة مأثرة على نومه ولا تعمل له في تعفن وذنين ديما، لازم يشوفه طبيب (ORL) باش يقرر هل ينحيهم بعملية بسيطة ولا يستنى شوية مع الدواء.,original
advice_guidance,يا دكتور، نحس في نهجة (Essoufflement) قوية كي نطلع الدروج، وكأن صدري باش يترشق، رغم اللي مانيش مدخن؟,النهجة عند المجهود لازمها تثبيت. تنجم تكون نقص في 'اللياقة البدنية'، أما تنجم تكون علامة على تعب في القلب ولا فقر دم (Anémie). لازم تعمل تخطيط قلب وتحليل دم باش نشوفوا نسبة الهيموغلوبين. إذا كنت تنهج وأنت قاعد، وقتها الحالة تولي استعجالية ولازم فحص فوري.,original
advice_guidance,عندي وجيعة في فم المعدة وكأنها نار تلهب، وتزيد كثر كي نكون جيعان، وكي نأكل تسكت شوية، شنوة هذا؟,الوجيعة اللي تسكت بالماكلة تمشي برشا مع 'قرح المعدة' ولا الاثني عشر (Ulcère). تنجم تكون فما جرثومة اسمها (H. Pylori) هي اللي تآكل في جدار المعدة. لازم تعمل 'فيبروسكوبي' (Fibroscopie) باش الطبيب يشوف القرح ويأخذ عينة. العلاج بالـ 'أنتي بيوتيك' ودواء الحموضة ينحي المشكلة من عروقها.,original
advice_guidance,صوابع ساقي تعوجوا (Hallux Valgus) والعظم خرج لبرة، وليت ما عادش نجم نلبس حتى صباط من الوجيعة؟,هذا يتسمى 'عظم الساق' ولا (Oignon). يجي من الوراثة ولا من لبسان الصبابط الضيقة والعالية برشا. في اللول، فما 'باندات' خاصة تلبسها في الليل باش ترجع الصبع لبلاصته. أما إذا العظم كبر والوجيعة ولات قوية وما عادش ينفع معاها دواء، الحل يولي عملية جراحية باش نصلحوا العظم ونرجعوا الساق لشكلها العادي.,original
advice_guidance,كنت نلعب في الكورة، ركبتي تلوت وسمعت صوت طرقاعة ، وتنفخت في وقتها، شنوة نعمل؟,الصوت هذاك مع التنفاخ الفوري يشككنا في 'الأربطة المتقاطعة' (Ligaments Croisés). أول حاجة: حط الثلج، ما تمشيش عليها، وارفع ساقك للفوق. لازم تعمل 'إيكو' ولا (IRM) باش نثبتوا هل الأربطة تقطعت ولا مجرد 'تفسيخة' (Entorse) بسيطة. الالتزام بالعلاج الطبيعي هو اللي يرجع الركبة كيم كانت.,original
advice_guidance,يا دكتور، ديما عطشان ولساني شايح، ونمشي لبيت الراحة برشا مرات في الليل، هل هذي علامات السكر؟,إي نعم، العطش الزايد وكثرة التبول (خاصة في الليل) هي من أهم علامات مرض السكري. بدنك يحاول يتخلص من السكر الزايد عن طريق البول، وهذا اللي يعمل لك شياح ريق. لازم تعمل تحليل سكر صايم (Glycémie à jeun) في أقرب وقت. التشخيص المبكر يخليك تتحكم في السكر بالماكلة والدواء قبل ما يعمل مضاعفات.,original
advice_guidance,ولدي الصغير (عامين) كرشه تجري (Diarrhée) وعنده ردان، خايفة لا يشيح من الماء، كيفاش نعرف؟,أهم حاجة هي 'الاجتفاف' . ثبت في عينيه لا يكونوا غارسين، ولسانه لا يكون شايح، وإذا 'النافوخ' متاعه (يافوخ الرأس) هابط لوطة. عطيه 'محلول الجفاف'  بالسياسة وبالمغرفة باش يعوض اللي ضيعه. إذا قعد يرد وما حبش يشد حتى شيء في كرشه، لازم تهزه للاستعجالي فوراً.,original
advice_guidance,عندي خسارة شم  مفاجئ، خشمي موش مسدود أما ما عاد نشم في حتى ريحة، هل هو كورونا ولا حاجة أخرى؟,خسارة الشم ينجم يجي من فيروس (كيف الكورونا ولا قريب قوية)، ولا من 'لحمات' في الخشم، ولا حتى التهاب جيوب أنفية (Sinusite). لازم يشوفك طبيب (ORL) يثبت بالمنظار وسط الخشم. في الأغلب الشم يرجع بالتدريج مع دواء فيه 'كورتيكويد' وتمارين لتدريب حاسة الشم.,original
advice_guidance,عندي قلق ديما بعد الماكلة، نحس روحي رصنت وكرشي تتنفخ، ونقعد نترع برشا، شنوة الحل؟,هذا يتسمى 'عسر هضم' (Dyspepsie). ينجم يكون من قلة المضغ، ولا الماكلة بالزربة، ولا المرارة تعبة شوية. جرب كول بالسياسة، نقص من المقلي والزيوت، وامشي شوية بعد الماكلة. إذا القلق قعد ديما، الطبيب ينجم يعطيك أنزيمات تعاون على الهضم ويثبت لا تكون فما جرثومة في المعدة.,original
advice_guidance,قمت الصباح لقيت وجهي منفوخ وعينيا غارقة في النفاخ، وساقي زادة كي ننزلي عليها صبعي يخلي أثر، شنوة هذا؟,النفاخ (Oedème) في الوجه والساقين ينجم يكون علامة اللي 'الكلاوي' موش قاعدة تصفي في الماء والملح بالباهي، ولا مشكلة في القلب. لازم تعمل تحليل بول (للبروتين) وتحليل دم للكلاوي (Créatinine). نقص الملح في ماكلتك فوراً وشوف طبيب باش يعرف مصدر انحباس الماء في بدنك.,original
advice_guidance,وجهي ديما أصفر وشفايفي باهتة، وديما نحس في برودة في أطرافي ودوخة كي نقوم فجأة، فاش قام هكا؟,هذي علامات واضحة متاع 'فقر دم' (Anémie). الأوكسجين موش قاعد يوصل مليح للبدن خاطر 'الحديد' ولا الهيموغلوبين ناقص. لازم تعمل تحليل (NFS) وتثبت في مخزون الحديد (Ferritine). كول الماكلة اللي فيها الحديد (كيف الكبدة، العدس، السبانخ) والطبيب باش يعطيك دواء يعوض النقص.,original
advice_guidance,يا دكتور، طلعت لي بقعة بيضاء في جلدي وبدأت تكبر، خفت لا يكون برص (Vitiligo)، كيفاش نفرق بينه وبين البهق؟,البرص (Vitiligo) تكون فيه البقعة بيضاء كاينها لون الحليب وحروفها واضحة، وتجي الاكثرية في اليدين ولا بحذا العينين. أما 'البهق' فهو فطريات تجي من العرق وتكون بقعها موش بيضاء كومبليتمون (تكون وردية ولا بنية فاتحة). لازم يشوفك طبيب جلدة بـ 'لامب دو وود' (Lampe de Wood) باش يفرق بيناتهم، وخاصة باش يبدأ لك العلاج المبكر إذا كان برص.,original
advice_guidance,قست السكر لقيته طايح (0.60) وأنا صايم، ونحس في قلبي يدق وقريب ندوخ، هل هذا يعني ما عنديش سكر؟,هبوط السكر (Hypoglycémie) ينجم يكون أخطر من طلوعه في لحظتها. إذا تكررت الحالة وأنت ما تأخذش في دواء سكر، لازم نثبتوا في نظامك الغذائي ولا في غدد أخرى في البدن. أول ما تحس بالدوخة، خوذ كعبة حلوى ولا كاس جو (Jus) باش تمنع روحك، ومن بعد لازمك تعمل تحاليل معمقة باش نعرفوا علاش بدنك ما يعرفش يعدل السكر وحده.,original
advice_guidance,يدي فشلت وما عادش نجم نهز بيها حتى كاس ماء، والوجيعة في كتفي تضرب لين لرقبتي، هل هو برد؟,الفشل في اليد مع وجيعة الكتف والرقبة ينجم يكون 'ديسك في الرقبة' (Hernie cervicale) ضاغط على العصب اللي يهبط لليد. البرد يعمل وجيعة عضلات، أما 'الفشل' يعني العصب قاعد يتوجع. لازمك 'راديو' ولا (IRM) على الرقبة، وابعد على هزان الحاجات الرزينة لين يشوفك الطبيب.,original
advice_guidance,عندي كحة شايحة ما حبتش تمشي عندها شهر، جربت السيرو الكل وما فادش، وما عنديش سخانة؟,الكحة اللي تفوت 3 أسابيع لازمها راديو على الصدر (Radio thorax). تنجم تكون 'حساسية'، ولا 'جاير' (Reflux) قاعد يحرق في الحنجرة، ولا حتى بسبب دواء متاع دم (كيف أدوية التنسيون). الطبيب لازم يسمع صدرك بالسماعة باش يفرق بيناتهم ويعطيك العلاج اللي يقص الكحة من المصدر.,original
advice_guidance,ساقي تنفخت فجأة ولات حمراء وتوجعني كي نمسها، وأنا مريض بالقلب، شنوة نعمل؟,إذا كانت ساق بركة منفوخة وحمراء وتوجع، خافوا لا تكون 'عصيدة' (Phlébite) يعني عرق دم تسكر. هذي حالة استعجالية خاطر تنجم الدم الجلطة تمشي للرواير. لازم تمشي فوراً للمستشفى تعمل 'دوبلير' (Echo-doppler) على العروق. ما تمسدش ساقك وما تعملش مساج باش ما تحركش الجلطة.,original
advice_guidance,عندي قبض (Constipation) حاشاك مزمن، نقعد بالأربعة أيام ما نمشيش لبيت الراحة، وكرشي ديما كاسحة، شنوة الحل؟,القبض المزمن حله الأول هو 'نظام الماكلة'. لازمك تاكل الألياف (خضرة، غلال، خبز قمح) وتشرب زوز ليترات ماء في النهار. زادة الحركة والمشي يعاونوا المصران باش يتحرك. ابعد على استعمال 'الحرابش المسهلة' ديما خاطر المصران يستانس بيها ويولي يعجز. إذا قعد المشكل، لازم طبيب يثبت لا يكون فما كسل في المصران.,original
advice_guidance,يا دكتور، ساعات يدي تتنمّل (Fourmillement) عليا في الليل لين نفيق من النوم ونقعد نفض فيها باش تسرح، شنوة هذا؟,هذا يتسمى 'تنميل العصب المتوسط' ولا (Canal Carpien). العصب اللي يتعدى في وسط المعصم قاعد يتغصر، خاصة في الليل. جرب البس 'باندة' كاسحة (Attelle) في الليل باش يدك ما تتعوجش وأنت راقد. إذا التنميل ولى يجيك حتى في النهار ويدك بدأت تفشل، لازم تعمل 'تخطيط عصب' (EMG) باش نثبتوا هل يستحق عملية صغيرة ولا لا.,original
advice_guidance,نرا في ذبان طائر (Mouches volantes) قدام عينيا، خيوط ونقط سوداء تتحرك معايا وين نلفت عيني، هل عيني مريضة؟,هذي تسمى 'الأجسام الطائرة' وهي عبارة على شوائب في السائل اللي وسط العين. في أغلب الأحيان هي حالة عادية مع الكبر ولا عند اللي عندهم 'نقص نظر'. أما إذا شفت 'فلاشات' ضوء قوية (كيف فلاش الكاميرا) ولا حسيت كأنه فما 'ستارة' سودة بدأت تغطي في عينك، وقتها لازم تمشي فوراً لطبيب العينين خاطر تنجم تكون علامة على 'انفصال الشبكية'.,original
advice_guidance,ركبتي تطرطق (Craquement) كي نطلع الدروج وتوجعني، وساعات نحسها تحرق فيا، هل هو نقص في الماء متاع الركبة؟,الطرطقة مع الوجيعة تنجم تكون علامة على 'بداية احتكاك' (Arthrose) ولا قلق في 'صابونة الركبة'. موش ديما يعني نقص ماء، ساعات يكون ضعف في عضلات الفخذ. حاول نقص في الميزان إذا كان زايد، واعمل تمارين تقوية للعضلات. ابعد على الثني برشا (كيف قعدة القرفصاء) واستعمل مراهم مسكنة عند الحاجة.,original
advice_guidance,يا دكتور، بابا عمره 70 سنة، ولى يمشي لبيت الراحة برشا مرات وما ينجمش يشد روحه، والبول يخرج ضعيف، شنوة السبب؟,عند الرجال في العمر هذا، أول حاجة نخممو فيها هي 'البروستاتا' (Prostate). كي تكبر، تولي تضغط على مجرى البول وتخليه يخرج بصعوبة وما يفرغش المثانة مليح. لازم يعمل فحص عند طبيب مجاري بولية وتحليل (PSA) مع 'إيكو' باش نثبتوا في حجمها. فما أدوية تنقص من النفخ وتسهل البول برشا.,original
advice_guidance,نحس في غصة في حلقي كأنه فما حاجة وحلة، وصوتي تبدل شوية، هل هي الغدة الدرقية منفوخة لداخل؟,الغصة في الحلق تنجم تكون من الغدة (Goitre)، أما زادة تنجم تكون من 'الستريس' ولا من 'الجاير' (الارتجاع) اللي يحرق الحلق. لازم طبيب يمس رقبتك ويثبت هل فما 'ولسيس' ولا نفاخ في الغدة، وساعات يعمل لك 'إيكو' باش يطمنك. إذا كان معاها صعوبة في بلعان الماكلة، التثبيت يولي ضروري وأسرع.,original
advice_guidance,يا دكتور، شعري بدأ يطيح من القدام وبدأت تظهر فراغات (Calvitie)، هل فما زيت ولا دواء يرجعه؟,سقوط الشعر ينجم يكون وراثي ولا بسبب نقص فيتامينات ولا ستريس. الزيوت تنجم تعطي لمعة أما ما تطلعش الشعر من العرق. فما أدوية طبية معروفة (كيف المينوكسيديل) تزيد في دقة الدم في جلدة الراس وتعاون الشعر باش ينبت. لازم تثبت زادة في مخزون الحديد والغدة الدرقية قبل ما تبدأ أي علاج.,original
advice_guidance,بنتي عندها حكة قوية في الليل في المخرج (Anus)، وما تنجمش ترقد، هل هما دود؟,إي نعم، هذي علامات 'الدود الأبيض' (Oxyures). الدود يخرج في الليل باش يبيض، وهذا اللي يعمل الحكة. لازمها دواء (Sirop) يتشرب، ولازم 'العيلة الكل' تأخذ الدواء معاها باش ما ترجعش العدوى. زادة لازم تعقيم الأغطية، وقص الضوافر، وغسل اليدين مليح قبل الماكلة.,original
advice_guidance,عندي وشواشة (Acouphènes) في وذني، حس تزفيرة ما تحبش تسكت نهار كامل، خاصة كي يبدأ الهدوء، شنوة الحل؟,الوشواشة عندها برشا أسباب: تنجم تكون مجرد 'بوشون' (Bouchon de cérumen)، ولا تعب في عصب السمع، ولا حتى طلوع في الدم (Tension). لازم يشوفك طبيب (ORL) ينظف الوذن ويعمل لك 'تيست' متاع سمع. ابعد على الهرج القوي، وحاول ما تركزش معاها برشا باش مخك يستانس بيها وما عادش تقلقك.,original
advice_guidance,ظهري يوجع فيا اللوطة (Bas du dos) كي ناقف برشا، والوجيعة تزيد كي نهز حاجة، هل هو ديسك؟,الوجيعة في أسفل الظهر (Lombalgie) شائعة برشا وتجي الاكثرية من ضعف عضلات الظهر ولا وقفة غالطة. موش ديما يعني ديسك، ينجم يكون مجرد تشنج عضلات. الحل هو السبور (المشي والسباحة)، ونقص الميزان، وتعلم كيفاش تهز الحاجات الرزينة بوضعية صحيحة (تثني ركبتك موش ظهرك).,original
advice_guidance,يا دكتور، نلقى ساعات رمل في البول، وعندي وجيعة في جنبي (Rein) تمشي وتجي، شنوة نعمل؟,هذي علامات 'حجر في الكلاوي' (Calculs rénaux). الحجرة كي تتحرك تعمل وجيعة قوية تتسمى 'أزمة كلاوي' (Colique néphrétique). لازم تشرب برشا ماء (أكثر من زوز ليترات) وتعمل 'إيكو' وراديو باش نعرفوا حجم الحجرة وبلاصتها. نقص من الملح واللحوم الحمراء، وإذا الوجيعة قوية برشا لازمك استعجالي.,original
advice_guidance,عندي سمنة (Obésité) في منطقة الكرش، وجربت برشا ريجيمات وما ضعفتش، هل هي غدة؟,السمنة في الكرش تنجم تكون علامة على 'مقاومة الأنسولين' (Insulino-résistance). البدن يولي يخزن السكر في شكل شحم في الكرش وصعيب يحرقها. لازم تنقص 'السكر السريع' (الحلو، الغازوز، الخبز الأبيض) وتعمل سبور بانتظام. تحليل السكر التراكمي (HBA1C) والأنسولين يعاونونا نعرفوا هل فما مشكلة هرمونية ولا لا.,original
advice_guidance,طلعت لي سخانة (Bouton de fièvre) في شاربي عندها يومين، توجع وتحرق، هل هي عدوى؟,هذا يتسمى 'هيربس' (Herpès labial). هو فيروس يقعد راقد في البدن ويخرج كي تطيح المناعة ولا مع الستريس ولا الفجعة. هو معدي برشا باللمس، هذاكا علاش ما تمسوش بيدك وما تبوس حد. فما مراهم (Antiviral) تتباع في الصيدلية تبرد الوجيعة وتخليها تشيح فيسع.,original
advice_guidance,يا دكتور، ظوافر ساقي ولات صفراء وكاسحة وبدأت تتفرت، هل هو سوس ولا فطر؟,هذي الاكثرية 'فطريات الأظافر' (Onychomycose). الفطر يحب البلايص المغمومة والعرق. العلاج يشد وقت (ينجم يوصل لـ 6 شهور) ولازم تستعمل 'فرني' (Vernis) طبي ولا حرابش يكتبهم الطبيب. أهم حاجة شايح ما بين صوابعك مليح بعد كل وضوء ولا دوش، والبس تقاشر قطن وابعد على الصبابط اللي تغم الساق.,original
advice_guidance,عندي وجيعة في جانبي الأيمن من اللوطة، ومعاها غثيان، وخايفة لا تكون الزائدة (Appendicite)؟,وجيعة الزائدة تبدأ الاكثرية بحذا السرة ومن بعد تستقر في الجنب اليمين من اللوطة. إذا تحس بوجيعة قوية كي تنزل على البلاصة وتسيب فجأة، ولا إذا عندك سخانة خفيفة، لازم تمشي فوراً للاستعجالي. الطبيب يعمل لك تحليل دم وإيكو باش يثبت، خاطر إذا كانت زائدة لازمها عملية سريعة قبل ما تتفجر.,original
advice_guidance,رأسي يوجع فيا في شيرة بركة (Migraine)، ونولي ما نتحملش الضوء والهرج، وساعات نرد، شنوة الحل؟,هذي تسمى 'الشقيقة'. هي وجيعة راس مزمنة تجي في شكل نوبات. أحسن حل هو أول ما تبدأ الوجيعة، تدخل لبيت ظلام وهادية وتأخذ دواك. ابعد على 'المحفزات' كيف الشكلاطة، الأجبان القوية، وقلة النوم. فما أدوية وقائية يكتبها طبيب الأعصاب إذا كانت النوبات تجيك برشا مرات في الشهر.,original
advice_guidance,عندي بحة في صوتي (Enrouement) عندها أسبوعين وما مشاتش، مانيش مريض بالصدر أما صوتي تبدل، فاش قام؟,البحة اللي تطول أكثر من 15 يوم لازمها فحص للحنجرة عند طبيب (ORL). تنجم تكون مجرد تعب في الأوتار الصوتية، ولا بسبب 'الجاير' اللي يطلع للحلق، أما لازم نثبتوا لا يكون فما 'لحمات' صغار (Polypes). إذا كنت مدخن، التثبيت يولي ضروري وأكيد.,original
advice_guidance,صوابع يديا يبسوا عليا الصباح (Raideur)، نقعد نص ساعة باش نجم نحركهم ونسكر يدي، شنوة هذا؟,اليبوسة الصباحية في المفاصل هي علامة على 'التهاب' (Arthrite). إذا كانت الوجيعة في اليدين الزوز وتتحسن كي تبدأ تتحرك، تنجم تكون 'روماتيزم' (Polyarthrite). لازم تعمل تحاليل دم خاصة بالالتهاب (CRP) وتشوف طبيب مفاصل باش يبدأ لك العلاج قبل ما المفاصل تتعب برشا.,original
advice_guidance,عروق ساقي بدأت تظهر زرقاء ومنفوخة (Varices)، ونحس في رزانة كبيرة في ساقي في لخر متاع النهار؟,هذي تسمى 'الدوالي'. الدم يولي يلقى صعوبة باش يرجع للقلب ويتحصر في الساقين. حاول ما تقفش برشا في بلاصة وحدة، وارفع ساقيك للفوق كي ترتاح. لبسان 'السيقان الكابسة' (Bas de contention) يعاون برشا في تنقيص الرزانة ويحمي العروق لا تزيد تتنفخ.,original
advice_guidance,ساعات تجيني نمالة في وجهي وشطري اليمين يفشل شوية لمدة دقايق ومن بعد يرجع عادي، هل هي فجعة؟,رد بالك، الفشل ولا التنميل اللي يجي في شطر البدن حتى لو مشى فيسع، ينجم يكون 'جلطة عابرة' (AIT). هذي علامة إنذار اللي فما عرق دم في المخ اتغصر شوية. لازم تمشي فوراً للطبيب تعمل 'IRM' وتثبت في التنسيون والسكر والكوليسترول. ما تستناش لين تتعاود ولا تولي جلطة صحيحة.,original
advice_guidance,عندي وجيعة في عرقوب ساقي (Talon) أول ما نقوم الصباح، كأن فما مسمار يغرس في القاعة، ومن بعد كي نمشي تسكت؟,هذي علامة 'شوكة العظم' ولا التهاب اللفافة الأخمصية (Aponévrosite plantaire). الوجيعة تجي خاطر العضلات تكون كاسحة بعد النوم. استعمل صباط فيه 'طالون' طري، واعمل مساج لساقك بكورة صغيرة (مثل كورة التنس) تحت العرقوب. الطبيب ينجم يعطيك حصص تدليك طبي (Kinésithérapie) تعاون برشا.,original
advice_guidance,يا دكتور، البول متاعي ولى فيه كشكوشة برشا وريحته تبدلت، هل هذا عادي؟,الكشكوشة (Mousse) في البول تنجم تكون علامة اللي فما 'بروتين' قاعد يخرج في البول، وهذا يعني الكلاوي قاعدة تتعب شوية. لازم تعمل تحليل بول (Protéinurie) وتثبت في ضغط الدم. زادة شرب الماء القليل يخلي البول مركز ويعمل كشكوشة، هذاكا علاش ابدأ بشرب زوز ليترات ماء وشوف النتيجة.,original
advice_guidance,نحس في خفقان (Palpitations) في قلبي، ساعات يدق زوز دقات ويسكت دقة، وكأنه باش يوقف، شنوة السبب؟,هذي تسمى 'خوارج الانقباض' (Extrasystoles). هي دقات زايدة تجي الاكثرية من كثرة الستريس، المنبهات (قهوة، تاي)، ولا نقص في النوم. في الأغلب هي موش خطيرة إذا كان القلب سليم. الطبيب يعمل لك تخطيط (ECG) وساعات 'هولتر' (Holter) يسجل دقات القلب لمدة 24 ساعة باش يطمنك على دقات قلبك.,original
advice_guidance,طلعت لي فطريات (Champignons) بين صوابع ساقي، الجلدة بدأت تتقشر وتخرج في ريحة خايبة وحكة، شنوة الحل؟,هذا يتسمى 'رجل الرياضي'. لازمك مرهم (Antifongique) تدهنه مرتين في النهار لمدة أسبوعين. أهم حاجة: شايح ما بين صوابعك 'بالباهي' بمنشفة خاصة بعد كل وضوء، والبس تقاشر قطن تتبدل كل يوم. إذا قعدت مبلولة، الفطريات ما تمشيش وتقعد ترجع لك ديما.,original
advice_guidance,ما عادش نجم نرقـد (Insomnie) بالباهي، نقعد نلوج في الفراش للساعتين متاع الصباح ومخي ما يحبش يسكت، شنوة نعمل؟,الأرق يجي الاكثرية من 'عادات نوم' غالطة. جرب ابعد على التلفون والشاشات ساعة قبل النوم، خاطر الضوء الأزرق يغلط المخ. ما تشربش قهوة بعد الظهر، وحاول ارقد في بيت ظلمة وباردة شوية. إذا قعدت الأفكار تدور في راسك، اكتبهم في ورقة باش تخرجهم من مخك، وإذا طوّلت الحكاية، استشير طبيب باش يعاونك تنظم نومك.,original
advice_guidance,يا دكتور، تجيني دوخة (Vertige) قوية كي نلفت راسي فجأة في الفراش، نحس الدنيا تدور بيا كاينها مرحيّة، وذنوبي تتسكر؟,هذي الاكثرية 'دوخة الأذن الداخلية' (VPPB). فما كريستالات صغار في وسط الوذن يتحركوا من بلاصتهم ويغلطوا توازن البدن. الطبيب (ORL) ينجم يرجعهم لبلاصتهم بحركة سريعة لراسك تسمى (Manœuvre de Libération). هي تفجع أما علاجها بسيط وما يستحقش برشا أدوية.,original
advice_guidance,ولدي خشمو ديما يسيل (Rhinorrhée) ويحك في عينيه، وكل صباح يعطس عشرة عطسات ورا بعضهم، هل هو قريب مزمن؟,هذا موش قريب، هذي علامات 'حساسية الخشم' (Rhinite allergique). خشمو يتفاعل مع الغبرة، النوار، ولا وبر الحيوانات. نظف له خشمو ديما بـ 'السيروم' (الماء المالح)، وإذا القلق كبير، الطبيب يعطيه 'بخاخة' (Spray) تنقص الالتهاب وحرابش ضد الحساسية. المهم تبعدوه على الحاجات اللي تهيج عليه العطاس.,original
advice_guidance,لثتي ديما تسيل بالدم كي نغسل سنيا، ولونها ولى أحمر غامق ومنفوخة، هل سنيا باش يطيحوا؟,هذا التهاب لثة (Gingivite) سببه 'الكالكير' (Tartre) اللي تراكم بين السن واللحم. الدم هو إنذار اللي اللثة مريضة. لازم تمشي تعمل 'ديتارتراج' (Détartrage) عند الدونتيست وتغسل سنيا بـ 'بروس' طرية. إذا سكتّ عليها، الالتهاب يوصل للعظم والسنان تولي تتحرك ومن بعد تطيح.,original
advice_guidance,عندي وجيعة في صبعي الكبير متاع ساقي، ولى أحمر ومنفخ ويحرق فيا، حتى الغطاء ما نتحملوش عليه؟,هذي نوبة 'قرص' (La Goutte). هي بسبب طلوع 'الأسيد أوريك' (Acide urique) في الدم اللي يترسب في شكل بلورات في المفاصل. ابعد فوراً على اللحوم الحمراء واللحوم الباردة (الشاركيتريه) والمشروبات الغازية. اشرب برشا ماء وفما دواء يكتبه الطبيب يطيح الأسيد ويبرد الوجيعة فيسع.,original
advice_guidance,يا دكتور، حشاك نلقى في صعوبة باش نبدا نبول، ولازم نكبس على روحي برشا، والبول يقطر في لخر؟,عند الرجال، هذي علامات 'البروستاتا' (Prostate) كي تبدأ تضغط على المجرى. لازم تعمل فحص وتثبت في حجمها. زادة تنجم تكون بسبب 'ضيق في مجرى البول' من التهابات قديمة. الطبيب يطلب منك 'إيكو' وتصويرة للبول (Débitmétrie) باش يعرف قوة الدفع ويحدد الدواء المناسب.,original
advice_guidance,ديما نحس في الفشل (Fatigue) ووجهي ديما مصفر، وما عنديش جهد حتى باش نطلع الدروج، هل هو سكر؟,الفشل والصفورية ينجموا يكونوا من 'فقر الدم' (Anémie) ولا من كسل في 'الغدة الدرقية' (Hypothyroïdie). الغدة كي تبدأ بخلانة، البدن الكل يولي رزين. لازم تعمل تحليل دم للحديد وتحليل (TSH) للغدة. إذا طلعت الغدة بخلانة، دواء بسيط كل صباح يرجع لك حيويتك ونشاطك.,original
advice_guidance,ما عاد عيني في شيء، لا نحب نخرج لا نكلم حد، وديما مغوم (Triste) ونحب نقعد وحدي، هل هذا اكتئاب؟,خسارة الرغبة في الحياة والهروب من الناس هي علامات 'اكتئاب' (Dépression). هي حالة طبية كيفها كيف أي مرض آخر، وموش مجرد 'ضعف إيمان' ولا 'دلال'. الحديث مع طبيب نفسي ولا أخصائي ينجم يحلك برشا بيبان، وساعات دواء بسيط يرجع التوازن للمواد الكيميائية في المخ ويخليك تشوف الدنيا بلون آخر.,original
advice_guidance,يا دكتور، صوابع يدي بدأت تتقشر (Desquamation) والجلدة ولات رقيقة وتوجعني كي نمس الجافيل ولا الصابون، شنوة هذا؟,هذي تسمى 'إكزيما التماس' (Eczéma de contact). جلدتك عندها حساسية من المواد الكيميائية الموجودة في مواد التنظيف. لازمك تلبس 'ڨوانتوات' (Gants) ديما كي تغسل الماعون ولا تستعمل الجافيل، وتستعمل مراهم مرطبة (Cicatrisante) باش تبني جلدة جديدة. ابعد على الصابون اللي فيه برشا ريحة واستعمل صابون 'مارسيل' ولا صابون أخضر.,original
advice_guidance,ولدي الصغير (عامين) بدأت عينو تدمع وتخرج في العماص (Sécrétions) وحمارّت برشا، هل هي رمد؟,إي نعم، هذا الاكثرية 'رمد' (Conjonctivite). ينجم يكون من فيروس ولا بكتيريا، وهو 'معدي' برشا. لازم تغسل له عينو بـ 'سيروم فيزيولوجي' وقطنة نظيفة (من داخل لبرا)، وتستعمل قطرة (Collyre) يكتبها الطبيب. رد بالك يستعمل نفس المنشفة متاع العيلة باش ما يعديش البقية، واغسل يديك مليح بعد ما تمس له عينو.,original
advice_guidance,صدري يصَفّر (Sifflement) كي نجي نرقـد، ونحس في نهجة وتزييرة كي نبذل مجهود، هل هي ضيق نفس؟,التصفير في الصدر والنهجة هما علامات 'الفدة' (Asthme) ولا حساسية الصدر. الشعب الهوائية تتسكر شوية وتخلي النفس يخرج بصعوبة. لازمك تعمل 'تيست' متاع نفس (EFR) باش نثبتوا في قوة الرواير. الطبيب يعطيك 'فوشاكة' (Inhalateur) توسع الشعب الهوائية وتخليك تتنفس مرتاح. ابعد على الدخان والغبرة والروائح القوية.,original
advice_guidance,عندي وجيعة في معصم يدي (Poignet) خاصة كي نخدم بـ اللاقطوب (Laptop) ولا التلفون، ونحس في عقدة صغيرة طلعت لي؟,الوجيعة هذي تجي من التهاب الأوتار (Tendinite) بسبب الحركة المتكررة. العقدة الصغيرة هي 'كيس زلالي' (Kyste synovial) يخرج كي الوتر يتعب. الحل هو الراحة، وتستعمل 'باندة' خفيفة، وتنقص من استعمال التلفون. الكيس الاكثرية يرجع وحدو مع الراحة، وإذا قعد يوجع برشا، الطبيب ينجم ينحيه بعملية بسيطة.,original
advice_guidance,يا دكتور، نحس في حرقان (Brûlure) قوي كي نجي نبول، ولازم نمشي لبيت الراحة برشا مرات، شنوة السبب؟,هذي علامات 'تعفن بولي' (Infection urinaire). بكتيريا دخلت للمثانة وعملت التهاب. لازم تشرب برشا ماء (3 ليترات) باش تنظف المجرى، وتعمل تحليل بول (ECBU) باش نعرفوا نوع البكتيريا ونعطوك 'أنتي بيوتيك' المناسب. ما تسكتش عليها باش ما تطلعش الوجيعة للكلاوي وتولي سخانة.,original
advice_guidance,نحس في ثقل (Oppression) على صدري كي نمشي مسافة طويلة، والوجيعة تضرب لي في فكي (Mâchoire)، هل هو قلب؟,الوجيعة اللي تجي مع المجهود وتضرب في الفك ولا اليد اليسار لازم تتاخذ بجدية كبيرة. تنجم تكون علامة على 'ضيق في عروق القلب' (Angine de poitrine). لازم تمشي فوراً لطبيب قلب تعمل تخطيط واختبار مجهود (Épreuve d'effort). ما تقولش 'هذا ريح' ولا 'برد'، التثبيت في القلب هو الأولوية القصوى هنا.,original
advice_guidance,يا دكتور، طلع لي تولال (Verrues) في يدي وبدأ يتكاثر ويمشي لصوابعي الأخرى، كيفاش نحيه؟,التولال هو فيروس (HPV) ينتقل باللمس. لازمك ما تمسوش بيدك وما تحاولش تجرحه باش ما ينتشرش في بلايص أخرى. فما دواء 'كاوٍ' يتباع في الصيدلية يتحط جيست فوق التولالة، ولا تنجم تمشي لطبيب جلدية ينحيهولك بالبرد (Azote) ولا بالليزر. المهم ما تستعملش مقص الظوافر متاعك لغيرك باش ما تعديهمش.,original
advice_guidance,يا دكتور، ساعات عيني ترف (Tremblement de la paupière) وحدها عندها أيام، مانيش عارف علاش، هل هو عصب؟,رفة العين في الأغلب موش مرض عصب، بل هي علامة 'تعب' (Fatigue) ولا نقص في مادة 'المنغنزيوم' (Magnésium) وزيادة في الستريس والكافيين. مخك يبعث في إشارات للعضلة باش تتشنج. ارقد مليح، نقص من القهوة، وخذ مكملات 'منغنزيوم' لمدة أسبوع تو تلاحظ اللي الرفة مشت وحدها.,original
advice_guidance,خشمي ديما مسكر (Nez bouché) ونشخر برشا في الليل، ونفيق الصباح فمي شايح وحلقي يوجع فيا؟,هذا ينجم يكون 'لحمات' (Polypes) في الخشم ولا 'اعوجاج في الحاجز الأنفي'. الشخير يجي خاطر الهواء ما يتعداش مليح من الخشم ويولي يتعدى من الفم. لازم طبيب (ORL) يشوف خشمك بالمنظار. ساعات بخاخة فيها 'كورتيكويد' تسرح المسالك، وساعات تستحق عملية بسيطة باش ترجع تتنفس وترقد مرتاح.,original
advice_guidance,عندي وجيعة في كتفي (Épaule) ما نجمش نهز يدي للفوق، ونحسها واحلة وتوجعني برشا في الليل؟,هذي تسمى 'التهاب أوتار الكتف' (Tendinite de la coiffe). الكتف مفصل حساس والأوتار اللي فيه تتعب بالخدمة ولا بحركة غالطة. لازمك راحة، ومراهم ضد الالتهاب، وأهم حاجة حصص 'تليك طبي' (Kinésithérapie) باش تسرح المفصل وما ييبسش (Capsulite). ابعد على هز الرزين بيدك هذيك مدة أسبوعين.,original
advice_guidance,يا دكتور، الخصية اليسار نحسها منفوخة شوية وفيها عروق كاينها عش دود، وتوجعني كي ناقف برشا؟,هذي علامات 'الدوالي' (Varicocèle) في الخصية. هي عروق دم تتنفخ وتعمل رزانة وساعات تقلق الخصوبة. لازم تعمل 'إيكو دوپلير' (Écho-Doppler) باش نثبتوا في درجة الدوالي. إذا كانت توجع برشا ولا مقلقة التحليل متاع الحيوانات المنوية، وقتها الطبيب ينجم يقترح عملية بسيطة باش يسكر العروق المنفوخة.,original
advice_guidance,نحس في نهجة (Essoufflement) حتى كي نطلع درجة واحدة، وساقيا منفخين والصباط ولى ما يجيش قدي؟,النهجة مع نفاخ الساقين هي علامات 'تعب في القلب' (Insuffisance cardiaque). القلب ما عادش يضخ الدم بقوة والماء يتحصر في الساقين والرواير. لازم تمشي فوراً لطبيب قلب تعمل 'إيكو' (Échographie cardiaque). نقص من الملح نهائياً، والطبيب يعطيك أدوية 'تخرج الماء' وتنشط عضلة القلب.,original
advice_guidance,كل شتاء تجيني عقدة (Angine) في حلقي، يسكر عليا الماكلة ونولي بالسخانة، هل لازم نحي اللحمات (Amygdales)؟,نحي اللحمات موش ديما هو الحل. إذا تجيك العقدة أكثر من 5 مرات في العام ورا بعضهم، ولا إذا بدأت تعمل لك قلق في المفاصل ولا القلب، وقتها الطبيب ينصح بالعملية. أما قبل هذا، لازم تعمل 'تحليل مسحة' (Trod) باش نعرفوا هل هي بكتيريا تستحق أنتي بيوتيك ولا فيروس يمشي بالراحة والباراسيتامول.,original
advice_guidance,وليت نوسوس (TOC) من الميكروبات، نغسل يدي 20 مرة ورا بعضهم وما نتهنى كان كي نحسهم طابوا بالصابون، شنوة نعمل؟,هذا يسمى 'الوسواس القهري'. مخك يعطيك فكرة غالطة (اللي يدك موش نظيفة) ويجبرك تعمل حركة متكررة باش تنقص الخوف. هذا مرض يتعالج بـ 'العلاج السلوكي' (TCC) وساعات أدوية تنظم هرمون 'السيروتونين' في المخ. ما تخليش روحك تتعذب وحدك، الطبيب النفسي ينجم يعاونك تكسر الحلقة هذي وترجع تعيش عادي.,original
advice_guidance,يا دكتور، طلع لي حب شباب (Acné) كبير في وجهي ويخلي في أثاري حفر وزراق، جربت كل شيء وما مشاش، فما حل جذري؟,الحب اللي يخلي أثار وحفر يتسمى 'حب شباب كيسي'. إذا المراهم العادية ما نفعتش، فما دواء قوي (Isotrétinoïne) يوقف إفراز الدهون نهائياً ويصفي الوجه. أما الدواء هذا لازم فحص دم كل شهر وممنوع على الحوامل كومبليتمون. لازم تتبع مع طبيب جلدية باش يعطيكالدوزة المناسبة ويراقب لك الكبدة والكوليسترول.,original
advice_guidance,عندي قبض (Constipation) مزمن، ساعات نقعد 4 أيام ما نمشيش لبيت الراحة، وكرشي ديما كاسحة ومرزنة عليا، شنوة الحل؟,القبض يجي الاكثرية من نقص الألياف والماء. لازمك تاكل 'النخالة'، الخضر الورقية (سلق، سبانخ)، والغلال (كيف الكرموس والبرقوق). اشرب زوز ليترات ماء في النهار وتحرك برشا. ابعد على كثرة العجين والمقرونة. إذا بقى القلق، فما 'ملينات' (Laxatifs) خفيفة تنجم تستعملها، أما أحسن دواء هو تبديل الماكلة.,original
advice_guidance,يا دكتور، نحس في كهرباء تضرب في وجهي كي نجي نأكل ولا نغسل وجهي، وجيعة قوية تقص النفس وتعدي فيسع، شنوة هذي؟,هذي تسمى 'التهاب العصب الخامس' (Névralgie du trijumeau). هو عصب في الوجه يولي حساس برشا وأي لمسة تعمل وجيعة كاينها ضوء. فما أدوية خاصة بالأعصاب (مضادات التشنج) تبرد الوجيعة هذي بالباهي. لازم تعمل 'IRM' باش نثبتوا لا يكون فما عرق دم ضاغط على العصب في أصل الدماغ.,original
advice_guidance,بنتي عمرها 3 سنين، بدأت تتهته (Bégaiement) في كلامها وساعات تحصل في الكلمة، هل هذا عادي ولا نهزها لطبيب؟,في عمر الـ 3 سنين، التأتأة تنجم تكون عادية خاطر المخ يسبق اللسان في تركيب الجمل. أهم حاجة ما تضغطوش عليها وما تصلحوش لها كلامها وما تبينوش اللي أنتم مقلقين. خليها تكمل كلامها بالسياسة. إذا طوّلت الحكاية بعد الـ 5 سنين ولا بدأت تعمل حركات بوجهها كي تتكلم، وقتها لازم حصص 'تقويم نطق' (Orthophonie).,original
advice_guidance,وليت نشوف في ذبان طائر (Mouches volantes) ولا خيوط كحلة تدور قدام عينيا، خاصة كي نغزر لحاجة بيضاء، هل عيني مريضة؟,هذي تسمى 'الأجسام العائمة'. هي شوائب في السائل اللي داخل العين. الاكثرية هي حالة عادية مع الكبر ولا عند اللي عندهم 'نقص نظر' (Myopie). أما إذا شفت 'فلاشات' ضوء قوية ولا كأن فما 'ستار' كحل هبط على عينك، وقتها لازم تمشي فوراً لطبيب العيون خاطر تنجم تكون علامة 'انفصال شبكية'.,original
advice_guidance,عندي وجيعة في ركبتي (Genou) كي نطلع الدروج ولا كي نجي نصلي، ونسمع فيها تطرشيق، هل هو نقص زيت؟,التطرشيق والوجيعة هما علامات 'احتكاك الغضروف' (Arthrose). الغضروف اللي يحمي المفصل بدأ يتعب. الحل هو تنقيص الميزان (أهم حاجة)، وتقوية عضلات الفخذ باش تهز الحمل على الركبة. الطبيب ينجم يعطيك مكملات تعاون الغضروف، وإذا الوجيعة قوية، فما 'زريقة زيت' (Acide Hyaluronique) تتحقن في المفصل تبرد الوجيعة.,original
advice_guidance,يا دكتور، البول متاعي ريحته قوية برشا ولونه ولى غامق، وساعات نحس بوجيعة في كلاويّ، شنوة السبب؟,اللون الغامق والريحة القوية هما علامات 'نقص ماء' (Dehydration) ولا 'تعفن بولي'. البول يولي مركز برشا ويقلق المثانة. لازم تشرب على الأقل ليترتين ماء في النهار. إذا قعدت الوجيعة في الجنب ومعاها سخانة، لازم تعمل تحليل 'ECBU' وأشعة صبغة (Écho) باش تثبت لا يكون فما حجرة ولا التهاب في الكلية.,original
advice_guidance,ديما نحس في العطش (Soif) ونمشي لبيت الراحة برشا، ووزني نقص فجأة رغم اللي ناكل بالباهي، شنوة هذا؟,هذي هي العلامات الكلاسيكية متاع 'مرض السكر'. البدن ما عادش ينجم يحرق السكر، فـيخرجه في البول ويجبد معاه الماء، هذاكا علاش تعطش برشا. لازم تعمل تحليل 'سكر على الريق' (Glycémie à jeun) وتحليل 'خزان' (HBA1C). إذا طلع سكر، ما تخافش، بالدواء والريجيم تنجم تعيش حياة عادية كومبليتمون.,original
advice_guidance,العادة الشهرية (Règles) ولات تجيني بوجيعة ما تتحملش ونبقى نهارين طايحة في الفراش، هل هذا عادي؟,الوجيعة القوية برشا اللي تعطل القراية ولا الخدمة موش عادية. تنجم تكون علامة 'بطانة الرحم المهاجرة' (Endométriose). لازم تعمل 'إيكو' عند طبيبة نساء. فما أدوية تنظم الهرمونات وتنقص الوجيعة، وما لازمش تسكت على روحك وتقول 'تو تمشي كي نعرس'، خاطر التشخيص البدري يمنع برشا مشاكل في المستقبل.,original
advice_guidance,نحس في غصة في حلقي وقلبي يدق فيسع ونحس روحي باش نموت ولا باش نهبل، فجأة ومن غير سبب، شنوة هذا؟,هذي تتسمى 'نوبة هلع' (Crise de panique). هي ذروة الستريس والقلق يخرجوا في شكل أعراض بدنية تخوف. اطمن، عمرك ما باش تموت ولا تهبل منها، هي جيست 'إنذار غالط' من مخك. تعلم 'التنفس العميق' وكي تجيك النوبة قول لروحك 'هذي جيست حالة وباش تتعدى'. إذا تكررت برشا، طبيب نفسي ينجم يعاونك بحصص كلام ولا دواء بسيط.,original
advice_guidance,نحس بوجيعة في فم المعدة (Épigastralgie) كي نكون جيعان، وكي نأكل تسكت شوية ومن بعد ترجع، هل هي قرح؟,الوجيعة اللي تسكت بالماكلة هي علامة معروفة لـ 'قرح الاثني عشر' (Ulcère du duodénum). المعدة كي تبدأ فارغة، الأسيد يمس في القرح ويوجع. لازم تعمل 'فحص بالمنظار' (Fibroscopie) باش نثبتوا. في الأغلب السبب هو جرثومة المعدة، وعلاجها ساهل بالدواء. ابعد على الدخان والقلق والمصبرات لين تبرى.,original
advice_guidance,يا دكتور، ساعات يدي ترعش (Tremblement) كي نجي نهز كاس ماء ولا نكتب، أما كي تبدأ يدي مرتاحة ما ترعشش، شنوة السبب؟,الرعشة اللي تجي مع الحركة تسمى الاكثرية 'رعشة أساسية' (Tremblement essentiel)، وهي تختلف على مرض 'باركنسون'. تنجم تكون وراثية ولا تزيد مع القهوة والستريس. إذا كانت مقلقة برشا في حياتك اليومية، فما أدوية (Bêta-bloquants) تنقص منها بالباهي. لازم طبيب أعصاب يثبت لا يكون فما غدة درقية هي السبب.,original
advice_guidance,وذني تصفر (Acouphènes) عندها مدة، صوت كيف الزفّار ما يسكتش، خاصة في الليل كي تبدأ الدنيا هادية، شنوة الحل؟,طنين الأذن عنده برشا أسباب: تنجم تكون 'بوشون' شحم، ولا تعب في عصب السمع، ولا حتى طلوع في 'التنسيون'. لازم طبيب (ORL) يعمل لك 'قيس سمع'. حاول ما تقعدش في بلاصة هادية برشا، حط شوية صوت خفيف (كيف صوت المروحة) باش يغطي على الصفارة. وابعد على السماعات (Écouteurs) وصوت الموسيقى العالي.,original
advice_guidance,عندي وجيعة في أسفل الظهر (Lumbago) تضرب لي في ساقي للي صوابع يدي نملوا، وما نجمش نلبس صباطي، هل هو عرق لساس؟,هذي علامة 'عرق النسا' (Sciatique) اللي سببه الاكثرية 'هرنية ديسك' (Hernie discale). فما ديسك ضاغط على العصب. لازمك راحة تامة على فريش كاسح، وأدوية تنقص الالتهاب والوجيعة. إذا حسيت بـ 'فشل' في ساقك ولا وليت ما تتحكمش في البول، وقتها لازم تمشي فوراً للاستعجالي خاطر تولي حالة مستعجلة.,original
advice_guidance,يا دكتور، عندي وجيعة قوية في جنبي (Colique néphrétique) تقص النفس، وساعات تهبط للمثانة، والبول لونه تبدل، شنوة هذا؟,الوجيعة هذي معروفة متاع 'حجرة في الكلاوي' قاعدة تهبط. الوجيعة تجي في شكل نوبات قوية برشا. اشرب برشا ماء باش تعاون الحجرة تخرج، وخذ مسكنات (Antispasmodiques). لازم تعمل 'إيكو' باش نعرفوا كبر الحجرة وبلاصتها. إذا فما سخانة، لازم تمشي للطبيب فوراً خاطر ينجم يكون فما تعفن.,original
advice_guidance,نحس في دوخة ورزانة في راسي، وكي نقيس التنسيون نلقاها طايحة (9/5)، هل لازم نأكل المالح؟,التنسيون طايحة (Hypotension) تنجم تكون طبيعية عند برشا ناس، أما إذا معاها فشل ودوخة، لازم تثبت في مخزون الحديد (Anémie) وتشوف هل تشرب في الماء بالباهي ولا لا. المالح يعاون شوية أما موش حل جذري. جرب كول وجبات صغيرة ومنتظمة، وابعد على الوقفة الطويلة فجأة، وإذا استمرت الدوخة شوف طبيب قلب يثبت في دقات قلبك.,original
advice_guidance,يا دكتور، وجهي ولى منفوخ وشعري بدأ يطيح، وديما بردانة حتى في الصيف، وعندي قبض مزمن، شنوة هذا؟,هذي علامات واضحة لـ 'كسل الغدة الدرقية' (Hypothyroïdie). البدن يولي يخدم بالثقيل. لازم تعمل تحليل (TSH). العلاج بسيط برشا وهو حرابش تعوض الهرمون اللي ناقص، وتو تلاحظ اللي وجهك فش وشعرك رجع يطوال وحيويتك رجعت. ما تستناش خاطر الغدة هي 'الموتور' متاع البدن.,original
advice_guidance,يا دكتور، صوابع يديا وركايبي فيهم قشور بيضاء (Plaques) كاسحة وتحك فيا، وكي نحكها تولي حمراء وتخرج في نقط دم، شنوة هذي؟,هذي تتسمى 'الصدفية' (Psoriasis). هي مرض جلدي مزمن يخلي الجلدة تتبدل فيسع وتعمل قشور. هي موش معدية وغالباً تزيد مع الستريس. استعمل مراهم فيها 'الكورتيكويد' وشيخ جلدتك بالمرطبات (Émollients). الشمس زادة تعاون برشا في علاجها، أما لازم ديما تبع مع طبيب جلدية.,original
advice_guidance,عندي وجيعة في الجنب لليسر بعد ما نأكل، ونحس روحي منفوخ وعندي برشا غازات، وساعات القبض يتبدل بـ إسهال؟,هذي علامات 'متلازمة القولون العصبي' (SCI). المصران يولي حساس ويتقلق من أنواع معينة من الماكلة ولا القلق. جرب ابعد على الحوايج اللي تعمل الغازات (كيف الكرنب واللوبيا) ونقص من 'اللاكتوز' (الحليب). السبور تعاون المصران باش يخدم بانتظام، وفما أدوية تنقص من التشنجات (Antispasmodiques) تو تريحك.,original
advice_guidance,نحس في تنميل (Fourmillement) في صوابع يدي الثلاثة الأولانين، خاصة في الليل، وساعات يدي تفشل وما نجمش نهز بيها كاس، شنوة هذا؟,هذا يتسمى 'انضغاط العصب الرسغي' (Canal Carpien). العصب اللي يتعدى من المعصم تضغط عليه الأوتار. جرب استعمل 'باندة' (Attelle) تلبسها في الليل باش يدك تبقى مسرحة. إذا الوجيعة قوية، فما 'زريقة' موضعية، وفي حالات متقدمة عملية بسيطة تسرح العصب وتمنع 'الضمور' متاع عضلات اليد.,original
advice_guidance,يا دكتور، عيني تدمع ديما خاصة كي نخرج للريح ولا الشمس، ونحس كأن فما رمل داخل عيني يحرق فيا؟,هذا يتسمى 'شياح العين' (Sécheresse oculaire). كي العين تشيح، تولي تدمع برشا كـردة فعل. استعمل 'دموع اصطناعية' (Larmes artificielles) من الصيدلية باش ترطبها. ابعد على القعدة الطويلة قدام 'البيسي' والتلفون، وحاول 'تغمض' عينيك برشا مرات باش يتوزع الدمع الطبيعي. البس نظارات شمسية كي تخرج للريح.,original
advice_guidance,عندي وجيعة في كوع يدي (Coude) خاصة كي نجي نهز حاجة ولا ندور المفتاح، ونحسها تضرب في ساعدي، شنوة السبب؟,هذي تسمى 'مرفق التنس' (Épicondylite)، وهي التهاب في الأوتار متاع المرفق. موش لازم تكون تلعب تنس باش تجيك، تنجم تكون من حركة متكررة في الخدمة. الحل هو الراحة، استعمال 'باندة' خاصة تحت الكوع، ومساج بالثلج. فما حصص 'كينيزي' (Physiothérapie) تعاون برشا باش الأوتار ترجع تبرى.,original
advice_guidance,يا دكتور، ساعات نلقى دم في البول (Hématurie)، أما ما عندي حتى وجيعة، هل هي فجعة ولا حاجة أخرى؟,الدم في البول 'من غير وجيعة' لازم يتاخذ بجدية كبيرة، خاصة عند الكبار ولا اللي يتكيفوا. ينجم يكون التهاب بسيط، أما لازم نثبتوا لا يكون فما 'ولسيسة' ولا ورم في المثانة ولا الكلاوي. لازم تعمل 'إيكو' وتحليل بول وتشوف طبيب مجاري بولية في أقرب وقت باش يثبت بالمنظار ويطمنك.,original
advice_guidance,صدري يوجع فيا كي نتغشش ولا كي نبرد، والوجيعة تحسها كاينها رخامة كبست على قلبي، شنوة نعمل؟,الوجيعة اللي تزيد مع الستريس ولا البرد تنجم تكون علامة 'ذبحة صدرية'. القلب يولي يطلب أوكسجين أكثر والعروق ما توصلش. لازم تعمل 'تخطيط' (ECG) وتثبت في الكوليسترول والسكر. ابعد على الدخان وحاول تنقص من الانفعالات القوية، وإذا الوجيعة طولت أكثر من 15 دقيقة، لازم تمشي فوراً للاستعجالي.,original
advice_guidance,طلعت لي حبوبة صغيرة في شفتي (Herpès)، تحرق فيا وعملت كيف الماء ومن بعد ولات قشرة، هل هي من السخانة؟,هذي تسمى 'سخانة الشفايف' (Bouton de fièvre) وسببها فيروس الهربس. الفيروس هذا يبقى راقد في البدن ويخرج كي المناعة تطيح ولا مع الستريس والشمس. استعمل مرهم 'مضاد للفيروسات' (Aciclovir) أول ما تحس بالتحريق. رد بالك تمسها ومن بعد تمس عينك، وما تبوسش الصغار خاطرها معدية برشا.,original
advice_guidance,يا دكتور، ظوافري (Ongles) ولاو غلاظ ولونهم تبدل للأصفر وبداو يتفتفتوا، هل هي سوسة ولا نقص فيتامينات؟,هذي تسمى 'فطريات الأظافر' (Onychomycose). هي فطريات تعشش تحت الظفر وتخليه يخشان ويتبدل لونه. العلاج يتطلب شوية وقت (أشهر) ولازم تستعمل 'فرني' (Vernis) طبي خاص ولا حرابش يكتبهم الطبيب. حاول ديما تشيّح بين صوابعك مليح بعد الوضوء ولا الدوش وما تلبسش صباط غيرك.,original
advice_guidance,عندي وجيعة في المخرج (Hémorroïdes) حاشاك، ونلقى دم أحمر كي نمشي لبيت الراحة، وساعات نحس بـ لحمة خارجة؟,هذا يتسمى 'العذر' (Hémorroïdes). السبب الرئيسي هو 'القبض' والمكوث برشا في بيت الراحة. لازمك تاكل الخضرة والغلال وتشرب برشا ماء باش البراز يولي طري. استعمل مراهم مهدئة (Pommade) واعمل 'مغطس' ماء دافي. إذا الدم بقى يخرج برشا، لازم يشوفك طبيب جراح باش يثبت في الدرجة متاعهم.,original
advice_guidance,يا دكتور، تجيني شقيقة (Migraine) قوية في شطر راسي، نولي ما نحملش الضوء ولا الحس، وساعات نحس بـ ردّان؟,الشقيقة هي وجيعة راس مزمنة وتجي في شكل نوبات. أحسن حل هو أول ما تبدأ تحس بالوجيعة، تأخذ دواك (كيف الباراسيتامول ولا أدوية خاصة بالشقيقة) وتقعد في بلاصة مظلمة وهادية. ابعد على الحاجات اللي تهيجها عليك كيف 'الشكلاطة'، الأجبان القوية، نقص النوم، ولا القلق.,original
advice_guidance,عندي كحة شايحة (Toux sèche) عندها شهر ما حبتش تمشي، جربت سيرو وما نفعش، خاصة تزيد عليا في الليل؟,كحة تطول أكثر من 3 أسابيع لازمها تثبيت. تنجم تكون من 'حساسية'، ولا 'ردّان متاع معدة' (Reflux) يطلع للحلق، ولا حتى من أدوية 'التنسيون'. لازم طبيب يسمع صدرك بالباهي وساعات يطلب تصويرة (Radio) باش يطمن على الرواير. ما تقعدش تشرب في 'السيروات' وحدك خاطرها تسكت الكحة وما تعالجش السبب.,original
advice_guidance,صوابع يديا ييبسوا عليا (Raideur) الصباح كي نفيق، لازم نقعد ساعة نحرك فيهم باش يتسرحوا، شنوة هذا؟,تيبس المفاصل في الصباح هو علامة 'التهاب مفاصل' (Rhumatisme). إذا الوجيعة واليبوسية تفوت النص ساعة، تنجم تكون 'روماتيزم مزمن'. لازم تعمل تحاليل دم (عامل الروماتويد) وتثبت مع طبيب روماتيزم. السبور الخفيفة والمفاصل الدافية تعاونك برشا باش تتسرح فيسع.,original
advice_guidance,نحس في قلبي يخبط (Palpitations) فيسع من غير مجهود، كأنه عصفور يرفرف في صدري، هل يخوف؟,خفقان القلب عنده برشا أسباب: تنجم تكون من 'الستريس'، كثرة القهوة والدخان، ولا نقص 'الحديد'. ساعات تكون من 'الغدة الدرقية' كي تبدأ تنقز. لازم تعمل 'تخطيط' (ECG) باش نثبتوا في دقات القلب هل هي منتظمة ولا لا. نقص من المنبهات وحاول ترقد مليح تو تلاحظ اللي الخبطة نقصت.,original
advice_guidance,ما عادش نجم نرقد (Insomnie) بالباهي، نبقى نهار كامل نخمم وكي نتحط في الفراش عيني ما تغمضش؟,الأرق هو الاكثرية نتيجة 'القلق' ولا 'الضغط النفسي'. حاول تعمل 'طقوس' للنوم: ابعد على التلفون والتلفزة ساعة قبل ما ترقد، اشرب حاجة دافية (كيف البابونج)، وحاول ترقد في نفس الوقت كل ليلة. إذا الحكاية طوالت، الحديث مع أخصائي ينجم يوريك طرق باش تهدي مخك وترقد مرتاح من غير ما تلتجئ للحرابش.,original
advice_guidance,يا دكتور، شعري بدأ يخف برشا من القدام وفما بلايص بدأت تظهر فيها جلدة الراس، هل هو وراثي ولا تعب؟,تساقط الشعر عند الرجال الاكثرية يكون 'وراثي' (Androgénétique)، وعند النساء ينجم يكون من نقص 'الحديد' ولا قلق في 'الغدة الدرقية' ولا الستريس. لازم تعمل تحليل دم قبل كل شيء. فما بخاخات (Minoxidil) وحرابش مكملة تعاون باش تحافظ على اللي بقى وتنشط البصيلة، أما لازم الصبر خاطر النتائج تبان بعد 3 شهور.,original
advice_guidance,نحس في مرارة (Amertume) في فمي أول ما نفيق، وساعات وجيعة تحت ضلوعي على اليمين، هل هي المرارة؟,المرارة في الفم تنجم تكون من 'ردّان المعدة' (Reflux) ولا قلق في 'المرارة' (Vésicule biliaire). الوجيعة اللي تحت الضلوع اليمين تزيد بعد ما تأكل حاجة فيها 'دهون' ولا مقلي. لازم تعمل 'إيكو' (Échographie) باش نثبتوا لا يكون فما 'حجر' في المرارة. حاول نقص من الماكلة المزيّتة وشوف طبيب جهاز هضمي.,original
advice_guidance,يا دكتور، وليت ننسى الكلام في وسط الجملة، ونحس راسي ضبابي (Brain fog) وما نركزش جملة، شنوة السبب؟,الضباب الذهني هذا يجي برشا بعد 'تعب مزمن' ولا نقص في 'فيتامين B12' ولا حتى بعد مرض فيروسي. تنجم تكون زادة من قلة النوم وكثرة التخمام. نظم وقتك، كول ماكلة صحية فيها 'الأوميغا 3' (كيف الحوت)، وحاول ترتاح. إذا قعدت الحكاية، طبيب أعصاب يعمل لك فحوصات باش يطمن على وظائف المخ.,original
advice_guidance,ولدي (4 سنين) ديما يحك في خشمو وعينيه ديما حمر ويغطس برشا ورا بعضهم، هل هي نزلّة؟,هذي الاكثرية 'حساسية أنف' (Rhinite allergique) موش نزلة برد. تزيد خاصة في الربيع مع 'نوار الزيتون' ولا مع الغبرة والقطاطس. استعمل له بخاخة 'سيروم فيزيولوجي' باش تنظف المسالك، وفما حرابش ولا 'سيرو' مضاد للحساسية (Antihistaminique) يريحه برشا. حاول ابعد على الحاجات اللي تهيج عليه العطس في الدار.,original
advice_guidance,عندي وجيعة في كعب ساقي (Talon) أول ما نفيق ونحط ساقي على القاعة، نحس كأنه مسمار غرس في لحمي؟,هذي تسمى 'مسمار العظم' ولا التهاب اللفافة الأخمصية (Aponévrosite plantaire). السبب هو لبسان صباط بلا (Plat) برشا ولا الوقفة الطويلة. لازمك تلبس صباط فيه 'طالون' صغير ومريح، وتعمل 'مساج' بكرة صغيرة تحت ساقك. فما حصص 'تليك' (Kinésithérapie) تعاون برشا باش تنحي الالتهاب والوجيعة.,original
advice_guidance,يا دكتور، البروستاتا (Prostate) مقلقتني، نفيق برشا مرات في الليل ونحس البول رزين وما يخرجش بقوة؟,عند الرجال فوق الـ 50، 'تضخم البروستاتا الحميد' حالة شائعة برشا. البروستاتا تكبر وتضغط على مجرى البول. لازم تعمل تحليل (PSA) و'إيكو' باش نثبتوا في حجمها. فما أدوية ترخي العضلات وتخلي البول يخرج أسهل. ابعد على شرب الماء برشا قبل النوم ونقص من القهوة في الليل.,original
advice_guidance,عندي نهجة قوية ووجيعة في ساقي المنفوخة، ونحس في ضيق نفس فجأة، هل يخوف؟,إذا عندك ساق منفوخة وتوجع وزاد عليها ضيق نفس، لازم تمشي فوراً للاستعجالي. تنجم تكون علامة 'جلطة في الساق' (Phlébite) انتقلت للرواير (Embolie pulmonaire). هذي حالة مستعجلة تتطلب أدوية 'تجري الدم' (Anticoagulants). ما تمسجش ساقك المنفوخة جملة لين يشوفك الطبيب.,original
advice_guidance,نحس في كعبورة (Nodule) في صدري، ما توجعش أما كاسحة شوية، هل هي ولسيسة ولا حاجة تخوف؟,أي كعبورة في الصدر لازم يشوفها الطبيب في أقرب وقت. تنجم تكون 'كيس ماء' (Kyste) ولا 'غدة حميدة'، أما لازم التأكد بـ 'الراديو' (Mammographie) و'الإيكو'. ما تستناش الوجيعة، خاطر أغلب الحاجات اللي تخوف ما توجعش في البداية. التشخيص البدري هو أهم خطوة للسلامة.,original
advice_guidance,وليت خايف من كل شيء، نخاف لا نمرض، نخاف على ولادي، وما نركدش من التخمام في المستقبل؟,هذا يتسمى 'القلق العام' (Anxiété généralisée). مخك ديما في حالة استنفار ويستنى في 'المصيبة'. هذا يتعب البدن والروح. جرب نقص من متابعة الأخبار السلبية، ومارس 'التأمل' ولا السبور. إذا القلق ولى يحكم في حياتك ويمنعك من الخدمة ولا النوم، طبيب نفساني ينجم يعاونك بحصص كلام (Thérapie) تو يرجع لك الثقة والراحة.,original
advice_guidance,عندي وجيعة قوية تحت ضلوعي من قدام تضرب حتى لظهري، ومعاها ردّان وحسيت بدني فشل جملة؟,الوجيعة اللي في شكل 'حزام' داير بالبدن تنجم تكون التهاب في 'البنكرياس' (Pancréatite). هذي حالة تستحق تمشي للاستعجالي فوراً باش تعمل فحص دم وتصويرة. ابعد على الماكلة الدسمة والمشروبات الغازية، ولازم تقعد صايم لين الطبيب يشوف التحاليل متاعك.,original
advice_guidance,يا دكتور، ساعات لساني يثقل وما نلقاش الكلمات، ونحس شطري اليمين نمل شوية ومن بعد رجع لاباس، شنوة هذا؟,هذي تنجم تكون 'جلطة عابرة' (AIT). هي إنذار من المخ اللي فما عرق تسكر شوية ومن بعد تسرح. ما لازمش تستهان بيها حتى لو كان رجعت لاباس. لازم تمشي لطبيب أعصاب تعمل 'IRM' وتثبت في عروق الرقبة (Écho-doppler) باش تمنع جلطة كبيرة لا قدر الله.,original
advice_guidance,عيني حمرت فجأة ولات تخرج في عماص (Sécrétions) برشا، ونحسها لازقة الصباح كي نفيق؟,هذي تسمى 'رمد' (Conjonctivite). تنجم تكون 'فيروس' ولا 'بكتيريا'. هي معدية برشا، هذاكا علاش لازم ما تستعملش منشفة غيرك واغسل يديك ديما. استعمل 'سيروم فيزيولوجي' باش تنظفها، وفما قطرات (Collyre) يكتبهم الطبيب حسب نوع الرمد. ابعد على لبسان العدسات (Lentilles) لين تبرى كومبليتمون.,original
advice_guidance,عندي وجيعة في ظهري من فوق بين كتافي، نحس عقدة كاسحة ما تحبش تتسرح، شنوة الحل؟,هذي تسمى 'تشنج عضلي' (Contracture musculaire)، وغالباً تجي من 'قعدة غالطة' قدام البيسي ولا 'ستريس' ملموم في العضلات. استعمل 'قربة ماء دافئ' ومراهم مرخية للعضلات. حاول تعمل تمارين 'تطويل' (Étirements) وبدل وضعية قعدتك كل ساعة باش ظهرك يرتاح.,original
advice_guidance,يا دكتور، لثتي (Gencives) ديما تسيل بالدم كي نغسل سنيا، ولونها ولى أحمر منفوخ، شنوة نعمل؟,سيلان الدم من اللثة علامة اللي فما 'كلكار' (Tartre) ملموم لازم يتنحى عند الدونتيست. الكلكار يربي بكتيريا تعمل التهاب. لازم تعمل 'Détartrage' مرتين في العام، واستعمل بروس سنان 'طرية' (Souple) باش ما تجرحش اللثة، ومضمض بالماء والملح ولا دواء خاص.,original
advice_guidance,ديما نحس في البرد وعندي بخل وما نحب نعمل شيء، ووزني زاد رغم اللي شهيتي طايحة؟,هذي أعراض كلاسيكية متاع 'نقص في نشاط الغدة الدرقية'. بدنك قاعد يخدم 'بالموشم'. لازم تعمل تحليل (TSH). العلاج بسيط وهو تعويض الهرمون بحرابش تاخذهم كل صباح على الريق، وتو ترجع لك الحيوية ويتحرق الشحم الزايد.,original
advice_guidance,نحس في حكّة (Prurit) وقلق في المناطق الحساسة، ومعاها إفرازات بيضاء كيف الرايب؟,هذي تسمى 'فطريات' (Candidose). تجي ساعات بعد استعمال 'أنتي بيوتيك' ولا من قلة التشييح بالباهي. استعمل صابون متعادل (pH neutre) وما تبالغش في التنظيف الداخلي. الطبيب يعطيك 'قوالب' (Ovules) ومراهم مضادة للفطريات. حاول تلبس ملابس داخلية 'قطن' وابعد على الحاجات الضيقة.,original
advice_guidance,وليت نتفجع (Sursauts) من أي حس، وقلبي يدق فيسع، وديما نتخيل اللي فما مصيبة باش تصير؟,هذا يتسمى 'حالة تأهب' ناتجة عن 'قلق مزمن'. مخك ولى يخدم في 'الإنذار' حتى من غير خطر. جرب تمارين 'التنفس البطني' واكتب الحاجات اللي مخوفتك في ورقة باش تخرجها من راسك. إذا الحالة هذي منعتك من العيشة العادية، طبيب نفساني ينجم يعاونك بحصص 'TCC' باش تسيطر على أفكارك.,original
advice_guidance,يا دكتور، طلعت لي ثلالة (Verrue) في صبعي وبدأت تكبر وتعدي في البلايص اللي بجنبها، كيفاش نحيها؟,الثلال هو فيروس (HPV) معدي برشا. ابعد على 'تفريكها' بظوافرك خاطر هكاك تزيد تنشرها. فما دواء يتباع في الصيدلية يحرقها بالسياسة، أما أحسن حل هو تمشي لطبيب جلدية ينحيهالك بالبرد (Azote liquide) ولا بالليزر باش يقتلعها من عرقها وما ترجعش.,original
advice_guidance,يا دكتور، ساعات عيني ترف (Fasciculations) وحدها عندها أيام، نحسها ترعش وتتحرك فجأة، هل هو عرق باش يتقطع؟,لا ما تخافش، 'رفان العين' الاكثرية ما عنده حتى علاقة بمرض خطير. هو علامة اللي بدنك 'تعبان' ولا عندك نقص في 'المغنيزيوم' (Magnésium). نقص من القهوة، ارقد مليح، وحاول ترتاح من الستريس. إذا طولت برشا ولا شملت عضلات أخرى في وجهك، وقتها شوف طبيب أعصاب.,original
advice_guidance,نحس في دوخة (Vertiges) قوية، الدنيا تدور بيا كي نجي نتقلب في الفراش ولا نغزر لفوق، ونحس روحي باش نطيح؟,هذي الاكثرية 'دوخة الأذن الداخلية' (VPPB). فما 'كريستالات' صغار في الوذن تحركوا من بلاصتهم. الحل موش حرابش دوخة فقط، بل لازم طبيب (ORL) يعملك 'حركات' معينة براسك (Manœuvre) باش يرجعهم لبلاصتهم. تو ترجع لاباس في وقتها بإذن الله.,original
advice_guidance,عندي وجيعة في معصم يدي (Poignet) خاصة كي نستعمل الفارة (Souris) متاع البيسي برشا، ونحسها منفوخة شوية؟,هذي تسمى التهاب أوتار (Ténosynovite). الحركة المتكررة تتعب الأوتار. لازمك 'تريح' يدك، استعمل 'باندة' خفيفة، وحاول تبدل وضعية يدك بالاستعانة بـ 'تيبة' (Tapis de souris) مريحة. إذا الوجيعة قوية، مراهم مضادة للالتهاب تعاونك برشا.,original
advice_guidance,يا دكتور، ضرسي سكنت فيها السطرة وما خلتنيش نرقد، وساعتها بدأت تتنفخ حنكي، شنوة نعمل؟,النفخ يعني فما 'تعفن' (Abcès) تحت الضرس. لازمك تمشي للدونتيست فوراً باش ينظف البؤرة. ما تأخذش 'أنتي بيوتيك' من راسك، خاطر لازم الطبيب يقرر النوع والجرعة. استعمل مسكنات للألم ومضمض بالماء الدافئ والملح لين يجي موعدك.,original
advice_guidance,راجلي يشخر (Ronflement) برشا في الليل، وساعات نفسه يتقطع ويقوم مفجوع يلوج على الهواء، هل هذا عادي؟,لا، هذي تسمى 'انقطاع النفس أثناء النوم' (Apnée du sommeil). هي حالة تنجم تقلق القلب والتنسيون وتخلي الواحد ديما فاشل الصباح. لازم يعمل 'فحص نوم' (Polygraphie) عند طبيب صدري. تنقيص الميزان يعاون برشا، وساعات يستحق ماكينة صغيرة (PPC) تخليه يتنفس بالباهي في الليل.,original
advice_guidance,يا دكتور، السكر متاعي ديما طالع رغم اللي ناكل في الحرابش، ونحس في تنميل في صوابع ساقيا؟,التنميل في الساقين علامة اللي السكر بدأ يقلق 'الأعصاب' (Neuropathie). لازم نثبتوا في 'الخزان' (HBA1C) ونشوفوا هل الحرابش مازالت تكفي ولا لازم نعدلوالدوزة. رد بالك على جروح الساقين، البس صباط مريح، وتفقد ساقيك كل يوم خاطر مريض السكر ساعات ما يحسش بالجرح.,original
advice_guidance,ما عادش عندي شغف لحتى شيء، ديما نحب نقعد وحدي في الظلمة، ونحس في ثقل كبير على صدري؟,هذي علامات 'اكتئاب' (Dépression). الاكتئاب موش جيست حزن، بل هو مرض يخلي الدنيا تولي 'كحلة'. ما لازمش تقعد وحدك، الحديث مع مختص ينجم يخرجك من القوقعة هذي. فما أدوية وحصص علاجية تعاونك ترجع تذوق طعم الحياة، المهم أطلب المساعدة وما تحشمش.,original
advice_guidance,يا دكتور، عندي بقع بيضاء (Taches blanches) ظهرت لي في رقبتي وظهري بعد ما مشيت للبحر، هل هو برص؟,لا ما تخافش، الأغلب أنها 'تنيّة' (Pityriasis versicolor) وهي فطريات تعيش على الجلدة وتظهر كي تعرق برشا ولا تمشي للبحر. هي موش برص وموش معدية. استعمل 'شامبو' مضاد للفطريات (Ketoconazole) ادهن بيه البلايص وخليه 10 دقايق ومن بعد اشطف، وتو يرجع لون جلدتك يتوحد كي تمشي السخانة.,original
advice_guidance,ولدي ديما يحك في نيفو وفي دبره خاصة في الليل، وما عادش يحب يأكل مليح، هل عنده الديدان؟,إي نعم، هذي علامات 'السينات' ولا الديدان المعوية (Oxyures). هي تعدي برشا بين الصغار. لازم يأخذ دواء (Vermifuge) هو والعائلة الكل، وتعيدالدوزة بعد أسبوعين. أهم حاجة هي النظافة: قص له ظوافره، واغسل الأغطية والحوايج بالماء السخون باش تقضي على العظم متاعهم.,original
advice_guidance,عيني ترمش برشا وولت تسطر عليا كي نغزر للبيسي، ونحس في ضباب (Flou) ساعات يغطي على عيني؟,هذا يتسمى 'تعب العين الرقمي'. عينك تتعب من الضوء الأزرق وقلة الرمش قدام الشاشة. استعمل قاعدة '20-20-20': كل 20 دقيقة، اغزر لبلاصة بعيدة (6 أمتار) لمدة 20 ثانية. واستعمل قطرات مرطبة (Larmes artificielles). إذا الضباب بقى، لازم تمشي تقيس النظر لا يكون عندك نقص (Myopie/Astigmatisme).,original
advice_guidance,ركبتي تطرطق (Craquement) كي نطلع في الدروج وتوجعني خاصة كي نجي نصلي ونثنيها، هل هي الروماتيزم؟,الطرطقة مع الوجيعة تنجم تكون بداية 'شياح في المفاصل' (Arthrose). الغضروف يبدأ يرهف. حاول نقص من الميزان إذا عندك زيادة، خاطر الركبة تهز البدن الكل. اعمل تمارين تقوية لعضلات الفخذ باش تنقص الضغط على الركبة، وابعد على الوقفة الطويلة.,original
advice_guidance,يا دكتور، البول متاعي ريحته قوية برشا ولونه غامق، ونحس بـ حرقان خفيف في الآخر، شنوة السبب؟,اللون الغامق والريحة القوية الاكثرية يعني 'نقص شرب الماء'. البدن ولى يخرج في بول مركز برشا. اشرب على الأقل لترتين ماء في النهار وتو تلاحظ اللي اللون رجع صافي. إذا الحرقان زاد ولا ولات عندك سخانة، وقتها لازم تعمل تحليل بول (ECBU) لا يكون عندك تعفن بولي.,original
advice_guidance,يا دكتور، ديما عندي عطش كبير وندخل لبيت الراحة برشا مرات، ونحس روحي جيعانة طول الوقت؟,هذي الأعراض الثلاثة (العطش، كثرة التبول، الجوع) هي علامات 'مرض السكر'. بدنك ما عادش ينجم يستعمل السكر اللي في الدم، فيولي يخرجه في البول ويطلب الماء. لازم تعمل تحليل سكر على الريق (Glycémie à jeun) في أقرب وقت. السكر إذا فقت بيه بكري تنجم تسيطر عليه بالحمية والرياضة.,original
advice_guidance,يا دكتور، ظهري وصدري تعبوا بـ الحبوب (Acné) الكبيرة وتخلي في تراس (Cicatrices) كحل، رغم اللي عمري فات الثلاثين؟,حب الشباب عند الكبار ينجم يكون سببه 'قلق هرموني' ولا ستريس، ولا استعمال زيوت ثقيلة على الجلدة. ابعد على 'تعصير' الحبوب باش ما تعملش أثر دائم. استعمل غسول (Gel nettoyant) فيه حمض الساليسيليك، وإذا الحالة قوية، طبيب الجلدية يعطيك علاج بالـ 'Isotrétinoïne' اللي ينشف الحبوب من عرقها.,original
advice_guidance,يا دكتور، ساعات وجهي يتجبد (Paralysie faciale) شطر منه ما عادش يتحرك، وعيني ما تحبش تتسكر، هل هي جلطة؟,إذا كان الشلل في الوجه بركة من غير فشل في اليد ولا الساق، فالأغلب أنه 'برد في العصب' (Paralysie de Bell). العصب السابع يلتهب ويتحبس. لازم تبدأ علاج بـ 'الكورتيكويد' وفيتامينات في الـ 48 ساعة الأولى باش ترجع لاباس فيسع. المهم غطي عينك بـ 'باندة' في الليل باش ما تشيحش، واعمل حصص 'تليك' (Kinésithérapie) للوجه.,original
advice_guidance,ولدي الصغير (3 سنين) بدأت تطلع له حبوب صغيرة حمراء في يديه وساقيه وفي وسط فمه، وما عادش يحب يأكل؟,هذا يتسمى 'مرض اليد والقدم والفم' (Syndrome Pieds-Mains-Bouche). هو فيروس شائع عند الصغار ومعدي برشا. ما عندوش دواء يقتله، أما يبرى وحده في أسبوع. اعطيه مسكن للألم (Paracétamol) وحاجات باردة وطرية (كيف الياغورت) باش ما يحسش بالسطرة في فمه، واغسل يديك مليح بعد ما تبدل له الكوش.,original
advice_guidance,عندي طنين (Acouphènes) في وذني، حس زفارة ما تسكتش جملة، خاصة كي يبدأ الهدوء في الليل؟,طنين الوذن عنده برشا أسباب: تنجم تكون 'سدادة كلكار' (Bouchon de cérumen)، ولا تعب في عصب السمع من الحس القوي. جرب نقص من الكافيين والملح خاطر يزيدوا في الضغط داخل الوذن. إذا معاها نقص في السمع، لازم تعمل 'تخطيط سمع' (Audiogramme). فما تقنيات تخليك 'تتجاهل' الصوت هذا لين مخك ما عادش يركز معاه.,original
advice_guidance,عندي وجيعة في ظهري من لوطة (Lumbago) تضرب لي حتى لساقي، ونحس في تنميل في صوابع ساقي؟,الوجيعة اللي تهبط للساق تسمى 'عرق لسكا' (Sciatique)، وغالباً سببها 'عرق مقروص' في الظهر (Hernie discale). لازمك الراحة في السرير على بلاصة كاسحة شوية، واستعمل أدوية مضادة للالتهاب ومرخية للعضلات. ابعد على هزّان الرزين، وإذا حسيت بساقك 'فشلت' ولا ما عادش تتحكم في بيت الراحة، لازم جراح أعصاب فوراً.,original
advice_guidance,بدني ولى يزراق (Bleus) من أقل ضربة، وساعات نلقى نقط حمراء صغيرة تحت الجلدة، هل دمي خفيف؟,ظهور الزروقية من غير سبب واضح يتطلب تحليل دم (NFS) باش نثبتوا في 'الصفائح' (Plaquettes). الصفائح هي المسؤول الأول على تخثر الدم. إذا كانت ناقصة، الدم يخرج تحت الجلدة. ابعد على أخذ 'الأسبرين' توة لين يشوفك الطبيب ويعرف السبب، سواء كان نقص فيتامينات ولا مشكل في النخاع.,original
advice_guidance,عندي فم معدتي ديما منفوخ، ونحس بـ غصّة (Dysphagie) كي نجي نبلع الماكلة الكاسحة، كاينها تحبس لي في الڨراجم؟,صعوبة البلع علامة لازمها 'منظار' (Fibroscopie) باش نثبتوا في المريء والمعدة. تنجم تكون ضيق بسيط ولا التهاب قوي من الجاير، أما لازم التأكد. حاول امضغ الماكلة مليح وكول بشوية، وإذا الحكاية تكررت، طبيب المعدة هو الوحيد اللي يعطيك الخبر اليقين.,original
advice_guidance,يا دكتور، وليت نحس بـ رعشة (Tremblements) في يديا كي نبدأ شاد كاس قهوة ولا نكتب، أما كي نرخي يدي تمشي، شنوة هذا؟,هذي تسمى الاكثرية 'الرعشة الأساسية' (Tremblement essentiel) وتظهر خاصة مع المجهود ولا الستريس. هي تختلف على 'باركنسون' اللي يجي واليد مرتاحة. نقص من القهوة والدخان، وإذا الرعشة ولات تقلقك في خدمتك، فما أدوية (Bêta-bloquants) تنقص منها برشا وتخليك تتحكم في يدك أسهل.,original
advice_guidance,بنتي بدأت تشول (Strabisme) بعينها اليمين ساعات كي تتعب، هل تتصلح وحدها كي تكبر؟,لا، الحوَل عند الصغار ما يتصلحش وحده ولازم يشوفها طبيب عينين في أقرب وقت. إذا استنيت، العين اللي تميل تنجم تولي 'عاجزة' (Amblyopie) والمخ يولي ما عادش يستعملها. الطبيب ينجم يعطيها 'نظارات' ولا يعمل لها 'تغطية' للعين الصحيحة باش يقوي العين الأخرى، والنتائج تكون ممتازة كي تبدأ بكري.,original
advice_guidance,صوتي تبدل (Enrouement) وعندي بحة عندها أكثر من شهر ما حبتش تمشي، رغم اللي ما عنديش وجيعة؟,بحة الصوت اللي تفوت 3 أسابيع عند شخص كبير (خاصة إذا كان يتكيف) لازمها فحص للأوتار الصوتية عند طبيب (ORL). تنجم تكون 'ولسيسة' صغيرة (Nodule) ولا التهاب مزمن. لازم الطبيب يغزر لداخل بـ 'الكاميرا' باش يطمن اللي كل شيء لاباس. ريح صوتك وما تحاولش 'توشوش' خاطر الوشوشة تتعب الأوتار أكثر.,original
advice_guidance,يا دكتور، صبعي الكبير في ساقي ولى خارج لبرة (Oignon) وبدأ يركب على الصوابع لخرى ويوجعني في الصباط؟,هذا يتسمى (Hallux Valgus). يجي برشا من لبسان الصباط 'الضيق' ولا اللي فيه 'طالون' عالي، وساعات يكون وراثي. البس صباط عريض ومريح، واستعمل 'فواصل' سيليكون (Écarteurs) تتباع في الصيدلية باش تنقص الوجيعة. إذا العظم ولى يسطر عليك وما عادش تنجم تمشي، وقتها الجراحة تولي هي الحل.,original
advice_guidance,عندي ريحة كريهة (Halitose) في فمي رغم اللي نحك في سنيا 3 مرات في النهار، شنوة السبب؟,الريحة موش ديما من السنان. تنجم تكون من 'اللسان' (لازم يتحك بالبروس)، ولا من 'اللوزتين' (Amygdales) كي يبدأ فيهم كلكار أبيض، ولا حتى من المعدة. زادة 'شياح الفم' يعمل ريحة. اشرب برشا ماء، استعمل 'خيط السنان' باش تنحي الماكلة اللي بين الضروس، وإذا قعدت، شوف طبيب معدة ولا حنجرة.,original
advice_guidance,يا دكتور، التنسيون متاعي ديما 15/9، نحس راسي ثقيل وساعات نلقى دم في نيفي، هل لازم دواء؟,15/9 تتسمى 'تنسيون' طالعة (Hypertension). لازم تقيسها مدة 3 أيام (الصباح والليل) وإنت مرتاح. إذا قعدت هكاكة، لازم تبدأ دواء وتلتزم بـ 'حمية' ناقصة ملح. التنسيون تتسمى 'القاتل الصامت' خاطر ما توجعش ديما، أما تتعب القلب والعروق على الطويل. ابعد على الستريس وكول الخضرة.,original
advice_guidance,وليت نخاف من الأماكن المسكرة (Claustrophobie) ولا كي يبدأ فما غاشي برشا، نحس روحي باش نتخنق وقلبي يخرج من بلاصته؟,هذي تسمى 'نوبة هلع' (Crise de panique). بدنك يخرج في 'أدرينالين' كأنك في خطر حقيقي. أحسن حاجة تعملها وقتها هي 'التنفس العميق' (شهيق طويل وزفير أطول). اعرف اللي هي حالة 'وهمية' وماكش باش تموت. حصص علاج نفسي تعاونك باش تواجه المخاوف هذي بالسياسة لين تتنحى جملة.,original
advice_guidance,يا دكتور، ظوافري (Ongles) ولات صفراء وكاسحة وتتفتفت، وساعات تطلع منها ريحة موش باهية، شنوة الحل؟,هذي الاكثرية 'فطريات الأظافر' (Onychomycose). الفطريات تعشش لداخل والظفر يولي يحميها. لازم الصبر خاطر العلاج ياخذ وقت (بين 3 و6 شهور). فما 'فرني' (Vernis) طبي يتباع في الصيدلية، وإذا الحالة متقدمة، الطبيب يعطيك حرابش. حاول ديما شيّح ساقيك مليح بعد الوضوء ولا الدوش وما تلبسش صباط غيرك.,original
advice_guidance,عندي وجيعة في كرشي ديما تجي مع القلق (Stress)، وساعات نلقى روحي مقبوض (Constipation) وأيام أخرى مجري (Diarrhée)؟,هذا يتسمى 'القولون العصبي' (Colon irritable). المصران يتأثر برشا بالحالة النفسية. الحل موش أدوية بركة، بل لازم تنظم ماكلتك: ابعد على البقول والحاجات اللي تعمل الغازات، كول الألياف، ومارس السبور باش تنقص الستريس. فما أدوية ترخي المصران وتعدل الخروج توصفها الطبيب حسب حالتك.,original
advice_guidance,يا دكتور، تجيني شقيقة (Migraine) قوية في شطر راسي، نحس عيني باش تخرج ونولي ما نطيقش الضوء ولا الحس؟,الشقيقة مرض مزمن ولازم تعرف 'المحفزات' متاعها (سخانة، قلة نوم، شوكولاطة، ولا ريحة قوية). كي تبدأ النوبة، ارقد في بيت ظلمة وساكتة وخذ مسكن للألم في أول الوجيعة. إذا النوبات تتكرر برشا مرات في الشهر، فما علاج 'وقائي' (Traitement de fond) يخلي الوجيعة تجيك أخف وأقل مرات.,original
advice_guidance,بنتي ديما تقرّص (Grincement des dents) بسنانها وهي راقدة، ونسمع في حس قوي، هل هو خوف ولا ديدان؟,تقريص السنان (Bruxisme) عند الصغار شائع. ينجم يكون سببه قلق ولا تعب، وساعات كي تبدأ تطلع في الضروس. الأسطورة اللي تقول 'لازمها دواء ديدان' موش ديما صحيحة، أما ما يمنعش نثبتوا. الأغلب أنها تتنحى وحدها كي تكبر، أما إذا قعدت، لازم يشوفها دونتيست باش سنانها ما يتمسحوش.,original
advice_guidance,خشمي ديما مسكر (Nez bouché) خاصة في الليل، وما عادش نشم الريحة مليح، وديما نحس في ثقل فوق عينيا؟,هذي علامات 'التهاب الجيوب الأنفية المزمن' (Sinusite chronique) ولا وجود 'لحمات' في الخشم (Polypes). لازمك تعمل 'راديو' (Scanner) باش نثبتوا. استعمل بخاخة 'ماء البحر' ديما باش تنظف المسالك، وفما بخاخات فيها 'كورتيكويد' تسرح الخشم وتنقص الالتهاب، يكتبهم الطبيب بعد الفحص.,original
advice_guidance,يدي ترقد عليا (Paresthésie) في الليل، ونحس بـ تنميل في صوابعي الثلاثة الأولين، وساعات نفيق من الوجيعة؟,هذا يتسمى 'انحباس العصب في المعصم' (Canal Carpien). العصب يتخنق لداخل خاصة للي يخدموا بيديهم برشا. جرب استعمل 'باندة' كاسحة (Attelle) في الليل باش تخلي يدك مستوية. إذا التنميل قعد نهار كامل، لازم تعمل 'تخطيط أعصاب' (EMG) باش نعرفوا هل تستحق زريقة ولا عملية صغيرة تسرح العصب.,original
advice_guidance,نحس في قلبي يدق بقوة (Palpitations) فجأة ومن بعد يرجع لاباس، كأنه فرخ ينقز في صدري؟,دقات القلب السريعة تنجم تكون من كثرة 'القهوة'، 'التدخين'، ولا الستريس. أما لازم نثبتوا لا يكون فما 'فقر دم' (Anémie) ولا قلق في 'الغدة'. أحسن حاجة تعملها هي 'تخطيط قلب' (ECG) وقت اللي تجيك الدقة، ولا الطبيب يركب لك ماكينة صغيرة (Holter) تقيس الدقات 24 ساعة باش يعرف نوع 'الارتحاف'.,original
advice_guidance,يا دكتور، العادة الشهرية ولات تجيني بوجيعة كبيرة (Règles douloureuses) وما عادش نقدر حتى نتحرك؟,الوجيعة القوية برشا لازمها تثبيت بـ 'الإيكو' لا يكون فما 'كيس' (Kyste) ولا حالة تسمى (Endométriose). خذي مسكنات (Antispasmodiques) قبل ما تبدأ الوجيعة بقليل، واستعمل 'قربة ماء دافي' على كرشك. إذا الوجيعة تمنعك من القراية ولا الخدمة، لازم طبيب النساء يعطيك علاج يعدل الهرمونات.,original
advice_guidance,وليت نحبس (Blocage) كي نجي نحكي قدام الناس، وجهي يحمار، ونحس روحي باش ندوخ ونحب نهرب؟,هذا يتسمى 'الرهاب الاجتماعي' (Phobie sociale). هو خوف مبالغ فيه من نظرة الناس والتقييم متاعهم. الحل هو 'المواجهة' بالسياسة (Exposition graduée). تمارين التنفس تعاونك باش تهدي بدنك قبل ما تتكلم. طبيب نفساني ينجم يعاونك بحصص كلام باش ترجع لك الثقة في روحك وتفهم اللي الناس موش مركزة معاك كيف ما تتخيل.,original
advice_guidance,يا دكتور، الشبّت (Pellicules) هبلني في شعري، وديما نحك وراسي ديما يتزيّت، شنوة الحل؟,هذي تسمى 'التهاب الجلد الدهني' (Dermite séborrhéique). هي فطرية تحب الزيت. استعمل شامبو مضاد للفطريات (فيه Ketoconazole) مرتين في الجمعة، وخليه 5 دقايق قبل ما تغسل. نقص من الماكلة اللي فيها برشا سكر وشحوم خاطر تزيد تزيّت الجلدة، وحاول ما تغسلش شعرك بماء سخون برشا.,original
advice_guidance,ولدي عمره عامين، ديما نفسه يزيّفر (Sifflement) خاصة كي يبرد الطقس، وساعات يولي ينهج وحده؟,هذا ينجم يكون 'ربو الصغار' (Asthme du nourrisson). الصدر يولي حساس للغبرة، الروائح القوية، والبرد. لازم تبعد عليه الدخان جملة (حتى في الشرفة)، وما تحطلوش دباديب (ألعاب صوف) في فرشه خاطر تلم الغبرة. الطبيب يعطيه بخاخة (Ventaline) تعاون العروق باش تتحل وقت الأزمة.,original
advice_guidance,نسمع في وشوشة (Bourdonnement) في وذني، ونحسها مسكرة كأني تحت الماء، هل هو كلكار؟,إي نعم، الأغلب أنها 'سدادة كلكار' (Bouchon de cérumen). ابعد على 'القطن' (Coton-tige) خاطر يدز الكلكار لداخل وما يخرجوش. استعمل قطرات من الصيدلية تذوب الكلكار، وإذا ما تحلتش، الطبيب ينحيهالك بالماء (Lavage) ولا بشفاط صغير. تو يرجع لك السمع صافي في لحظتها.,original
advice_guidance,عندي وجيعة في عرقوب ساقي (Talon) خاصة كي نفيق الصباح ونحط ساقي على القاعة، ومن بعد تمشي؟,هذي تسمى 'التهاب اللفافة الأخمصية' (Aponévrosite plantaire). العضلة اللي تحت الساق تتجبد. استعمل صباط فيه 'طالون' طري شوية، واعمل تمارين تمديد (Étirements) للساق قبل ما تقوم من الفرش. زادة تنقيص الميزان ينقص الضغط على العرقوب ويخفف الوجيعة.,original
advice_guidance,يا دكتور، وليت نقوم برشا مرات في الليل لبيت الراحة، ونحس البول ما يخرجش بقوة، شنوة السبب؟,عند الرجال، هذي علامات 'البروستاتا' (Prostate). مع العمر تكبر وتولي تضغط على عرق البول. لازم تعمل تحليل (PSA) وإيكو باش نثبتوا. فما أدوية ترخي العضلة وتسهل الخروج. ابعد على شرب الماء برشا قبل النوم بساعتين، وزور طبيب مجاري بولية للفحص.,original
advice_guidance,عندي أرق (Insomnie) كبير، نعدي الليل نغزر للسقف وما يجينيش النوم، وتعبت في خدمتي؟,النوم يبدأ بـ 'نظافة النوم'. سكر التلفزة والتلفون ساعة قبل ما ترقد، خاطر الضوء الأزرق يطرد النوم. خلي بيتك باردة وشوية ظلمة. ابعد على القهوة بعد الـ 4 متاع العشية. إذا مخك 'يشكشك' بالأفكار، اكتبهم في ورقة قبل ما ترقد باش تفرغ راسك. إذا طالت الحكاية، طبيب ينجم يعاونك بحلول طبيعية ولا أدوية خفيفة.,original
advice_guidance,يا دكتور، صوابع يديا يتقشروا برشا والجلدة ولات كاسحة وتوجعني كي نمس الماء، خاصة الصوابع اللي نخدم بيهم؟,هذي تسمى 'إكزيما التماس' (Eczéma de contact). جلدتك تتحسس من مواد معينة كيف الصابون، 'الجافيل'، ولا حتى المواد اللي تستعملها في خدمتك. الحل الأول هو الوقاية: البس 'ڨوانتوات' (Gants) ديما كي تمس سوائل، واستعمل مراهم مرطبة قوية فيها 'الفيزلين' باش ترجع الطراوة للجلدة وتتسكر التشققات.,original
advice_guidance,عندي وجيعة قوية في جنبي اليمين من لوطة، وبدأت تطلع لي السخانة ونحس في روحي باش نرد، شنوة نعمل؟,الوجيعة في الجهة اليمين لوطة مع سخانة وردان تنجم تكون 'المصرانة الزايدة' (Appendicite). لازمك تمشي للاستعجالي فوراً باش تعمل تحليل دم وإيكو. ما تأخذ حتى مسكن للألم توة وما تاكل شيء لين يشوفك الجراح، خاطر المصرانة الزايدة لازمها تدخل سريع قبل ما 'تطرشق'.,original
advice_guidance,يا دكتور، ساعات تجيني غمّة وتنميل في شطر بدني، ولساني يولي ثقيل ما نجمش نخرج الكلمة، ومن بعد ترجع لاباس؟,هذي علامة خطيرة تسمى 'جلطة عابرة' (AIT). هي إنذار اللي عروق المخ تنجم تتسكر في أي وقت. حتى لو كان الحالة مشات وحدها، لازم تمشي للطبيب فوراً تعمل راديو (Scanner/IRM) وتثبت في التنسيون والسكر. هذي فرصة باش تمنع جلطة كبيرة لا قدر الله.,original
advice_guidance,ولدي عمره 4 سنين، عنده سخانة (Fièvre) قوية وصدره يخرخش، وما يحبش يهبطها حتى بالتحاميل، شنوة الحل؟,السخانة هي رد فعل من البدن ضد تعفن. إذا فاتت 38.5 وما هبطتش، استعمل 'كمادات' ماء دافئ (موش بارد برشا) ونقص له في الحوايج. إذا الصدر 'يخرخش'، لازم طبيب يسمعه بالسماعة لا تكون 'نزلة صدرية' (Bronchite) تستحق 'أنتي بيوتيك'. أهم حاجة شربه برشا ماء باش ما يشيحش.,original
advice_guidance,عيني ولات حمراء (Œil rouge) وتحرق فيا، ونلقى فيها عماص (Sécrétions) أصفر كي نفيق الصباح، شنوة نعمل؟,هذا 'الرمد' ولا التهاب ملتحمة العين (Conjonctivite). هو معدي برشا، ابعد على حك عينك بيدك وما تستعملش منشفة غيرك. اغسل عينك بالـ (Sérum physiologique) واستعمل قطرات معقمة (Collyre). إذا الرؤية ولات ضبابية ولا الوجيعة قوية لداخل، لازم يشوفك طبيب عينين فوراً.,original
advice_guidance,عملت التواء (Entorse) في كاحل ساقي وأنا نلعب كورة، تنفخت برشا وما عادش نجم ناقف عليها، هل هي مكسورة؟,النفخ وعدم القدرة على الوقوف لازمو'راديو' (Radiographie) للتأكد اللي ما فماش كسر. حالياً، طبق قاعدة (RICE): راحة (Repos)، ثلج (Glace) فوق النفخ، 'باندة' خفيفة (Compression)، وارفع ساقك للفوق. ابعد على 'التدليك' الشعبي توة خاطر ينجم يزيد الالتهاب.,original
advice_guidance,يا دكتور، عندي وجيعة تقطع في ظهري من لوطة وتهبط حتى لـ النبّالة، ونحس روحي نحب نبول وما نجمش؟,هذي تسمى 'أزمة كليوة' (Colique néphrétique)، والأغلب سببها 'حجرة' (Calcul) حصلت في مجرى البول. اشرب برشا ماء وحاول تتحرك. خوذ مسكنات قوية ومضادات للتشنج (Antispasmodiques). إذا الوجيعة معاها سخانة ولا البول فيه دم، لازم تمشي للاستعجالي باش الحجرة ما تحبسش عمل الكلاوي.,original
advice_guidance,يا دكتور، شعري يطيح برشا وظوافري ديما يتكسروا، وديما نحس في روحي فاشلة وتعبة؟,هذي علامات نقص 'الحديد' ولا 'فقر دم' (Anémie)، وساعات نقص في 'فيتامين D' ولا قلق في 'الغدة'. لازم تعمل تحليل دم (NFS et Ferritine) باش نشوفوا المخزون. كول الماكلة اللي فيها الحديد كيف العدس، السبانخ، واللحم الأحمر، وابعد على شرب 'التاي' مباشرة بعد الماكلة خاطر يمنع امتصاص الحديد.,original
advice_guidance,وليت نخاف برشا من الموت، وديما نتخيل اللي باش تصير لي كارثة، وما عادش نجم نركز في حتى شيء؟,هذا يسمى 'القلق العام' (Anxiété généralisée). مخك ديما في حالة استنفار لسبب ولا لغير سبب. هذا يتعب البدن والروح. تعلم تقنيات 'الاسترخاء' وابعد على الأخبار اللي تقلقك. الحديث مع طبيب نفساني يعاونك برشا باش تفهم اللي الأفكار هذي مجرد 'أوهام' وماهيش حقيقة، وفما أدوية خفيفة تنجم تريحك وتخليك ترجع لنمط حياتك العادي.,original
advice_guidance,يا دكتور، عندي نقط حمراء (Pétéchies) ظهرت لي في ساقيا وصدري كاينها ضربات إبرة، وما تحكش وما تمشيش كي ننزل عليها؟,النقط هذي لازمها فحص سريع وتحليل دم (NFS) باش نثبتوا في 'الصفائح' (Plaquettes). إذا كانت ناقصة، الدم يخرج تحت الجلدة. ابعد على أخذ 'الأسبرين' ولا 'مضادات الالتهاب' توة لين يشوفك الطبيب، خاطر ينجموا يزيدوا في سيلان الدم. السكوت عليها موش باهي لازم التأكد من سلامة الدورة الدموية.,original
advice_guidance,عندي مرارة في فمي كي نفيق الصباح، ونحس بوجيعة في جنبي اليمين الفوق تهبط لي حتى لكتفي، شنوة هذا؟,الوجيعة هذي مع المرارة في الفم الاكثرية ما تكون سببه 'المرارة' (Vésicule biliaire)، تنجم تكون فيها 'حجر' ولا التهاب. الوجيعة تزيد خاصة بعد ما تأكل حاجة فيها برشا 'شحم' ولا مقلي. لازم تعمل 'إيكو' (Échographie) على الكرش باش نشوفوا وضعية المرارة وقنوات الكبد. حالياً ابعد على الماكلة الرزينة.,original
advice_guidance,يا دكتور، ساعات يدي تخضخض وحدهـا (Fasciculations) ونشوف في العضلة تتحرك تحت الجلدة كأنه فما فار يلعب، هل هو عرق مقروص؟,في أغلب الحالات، هذي مجرد 'تعب عضلي' ولا نقص في 'المغنيزيوم' (Magnésium) بسبب الستريس ولا قلة النوم. خوذ قسط من الراحة وجرب كُل الموز (البنان) ولا خوذ مكمل مغنيزيوم. إذا الحكاية ولات معاها 'فشل' في اليد ولا العضلة ولات 'تمصمص' (نقصت في الحجم)، وقتها لازم فحص أعصاب معمق.,original
advice_guidance,عندي دوار (Vertige) قوي، الدنيا تدور بيا كي نلفت راسي لليسار ولا كي نجي نتقلب في الفرش، شنوة السبب؟,هذا يسمى 'دوار الوضعية' (VPPB)، وسببه 'حجرات' صغيرة في الوذن الوسطى تحركت من بلاصتها. الطبيب (ORL) ينجم يصلحها في لحظتها بـ 'حركة' معينة بالرأس (Manœuvre de Libératoire). ابعد على الحركات الفجئية توة، وتجنب السياقة لين تركز، والعلاج الطبيعي للوذن فعال برشا في الحالة هذي.,original
advice_guidance,يا دكتور، البول متاعي فيه رغوة (Mousse) برشا ديما، هل هذا عادي؟,الرغوة الكثيرة في البول تنجم تكون علامة على وجود 'بروتين' (Protéinurie)، وهذا يعني اللي 'الكلاوي' تنجم تكون قاعدة تسرب في حاجات لازم تبقى في البدن. لازم تعمل تحليل بول (Albuminurie) وتثبت في التنسيون. ساعات تكون مجرد قوة دفع البول، أما التحليل هو اللي يقطع الشك باليقين.,original
advice_guidance,نحس في نهجة (Essoufflement) كي نطلع الدروج، وساعات ساقيا يتنفخوا في الليل وكي ننزل عليهم بصباعي يخلي أثر؟,النهجة مع نفخ الساقين علامات تنجم تدل على 'تعب في القلب' (Insuffisance cardiaque). القلب ما عادش يضخ الدم بقوة، فيتحصر الماء في الساقين والرئة. لازم تعمل 'إيكو قلب' وفحص عند طبيب قلب. نقص من الملح جملة في الماكلة توة، وارفع ساقيك كي تقعد باش تعاون الدورة الدموية.,original
advice_guidance,يا دكتور، عندي بقع بيضاء (Pityriasis versicolor) ظهرت لي في ظهري ورقبتي بعد ما عمت في البحر، هل هي برص؟,لا ما تخافش، هذا موش برص، هذي 'فطريات' (Champignons) تجي من السخانة والعرق والرطوبة. تتسمى 'تنيّة'. استعمل 'شامبو' طبي (Ketoconazole) ادهن بيه البلايص وهوما شايحين وخليه 10 دقايق ومن بعد ادوش، وعاودها مدة أسبوع. لازمك تشيح بدنك مليح بعد كل دوش وتبدل حوايجك ديما.,original
advice_guidance,يا دكتور، عندي دم أحمر يخرج كي نمشي لبيت الراحة، ومعاها وجيعة و سطرة تقعد حتى بعد ما نخرج، زعمة مواسير؟,الدم الأحمر مع الوجيعة ينجم يكون 'مواسير' (Hémorroïdes) ولا 'جرح' (Fissure anale). لازمك تبعد على 'القبض' (Constipation) بأي طريقة: كُل الخضرة، الغلال، واشرب برشا ماء. استعمل مراهم مهدئة، وإذا الدم بقى يخرج برشا، لازم فحص عند طبيب مختص للتأكد اللي ما فماش سبب آخر لداخل.,original
advice_guidance,ولدي الصغير ديما يحك في خشمو وعينيه ديما يدمعوا ويحماروا كي يخرج للشارع ولا كي يمس قطوسة؟,هذي 'حساسية' (Allergie) واضحة، تنجم تكون من 'النوار' (Pollen) ولا من وبر الحيوانات. خشمو وعينيه هوما اللي يتأثروا الأولين. استعمل بخاخة ماء بحر لتنظيف الخشم وقطرات مهدئة للعين. حاول ابعده على مسببات الحساسية، وإذا قعد ينهج ولا يكح، لازم طبيب يشوفه لا تكون بداية 'ضيق' (Asthme).,original
advice_guidance,يا دكتور، وليت نشوف في ذبان طائر (Mouches volantes) ولا خيوط كحلة تتحرك قدام عيني كي نغزر للسماء ولا لحيط أبيض؟,هذي تسمى 'الذبابة الطائرة'. هي مجرد شوائب في السائل اللي داخل العين. في أغلب الحالات ماهيش خطيرة ومخك تو يستانس بيها. أما، إذا شفت 'فلاشات' ضوء قوية ولا 'ستارة' كحلة غطت لك الشوف، وقتها لازم تمشي للاستعجالي فوراً خوفاً من 'انفصال الشبكية' (Décollement de rétine).,original
advice_guidance,ركبتي تطقطق كي نطلع الدروج ووجيعتها تزيد خاصة كي نجي نصلي ونثني ساقي، هل هو نقص زيت؟,هذا ما يسمى 'احتكاك الركبة' (Arthrose). الغضروف اللي بين العظم بدأ يرهف. لازمك تنقص في الميزان باش تخفف الضغط على الركبة، وتعمل تمارين تقوية لعضلات الفخذ باش هي تهز البدن في عوض العظم. ابعد على 'التربيع' وقعدان القرفصاء برشا، واستعمل مسكنات ومراهم كي تقوى عليك الوجيعة.,original
advice_guidance,البول متاعي ولى غامق برشا (كيف التاي) ومعاه وجيعة في كرشي وعيني ولات صفراء؟,البول الغامق مع اصفرار العين علامة على وجود مشكل في 'الكبدة' ولا 'المرارة' (Ictère/Boutarfa). المادة الصفراء قاعدة تخرج في البول. لازم تعمل تحاليل كبدة (Bilan hépatique) وإيكو فوراً. ابعد على الماكلة اللي فيها برشا شحم، وما تأخذ حتى دواء من راسك خاطر الكبدة توة تعبانة ولازمها راحة وفحص طبي.,original
advice_guidance,نحس بـ ثقل كبير على صدري (Angine) كأنه فما بلاطة محطوطة فوقي، والوجيعة تطلع لفكّي وكتفي اليسار؟,هذي علامة 'ذبحة صدرية' ولازم تتعامل معاها بجدية قصوى. إذا الوجيعة جاتك وإنت تعمل في مجهود ولا حتى وإنت مرتاح، لازم تمشي للاستعجالي فوراً تعمل 'تخطيط قلب' (ECG) وتحليل أنزيمات. ما تعمل حتى مجهود، ارتاح واطلب الإسعاف، خاطر الدقائق الأولى هي اللي تمنع 'الجلطة' (Infarctus).,original
advice_guidance,عندي الشحم في الدم (Cholestérol) طالع برشا، والطبيب قالي لازمك ريجيم، شنوة ناكل وشنوة لا؟,الكلسترول العالي يحب 'الحركة' والماكلة الصحية. ابعد على 'المقلي'، 'الزبدة'، واللحوم الحمراء السمينة. كُل الحوت، وزيت الزيتونة (باعتدال)، وكثر من الخضرة والماكلة اللي فيها 'الألياف' كيف النخالة. 'المشي' السريع كل يوم يعاون بدنك باش يحرق الشحوم الخايبة ويطلع الشحوم الباهية (HDL).,original
advice_guidance,عندي وسواس (TOC) من النظافة، نغسل يديا 20 مرة في الساعة ونعاود نسكر الباب برشا مرات، تعبت؟,الوسواس القهري هو اضطراب يخلي المخ 'يتحصر' في فكرة وحدة وما يرتاح إلا كي يطبقها. هذا مرض كيميائي وموش قلة إيمان ولا ضعف شخصية. العلاج السلوكي (TCC) مع أدوية تعدل السيروتونين في المخ يعطيو نتائج ممتازة. لازمك تشوف مختص باش يعاونك تكسر 'الحلقة' المفرغة هذي وترجع تعيش حياتك عادي.,original
advice_guidance,يا دكتور، طلعت لي حبة (Bouton) كبيرة تحت الإبط توجع برشا، ومنفوخة وراسها أحمر، هل نعصرها باش تخرج القلق؟,رد بالك 'تعصرها' بيديك! هذي تسمى 'دبيلة' (Furoncle). العصر ينجم يدز الميكروب لداخل ويعملك تعفن في الدم. استعمل 'كمادات' ماء دافي باش تطيب وحدها وتتفتح، واستعمل مرهم (Pommade) فيه 'أنتي بيوتيك'. إذا تكررت برشا مرات في بلايص مختلفة، لازم تعمل تحليل سكر وتثبت في المناعة متاعك.,original
advice_guidance,ديما عندي غازات (Ballonnements) في كرشي، ونحس روحي منفوخ كأني بالـع كورة، وديما نترع برشا؟,كثرة الغازات تجي من 'ماكلة الزربة' (تبلع الهواء) ولا من أنواع معينة متاع ماكلة كيف الحمص، اللوبيا، والكرمب. جرب امضغ الماكلة مليح، وابعد على المشروبات الغازية و 'العلكة' (Chewing-gum). فما دواء فيه 'الفحم المنشط' (Charbon) يمتص الغازات ويريحك، وإذا القلق قعد، لازم تثبت لا يكون عندك 'جرثومة المعدة' (H. Pylori).,original
advice_guidance,يا دكتور، ساعات عيني ترف (Fasciculation de la paupière) وحدها، تقعد دقيقة وترجع، هل هي علامة فجع ولا عين؟,لا عين لا فجع، هذي تسمى 'رفة العين' وسببها علمياً هو 'التعب' (Fatigue) ولا كثرة المنبهات كيف القهوة والتاي، وساعات نقص في 'المغنيزيوم'. بدنك قاعد يقولك 'ارتاح'. ارقد مليح، نقص من الكافيين، وإذا طولت برشا، خوذ مكملات مغنيزيوم تو تمشي وحدها بالوقت.,original
advice_guidance,يا دكتور، وذني تصفر (Acouphènes) ديما، حس كأنه سافّارة ما تحبش تسكت، خاصة كي تبدأ الدنيا ساكتة؟,الصفير في الوذن عنده برشا أسباب: تنجم تكون وذنك مسكرة بالكلكار، ولا تعب في 'عصب السمع' بسبب الحس القوي (Les écouteurs). ابعد على الحس، ونقص من الملح والستريس. لازم تعمل 'تخطيط سمع' (Audiogramme) عند الطبيب باش يثبت في قوة السمع ويشوف هل فما دواء يحسن الدورة الدموية في الوذن ويخفف الصفير.,original
advice_guidance,ظهري مقوس (Scoliose) ونحس بكتف طالع على كتف، هل الحزام الكاسح يصلح العظم؟,الحزام وحده ما يصلحش التقوس، وساعات يضعف عضلات الظهر أكثر. السكوليوز لازمها تشخيص بـ 'الراديو' باش نعرفوا درجة الميلان. الحل الأحسن هو 'العلاج الطبيعي' (Kinésithérapie) لتقوية العضلات اللي شادة العمود الفقري، والسباحة باهية برشا. إذا التقوس كبير، الطبيب المختص هو اللي يقرر نوع 'الكرسي' (Corset) ولا التدخل اللازم.,original
advice_guidance,عندي حرقان قوي كي نجي نبول، ونحس روحي ديما مزصور (Urgence) نخرج كان قطرات ويوجعوني؟,هذا 'تعفن في المسالك البولية' (Infection urinaire). لازمك تشرب برشا ماء (أكثر من 2 لتر) باش تنظف المثانة، وتعمل 'تحليل بول' (ECBU) باش نعرفوا نوع الجرثومة ونعطيوك 'الأنتي بيوتيك' المناسب. ما تسكتش عليها خاطر الميكروب ينجم يطلّع لـ 'الكلاوي' ويعمل مشاكل أكبر.,original
advice_guidance,يا دكتور، عندي الغدة الدرقية (Thyroïde) منفوخة، ونحس في روحي نرجف وديما عرقان ونقصت في الميزان برشا؟,هذي علامات 'فرط نشاط الغدة' (Hyperthyroïdie). الغدة قاعدة تخدم أكثر من اللازم وتسرع في بدنك الكل. لازم تعمل تحليل (TSH) وإيكو فوراً. فما أدوية تعدل الخدمة متاعها وترجعلك بدنك لنسقه العادي. ابعد على الستريس والقهوة توة لين تتعدل الهرمونات، وتبع مع طبيب مختص.,original
advice_guidance,أول ما نأكل الحوت ولا الڨنارية، بدني الكل يتحبب (Urticaire) ويولي يحك فيا ويحمار، شنوة نعمل؟,هذي 'حساسية ماكلة'. بدنك يعتبر البروتين هذا عدو ويخرج 'الهيستامين'. في الحالات هذي، لازمك تبعد على الماكلة اللي تقلقك كومبليتمون. إذا شفت شفايفك تنفخوا ولا بدأت تتخنق، لازم تمشي للاستعجالي فوراً. خوذ 'أنتي هيستامين' (Antihistaminique) باش تهدي الحكاية، واستحفظ على روحك.,original
advice_guidance,يا دكتور، راسي يوجع فيا كأنه مربوط بمحرمة وكابس عليا من الجهتين (Tension headache)، خاصة كي نتعب؟,هذا 'صداع التوتر'. سببه موش مرض في الراس، بل عضلات الرقبة والراس اللي تتكبس بسبب 'الستريس' ولا قعدة غالطة قدام الكمبيوتر. خوذ مسكن بسيط (Paracétamol)، واعمل مساج خفيف لرقبتك، وحاول ارقد في وقت منظم. إذا الوجيعة ولات معاها دوار ولا تقيؤ، وقتها لازم فحص أعمق.,original
advice_guidance,ولدي عمره 6 شهور، بدأت نأكل فيه، أما ديما عنده قبض (Constipation) ويقعد بالأيام ما يمشيش لبيت الراحة؟,هذا عادي كي يبدأ الصغير يكتشف الماكلة. كثر له من 'الماء' وعطيه 'عصير البرڨودو' (Pruneaux) ولا القرع الأحمر المطبوخ خاطر فيهم ألياف. اعمل له مساج خفيف لكرشه في اتجاه عقارب الساعة. ابعد على استعمال 'الشميعات' (Suppositoires) ديما باش المصران ما يعكزش ويستانس يخدم وحده.,original
advice_guidance,عيني ولات شايحة (Sécheresse oculaire) وتحرق فيا كأنه فيها رمل، خاصة كي نقعد برشا قدام التلفون؟,هذا بسبب نقص الدموع ولا 'التبخر' السريع متاعها خاطر ما نغمضوش عينينا برشا قدام الشاشات. استعمل 'دموع اصطناعية' (Larmes artificielles) تتباع في الصيدلية باش ترطب العين. طبق قاعدة 20-20-20: كل 20 دقيقة، اغزر لبعيد (6 أمتار) لمدة 20 ثانية باش تريح عينك وتنقص من الجفاف.,original
advice_guidance,ظهري يوجع فيا الوجيعة الهابطة (Sciatique)، نحس بـ تريسيتي ماشية من فخذي حتى لصوابع ساقي؟,هذا عرق 'السكياتيك' مقروص، والأغلب سببه 'عرقوب' (Hernie discale) ضاغط على العصب. لازمك الراحة في الأول، وابعد على هزّان الرزين. خوذ أدوية مضادة للالتهاب ومرخيات عضلات. إذا حسيت بـ 'فشل' في ساقك ولا ما عادش تتحكم في البول، لازم تمشي للاستعجالي فوراً خاطر الحالة تولي استعجالية.,original
advice_guidance,يا دكتور، نلقى ساعات دم (Hématurie) في البول، أما ما عندي حتى وجيعة، هل هي حاجة تخوف؟,الدم في البول من غير وجيعة لازم يتم التحري فيه بجدية، خاصة عند الكبار ولا اللي يتكيفوا. لازم تعمل 'إيكو' وتحليل بول، وساعات الطبيب يطلب 'منظار' (Cystoscopie) للنبّالة (المثانة) للتأكد اللي ما فماش 'ولسيسة' ولا لحمة قاعدة تسيل بالدم. ما تستنىش لين ترجع لك، امشي ثبت من توة.,original
advice_guidance,ديما عندي الفشل وراسي يدور كي ناقف فجأة، ونحس تنسيوني طايحة، شنوة نعمل؟,هذا يتسمى 'هبوط ضغط وضعي' (Hypotension orthostatique). الدم ما يطلّعش للمخ بسرعة كي تتبدل وضعيتك. جرب 'اقف بالسياسة' (عقد مرحلتين)، اشرب الماء برشا، وزيد شوية ملح في ماكلتك إذا كانت تنسيونك ديما طايحة. إذا الدوخة تجيك معاها 'غيبة على الوعي'، لازم تخطيط قلب وفحص أعصاب.,original
advice_guidance,يا دكتور، نحب نسمن (Prise de poids) جربت كل شيء وما نفعش، وبدني ديما ضعيف، هل فما سيرو يحل الشهية؟,قبل السيرو، لازم نثبتوا لا يكون عندك 'فقر دم'، 'ديدان'، ولا 'غدة' تخدم برشا. الضعف الزايد ينجم يكون طبيعة بدن، أما إذا تحب تسمن بطريقة صحية، ركز على الماكلة اللي فيها سعرات حرارية عالية ومفيدة كيف المكسرات، زيت الزيتونة، والعسل. العب سبور باش تبني 'عضلات' موش شحم، وابعد على الخلطات المجهولة.,original
advice_guidance,عندي فم معدة يوجع فيا برشا كي نأكل الحار ولا القارص، ونحس بـ ثقل كأني هاضم حجرة؟,الوجيعة هذي تسمى 'التهاب المعدة' (Gastrite). المعدة بدأت تتحسس من الأسيد. لازم تبعد كومبليتمون على الحار، القارص، المشروبات الغازية، و 'الأسبرين'. جرب كُل وجبات صغيرة ومنظمة. إذا الوجيعة معاها 'فشل' ولا الميزان قاعد يطيح، لازم تعمل 'تحليل الجرثومة' (H. Pylori) ومنظار باش ترتاح بصفة نهائية بدواء مناسب.,original
advice_guidance,يا دكتور، ساعات لساني يثقل (Dysarthrie) وما نجمش نخرج الكلمة صحيحة، وتحس وجهي تعوج شوية ومن بعد يرجع؟,هذي علامة 'إنذار' قوية برشا تسمى 'جلطة عابرة' (AIT). حتى لو كان الحالة مشات ورجعت لاباس، راهو فما عرق في المخ تسكر وتحل. لازم تمشي للاستعجالي فوراً تعمل 'سكانير' ولا IRM. ما تستناش غدوة، خاطر الجلطة الكبيرة تنجم تجي في أي لحظة. السكوت في الحالة هذي يمثل خطر على حياتك.,original
advice_guidance,بنتي عمرها عامين، ديما تحك في مخرجها (Anus) خاصة في الليل، وترقد قلقة برشا، زعمة ديدان؟,إي نعم، هذي علامات 'الديدان' (Oxyures). يخرجوا في الليل باش يبيضوا وهذاك علاش الحكة تزيد في الليل. لازم تعطيها دواء للديدان (مرتين، بيناتهم جمعتين)، ولازم 'العايلة الكل' تشرب الدواء معاها باش ما تعديوهاش مرة أخرى. اغسل الأغطية والحوايج بماء سخون وقص لها ضوافرها مليح باش ما تهزش العظم تحتهم.,original
advice_guidance,خشمي ديما مسكر (Nez bouché) ونشخر في الليل، وديما عندي بلغم (Mucus) هابط في قراجمي، هل هي حساسية؟,تنجم تكون حساسية، أما زادة تنجم تكون 'اعوجاج في الحاجز الأنفي' (Déviation de la cloison) ولا 'لحمات' (Polypes). البلغم اللي يهبط التالي يعمل لك كحة شايحة وقلق. استعمل 'ماء البحر' ديما باش تنظف، وإذا الحالة متواصلة، لازم طبيب (ORL) يثبت بالمنظار الصغير باش يعرف هل تستحق بخاخة فيها 'كورتيكويد' ولا تدخل آخر.,original
advice_guidance,يدي تتنمّل (Fourmillements) عليا في الليل، خاصة الثلاث صوابع الأولين، ونضطر باش نفضها باش ترتاح؟,هذا يسمى 'انحصار العصب في المعصم' (Canal carpien). العصب مضغوط في الرسغ. ابعد على الحركات المتكررة باليد وقعدة الكمبيوتر الغالطة. جرب البس 'جبيرة' (Attelle) في الليل باش تخلي المعصم شايح. إذا التنميل ولى معاه 'فشل' في اليد وما عادش تنجم تشد الحاجات، وقتها لازم عملية بسيطة تسرح العصب.,original
advice_guidance,قلبي يخبط برشا (Palpitations) وساعات نحس بـ دقة زايدة تقلقني، هل هو مرض في القلب؟,خبطان القلب سببه في أغلب الأحيان 'الستريس'، كثرة القهوة، ولا نقص 'المغنيزيوم'. أما لازم نثبتوا لا يكون فما 'أنيميا' (فقر دم) ولا قلق في 'الغدة'. ابعد على المنبهات وارقد مليح. إذا الدقات الزايدة معاها 'دوخة' ولا 'فشل'، لازم تعمل تخطيط قلب (ECG) وساعات 'هولتر' (Holter) باش نثبتوا في دقاتك لمدة 24 ساعة.,original
advice_guidance,يا دكتور، بدأت نعمل في السبور ونحب نعرف شنوة أحسن وقت للماكلة، قبل ولا بعد؟,إذا تحب 'تحرق الشحم'، السبور على الريق (بشرط ما عندكش سكر) باهية. أما الأهم هو 'بعد السبور': لازم تأكل بروتين (عظم، حوت، دجاج) باش تبني العضلات، وشوية سكريات معقدة (روز، مقرونة) باش ترجع الطاقة. اشرب الماء بالباهي قبل، خلال، وبعد الحصة باش ما يجيكش 'تشنج عضلي' (Crampes).,original
advice_guidance,عندي فوبيا (Phobie) من الأماكن المغلقة، ما نجمش نركب في الأسنسور ولا الكار كي تبدأ معبية؟,هذا يسمى 'رهاب الأماكن المغلقة' (Claustrophobie). هو نوع من اضطراب القلق. مخك يبعث إشارة خطر في بلاصة عادية. العلاج بالتعرض التدريجي (Thérapie d'exposition) مع مختص نفسي يعطي نتائج هايلة. تعلم كيفاش تتحكم في 'نفسك' كي تجيك الأزمة، وتفكر اللي هي مجرد فكرة في مخك وماهيش خطر حقيقي.,original
advice_guidance,كيفاش نتعلم ناجعاً وما ننساش اللي تعلمته؟,تعلم ناجع يعتمد على ثلاث تقنيات علمياً مثبتة. الأولى: التعلم المتباعد (Spaced Repetition) — بدل ما تذاكر 5 ساعات في يوم واحد، ذاكر كل يوم 30 دقيقة. موخك يحفظ أحسن بهذه الطريقة. الثانية: استرجاع المعلومة (Active Recall) — بدل ما تقرأ فقط، اغلق الكتاب وحاول تتذكر شنوة قريت. هذا يرسّخ المعلومة. الثالثة: تقنية فاينمان — اشرح اللي تعلمته بلغة بسيطة كيما تشرحو لطفل. إذا ما قدرتش تشرحو، يعني ما فهمتوش مزيان. كمان، النوم مهم جداً — موخك يرسّخ المعلومات وقت النوم، فما تسهرش على حساب النوم باش تذاكر أكثر.,original
advice_guidance,كيفاش نسافر في تونس بميزانية محدودة؟,السفر في تونس بميزانية محدودة ممكن جداً إذا خططت مزيان. على مستوى الإقامة، الـ auberges de jeunesse (بيوت الشباب) والـ Airbnb خيارات رخيصة وباهية. على مستوى التنقل، اللواجات والكار أرخص بكثير من التاكسي ولا كراء كرهبة. للأكل، المطاعم الشعبية وكفتيريات الأحياء تعطيك أكل بنين بثمن معقول. خطط رحلتك مسبقاً وحجز التذاكر بكري يوفر عليك. الجهات الداخلية كالقيروان ودوز وتوزر رائعة وأرخص بكثير من المناطق السياحية على الساحل.,original
advice_guidance,شنوّة أحسن تمارين للأرجل؟,يوم الأرجل من أهم الأيام وأكثرها إهمالاً! Squat هو الملك بلا منازع — يخدم على الفخذ والعجيزة والظهر السفلي. Leg Press بديل باهي للي عنده مشكل في الظهر. Lunges تمرين ممتاز يبني التوازن والقوة. Leg Curl للـ hamstrings (عضلات الفخذ الخلفية) اللي برشا ناس ينساوها. Calf Raises للساقين — خوذ وقتك فيها على خاطر عضلة الساق صعيبة في التطوير. الأرجل يستحقوا يومين في الأسبوع لأنهم الجزء الأكبر من الجسم، وتدريبهم يرفع مستوى التستوستيرون في البدن كامل.,original
advice_guidance,كيفاش نبني عضل بسرعة؟,بناء العضل يحتاج ثلاثة عناصر: تدريب صح، تغذية مناسبة، ونوم كافي. على مستوى التدريب، اشتغل بمبدأ التحميل التدريجي (Progressive Overload) — زيد الوزن ولا عدد التكرارات كل أسبوع. على مستوى التغذية، البروتين هو الأساس: 1.6 إلى 2.2 غرام لكل كيلو من وزنك يومياً. مصادر البروتين: دجاج، بيض، تن، لبن، حوت. الكاربوهيدرات ضرورية زادة — تعطيك الطاقة للتدريب. وعلى مستوى النوم، 7-9 ساعات لازمة على خاطر هرمون النمو يُفرز وقت النوم. والصبر مهم: بناء عضل حقيقي ياخذ وقت.,original
task_oriented,كيفاش نتعلم البرمجة من الصفر؟,تعلم البرمجة من الصفر رحلة ممتعة إذا بدأت بالطريقة الصحيحة. أول حاجة، اختار لغة برمجة مناسبة للمبتدئين — Python هي الأنسب على خاطر كودها بسيط وقريب للغة الإنجليزية. ثانياً، اتعلم الأساسيات: المتغيرات (Variables)، الشروط (Conditions)، الحلقات (Loops)، والدوال (Functions). ثالثاً، ما تتعلمش نظري فقط — طبّق كل ما تتعلمه ببناء مشاريع صغيرة. رابعاً، استخدم موارد مجانية ممتازة كـ freeCodeCamp، CS50 من هارفرد، ولا YouTube. خامساً، انضم لمجتمعات المبرمجين. التعلم المستمر كل يوم شوية أفضل من الدراسة المكثفة في وقت قصير.,original
task_oriented,شنوّة الفرق بين threading و multiprocessing في Python؟,الفرق بين threading و multiprocessing أساسي في Python. بسبب الـ GIL (Global Interpreter Lock)، الـ threading ما يعطيكش توازي (parallelism) حقيقي للكود — الثريدات تتشارك نفس الذاكرة اما ما يخدموش مع بعضهم في نفس الوقت بالحق. threading باهي للمهام اللي تستنى برشا (I/O-bound) كيف التعامل مع الملفات ولا الشبكة. أما multiprocessing فيشغّل عمليات مستقلة، كل وحدة عندها ذاكرتها الخاصة، ويستغل كل قلوب المعالج (CPU cores) — مناسب للمهام اللي فيها حسابات ثقيلة (CPU-bound).,original
task_oriented,كيفاش نبني workflow في GitHub Actions للـ CI/CD؟,"GitHub Actions يسمح لك بأتمتة عمليات البناء والاختبار والنشر مباشرة من المستودع (Repo). الـ workflow يتعرّف بملف YAML في مجلد .github/workflows/. هيكله الأساسي: 'on' يحدد متى يشتغل (push, pull_request)، 'jobs' يحدد المهام، و'steps' خطوات كل مهمة. مثال بسيط لـ CI: عند كل push على main، يشغّل اختبارات Python تلقائياً. تنجم تزيد خطوات للنشر على AWS ولا غيرها. الـ secrets (كيف كلمة السر) تتخزن بأمان في إعدادات GitHub وما تتكتبش مباشرة في الكود.",original
task_oriented,كيفاش نحل مشكلة Dynamic Programming؟,Dynamic Programming (DP) يظهر صعيب اما فيه منهج واضح. أول حاجة، تأكد هل المشكلة فيها overlapping subproblems (نفس المسائل الصغيرة تتكرر) وياخي فيها optimal substructure؟ ثانياً، ابدأ بحل تكراري (recursive) بسيط وزيدو memoization (تخزين النتائج المحسوبة) — هذا يسمى Top-Down. ثالثاً، للحل الأكثر كفاءة، حوّلو لـ Bottom-Up باستخدام جدول (Table). الخطوات العملية: عرّف الحالة (State)، عرّف الانتقال (Transition) بين الحالات، حدد الحالة الأساسية (Base case)، واملأ الجدول.,original
student_life,كيفاش أتعلم لغة جديدة بسرعة؟,تعلم لغة جديدة بسرعة يعتمد على الانغماس والممارسة. أول حاجة، ذاكر 20-30 دقيقة كل يوم خير من 3 ساعات في الأسبوع. استخدم تطبيقات كيف Duolingo وAnki لحفظ الكلمات. ثانياً، اسمع اللغة برشا — مسلسلات، بودكاست، ولا موسيقى. الأذن تتعلم قبل اللسان. ثالثاً، ابدأ تكلم من اليوم الأول حتى لو بكلمات قليلة — الغلط جزء من التعلم. رابعاً، تعلم جمل كاملة في سياقها مش كلمات منفردة. وخامساً، لو تنجم، لوّج على شكون لغته الأم هي اللي تتعلم فيها واحكي معاه.,original
student_life,كيفاش نستعد لامتحان INSAT وإيه أحسن نصيحة؟,الدخول لـ INSAT يتطلب استعداد جاد. المواد الأساسية هي الرياضيات والفيزياء. للرياضيات: ركّز على التحليل والجبر الخطي. للفيزياء: الميكانيك والكهرباء. الطريقة الأنجع هي حل أسئلة امتحانات سابقة (Concours) من سنوات مختلفة — هذا يعطيك فكرة على طريقة الأسئلة. حاول تراجع مع أصحابك — الشرح لبعضكم يثبّت المعلومة. ولا تنسى الراحة والنوم — البدن المتعب ما ينتجش في الامتحانات.,original
advice_guidance,شنوّة البيتكوين وكيفاش نشري منه في تونس؟,البيتكوين هو عملة رقمية لامركزية تخدم بتقنية البلوك تشين (Blockchain). في تونس، شراء البيتكوين رسمياً فيه تعقيدات بسبب قوانين الصرف. الطريقة المستعملة هي منصات عالمية كيف Binance، والدفع يكون ببطاقة دولية ولا عبر وسطاء (P2P). تذكر دائماً: البيتكوين سعره يتبدل برشا وبسرعة (Volatility). ما تستثمرش فلوس ما تنجمش تتحمل خسارتها، واقرأ مليح قبل ما تدخل في هذا المجال.,original
general_knowledge,شنوّة هو الذكاء الاصطناعي وكيفاش يخدم؟,الذكاء الاصطناعي (AI) هو قدرة الآلات والبرامج على محاكاة الذكاء البشري. يخدم عن طريق خوارزميات تتعلم من كميات هائلة من البيانات (Data). مثلاً، باش البرنامج يعرف التصويرة فيها قطوس، لازم يشوف ملايين التصاور لقطاطس قبل. فما أنواع كيف الـ Machine Learning (التعلم الآلي) والـ Deep Learning (التعلم العميق). تطبيقاته توة في كل بلاصة: من تيك توك لليوتيوب، وصولاً لبرامج كيف ChatGPT.,original
general_knowledge,كيفاش يخدم الـ VPN ولوعلاش يستعملوه؟,"الـ VPN (شبكة افتراضية خاصة) يعمل ""نفق"" مشفر بين جهازك والإنترنت. هو يخبي عنوان الـ IP متاعك الحقيقي ويخليك تبان كأنك متصل من بلاد أخرى. يستعملوه للخصوصية باش حتى حد ما يعرف شنوة قاعد تعمل، وللوصول لمواقع ولا خدمات محجوبة في بلاد معينة (كيف أفلام نيتفليكس اللي موجودة في أمريكا وميش في تونس)، ولحماية البيانات وقت تستعمل واي فاي عمومي (في قهوة مثلاً).",original
task_oriented,كيفاش نحل مشكلة في Python: هل العدد n قوة للعدد 3؟,"تنجم تحلها بطريقة بسيطة (Loop) ولا رياضية. بالـ Loop:
```python
if n <= 0: return False
while n % 3 == 0:
    n //= 3
return n == 1
```
أو بطريقة أسرع باستخدام اللوغاريتم: إذا كان لوغاريتم n للأساس 3 هو عدد صحيح، إذن n هو قوة للـ 3. في Python تنجم تستعمل `log` من مكتبة `math`. رُد بالك من مشاكل الدقة في الأعداد العشرية (Floating point errors).",original
advice_guidance,كيفاش نلوّج على خدمة ونحسن ملفي المهني؟,لوّج في المواقع المعروفة في تونس كيف LinkedIn و Tanitjobs. باش تحسن ملفك، الـ CV لازم يكون واضح ومنظم، وركز فيه على الإنجازات مش فقط لي تاش. LinkedIn مهم برشا توة، كمل البروفايل متاعك بكلمات مفتاحية (Keywords) تخص اختصاصك باش يلقاوك الـ Recruiters. حاول تعمل Networking، احكي مع ناس في نفس مجالك. وفي كل تقديم، عدل الـ CV متاعك باش يناسب الخدمة اللي مقدم عليها بالضبط.,original
advice_guidance,شنوّة أفضل مجالات العمل الحر (Freelance) في تونس؟,الـ Freelance في تونس ماشي ويكبر. أحسن المجالات المطلوبة هي البرمجة، التصميم الجرافيكي (Graphic Design)، التسويق الرقمي، والترجمة. فما زادة كتابة المحتوى وإدارة صفحات السوشيال ميديا. تنجم تبدأ في مواقع عالمية كيف Upwork وFiverr. المهم هو يكون عندك Portfolio (معرض أعمال) باهي يوري شنوّة تنجم تعمل. الصعوبة الوحيدة هي خلاص العملات الأجنبية، اما فما حلول كيف الكارط التكنولوجية ولا حسابات بنكية معينة.,original
advice_guidance,شنوّة هو الـ Blockchain وكيفاش يخدم؟,"البلوك تشين (Blockchain) هو قاعدة بيانات رقمية، لكنها مش موجودة في بلاصة واحدة، بل موزعة على آلاف الحواسيب. تخيلها ""كناش"" كبير كل الناس عندهم نسخة منه، وأي معلومة تتكتب فيه ما تنجمش تتمسح ولا تتبدل. المعلومات تتخزن في ""كتل"" (Blocks) مرتبطة ببعضها بسلسلة مشفرة. هذي التقنية هي اللي خلات العملات الرقمية كيف البيتكوين ممكنة لأنها تضمن الأمان من غير الحاجة لبنك ولا وسيط.",original
task_oriented,كيفاش أتعلم التصميم الجرافيكي؟,ابدأ بتعلم المبادئ الأساسية: الألوان، الخطوط، والتوازن في التصميم. بعد خوذ فكرة على البرامج الأساسية كيف Photoshop (للصور) وIllustrator (لللوغوات). توة فما زادة Figma وهو ممتاز وساهل. تفرج في دروس على اليوتيوب وطبق مباشرة. حاول تقلد تصاميم تعجبك في الأول باش تتعلم التقنيات، وبعد ابدأ اصنع ستايلك الخاص. التغذية البصرية مهمة برشا، يعني تفرج برشا في أعمال مصممين عالميين في مواقع كيف Behance.,original
task_oriented,كيفاش نبدأ تعلم Deep Learning؟,الـ Deep Learning هو جزء متقدم من الذكاء الاصطناعي. قبل ما تبدأ، لازم يكون عندك أساس باهي في Python والرياضيات (خاصة المصفوفات والإحصاء). ابدأ بتعلم الـ Neural Networks (الشبكات العصبية) وكيفاش تخدم. استخدم مكتبات مشهورة كيف TensorFlow ولا PyTorch. أحسن كورس للمبتدئين هو كورس Andrew Ng على Coursera. طبق اللي تعلمته على بيانات حقيقية موجودة في موقع Kaggle.,original
task_oriented,شنوّة مفهوم الـ Transformer في الذكاء الاصطناعي؟,"الـ Transformer هو معمارية (Architecture) في الذكاء الاصطناعي هي اللي عملت ثورة في معالجة اللغات (NLP). قبلها كانت البرامج تقرأ الجملة كلمة كلمة بالترتيب، اما الـ Transformer يستعمل حاجة تسمى ""Attention Mechanism"" تخليه يشوف الجملة كاملة فرد وقت ويفهم العلاقة بين الكلمات مهما كانت بعيدة على بعضها. هذي المعمارية هي الأساس اللي تبنات عليه برامج كيف GPT وBERT.",original
student_life,شنوّة هو الـ Few-Shot Learning وكيفاش يفيد في الذكاء الاصطناعي؟,الـ Few-Shot Learning هو قدرة نموذج الذكاء الاصطناعي على تعلم مهمة جديدة من عدد قليل برشا من الأمثلة (مثال ولا زوز). في العادة، النماذج تستحق آلاف البيانات، اما بفضل الـ Few-Shot، تنجم تعطي لـ ChatGPT مثلاً زوز أمثلة لكيفاش تحب يجاوب، وهو يفهم النمط طول ويطبقوا. هذا يوفر برشا وقت وجهد في تدريب النماذج على مهام خاصة ومحددة.,original
task_oriented,كيفاش نتعامل مع stress الـ data science بنجاعة؟,"الـ Data general_knowledge فيه برشا ضغط بسبب التوقعات العالية والبيانات اللي ساعات تكون مش واضحة. باش تنجح، لازمك تقسم المشروع لخطوات صغيرة (EDA, Cleaning, Modeling). ما تحاولش توصل لنموذج مثالي (Perfect Model) من الأول، ابدأ بـ Base model وحسنه بالتدريج. التواصل مع الـ Stakeholders مهم برشا باش تفهم الطلب وتوضح الإمكانيات. وأخيراً، تعلم تأخذ استراحات؛ ساعات كي تبعد على الكود، الحل يجيلك وحدك.",original
task_oriented,شنوّة هو الفرق بين لغة Go وPython وكيفاش تختار بينهم؟,Python هي ملكة السهولة، ممتازة للذكاء الاصطناعي، علم البيانات، والـ Scripting السريع. مكتباتها برشا ومجتمعها كبير. أما Go فهي مصممة للأداء العالي (Performance) والتعامل مع العمليات المتوازية (Concurrency). Go أسرع ببرشا من Python في التنفيذ وتستهلك موارد أقل. الاختيار ساهل: إذا تخدم AI ولا تحب تطور حاجة بسرعة، Python. إذا تبني Microservices ولا أنظمة تستحق سرعة كبيرة وتحمل ضغط، Go هي الأنسب.,original
advice_guidance,كيفاش نحافظ على صحة أسناننا؟,صحة الأسنان تبدأ بـ 3 حاجات: غسلان السنين مرتين في النهار (خاصة قبل النوم)، استعمال خيط الأسنان مرة في النهار، وزيارة الطبيب كل 6 أشهر للتنظيف (Détartrage). نقص من السكر والمشروبات الغازية اللي تأكل المينا. إذا تحس بوجع ولا دم وقت تغسل سنينك، ما تستناش، امشي للطبيب طول. تذكر اللي وجع السنين ينجم يأثر على صحة القلب والجسم كامل، هذاكا علاش ما تستهونش بيها.,original
student_life,شنوّة أفضل تطبيقات ومواقع للتعليم الذاتي؟,توة تنجم تتعلم أي حاجة وحدك. Coursera و edX يعطيوك دروس من أكبر جامعات العالم. Udemy باهية لتعلم مهارات تطبيقية (برمجة، تصميم). Khan Academy ممتازة للرياضيات والعلوم للمستويات الكل. للغات، Duolingo و Memrise. وما تنساش YouTube هو أكبر مكتبة تعليمية مجانية في العالم. السر في التعليم الذاتي هو الانضباط؛ خصص وقت ثابت كل يوم حتى لو نص ساعة، والتزم بيه.,original
advice_guidance,شنوة هي أعراض الإرهاق الكامل  وكيفاش نتجنبه؟,"الـ Burnout هو نتيجة ضغط الخدمة المستمر. أعراضه: تحس روحك ديما فاشل، ما عندكش رغبة تخدم، عصبي برشا، ومشاكل في النوم. باش تتجنبه، لازم تحط حدود واضحة: وقت الخدمة للخدمة، ووقت الدار للراحة. تعلم تقول ""لا"" للمهام اللي تفوق طاقتك. خوذ إجازات دورية حتى لو قصيرة. إذا تحس روحك دخلت في الـ Burnout، أحسن حاجة هي التوقف لفترة ومراجعة أولوياتك، وممكن تحكي مع مختص.",original
task_oriented,كيفاش نتعلم الأمن السيبراني (task_oriented) من الصفر؟,"الأمن السيبراني يبدأ بفهم كيفاش تخدم الحواسيب والشبكات. تعلم أساسيات الـ Networking (TCP/IP, DNS) وأساسيات أنظمة التشغيل (خاصة Linux). بعد تعلم لغة برمجة كيف Python. تنجم تبدأ بـ منصات كيف TryHackMe ولا HackTheBox، هذي تعطيك بيئة تطبيقية ساهلة للمبتدئين. هذا الميدان يحب القراءة والتحيين المستمر على خاطر الثغرات تتبدل كل يوم. الأهم هو تعلم الجانب الأخلاقي والقانوني.",original
advice_guidance,كيفاش نتحضر لأول رحلة خارج تونس؟,أول سفرة خارج البلاد لازمها تنظيم. ثبت في صلاحية الباسبور (لازم أكثر من 6 أشهر). لوّج على الفيزا إذا البلاد تطلبها. احجز الطيارة والأوتيل بكري باش ترخص التكلفة. اعمل تأمين سفر (Assurance Voyage) ضروري. خوذ فكرة على العملة وكيفاش تصرف (Allocation Touristique). حمل تطبيقات تعاونك كيف Google Maps وTripadvisor. وأهم حاجة، اقرأ على ثقافة البلاد اللي ماشي ليها باش تعرف كيفاش تتصرف وتحترم قوانينهم.,original
general_knowledge,كيفاش يشتغل الـ Quantum Computing؟,"الحوسبة الكمومية (Quantum Computing) تختلف كومبليتمون على الحواسيب العادية. الحاسوب العادي يخدم بـ Bits (0 ولا 1). الحاسوب الكمومي يخدم بـ Qubits، اللي تنجم تكون 0 و 1 في نفس الوقت بفضل خاصية تسمى ""Superposition"". هذا يخليه يقدر يعمل ملايين العمليات الحسابية المعقدة في وقت قصير برشا مقارنة بأقوى Supercomputer موجود توة. هذي التقنية باش تعمل ثورة في تشفير البيانات، صناعة الأدوية، والذكاء الاصطناعي في المستقبل القريب.",original
task_oriented,كيفاش نعمل REST API بسيط؟,"بناء REST API ساهل، تنجم تستعمل Python مع Flask ولا FastAPI. الهيكل الأساسي هو إنك تعمل Endpoints (روابط) تتعامل مع طرق الـ HTTP: 
- GET: باش تجيب بيانات.
- POST: باش تبعث بيانات جديدة.
- PUT: باش تبدل بيانات موجودة.
- DELETE: باش تفسخ.
البيانات في العادة تتبادل بصيغة JSON. مثال بـ Flask:
```python
@app.route('/api/data', methods=['GET'])
def get_data():
    return jsonify({""message"": ""Hello World""})
```
هذا الكود يرجع رسالة بسيطة وقت تطلب الرابط.",original
task_oriented,شنوّة هو Large Language Model وكيفاش تختار المناسب لمشروعك؟,الـ LLM هو نموذج ذكاء اصطناعي مدرب على بلايين الكلمات باش يفهم ويولد نصوص كيف البشر (كيف GPT-4 ولا Claude). باش تختار لمشروعك، ثبت في 3 حاجات: 1. التكلفة (API Cost). 2. السرعة (Latency). 3. الأداء في المهمة متاعك (مثلاً كتابة كود ولا ترجمة). إذا عندك بيانات حساسة، ممكن تستعمل نماذج مفتوحة المصدر (Open Source) كيف Llama وتخدمها عندك. المهم هو تجرب (Benchmark) النماذج على أمثلة من خدمتك قبل ما تقرر.,original
advice_guidance,كيفاش تأثير سوشيال ميديا على الشباب التونسي؟,"السوشيال ميديا سلاح ذو حدين. من ناحية، خلت الشباب يتواصل مع العالم، يتعلم مهارات جديدة، ويسوق لخدماته. اما من ناحية أخرى، زادت من ظاهرة المقارنة الاجتماعية اللي تتعب النفسية، ونشرت برشا أخبار غالطة (Fake News). برشا شباب توانسة توة ولاو يلوجوا على ""الربح السريع"" والشهرة الفارغة. الحل هو الوعي الرقمي؛ لازم نعرفوا وقتاش نسكروا التليفون ونفرقوا بين الحقيقة وبين المظاهر اللي نشوفوها في الشاشة.",original
advice_guidance,كيفاش نطور مهاراتي في Data Science؟,"تطوير مهاراتك في علم البيانات يحتاج مثلث: برمجة، رياضيات، وفهم للمجال (Domain Knowledge). اتقن Python والمكتبات الأساسية (Pandas, Scikit-Learn). تعلم كيفاش تعمل تنظيف للبيانات (Data Cleaning) لأنها تاخذ 80% من الوقت. ادخل لموقع Kaggle وشارك في مسابقات ولا تفرج في كود غيرك. تعلم زادة كيفاش تعرض نتائجك (Data Visualization) بطريقة مفهومة للناس اللي مش تقنيين. والأهم، ابني مشاريع خاصة بيك وحطها في GitHub باش توري شنوّة تنجم تعمل.",original
task_oriented,نحب نتعلم الـ Cybersecurity، منين نبدأ؟,ابدأ بالـ Networking (الشبكات) والـ Linux. لازم تفهم كيفاش الأنظمة تتواصل مع بعضها قبل ما تحاول تحميها.,original
task_oriented,شنية أحسن لغة برمجة للـ AI توة؟,Python هي الملكة في المجال هذا بفضل المكتبات كيف PyTorch و TensorFlow، وسهولة التعامل مع البيانات.,original
task_oriented,الـ Cloud Computing فيه مستقبل في تونس؟,مستقبل كبير برشة، أغلب الشركات قاعدة تحول في الـ Servers متاعها للـ AWS و Azure، والطلب على الـ Cloud Engineers ماشي ويزيد.,original
task_oriented,كيفاش نختار بين React و Angular؟,إذا تحب حاجة خفيفة وسهلة في التعلم، React خير. إذا تخدم في مشروع شركة كبير ومعقد، Angular توفرلك هيكلة أقوى.,original
task_oriented,الـ Freelance في تونس صعيب؟,الصعوبة الوحيدة هي خلاص الـ Devise، أما كخدمة، المنصات كيف Upwork و Fiverr محلولين للناس الكل اللي عندهم صنعة في يديهم.,original
task_oriented,شنية الـ Docker وفاش ينفعني؟,هو وسيلة باش تحط الـ App متاعك في Container يخدم في أي بلاصة بنفس الطريقة، باش ترتاح من مشكلة تخدم عندي وما تخدمش عندك.,original
task_oriented,كيفاش نحمي الـ Site متاعي من الـ SQL Injection؟,استعمل ديما الـ Prepared Statements وابعد على حطان الـ Input متاع الـ User مباشرة في الـ Query.,original
task_oriented,الـ ChatGPT باش ينحي خدمة المبرمجين؟,لا، باش ينحي خدمة المبرمج اللي ما يعرفش يستعمل الـ AI. هو أداة تعاونك تخدم أسرع، موش بديل ليك.,original
everyday_conversation,نحب نسافر لتركيا، لازم فيزا؟,لا، التوانسة يدخلوا لتركيا بلاش فيزا، لازمك كان پاسپور وصرف و Assurance Voyage.,original
everyday_conversation,نحب نحل Patente صغيرة، شنية الخطوات؟,تمشي للقباضة المالية، تهز عقد كراء المحل ونسخة من بطاقة التعريف وتحدد النشاط متاعك، العملية تحضر في نهارها.,original
advice_guidance,الجيم (Salle de sport) في تونس غالي؟,فمة كل الأنواع، من الصالات الشعبية بـ 30 دينار حتى للـ High-end بـ 200 دينار في الشهر، كل قدير وقدره.,original
advice_guidance,اليوغا تنحي الـ Stress؟,اي، تعاون برشة على التنفس الصحيح وتخلي الـ Ménage في مخك يصفى من الأفكار السلبية.,original
advice_guidance,نحب ندخل لعالم الـ E-commerce، كيفاش؟,ابدأ بـ Page Facebook ولا Instagram، جرب سلعة مطلوبة (كيف الـ Accessoires) واخدم على الـ Delivery.,original
advice_guidance,شنية الـ SIVP وفاش تنفع؟,هو عقد تربص تعاون الشركات باش تخلص أقل شارج، وتعطيك منحة من الدولة لمدة عام ولا عامين.,original
advice_guidance,كيفاش نتفاوض على الشهرية (Salary Negotiation)؟,لازم تعرف قيمة الـ Market وتتكلم بثقة على القيمة اللي باش تزيدها للشركة، موش على حاجتك للفلوس.,original
advice_guidance,شنية أحسن طريقة للـ Networking في تونس؟,احضر الـ Events والـ Workshops في المجال متاعك، وتعرف على ناس جدد وتبادل معاهم الـ Contacts.,original
advice_guidance,العمل حر (Remote work) مع شركات البرة ممكن؟,اي، برشة توانسة يخدموا من ديارهم مع شركات في أوروبا وأمريكا، لازم لغة باهية وصنعة قوية.,original
advice_guidance,كيفاش نغلب الـ Procrastination (التأجيل)؟,استعمل قاعدة الـ 5 ثواني: أول ما تخمم في الخدمة، احسب 5-4-3-2-1 وقوم اخدمها من غير تخميم.,original
advice_guidance,شنوة نعمل كي نحس بـ Burnout (إرهاق مهني)؟,لازمك Break طويل، ابعد على الـ Screens، اخرج للطبيعة، وارقد مليح. صحتك أهم من الخدمة.,original
advice_guidance,شنية أهمية الـ Soft Skills؟,هي اللي تخليك تنجح في الحياة (التواصل، الذكاء العاطفي) وتكمل اللي نقص في الـ Hard Skills.,original
general_knowledge,أحسن بلاصة للتخييم (Camping) في تونس؟,عين دراهم، كاب سيرات، ولا بني مطير.. بلايص ساحرة وسط الطبيعة.,original
task_oriented,الـ Windows متاعي رزين برشة، شنوة نعمل؟,زيد SSD للبيسي ونظف الـ Startup Apps، توة يولي يطير طيران.,original
task_oriented,نحب نسجل Podcast، شنوة لازمني؟,ميكروفون باهي (حتى بتاع الـ Kit يفي بالغرض) و Application كيف Audacity للتسجيل.,original
task_oriented,الـ VPN فاش ينفع؟,يحمي خصوصيتك، ويخليك تدخل لمواقع محجوبة في بلاد معينة، ويشفر معلوماتك.,original
task_oriented,أحسن Antivirus مجاني؟,Windows Defender اللي يجي مع السيستم كافي جداً، المهم ما تهبطش برامج مشبوهة.,original
storytelling,شنوة الفرق الحقيقي بين الـ Web2 والـ Web3 وفاش يهمنا؟,الـ Web2 هو الأنترنت اللي نعيشو فيه توة، وين الشركات الكبيرة كيف Google وFacebook تملك بياناتنا وتتحكم في المحتوى. الـ Web3 يحب يغير اللعبة باستعمال الـ Blockchain، باش تولي الأنترنت 'لامركزية'. يعني أنت تملك بياناتك وتتحكم في هويتك الرقمية بلاش وسيط، والتعاملات المالية تصير مباشرة بين العباد (Peer-to-Peer) باستعمال العقود الذكية، وهذا باش يحل بيبان كبيرة للخصوصية والأمان في المستقبل.,original
general_knowledge,علاش التضخم (Inflation) يأثر علينا برشة وكيفاش نحمي فلوسي؟,التضخم يعني أن القدرة الشرائية متاع الفلوس تطيح، يعني الـ 100 دينار اللي كانت تشريلك قفة كاملة توة تشريلك شطرها. السبب ينجم يكون زيادة في تكاليف الإنتاج ولا نقص في السلع. باش تحمي فلوسك، ما لازمش تخليها 'راقدة' في الحساب الجاري. أحسن حل هو الاستثمار في حاجات قيمتها تزيد مع الوقت كيف العقارات، الذهب، ولا حتى الأسهم في شركات قوية. المهم أنك تنوع استثماراتك وما تحطش 'بيضك الكل في سلة واحدة' باش تقلل المخاطر.,original
everyday_conversation,كيفاش تنجم تعيش Minimalist في تونس وتتخلص من الكركبة؟,الـ Minimalism موش معناها تعيش في بيت فارغة، أما معناها تحيط روحك بالحاجات اللي تعني لك حاجة ولا تستحقها بالرسمي. ابدأ بفرز حوايجك، أي قطعة ما لبستهاش عام كامل تصدق بيها. في الكوجينة، تخلص من الماعون اللي مكدس وما تستعملوش. قبل ما تشري حاجة جديدة، اسأل روحك: 'هل تزيد قيمة لحياتي ولا هي مجرد رغبة لحظية؟'. العيش بمتاع أقل يخليك تربح مساحة في دارك، وقت في التنظيف، وراحة بال كبيرة من التخمام في الماديات.,original
advice_guidance,علاش الـ Algorithms متاع TikTok وInstagram تخلّينا ندمنوا؟,الخوارزميات هاذي مصممة بطريقة علمية باش تفرز 'الدوبامين' في مخك. هي تراقب كل ثانية تقضيها، شنوة الفيديو اللي وقفت عندو وشنوة اللي كملتو. هي تعطيك محتوى يوافق اهتماماتك بالضبط وفي وقت قصير (Short-form content)، وهذا يخلي مخك ديما يستنى في 'الجائزة' الجاية (الفيديو الجاي). الحل باش تخرج من الدوامة هاذي هو أنك تحدد وقت يومي للتطبيقات هاذي (مثلاً 30 دقيقة)، وتفسخ الـ Notifications اللي تخليك تحل التليفون كل دقيقة.,original
task_oriented,شنوة الـ Dropshipping وياخي مزال يخلص في 2026؟,الـ Dropshipping هو أنك تبيع سلعة موش عندك. تعرضها في موقعك، وكي يشري الكليون، أنت تشريها من عند الفورنيسور وهو يبعثها له مباشرة. أنت تربح الفرق في السوم. في 2026، المنافسة ولات قوية برشة، والـ Dropshipping العشوائي ما عادش يخلص. باش تنجح لازمك تختار 'Niche' متخصصة، تهتم بجودة السلعة، وتوفر خدمة كليونات سريعة. الأهم هو البراندينغ، لازم العميل يشعر اللي هو شاري من براند ثقة موش مجرد وسيط.,original
emotional_support,كيفاش نطبق عيش اللحظة وسط زحمة المشاكل اليومية؟,عيش اللحظة (Mindfulness) موش معناها تنسى مشاكلك، أما معناها ما تخليش مخك 'يسافر' ديما للماضي (ندم) ولا للمستقبل (قلق). جرب 'تمرين الحواس الخمس': كي تحس روحك متوتر، سمي 5 حاجات تراهم توة، 4 حاجات تنجم تلمسهم، 3 حاجات تسمعهم، حاجتين تشمهم، وحاجة تذوقها. هذا التمرين يرجع مخك لـ 'هنا وتوة'. زادة، حاول تركز في الحاجات البسيطة اللي تعمل فيها (كيفاش تشرب في قهوتك، ريحة المطر)، اللحظات الصغيرة هاذي هي اللي تبني السعادة.,original
advice_guidance,كيفاش نولي Master في فن الإقناع (Persuasion)؟,الإقناع موش هو 'التلاعب'، بل هو كيفاش توري للطرف لاخر اللي فكرتك هي في مصلحته هو. أولاً، استعمل 'التعاطف' (Empathy)، افهم احتياجات الشخص قدامك قبل ما تحكي. ثانياً، استعمل 'الأدلة الاجتماعية' (Social Proof)، الناس تميل لتصديق حاجة جربوها غيرهم ونجحت. ثالثاً، كن واثقاً في نبرة صوتك ولغة بدنك (Eye contact). رابعاً، بسط المعلومة، المخ يرفض الحاجات المعقدة. وأهم حاجة، خليك ديما صادق، خاطر الإقناع اللي مبني على كذب يتهد في أول فرصة.,original
task_oriented,نحب نسافر بـ Budget ضعيف، شنوة تنصحني؟,السفر بفلوس قليلة يتطلب 'ذكاء في التخطيط'. أولاً، احجز تذكرتك قبل بـ 3 ولا 4 شهور واستعمل مواقع مقارنة كيف Skyscanner. ثانياً، سافر في 'Off-season' (موش في الصيف ولا الأعياد) توة تلقى السوم يطيح للشطر. ثالثاً، ابعد على الأوتيلات الكبيرة، جرب الـ Hostels ولا Airbnb، توفر فلوس وتطيب ماكلتك وحدك. رابعاً، استعمل النقل العمومي (مترو، كار) وابعد على التاكسيات. السفر هو 'تجربة' ومغامرة، موش لازم تصرف برشة باش تستمتع بجمال العالم.,original
everyday_conversation,علاش المعارف (Networking) أهم من الشهادة في وقتنا؟,الشهادة توري اللي أنت عندك 'المعرفة'، أما الـ Networking يوري اللي أنت عندك 'الثقة'. برشة فرص شغل ما تهبطش أصلاً في إعلانات، بل تتخطف عن طريق التوصيات (Referrals). كي تبني شبكة علاقات، أنت قاعد تفتح في بيبان لمعلومات، نصائح، وفرص استثمارية. المهم في الـ Networking هو 'العطاء قبل الأخذ'، ما تكلمش الناس كان كي تستحق حاجة، بل كون فاعل، عاون غيرك، وقدم قيمة، وتلقائياً توة تولي الناس هي اللي تحب تعاونك.,original
general_knowledge,كيفاش الـ Quantum Computing باش يغير العالم في السنوات الجاية؟,الكمبيوترات العادية تخدم بالـ Bits (0 ولا 1)، أما الـ Quantum تخدم بالـ Qubits اللي تنجم تكون 0 و 1 في نفس الوقت (Superposition). هذا يخليها تعمل عمليات حسابية معقدة في ثواني، اللي أقوى كمبيوتر توة يستغرق فيها آلاف السنين. التأثير باش يكون في اكتشاف أدوية جديدة، كسر أنظمة التشفير الحالية (وهذا يخوف)، وتطوير ذكاء اصطناعي خارق. مزلنا في البدايات، أما الثورة هاذي باش تكون أقوى من ثورة الأنترنت بيدها.,original
advice_guidance,شنوة الـ Deep Work وعلاش هو العملة النادرة توة؟,الـ Deep Work (العمل العميق) هو القدرة على التركيز في مهمة معقدة من غير أي تشتت. في عالم الـ Notifications والـ Reels، قدرتنا على التركيز طاحت برشة. اللي ينجم يقعد 3 سوايع يخدم في حاجة 'صعيبة' (برمجة، كتابة، تخطيط) من غير ما يحل فيسبوك، هو اللي باش ينجح ويهرب على غيره. الـ Deep Work هو اللي يخليك تنتج حاجات 'عالية الجودة' في وقت قياسي. باش تطبقه، لازمك تسكر تليفونك، تبعد على العباد، وتحدد هدف واضح قبل ما تبدأ.,original
general_knowledge,كيفاش الـ AI قاعد يغير في الفن والإبداع؟,الذكاء الاصطناعي (كيف Midjourney و ChatGPT) ولى ينجم يصنع صور، موسيقى، ونصوص في ثواني. هذا خلق صدمة في عالم الفن. من جهة، هو أداة قوية تعاون الفنانين باش يطوروا أفكارهم أسرع. ومن جهة أخرى، فمة خوف على 'حقوق الملكية' وعلى قيمة 'الجهد البشري'. الإبداع في المستقبل موش باش يكون في 'تنفيذ' الفكرة (خاطر الـ AI ينفذ)، بل باش يكون في 'الرؤية' وفي 'الذوق' وفي 'المشاعر' اللي الـ AI مزال ما ينجمش يقلدها بصدق. الفنان اللي يدمج الـ AI في خدمته هو اللي باش يتميز.,original
advice_guidance,شنوة الـ Intermittent Fasting (الصيام المتقطع) وفوايده؟,هو نظام غذائي يعتمد على 'وقتاش تاكل' موش 'شنوة تاكل'. أشهر طريقة هي 16/8 (تصوم 16 ساعة وتاكل في 8 سوايع). الفوايد متاعه علمية: يطيح مستويات الأنسولين، يسرع حرق الدهون، ويحفز عملية الـ 'Autophagy' (وين البدن يبدأ ينظف في الخلايا الميتة ويجدد روحه). زادة، هو يريح الجهاز الهضمي ويحسن التركيز. المهم في وقت الماكلة ما تاكلش حاجات مضرة، وفي وقت الصيام اشرب ماء، تاي ولا قهوة بلاش سكر. ابدأ بالسياسة وشوف كيفاش بدنك يتجاوب.,original
general_knowledge,شنوة الـ Metaverse وياخي هو مجرد لعبة فيديو كبيرة؟,الـ Metaverse هو تصور للمرحلة الجاية من الأنترنت، وين تولي الأنترنت 'ثلاثية الأبعاد' وتدخللها بـ VR (واقع افتراضي). موش كان لعب، بل تنجم تحضر فيه اجتماعات خدمة، تمشي لكونسير، ولا حتى تشري أراضي رقمية. الفكرة هي 'الحضور الرقمي' (Presence)، تحس روحك موجود بالرسمي مع العباد. مزال فمة تحديات تقنية كبيرة ومزال موش واضح هل الناس باش تتقبله ولا لا، أما شركات كيف Meta و Microsoft قاعدة تصرف في مليارات باش تردو حقيقة.,original
general_knowledge,شنوة هي الرواقية (Stoicism) وكيفاش تعاوننا في الأزمات؟,الرواقية هي فلسفة قديمة تعلمك تفرق بين 'الحاجات اللي تتحكم فيها' و'الحاجات اللي ما تتحكمش فيها'. أنت ما تتحكمش في الطقس، في كلام الناس، ولا في قرارات الدولة، أما تتحكم في 'ردة فعلك' وفي أفكارك. الرواقيين يقولوا اللي المشاكل في حد ذاتها ما تمرضناش، أما 'رأينا' في المشاكل هو اللي يمرضنا. كي تركز طاقتك كان على الحاجات اللي في يدك، تولي أكثر هدوء وصمود قدام أي عاصفة. هي 'درع نفسي' فعال جداً في وقتنا الصعيب هذا.,original
advice_guidance,علاش الجمعة 4 أيام خدمة (4-Day Work Week) بدأت تنجح؟,التجارب في دول كيف بريطانيا وأيسلندا ورات اللي كي تنقص نهار خدمة، الإنتاجية تزيد موش تنقص! العمال يوليوا أكثر تركيز باش يكملوا مهامهم، ويوليوا 'فرحانين' ومرتاحين أكثر، وهذا ينقص الـ Burnout والغيابات. نهار الراحة الزايد يعطي وقت للعائلة، للهوايات، وللراحة النفسية. الشركات زادة تربح في نقص مصاريف الضوء والمقر. العالم ماشي في الثورة هاذي خاطر توازن الحياة أهم من عدد ساعات الحضور في المكتب.,original
advice_guidance,كيفاش نعلم صغاري قيمة الفلوس من عمر صغير؟,ابدأ بـ 'المصروف' الأسبوعي، خليهم يتحملوا مسؤولية شراء حاجاتهم البسيطة. علمهم قاعدة الأجزاء الثلاثة: جزء للصرف (لعب، حلوى)، جزء للادخار (حاجة غالية يحبوها)، وجزء للعطاء (مساعدة حد). هكا يتعلموا 'تأجيل المتعة' (Delayed Gratification) ويعرفوا اللي الفلوس 'تتخدم' وما تجيش بالساهل. زادة خليهم يشاركوا في قرارات بسيطة في قضية الدار وشوف معاهم الأسعار والمقارنات. أحسن درس هو 'القدوة'، كي يراوك تصرف بوعي، توة يطلعوا كيفك.,original
advice_guidance,شنوة الـ Gig Economy وياخي باش تولي هي القاعدة؟,"الـ Gig Economy هي اقتصاد لي تاش القصيرة ولا العمل الحر (Freelance). عوض ما تخدم في شركة وحدة طول عمرك، تولي تخدم مشاريع قصيرة مع برشة شركات فرد وقت. هذا يعطي 'مرونة' كبيرة واختيار للوقت والبلاصة، أما فيه 'عدم استقرار' ونقص في التغطية الاجتماعية (Assurance, Retraite). مع تطور التكنولوجيا، برشة مهن ماشية في الثنية هاذي. المهم هو أنك تولي 'صنايعي' في مجالك وعندك مهارات ديما مطلوبة باش تضمن دخلك الدائم.",original
emotional_support,كيفاش نتعامل مع متلازمة المحتال (Imposter Syndrome)؟,هي أنك تحس روحك 'فاشل' ولا 'كذاب' رغم نجاحك، وتظن اللي العباد باش يفيقوا بيك في أي لحظة. هي تصيب خاصة الناس المبدعين والناجحين. باش تتجاوزها: أولاً، اعرف اللي الشعور هذا طبيعي وأغلب الناجحين يحسوا بيه. ثانياً، اكتب 'ليستة' بإنجازاتك الحقيقية والمهارات اللي تعبت باش تعلمتها. ثالثاً، ركز في 'التعلم' موش في 'المثالية'. رابعاً، أحكي مع حد ثقة على شعورك، توة تكتشف اللي أنت موش وحدك. أنت تستحق البلاصة اللي أنت فيها بتعبك ومجهودك.,original
advice_guidance,علاش لازم تولي T-Shaped Person في سوق الشغل؟,الشخص الـ T-Shaped هو اللي عنده 'عمق' كبير في مهارة وحدة (الخط العمودي للـ T)، وعنده 'معرفة عامة' ببرشة مجالات أخرى (الخط الأفقي). مثلاً: مبرمج شاطر (عمق)، أما يفهم شوية في الـ Design، الـ Marketing، والـ Business. هكا تولي تتواصل خير مع الفرق الأخرى، وتحل المشاكل بنظرة شاملة، وتتأقلم أسرع مع التغييرات. التخصص وحده باهي، أما التخصص مع ثقافة واسعة هو اللي يخليك 'لا تعوض' في أي شركة.,original
task_oriented,كيفاش تفيق بـ الأخبار الزائفة (Fake News) وما تبارطاجيهاش؟,الأخبار الزائفة تعتمد ديما على 'العاطفة' (خوف، غضب، صدمة) باش تخليك تبارطاجي من غير ما تخمم. أولاً، ثبت في 'المصدر': هل هو موقع رسمي معروف ولا صفحة Facebook مشبوهة؟ ثانياً، اقرا 'أكثر من العنوان': ساعات العنوان يكون صادم والمحتوى حاجة أخرى. ثالثاً، ابحث في Google على الخبر: إذا كان حقيقي، توة تلقاه في كذا مصدر موثوق. رابعاً، ثبت في 'التصاور': استعمل Google Reverse Image لتعرف هل التصويرة قديمة ولا مركبة. كن أنت 'الفلتر' وما توليش وسيلة لنشر الكذب.,original
general_knowledge,علاش النباتات جزء أساسي من ديكور الدار موش مجرد زينة؟,النباتات عندها تأثير 'علاجي' و'وظيفي'. أولاً، هي تنقي الهواء من السموم وتفرز الأكسجين، وهذا يحسن جودة التنفس والنوم. ثانياً، اللون الأخضر علمياً يقلل من التوتر (Stress) ويحسن المود والإنتاجية. ثالثاً، في الديكور، النباتات تكسر 'جمود' الأثاث وتعطي 'حياة' وحركية للمكان. هي تعبي الزوايا الفارغة وتخلق توازن بصري. الدار اللي فيها نباتات تحسها 'دافية' وفيها روح، وهذا يأثر إيجابياً على كل شكون يسكن فيها.,original
storytelling,شنوة تأثير الثورة الصناعية الرابعة على حياتنا اليومية؟,الثورة الرابعة هي دمج التكنولوجيا في كل شيء: الذكاء الاصطناعي، الروبوتات، الـ Internet of Things (IoT)، والبيولوجيا الرقمية. تأثيرها هو أن 'الحدود' بين العالم الفيزيائي والرقمي بدأت تذوب. في حياتك، تليفونك ولى يعرف صحتك أكثر منك، دارك ولت 'ذكية'، والخدمات ولت شخصية (Personalized) بفضل البيانات. هي توفر راحة كبيرة، أما تطلب منا 'مرونة' كبيرة باش نتعلموا مهارات جديدة ونحميوا خصوصيتنا في عالم مراقب بامتياز.,original
general_knowledge,علاش قاعدين نصرفوا مليارات على المريخ وإحنا عندنا مشاكل في الأرض؟,الinstruction هذا يتسأل ديما، والresponse هو أن 'تكنولوجيا الفضاء' هي اللي حلت برشة مشاكل في الأرض. الأقمار الصناعية (GPS، اتصالات، مراقبة الطقس)، الفلترات متاع الماء، الأطراف الاصطناعية، وحتى بعض أدوية السرطان جات من أبحاث الفضاء. زادة، استكشاف الفضاء يخلينا نفهموا كوكبنا خير وكيفاش نحميوه من التغير المناخي. البحث العلمي هو استثمار في 'المستقبل' وفي 'بقاء البشرية'، والمليارات اللي تتصرف هوني هي جزء صغير برشة ملي يتصرف في الحروب مثلاً.,original
advice_guidance,كيفاش تطبق تقنية The 2-Minute Rule وتقضي على لي تاش الصغيرة؟,القاعدة ساهلة برشة: 'أي مهمة تطلب أقل من دقيقتين، اعملها توة'. مثلاً: غسلان كاس، رد على Email بسيط، تعليق حوايج، ولا تدوين ملاحظة. التخمام في المهمة هاذي ومحاولة تذكرها لاحقاً باش يستهلك طاقة أكثر من فعلها. كي تعملها في وقتها، أنت قاعد تنظف 'الضجيج الذهني' وقاعد تمنع تراكم لي تاش الصغيرة اللي في الأخير تولي جبل. القاعدة هاذي هي أحسن صديق للناس اللي يحبوا ينقصوا من الـ Procrastination.,original
advice_guidance,كيفاش الـ Design Thinking يحل المشاكل المعقدة بذكاء؟,الـ Design Thinking هو منهجية تركز على 'الإنسان' أولاً. المراحل هي: 1- التعاطف (Empathize): افهم مشكلة الكليون بالرسمي، 2- التعريف (Define): حدد المشكلة الحقيقية، 3- الأفكار (Ideate): طلع أكبر عدد من الحلول الممكنة من غير أحكام، 4- النموذج (Prototype): اصنع نسخة بسيطة من الحل، 5- الاختبار (Test): جرب وشوف النتيجة. هي عقلية تخليك 'تغلط فيسع وبأقل تكلفة' حتى توصل للحل اللي يحبوه الناس بالرسمي. هي موش كان للمصممين، بل لأي حد يحب يبتكر.,original
general_knowledge,شنوة الـ Compound Interest (الفائدة المركبة) وعلاش تسمى الأعجوبة الثامنة؟,هي أنك تربح فائدة على فلوسك، ومن بعد تربح فائدة على 'الفلوس + الفائدة القديمة'. مع الوقت، الثروة تبدأ تكبر بشكل 'انفجاري'. السر هو 'الوقت'. إذا تبدأ تدخر مبلغ صغير وأنت في العشرينات، توة يولي مبلغ ضخم في الستين بفضل الفائدة المركبة، مقارنة بحد بدأ في الأربعينات حتى لو صب مبالغ أكبر. هي 'كرة الثلج' اللي تبدأ صغيرة وتكبر كل ما دارت. أحسن وقت للادخار كان البارح، وثاني أحسن وقت هو 'توة'.,original
advice_guidance,علاش لازم تستقيل كي تحس روحك ما عادش قاعد تتعلم؟,أكبر خطر في المسيرة المهنية هو الـ 'Comfort Zone' (منطقة الراحة). كي تولي تخدم آلياً وما فمش تحديات جديدة، قيمتك في السوق تبدأ تطيح. الخدمة موش كان مقابل 'شهرية'، هي زادة مقابل 'خبرة' و'نمو'. إذا قعدت في بلاصة ما تزيدك شيء، أنت قاعد تضيع في وقتك وجهدك. الاستقالة (بعد ما تحضر بديل) هي قرار شجاع يخليك تكتشف قدراتك وتزيد في قيمتك المادية والمعنوية. ما تخليش 'الأمان الكاذب' يدفن طموحك.,original
advice_guidance,نحب نتعلم Data Analysis منين نبدأ وفاش تنفعني؟,تحليل البيانات هو مهارة المستقبل في كل المجالات. ابدأ بتعلم الـ Excel (المستوى المتقدم)، من بعد تعلم لغة SQL باش تجيب البيانات، ومن بعد Python ولا R للتحليل العميق. هي تنفعك خاطرها تخليك 'تاخذ قرارات بناءً على أرقام' موش على انطباعات. في الخدمة، الشخص اللي يعرف يحلل البيانات ويخرج منها 'نتائج مفيدة' (Insights) هو الشخص اللي الشركات تحب تخلصو برشة وتعتمد عليه. هي لغة العصر.,original
task_oriented,شنوة هو الـ Docker وكيفاش يعاون في البرمجة؟,Docker هو أداة قلبت الموازين في عالم البرمجة. الفكرة متاعه: عوض ما تقول 'البرنامج يخدم عندي وما يخدمش عند صاحبي'، Docker يضمن اللي الكود يخدم في كل بلاصة بنفس الطريقة. كيفاش يخدم: يستعمل حاجة اسمها Container، وهي بيئة معزولة فيها كل ما يحتاجه البرنامج (كود، مكتبات، إلخ). الـ Image هي القالب اللي نصنعوا منه الـ Container. والـ Dockerfile هو الورقة اللي فيها التعليمات باش تبني الـ Image. الفايدة: سهولة في النشر، ما ثماش تعارض بين البرامج، وتقدر تكبّر المشروع (Scaling) بسهولة. تعلم Docker توا من أهم الحاجات اللي يطلبوها في سوق الشغل.,original
advice_guidance,شنوة هو مفهوم الـ Growth Mindset وكيفاش نطبقه؟,الـ Growth Mindset ولا 'عقلية النمو' هي فكرة تقول اللي ذكاءك ومهاراتك موش ثابتين، وتقدر تطورهم بالخدمة والتعلم. عكس الـ Fixed Mindset اللي يخلي الشخص يظن اللي هو 'تولد هكا'. باش تطبقها: عوض ما تقول 'أنا فاشل في الماط'، قول 'أنا لتوة ما تعلمتش الماط باهي'. استقبل الفشل كأنه درس موش كأنه حكم عليك. التحديات هي فرص باش تكبر. العلم أثبت اللي المخ يتبدل ويتطور كيف تتعلم حاجات جديدة. المهم هو المحاولة والاستمرار.,original
task_oriented,كيفاش يخدم الـ Machine Learning ببساطة؟,الـ Machine Learning (تعلم الآلة) هو كيفاش نعلموا الكمبيوتر يفهم من غير ما نعطوه أوامر مباشرة. في البرمجة العادية، نعطوه قواعد (مثلاً: إذا ثمة وذنين وذيل يعني قطوس). في الـ ML، نعطوه آلاف التصاور متاع قطوسات وهو وحده وحده يطلع الأنماط. ثمة 'التعلم الموجه' (Supervised) وين تكون البيانات معروفة، و'التعلم غير الموجه' وين الكمبيوتر يكتشف المجموعات وحده. الكمبيوتر يبدأ يغلط ويصلح في روحه تدريجياً حتى تطلع النتيجة صحيحة بنسبة كبيرة. هذا هو السر وراء الـ توصيات في اليوتيوب ولا الفايسبوك.,original
advice_guidance,كيفاش نبني بدن رياضي في الدار من غير جيم؟,تقدر تعمل فورمة في الدار بوزن بدنك برك. للصدر واليدين: عليك بالـ Push-ups (بومبات). للظهر: الـ Inverted Rows باستعمال طاولة قوية. للساقين: الـ Squats والـ Lunges. للكرش: الـ Plank والـ Bicycle Crunches. وللقلب (Cardio): الـ Jumping Jacks والـ Burpees. ابدأ بـ 3-4 مرات في الجمعة، كل حصة 30 دقيقة. السر الكل في الانضباط، وما تنساش اللي الماكلة تمثل 70% من النتيجة. كول البروتين (عظم، دجاج، حوت) وابعد على السكر، وتو تشوف الفرق.,original
general_knowledge,شنوة هو الـ Renewable Energy وأهم مصادره؟,الطاقة المتجددة هي الطاقة اللي تجي من الطبيعة وما توفاش. أهمها: الطاقة الشمسية (تونس بلاد شمس وعندها مستقبل كبير فيها)، طاقة الرياح (باستعمال التوربينات)، والطاقة المائية (السدود). الميزة متاعها أنها نظيفة، ما تمسخش البيئة وتخرجنا من تبعية النفط والغاز. تونس حاطة هدف باش توصل لـ 35% طاقة متجددة في 2030. الاستثمار في الطاقة الشمسية في الدار توا ولا أسهل بفضل القروض والتشجيعات، وهو حل ممتاز باش تنقص في فاتورة الضوء.,original
general_knowledge,كيفاش يخدم الـ GPS وعلاش هو دقيق برشا؟,الـ GPS (نظام تحديد المواقع) يخدم بشبكة متاع أقمار صناعية تدور بالأرض. تليفونك يستقبل إشارات من 4 أقمار على الأقل في نفس الوقت. كل قمر يبعث مكانه والوقت اللي خرجت فيه الإشارة بدقة نانو-ثانية. تليفونك يحسب قداش خذات الإشارة وقت باش توصل، ومنها يعرف بعدك على كل قمر. بعملية حسابية (Triangulation)، يطلع موقعك وين بالضبط. الدقة هذي ممكنة خاطر الأقمار فيها ساعات ذرية متطورة برشا، وحتى نظريات أينشتاين (النسبية) يطبقوها في الحسابات باش ما يغلطش الموقع.,original
advice_guidance,كيفاش نعيش حياة أبسط وننقص من الاستهلاك؟,الحياة البسيطة (Minimalism) هي أنك تركز على الحاجات اللي تعطيك قيمة بالحق. ابدأ بفرز حوايجك: الحاجة اللي ما لبستهاش عام كامل، تصدق بيها. قبل ما تشري أي حاجة جديدة، اسأل روحك 'هل أنا محتاجها بالحق ولا باش نشريها خاطرها بروموسيون؟'. نقص من التبعية للتكنولوجيا والاشتراكات اللي ما تستعملهاش. استثمر فلوسك في تجارب (سفرة، خرجة، لمة) عوض ما تلم الماعون والأجهزة. البساطة تعطيك راحة بال، تنقص عليك التوتر وتوفرلك فلوسك.,original
task_oriented,كيفاش نتعلم الـ Web Development من الصفر؟,تطوير الويب فيه طريق واضح. ابدأ بالـ Frontend: تعلم HTML (هيكل الموقع)، CSS (الزينة والتنسيق)، وJavaScript (اللي يخلي الموقع يتحرك). بعد ما تتمكن منهم، تعلم Framework كيما React ولا Vue.js. إذا تحب تكمل للـ Backend (الكواليس)، تعلم Python مع Django ولا Node.js. لازمك زادة تتعلم كيفاش تتعامل مع قواعد البيانات (SQL). أهم حاجة هي التطبيق: اصنع موقعك الشخصي، ولا حتى موقع صغير متاع قضية. ثمة مواقع كيما 'FreeCodeCamp' و'The Odin Project' يعاونوك برشا ومجانيين.,original
task_oriented,شنوة هو الـ Cloud Computing وشني الفرق بين AWS وAzure وGoogle Cloud؟,الـ Cloud Computing (الحوسبة السحابية) هي أنك تكري 'سيرفرات' وقوة معالجة عبر الإنترنت عوض ما تشري أجهزة غالية وتخليها عندك. AWS (أمازون) هي الأكبر وعندها أكثر خدمات، ويطلبوها برشا في سوق الشغل. Azure (مايكروسوفت) ممتازة للشركات اللي تستعمل في الويندوز والأوفيس. Google Cloud (GCP) قوية برشا في الذكاء الاصطناعي وتحليل البيانات الكبيرة. الاختيار بيناتهم يعتمد على مشروعك: إذا تحب حاجة منتشرة برشا عليك بـ AWS، وإذا تحب التكامل مع مايكروسوفت عليك بـ Azure.,original
advice_guidance,كيفاش نحسن التركيز والذاكرة متاعي؟,تحسين التركيز يجي بعادات يومية. أولاً: النوم الكافي (7-8 ساعات) هو وقت اللي المخ يرسخ فيه المعلومات. ثانياً: نقص من المشتتات — وقت الخدمة، ابعد التليفون وقص الإشعارات. ثالثاً: التغذية — كول الحوت (أوميغا 3)، المكسرات، والخضر الورقية. رابعاً: استعمل تقنية 'الـ Pomodoro' — تخدم 25 دقيقة وترتاح 5 دقايق. خامساً: مرن مخك بالألعاب الذهنية ولا تعلم لغة جديدة. وأهم حاجة، نقص من الـ multitasking، خاطر المخ يضيع برشا جهد كيف يحاول يعمل برشا حاجات في وقت واحد.,original
general_knowledge,شنوة هي أحسن ألعاب الفيديو وكيفاش نلعب مع صحابي أونلاين؟,في تونس، الألعاب الأكثر شعبية هي 'Valorant' و'League of Legends' و'CS2' — هاذم ألعاب تكتيكية وتطلب تنسيق كبير. ثمة زوز أساطير 'FIFA' (EA FC) و'GTA V'. باش تلعب مع صحابك، لازمك كونيكسيون باهية واستعمل برنامج 'Discord' باش تحكي معاهم وقت اللعب. اختار ديما 'Server' قريب لتونس (الاكثرية في أوروبا كيما Frankfurt) باش يكون الـ Ping طايح واللعبة ما 'تلاغيش'. اللعب أونلاين هو أحسن وسيلة باش تقوي روح الفريق وتستمتع بوقتك.,original
student_life,شنوة هو الفرق بين الـ AI التوليدي والـ AI العادي؟,الفرق ساهل: الـ AI العادي (التقليدي) هو اللي يحلل ويصنف — كيما اللي يعرف وجهك في التليفون ولا اللي يكتشف الـ Spam في الإيميل. الـ AI التوليدي (Generative) هو اللي 'يصنع' حاجات جديدة — كيما ChatGPT اللي يكتب نصوص، ولا Midjourney اللي يصنع تصاور من الخيال. العادي يطبق القواعد اللي تعلمها، والتوليدي يستعمل البيانات اللي عنده باش يبتكر حاجة ما كانتش موجودة. الزوز مهمين، أما التوليدي هو اللي عامل الثورة الكبيرة توا.,original
task_oriented,شنوة هو الـ Open Source وكيفاش نجم نشارك فيه؟,الـ Open Source (المصدر المفتوح) يعني برامج الكود متاعها متاح للناس الكل باش يقرأوه ويعدلوه — كيما Linux وAndroid. باش تشارك، ابدأ بمواقع كيما GitHub. ابحث على مشاريع فيها تاغ 'good first issue' — هاذم مشاكل ساهلة للمبتدئين. موش لازم تصلح كود معقد من الأول، تنجم تبدأ بتحسين الوثائق (Documentation) ولا ترجمة البرنامج للدارجة. المشاركة في الـ Open Source تبنيلك CV قوي برشا وتخليك تتعلم من كبار المبرمجين في العالم.,original
advice_guidance,كيفاش نبدأ مشروعي الخاص في تونس؟,بداية مشروع في تونس تحب لها صبر وتخطيط. أولاً: ثبت في فكرتك — هل ثمة سوق حقيقي ليها؟ ثانياً: اعمل دراسة جدوى بسيطة. ثالثاً: المرحلة القانونية — تنجم تبدأ بـ 'Patente' ولا تحل شركة (SARL / SUARL). ارجع لـ API (وكالة النهوض بالصناعة) ولا مراكز الأعمال يدلوك. رابعاً: التمويل — ابحث عن قروض الـ BTS ولا الـ Startup Act إذا كان مشروعك تكنولوجي. خامساً: ابدأ بـ MVP (أول نسخة بسيطة من منتجك) وجربها مع الكليونات قبل ما تصرف برشا فلوس. العلاقات (Networking) هي الكل.,original
task_oriented,كيفاش نصمم قاعدة بيانات (Database) باهية من الأول؟,"تصميم قاعدة البيانات هو الساس متاع أي برنامج. أولاً: افهم البيانات متاعك مليح واعرف العلاقات بيناتهم (One-to-Many, Many-to-Many). ثانياً: طبق الـ Normalization باش ما تعاودش نفس المعلومات وتضيع البلاصة. ثالثاً: اختار أنواع البيانات الصحيحة (مثلاً ما تستعملش Text لحاجة فيها رقم). رابعاً: استعمل الـ Indexes في الحقول اللي باش تلوج فيها برشا باش تسرع الخدمة. خامساً: ما تنساش الـ Security والـ Backup. قاعدة بيانات منظمة توا توفر عليك برشا وجيعة راس وتعب في المستقبل كيف يكبر المشروع.",original
general_knowledge,قداش يتكلف تشكيل ستوديو منزلي (Home Studio) باهي في تونس؟,باش تعمل ستوديو يخرج جودة احترافية، لازمك ميزانية بين 4 ملاين و9 ملاين دينار تونسي. الحسبة تشمل: 'ارغ' باهت (حوالي 3 ملاين)، كارت صون (900 دينار)، ميكروفون كوندنسر (600 دينار)، سماعات ستوديو (750 دينار)، ومنيتورات (1500 دينار). هذا الماتريال يخليك تسجل كمنجة، دربوكة، ولا غناء بجودة قريبة برشة من الستوديوهات الكبيرة.,original
general_knowledge,كيفاش نختار سماعات (Casque) باهية لعزف الارغ في الليل؟,لازم تختار سماعات من نوع 'Closed Back' باش الصوت ما يخرجش لبره وما يقلقش اللي معاك في الدار. ماركات كيف Sennheiser ولا Audio-Technica أسوامهم تبدأ من 300 دينار وتوصل لـ 900 دينار. المهم تكون مريحة على الأذنين خاطر التمارين تنجم تاخذ برشة وقت.,original
advice_guidance,ساعات تجيني دقات قلب قوية ونحس روحي باش نموت ولا باش نهبل، ونولي ننهج وما عادش خالط على النفس. شنوة هذا؟,اللي تحكي فيه هو 'نوبة هلع' (crise de panique). البدن يتفاعل مع الخوف الداخلي كأنو فمة خطر حقيقي. أول حاجة لازمك تعرفها إنك مش باش تموت وماكش باش تهبل، هي مجرد حالة عابرة. حاول تتعلم تمارين التنفس (تجبد الهواء بشوية وتخرجو بشوية) وتجنب المنبهات كيف القهوة والتاي. إذا تكررت برشا مرات، فمة أدوية تعاونك باش تنقص من حدة القلق هذا.,original
advice_guidance,نحشم برشا كي نجي نحكي مع العباد ولا كي ندخل لبلاصة فيها برشا ناس، وجهي يحمار ونولي نرعش ونحب نهرب. كيفاش نتجاوز الخوف هذا؟,هذا يتسمى 'رهاب اجتماعي' (phobie sociale). الحل مش في الهروب، خاطر الهروب يزيد يقوي الخوف. لازمك تبدأ تواجه بالتدريج (exposition graduelle). ابدأ بسلام بسيط، ومن بعد بكلمة، ومن بعد بحوار. تنجم تعمل حصص علاج سلوكي معرفي (TCC) اللي تعاونك تبدل فكرتك على نظرة الناس ليك وتقوي ثقتك في روحك.,original
advice_guidance,عندي مشكلة في النوم، نقعد بالسوايع نتقلب في الفرش ومخي ما يسكتش، ونقوم الصباح مهدود وتعبان. فمة دواء ولا حل طبيعي؟,الأرق (insomnie) ديما وراه حكاية، يا إما قلق ولا عادات نوم غالطة. حاول تنحي التليفون قبل بساعة من النوم، واعمل وقت قار ترقد فيه وتقوم فيه. تنجم تشرب 'تيزان' (تيزانة) ترخي الأعصاب. إذا المشكلة تواصلت، الطبيب ينجم يوصفلك منشطات للنوم لفترة قصيرة، أما الأهم هو إنك تفرغ مخك من المشاكل قبل ما تحط راسك على المخدة.,original
advice_guidance,أقل كلمة تشعلني، نولي نعيط ونكسر وما نتحكمش في أعصابي، ومن بعد نندم برشا. هل فمة دواء يهدي الأعصاب؟,سرعة الانفعال تنجم تكون ناتجة على ضغط كبير (stress) ولا تراكمات. فمة أدوية تسمى 'معدلات المزاج' (thymorégulateurs) تنجم تعاون، أما الأهم هو إنك تتعلم تقنيات 'التحكم في الغضب'. كي تحس روحك باش تتغشش، ابعد من البلاصة، اشرب ماء، وتفكر إنو ردة فعلك باش تخسرك برشا حاجات. السبور زادة تعاونك باش تخرج الطاقة الزايدة.,original
advice_guidance,نحس روحي ديما مهددة، كأنو فمة مصيبة باش تقع، وقلبي ديما مقبوض من غير سبب واضح. شنوة هذا؟,هذا يتسمى 'قلق عام' (anxiété généralisée). مخك ديما في حالة استنفار (alerte). الحل يبدأ بتنظيم نمط الحياة: نقص كافيين، ارقد مليح، واعمل سبور. فمة زادة تقنيات 'التأمل' (méditation) تعاون برشا. إذا القلق مأثر على حياتك اليومية، فمة أدوية مضادة للقلق (anxiolytiques) تعطى لفترة قصيرة تحت إشراف طبي.,original
advice_guidance,عندي خوف مرض من الأماكن المغلقة (الاسانسير، الطيارة)، نولي نتخنق وما نلقاش هواء. كيفاش نداويه؟,هذا 'رهاب الأماكن المغلقة' (claustrophobie). العلاج السلوكي هو الأنجع: الطبيب يبدأ يعرضك لمواقف تشبه للي تخاف منو بالتدريج (بالتخيل أولاً ومن بعد في الحقيقة) مع تعليمك كيفاش تتحكم في نفسك. فمة زادة أدوية تتاخذ 'عند الحاجة' (مثلاً قبل ركوب الطيارة) باش تهديك، أما المواجهة هي الحل الجذري.,original
advice_guidance,نخاف من المستقبل برشا، ديما نخمم بلاكش نمرض، بلاكش نفلس، بلاكش صغاري يجرالهم حاجة. كيفاش نعيش اللحظة؟,الخوف من المجهول يضيع عليك 'توا'. فكر إنو المستقبل مش بيديك، والسيناريوهات الخايبة اللي في راسك 99% منها مش باش تصير. تعلم تقنية الـ 'Mindfulness' (الوعي التام)، يعني تركز في الحاضر، في الحاجة اللي تعمل فيها توة. كل ما مخك يهرب للمستقبل، رجعو بلطف للي تعمل فيه (ماكلة، خدمة، مشي).,original
advice_guidance,نحس في روحي ديما تعبانة جسدياً، ظهري يوجع، راسي ديما يسطر، ومعدتي مقلوبة، والطبة يقولولي لاباس. شنوة السبب؟,هذا يتسمى 'تجسيد القلق' (somatisation). الوجيعة النفسية كي ما تخرجش بالكلام، تخرج في البدن. بدنك قاعد يصرخ ويقولك 'أنا تعبان'. لازمك تعالج القلق الأساسي (stress) وتتعلم كيفاش ترخي أعصابك. حصص التدليك (massage) واليوغا يعاونوا، أما العلاج النفسي هو اللي يخلي الأوجاع هذي تختفي نهائياً.,original
advice_guidance,عندي مشكلة التسويف (procrastination)، ديما نوخر في خدمتي لآخر لحظة ومن بعد نتفجع ونعملها بالغالط. كيفاش نبطل العادة هذي؟,التسويف مش كسل، هو 'خوف' من الفشل ولا من صعوبة المهمة. ابدأ بمهمة صغيرة برشا (قاعدة الـ 5 دقايق). كي تبدأ، الصعوبة توة تنقص. قسم الخدمة الكبيرة لأجزاء صغيرة. ابعد التليفون عليك وأنت تخدم. كافئ روحك كي تكمل حاجة. المهم هو 'البداية' مش النتيجة المثالية.,original
advice_guidance,عندي مشكلة نتف الشعر (trichotillomanie)، كل ما نتقلق نلقى روحي ننتف في شعري ولا حواجبي من غير ما نشعر. شنوة الحل؟,هذا اضطراب ناتج عن قلق وتوتر كبير. هو وسيلة لا شعورية لتفريغ الضغط. الحل يبدأ بالوعي: حط 'خاتم' ولا 'لاستيك' في يدك باش تفيق بروحك كي تجي باش تنتف. عوض الحركة هذي بـ 'كرة ضغط' (stress ball). فمة أدوية تعاون على تخفيف القلق هذا، والعلاج السلوكي فعال برشا في تبديل العادة هذي بعادة أخرى مش مضرة.,original
emotional_support,بنتي عمرها 8 سنين، لاحظت اللي هي ولات تغزر للتلفزة من قريب برشة، وفي المدرسة المعلمة قالتلي اللي هي ما تنقلش مليح من السبورة. زعمة نقص نظر؟,"بسم الله، أكيد هاذي علامات 'نقص نظر' (الاكثرية Myopie). 
- الصغير ساعات ما يفيقش بروحه اللي هو ما يشوفش مليح، يباله العباد الكل يشوفوا هكاك.
- لازم تمشي لطبيب عيون في أقرب وقت باش يعمللها قيس نظر.
- إذا خذات مرايات، شجعها تلبسهم واختارلها موديل مزيان تحبه هي، باش ما تحسش بالفرق مع أصحابها.
- نقصوا من استعمال التابلت والتلفون خاطرهم يزيدوا يتعبوا العين. ربي يحفظلها نظرها.",original
emotional_support,ولدي عنده السمنة، يحب ياكل كان الماكلة الشارعة (Fast food) والمقليات، وما يحبش يتحرك. خايفة عليه من السكر والضغط وهو مزال صغير.,"بسم الله، السمنة عند الصغار هي 'قنبلة موقوتة'. 
- الحل ما يجيش بحرمانه من الماكلة (الريجيم القاسي)، خاطر باش يولي ياكل في السر.
- لازم العيلة الكل تبدل نظامها الغذائي: نقصوا من القليان والمناقز (Soda) ودخلوا الخضرة والغلال.
- شجعه على السبور، قيدله في نادي يحبه هو (كورة، سباحة) باش يحرق الطاقة.
- ابعدوه على التلفون والتلفزة وقت الماكلة، خاطر الصغير ما يفيقش بروحه قداش كلى وهو يتفرج. الصحة تاج، ربي يحفظه.",original
emotional_support,ولدي ولى مدمن على ألعاب الفيديو (Free Fire / PUBG). يضل بالـ 10 سوايع يلعب، وكي نحي عليه التليفون يولي عنيف ويحب يكسر كل شي.,"بسم الله، هذا 'إدمان رقمي'. 
- السحب المفاجئ يعمل 'أعراض انسحاب' كيما الدخان.
- لازم النقص بالتدريج: من 10 سوايع لـ 8، لـ 5، لين نوصلوا لساعة في النهار.
- لازم البديل: سبور، خروج، لمة عائلية. 
- إذا لزم الأمر، استشارة مختص في الإدمان السلوكي ضرورية. ربي يعينكم.",original
emotional_support,بنتي في الروضة، المعلمة قالتلي اللي هي تتوجع ساعات في بلاصتها الخاصة وني لاحظت اللي هي تلمس في روحها برشة. زعمة شني الحكاية؟,"بسم الله، في العمر هذا فمة 'اكتشاف الذات' وفمة 'التهابات'. 
- أول حاجة: هزيها لطبيب أطفال، ينجم يكون عندها 'ديدان' (Oxyures) هي اللي تسبب في الحكة والوجيعة.
- إذا الحكاية نفسية، طفي الضو وما تصيحش عليها، وخدمةيلها يديها بلعبة أخرى. 
- ثبت في الروضة لا يكون فمة حد ضايقها. ربي يلطف بيها.",original
general_knowledge,كيفاش المريض يواجه نوبة الهلع (Panic Attack)؟,لازم يعرف اللي هي ما تقتلتش وهي مجرد سحابة وتعدي. يركز على تنفسو ويحاول يهدّي بدنو بشوية بشوية.,original
general_knowledge,شنوة أهمية العلاج بالكلام (Therapy) بجنب الدواء؟,الدواء يصلح كيمياء المخ، والكلام يصلح طريقة التخمام والتعامل مع المشاكل. الزوز مع بعضهم يعطيو أحسن نتيجة.,original
advice_guidance,علاش الطبيب يطلب فحص رسم قلب (ECG) قبل بعض الأدوية؟,خاطر فما أنواع متاع أدوية نفسية تنجم تأثر على دقات القلب. الطبيب يحب يطمن اللي قلب المريض يتحمل الدواء من غير مشاكل.,original
general_knowledge,إذا كان واحد يخدم في شركة خاصة بكونترا (CDI) وعملوا له طرد تعسفي (Licenciement abusif) من غير ما يكون عمل غلطة فادحة. شنوة هي المستحقات القانونية اللي يضمنها له قانون الشغل التونسي في الحالة هذه؟ وكيفاش يتحسب غرامة الطرد؟,العامل عنده الحق في: 1- أجرة أيام الخدمة اللي خدمها، 2- غرامة الإعلام بالمغادرة (Préavis)، 3- غرامة الطرد (التي تحسب بـأجرة شهر عن كل سنة أقدمية في حدود 3 أشهر)، 4- غرامة الضرر (Dommages et intérêts) اللي يحكم بيها القاضي وفي العادة ما تكون بين شهر وشهرين عن كل سنة أقدمية.,original
general_knowledge,واحد عمل حادث مرور (لا قدر الله) وكان هو الغالط، اما التأمين متاعه (Assurance) وفى عنده نهارين وما فاقش به. شنوة هي التبعات القانونية اللي تنجم تصير له من ناحية التعويض للمتضرر ومن ناحية الخطايا المالية؟,يعتبر في حالة 'عدم تأمين'. قانوناً، صندوق ضمان ضحايا حوادث المرور يخلص المتضرر، وبعد يرجع على صاحب الكرهبة 'بالفلس' ويفتك له أملاكه باش يرجع الفلوس. زيادة على خطية مالية كبيرة توصل للسجن في حالات معينة ومصادرة الكرهبة.,original
general_knowledge,العرف متاعي ما يحبش يصب عليّ في الـ CNSS، شنوة نعمل؟,هذا حقك القانوني وماهوش مزية. تنجم تمشي تتصل بأقرب مكتب للصندوق الوطني للضمان الاجتماعي وتعمل مطلب 'تسوية وضعية'. ولا تنجم تشكي لتفقدية الشغل باش يثبتوا اللي أنت تخدم وغادي يولي العرف ملزم باش يصب عليك المفعول الرجعي متاعك الكل.,original
general_knowledge,طردوني من الخدمة تعسفياً، شنوة يلزمني ناخذ؟,إذا كان الطرد تعسفي (Licenciement abusif)، عندك الحق في غرامة الطرد، ومنحة الإعلام بترك العمل (Préavis)، وزيدهم تعويض على الضرر اللي صارلك. القاضي هو اللي يقدر التعويض هذا حسب قداش عندك خدمة وشنوة الضرر.,original
general_knowledge,شنوة الفرق بين عقد SIVP وعقد CDD؟,الـ SIVP هو عقد إعداد للحياة المهنية، يعني تربص موش عقد شغل حقيقي، والدولة تعاون في الخلاص. أما الـ CDD هو عقد شغل محدد المدة، تولي فيه خدام رسمي وتتمتع بحقوقك كاملة والـ CNSS واجبة فيه.,original
general_knowledge,ينجم العرف ينقصلي في شهريتي إذا الشركة باركة؟,لا، العرف ما عندوش الحق ينقص في الشهرية المتفاهمين عليها في العقد من راسو. إذا فمة صعوبات اقتصادية، لازم يتعدى عبر لجنة مراقبة الطرد ولا باتفاق كتابي موثق، وبشرط ما يطيحش تحت السميغ (SMIG).,original
general_knowledge,شنوة هو السميغ (SMIG) توا في تونس؟,السميغ هو الأجر الأدنى المضمون لمختلف المهن، ويتبدل بقرار من الحكومة. فمة سميغ متاع 48 ساعة وسميغ متاع 40 ساعة، وما يلزم حتى حد يخلص أقل منهم.,original
general_knowledge,إذا مرضت، شنوة نعمل باش ما يطردونيش؟,لازمك تبعث شهادة طبية (Certificat médical) للشركة في ظرف 48 ساعة. هكا تعلمهم بمرضك وتكون محمي قانونياً، والـ CNSS هي اللي تخلصك في أيامات المرض حسب القانون.,original
general_knowledge,نحب نستقيل، قداش لازم نعلم العرف قبل؟,لازمك تحترم مدة الإعلام (Préavis) المكتوبة في عقدك. إذا موش مكتوبة، نرجعوا للعرف السائد ولا الاتفاقية الإطارية، وفي العادة تكون شهر لغير الإطارات.,original
general_knowledge,عقد الـ CDI يوفى وحدو؟,لا، عقد الـ CDI هو عقد غير محدد المدة. ما يوفى كان بالاستقالة، ولا الطرد لسبب جدي، ولا بالصلح (Départ négocié)، ولا عند الوصول لسن التقاعد.,original
general_knowledge,قداش من مرة ينجم العرف يجددلي عقد الـ CDD؟,حسب القانون التونسي، العقد محدد المدة ينجم يوصل لأقصى حد 4 سنين (بالتجديد). بعد الـ 4 سنين، إذا كملت تخدم، تولي 'مرسم' (Titularisé) بصفة آلية.,original
general_knowledge,الاستقالة لازم تكون مكتوبة؟,إي، من المستحسن تكون مكتوبة ومصححة (Lettre recommandée) باش تحفظ حقك وتثبت التاريخ اللي خرجت فيه وتبدا تحسب مدة الإعلام.,original
general_knowledge,التربص (Stage) فيه خلاص؟,إذا كان تربص وجوبي متاع قراية، موش لازم الخلاص (أما فمة منح اختيارية). أما إذا كان عقد تربص كيما SIVP ولا Karama، فمة منح معلومة يخلصها العرف وتكملها الدولة.,original
general_knowledge,شكون يخلص قصان الـ CNSS؟,القصان مقسوم: الخدام يخلص نسبة (9.18%) تتنحى من شهريته، والعرف يخلص النسبة الأكبر (أكثر من 16%) تتصب فوق الشهرية.,original
general_knowledge,شنوة شهادة الشغل (Certificat de travail)؟,هي ورقة يعطيهالك العرف كي تخرج من الخدمة، يكتب فيها وقتاش بدأت ووقتاش وفيت وشنوة كنت تخدم. واجبة بالقانون.,original
general_knowledge,كيفاش نلغي كونترا كراء قبل وقتو؟,لازم ترجع لشروط الكونترا. عادة فمة 'تنبيه' (Préavis) لازم تبعثه عدل منفذ قبل بشهر ولا ثلاث شهور. إذا ما فمش تفاهم، تنجم تخسر العربون ولا تخلص شهور الكراء الباقية.,original
general_knowledge,كيفاش نثبت اللي أنا خلصت دين لواحد؟,أحسن طريقة هي 'مخالصة' (Quittance) مكتوبة ومصححة من عند الدائن، ولا وصل تحويل بنكي، ولا 'توصيل' بسيط فيه المبلغ والتاريخ.,original
task_oriented,شنوة هو الـ Dynamic Programming وكيفاش نحل بيه مسألة Climbing Stairs؟,الـ Dynamic Programming (DP) هو تكنيك يحل مشاكل كبيرة عن طريق تقسيمها لمشاكل صغيرة وتخزين النتائج (memoization). في مسألة الدروج (Climbing Stairs)، عدد طرق الوصول للدرجة n هو مجموع طرق الوصول لـ (n-1) و (n-2). هذي بالضبط متتالية فيبوناتشي! تحلها بـ array تخزن فيها النتائج باش ما تعاودش الحساب وتولي السرعة O(n).,original
task_oriented,شنوة أهم مهارات الـ Data general_knowledge اللي لازم نتعلمها؟,لازمك تبدا بـ Python ومكتبات كيف pandas و numpy. من بعد تعلم SQL خاطر الداتا ديما في قواعد بيانات. لازمك زادة تفهم إحصاء واحتمالات. في مرحلة متقدمة، تعلم الـ Machine Learning (كيفاش تعمل نماذج توقعات) والـ Deep Learning بـ TensorFlow ولا PyTorch. وأهم حاجة هي تطبيق اللي تعلمتو على مشاريع حقيقية من Kaggle.,original
task_oriented,أيهما أحسن Netflix ولا Spotify؟,ما يتسماش واحد خير من لخر خاطر الخدمات مختلفة. Netflix للأفلام والمسلسلات، تخلص اشتراك شهري وتتفرج بجودة عالية. Spotify للموزيكا والبودكاست، فيه نسخة بلاش بالإشهارات ونسخة Premium تسمع فيها من غير إنترنت. إذا تحب السهر والفرجة عليك بـ Netflix، وإذا كنت مغروم بالموزيكا ديما في وذنيك، Spotify هو الحل.,original
task_oriented,كيفاش ننظم Gmail متاعي ونرتاح من كثرة الإيميلات؟,"استعمل الـ Labels (التصنيفات) عوض المجلدات، تنجم تعطي للإيميل أكثر من Label. زادة فمة الـ Filters اللي ينظمو الإيميلات وحدهم أول ما يوصلو. استعمل ميزة البحث المتقدم (from:, has:attachment) باش تلقى اللي حاجتك بيه بسرعة. وما تنساش تخدم الـ 2FA (تأمين الحساب بمرتين) باش تحمي خصوصيتك.",original
task_oriented,شنوة الفرق بين threading و multiprocessing في Python؟,الفرق راجع للـ GIL في بايثون. الـ Threading باهي للمهمات اللي فيها انتظار (I/O bound) كيف تحميل ملفات من الإنترنت. الـ Multiprocessing باهي للمهمات اللي تطلب قوة بروسيسور (CPU bound) خاطرها تخدم كل مهمة في بروسيسور مستقل وتتجاوز قيود الـ GIL.,original
task_oriented,كيفاش نعمل برنامج Python بسيط يرحب بالمستخدم؟,"ساهل برشة، استعمل الدالة input():

ism = input('أكتب اسمك: ')
print(f'عالسلامة يا {ism}!')

هذا البرنامج يخلي الكومبيوتر يستنى المستخدم يكتب اسمو، ومن بعد يطبعلو تحية.",original
task_oriented,كيفاش نعمل حلقة for في Python باش نطبع الأرقام؟,"تستعمل دالة range():

for i in range(1, 11):
    print(f'الرقم هو: {i}')

الكود هذا يطبع الأرقام من 1 لـ 10. الـ range ديما يوقف قبل الرقم الأخير بواحد.",original
task_oriented,شنوة الفرق في الخدمة بين Ruby و Python؟,الزوز لغات سهلين وقراب للغة البشر. بايثون (Python) مشهورة برشة في الـ Data general_knowledge والذكاء الاصطناعي. روبي (Ruby) مشهورة برشة في تطوير مواقع الويب بفضل إطار العمل Rails. روبي تعتمد برشة على فكرة 'كل شيء هو كائن' (Object-oriented)، أما بايثون فهي أكثر مرونة وتنوع في الاستعمالات.,original
task_oriented,شنوة حكاية لغة Go وفاش تستعمل في الـ DevOps؟,لغة Go صنعتها Google باش تكون سريعة وسهلة في التعامل مع الـ Concurrency (خدمة برشة حاجات في فرد وقت). في الـ DevOps، أغلب الأدوات القوية كيف Docker و Kubernetes مكتوبين بـ Go خاطرها تطلع ملف تنفيذي (binary) واحد يخدم في أي بلاصة من غير مشاكل الـ dependencies.,original
advice_guidance,أعطيني برنامج تمرين ساهل في الدار لـ 30 يوم؟,ابدا بتمارين بوزن البدن: Push-ups (بومب)، Squats (سكوات)، Plank (بلانك)، و Lunges. الأسبوع الأول اعمل 3 جولات من كل تمرين، وكل أسبوع زيد في التكرار. المهم المواظبة وما تنساش تشرب الماء وترقد مليح.,original
advice_guidance,كيفاش نتعلم الألمانية من الصفر؟,"الألمانية لغة منظمة وقواعدها واضحة. ابدا بأساسيات النطق والـ Articles (der, die, das) اللي هوما أصعب حاجة. استعمل تطبيقات كيف Duolingo ولا Babbel، وتفرج في فيديوهات 'Easy German' على اليوتيوب. السر هو الممارسة اليومية حتى لو 15 دقيقة.",original
general_knowledge,شنوة تأثير السوشيال ميديا على علاقاتنا؟,السوشيال ميديا قربت البعيد لكنها زادة بعدت القريب. ولينا نعيشو في مقارنات فارغة مع تصاور 'مثالية' موش حقيقية. الحل هو 'Digital Detox' من وقت لوقت، ونعطيو قيمة للقعدات المباشرة وجه لوجه بعيد على التيليفونات.,original
general_knowledge,شنوة هي الـ CTI في تونس وكيفاش تخرجها؟,الـ Carte Technologique Internationale هي كارطة بنكية مسبقة الدفع تخليك تشري من الإنترنت (مواقع أجنبية) بليميت 1000 دينار في العام للأفراد. تمشي لأي بنك ولا لـ 'البوسطة' ببطاقة تعريفك وتطلبها. باهية برشة للناس اللي تحب تخلص اشتراكات كيف Netflix ولا تشري domain names.,original
general_knowledge,كيفاش يخدم الساتليت في الفضاء؟,الساتليت يدور بحذا الأرض بسرعة كبيرة تخليه ما يطيحش (توازن بين الجاذبية والسرعة المدارية). يستمد طاقتو من ألواح شمسية، ويبعث ويستقبل المعلومات عن طريق موجات الراديو مع محطات أرضية. فمة ساتليتات للاتصالات، للتصوير، وللـ GPS.,original
general_knowledge,أعطيني تطبيقات تنظم الوقت وتزيد الإنتاجية؟,تطبيق Notion هو الأقوى خاطر يجمع كل شيء. عندك زادة Todoist للقوائم السهلة، و Forest اللي يعاونك تنقص من استعمال التيليفون عن طريق زراعة شجر افتراضي. المهم موش التطبيق، المهم الالتزام بالسيستيم اللي تحطو.,original
general_knowledge,كيفاش تخرج تقرا لبرا من تونس؟,أكثر وجهة هي فرنسا عن طريق Campus France. لازمك تنجح في امتحان اللغة (TCF ولا DELF) وتحضر dossier قوي. فمة زادة ألمانيا (لازم لغة ألمانية) والمجر (منحة Stipendium) وكندا. ابدا حضر أوراقك قبل بعام كامل.,original
advice_guidance,شنوة هو الـ Blockchain وكيفاش نتعلم الـ Smart Contracts؟,البلوكشين هو سجل رقمي موزع ما ينجم حد يبدل فيه. باش تبرمج Smart Contracts، لازمك تتعلم لغة Solidity اللي هي اللغة الأم لشبكة Ethereum. ابدا بـ CryptoZombies، هو موقع يعلمك البرمجة باللعب، ومن بعد تعمق في الـ Security خاطر أي غلطة في الكود تنجم تضيع برشة فلوس.,original
advice_guidance,شنوة الفرق بين التضخم والركود الاقتصادي؟,التضخم (Inflation) هو كي تغلى الأسعار وتطيح قيمة الفلوس (مثلا الخبزة تولي بـ 500 فرنك عوض 250). الركود (Recession) هو كي الاقتصاد ياقف، الشركات ما عادش تبيع، والبطالة تزيد. تونس توة تعاني من 'Stagflation'، يعني غلاء أسعار مع نقص في النمو، وهذا وضع صعيب برشة يتطلب إصلاحات كبيرة.,original
advice_guidance,شنوة هو الصيام المتقطع وفاش يصلح؟,الصيام المتقطع (Intermittent Fasting) هو أنك تاكل في وقت معين وتصوم بقية الوقت، أشهرها 16/8 (تصوم 16 ساعة وتاكل في 8 سوايع). يعاون برشة في حرق الدهون، ينقص التهابات الجسم، ويحسن التركيز. في وقت الصيام تنجم تشرب كان الماء، قهوة كحلة، ولا تاي بلاش سكر.,original
student_life,شنوة هو الـ Constituency Parsing في معالجة اللغات؟,هو طريقة يحللو بيها بنية الجملة في الـ NLP. يقسمو الجملة لـ 'مكونات' هرمية (مثلاً: جملة اسمية وجملة فعلية). هذي التقنية تعاون الكومبيوتر باش يفهم القواعد متاع اللغة وكيفاش الكلمات مربوطة ببعضها.,original
student_life,كيفاش يخدم الـ Few-Shot Learning في الـ AI؟,هو أنك تعطي للـ AI (كيف ChatGPT) شوية أمثلة (2 ولا 3) في الـ prompt باش يفهم المهمة اللي تطلبها منو. الـ AI توة ولا ذكي لدرجة انه يفهم النمط بسرعة من غير ما نحتاجو نبرمجوه من جديد (Fine-tuning).,original
everyday_conversation,احكيلي على القراية وستريس المناظرات (Concours).,وقت المناظرات في تونس، الديار تولي كيف الثكنة العسكرية. 'سكر التلفزة'، 'قوم اقرأ'، 'كول الزبيب باش تذكى'. التلميذ يولي وجهه اصفر من السهر والتمارين. نهار النتيجة، يبدأ الرعاش والانتظار قدام الكمبيوتر. وكي تطلع 'Admis'، الدار تشعل بالزغاريد والكسكسي يحضر للاحباب.,original
student_life,لقيت ستاج أما بعيد برشا على دارنا، فمة مساعدات للنقل للطلبة؟,تنجم تستعمل اشتراك النقل المدرسي والجامعي اللي يكون سومه رمزي. زادة، حاول تسأل الشركة إذا عندهم ترانسبور سبيسيال ولا إمكانية خدمة تلي-ترافايل (Télétravail) بعض الأيام.,original
student_life,فمة دي لوجيسيال يعاونوا في تنظيم المراجع في الرابور؟,إي، تنجم تستعمل زوتيرو (Zotero) ولا مندلي (Mendeley). هاذم ينظمولك لبيبليوغرافيا بصفة أوتوماتيكية ويربحوك برشا وقت في الميز اون فورم.,original
student_life,البي اف ولا متاعي فيه بارتي براتيك كبيرة، تنصحني نستعمل ليتيكس (LaTeX) باش نكتب الرابور؟,ليتيكس هو أحسن شوا بالنسبة لليزيتوديونت اللي عندهم برشا فورمولات ماتيماتيك وشيماوات تقنية. يعطيك ميز اون باج بروفيسيونال برشا، أما لازمك تخصصله شوية وقت في اللول باش تتعلم السانتاكس متاعه.,original
student_life,لقيت ستاج بي اف ولا في ستارتاب (Startup) صغيرة، هل هذا باهي للسيفي متاعي ولا نلوج على شركة كبيرة؟,الخدمة في ستارتاب تعطيك فرصة باش تتعلم برشا حاجات في وقت قصير وتتحمل مسؤوليات حقيقية. الشركات الكبار باهين للسمعة، أما الستارتاب تنجم تطورك تيكنيكمون بطريقة أسرع برشا.,original
student_life,وقتاش يبدا صبان الدوسيات متاع الماستير (Mastère)؟,عادةً يبدا في شهر جوان وجويلية عبر لبلاتفورم متاع كل جامعة. لازمك تتبع السيتات الوفيسيال خاطر كل فاك عندها الديلي والسكور الخاص بيها.,original
student_life,أنا في سيمستر 2 ونحب نراشبي (Rattrapage) المويان متاع السيمستر 1، قداش لازم نجيب؟,لازمك تجيب نوت تخلي المويان جينيرال (Moyenne générale) متاع العام كامل يوصل لـ 10. الحساب يكون بجمع مويان السيمسترين وقسمتهم على ثنين.,original
student_life,نجم نعمل ستاج في الخارج؟ والفوايي يخلصوهولي؟,إي تنجم، أما لازمك تلقى الشركة وحدك وتوافق عليها الفاك. بخصوص المصاريف، فمة بروغرامات كيف (Erasmus+) يعطيو منح، ولا الشركة هي اللي تتكفل بيك.,original
student_life,كيفاش ننظم وقتي بين الرويزيون والدار والسبور؟,استعمل ميثود (Pomodoro) للخدمة، ونظم نهارك بليستة متاع (To-do list). خلي السبور في وقت ميت (مثلاً العشية) باش يجددلك طاقتك للقراية في الليل.,original
student_life,نحب نشري بي سي (PC) باهي للقراية، شنوة ليزيكسجونس تيكنيك؟,حسب الدومان، أما بصفة عامة لازم يكون فيه على الأقل 8 جيجا رام (RAM) وديكس ديور (SSD) باش يكون سريع. إذا تخدم قرافيك ولا مونتاج، لازم كارت قرافيك قوية.,original
student_life,نجم نستعمل الذكاء الاصطناعي (AI) باش نكتب بارتيات من الرابور؟,تنجم تستعمله باش يحسنلك اللغة ولا يعطيك أفكار، أما رد بالك من البلاجيا (Plagiat). ليزوتيل متاع التثبت يفيقوا بالكونتنو المخدوم بالذكاء الاصطناعي، وهذا ينجم يضرك.,original
advice_guidance,كيفاش نقسموا لفلوس متاع الماتيريال اللي شريناه للبروجي؟,من اللول لازم تعملوا ميزانية (Budget) واضحة وكل واحد يساهم بلقسط متاعه. احتفظوا بكل الفواتير (Factures) باش في اللخر تعرفوا قداش صرفتوا بالضبط.,original
student_life,نحب نخرج إيراسموس (Erasmus)، شنوة السكور اللي لازم يكون عندي؟,لازم يكون عندك مويان قوي (عادةً فوق 12 ولا 13) وتكون متمكن من اللغة (فرنساوي ولا أنقليزي). السكور يتحسب زادة بناءً على ليزاكتيفيتي متاعك في الفاك.,original
student_life,كيفاش نجم ناخذ كارني دي سوين (Carnet de soins) للطلبة؟,تمشي لمركز الصحة الجامعية القريب منك ومعاك شهادة ترسيم وتصويرتين. الكارني هذا يخليك تعدي بلاش وتلقى دويات في 'انفيرمري' الفاك ولا في السبيطارات العمومية.,original
advice_guidance,أنا شيف دي جروب (Chef de groupe) وكيفاش نسير الريونيونات باش ما نضيعوش وقت؟,حضر 'أجندا' قبل كل اجتماع وحدد النقاط اللي لازم تتفض. استعمل أدوات كيف 'تريلو' (Trello) باش تتبع 'الافانسمون' متاع كل حد وتعرف شكون واحل في 'تاش' معينة.,original
student_life,سمعت اللي فمة بورص ديتود (Bourse détude) لفرنسا، شنوة الديلي متاعها؟,لازم تتبع موقع 'كامبيس فرانس' ومنح السفارة الفرنسية. عادةً التقديم يسكر في جانفي ولا فيفري للسنة الجامعية القادمة. 'الدوسي' لازم يكون فيه 'ليتر دي موتي فاسيوم' قوية.,original
student_life,هل البلاجيا (Plagiat) يتحاسبوا عليها برشا في السوتونونس؟,أكيد، الفاك تستعمل لوجيسيال 'أونتي بلاجيا'. إذا فاتت النسبة المسموح بيها (عادةً 15-20%)، البروجي ينجم يترفض وتتعرض لعقوبات تأديبية. ديما أعمل 'بارافراز' واذكر ليزورس.,original
student_life,نحب نطلع كارني دي شيك (Carnet de chèques) وأنا طالب، ممكن؟,إي، برشا بنوك توفر 'باك توديونت' فيه كارت بلاش وحساب جاري. الشيكات تنجم تاخذهم إذا عندك دخل قار ولا ضامن (Parent)، ويفيدك برشا في خلاص الكراء والترسيم.,original
student_life,وقتاش الريدوبلمون (Redoublement) يولي يطرد من الفاك؟,في نظام 'الأمد' (LMD)، عندك الحق في عدد معين من السنين (مثلاً 5 سنين في الليسانس). إذا فتها، تولي 'نون أوتوريزي' ولازمك تعمل مطلب 'ديروغاسيون' باش يخليوك تزيد عام.,original
student_life,الشركة طلبت مني نخدم ستايج تيليترافاي (Télétravail)، تنصحني بيه؟,باهي إذا كان السوجي تيكنيك واضح وعندك 'أنكادرمون' أونلاين باهي. أما الستاج 'بريزونسيال' يخليك تعيش 'الأمبيانس' متاع الخدمة وتعمل علاقات مهنية (Networking) أحسن.,original
student_life,كيفاش نعمل الميز اون باج (Mise en page) متاع ليزيماج في الرابور باش ما يهربوش؟,إذا تخدم بالـ 'وورد' (Word)، استعمل الـ 'كابشن' (Caption) لكل تصويرة ونظمهم بـ 'الراب تكست'. أما أحسن حل هو 'اليتيكس' (LaTeX) اللي ينظم ليزيماج بصفة آلية ويحافظ على 'الستريكتير' متاع الرابور.,original
student_life,أنا نقرا ليسانس ونحب نعمل باغكور (Parcours) تبادل مع جامعة كندا، ممكن؟,كندا عندها اتفاقيات خاصة مع تونس. لازم تثبت في 'لي كولابوراسيون' متاع جامعتك. الاكثرية يطلبوا 'توفل' (TOEFL) ولا 'آيلتس' (IELTS) ومويانات قوية في السنين اللي فاتوا.,original
student_life,نحب نطلع كارني دي شيك بالدولار خاطر نخدم فريلانس (Freelance)، الفاك تعاونني؟,الفاك ما عندهاش دخل، أما تنجم تطلع 'كارت تكنولوجيك' من البنك بـ 'أتيستاسيون دو سكولاريتي'. بالنسبة للحساب بالدولار، لازمك 'باتيندة' ولا وضعية قانونية كـ 'فريلانسر' باش تفتح حساب 'سوفيز' (Devises).,original
student_life,شنوة الفرق بين الـ ديدلاين متاع الـ ديبو (Dépôt) والـ سوتونونس (Soutenance)؟,الـ 'ديبو' هو التاريخ الأخراني باش تصب الرابور فينال في الإدارة (نسخ ورقية وسيدي). الـ 'سوتونونس' هي التاريخ اللي باش تقابل فيه الجوري وتفسر خدمتك، وفي العادة تكون بعد 'الديبو' بجمعة ولا جمعتين.,original
student_life,ضاعتلي نسخة الباك الأصلية، كيفاش نطلع دوبليكاتا (Duplicata)؟,لازمك تمشي للإدارة العامة للامتحانات في تونس (باب بنات). تعمر مطلب وتستنى مدة باش يخرجولك نسخة رسمية جديدة، ورد بالك تضيعها خاطرها تخرج مرة وحدة.,original
student_life,نحب نعرف فمة تأمين (Assurance) للطلبة في الفاك ضد الحوادث؟,إي، معلوم الترسيم اللي تخلصه كل عام فيه 'أسيرونس سيكولير'. إذا صارلك حادث (لا قدر الله) وسط الفاك ولا في الـ 'ترانسبور'، عندك الحق في تعويض، لازم تعلم الإدارة فوراً.,original
student_life,شنوة أحسن لوجيسيال لعمل الـ كوفيرتير (Couverture) متاع البي اف او؟,الفاك عادة توفر 'تمبليت' (Template) جاهزة وورد ولا ليتيكس لازم تلتزم بيها. إذا عندك حرية، استعمل 'كانفا' (Canva) ولا 'أدوبي إن ديزاين' باش تطلع حاجة 'كلين' و 'برو'.,original
student_life,وقتاش تفتح الـ بورص (Bourse) متاع الماستير وكيفاش تختلف على الليسانس؟,التقديم يكون في أول العام الجامعي. الفرق إنو الـ 'سكور' يولي يعتمد أكثر على نتايج الليسانس والـ 'كلاسمنت' بتاعك، بالإضافة للدخل المادي للدار.,original
student_life,كيفاش نعرف روحي ريدوبلون (Redoublant) ولا أدمي (Admis) بالـ ديت (Dette)؟,إذا مويانك العام بين 9 و 10، وعندك ماتيارات ما نجحتش فيهم، تنجم تتعدى بالـ 'ديت' (تنجح وتعدي الماتيارات هذوكم العام الجاي). القرار يرجع للـ 'جوري' في المداولات.,original
student_life,نحب نعرف الـ كالاندريي متاع الـ راترايباج (Rattrapage) وقتاش يهبط؟,يهبط عادة جمعة بعد نتايج الـ 'برانسيبال'. الـ 'راترايباج' يكون في جوان ولا جويلية. ننصحك تبدا تراجع للماتيارات اللي شكيت فيهم من توا وما تستناش الـ 'أفيشاج' لخراني.,original
student_life,نجم نكتب البي اف ولا بـ شات جي بي تي (ChatGPT)؟,استعملو كـ 'أسيستون' باش ينظم أفكارك ولا يصححلك اللغة، أما إياك تعمل 'كوبي كولي'. الـ 'جوري' باش يفيق بيك في الأسئلة التقنية، وزادة ليزوتيل 'أونتي-اي اي' (Anti-AI) ولات موجودة في الفاك.,original
advice_guidance,عندي 3 شهور المعدة حارقة عليّ ديما ونحس بڨلبي معبي، ووزني قاعد يطيح، شنوة هذا؟,الحريقة الطويلة ونقص الوزن لازمهم تثبيت. لازمك تعمل 'منظار' (Fibroscopie) باش الطبيب يشوف المعدة من داخل ويقرر الدواء الصحيح.,original
advice_guidance,نحاو لي ورم من تحت الإبط أما خلو طرف بقايا خاطر قريبة للعروق، ياخي البقايا هذي خطر؟,في الحالات هذي، الطبيب يوازن بين خطر العملية وخطر البقايا. لازمك 'مراقبة' بالسكانير ولا السونار ديما، وساعات يكملوا 'الأشعة' (Radiothérapie) باش يقضوا على ما تبقى.,original
advice_guidance,حلقي شايح ديما ونشرب الماء برشة ونمشي لتوالات برشة، شنوة هذا؟,هذي علامات باينة متاع 'سكر'. برا أعمل تحليل سكر صايم (Glycémie à jeun) في أقرب وقت باش تقطع الشك.,original
advice_guidance,عندي التهابات قوية من لوطة وعذبتني، شنوة الحل؟,لازمك 'مزرعة' (Prélèvement) باش نعرفوا نوع الميكروب ولا الفطريات. أخطاك من خلطات العرعار وغيرها، الطبيب يعطيك التحاميل المناسبة.,original
advice_guidance,وجهي وصدري وضهري معبيين بحبوب حمراء فيها القِحة، والطبيب عطاني بوماضة وما نفعتش، شنوة نعمل؟,هذا حب شباب (Acné) قوي شوية. كان 'البومادة' ما قضت شي، لازمك دواء بالحق (كِيما الـ Curacné) أما لازم تحت مراقبة طبيب جلدة وتحاليل كبدة كل شهر.,original
advice_guidance,عندي دم يخرج بعد ما نكمل التبرز، الدم وحده مووش مخلط بالخروج، وعمري 35 سنة، شنوة هذا؟,أي دم يخرج من التالي لازم يثبت فيه الطبيب بـ 'المنظار' (Colonoscopie) باش يتأكد اللي المصران نظيف، وبعدها يقرر كانها بواسير ولا حاجة أخرى.,original
advice_guidance,هبلتني البواسير، جربت برشة تحاميل (Suppositoires) وما نفعوش، الحكة نقصت أما الإمساك والبواسير باقين. نعمل عملية؟,كان الدواء ما عادش يقضي، تولي العملية هي الحل سواء بالاستئصال ولا فمة طرق أخرى كِيما ربط العروق اللي تغذي البواسير (THD) باش تذبل وتموت.,original
advice_guidance,ياخي المرمى (المساج) باهي للي عنده عرق النسا (Sciatique)؟,في وقت الوجيعة القوية (Crise)، المرمى تزيد تشعل الالتهاب. لازم دواء وراحة، وكِي تبرد الوجيعة، تنجم تعمل مساج طبي (Kinésithérapie) باش تسرح العضلة اللي ضاغطة على العصب.,original
advice_guidance,ياخي الحنة باهية للفطريات متاع الساقين (Champignons)؟,إي نعم، الحنة فيها مواد طبيعية تقتل البكتيريا والفطريات وتشيح البلاصة. هي باهية برشة للوقاية، أما كان الفطريات كلات الظفر، لازم دواء (Vernis) من الصيدلية.,original
advice_guidance,عندي فشلة ديما في ركايبي كِي نطلع الدروج، شنوة السبب؟,تنجم تكون نقص 'فيتامين D' ولا بداية تآكل في غضروف الركبة (Arthrose). ثبت بروحك كانك توزن برشة، خاطر الثقل هو العدو الأول للركايب.,original
advice_guidance,علاش كِي نقرص روحي في يدي الجلدة ما ترجعش ديريكت لبلاصتها؟,هذا اختبار 'الجفاف' (Déshydratation). كان الجلدة تبقى واقفة، يعني بدنك ناقص ماء برشة وفقد الليونة متاعه. اشرب الماء بانتظام تو ترجع الجلدة تتجبد كِيما الاستيك.,original
advice_guidance,علاش كِي نشم ريحة القلاية ولا حاجة مقلية قلبي يغم عليا؟,تنجم تكون علامة على مشكل في 'المرارة' (Vésicule biliaire). المرارة هي اللي تهضم الدهون، وكِي تبدأ مريضة ولا فيها حجرة، تولي ترفض ريحة المقلي وتعملك رداد وغمة.,original
advice_guidance,ياخي القارص (الليمون) ينحي الجير من السنان؟,رد بالك! القارص فيه أسيد قوي يآكل طبقة 'المينا' (Émail) ويخلي السن تولي حساسة وتتسوس بسرعة. الجير ما يتنحى كان عند الدونتيست (Détartrage).,original
advice_guidance,عندي التهاب في البروستات، شنوة الدواء؟,الدواء الأساسي هو مضاد حيوي (Antibiotique) يطول شوية (من 4 لـ 6 أسابيع) باش يقضي على الميكروب. ولازمك مسكنات وراحة وتبع مع طبيب مسالك بولية.,original
advice_guidance,عندي وجيعة في جنبي اليمين من لوطة وماشية لضهري، شنوة تنجم تكون؟,ينجم يكون التهاب في المرارة (بالحجر ولا بلاش)، ولا المصرانة الزايدة (Crise d'appendicite)، ولا حتى وجيعة كولون. لازمك تعمل سونار (Échographie) عند طبيب معدة باش تثبت.,original
advice_guidance,خويا مريض بالانفصام (Schizophrénie) وما يحبش يقتنع اللي هو مريض، كيفاش نداويه من غير حرابش؟,في حالة الانفصام، الدواء هو الأساس (الدرجة الأولى) باش الحالة تستقر. الدواء يعاون المخ يرجع يخدم مريغل، ومن بعد يجي الدور متاع العلاج النفسي والسلوكي. لازم تقنعوه يشوف طبيب أعصاب ونفسية.,original
advice_guidance,نتهته (التلعثم) في الكلام من صغري وتوا عمري 23 سنة ومازالت، ياخي المشكل عضوي ولا نفسي؟,الأغلب المشكل نفسي (خوف، ستريس، ولا صدمة قديمة). المستحسن تشوف طبيب نفسي وحصص تقويم نطق (Orthophonie)، تو بالتمارين تولي تسرح في الكلام.,original
advice_guidance,عملت تحليل (HIV) بعد 15 يوم وطلع سالب، يكفي؟,15 يوم مدة قصيرة. لازم تعاوده بعد 3 أسابيع ولا شهر باش النتيجة تكون مضمونة 100%.,original
advice_guidance,مريض سكر ونحس بـ تنميل في ساقيا، حتى الماء السخون ما نفيقش بيه، مناش؟,هذا تأثير السكر على الأعصاب (Neuropathie). لازمك تعمل تخطيط أعصاب (EMG) وتاخذ فيتامينات B ومقويات للأعصاب باش الحالة ما تزيدش.,original
advice_guidance,زوجتي حبلة وعندها بوصفير B (Hépatite B)، فمة خطر على الصغير؟,لازمها تاخذ التلقيح (المطعوم) ديريكت باش تحمي الجنين. وبإذن الله الصغير يتولد لاباس كان تبعتوا تعليمات الطبيب.,original
advice_guidance,ولدي عمره 4 سنين، تحليل (CRP) طلع 25، شمعناها؟,يعني فمة 'انفلاماسيون' (التهاب) في بدنه. لازم الطبيب يثبت وين بالضبط، ينجم يكون في الحلق، في الصدر، ولا في البول. لازم دواء.,original
advice_guidance,ناخذ في دواء الغدة الدرقية والبريود غابت شهرين، وعملت تحليل حمل وطلع سلبي، الدواء يغيرها؟,الدواء بيدو لا، أما الغدة كِي تبدأ مووش مريڨلة (طالعة ولا هابطة) هي اللي تخربق البريود. أعمل تحليل (TSH) وثبتالدوزة مع طبيبك.,original
advice_guidance,عندي حكة في راس القضيب وعندي سيلان، شنوة نجم نستعمل؟,"السيلان لازمك تعمل عليه تحاليل أمراض منقولة جنسياً (Sida, Hépatite) باش تتطمن، واستعمل كريم 'جاراميسين' وما تسكتش على السيلان.",original
advice_guidance,ياخي فقر الدم (Anémie) مرض مزمن يقعد طول العمر؟,لا، فقر الدم عنده برشة أسباب (نقص حديد، نقص فيتامينات..). كِي تداوي السبب وتاكل بالباهي، يبرى البدن وترجع لاباس.,original
advice_guidance,عندي وجيعة في معدتي ودوخة وخوف من الموت وغازات، عندي 7 شهور هكا، شنوة هذا؟,الأغلب هذا 'تشنج كولون' (Colon irritable) من الستريس والقلق. خوذ دواء للغازات وحاول ترتاح نفسياً، وكان لزم شوف طبيب هضمية.,original
advice_guidance,عندي ناصور (Fistule) ونحب كريم يحميني من الفطريات، شنوة تنصحني؟,الناصور ما يداواش بالكريمات. الكريمات تضيع في الوقت. لازم عملية جراحية باش تنظف البلاصة وترتاح من الوجيعة والوخز.,original
advice_guidance,عندي نقص فيتامين د وعظامي تسطر وشعري يطيح، شنوة الحل؟,لازمك جرعات فيتامين د (Ampoules) وتتعرض للشمس، واعمل تحليل غدة درقية (TSH) خاطر تنجم تكون هي سبب تساقط الشعر.,original
advice_guidance,عندي 21 سنة ودورتي ماهيش منتظمة عندها مدة طويلة، شنوة نعمل؟,"لازم تعمل تحليل هرمونات (FSH, LH) وتثبت في الغدة الدرقية، وتعمل سونار على المبايض باش تشوف لا فمة تكيس (PCO).",original
advice_guidance,ساقي اليمين ديما توجعني وباردة وتنمّل، شنوة السبب؟,الأسباب برشة: تنجم تكون من 'عرق النسا' (Sciatique)، ضغط على الأعصاب في الظهر، ولا مشكلة في الدورة الدموية. لازم فحص عند طبيب.,original
advice_guidance,بنيتي عمرها 5 شهور وجاها بوشوكة (Varicelle)، لازم نلقحلها توة ولا لا؟,لا يا لالة، مادام جاها بوشوكة بدنها عمل مناعة طبيعية ودائمة. ما عادش تستحق التلقيح، أمورها هانية.,original
advice_guidance,صار جماع مع شخص سليم أما بلاش قذف لداخل، يتعدى السيدا (SIDA)؟,كان الشخص سليم (وعامل تحاليل) ما فمة شي. أما بصفة عامة، السيدا تتعدى بمجرد الإيلاج حتى بلاش قذف. لازم الحذر ديما.,original
advice_guidance,في رمضان، أول ما ناكل كعبة تمر ونشرب حليب نرد اللي في جوفي الكل، شنوة الحل؟,هذا يتسمى 'فشل معدة' (Gastroparesis) ولا قرح مخفي. لازمك تعمل تحاليل و'منظار' (Fibroscopie) باش تثبت المعدة علاش ترفض في الماكلة أول ما يدخلها شي.,original
advice_guidance,هرمون الـ (FSH) عندي 40، يصير حمل؟,الرقم هذا عالي برشة ويعني اللي المبايض تعبت. فمة أدوية تعاون باش يطيح شوية، أما الحمل في الحالة هذي يحبله متابعة طبية دقيقة برشة.,original
advice_guidance,نحس في هزاز كِيما التليفون في قلبي، وعمري 50 سنة؟,هذي تتسمى 'رفرفة' (Palpitation). لازمك تعمل تخطيط قلب (ECG) وتشوف 'إيكو' باش تتأكد اللي دقات القلب مريغلة وما ثماش تعب.,original
advice_guidance,وخرت عليّ الدورة 5 أيام وعمري ما صرتلي، عملت تست الدار وطلع سلبي. ياخي نجم نطلع حبلة رغم التحليل؟,إي نعم، ينجم يكون فمة حمل أما مازال ما بانش في البول خاطر الهرمون ضعيف. 'تست' الدار ساعات يغلط في البداية. أحسن حل وأضمن حاجة هي إنك تمشي تعمل 'تحليل دم رقمي' (Beta HCG). هذاك هو اللي يعطيك الصحيح ويقلك فمة حمل ولا مجرد تأخير عادي.,original
advice_guidance,علاش كِي نشربوا حاجة مثلجة برشة يحس الواحد كأنه مخّه تجمد ووجيعة قوية في راسه لثواني؟,هذي تتسمى 'تجميد المخ' (Brain Freeze). كِي حاجة باردة برشة تمس سقف الفم، العروق اللي غادي تتكبز فيسع وبعد تتحل بقوة. هالتغيير السريع في حجم العروق يبعث إشارة وجع قوية للمخ يحسها الواحد في جبهته وفي عينه. الحل كِي تصيرلك، الصق لسانك في سقف فمك باش تسخنه فيسع، وتو تطير الوجيعة في لحظة.,original
advice_guidance,شنوة حكاية عروق ساقيك اللي تولي منفوخة وزرقاء (السيال)؟ ياخي من وقفة النهار الكل ولا فمة سبب آخر؟,هذيك تتسمى 'الدوالي' (Les Varices). العروق في الساقين فيهم 'فالفات' (صمامات) تمنع الدم باش يرجع لوطا بفعل الجاذبية. كِي تاقف برشة ولا يكون فمة وزن زايد، هاك الصمامات يضعفوا والدم يبدأ يركد ويتجمع، وهذاك اللي يخلي العرق يتنفخ ويزرق. الحل موش كان في الحرابش؛ لازمك تلبس 'الشورات' (الجوارب الضاغطة)، تحاول ما تاقفش برشة فرد بلاصة، وكِي تروح للدار ارفع ساقيك للفوق فوق مخدة باش تعاون الدم يرجع للقلب بسلاسة.,original
advice_guidance,علاش كِي نجريو برشة ولا نعملوا مجهود فجئي، نحسوا بوجيعة قوية في جنبنا (Point de côté) تخلينا نقصوا الجري؟,الوجيعة هذيك الاكثرية تجي من 'الحجاب الحاجز' (المسكول اللي يعاونا على النفس). كِي تجري وتتنفس فيسع وقوة، ولا كِي تبدأ واكل قبل الجري، الدم يمشي للمسكولات القوية ويخلي الحجاب الحاجز يتشنج شوية خاطر نقص عليه الأكسجين ولا تضغط عليه المعدة. الحل كِي تشدك الوجيعة: نقص في السرعة، خوذ نفس عميق وخرج الهوا بالسياسة (Pursed lips breathing)، واضغط بيدك شوية على بلاصة الوجيعة تو تسيبك في دقيقة.,original
advice_guidance,ياخي فمة منها حكاية الزكام يخرج بالتعرق؟ يعني الواحد كِي يمرض لازم يلبس برشة ويتغطى بالباهي باش يعرق ويبرأ؟,هذي من العادات القديمة اللي فيها شوية غلط. العرق في حد ذاته ما يخرجش الفيروس، الفيروس يقتله الجهاز المناعي كِي تطلع السخانة. كِي تغطي روحك برشة وإنت عندك سخانة، تنجم تطلع درجة سخانة بدنك لمستوى خطر (Déshydratation). الباهي هو إنك تلبس حاجة مريحة، تشرب برشة سوائل، وتخلي بدنك يبرد روحه بالسياسة. التعرق هو علامة اللي السخانة بدأت تنزل، موش هو اللي يداوي المرض.,original
advice_guidance,علاش ساعات كِي نكونوا في بلاصة كالم، نسمعوا وشوشة ولا تصفير في وذننا (Acouphènes) من غير ما يكون فمة حس لبرة؟,التصفير هذا ينجم يكون لعدة أسباب: ساعات شوية وسخ (بوشون) في الوذن، ساعات من كثرة استعمال 'الكيت' والحس القوي اللي يتعب عصب السمع، وساعات حتى من 'الستريس' ولا ضغط الدم العالي. كِي تتكرر الحكاية برشة، لازم طبيب وذنين (ORL) يثبت، خاطر ساعات تكون مجرد تشنج في عضلات الوذن الصغيرة، وساعات تكون تنبيه اللي السمع بدأ يضعف شوية ولازم نحميوا وذننا من الحس.,original
advice_guidance,ياخي بالرسمي المضاد الحيوي (Antibiotique) يضعف المناعة ويخلي الواحد يمرض فيسع من بعد؟,المضاد الحيوي يقتل البكتيريا الخايبة، أما المشكلة أنه يقتل معاها 'البكتيريا الباهية' اللي تعيش في مصراننا (البروبيوتيك) وهي جزء كبير من المناعة. هذاك علاش كِي تكمل الدواء تحس روحك فاشل ومعدتك تتقلب. هو ما يضعفش المناعة 'ديريكت'، أما يخل بـ 'التوازن' لداخل. نصيحة: كِي تاخذ أنتي بيوتيك، كول معاه 'الرايب' ولا 'الياغورت الطبيعي' باش ترجع البكتيريا الباهية لبدنك وتقوي مناعتك من جديد.,original
advice_guidance,عندي مدة يهبط عليّ دم بني وساعات ماء أحمر في غير وقت الدورة، شنوة السبب؟,الدم البني ولا 'الماء الأحمر' في نص الشهر ينجم يكون علامة بسيطة على 'وقت التبويض'، يعني المبيض قاعد يخدم. أما كان الحكاية تكررت برشة وبقوة، لازمك تعمل 'تلفزة' (سونار) باش نثبتوا في عنق الرحم لا تكون فمة جرح صغير ولا لحمية (Polype) هي اللي تسيب في هاك السوائل.,original
advice_guidance,عندي حرقان بول قوي بعد الجماع، شنوة نعمل؟,الحالة هذي شائعة وتتسمى 'التهاب شهر العسل'. لازمك تعمل تحليل بول ومزرعة (ECBU) ديريكت، وتاخذ المضاد الحيوي اللي يكتبهولك الطبيب، واشرب برشة ماء.,original
advice_guidance,عندي فتق (Hernie) عنده 5 شهور، والطبيب قالي لازم عملية وشبكة، نجم نصبر شهرين آخرين؟,الفتق كِي يبدأ موجود، أحسن حل هو العملية والشبكة باش ما يكبرش ولا 'يتخنق' (Hernie étranglée) وتولي حالة استعجالية وصعيبة. المستحسن تعملها في أقرب وقت وما توخرش برشة.,original
advice_guidance,عندي ناسور (Fistule) عنده عام ونصف ويخرج في الدم، ونخاف من العمليات، شنوة الحل؟,الناسور ما يداوى كان بالجراحة. الصبر عليه وهو ينزف هكاك ينجم يعملك تعفن (Abcès) ومشاكل أكبر. ما تخافش، العمليات توا سهلت وتريحك من الوجيعة والدم نهائياً.,original
advice_guidance,دورتي منتظمة أما الدم هبط اكحل، وأنا معرسة وجديدة؟,الدم الاكحل هو مجرد دم 'قديم' تعطل باش هبط. أما مادام تحليل الهرمون (FSH) طلع طالع برشة (126)، لازمك متابعة دقيقة مع طبيب غدد خاطر النسبة هذي تخوف شوية على المباِيض.,original
advice_guidance,عندي تڨريعة (تجشؤ) حامضة وتطلع في صدري، شنوة السبب؟,هذا يتسمى 'Reflux' (ارتجاع المريء). الحموضة متاع المعدة قاعدة تطلع للفوق. ابعد على الماكلة الحارة، المقلي، وما ترقدش ديريكت بعد العشاء.,original
advice_guidance,علاش كِي نتوتر فم معدتي يتكبز وما عدتش نجم ناكل؟,المعدة هي 'المخ الثاني' للإنسان. فيها برشة أعصاب تتأثر بالتوتر (Stress). كِي تتفجع ولا تتوتر، المعدة تتشنج وتسكر الشهية. لازمك تركح أعصابك باش الماكينة ترجع تخدم.,original
advice_guidance,عندي نمنمة (تنميل) في صوابع يدي كِي نخدم بالبيسي؟,هذا ضغط على العصب في المعصم (Carpal Tunnel). لازمك ترتاح وتبدل وضعية يدك، ولا تستعمل 'فارة' (Souris) طبية باش العصب ما يقعدش مخنوق.,original
advice_guidance,الدورة انقطعت شهرين ورجعت نهار واحد بريحة خايبة وحكة، شنوة هذا؟,الريحة والحكة علامة واضحة على وجود 'التهابات' ميكروبية ولا فطريات. لازمك تمشي لطبيبة نساء تعملك فحص ومسحة (Prélèvement) باش تعطيك التحاميل (Ovules) المناسبة.,original
advice_guidance,شنوة أحسن نوع عدسة للعين بعد عملية الماء الأبيض (Cataracte)؟,العدسات الأمريكية 'أحادية البؤرة' (Monofocal) ممتازة للرؤية الليلية والسياقة. طبيبك هو اللي يختار الماركة اللي تمشي مع قياس عينك بالضبط.,original
advice_guidance,عندي دوالي (Varices) في ساقيا عندها 15 سنة، ثمة دواء ينحيها؟,"الدوالي العميقة ما تتنحاش بالدواء. الحل الأول هو 'الشراب الطبي' (Bas de contention) باش يخفف الضغط، والحل النهائي هو 'الليزير' ولا الجراحة كِي تبدأ مقلقة برشة.
",original
advice_guidance,عندي حرقان في بدني الكل والأدوية النفسية ما نفعتش، شنوة الحل؟,ساعات الوجيعة الجسدية تكون 'تعبير' على قلق نفسي عميق (Somatisation). لازم تواصل العلاج النفسي 'بالكلام' (Thérapie) موش كان بالحرابش، باش تفهم السبب الدفين للحرقان هذا.,original
advice_guidance,عندي تكيس مبايض (SOPK) وهرمون الحليب طالع، نحمل؟,إي تحمل بإذن الله، أما لازمك تريغل هرمون الحليب بالدواء وتاخذ منشطات للمبايض تحت إشراف الطبيب. تعديل الوزن زادة يعاون برشة في حالات التكيس.,original
advice_guidance,بنتي ترجع في الحليب (قلس) رغم اللي بدلتلها أنواع الحليب AR، شنوة الحل؟,الترجيع (Reflux) عند الرضع عادي مادام وزنها قاعد يزيد. جرب خليها في وضعية واقفة بعد الرضاعة بـ 20 دقيقة، وكان الحكاية قوية برشة، لازم طبيب أطفال يوصفلها دواء يعدل حموضة المعدة.,original
advice_guidance,وزني 68 وطولي 150 وعندي خمول في الغدة الدرقية، شنوة نعمل؟,خمول الغدة (Hypothyroïdie) هو اللي يخليك تسمن وما تنجمش تضعف بسهولة. لازم تاخذ دواء 'الليفوثيروكس' باش تعدل الهرمونات، ومعاها ريجيم ونقص السكر وتو يبدأ وزنك يطيح.,original
advice_guidance,علاش كِي نلبس المنڨالة (الساعة) جلدتي تحتها تحمار؟,هذي حساسية تلامسية (Allergie de contact)، الاكثرية من مادة 'النيكل' الموجودة في الحديد متاع الساعة. جرب البس ساعة بجلد طبيعي ولا بلاستيك وتو الحمار يمشي.,original
advice_guidance,عندي عقدة في صبعي تطلع وتخفي (Kyste synovial)، تخوف؟,في الأغلب هي كيس فيه سائل زلالي يخرج من المفصل. كان ما توجعش وما كبرتش برشة، سيبها تو تمشي وحدها. كان قلقيتك، الطبيب ينجم يفرغها بالبراة.,original
advice_guidance,ولدي ديما يحك في خشمه بقوة، ياخي عنده دود؟,حكة الخشم الاكثرية علامة على 'حساسية الخشم' (Rhinite allergique) موش الدود. الدود يعمل حكة في 'المخرج' خاصة في الليل. ثبت مع طبيبه.,original
advice_guidance,عندي قشرة في حواجبي، شنوة السبب؟,هذي تتسمى 'إكزيما دهنية'. الجلدة في البلاصة هذيك تسيب زيت برشة وتعمل قشرة. استعمل شامبو طبي (Ketoconazole) حتى على حواجبك وتو تمشي.,original
advice_guidance,عندي تكتكة في الفك كِي نجي نحل فمي بقوة، شنوة هذي؟,تتسمى 'مشكلة في مفصل الفك' (ATM). تنجم تكون من كثرة كبس السنين وقت النوم (Stress) ولا من طريقة المضغ. كان معاها وجيعة، لازمك تشوف طبيب سنين يعملك 'Gouttière'.,original
advice_guidance,عندي صداع يجي ديمة وراء عيني، شنوة سببه؟,ينجم يكون 'شقيقة' (Migraine) وتكون مركزة في جهة واحدة، ولا يكون تعب في النظر. جرب ارتاح في بيت مظلمة، وكان تكرر برشة، لازم فحص نظر.,original
advice_guidance,عندي رعشة في يدي كِي نجي نكتب، شنوة السبب؟,تنجم تكون رعشة 'عصبية' من الستريس، وتنجم تكون 'رعشة أساسية' (Tremblement essentiel) وهي وراثة وبسيطة. نقص القهوة وشوف طبيب أعصاب يطمنك.,original
advice_guidance,عندي دوخة كِي نغزر للسماء ولا نوطي راسي، شنوة هذي؟,تنجم تكون 'دوار وضعي' (VPPB) سببه بلورات صغيرة في الوذن الوسطى تحركت من بلاصتها. طبيب الأذنين يعملك حركات بسيطة (Manœuvres) يرجعهم وتتصلح الدوخة.,original
advice_guidance,عيني بدأت تخرج لبرة (جحوظ) مع حرقان، شنوة السبب؟,جحوظ العين الاكثرية عنده علاقة بـ 'الغدة الدرقية' (Goitre). لازم تعمل تحليل هرمونات وتصوير (Scanner) للعين باش تعرف السبب وتعالجه فيسع قبل ما يأثر على الشوف.,original
advice_guidance,دوالي الساقين عندها دواء ينحيها جملة؟,الدوالي عروق توسعت، ما ثماش حرابش 'تنحيها'. الحل الأول هو 'الشراب الطبي' (Bas de contention) باش يخفف الوجيعة. والحل النهائي يكون بالليزر ولا الجراحة.,original
advice_guidance,ياخي القشرة تعدي من شخص لآخر؟,القشرة العادية ما تعديش، خاطرها جلدة ميتة. أما كان القشرة سببها 'فطريات' (Champignons)، وقتها تنجم تتعدى باستعمال نفس المشطة ولا المنشفة.,original
advice_guidance,عندي بقعة زرقاء في بدني طلعت وحدها، شنوة هذي؟,ساعات عروق صغيرة (Capillaires) تطرشق من غير ما تشعر. أما كان بدأت تظهر برشة وبلا سبب، لازم تحليل دم (NFS) نثبتوا في 'الصفائح' (Plaquettes).,original
advice_guidance,شربت الحبة الطارئة (Contraception durgence) وهبط عليا دم وسخ، ياخي تمنع الحمل؟,إي نعم، الحبة الطارئة تقلق الهرمونات باش تمنع التبويض ولا تمنع البويضة باش تلصق. الدم اللي هبط (Spotting) هو علامة اللي الدواء خدم خدمته. مادام الدم هبط، اطمن الحمل مستبعد برشة.,original
advice_guidance,الطبيبة قالتلي لازمك سيزاريان (Césarienne) في السونار، علاش؟,السيزاريان تتقرر لبرشة أسباب: ينجم يكون الصغير 'قاعد' (مووش براسه)، ولا المشيمة مغطية المخرج (Placenta praevia)، ولا الحوض ضيق. الطبيبة هي أدرى بمصلحتك ومصلحة الصغير.,original
advice_guidance,عملت تست حمل بعد 5 أيام تأخير وطلع سلبي، ياخي صحيح؟,ساعات التبويض يكون متأخر والـ (HCG) مازال ما بانش في البول. استنى تزيد 5 أيام أخرى وعاود التست، ولا أعمل تحليل دم (Beta HCG) هو اللي يعطيك الصحيح 100%.,original
advice_guidance,عندي سرعة قذف كبيرة، فمة تمارين تعاوني؟,إي، تمارين 'كيغل' (Kegel) ممتازة. هي أنك تكبس عضلات الحوض (كأنك تحصر في البول) وتشد 10 ثواني وترخي. داوم عليها 3 مرات في النهار وتو تلاحظ تحسن كبير في التحكم.,original
advice_guidance,علاش كِي نطلع الدروج قلبي يخبط وبدني يفشل؟,تنجم تكون 'فشلة' عادية من نقص الحديد (Anémie) ولا نقص في اللياقة. أما كان معاها ضيق نفس قوي، لازم طبيب قلب يثبت في الصمامات ولا دقات القلب.,original
advice_guidance,عندي وجيعة وفتحة بجنب المخرج، شنوة هذي؟,تنجم تكون 'ناصور' (Fistule) ولا خراج (Abcès). لازم جراح يشوفها فيسع خاطر كان تعفنت تعمل وجيعة كبيرة وحمى. ما تسكتش عليها.,original
advice_guidance,علاش كِي نكون جواعي نحس بـ دوخة وغيام في العين؟,هذا هبوط سكر (Hypoglycémie). المخ هو أول واحد يتقلق كِي ينقص السكر. كول حاجة حلوة وتو ترجعلك الرؤية واضحة.,original
advice_guidance,عندي تكريرة في ساقي (Crampe) كِي نركد، شنوة السبب؟,أكثر سبب هو نقص 'المغنيسيوم' ولا 'البوتاسيوم'، ولا الجفاف (نقص الماء). البدن كِي ينقصوا عليه الأملاح، العضلات تتشنج وحدها. اشرب الماء وكول كعبة بنان وتفكرني.,original
advice_guidance,عندي نقطة سوداء تتحرك قدام عيني كِي نغزر للحيط الأبيض؟,تتسمى 'الذبابة الطائرة' (Mouches volantes). هي شوائب في السائل اللي داخل العين. مادامها نقطة ولا زوز وتتحرك، لاباس، أما كان كثرت فرد مرة ولاّ فمة 'فلاش ضو'، لازم طبيب عيون ديريكت.,original
advice_guidance,عندي تواليل (Verrues) في يدي، ياخي تعدي؟,إي نعم، التواليل سببها فيروس (HPV) وهو معدي بالتلامس ولا باستعمال نفس المنشفة. لازم تداويها عند طبيب جلدة بالبرد (Azote) باش ما تنتشرش في بدنك.,original
advice_guidance,عندي فوار (هبّة سخونة) في وجهي وعمري 48 سنة؟,هذي علامات بداية 'سن اليأس' (Ménopause). الهرمونات تتبدل وتأثر على مركز السخانة في المخ. كولي الصويا واشرب الماء البارد، واستشيري طبيبتك كان القلق زاد.,original
advice_guidance,ياخي المرمى (المساج) باهي لعرق النسا (Sciatique)؟,في الحالات القوية (الالتهاب) المرمى تزيد تشعل الوجيعة. لازم دواء 'مضاد للالتهاب' وراحة، وبعد ما تبرد الوجيعة، المساج الطبي (الترويض) يولي باهي.,original
advice_guidance,ياخي العلكة (المصيصة) باهية للمعدة؟,تمضيغ العلكة يخليك تبلع 'هواء' برشة، وهذا يعمل نفخ وغازات. أما هي باهية باش تنحي الحريقة (Acidité) بعد الماكلة خاطر تزيد اللعاب.,original
advice_guidance,ياخي التلفزة والتابليت تعمي الصغار؟,ما تعميش، أما 'تتعب' العين وتعمل نقص نظر (Myopie) مع الوقت خاطر الصغير يركز برشة في بلاصة قريبة. لازم قاعدة '20-20-20': كل 20 دقيقة يغزر لبعيد 20 متر لمدة 20 ثانية.,original
advice_guidance,علاش كِي نجوع معدتي تعمل زغاريت (صوت)؟,تتسمى 'حركات دودية' (Borborygmes). المعدة والمصران يتحركوا ديما، وكِي يبدأو فارغين، الصوت يولي يصدى لداخل ونسمعوه بوضوح.,original
advice_guidance,ياخي الضحك ينقص الوجيعة؟,إي نعم! الضحك يخلي المخ يسيب 'الإندورفين' (Endorphines)، وهي مادة تشبه للـ 'مورفين' تسكن الوجيعة طبيعي وتطلع المعنويات.,original
advice_guidance,علاش كِي نعرق ريحتي تتبدل كِي ناكل الحار؟,المواد اللي في الفلفل والبصل والثوم تخرج مع العرق (Transpiration). كِي تتحلل بالبكتيريا اللي فوق الجلدة، تعطي ريحة قوية تشبه للماكلة اللي كليتها.,original
advice_guidance,علاش كِي نركد ونقوم فجأة الدنيا تظلام؟,يتسمى 'هبوط ضغط وضعي' (Hypotension orthostatique). الجاذبية تجبد الدم لساقيك، والقلب ما يلحقش يوصل الدم للمخ في ثانية. استنى لحظة وتو ترجع الأمور مريغلة.,original
advice_guidance,علاش كِي ناكل الثلج راسي يوجعني؟,تتسمى 'فجعة المخ' (Brain freeze). البرد القوي يخلي العروق في سقف الفم تضياق فيسع وبعد تتحل، وهذا يبعث إشارة وجيعة قوية للمخ.,original
advice_guidance,وقت العلاقة فمة إفرازات برشة تخلي الزوج ما يستمتعش، شنية السبب؟,الإفرازات الزايدة تنجم تكون 'فطريات' ولا التهاب في المهبل، وساعات تكون حكاية هرمونات. لازم تمشي للطبيبة تاخذ 'مزرعة' (Prélèvement) باش تعرف نوع الجرثومة وتو تعطيك دواء ينشف ويصلح البلاصة.,original
advice_guidance,عملت عملية على يدي وركبت بلاكة ومسامير من شهر، أما يدي ما عادش تتحرك للآخر، عادي؟,عادي بعد الجبس العضلات والمفاصل ييبسوا (Raideur). لازمك تعمل حصص 'ترويض طبي' (Kinésithérapie) باش تسرح المفصل وترجع تخدم عضلاتك، وتو ترجع تتحرك مريڨلة.,original
advice_guidance,عملت عملية خراج (Dabbous) بجنب المخرج عندها شهرين، الجرح لتوة ما لمش وفمة ثقب صغير، شنوة الحل؟,رد بالك، الخراج في البلاصة هذيك كِي ما يلمش ينجم يولي 'ناصور' (Fistule). لازم ترجع للجراح يثبت لا يكون 'الناصور' قاعد يتكون لداخل، وقتها لازم تدخل آخر.,original
advice_guidance,عندي مرض غريفز (نشاط الغدة) والطبيب قالي بطل الدواء، وبعد شهر رجعتلي الفشلة، علاش؟,مرض 'غريفز' غدار. بطلان الدواء لازم يكون بالسياسة ومعاه تحاليل (TSH) كل شهر. لازمك ترجع للطبيب وتعاود التحليل، ينجم يكون النشاط رجع وكيما ينجم يكون نقصت برشة.,original
advice_guidance,عندي وجيعة في حلمة صدري كِي نمسها والبريود مازال عليها جمعة، تطلع حبالة؟,وجيعة الصدر تصير قبل البريود وتصير في الحبالة خاطر الهرمونات. ما نجموش نتأكدوا كان بتحليل دم (Beta HCG) كِي تتوخر البريود بنهار.,original
advice_guidance,عملت تحليل CRP وطلعلي 170، ياخي يخوف؟ عندي سفرة وتاعبة برشة.,الـ CRP يطلع كِي يبدأ فمة 'انتهاب' (Infection) ولا تعفّن جديد في البدن. 170 تتسمى طالعة شوية، أما مادام كريات الدم البيضاء (6000) لاباس، فما تخافش. لازم الطبيب يشوف منين جاي الالتهاب (ڨرجومة، وجيعة مفاصل..) ويعطيك الدواء المناسب.,original
advice_guidance,كل صباح كِي نتوضى ونمس الماء، نعطس 10 مرات ورا بعضهم، علاش؟,هذي 'حساسية' (Allergie) مالماء ولا مالتغير المفاجئ في السخانة. خوذ كعبة 'ضد حساسية' قبل ما ترقد، واستعمل قطرات خشم تو ترتاح من العطس والسيلان.,original
advice_guidance,عندي شقيقة (صداح نصفي) وعيني اليسار تنبض، تخوف؟,الشقيقة تعمل هكا وأكثر. أما مادامها وجيعة متكررة، قيس التنسيون (الدم) وإذا لزم أعمل 'رنين مغناطيسي' (IRM) على الراس باش تنحي الشك وترتاح.,original
advice_guidance,عندي إفرازات برشة ولونها وردي (Rose)، شنوة هذا؟,اللون الروز يعني فمة 'نكتة' دم تخلطت مع الإفرازات. لازم تحليل (Prélèvement) باش نثبتوا لا يكون فمة تعفن ولا جرح صغير في عنق الرحم.,original
advice_guidance,نرضع ونشرب في حرابش منع حمل (متاع الرضاعة) والدم هبط عليا، ياخي هذي بريود؟,حرابش الرضاعة ساعات يعملوا نزيف خفيف (Spotting) خاطر الهرمون اللي فيهم ضعيف. كمل اشرب حرابشك مريغل، الدم هذاك عادي مع الرضاعة.,original
advice_guidance,ضربني الضو (ماس كهربائي) ونحس في قلبي ينغز ويدي مخدرة، تخوف؟,ماس الكهرباء ينجم يأثر على دقات القلب وعلى الأعصاب. لازمك تعمل 'تخطيط قلب' (ECG) ورسم عصب ديريكت باش تتأكد اللي الصدمة ما خلفتش آثار.,original
advice_guidance,البريود تأخرت 38 يوم وعندي إفرازات صفراء كِيما الجبن، شنوة هذا؟,تأخر البريود مع إفرازات كِيما الجبن يعني فمة 'فطريات' (Champignons). لازمك تحاميل (Ovules) وتنظيف، وزيد أعمل تست حمل مادام تأخرت برشة.,original
advice_guidance,عملت تست حمل منزلي طلع خط خفيف والطبيبة لقات كيس في الرحم؟,الخط الخفيف يعني حمل في أوله. والـ 'كيس' ينجم يكون هو كيس الحمل. باش تقطع الشك، أعمل تحليل دم (Beta HCG) هو اللي يعطيك الصحيح.,original
advice_guidance,قبل ما نحبل قالولي عندك لحمية (Polype) فيها دم لداخل، ياخي تقلقني توا وأنا في الشهر الثاني؟,من المستحسن اللحمية تتنحى قبل الحبل باش ما تعملش نزيف وقلق. توا مادامك حبلت، لازم مراقبة دقيقة مع الطبيبة باش تتفادى أي تعكرات.,original
advice_guidance,عندي فصام (Schizophrénie) وساعات نتخيل روحي شخص آخر، ياخي هذا من المرض؟ وزيد وزني زاد شوية.,إي نعم، 'الأوهام' هذي من علامات المرض الأساسية. لازمك التزام بالدواء ومعاهم 'علاج نفسي' (Psychothérapie) باش تتعلم كيفاش تسيطر على الأفكار وتركز في الواقع. وبالنسبة للميزان، السبور هي الحل.,original
advice_guidance,حبلت وما كنتش نعرف، وشربت حرابش أنّي (Inflammation) ورشح، ياخي الجنين يتشوه؟,ما تخافش، في الجمعات الأولى الجنين محمي. أما توا لازم تبدأ تاخذ 'حمض الفوليك' (Acide Folique) ديريكت باش تحميه من التشوهات، وكمل المراقبة عند الطبيب.,original
advice_guidance,أنا نرضع وناخذ في حرابش منع حمل، أما كل جمعتين يهبط عليا دم بني.. علاش البريود ما تنظمتش؟,حرابش الرضاعة ساعات يعملوا 'تخربيش' في الدم (Spotting). كانك تاخذ فيهم في وقتهم بالدقيقة، لاباس. كان القلق زاد، لازم الطبيبة تبتلك في نوع الحرابش.,original
advice_guidance,خويا عنده ولسيسة (ورم صغير) في جنبه عندها 3 سنين وما تبدلتش، كاينها عرق منفوخ.. تخوف؟,مادامها عندها 3 سنين وما كبرتش وما فيهاش 'نبض' (كاينها قلب يدق)، راهي ولسيسة عادية ولا شحمية (Lipome). ما تقلقش أما ديما عينه عليها.,original
advice_guidance,يهبط عليا دم وسخ (بني) وقت التبويض وأنا ناخذ في حرابش مارفيلون، ياخي الحرابش ضعيفة؟,لا، 'مارفيلون' حرابش قوية ومريغلة. الدم هذاك (Spotting) يصير ساعات مع الهرمونات. المهم خوذهم في وقتهم، وكانك فوتت 6 شهور، خوذ شهر راحة (مع الاحتياط).,original
advice_guidance,أنا حبلة في الجمعة الثامنة، والتحليل الرقمي طاح من 7900 لـ 5900، والدم مازال يهبط.. شنية هذا؟,كِي يطيح الرقم الهرموني، معناها الجنين ما عادش قاعد ينمو (Fausse couche). لازم تمشي للطبيب ديريكت يعمل سونار ويقرر شنية يعمل.,original
advice_guidance,عمري 20 سنة والبريود تجيني كل 3 ولا 6 شهور، وشعري يطيح وعندي فقر دم.. شنوة السبب؟,أول حاجة داوي فقر الدم (Anémie) خاطر هو اللي يطيح الشعر ويخربق الهرمونات. وبعد أعمل تحاليل غدة ومبايض باش تعرف علاش الدورة موش منتظمة.,original
advice_guidance,أمي عندها السكر وضغطها طلع لـ 20 وتتنفض.. ياخي خطر؟,خطر كبير! الارتعاش والضغط العالي ينجم يعمل جلطة (AVC) لا قدر الله. لازم تلتزم بدواء الضغط وما تقصهوش جملة وتراقب السكر ديما.,original
advice_guidance,ولدي عمره سنتين وعنده جمعة كرشه يابسة (Constipation) والبراز كِي الحجر، الزيت والتحاميل ما عملوا شي.. شنوة السبب؟,لازم تهزه لطبيب أطفال يثبت في 'المصران' بتاعه. ينجم يكون عنده حساسية من حاجة في الماكلة ولا مشكلة في الحركة متاع المصران.,original
advice_guidance,عندي لحمية (كيس) في غدة بارثولين توجع فيا، لازم الطبيبة تقلبني ولا نحكي لها بركة؟,لازم 'التقليب' (L'examen) ضروري! الطبيبة لازم تعرف الحجم ولا كان فمة تعفن (Abcès) باش تعطيك الدواء الصحيح ولا تفرغها.,original
advice_guidance,خذيت أسبيرين وهبط عليا دم بني وبعد حسيت بوجيعة في رحمي.. ياخي من الدواء؟,الأسبيرين يسيل الدم، أما الوجيعة تنجم تكون علامة 'إجهاض' (Fausse couche). لازم ترتاح وتمشي تعمل سونار ديريكت تثبت في الجنين.,original
advice_guidance,كرشي ديما منفوخة ونتڨرع بصوت عالي، وشعري يطيح وعندي فشلة في بدني، وزيد الحليب يقلقني، شنوة هذا؟,الأعراض هذي تنجم تكون من المعدة ولا حساسية من حاجة تاكل فيها. لازمك تعمل منظار (Fibroscopie) على المعدة والاثني عشر باش الطبيب يشوف شنوة فمة لداخل بالضبط.,original
advice_guidance,عملت تحليل سيدا (HIV) بعد 33 يوم وطلع لاباس، ياخي كافي باش نطمن؟,التحليل باهي ويطمن، أما باش تقص الشك 100%، لازم تعاود التحليل بعد ما تعدي 3 شهور من العلاقة، وقتها تكون النتيجة نهائية.,original
advice_guidance,عندي عرق ينبض بقوة في رقبتي من لوطة ونشوف فيه بعيني ويخنق فيا، وين نمشي؟,برا ديريكت لجراح عام يثبتلك في 'الغدة الدرقية' (Goitre) ولا في الشرايين متاع الرقبة، هو اللي يوجهك للطريق الصحيح.,original
advice_guidance,راسي يسطر عليا من جيهة اليسار ووجيعة واصلة لرقبتي وكتفي، وعندي ڨريب (زكام)، شنوة هذا؟,هذا باين فيه التهاب في 'الجيوب الأنفية' (Sinusite) بسبب الڨريب. خوذ مسكن للوجيعة وبخاخة للخشم، وكان لزم مضاد حيوي.,original
advice_guidance,بنتي عمرها شهرين كِي تضحك ولا تبكي تسكر عينها اليسار وفمها يتعوج، عادي؟,هذي علامة متاع ضعف في 'العصب السابع'. لازم تهزها لطبيب أطفال ديريكت، ينجم يطلب تصوير 'رنين' (IRM) على الراس باش يتأكد اللي كل شي مريغل.,original
advice_guidance,البريود تأخرت 12 يوم، عملت تست في الأول طلع سلبي وبعد نص ساعة بان خط خفيف باهت، شنوة معناها؟,التست كِي يقعد برشة ينجم يعطي خط غالط. باش تقطع الشك، أعمل تحليل دم (Beta HCG) هو اللي يعطيك الصحيح 100%.,original
advice_guidance,عندي نفخ وشد مابين الخصيتين والمخرج، وطلعتلي حبة صغيرة غاديك، تخوف؟,من المستحسن تمشي لطبيب مسالك بولية يثبت فيها، لا تطلع 'خراج' (Abcès) ولا التهاب لازم يتداوى ديريكت.,original
advice_guidance,عندي تكيس مبايض ووجيعة قوية قبل البريود بـ 5 أيام، وإفرازات صفراء ديما، شنوة السبب؟,الوجيعة والإفرازات الاكثرية تكون من 'لحمة زايدة' (Polype) في الرحم ولا التهاب. لازمك تعمل سونار باش الطبيب يعرف شنوة فمة بالضبط.,original
advice_guidance,عملت رنين (IRM) ولقيت عندي شد عضلي وانزلاق غضروفي في الرقبة، شنوة معناها؟,معناها فمة 'دِيسك' (Disc) مابين الفقرة 5 و6 تحرك من بلاصته وضغط على العصب. لازمك دواء وراحة وترويض طبي (Kinésithérapie).,original
advice_guidance,يدي وساقي وراسي ينملوا عليا، وكِي نمس حاجة توجعني، شنوة نعمل؟,لازمك تعمل 'تخطيط أعصاب' (EMG) وتصوير 'رنين' على المخ باش الطبيب يفهم علاش الأعصاب قاعدة تعطي في إشارات وجيعة غلط.,original
advice_guidance,نشرب في دواء جرثومة المعدة وعملي غازات ونفخ كبير، نوقف الدواء؟,لا، ما توقفش الدواء. الغازات هذيك من مفعول 'الأنتيبيوتيك' (Antibiotique)، وتو تنحى وحدها كِي تكملالدوزة وتبرى الجرثومة.,original
advice_guidance,عندي شهر ملي وليت نركب البسكلات (Vélo) وجاني ارتخاء وصعوبة في الانتصاب، ياخي منها هي؟,إي، القعدة الطويلة والقوية على 'الكرسي متاع البسكلات' تضغط على الأعصاب والعروق غاديك. أرتاح مدة وتو يرجع كل شي لاباس وحده.,original
advice_guidance,عندي فوار وسخانة في وجهي ومازلت صغيرة، شنوة هذا؟,تنجم تكون مشكلة في 'الهرمونات' ولا 'الغدة الدرقية'. أعمل تحاليل TSH و FSH باش الطبيب يعرف الميزان متاع بدنك مريغل ولا لا.,original
advice_guidance,علاش كِي نجوع نولي نرجف ويدي ترعش؟,هذا هبوط سكر (Hypoglycémie). بدنك ما عادش فيه طاقة، فيبعث إشارات استغاثة في شكل رعشة. كول حاجة ديريكت وتو تتصلح.,original
advice_guidance,أنا مركبة لولب (Stérilet) وساعات كِي نتنظف نحس بـ السلك متاعه بصباعي، عادي؟,السلك لازم يكون موجود أما مووش خارج برشة. كان حسيت اللي السلك طوال ولا 'الحديدة' متاع اللولب بانت، راهو تحرك من بلاصته وما عادش يحمي من الحمل. لازمك 'إيكو' (Écho) للتثبيت.,original
advice_guidance,عملت علاقة بلاش واقي وبعد جمعتين جاتني فشلة وسخانة، تطلعش سيدا (HIV)؟,الأعراض هذي تنجم تكون أي 'ڨريب' عادية. تحليل السيدا ما يعطيش نتيجة صحيحة كان بعد 6 أسابيع على الأقل. عاود التحليل بعد شهر ونصف وبعد 3 شهور باش تقطع الشك باليقين.,original
advice_guidance,أنا عزباء وعندي وجيعة كبيرة في البريود ويهبطوا طوابع (كتل دم)، وعملت سونار قالولي لحمية؟,اللحمية في الرحم (Polype) هي اللي تعمل النزيف القوي والوجيعة وتهبط طوابع الدم. هي حاجة حميدة أما لازمها تتنحى ولا تداوى باش ترجع البريود عادية وما تعملكش فقر دم.,original
advice_guidance,شخص جاته جلطة في المخ وتشل في جنبه اليسار، ينجم يرجع يمشي؟,الأمل موجود برشة! لازم يبدأ 'الترويض الطبي' (Kinésithérapie) من توا. المخ ينجم يتعلم يحرك البدن من جديد بالخدمة والصبر. لازم زادة يريغل السكر والتنسيون باش ما تتعاودش.,original
advice_guidance,أنا في الشهر السابع وعندي حريقة (حرقان) تقطع في قلبي، شنوة ناخذ؟,الحريقة في السابع عادية خاطر الصغير يضغط على المعدة. اشرب كاس حليب بارد، وابعد على المقلي والحار، ونومك يكون وراسك عالي شوية. فمة 'سيرو' (Sirop) باهي للحوامل توصفولك الطبيبة.,original
advice_guidance,عندي وجيعة في قلبي كِي نحزن ولا نفرح، وعمري صغير، تطلعش جلطة؟,في عمرك إنت جلطة صعيبة. الأغلب هو 'ستريس' ولا 'قلق' (Angoisse) يعمل ضغط على الصدر. أما كان الوجيعة تمشي للكتف والفك، لازم تعمل تخطيط قلب (ECG) باش تطمن.,original
advice_guidance,عندي دِيسك (Disc Protrusion) في ظهري، باهي نمشي لواحد يطرطقلي عظامي؟,رد بالك! في حالات الديسك 'الطرطقة' العشوائية تنجم تزيد تخرج الغضروف وتضغط على العصب. الترويض الطبي العلمي (Kinésithérapie) أضمن وأخف ليك.,original
advice_guidance,عملت سكانير على راسي ولقاو جلطة قديمة، وهي تعملي في صفير في وذني؟,الجلطة القديمة تنجم تخلي آثار، أما الصفير (Acouphène) ينجم يكون من عروق الوذن ولا الضغط. لازم تعمل 'مقياس سمع' وتثبت مع طبيب أعصاب.,original
advice_guidance,الـ TSH متاعي طالعة برشة، ياخي هي اللي خلت السكر التراكمي يطلع؟,لا، الغدة الدرقية والسكر زوز مشاكل منفصلة. الـ TSH كِي تطلع معناها عندك 'خمول غدة'. لازم تحلل T3 و T4 باش تبدأ الدواء وتتعدل أمورك.,original
advice_guidance,عندي كحة (سعال) كِي نركد على ظهري عندها شهرين، شنوة تطلع؟,الكحة وقت الرقاد ديريكت تمشي لـ 'ارتجاع المعدة' (Reflux). الأسيد يطلع للحلق ويهيج الكحة. جرب ارقد على مخدة عالية ونقص مالعشاء الثقيل.,original
advice_guidance,تحليل الحمل المنزلي خطي خطي (خفيف) والطبيبة قالت كيس 2 سم، حمل هذا؟,الخط الخفيف يعني بداية حمل. الكيس الـ 2 سم ينجم يكون كيس حمل مازال ما بانش فيه الجنين، ولا كيس على المبيض. لازم تحليل دم (Beta HCG) باش تقطع الشك.,original
advice_guidance,أمي عندها ضيق في الصدر وتحليل (CRP) طلع عالي، شنوة معناها؟,الـ CRP العالي يعني فمة 'انفلاماسيون' (التهاب) في البدن. ينجم يكون من الصدر (نزلة شعبية) ولا ميكروب في البول. لازم طبيب يسمع صدرها ويعطيها الدواء المناسب.,original
advice_guidance,عندي خفقان في قلبي (Palpitation) وعندي مشكلة في الصمام، شنوة نعمل؟,لازمك تمشي لطبيب قلب يعملك 'رسم قلب' (ECG) ولا يركبلك 'هولتر' (Holter) يقيس دقات القلب 48 ساعة. تو يعرف نوع الخفقان ويعطيك الدواء اللي يركح الدقة.,original
advice_guidance,أنا حبلة في الشهر الثاني وتحليل الغدة (TSH) طلع 4.58، عادي؟,هذا يتسمى 'خمول خفيف' في الغدة. في الحمل، لازم الغدة تكون ناشطة أكثر. لازمك تبدأ تشرب 'تيروكسين' بجرعة خفيفة باش الصغير ينمو لاباس.,original
advice_guidance,الخروج (البراز) لونه اكحل وعندي وجيعة في معدتي، شنوة هذا؟,اللون الاكحل في الخروج يعني فمة دم 'مهضوم' جاي من المعدة (قرحة). هذي حالة لازمها 'منظار معدة' (Fibroscopie) ديريكت باش نوقفوا النزيف.,original
advice_guidance,عندي شحمة (كورة صغيرة) في ظهري طلعتلي بعد التمارين، شنوة هذي؟,تنجم تكون 'كيس دهني' (Lipome) ولا تشنج عضلي كبّر العضلة في بلاصة معينة. لازم طبيب يمسها بيده (جس) باش يعرف نوعها.,original
advice_guidance,عملت تست حمل منزلي طلع خط خفيف، والطبيبة قالتلي فمة كيس في الرحم؟,الخط الخفيف يعني بداية حمل. الكيس اللي شافته الطبيبة ينجم يكون 'كيس الحمل' مازال صغير (2 سم). أعمل 'تحليل دم رقمي' (Beta HCG) باش تقطع الشك.,original
advice_guidance,عندي حرق قوي (Metabolisme) وديما السكر طايح ونفشل من أقل مجهود، شنوة الحل؟,لازمك 'بيلان' كامل عند طبيب غدد. هبوط السكر المستمر (Hypoglycémie) مووش باهي، ينجم يكون من نقص في هرمونات معينة ولا مشكلة في البنكرياس.,original
advice_guidance,عندي فشلة، طفح جلدي، ولساني أبيض وصعوبة في رؤية الألوان، عملت 10 تحاليل سيدا (HIV) وطلعوا سلبيين، شنوة هذا؟,مادام 10 تحاليل سلبيين، انسى موضوع السيدا. الأعراض هذي تنجم تكون أمراض جنسية أخرى (Syphilis مثلاً) ولا نقص فيتامينات قوي. برا لطبيب جلدة توا يشخصك مريغل.,original
advice_guidance,الدورة مقطوعة عندها 4 سنين (Ménopause) واليوم نزل عليّ دم، علاش؟,هذي حالة لازمها فحص ديريكت عند طبيبة نساء. أي دم يهبط بعد ما يوفى الطمث لازم نثبتوا في 'بطانة الرحم' بالسونار باش نتأكدوا اللي ما ثماش حاجة تخوف.,original
advice_guidance,عندي وجيعة في رقبتي تمشي لراسي وليدي اليسار، وساعات يديا ورجليا يفشلوا، شنوة هذا؟,هذي تنجم تكون 'ديسك' في الرقبة (Hernie cervicale) قاعد يضغط على الأعصاب. لازمك تمشي لطبيب عظام وتعمل 'راديو' ولا IRM باش يثبت في الفقرات.,original
advice_guidance,بعد نهار تعب وسهر، نمت وفقت مفزوع بوجيعة في صدري وركبتي تكبست، تخوف؟,هذا اجهاد وتعب 'عصبي' (Stress). كِي تبدأ تعبان برشة وموش راقد، البدن يعمل ردات فعل تشنجية وقت النوم. ارتاح وارقد مليح وتو ما عادش يرجعلك.,original
advice_guidance,عمري 38 والدورة كانت 28 يوم ولات 25، وتوا عندها 5 أيام تأخير، شنوة نعمل؟,أول حاجة تعملها هي 'تحليل حمل' (Test de grossesse). التغيرات في العمر هذا عادية، أما التأخير مع إفرازات بيضاء يخلينا نشكوا في حمل أول حاجة.,original
advice_guidance,عندي حكة وحمورية وتنفخي (تورم) في المهبل، شنوة الدواء؟,ينجم يكون فطريات ولا حساسية من الصابون. المستحسن تغسل بماء دافئ فقط وتلبس قطن 'عريض'. لازم طبيبة تعطيك مرهم ولا تحاميل (Ovules) حسب نوع الالتهاب.,original
advice_guidance,شنوة هو الباكمايكر (Pacemaker) وكيفاش يخدم؟,هو 'ماكينة' صغيرة تزرع تحت الجلد، فيها خيوط تمشي للقلب. كِي تحس دقات القلب بطات برشة، تبعث 'تكة' الكتريك باش تعدل الريتم. يتسمى 'المنظم'.,original
advice_guidance,نجم نحي المرارة وعندي مشكلة في الغدة الدرقية (TSH طالع)؟,لازم 'تعدل' الغدة قبل العملية، خاطر هرمونات الغدة تأثر على 'البنج' (التخدير) ودقات القلب وسط العملية. ريڨل الغدة وبعد توكل على ربي.,original
advice_guidance,عندي نهجة ووجيعة في صدري نغزات، ونقصت في الميزان، شنوة هذا؟,النقص في الميزان مع النهجة ينجم يكون 'فقر دم' (Anémie) قوي. البدن ما عندوش دم باش يهز الأكسجين، فتولي تنهج. لازم تحليل 'FNS' وحديد.,original
advice_guidance,عندي دوخة ووجيعة راس وإسهال وردان، ياخي تسمم ولا كورونا؟,الأعراض هذي تمشي مع 'تسمم غذائي' ولا فيروس (Gastro). لازم تحليل براز و'CRP' باش نشوفوا الالتهاب فين، واشرب الماء باش ما تشيحش.,original
advice_guidance,يدي ترعش ديما وخايف لا يكون مرض باركنسون (Parkinson) وأنا مازلت صغير؟,الرعشة في عمرك (17 سنة) الاكثرية تكون من الستريس ولا القلق ولا نقص فيتامينات. 'باركنسون' يجي للكبار في السن. برّ ا عدي 'رنين مغناطيسي' (IRM) باش ترتاح وتعرف السبب الحقيقي.,original
advice_guidance,ظهري يسطر عليا والوجيعة هابطة لفخذي وركبتي، والطبيب قالي عرق النسا، شنوة نعمل؟,التصويرة العادية ما توريش كل شيء. لازمك تعمل 'IRM' على الفقرات القطنية باش تعرف الـ 'Hernie' فين بالضبط، وزيد ثبت في هشاشة العظام.,original
advice_guidance,تصويرة الصبغة (Hystéro) تنقص مخزون البويضات؟ ولازم ناخذ أنتيبيوتيك قبلها؟,لا، تصويرة الصبغة ما عندها حتى دخل بالمخزون. وما تستحقش تاخذ مضاد حيوي (Antibiotique) إلا إذا الطبيب شاف فمة التهاب.,original
advice_guidance,عملت عملية على الدوالي (Varicocèle) عندي شهرين، ومازلت نحس عروق منفوخة، فشلت العملية؟,وسّع بالك، التحسن بعد عملية الدوالي ياخذ من 3 لـ 6 شهور. البدن لازمه وقت باش يمتص العروق القديمة وترجع الأمور مريغلة.,original
advice_guidance,عملت علاقة موش محمية وحللت على السيدا (SIDA) بعد 52 يوم وطلع سلبي، ياخي يكفي؟,التحليل اللي عملته (جيل رابع) قوي ودقيق. مادام طلع سلبي بعد 50 يوم، اطمن. كان تحب تقلع الشك من جدرته، عاوده بعد 3 شهور.,original
advice_guidance,كِي نركد على ظهري نولي ننهج وما نجمش نتنفس من خشمي، شنوة هذا؟,ينجم يكون عندك 'لحمات' في خشمك ولا جيوب أنفية (Sinusite) تخلي الوسخ يرجع لتالي كِي تترقد. برّ ا عدي عند طبيب (ORL).,original
advice_guidance,عملت لازير لعيني (Correction) وعندي ضبابة كأني كيما خرجت من العملية، عادي؟,لازمك تستعمل 'القطرة' (Larmes artificielles) بانتظام وتكلم طبيبك ديريكت يثبت في العملية، ما تسكتش عليها.,original
advice_guidance,عندي كحة قوية كل ما ناخذ نفس عميق، الطبيب قالي صدرك لاباس، شنوة تطلع؟,ساعات الكحة تجي من 'المعدة' (Reflux). الـ 'أسيد' يرجع للحلق ويعمل كحة تشبه لمرض الصدر. جرب دواء المعدة وتو تشوف الفرق.,original
advice_guidance,كرشي توجعني من الوسط وعندي غازات ونهجة، شنوة هذي؟,هذيك علامات 'القولون العصبي' (Colon irritable). ابعد على الحار والبقوليات والتوابل وتو كرشك تريض وترتاح.,original
advice_guidance,أنا لاعب كورة وعندي وجيعة في أسفل ظهري، قالولي تشنج عضلي، شنوة تنصحني؟,عدي عند طبيب 'روماتيزم' واعمل 'IRM' باش تتأكد اللي ما فمش 'دِيسك'. وابعد على الحركات الفجئية وما تهزش الرزين.,original
advice_guidance,كليت وجبة رزيانة وحسيت حاجة واحلة في حلقي، شنوة نعمل؟,لازمك تعمل 'منظار' (Fibroscopie) للمعدة والمريء باش يشوف الطبيب لا فمة انسداد ولا مشكلة في الهضم.,original
advice_guidance,ولدي رضيع عمره شهر، عنده إسهال لونه أخضر ومنفوخ، شنوة نعمله؟,الإسهال عند الرضع يفرغهم من الماء ديريكت. هزه ديريكت للسبيطار باش ما يشيحش بدنه (Déshydratation).,original
advice_guidance,مريض سرطان الدم (Leucémie) بعد ما يبرى، ينجم يرجعله المرض ولا ما يجيبش صغار؟,إي للأسف، فمة إمكانية يرجع (Récidive) في حالات معينة. وبالنسبة للصغار، العلاج الكيمياوي ينجم يأثر على الخصوبة، أما العلم تقدم وتو فمة طرق باش نحافظوا على الإمكانية هذي قبل العلاج.,original
advice_guidance,ياخي القبض (Constipation) القوي وقت البريود يعمل رزانة ولوية في الحوض؟,إي نعم، المصران كِي يتعبى يضغط على الرحم والمبايض، وزيد هرمونات البريود ديجا تعمل انتفاخ، فتحس الحوض رزين ويوجع برشة.,original
advice_guidance,طلعتلي بقعة بيضاء في يدي، الطبيب قالي مووش بهاق (Vitiligo) أما نا خايف؟,كان الطبيب شافها بـ 'ضوء وود' (Wood's lamp) وقالك مووش بهاق، معناها تنجم تكون مجرد 'نخالية' من الشمس ولا فطريات. استعمل البومادة اللي عطاهالك وتو ترجع الجلدة للونها.,original
advice_guidance,عندي نغزات قوية في صدري لدرجة نفيق من النوم، ياخي قلبي تعب؟,النغزات اللي تفيق من النوم لازمها 'تخطيط قلب' (ECG) عند اختصاصي. تنجم تكون مجرد غازات ولا ستريس، أما مع القلب لازم ديما نثبتوا باش نرتاحوا.,original
advice_guidance,عندي سطر في بدني، خشمي يجري، وحلقي محروق.. شنوة ناخذ؟,هذا 'ڨريب' (Grippe). خوذ مسكنات كِيما الباراسيتامول، اشرب برشة سوائل دافية (ڨارص وعسل)، وكان فمة بلغم خوذ 'مذيب بلغم' (Mucolytique). وكان السخانة فاتت 3 أيام، لازمك طبيب.,original
advice_guidance,ريحتي ديما خايبة من صغري رغم اللي نحك في سنيا كل يوم؟,الحك بالشيتا ما يكفيش كِي يبدأ فمة 'كلكار' (Tartre) مخفي تحت اللثة. لازم تعمل 'تطريف سنين' (Détartrage) عند الدونتيست كل 6 شهور باش تنحي البكتيريا اللي تسيب الريحة.,original
advice_guidance,هزيت حاجة رزيانة جاني سطر من السرة لجنبي اليمين وخرجتلي نفخة صغيرة؟,هذا باين 'فتق' (Hernie). كِي هزيت الرزين، جدار البطن ضعف وخرجت 'العجينة' متاع المصران شوية. لازمك طبيب جراحة يثبت، الفتق ما يداويوش الدواء، لازم 'تلقيطة' جراحية.,original
advice_guidance,عندي سكر وتهبط عليا إفرازات بيضاء ريحتها خايبة، شنوة السبب؟,السكر كِي يبدأ طالع، يخلي 'الفطريات' (Champignons) تعشش في المناطق الحساسة. لازم تريغل سكرك وتاخذ تحاميل ضد الفطريات، ولا تو تقعد ديما ترجعلك.,original
advice_guidance,الطبيب قالي لازمك زريقة كورتيزون في ساقي، ياخي عندها أضرار؟,زريقة واحدة في المفصل (Infiltration) تعاون برشة في تنحية الالتهاب وما عندهاش أضرار كِيما الحرابش اللي تتشرب. المهم التشخيص يكون صحيح وتتزرق في بلاصتها.,original
advice_guidance,والدي عنده فشل في القلب وفتق كبير، الطبيب خايف من العملية، شنوة الحل؟,فشل القلب يخلي التخدير (Anesthésie) خطر. كان الفتق مووش 'مخنق' (يتوجع برشة ومحبوس)، المستحسن يبعد على العملية. كانه استعجالي، وقتها الجراح يقرر أخف الأضرار.,original
advice_guidance,عندي صداع ينبض في راسي (كِي المطرقة)، شنوة نعمل؟,هذا يشبه لـ 'الشقيقة' (Migraine). ثبت في التنسيون، ابعد على الضوء القوي والهرج، وخذ مسكن. كان قعد ديما يرجع، لازم طبيب أعصاب يشوفلك دواء 'وقائي'.,original
advice_guidance,أمي عندها موعد تلقيح كورونا (فايزر) وعندها دوالي (Varices) في ساقيها، يجرى لها حاجة؟,لا، ما فمة حتى قلق. الدوالي مرض في العروق السطحية وما عنده حتى علاقة بموانع التلقيح. تنجم تلقح وهي مرتاحة.,original
advice_guidance,الدورة كانت تجيني يومين، وبعد ولات نزيف سنين، وتوا رجعت 5 أيام، ياخي عادي؟,النزيف اللي قعد سنين مووش عادي، ينجم يعملك فقر دم (Anémie). توا 5 أيام تعتبر مدة طبيعية، أما لازمك تعملي تحاليل دم وتثبتي في مخزون الحديد.,original
advice_guidance,ظفري ولا خشين برشة وأصفر وبعد تكسر وحده، علاش هكا؟,هذي أغلب الظن 'فطريات الأظافر' (Onychomycose). الفطريات تاكل الظفر وتخليه يتفتفت. لازمك 'بوماضة' ولا طلاء أظافر طبي ضد الفطريات مدة طويلة لين يطلع ظفر جديد.,original
advice_guidance,مريضة سكر تحس في بدنها يشعل وتنميل في لحمها الكل، والحديد طايح (10)، شنوة السبب؟,السكر كِي يبدأ موش مريغل يحسس البدن بالسخانة. وزيد نقص الحديد (Anémie) يعمل الفشلة والتنميل. لازم تعدل السكر وتاخذ دواء الحديد وتو يرجع البدن يبرد.,original
advice_guidance,ياخي تلقيح كورونا يخلي تحليل السيدا (HIV) يطلع غلط؟,لا، جملة وتفصيلاً! هذا يفركس على فيروس وهذا يفركس على فيروس آخر. التلقيح ما يدخلش في نتيجة تحليل السيدا.,original
advice_guidance,شنوة الفرق بين دمّلة بجنب المخرج، والتهاب جلدة عادي؟,الدمّلة (Abcès) تكون وجيعتها 'تنبض' ومحجرة ومعبية بالقِحة، وتحتاج فتح. أما الالتهاب يكون مجرد حمورية وحكة وتبرى بالمضاد والتعقيم.,original
advice_guidance,نقوم الصباح ركايبي محجرين وما نجمش نفرد ساقيا، وبعد كِي نمشي يسرحوا، شنوة هذا؟,هذي علامة 'روماتيزم' (Arthrose ولا التهاب مفاصل). لازمك تشوف طبيب مفاصل يعملك تحاليل (العامل الروماتويدي) وتصويرة على الركايب.,original
advice_guidance,عندي كتمة في صدري والهواء محبوس بعد ما بكيت يومين، تخوف؟,هذا 'ضيق نفس' من الستريس والحزن (Crise d'angoisse). البدن يتشنج ويحسسك اللي النفس مقطوع. تنفس في ساشي ولا اعمل استرخاء وتو تسرح.,original
advice_guidance,عندي فشلة في يدي وساقي وصعوبة في صعود الدروج من 4 سنين، شنوة هذا؟,هذي فشلة عضلات مزمنة. تنجم تكون مشكلة 'أعصاب' ولا 'روماتيزم'. لازمك فحص عند طبيب أعصاب يعملك (EMG) باش يشوف قوة العضلات.,original
advice_guidance,علاش كِي نجوع نحس قلبي يخبط بقوة (Tachycardie)؟,هذا هبوط سكر خفيف. البدن يسيب 'الأدرينالين' باش يطلب الماكلة، والأدرينالين يجري دقات القلب. كول حاجة خفيفة وتو يركح قلبك.,original
advice_guidance,عندي فوارة وسخانة تطلع لراسي وعمري 45 سنة، شنوة هذا؟,هذي بداية 'تغيرات هرمونية' (Pré-ménopause). البدن يبدأ يوجّه في إشارات اللي الهرمونات قاعدة تنقص. استشيري طبيبة نساء تو تعطيك حاجات تعدل المزاج والسخانة.,original
advice_guidance,عملت تحليل FSH و LH وطلعوا قراب لبعضهم، ياخي عندي تكيس مبايض؟,لا، مووش بالضرورة. التحليل اللي يثبت التكيس بالرسمي هو هرمون الـ DHEAS. هذوكا ينجموا يكونوا عاديين، ثبت في الهرمون لاخر ووزيدك السونار.,original
advice_guidance,يا دكتور راني طفل في العشرين وعندي وجيعة في ظهري وساقي اليمين، وكِي ندخل للتواليت نحس القلقل (الخصية) تتنفخ، شنوة هذا؟,لازمك تمشي تعدي ديريكت، ينجم يكون 'فتق' (Hernie) ولا حاجة أخرى. أعمل 'إيكو' على الكرش والحوض وتحليل بول باش ترتاح.,original
advice_guidance,عملت تحليل NAT على السيدا (SIDA) بعد 9 أيام من الشك، يكفي ولا لا؟,التحليل هذا قوي برشة ويبان مفعوله حتى بعد ساعات. مادام ما عندك حتى أعراض تقلق، ما فمة حتى داعي للوسواس والخوف.,original
advice_guidance,عامل عملية على الرباط الصليبي والغضروف، لعبت ماتش كورة العشية وماتش في الليل، وليت نحس بوجيعة، شنوة نعمل؟,لازمك تعمل 'رنين مغناطيسي' (IRM) على الركبة. زوز ماتشوات في نهار واحد برشة جهد على عملية قديمة، لازم تثبت في وضعية الأربطة توا.,original
advice_guidance,عندي كعبورة وراء المخرج طرية وما توجعش، أما كِي نصب عليها الماء بقوة تسطرني، بواسير هذي؟,تنجم تكون بواسير خارجية ولا 'لحمية' (Polype). الطبيب هو الوحيد اللي يفرق بيناتهم كِي يمسها ويثبت فيها بالباهي.,original
advice_guidance,البريود متاعي ما تجيش كل 28 يوم، كيفاش نحسب أيام التبويض (Ovulation)؟,كِي تبدأ البريود مووش منظمة، صعيب برشة تعرف نهار التبويض بالضبط. لازمك تبع مع طبيبة ولا تستعمل 'تست التبويض' اللي يتباع في الصيدلية.,original
advice_guidance,كل ما ناكل حاجة كرشي توجعني ونردها، حتى الماء الصباح نرده ونكح بقوة، شنوة هذا؟,ياخي تحس بحريقة في صدرك بعد الماكلة؟ ينجم يكون عندك 'رفلو' (Reflux) ولا التهاب في المعدة. لازم طبيب جهاز هضمي يثبت فيك.,original
advice_guidance,طبيب العيون قالي عندك انحراف (Astigmatisme) بنسبة سالب نص، لازم نلبس مرايات؟,كان عينك تتعب ولا راسك يوجعك كِي تسوق، البسهم خير. أما كان تشوف مريغل وما يقلقك شيء، ما فمة حتى داعي للمرايات.,original
advice_guidance,علاش تطلعلي ولسيسة (دمامل) ولا خراج بجنب فتحة الشرج؟,تنجم تكون من قلة النظافة وتراكم العرق والبكتيريا، وساعات تكون مخبية وراها مشكلة في الهضم. لازم تداويها بسرعة باش ما توليش 'ناصور' (Fistule) وتقعد تعاني فيها.,original
advice_guidance,أنا حبلى وعندي بهاق (Vitiligo)، نجم نكمل نستعمل بوماضة فيوتوبك (Viatopic)؟,إي، استعملها وما تخافش، ما عندها حتى تأثير على الجنين. واصلي علاجك عادي.,original
advice_guidance,عندي خراج بجنب المخرج، ياخي لازم يتحل بالمشرط ولا الحِرابش (Antibiotique) تكفي؟,كان الخراج كبير، الحرابش وحدها ما تنحيشي. لازم الطبيب يحله وينظفه (Drainage) باش يخرج الميكروب الكل، ولا ينجم يرجع ويولي ناصور يصعب علاجه.,original
advice_guidance,قلبي يدق 68 في الدقيقة وعندي وجيعة في صدري ودوخة، خايف لا تكون جلطة؟,الدقات (68) ممتازة وطبيعية، أما الوجيعة والدوخة تنجم تكون من 'فقر الدم' ولا الستريس. أعمل تخطيط قلب (ECG) باش ترتاح، أما الاكثرية أمورك هانية.,original
advice_guidance,نحس بـ حريقة كِي نجي نتبول وساعات يهبط دم خفيف، شنوة هذا؟,هذي 'مبولة' (Infection urinaire) واضحة. لازم تعمل تحليل بول (ECBU) باش تعرف نوع الميكروب وتاخذ المضاد الحيوي المناسب قبل ما الوجيعة تطلع للكلاوي.,original
advice_guidance,عملت تست حمل في الدار وطلع خط خفيف برشة، معناه فمة حمل؟,الخط الخفيف يعني الاكثرية 'فمة حمل' أما مازال في أوله. باش تقطع الشك، أعمل 'تحليل دم رقمي' (Beta HCG)، هو اللي يعطيك الصحيح وقداش عندك من جمعة بالضبط.,original
advice_guidance,عندي عامين نعاني من حكة قوية بين فخادي، داويت برشة وما نحاتش، شنوة الحل؟,تنجم تكون 'فطريات' (Champignons) ولات مقاومة للدواء ولا عدوى بكتيرية. لازم تمشي لطبيب جلدة 'صحيح' ياخذلك عينة (Prélèvement) باش يعرف الدواء اللي يقتلها ديريكت.,original
advice_guidance,هبط عليا دم أحمر فاتح بعد العلاقة رغم اللي ما صارش إيلاج كامل، علاش؟,تنجم تكون من 'الشد' (Contraction) ولا جرح خفيف في المهبل من برا. كان تكررت، لازم طبيبة نساء تثبت لا يكون فمة 'لحمية' (Polype) صغيرة في عنق الرحم.,original
advice_guidance,ياخي الضحك ينحي السطر (الوجيعة) بالرسمي؟,إي نعم! الضحك يخلي المخ يسيب 'الإندورفين' (Endorphines)، وهي مادة طبيعية في البدن تسكن الوجيعة وتبدل المورال. اضحك الدنيا تضحكلك!,original
advice_guidance,عندي 4 شهور معرسة، بعد البريود بـ 14 يوم هبط دم بني وخيوط مع وجيعة ظهر، عادي؟,هذا يتسمى 'دم التبويض' (Ovulation). يصير في نص الشهر كِي تخرج البويضة، والوجيعة الخفيفة في الظهر ولا الصدر علامة اللي بدنك يخدم مريغل. ما تقلقش.,original
advice_guidance,ساعات تجيني نغزة في صدري عاليسار تقعد ثواني وتمشي، ياخي قلبي؟,النغزات اللي تقعد ثواني في العادة ما تجيش من القلب، تطلع تشنج عضلات (Stress) ولا غازات في المصران (القولون) ضاغطة لفوق. كان الوجيعة ما تطولش وما تمشيش لليد، لاباس.,original
advice_guidance,التهاب الأعصاب الطرفية داواه كان الفيتامينات والراحة؟,مووش ديما. الأسباب برشة، لازم طبيب أعصاب يعملك 'تخطيط أعصاب' (EMG) وتحليل دم شامل. ساعات الفيتامينات تعاون، أما لازم نعرفوا علاش الالتهاب صار من أصله.,original
advice_guidance,عملت حادث عندي 3 سنين وكسرت ساقي، وتوا فخذي وفشلة الساق ميتين، شنوة نعمل؟,قبل ما ترجع تعمل السبور وحدك، لازمك 'ترويض طبي' (Kinésithérapie) عند مختص. لازم تقوي العضلات بشوية بشوية وبطريقة علمية باش ما تضرش المفصل.,original
advice_guidance,عندي وجيعة في ضلوعي وشيرة قلبي كاينها حريقة وساعات دقات قلبي تهرب، علاش؟,الأغلب تطلع 'حريقة' من المعدة ولا المريء (Reflux). المعدة كِي تطلع الأسيد، تحس الوجيعة في صدرك. لازم فحص باش نستبعدوا القلب ونثبتوا في الهضم.,original
advice_guidance,والدي كبير في السن، يده ساعات تتشل (تتوقف) وما عادش يحركها 5 دقائق، شنوة هذا؟,هذي علامة 'تحذيرية' لمشكلة في عروق المخ (AVC خفيف). لازم يمشي لطبيب أعصاب ديريكت يعمل 'سكرينينغ' وعلاجات قبل ما تتطور الحالة. في العمر هذا، كل دقيقة بحسابها.,original
advice_guidance,تحليل الغدة الدرقية طلع طايح برشة (0.08)، شنوة الحل؟,"الرقم هذا يعني عندك 'فرط نشاط' (Hyperthyroïdie). لازمك فحص عند طبيب غدد وتعمل 'راديو' (Thyroid scan) وتحاليل أخرى (T3, T4) باش تعرف السبب وتاخذ الدواء المريغل.",original
advice_guidance,عندي كعبورة كِي الحمص في ذراعي عندها 10 سنين، وتوا كبرت شوية وتوجع، تخوف؟,الأغلب تطلع 'شحمة' (Lipome) ولا كتلة ليفية. مادام كبرت وبدات توجع، لازمك تمشي لجراح يثبت فيها، وساعات نحيوها ونحللوها باش نرتاحوا من الشك.,original
advice_guidance,عندي ولسيسة دهنية في رقبتي من التالي، يقولولها سنام الجمل، شنوة حلها؟,كانها مجرد شحم (Lipome)، جراح ينحيها في درج من زمان. أما كان تحس رقبتك مقوسة، لازم تشوف جراح عظام ولا تعمل ترويض طبي (Physiothérapie) باش تصلح وقفتك.,original
advice_guidance,مرتي كِي نقربلها تتفجع، دقات قلبها تقوى ويشدها صداع، ياخي مرض؟,هذا ستريس وقلق نفسي (Vaginisme ولا رهاب). لازمك توسع بالك معاها، طول في 'المداعبة' وما تضغطش عليها لين ترتاح نفسانياً. الحكاية تحب الوقت والصبر.,original
advice_guidance,عين راجلي توجع وتدمع ديما ويحك فيها بقوة، شنوة نعطيه؟,خله ينقص من الموبايل والسهر، واستعملوا قطرة مرطبة (Larmes artificielles) كِيما 'Systane' 4 مرات في النهار. وكان بقات حمراء، لازم طبيب عيون يثبت لا تكون 'حساسية' ولا 'ظفر'.,original
advice_guidance,عندي نغزات في المبايض ووجيعة في ظهري ونحب نرد، شنوة هذا؟,تنجم تكون علامات 'تبويض قوي' ولا 'برد في المصران'. أعمل تحليل بول (ECBU) باش تتأكد اللي ما عندكش 'ميكروب' في المسالك البولية.,original
advice_guidance,ياخي اصفرار السنين يجي كان من قلة الحكان؟,لا، الدخان والقهوة والتاي هوما اللي يصبغوا السنين. وزيد فمة ناس طبيعة 'المينا' (Email) متاعهم تميل للاصفرار. التنظيف عند الدونتيست (Détartrage) هو الحل.,original
advice_guidance,نحس في حاجة كابسة على راسي من داخل وعيني تغلّش، شنوة هذا؟,ينجم يكون 'شقيقة' (Migraine) ولا 'ضغط دم'. لازم تقيس التنسيون وتثبت في نظرك. كان الوجيعة معاها ردان، لازمك طبيب أعصاب (Neurologue) في أقرب وقت.,original
advice_guidance,دورتي مهبلتني، تجي مرتين في الشهر وغزيرة برشة، شنوة السبب؟,ثبت في 'الغدة الدرقية' خاطر كسلها يعمل هكا. ولا ينجم يكون فمة 'لحمة زايدة' (Polype) ولا ألياف في الرحم. لازم 'إيكو' (Échographie) عند طبيبة النساء.,original
advice_guidance,عندي لولب (Stérilet) وهبطت عليا إفرازات بيضاء ثقيلة وريحتها خايبة؟,اللولب ساعات يعمل 'فطريات'. الإفرازات هذي لازمها تحاميل مهبلية (Ovules). وبالمناسبة، ثبت في اللولب عند الطبيبة لا يكون تحرك من بلاصته.,original
advice_guidance,عندي شق في المخرج (Fissure) ويهبط دم خيط مع الخروج، نولي أنيميك؟,إي نعم، النزيف الدائم حتى لو كان خفيف يعمل فقر دم (Anémie). لازمك تاكل 'الألياف' باش ما يجيلكش قبض، واستعمل مراهم خاصة، وكان ما براتش، الجراحة هي الحل.,original
advice_guidance,راسي يوجع فيا من قدام وعيني نحسها باش تخرج، وعندي ڨريب؟,هذي باينة 'التهاب جيوب أنفية' (Sinusite). المخاط يحبس في الجيوب ويضغط على العينين والراس. لازمك دواء يسرح الخشم ومضاد للالتهاب.,original
advice_guidance,عندي وجيعة في ظهري وصلت لخصيتي وما عادش نجم نمشي، تخوف؟,هذي علامات 'عرق نسا' (Sciatique) ولا 'فتق' (Hernie Discale) ضاغط على الأعصاب. لازم تمشي للسبيطار ديريكت لا قدر الله تضيع التحكم في ساقك.,original
advice_guidance,ياخي التهاب الكلاوي يعمل مرض نقص المناعة (SIDA)؟,خرافة! السيدا فيروس (HIV) يتعدى بالدم ولا العلاقات المشبوهة. الكلاوي مرض داخلي ما عنده حتى علاقة بالفيروسات الخارجية هذي.,original
advice_guidance,مفاصل يديا يوجعوني كِي نعمل سبور ولا بومب، شنوة السبب؟,ينجم يكون التهاب في 'الأوتار' (Tendinite) من كثرة الضغط. ارتاح مدة واستعمل مرهم مسكن، وكان بقات الوجيعة، لازم طبيب روماتيزم يثبت في المفاصل.,original
advice_guidance,بولي ريحته خايبة ولونه متبدل، ياخي بروستات؟,الريحة واللون يعني 'ميكروب' (Infection urinaire). كانك كبير في العمر، تنجم تكون البروستات هي اللي مخلية البول يحبس ويخمج. أعمل تحليل بول.,original
advice_guidance,أمي لسانها ثڨيل وما عادش تنطق الكلمات مريغل، شنوة نعمل؟,هذي علامة 'جلطة' (AVC) لا قدر الله! اجري بيها للطوارئ ديريكت. الوقت في الحالات هذي من ذهب باش تنقذ خلايا المخ.,original
advice_guidance,ياخي الضحك يخرج الإندورفين بالرسمي؟,إي نعم! الضحك يخلي المخ يسيب مسكنات طبيعية (Endorphines) تخليك تنسى الوجيعة وتعدل المزاج. اضحك الدنيا تضحكلك!,original
advice_guidance,علاش كِي نكون جواعي نحس بـ عصبية ومعدتي تغلي؟,هبوط السكر يخلي المخ يسيب هرمونات 'النرفزة'. والمعدة كِي تبدأ فارغة، الحركات متاعها (Borborygmes) تعمل صوت 'زغاريت' خاطر الهواء يصدى لداخل.,original
advice_guidance,ياخي الجنس الشرجي فيه مضاعفات ولا عادي كان النظافة موجودة؟,فيه برشة مخاطر حتى بالنظافة: ينجم يعمل التهابات في المسالك البولية، توسع في عضلة المخرج، بواسير، ويزيد من خطر انتقال الأمراض الجنسية كِيما الـ (Hepatitis C) والـ (HPV). المستحسن تجنبه.,original
advice_guidance,كنت حبلة في الشهر الأول، جاني إسهال قوي وبعدها هبطت قطعة بنية ودم 3 أيام. سقطت؟,القطعة والنزيف يخليونا نشكوا في 'إجهاض'. لازم تعمل تحليل دم (Beta HCG) وسونار ديريكت باش تشوف الرحم فرغ ولا مازال الجنين موجود.,original
advice_guidance,عندي برشة تأخير في البريود (الدورة) وما نجمتش نحبل، شنوة يلزمني نعمل؟,تأخير البريود يعني فمة خلل في الهرمونات ولا 'تكيس مبايض' (SOPK). لازمك طبيب اختصاصي يعملك إيكو وتحاليل هرمونات باش يعطيك دواء ينظم الدورة ويسهل الحبالة.,original
advice_guidance,نحس بوجيعة وحرقة في وسط صدري مع كتمة وضيق نفس، تخوف الحكاية؟,وجيعة الصدر فيها برشة أسباب، من 'المعدة' للـ 'القلب' للـ 'الستريس'. لازمك تعدي ديريكت وتعمل تخطيط قلب (ECG) باش تنحي الشك وترتاح.,original
advice_guidance,دقات قلبي تولي سريعة برشة فجأة لين ندوخ، شنوة نعمل؟,تسارع دقات القلب (Tachycardie) لازم يثبت فيه طبيب قلب. ينجم يكون ستريس، فقر دم، ولا مشكلة في كهرباء القلب. لازم 'تخطيط' وقت الوجيعة.,original
advice_guidance,صار جماع قبل البريود بيومين، ومن وقتها ما مسنيش راجلي شهر كامل، والبريود جات خفيفة برشة، نحبل؟,البريود كِي تجي ناقصة وساعات 'وهمية' تنجم تخبي وراها حمل. المستحسن تعملي 'تست حمل' (Test de grossesse) باش تقطعي الشك باليقين.,original
advice_guidance,عندي ضيق نفس وما نجمش نجبد هواء طويل، وكِي نتمدد نرتاح، ووذني تصفر، شنوة هذا؟,تنجم تكون فدة ولا تشنج في عضلات الصدر، وساعات حتى السمنة تعمل هكا. لازمك تعمل تصويرة على الصدر (Radio thorax) وتعدي عند طبيب باش يثبت في النفس والقلب.,original
advice_guidance,خرج دم من فمي مرة وخذيت زريقة تجلط، وتوا ديما نحس بالردان، شنوة لازمني؟,الحكاية فيها 'منظار معدة' (Fibroscopie) وسونار على الكبدة. خروج الدم من الفم مووش لعبة، لازم فحص كامل للبدن باش نعرفوا المصدر.,original
advice_guidance,"تحاليل الهرمونات (TSH, FSH, LH) متاعي هكا.. (أرقام)، ياخي باهية؟",حسب الأرقام هذي، هرموناتك 'مريغلة' وطبيعية. كان البريود منظمة، فما عندك حتى قلق من ناحية الغدة ولا المبايض.,original
advice_guidance,يهبط عليا دم من نهار 14 في الدورة لين تجي الدورة الجاية، وجنبي اليسار يوجع، علاش؟,لازمك تطيحي في الميزان وتعملي سونار تقيسي 'حوت بطانة الرحم'. ساعات تستحقي 'خزعة' (Prélèvement) باش نتأكدوا اللي ما فماش لحمية زايدة.,original
advice_guidance,عندي حكة قوية لداخل في المهبل، غسلت بماء دافئ وما تنحتش، شنوة الحل؟,هذي التهابات مهبلية، الماء الدافئ وحده ما يعمل شي. لازمك 'تحاميل' (Ovules) ولا بوماضة خاصة يوصفها الطبيب، وممكن تكون عدوى في البول زادة.,original
advice_guidance,راسي يوجعني الكل مع دوخة وردان، شنوة يطلع؟,تنجم تكون 'شقيقة' (Migraine) من الستريس ولا التعب. أما لازم زادة تثبت في 'التنسيون' (الضغط) والعيون والأذن لداخل، خاطر الدوخة تجي منهم.,original
advice_guidance,وجع في أسفل الظهر وساقيا يحرقوا بالضو كِي نقوم الصباح، علاش؟,أكثر سبب هو تشنج عضلات الظهر ولا ضغط على 'العرق' (Hernie Discale). جرب تمشي كل يوم نص ساعة ونقص في الميزان، تو الوجيعة تخف.,original
advice_guidance,عندي نفخة في كف يدي اليسار وتوجعني كِي نشد التلفون برشة، شنوة هذي؟,ينجم يكون التهاب في الأوتار ولا ضغط على عصب اليد (Canal carpien). لازم طبيب يمسها ويشوف كان فمة 'كيس' ولا نفخة تستحق دواء.,original
advice_guidance,لساني أبيض من تالي وريحتي خايبة، رغم اللي نحك في سنيا، وعلاش يخرج دم؟,البياض هذيك فطريات ولا بكتيريا. والدم يعني اللثة مريضة (Gingivite). لازمك طبيب سنين يعملك تنظيف (Détartrage) ويعطيك 'بحريرة' تعقم.,original
advice_guidance,عندي نفخة صغيرة في الغدة الدرقية من الشيرتين، والطبيب قالي ما تخافش، ياخي بلاش دواء؟,مادام التحاليل سليمة وما ثماش 'عقد' (Nodules) كبيرة، الطبيب يفضل يراقبها بلاش دواء. الدواء ناخذه كان كِي تبدأ الغدة خادمة برشة ولا حابسة.,original
advice_guidance,بدني يخرج في سخانة وعرق كبير حتى كِي نتعب شوية، والتحاليل سليمة؟,ثبت في 'فيتامين D' وفي فقر الدم (Anémie). نقص الفيتامينات يخلي البدن 'يرخي' وما عادش يحمل الجهد، ويخرج السخانة هذيك.,original
advice_guidance,عندي عقدة منفوخة أعلى الفخذ عندها 6 شهور، الطبيب قالي فتق، نعدي جراحة؟,إي، لازمك 'جراح عام' يشوفها. الفتق (Hernie) ما يتداواش بالدواء، لازم عملية بسيطة باش ما يتخنقش ويعملك مشاكل أكبر.,original
advice_guidance,عندي مغص وحكة في المخرج وساعات نشوف دود صغير أبيض، شنوة هذا؟,هذا 'دود الخيط' (Oxyures). لازمك دواء (كِيما Mebendazole) ليك وللعائلة الكل، وتغلي القش والملابس الداخلية باش ما يرجعش.,original
advice_guidance,البريود داخلة بعضها وراسي يوجع، والتحاليل طلعت هرمون التستوستيرون والحليب طالعين. هذا تكيس؟,إي نعم، هذي علامات 'تكيس المبايض' (SOPK). لازمك تبع علاج مع طبيبة نساء باش تنظم الهرمونات والبريود ترجع لمجاريها.,original
advice_guidance,عندي مشكلة سرعة قذف من أول نهار عرست فيه وعندي توا 15 سنة زواج وما تحسنتش. فمة حل؟,الحل موجود! لازمك تداوم على تمارين 'كيغل' (Kegel) باش تقوي عضلات الحوض. أعملهم 4 مرات في النهار لمدة 6 شهور، وتو تلاحظ فرق كبير. وزيد طول في المداعبة مع مرتك.,original
advice_guidance,ساقي تشنجت عليا فرد مرة (Crampe) ووجيعة قوية. مناش؟,تنجم تكون من التعب، نقص ماء، ولا حتى نقص في المغنيسيوم. كانك مدخن ولا عندك السكر والوجيعة تتعاود، لازم طبيب يثبت في العروق وفي ظهرك.,original
advice_guidance,نلعب كورة وعندي الصدفية (Psoriasis) في جلدي. ياخي تأثر على كارييري ومستقبلي في الكرة؟,الصدفية مرض جلدي ما يعديش وما يأثرش على لياقتك. كان تتبع دواك وتسيطر عليها، تنجم تواصل تلعب وتولي محترف وما يفيق بيك حد.,original
advice_guidance,بابا جاووه حزام ناري (Zona)، برا منه أما بقاو عروقه يوجعوا فيه. خذى دواء تيغريتول وما نفعش. شنوة يعمل؟,وجيعة العروق بعد الزونا (Post-herpetic neuralgia) صعيبة شوية وتطول. لازم الطبيب يعدلهالدوزة ولا يبدله لنوع آخر متاع مسكنات خاصة بالأعصاب.,original
advice_guidance,عندي 8 أيام ملي زرقلي الطبيب زريقة التفجير وما نحس في حتى وجيعة. معناها ما ثماش حمل؟,مووش بالضرورة تحس بوجيعة باش يكون فمة حمل. استنى كمل الـ 14 يوم وأعمل تحليل دم (Beta HCG) هو الوحيد اللي يعطيك الصحيح.,original
advice_guidance,عملت تحاليل السيدا (HIV) بعد 4 شهور من علاقة مشبوهة وطلعت سلبية. نزيد نعاودها؟,مادام التحليل بعد 90 يوم طلع سلبي، معناها تهنى، ما عندك شيء والتحليل كافي ووافي. ارتاح ونحي الوسواس.,original
advice_guidance,عملت تحاليل الغدة وطلعوا مريڨلين، أما راني دبّة وما نجمتش نضعف وعندي تكيس، شنوة الحكاية؟,مادام تحاليل الغدة (TSH) مريڨلة، المشكلة تنجم تكون من 'التكيس' بيدو خاطر يعمل 'مقاومة أنسولين'. التكيس يخلي البدن يكدس الشحم ويصعّب التخسيس. لازمك ريجيم ناقص سكر ورياضة تو تتحسن الأمور.,original
advice_guidance,بدلت وقت حرابش المنع وبعد نهارين هبط عليا دم خفيف وكرشي وجعتني، فمة خطر؟,عادي وما تخافش. الهرمونات تتقلق كِي تبدل الوقت وينجم يهبط شوية دم (Spotting). واصل في وقتك الجديد وتو يرجع البدن يستانس والدم يقص وحده.,original
advice_guidance,نجم نشرب القسط الهندي على خفقان القلب وأنا حامل؟,لا! في الحمل أخطاك من الأعشاب القوية كِيما القسط الهندي، ما نعرفوش مفعولها على الصغير. خفقان القلب لازم يشوفه طبيب، ينجم يكون نقص حديد (Anémie) وهو اللي يعمل النهجة.,original
advice_guidance,عملت جبيرة (Plâtre) لساقي 3 أسابيع ونحيتها، نجم نسجد ونسوق الكرهبة؟,ما تتسرعش! الساق بعد الجبيرة تكون 'راقدة'. لازمك حصص ترويض طبي (Kinésithérapie) باش العضلات ترجع تقوى والمفصل يسرح. ارجع لطبيبك تو يڨلك وقتاش تسوق.,original
advice_guidance,راجلي يوجع فيّ كِي يدخل القضيب، ياخي ينجم يغلط ويدخل في مجرى البول؟,لا مستحيل. مجرد البول (L'urètre) صغير برشة وضيق ما يتعدى منه شي. الوجيعة تنجم تكون من 'نقص ترطيب' ولا تشنج (Vaginisme). استعملوا 'مرطب' (Lubrifiant) وتو تنقص الوجيعة.,original
advice_guidance,ساقي اليسار توجع من الجنب ومن تالي، كاينها مجبودة ما نجمش نركد، شنوة الحل؟,هذا يشبه لـ 'عرق النسا' (Sciatique). عصب في الظهر مضغوط وسارح على الساق. لازمك فحص عند طبيب روماتيزم يعملك 'إيرام' (IRM) ولا راديو يثبت في الـ 'دِيسك'.,original
advice_guidance,عندي غازات برشة ومغص وكرشي تجري (براز طري)، شنوة السبب؟,تنجم تكون 'مصران غليظ' (Colon irritable) يتأثر بالماكلة والستريس. لازمك طبيب جهاز هضمي يشوف لا عندك حساسية من 'الڨلوتين' ولا 'اللاكتوز'.,original
advice_guidance,تحليل السيدا (HIV) من الجيل الثالث ولا الرابع، شنوة الفرق بيناتهم؟,الجيل الثالث يلوج كان على 'الأجسام المضادة'، أما الرابع (Combo) يلوج على الأجسام المضادة وعلى 'الفيروس' بيدو (P24). الجيل الرابع هو الأسرع والأصح في وقت قصير.,original
advice_guidance,ياخي المرا اللي عندها بطانة رحم مهاجرة (Endométriose) تنجم تحبل طبيعي؟,إي نعم، تنجم تحبل. صحيح 'البطانة المهاجرة' تنجم تصعب الحكاية شوية، أما برشة نساء حبلوا وجابوا صغار لاباس. المهم المتابعة مع طبيب مختص.,original
advice_guidance,بدني يقرص فيّ (لسع) في رقبتي وصدري كِي نخرج للشمس ولا ناكل الحار، بلا احمرار؟,هذي نوع من الحساسية تتسمى 'الشرى' (Urticaire). خوذ حرابش 'مضاد هيستامين' وابعد على الماكلة اللي تشعل البدن (الفلفل والبهارات) واشرب الماء برشة.,original
advice_guidance,فمة دواء يكبّر القضيب ولا يداوي سرعة القذف بالرسمي؟,تكبير القضيب 'خرافة' وما ثمة حتى دواء يعمل هكا. أما سرعة القذف، دواها تمارين 'كيغل' (Kegel) والممارسة بانتظام والستريس لا.,original
advice_guidance,البريود تأخرت عليا بـ 3 أيام، ياخي نحبل؟ وكيفاش نطيّحه كان طلعت حامل؟,أول حاجة تعملها هي 'تست حمل' (Test de grossesse). قبل ما تخمم في تطييح الصغير، لازم تتأكد اللي فمة حمل أصلاً. والبريود تنجم تتأخر من الستريس ولا التعب.,original
advice_guidance,عمري 17 سنة والبريود موش مريغلة (تغيب شهرين) وصدرنا ما كبرش، شنوة نعمل؟,"لازمك تعمل تحاليل هرمونات (FSH, LH, Estrogène). تنجم تكون 'فشلة' في الهرمونات ولا تكيس مبايض، ولازم طبيبة نساء تتبع حالتك من توا.",original
advice_guidance,ديما جيعان وفاشل ومعدتي تحسها فارغة حتى كِي ناكل، ياخي عندي الدود؟,تنجم تكون 'فقر دم' (Anémie) ولا الدود بالرسمي. أعمل تحليل دم (NFS) وتحليل 'خروج' (Analyse des selles) باش تعرف رأسك من ساقيك.,original
advice_guidance,كِي نقوم الصباح نحس بـ حريقة قوية في الڨرجومة ولا في البول، شنوة السبب؟,كان الحريقة في البول، لازم تحليل بول (ECBU) خاطر تنجم تكون 'ميكروب'. وكان في الصدر، راهو 'ردان معدة' (Reflux) يطلعلك في الليل.,original
advice_guidance,عندي زغطة (Hoquet) ما حبتش تقص عندي أيام، وعندي جلطة قديمة، تخوف؟,لازم تثبت مع طبيب أعصاب ديريكت. الزغطة اللي تطول برشة تنجم تكون من تأثير الجلطة على مركز الأعصاب. ما تسكتش عليها.,original
advice_guidance,عندي وجيعة وتنفخ في كعب ساقي، عملت راديو وطلع العظم لاباس. مالا شنوة؟,مادام العظم لاباس، تنجم تكون التهاب في 'الأوتار' ولا 'روماتيزم'. شوف طبيب روماتيزم يعملك تحاليل دم يثبت في 'الأملاح' (Acide urique).,original
advice_guidance,عندي وجيعة في كرشي عندها ساعات وما حبتش تبرد، شنوة ناكل؟,الوجيعة اللي تطول ما تداواش بالماكلة. لازم تعرف الوجيعة وين بالضبط؟ معاها ردان؟ حمى؟ لازم تشخيص باش ما تطلعش 'الزائدة' (Appendicite).,original
advice_guidance,نحس في رعشة وتنميل في الڨرجومة تحت تفاحة آدم، ومعاها دوخة، شنوة هذا؟,ثبت في 'الغدة الدرقية' (Thyroïde) ولا 'الفقرات' متاع الرقبة. ساعات التعب والوقفة الخايبة تضغط على العروق وتعمل الدوخة هذي.,original
advice_guidance,أنا نمارس في العادة من عمري 6 سنين، وتوا وليت نقذف في فيسع (أقل من دقيقة)، فمة حل؟,سرعة القذف عندها علاقة بالعادة. الحل هو تمارين 'كيغل' (Kegel) باش تقوي عضلات الحوض، وتوقف على العادة وتعمل السبور.,original
advice_guidance,نحس في وجيعة في قلبي وأعصابي داخلة بعضها ونحس في روحي باش نموت، شنوة نعمل؟,هذي علامات 'قلق قوي' (Crise d'angoisse). لازمك تتعلم تمارين التنفس والاسترخاء، وتحكي مع طبيب نفساني يفرغلك قلبك.,original
advice_guidance,عندي إفرازات صفراء تخرج من صدري وريحتها خايبة، ياخي سرطان؟,مووش شرط سرطان، تنجم تكون التهاب قوي في القنوات. أما لازم تمشي لجراح يثبت في الصدر ويعملك 'ماموغراف' (Mammographie) للحيطة.,original
advice_guidance,واحد رشني بالماء وهو خارج من تواليت عمومية، وجاء الماء في فمي، نمرض بالـ سيدا (SIDA)؟,مستحيل! السيدا ما تتنقلش هكاك. لازم دم ولا علاقة جنسية. وسوسة زايدة ما عندها حتى أساس علمي، اطمن.,original
advice_guidance,علاش راجلي وجهه يصفار برشة وقت الجماع؟ ياخي تخوف؟,الاصفرار الفجئي ينجم يكون من فقر دم (Anémie) ولا تعب كبير وسوء تغذية. البدن وقت المجهود يبعث الدم للأعضاء المهمة، فيبان الوجه شاحب. خليه يعمل تحليل دم كامل (NFS) باش تتطمنوا.,original
advice_guidance,عملت تحليل السيدا (HIV) بعد 70 يوم وطلع سلبي، ياخي كافي ولا نعاود؟,بعد 70 يوم (يعني أكثر من شهرين) النتيجة تعتبر قطعية بنسبة كبيرة برشة، خاصة كان التحليل من الجيل الرابع (Combo). اطمن وانسى الموضوع، النتيجة صحيحة.,original
advice_guidance,نقوم من النوم نلقى يدي وساقي منفوخين وصوابعي ما يتحركوش، علاش؟,النفخ هذا (Oedème) ينجم يكون من نقص حركة، ولا مشكلة في الكلاوي، ولا روماتيزم يخلي السوائل تتجمع في المفاصل في الليل. لازم طبيب روماتيزم يشوفك.,original
advice_guidance,ديما نحس بحاجة واحلة في حلقي (Gag reflex) ونحب نرد، شنوة الحل؟,هذا الاكثرية 'رد فعل بلعومي' بسبب 'الجاير' (Reflux) ولا حموضة المعدة اللي تطلع للحلق. نقص من المقلي والحار وكول وجبات صغيرة وتو يبرد الحلق.,original
advice_guidance,عندي وجيعة في صدري ويدي اليسار وتنميل، خايف تطلع القلب؟,الوجيعة اللي تتنقل تنجم تكون من المعدة (الجرثومة الحلزونية) ولا من الستريس والڨلق. أما كان الوجيعة كبسة قوية في الصدر، لازم تخطيط قلب (ECG) ديريكت للضمان.,original
advice_guidance,شنوة اللي يخلي الرحم حامض ويمنع الحمل؟,الحموضة الزايدة (Acidité) الاكثرية تجي من الالتهابات المهبلية ولا الفطريات. هذيك تقتل المني قبل ما يوصل للبويضة. لازم 'تحميلة' ودواء وتنظيف.,original
general_knowledge,شنوّة معناها زمرة الدم (Groupe Sanguin) وعلاش فمّا شكون يعطي للناس الكل؟,زمرة الدم تتحدد بنوع البروتينات (Antigènes) اللي فوق كريات الدم الحمراء. فمّا $A$ و $B$ و $AB$ و $O$. اللي عندو زمرة **O سلبـي ($O^-$)** يتسمى 'المعطي العالمي' خاطر دمو ما فيهش بروتينات تخلّي بدن الشخص لاخر يرفضو، فينجم يسلك أي حد في حالة استعجالية. أما $AB^+$ يتسمى 'البخيل' خاطر ياخذ من عند الناس الكل وما يعطي لحد كان اللي كيفو.,original
general_knowledge,شنوّة الفرق بين الـ RAM والـ Disque Dur في البيسي؟,الـ **RAM** هي 'الذاكرة القصيرة'، فيها الحاجات اللي قاعد تخدم بيهم توا (كيما مخك كِي يبدأ يخمم)، هي سريعة برشة أما كِي تقص الضوء يطير كل شيء. أما **الديسك دير** هو 'الخزانة' (الذاكرة الطويلة)، فيه التصاور والأفلام والسيستيم، يبقى حافظهم حتى والبيسي طافي، أما الخدمة معاه أبطأ من الـ RAM.,original
general_knowledge,كيفاش اللقاح (Vaccin) يحمينا من الأمراض؟,اللقاح هو كيف **'تمرين' لجهاز المناعة**. يعطيوه فيروس ميت ولا ضعيف (إلا شقف منو)، البدن يتعرف عليه ويصنع 'أجسام مضادة' وجيش متاع خلايا ذاكرة. نهار اللي يجي الفيروس الحقيقي، المناعة تلقى روحها حاضرة وتقتلو قبل ما يمرضك. اللقاح يعلم البدن كيفاش يحارب من غير مخاطرة.,original
general_knowledge,شنوّة معناها سيروم (Sérum) وعلاش يعطيوه للمريض في السبيطار؟,السيروم هو سائل ملحي (Serum Physiologique) ولا سكري، التركيبة متاعو تشبه لتركيبة 'البلازما' في الدم. يعطيوه للمريض ديريكت في العرق باش **يعوض السوائل** اللي ضاعت (Déshydratation)، ولا باش يوصل الدواء للبدن فيسع خيالية من غير ما يتعدى بالمعدة. هو أسرع طريقة باش ترجع 'الإيكيليبر' للبدن.,original
general_knowledge,كيفاش النمال يعرف الثنية متاع الماكلة؟ ياخي عندهم GPS؟,النمال يستعمل في 'ريحة كيميائية' تتسمى **'فيرومونات' (Phéromones)**. كِي نمالة تلقى ماكلة، وهي راجعة للغار تخلي وراها خيط متاع ريحة في القاعة. النمال لاخر يشم الريحة بهاك 'القرون' (Antennes) متاعو ويتبع الثنية. كل ما يمشيو نملات أكثر، كل ما الريحة تقوى وتولي الثنية واضحة للجيش الكل.,original
general_knowledge,كيفاش الاشاعة (Radiographie) تصور العظام وما تصورش اللحم؟,أشعة إكس (X-rays) هي أشعة قوية تنجم تتعدى من خلال الحاجات الطرية كيما اللحم والجلد. أما **العظام رزيونة ومعبية بالكالسيوم**، فتمتص الأشعة وما تخليهاش تتعدى. في التصويرة، البلاصة اللي تعدت منها الأشعة تظهر كحلة، والبلاصة اللي حبست فيها (العظم) تظهر بيضاء.,original
general_knowledge,كيفاش الخفاش (Chauve-souris) يطير ويصطاد في الليل وهو ما يراش؟,الخفاش يستعمل في تكنولوجيا تسمى **'السونار' (Écholocation)**. هو يخرج أصوات حادة برشة (أشعة فوق صوتية) إحنا ما نسمعوهاش. الصوت هذاك يضرب في الحيط ولا في الفريسة ويرجعلو. وذنيه الحساسة تحلل قداش وقت خذا الصوت باش رجع، هكا يبني 'تصويرة' في مخو على البلاصة ويعرف وين الذبانة بالضبط من غير ما يستحق لعينيه.,original
general_knowledge,علاش كِي نشربوا الماء البارد برشة نحسوا بوجيعة في راسنا (Brain Freeze)؟,هذا رد فعل سريع من العروق اللي في سقف الفم. كِي يمسها الثلج، تتسكر فيسع باش تحمي السخانة، ومن بعد تتحل فيسع. الحركة الفجئية هذي تهيج الأعصاب اللي دايرة بيها، والأعصاب هذيك تبعث إشارة وجيعة للمخ. وبما إنو الأعصاب هذي مرتبطة بالوجه، المخ 'يغلط' ويحس بالوجيعة في جبهتك موش في فمك.,original
general_knowledge,شنوّة الفرق بين النباتات والفطريات (Champignons)؟ ياخي موش كيف كيف؟,فرق كبير! النبات يصنع ماكلتو وحدو من الشمس (التركيب الضوئي). أما الفطر **ما يصنعش ماكلتو**، هو يعيش على 'تحليل' المواد العضوية (أوراق ميتة، جيف، خشب...). الفطريات أقرب للحيوانات منها للنباتات في طريقة عيشها، خاطرها 'تستهلك' المادة وما تصنعهاش.,original
general_knowledge,كيفاش المكيف (Climatiseur) ينحي الرطوبة من البيت؟,المكيف فيه 'رادياتور' بارد برشة. كِي الهواء السخون والمنّدي متاع البيت يتعدى عليه، بخار الماء اللي فيه يبرد ويتحول لقطرات ماء (تكثف) فوق النحاس البارد. الماء هذاك يتلم ويمشي في 'تيو' (Tuyau) لبرة. هذاك علاش المكيف يقطّر الماء، وهكا البيت تولي باردة وشايحة (نقصت الرطوبة).,original
general_knowledge,كيفاش النحل يعرف وين النوار بالضبط ويعاود يرجع للجبح بلاش ما يتوه؟,النحل يستعمل **'رقصة'** خاصة يوري بيها لصحابه الطريق. وزيد يستعمل مكان الشمس كبوصلة، وعنده قدرة يحس بالحقل المغناطيسي للأرض. حتى كِي تكون الشمس وراء السحاب، النحل ينجم يشوف 'الضوء المستقطب' ويعرف مكانها. النحل عندو GPS داخلي معقد برشة!,original
general_knowledge,شنوّة الفرق العلمي بين البرد (الڨرّة) و الأنفلونزا؟,الزوز فيروسات، أما **البرد (Rhume)** تعملو فيروسات خفيفة (Rhinovirus) تضرب الخشم والحلق وما تعملش سخونة قوية. أما **الأنفلونزا (Grippe)** يعملها فيروس أقوى برشة، يضرب البدن الكل، يعمل سخونة طالعة، وجيعة عضلات، وفشل. الزوز ما يتداواوش بالأنتي بيوتيك، الراحة والماء هما الحل.,original
general_knowledge,علاش كِي نكونوا في البيت والضوء طافي، نراو ذبان ولا خيوط بيضاء صغيرة تعوم قدام عينينا؟,هذيك تتسمى **'الأجسام الطائرة' (Mouches volantes)**. هي موش ذبان بالحق، أما هي جزيئات صغيرة متاع بروتين ولا دم محصورة في السائل الهلامي (Vitré) اللي في وسط عينك. كِي يضرب فيها الضوء، تعمل ظل على 'الشبكية' (Rétine)، فإنت تراهم كأنهم خيوط ولا نقاط يتحركوا كل ما تحرك عينك. حاجة عادية وتصير للناس الكل مع العمر.,original
general_knowledge,كيفاش النباتات تطلع الماء من الجذور للفوق للسماء (ساعات 100 متر)؟,تستعمل في تكنولوجيا تسمى **'النتح' (Transpiration)**. الماء يتبخر من الأوراق، والتبخر هذا يعمل 'قوة شفط' (كيف المصّاصة/Paille) تجبد الماء من لوطة. وزيد جزيئات الماء تحب بعضها وتلصق في بعضها (Tension superficielle)، فتعمل خيط طويل ومسترسل يطلع من العروق لين يوصل لأعلى ورقة.,original
general_knowledge,علاش التثاؤب (Le bâillement) يعدي؟ كِي نرى واحد يتثاوب، نتثاوب كيفو؟,العلم مازال موش متأكد 100%، أما النظرية الأقوى تقول إنها **'محاكاة عاطفية' (Empathy)**. مخنا فيه 'خلايا مرآتية' تخلينا نحسوا باللي يحس بيه اللي قدامنا. كِي نراو حد يتثاوب، مخنا يبرمجنا باش نعملوا كيفو كنوع من 'التضامن' الاجتماعي اللاواعي.,original
advice_guidance,شنوة الفرق بين الورم الشحمي (Lipome) والتجمع الدهني (Amas graisseux)؟,الزوز حكايات فارغة في العادة. الـ Lipome هي كعبورة شحمية تحت الجلد، والـ Amas هو مجرد تلم دهني متليف. كِي تكون الكعابر صغيرة وتتحرك، الطبيبة تقولك ما تخافش، والمتابعة كل عام بالتصوير (Échographie) تكفي باش نتطمنوا اللي حجمها ما تبدلش.,original
general_knowledge,شنوة الفرق بين فيروس و بكتيريا؟ ياخي الزوز يتداواو بالـ أنتي بيوتيك؟,رد بالك! الـ **أنتي بيوتيك يقتل البكتيريا بركة**. البكتيريا كائن حي مستقل ينجم يعيش وحدو. أما الفيروس هو 'كود' جيني لازمو يدخل لوسط خلية باش يتكاثر. الفيروسات نداويوهم بالـ 'أنتي فيرال' ولا بالـ 'تلقيح' (Vaccin) باش البدن يتعرف عليهم ويحاربهم.,original
emotional_support,الخدمة ولات عذاب، كل يوم نمشي بالسيف.,الـ Burnout حاجة حقيقية وتوجع. جرب اليوم بعد الخدمة اعمل حاجة تحبها، حتى كان قهوة وحدك، باش تفصل شوية بين ضغط الخدمة وحياتك الخاصة.,original
emotional_support,نحس روحي مانيش كفء في خدمتي الجديدة، خايف يطردوني.,هذا يتسمى 'Imposter Syndrome'. عادي تحس روحك ضايع في الأول، الكلنا مرينا بيها. بالشوي تعلم واسأل، وتو تولي متمكن.,original
emotional_support,نحس روحي مانيش Promotion في خدمتي، ديما يتعداو عليا.,ساعات الخدمة محتاجة 'Marketing' لروحك موش كان خدمة برك. حاول تظهر مجهودك أكثر وتكلم بوضوح على طموحاتك مع مديرك. حقك تطلب اللي تستحقه.,original
emotional_support,نحس روحي مخنوقة من كثرة الجروبوات في الفايسبوك.,كثرة المعلومات والتدخلات تتعب المخ. أعمل 'Digital Detox'، اخرج من المجموعات اللي تسببلك ستريس وخلي كان اللي ينفعك.,original
emotional_support,نحس روحي وليت ثقيلة في مخي، ما عادش نستوعب بالباهي.,هذا تعب ذهني (Brain Fog). مخك محتاج راحة، نوم باهي، وماكلة صحية. جرب نقص مالتخمام الزايد وتو ترجعلك قدرتك ع التركيز.,original
emotional_support,وليت نخاف من السفر وحدي، نحس روحي باش نضيع.,السفر وحدك تجربة تقوي الشخصية. ابدا بسفرات قصيرة في تونس، واستعمل الـ GPS، وتو تكتشف اللي إنت قادرة تعتمد على روحك.,original
emotional_support,وليت نخاف من الكياسات الجديدة اللي ما نعرفهاش.,استعمل الـ GPS وتوكل على ربي. الكياسات الكل توصل، المهم تمشي بتركيز وبالشوي. كل ثنية جديدة هي خبرة جديدة تزيدك ثقة.,original
emotional_support,وليت نكره الوقوف في الطوابير الطويلة، نحس روحي نضيع في عمري.,الوقت غالي. جرب استغل الوقوف هذا في سماع Podcast ولا قراية مقال مفيد على التليفون. هكا تولي ربحت وقتك وما عادش تتوتر.,original
emotional_support,وليت نخاف من الركوب في الـ Covoiturage مع عباد ما نعرفهمش.,الحذر واجب. جرب سافر مع عباد عندهم تقييمات باهية، ولا امشي في وسائل النقل الرسمية كانك موش مرتاحة. سلامتك النفسية قبل كل شي.,original
emotional_support,وليت نكره الريحة متاع القليان في الدار، تلصق في كل بلاصة.,القليان يتعب في التنظيف وفي الريحة. جرب استعمل الـ Air Fryer ولا طيب في الفور، هكا دارك تقعد ريحتها فواحة وصحتك تكون أحسن.,original
task_oriented,نحب نطلع بطاقة تعريف وطنية لأول مرة، شنوة الأوراق اللازمة؟,"لازمك تمشي لمركز الشرطة ولا الحرس الوطني القريب لسكناك وتحضر الأوراق هاذي:
1. شهادة ميلاد أصلية (extrait de naissance).
2. 4 تصاور شمسية خلفيتهم بيضاء.
3. شهادة حضور مدرسية ولا شهادة عمل.
4. وصل خلاص (Timbre fiscal) تشريه من القباضة (بـ 3 دينارات عادة).
5. نسخة من بطاقة تعريف الولي.",original
task_oriented,تلفوني طاح في الماء وما حبش يتحل، شنوة نعمل؟,"لازمك تتصرف بسرعة باش ما يتحرقش الكارط مير (Carte mère):
1. نحيه من الشارج فوراً وطفيه إذا مازال يخدم.
2. امسحو بشيحة (serviette) وحاول تنحي 'البيس' والكارط ميموار.
3. ما تستعملش السيشوار (Sèche-cheveux) خاطر السخانة تهلك البياسات.
4. حطو في حكة فيها روز نيّ ليلة كاملة باش يمتص الندوة.
5. إذا ما تحلش الصباح، هزو لـ 'réparateur' مختص في أقرب وقت.",original
task_oriented,البيسي متاعي ولا رزين برشا ويتبلوكا، فماشي حل سريع؟,"تنجم تحسن المردود متاع البيسي متاعك هكا:
1. فرغ 'السينية' (Corbeille) ونحي اللوجيسيلات اللي ما تستعملهمش.
2. ثبت في 'Gestionnaire des tâches' (Task Manager) شنوة الحاجات اللي تاكل في 'الرام'.
3. اعمل سيكيريتي سكان (Scan) بالـ 'Antivirus' بالكشي عندك فيروس.
4. إذا قعد رزين، ننصحك تزيد 'Barrette mémoire' ولا تبدل الديسك ديـر لـ 'SSD'.",original
task_oriented,نحب نحجز ليلة في وتيل في طبرقة، شنوة أحسن طريقة؟,"باش تلقى سوم باهي، اتبع الخطوات هاذي:
1. قارن الأسعار بين مواقع 'Booking.com' ووكالات الأسفار التونسية (Traveltodo, Teskerti).
2. ثبت في 'الريفيو' (Avis) متاع العباد اللي مشاو قبلك.
3. كلم الوتيل مباشرة واسألهم على 'Promo' للعائلات ولا التوانسة.
4. أكد الحجز بالـ 'Carte bancaire' ولا امشي خلص في وكالة قريبة ليك.",original
task_oriented,كيفاش نطلع مضموم ولادة (Extrait de naissance) بالأنترنات؟,"تنجم تطلعو من غير ما تمشي للبلدية عبر بوابة 'Etat Civil':
1. ادخل لموقع 'etatcivil.gov.tn'.
2. دخل معطياتك الشخصية (الاسم، اللقب، تاريخ الولادة، والبلدية).
3. خلص المعلوم باستعمال بطاقة بنكية ولا بطاقة 'e-Dinar'.
4. المضموم يوصلك بالبريد المسجل للدار في ظرف أيام.",original
task_oriented,تلفزتي Smart TV ما حبتش تكنكتي عالويفي، شنوة نعمل؟,"جرب الحلول هاذي بالترتيب:
1. ادخل للـ 'Settings' متاع التلفزة واعمل 'Forget Network' وعاود كونكتي.
2. ثبت اللي المودام قريب للتلفزة وما ثماش عوائق كبيرة.
3. اعمل ريستارت (Restart) للتلفزة وللمودام في نفس الوقت.
4. إذا ما مشاتش، جرب كونكتيها بكابل 'Ethernet' مباشرة.",original
task_oriented,نحب ننظم رحلة تخييم (Camping) في عين دراهم، شنوة النصائح؟,"عين دراهم بلاصة مزيانة اما لازمها تحضير:
1. اختار بلاصة معروفة وآمنة، ومن المستحسن تعلم 'Garde forestier' ولا المركز القريب.
2. هز معاك خيمة صحيحة وكيس نوم (Sac de couchage) خاطر الدنيا تبرد برشا في الليل.
3. حضر ماكلتك وماء كافي، وما تنساش 'Lampe torche' و 'Powerbank'.
4. حافظ على نظافة البلاصة وهز معاك ساشيات للزبلة.",original
task_oriented,نحب نبعث قضية (Colis) لفرنسا، شنوة أحسن طريقة؟,"عندك زوز حلول حسب الميزانية والوقت:
1. **البريد السريع (Rapide Poste):** مضمون، يوصل في 3-5 أيام، وأرخص من الشركات الخاصة.
2. **شركات الشحن (DHL, FedEx):** أسرع ببرشا (يومين) اما أغلى في السوم.
3. لازمك تصرح بمحتوى القضية وتعمر ورقة الديوانة (Douane) في البوسطة.",original
task_oriented,كيفاش نعرف كرهبة ن ت (N.T) تنجم تتباع ولا لا؟,"الكراهب ن ت (Nouveau Régime) عندها قوانين خاصة:
1. ثبت في البطاقة الرمادية (Carte Grise) كان مكتوب عليها 'سلسلة نظام توقيتي'.
2. لازم صاحب الكرهبة يخلص الديوانة (Régularisation douanière) باش تولي 'تونسية' (Série normale).
3. امشي للديوانة واسأل على 'état de véhicule' باش تعرف قداش لازم دفع باش تتباع.",original
task_oriented,نحب نطلع Carnet de Chèques من البنك، شنوة نعمل؟,"لازمك تعمل مطلب للبنك متاعك:
1. امشي للفرانس (Agence) اللي حليت فيها الكونت.
2. صحح في مطبوعة 'Demande de chéquier'.
3. استنى من أسبوع لـ 10 أيام باش يحضر.
4. كيف يكلموك، امشي هز الشيكات متاعك واستظهر ببطاقة تعريفك.",original
task_oriented,كيفاش نجم نحجز Taxi Touristique لمشوار طويل؟,"للمشاوير الطويلة (سفرات بين المدن)، عندك الطرق هاذي:
1. لوج في تطبيقات كيما 'Bolt' ولا 'Indriver' (بعضهم يقبل مشاوير طويلة).
2. امشي لمحطة التاكسيات الكبيرة واسأل الشوافرية اللي يخدموا 'Course longue distance'.
3. اتفق على السوم بالمسبق (Forfait) مش بالكونتور، خاطر الكونتور يغلى برشا لبرا مالبلاصة.",original
task_oriented,كيفاش نجم نحجز تاكسي توريستيك لمشوار طويل؟,"للمشاوير الطويلة (سفرات بين المدن)، عندك الطرق هاذي:
1. لوج في تطبيقات كيما 'Bolt' ولا 'Indriver' (بعضهم يقبل مشاوير طويلة).
2. امشي لمحطة التاكسيات الكبيرة واسأل الشوافرية اللي يخدموا 'Course longue distance'.
3. اتفق على السوم بالمسبق (Forfait) مش بالكونتور، خاطر الكونتور يغلى برشا لبرا مالبلاصة.",original
task_oriented,شنوة الأوراق اللازمة باش نطلع بطاقة تعريف وطنية لأول مرة؟,"الوثائق المطلوبة هي:
1. مطلب الحصول على بطاقة تعريف (تاخدو من المركز).
2. مضمون ولادة أصلي (extrait de naissance).
3. 3 تصاور شمسية خلفيتهم بيضاء.
4. شهادة حضور مدرسية ولا شهادة عمل.
5. وصل خلاص 'تنبـر' (Timbre) من القباضة (2500 مليم).
6. ترخيص أبوي للي عمرهم أقل من 18 سنة.",original
task_oriented,البيسي متاعي ولا رزين برشا وما يحبش يتحل فيسع. شنوة تنصحني؟,"باش تسرع البيسي، جرب الحاجات هاذم:
1. فسخ البرامج اللي ما تستعملهمش (Désinstaller).
2. نحي البرامج اللي تتحل وحدها مع 'Démarrage'.
3. أعمل 'Nettoyage de disque' باش تفسخ الفيشيات الزايدة.
4. كان قعد رزين، أحسن حل تزيد 'SSD' ولا تهزو لـ 'Réparateur' ينظفو من الغبرة ويصبلوا 'Formatage' جديد.",original
task_oriented,كيفاش نخلص فاتورة الضو (STEG) من غير ما نمشي للبريد؟,"تنجم تخلص فاتورتك أونلاين وبكل سهولة:
1. ادخل للسيت متاع 'STEG' ولا استعمل تطبيق 'D17' متاع البوسطة.
2. حط رقم الفاتورة (رقم الحريف ورقم الفاتورة).
3. استعمل كارت بنكير (Carte Bancaire) ولا كارت 'e-Dinar'.
4. سجل 'Reçu' عندك باش تثبت الخلاص.",original
task_oriented,تلفوني طاح في الماء وما حبش يشعل، شنوة نعمل توا؟,"رد بالك تشعلو! اتبع الخطوات هاذم فيسع:
1. خرج التيليفون من الماء ونشفو بقطعة قماش شايحة.
2. نحي الـ 'SIM' والـ 'Carte Mémoire' وكان البطارية تتنحى نحيها.
3. حط التيليفون في وسط حكّة فيها 'روز' (Riz) وسكر عليها نهار كامل (الروز يمتص الندوة).
4. غدوة جرب شعلو، وكان ما خدمش هزّو للـ 'Technicien' في أقرب وقت.",original
task_oriented,كيفاش نصب Application متاع بنكة (UIB/BH/BIAT) في تليفوني؟,"باش تبع كونتك من التليفون:
1. ادخل لـ 'Play Store' (Android) ولا 'App Store' (iPhone).
2. اكتب اسم البنكة متاعك في الـ 'Recherche'.
3. انزل على 'Installer'.
4. بعد ما تتحل، لازم تمشي للبنكة تاخد 'Login' و 'Mot de passe' باش تنجم تدخل للكونت لأول مرة.",original
task_oriented,نحب نحجز بيت في وتيل في الحمامات في الصيف، شنوة تنصحني؟,"باش تحجز وتيل بأحسن سوم:
1. استعمل مواقع كيف 'Booking.com' ولا مواقع تونسية كيف 'Traveltodo'.
2. قارن الأسعار بين 'All Inclusive' و 'Demi-pension'.
3. ثبت في تصاور الوتيل والـ 'Avis' متاع العباد في 'TripAdvisor'.
4. كلم الوتيل مباشرة ساعات تلقى عندهم 'Promo' موش موجودة أونلاين.",original
task_oriented,الـ Climatiseur يخرج في هواء سخون، شنوة الحل؟,"ثبت في النقاط هاذم:
1. شوف الـ 'Mode' محطوط على 'Cool' (علامة الثلج) موش 'Heat'.
2. نظف الـ 'Filtres' متاع الوحدة الداخلية بالماء.
3. ثبت في الوحدة الخارجية (Moteur) فماش حاجة مغطيتها.
4. كان قعد نفس المشكل، جيب تقني يثبت في الـ 'Gaz' فماش 'Fuite'.",original
task_oriented,كيفاش نجم نحجز تاكسي توريستيك لثنية طويلة؟,"للمشاوير الطويلة (سفرات بين المدن)، عندك الطرق هاذي:
1. لوج في تطبيقات كيما 'Bolt' ولا 'Indriver' (بعضهم يقبل مشاوير طويلة).
2. امشي لمحطة التاكسيات الكبيرة واسأل الشوافرية اللي يخدموا 'Course longue distance'.
3. اتفق على السوم بالمسبق (Forfait) مش بالكونتور، خاطر الكونتور يغلى برشا لبرا مالبلاصة.",original
task_oriented,الماوس (Souris) متاع البيسي ما حبتش تخدم، شنوة الحل؟,"جرب الحاجات هاذم بالترتيب:
1. كان الماوس بالخيط، بدلها البلاصة (Port USB) في البيسي.
2. كان 'Sans fil'، ثبت في الحجرات (Piles) يمكن وفاو.
3. ثبت في 'Capteur' من لوطة فماش شعرة ولا غبرة مغطيتو.
4. جرب الماوس على بيسي آخر باش تتأكد اللي هي تمشي ولا لا.",original
task_oriented,كيفاش نطلع مضمون ولادة (Extrait de naissance) من غير ما نمشي للبلدية؟,"تنجم تطلبو عبر الأنترنات ويوصلك للبوسطة:
1. ادخل لموقع 'etatcivil.gov.tn'.
2. عمر المعلومات الخاصة بيك (الولاية، المعتمدية، البلدية، ورقم الرسم).
3. خلص المعاليم والبريد باستعمال كارت بنكير.
4. المضمون يوصلك لعنوانك المسجل في ظرف أيام قليلة.",original
task_oriented,الـ Imprimante ما تحبش تخرج الورق، والضو يرفرف. شنوة الحل؟,"جرب المراحل هذي:
1. ثبت فماش 'Bourrage papier' (ورقة وحلت لداخل).
2. حل الباب متاع الـ 'Cartouches' وثبتهم في بلاصتهم مليح.
3. شوف مستوى الحبر (Encre)، ساعات الضو يرفرف كي يبدا الحبر قريب يوفى.
4. أعمل 'Annuler' لكل الأوامر اللي بعثتهم من البيسي وعاود ابعث ورقة واحدة برك.",original
task_oriented,نحب نطلع Carnet de Soin (الدفتر الأبيض) متاع الكنام (CNAM)؟,"لازمك تحضر الدوسي هذا وتهزو لأقرب مركز كنام:
1. نسخة من بطاقة التعريف.
2. نسخة من عقد الشغل ولا شهادة في الأجر.
3. مضمون ولادة للأبناء والزوج(ة).
4. تعمير مطبوعة 'اختيار المنظومة العلاجية' (طبيب عائلة، منظومة عمومية، ولا استرجاع مصاريف).",original
task_oriented,تلفوني يتشرجى رزين برشا، شنوة السبب؟,"المشكلة تنجم تكون من:
1. الكابل (Câble): كانو مقطع ولا قديم يولي يشرجي رزين، جرب كابل 'Original'.
2. 'Bloc Chargeur': ثبت قداش يخرج 'Ampérage'، لازم يكون متوافق مع تلفونك.
3. تطبيقات في الخلفية: ساعات الـ 'GPS' والـ 'Bluetooth' كي يقعدوا يخدموا يستهلكوا الشحن.
4. جرب شرجي التليفون وهو 'Mode Avion' وشوف الفرق.",original
task_oriented,نحب نحجز بلاصة في Camping في تمغزة، شنوة نعمل؟,"التخييم في الجنوب لازمه تنظيم:
1. اتصل بـ 'Centre de camping' ولا دور ضيافة في توزر/تمغزة.
2. اسأل على حالة الطقس (في الليل تبرد برشا في الشتاء).
3. ثبت في التجهيزات: فما ماء وضو ولا لازمك تهز كل شي معاك؟
4. خوذ 'Autorisation' من الحرس الوطني كان باش تخيم في بلاصة معزولة.",original
task_oriented,كيفاش نصب كود Freefire ولا Netflix في تونس؟,"بما أنو ما عندناش 'PayPal' عالمي، تنجم تستعمل:
1. المواقع التونسية الوسيطة (كيف Sobflous ولا Codashop).
2. تخلص بالـ 'Solde' متاع تليفونك (Ooredoo/Orange) عبر 'Direct Carrier Billing'.
3. اشري 'Ticket' من محلات الألعاب (Gamer shops) اللي يبيعوا الكودات حاضرين.
4. استعمل 'Carte Technologique' كان عندك وحدة.",original
task_oriented,نحب نبعث جواب Recommandé بالبوسطة، كيفاش؟,"الجواب المضمون الوصول (Lettre Recommandée):
1. اكتب العنوان بوضوح على الجواب (المرسل والمرسل إليه).
2. قل لعون البوسطة نحب نبعث 'Recommandé avec accusé de réception' (AR).
3. تعمر ورقة صغيرة تتبدل بالجواب.
4. خوذ 'Décharge' فيها الكود باش تتبع الجواب أونلاين.",original
task_oriented,الـ Clavier متاع البيسي يكتب في حروف غالطة، شنوة الحل؟,"المشكلة غالبا في لغة الكلافية (Language):
1. نزل على 'Alt + Shift' باش تبدل بين العربية، الفرنسية، والإنجليزية.
2. ثبت فماش لغة 'AZERTY' ولا 'QWERTY' محطوطة بالغالط في الـ 'Barre de langue'.
3. ثبت فماش قفلة 'وحلت' (بسبب وسخ ولا سكر صابب عليها).
4. جرب 'Clavier Visuel' (On-screen keyboard) باش تعرف المشكلة سوفت ولا هارد.",original
task_oriented,نحب نطلع Patente (باتيندة) لمحل تجاري صغير، شنوة نعمل؟,"لازم تمشي لـ 'مكتب مراقبة الأداءات' مرجع النظر:
1. نسخة من عقد كراء المحل (مسجل في القباضة).
2. نسخة من بطاقة التعريف.
3. تعمير مطبوعة التصريح بالوجود.
4. يحددولك النظام الجبائي (تقديري ولا حقيقي) ويعطيوك الرقم الجبائي في وقت قصير.",original
task_oriented,تلفوني يسخن برشا كي نلعب PUBG، ثمة خطر؟,"السخانة برشا تقصر في عمر البطارية. جرب:
1. نقص في الـ 'Luminosité' (سطوع الشاشة).
2. نحي الـ 'Etui' (الكاكوية) متاع التليفون باش يبرد فيسع.
3. ما تلعبش وأنت تشرجي في التليفون (أخطر حاجة).
4. نقص في الـ 'Graphismes' وسط اللعبة باش الموتور ما يتعبش.",original
task_oriented,كيفاش نقيد في مكتب التشغيل (ANETI)؟,"باش تتمتع ببرامج التشغيل كيف 'CIVP':
1. ادخل لموقع 'emploi.nat.tn' واعمل كونت.
2. عمر الـ 'CV' متاعك وحط الشهادات التربصات.
3. تمشي لأقرب مكتب تشغيل ليك بالوثائق (نسخة مالشهادة وبطاقة التعريف) باش يفعلولك الكونت.
4. تنجم وقتها تلوج على عروض شغل وتقدم فيهم أونلاين.",original
task_oriented,نحب نمشي بالتريفاج (Covoiturage) لسوسة، وين نلقى عباد؟,"ثمة مجموعات كبار في تونس لهذا الغرض:
1. ادخل لفيسبوك ولوج على 'Covoiturage Tunisie' ولا 'Covoiturage Sousse-Tunis'.
2. العباد يحطوا الوقت والبلاصة وقداش من كرسي فارغ.
3. تتفاهم مع الشوفير في الميسنجر ولا بالتلفون.
4. السوم يكون عادة مقارب لسوم اللواج، أما الكرهبة تكون أرتاح.",original
task_oriented,كيفاش نبدل العملة (Devise) في البنك؟,"في تونس الصرف مقنن، لازمك:
1. تمشي لأي بنكة ولا 'Bureau de change' مرخص له.
2. لازم تهز معاك باسبورك (Passport).
3. عندك الحق في 'Allocation touristique' سنوية (حوالي 6 آلاف دينار).
4. البنكة تطبعلك في الباسبور قداش صرفت وتعطيك 'Bordereau'.",original
task_oriented,كيفاش نريزرفي تذكرة تونسار (Tunisair) أونلاين؟,"العملية ساهلة من موقعهم الرسمي:
1. ادخل لـ 'tunisair.com' واختار مدينة الذهاب والوصول.
2. حدد التاريخ وعدد المسافرين وانزل على 'Rechercher'.
3. اختار الرحلة اللي تساعدك (سواء 'Espace' ولا 'Economique').
4. عمر معلوماتك الشخصية بدقة كيف ما موجودة في الباسبور.
5. خلص باستعمال كارت بنكير دولية ولا كارت تكنولوجية، توة يوصلك الـ 'Billet' على الإيميل.",original
task_oriented,التلفون ما عادش يحب يتصل بالـ Bluetooth في الكرهبة، شنوة الحل؟,"جرب الخطوات هاذي:
1. فسخ (Supprimer) اسم التلفون من لستة الكرهبة واسم الكرهبة من التلفون.
2. أعمل 'Redémarrage' للتلفون وطفي موتور الكرهبة وعاود شعلو.
3. عاود أعمل 'Appairage' من جديد وتأكد اللي التلفون 'Visible'.
4. ثبت فماش تحديث جديد للـ 'Système' متاع الكرهبة.",original
task_oriented,الماشينة نتاع الغسيل (Machine à laver) ما عادش تحب تخرج الماء، شنوة الحل؟,"غالبا فما حاجة سادة المخرج:
1. حل الفلتر (Filtre) الموجود من لوطة تالي ولا قدام، ونظفه من الخيوط ولا العملات المعدنية.
2. ثبت في الخيط اللي يخرج الماء (Tuyau d'évacuation) فماشي حاجة واهلة فيه ولا معوج.
3. تأكد اللي 'الطرمبة' (Pompe de vidange) تخدم وتخرج في صوت.
4. كان المشكل قعد، لازم 'Réparateur' يبدل الطرمبة.",original
task_oriented,نحب نعدي Visite Technique للكرهبة، شنوة نعمل؟,"لازمك تحجز موعد مسبقاً:
1. ادخل لموقع 'attt.com.tn' (الوكالة الفنية للنقل البري).
2. اختار 'Prise de rendez-vous' وحط رقم الكرهبة ومعلوماتك.
3. خلص معلوم الفحص الفني أونلاين بالكارت بنكير.
4. اطبع الوصل وامشي في الموعد بالضبط لمركز الفحص اللي اخترته.
5. تأكد اللي كرهبتك نظيفة والأضواء والفران يخدموا مليح قبل ما تمشي.",original
task_oriented,كيفاش نسجل في منحة العائلات المعوزة؟,"لازمك تتصل بالوحدة المحلية للشؤون الاجتماعية:
1. تحضر ملف فيه مضمون ولادة لكل فرد من العايلة.
2. نسخة من بطاقة التعريف للأب والأم.
3. شهائد حضور للأبناء اللي يقراو.
4. شهادة في عدم الانخراط في الصناديق الاجتماعية (CNSS/CNRPS).
5. البحث الاجتماعي هو اللي يقرر قبول المطلب حسب الحالة المادية.",original
task_oriented,نحب نشري Abonnement مترو وتران للخدمة، شنوة الأوراق؟,"الاشتراكات تطلع من شبابيك 'نقل تونس' ولا المحطات الكبرى:
1. نسخة من بطاقة التعريف.
2. تصويرة شمسية.
3. شهادة عمل ولا بطاقة طالب/تلميذ.
4. تعمير المطبوعة وتحديد الخطوط اللي تستعملها.
5. الاشتراك الشهري أرخص برشا من قصان التذاكر كل يوم.",original
task_oriented,نحب نبعث قضية Express لفرنسا، شكون أرخص؟,"عندك زوز خيارات أساسية:
1. 'Rapid-Poste' (البريد التونسي): أحسن سوم بالنسبة للوزن الخفيف ومضمون.
2. 'DHL' ولا 'FedEx': أسرع برشا (يوصلوا في يومين) أما السوم غالي.
3. لازمك تعمر ورقة 'Douane' (الديوانة) وتكتب محتويات القضية بالضبط وقيمتها.
4. ثبت في الممنوعات (سوائل، مواد قابلة للاشتعال) باش ما تتعطلش في المطار.",original
task_oriented,كيفاش نبدل الـ Mot de passe متاع الجيمايل (Gmail)؟,"لحماية كونتك، اتبع هاذم:
1. ادخل للـ 'Paramètres' في تلفونك واختار 'Google'.
2. انزل على 'Gérer votre compte Google'.
3. ادخل لخانة 'Sécurité'.
4. لوج على 'Mot de passe' واضغط عليها.
5. يطلب منك المود باس القديم، وبعد دخل الجديد مرتين واعمل 'Enregistrer'.",original
task_oriented,نحب نطلع Patente متاع Freelance (مطور برمجيات)، شنوة لازمني؟,"الأمر بسيط في تونس حالياً:
1. نسخة من بطاقة التعريف ونسخة من الشهادة العلمية.
2. عقد كراء للمحل ولا 'Attestation de domiciliation' (تنجم حتى في داركم).
3. تمشي لمكتب الأداءات وتعمر المطلب.
4. اختار نظام 'Auto-entrepreneur' كان مبيعاتك أقل من سقف معين، خاطر الأداءات فيه مخفضة وسهلة.",original
task_oriented,كيفاش نخلص Vignette (معلوم الجولان) للكرهبة؟,"الخلاص يكون في القباضة المالية (Recette des Finances):
1. لازم تهز معاك 'الـبطاقة الرمادية' (Carte Grise).
2. الخلاص يكون حسب 'الخيول' (Puissance fiscale) ونوع الوقود.
3. لازم تخلص قبل الآجال (للكراريه الخاصة عادة في شهر مارس) باش ما تخلصش خطية تأخير.
4. تأكد اللي ما عندكش خطايا رادار موش خالصة، خاطر ساعات يعطلوك.",original
task_oriented,كيفاش نطلع شهادة أصل تجاري (Registre de Commerce)؟,"تطلع من 'السجل الوطني للمؤسسات' (RNE):
1. ادخل لموقع 'rne.tn' واعمل طلب أونلاين.
2. حط معرف الجبائي (Matricule Fiscale) متاع الشركة.
3. خلص المعلوم بالكارت بنكير (حوالي 10 لـ 20 دينار).
4. تنجم تحمل النسخة الرقمية (PDF) وتطبعها وتكون معترف بيها رسمياً.",original
task_oriented,كيفاش نسجل في منصة تيسير (Taysir) للقروض الصغيرة؟,"للحصول على تمويل لمشروع صغير:
1. ادخل لموقع 'taysirmicrofinance.tn' وعمر المطلب الأولي.
2. لازم يكون عندك فكرة مشروع واضحة ولا مشروع قائم.
3. يحضرو معاك ملف مالي ودراسة جدوى.
4. الميزة اللي هما يتابعوك (Accompagnement) موش فقط يعطيوك الفلوس.",original
task_oriented,نحب نعمل Assurance كرهبة، شنوة نختار؟,"في تونس عندك 3 أنواع عقود:
1. 'Responsabilité Civile' (Tiers): هو اللي يفرضه القانون، يخلص غيرك كي تعمل حادث (أرخص واحد).
2. 'Défense et Recours': يزيدك حماية قانونية وساعات 'Bris de glace' (بلور).
3. 'Tous Risques': يخلصك في كل شي حتى كي تغلط أنت (أغلى واحد).
4. ننصحك قارن بين 3 شركات (Star, GAT, Comar) واختار اللي قريبة ليك.",original
task_oriented,الـ Soundbar ما عادش تخرج في صوت مع التلفزة، شنوة المشكلة؟,"ثبت في الإعدادات هاذم:
1. شوف خيط الـ 'HDMI ARC' ولا الـ 'Optical' راكب مليح في زوز شيرات.
2. ادخل للـ 'Settings' متاع التلفزة واختار 'Audio Output' واختار 'External Speaker'.
3. ثبت اللي الصوت موش 'Mute' في الـ 'Soundbar' نفسها.
4. جرب كونكتي عليها بالتلفون عبر 'Bluetooth' باش تعرفها تخدم ولا لا.",original
task_oriented,نحب نطلع صك بريدي (Carnet de chèques) من البوسطة، شنوة نعمل؟,"لازم يكون عندك حساب بريدي (CCP) جاري:
1. تمشي لأي مكتب بريد وتعمر مطبوعة طلب دفتر صكوك.
2. يثبتوا اللي عندك 'Mouvements' في حسابك.
3. الدفتر يحضر بعد أسبوعين ولا 3، ويوصلك جواب للدار يعلمك اللي هو حضر.
4. تمشي تهزه من المكتب اللي فتحت فيه الحساب ببطاقة التعريف.",original
task_oriented,الـ Souris متاع الـ Laptop (Touchpad) ما عادش تحرك، كيفاش نرجعها؟,"ساعات تتسكر بالغالط:
1. ثبت في الكيبورد فماش قفلة فيها رسمة 'Touchpad' (الاكثرية تكون F5 ولا F9)، انزل عليها مع زر 'Fn'.
2. ادخل للـ 'Settings' > 'Devices' > 'Touchpad' وثبت اللي هي 'On'.
3. ساعات فما نقطة صغيرة في زاوية الـ Touchpad، انزل عليها مرتين ورا بعضهم توة تتحل.
4. جرب ركب 'Souris USB' خارجية وشوفها تمشي ولا لا.",original
task_oriented,الـ Routeur يخرج في ريحة شياط (Brûlé)، شنوة نعمل؟,"خطر كبير، اتبع هاذم فوراً:
1. انزع الشارجور من 'Prise' الضوء فوراً.
2. نحي خيوط الأنترنات من الروتور.
3. ما عادش تعاود تشعلو جملة، خاطر ينجم يعمل حريق ولا يضرب خيوط التليفون.
4. هزه للمزود (Topnet, Orange, etc) توة يبدلوهولك كانه تحت الـ 'Garantie'، ولا اشري واحد جديد.",original
task_oriented,البيسي متاعي HP يخرج في صوت 3 دقات (Beeps) وما يحبش يتحل، شنوة معناها؟,"الأصوات هذي تسمى 'Beep Codes' وهي تشخيص للمشكل:
1. 3 دقات قصيرة الاكثرية تعني مشكلة في الذاكرة (RAM).
2. حل البيسي (كانك تعرف) ونحي باريت الـ RAM ونظف الأسنان الذهبية بـ 'Gomme' شايحة.
3. عاود ركبها مليح وجرب شعل.
4. كان قعد نفس الصوت، لازم تبدل الـ RAM ولا تهزو لتقني يثبت في 'Carte Mère'.",original
task_oriented,المكيف (Climatiseur) يقطر في الماء لداخل البيت، شنوة نعمل؟,"المشكلة في تصريف الماء (Évacuation):
1. جرب انفخ في الخيط اللي يخرج لبرا (Tuyau)، ساعات تبدا فما حشرة ولا غبرة سداتو.
2. ثبت اللي الخيط هابط لوطة موش معوج للفوق، خاطر الماء يرجع بالتوالي.
3. نحي الفلترات ونظفهم، ساعات الثلج يتكون ويذوب لداخل.
4. كان قعد يقطر، جيب تقني يثبت في 'Bac à condensats' فماشي فيه شق.",original
task_oriented,نحب نشري PS5 مستعملة، شنوة نثبت فيها قبل ما نخلص؟,"ثبت في الحاجات هذي باش ما يتغشش:
1. جرب حل لعبة 'Heavy' وشوف المروحة تخرجش صوت قوي (صوت طيارة).
2. ثبت في الـ 'Ports' (HDMI و USB) يخدموا ولا لا.
3. أهم حاجة: جرب تكنكتي بالـ 'PSN' باش تتأكد اللي الماكينة موش 'Banned'.
4. ثبت في الـ 'Manette' (Joystick) فماش 'Drift' (تحرك وحدها).",original
task_oriented,كيفاش نحل باتيندة (Patente) لمحل حلاقة؟,"الوثائق المطلوبة لمحل مهني:
1. عقد كراء مسجل في القباضة.
2. نسخة من بطاقة التعريف.
3. شهادة كفاءة مهنية في الحلاقة (ساعات يطلبوها).
4. تمشي لمكتب مراقبة الأداءات وتعمر 'التصريح بالوجود' وتاخذ المعرف الجبائي متاعك.",original
task_oriented,الـ Machine à café (Capsule) تخرج في ماء بارد، شنوة نعمل؟,"المشكلة من الـ 'Résistance' ولا الكلكار:
1. أعمل عملية 'Détartrage' باستعمال محلول خاص ولا شوية خل مع الماء.
2. ثبت في الإعدادات، ساعات تكون محطوطة على 'Mode froid' بالغالط.
3. كان قعدت باردة، معناها المقاومة (Résistance) تحرقت ولازم تتبدل عند 'Réparateur'.",original
task_oriented,نحب نطلع دفتر علاج (Carnet de soins) مجاني (الدفتر الأصفر)؟,"هذا مخصص للعائلات محدودة الدخل:
1. التوجه لمركز الشؤون الاجتماعية في معتمديتك.
2. تقديم نسخة من بطاقة التعريف وبحث اجتماعي يثبت الحالة المادية.
3. مضمون ولادة للأطفال.
4. بعد الموافقة، يعطيوك الدفتر باش تداوي بلاش في السبيطارات العمومية.",original
task_oriented,التلفون ما عادش يقرأ الشارجور إلا ما ندور الخيط، شنوة المشكلة؟,"المشكلة في الـ 'Connecteur de charge':
1. فما غبرة ولا وسخ داخل الثقبة، جرب نظفها بـ 'Cure-dent' لوج لوج بشوية.
2. الخيط متاعك مقطع من داخل (Faux contact)، جرب خيط آخر.
3. كان جربت خيط جديد وقعد نفس المشكل، لازم 'Technicien' يبدل قطعة الـ Connecteur.
4. رد بالك تزيد تنزل عليه بقوة خاطر تنجم تكسر 'Carte Mère'.",original
task_oriented,كيفاش نطلع رخصة نقل سياحي (Lagence de voyage)؟,"لازم تتعدى بوزارة السياحة:
1. تكوين شركة (SARL ولا SUARL).
2. تقديم مطلب للديوان الوطني للسياحة.
3. توفير مقر مطابق للمواصفات وكفالة بنكية (Caution).
4. لازم يكون عندك مدير فني عندو خبرة في الميدان السياحي.",original
task_oriented,الـ Clavier متاع الـ Laptop تصب عليه الماء، شنوة نعمل؟,"تحرك فيسع باش تنقذ البيسي:
1. قص الضو فوراً ونحي الشارجور والبطارية (كان تتنحى).
2. اقلب البيسي على شكل 'V' مقلوبة فوق منشفة باش الماء يخرج لبرا وما يوصلش للـ Carte Mère.
3. استعمل 'Sèche-cheveux' بهواء بارد (أبداً موش سخون).
4. خليه يشيح 24 ساعة على الأقل قبل ما تحاول تشعلو.",original
task_oriented,كيفاش نطلع وصل خلاص (Quittance) فاتورة STEG قديمة؟,"تنجم تطلعها من الأجانس:
1. تمشي لأقرب فرع للشركة التونسية للكهرباء والغاز.
2. تعطيهم رقم الحريف (Référence) الموجود في أي فاتورة.
3. تطلب منهم 'Duplicata' ولا كشف خلاص لآخر عام.
4. تنجم زادة تشوفهم من السيت متاعهم كانك مسجل في فضاء الحريف.",original
task_oriented,نحب نطلع بطاقة تاجر (Carte de commerçant)؟,"تطلع من 'غرفة التجارة والصناعة':
1. نسخة من الباتيندة (Patente).
2. نسخة من السجل التجاري (RNE).
3. مضمون من السجل الوطني للمؤسسات.
4. البطاقة هذي تعاونك برشا في التصدير والاستيراد والمشاركة في المعارض الدولية.",original
task_oriented,كيفاش نسجل في منحة الأبناء (Allocations Familiales)؟,"هذي تتبع الصناديق الاجتماعية (CNSS/CNRPS):
1. تجيب مضمون ولادة لكل طفل.
2. تعمر مطبوعة في صندوق الضمان الاجتماعي اللي أنت منخرط فيه.
3. المنحة تتصبلك مع الشهرية ولا مباشرة في كونتك.
4. لازم كل عام تجيب 'شهادة حضور' مدرسية باش تقعد المنحة تمشي.",original
task_oriented,نحب نطلع تذكرة اشتراك (Abonnement) للملعب التونسي، منين؟,"الاشتراكات يتباعوا عادة في مقر النادي:
1. تمشي لبارك 'المركب الرياضي للهادي النيفر' بباردو.
2. تجيب نسخة من بطاقة التعريف وتصويرة.
3. تختار نوع الاشتراك (Gradins, Enceinte, Tribune).
4. الاشتراك يخليك تدخل للماتشوات اللي يتلعبوا في بلادك بلاش ما تقص تذكرة كل مرة.",original
task_oriented,الـ Frigo يدير في الثلج برشا (Givre)، عادي؟,"لو كان موش 'No Frost' عادي، أما لو كان 'No Frost' ثمة مشكلة:
1. ثبت في الجلدة (Joint) متاع الباب، كانها مقطوعة يدخل الهواء السخون ويعمل ثلج.
2. ما تحطش ماكلة سخونة برشا داخل الفريجيدار.
3. ثبت في 'Thermostat'، يمكن محطوط على درجة قوية برشا.
4. ذوب الثلج ونظف الفريجيدار وعاود شعلها وثبت في النتيجة.",original
task_oriented,نحب نمشي لـ مطماطة ونسكن في حوش لوطا (Troglodyte)، كيفاش نلقى؟,"مطماطة مشهورة بالديار المحفورة في الأرض:
1. لوج على 'Hôtel Sidi Driss' (وين صوروا Star Wars) ولا دور ضيافة (Maison d'hôte).
2. تنجم تلقى عايلات يكروا بيوت في ديارهم التقليدية في 'Airbnb'.
3. اسأل في وسط البلاد، توة يدلوك على 'الديار اللوطانية' اللي مجهزة للسياح.
4. الجو غادي عالمي، سخونة في الشتاء وباردة في الصيف.",original
task_oriented,الـ Power Bank ما حبتش تشرجي، شنوة نثبت؟,"جرب المراحل هذي:
1. بدل الكابل اللي تشرجي بيه الباور بانك (جرب كابل قصير وأصلي).
2. ثبت في الـ 'Prise' اللي داخلة فيها، جرب شارجور تليفون قوي (2A).
3. انزل على القفلة 'Reset' (كان موجودة) لمدة 10 ثواني.
4. كان اللمبات ما يشعلوش جملة، راهي البطاريات لداخل وفات مدة صلاحيتهم.",original
task_oriented,البيسي يخرج في Screen Tear (خطوط في الشاشة) كي نلعب، شنوة الحل؟,"هذي مشكلة تنسيق بين الكارت غرافيك والشاشة:
1. فعل خاصية 'V-Sync' في إعدادات اللعبة.
2. ثبت اللي 'Refresh Rate' متاع الشاشة (مثلاً 60Hz) هو بيدو في إعدادات الويندوز.
3. أعمل تحديث لـ 'Graphic Driver' (Nvidia ولا AMD).
4. كان الخطوط تظهر حتى في المكتب، راهي الـ 'Carte Graphique' بدات تتحرق.",original
task_oriented,كيفاش نطلع دفتر علاج (Carnet de soins) للطلبة؟,"الطلبة عندهم نظام خاص (المركز الجامعي للصحة):
1. نسخة من بطاقة التعيين ولا الترسيم الجامعي.
2. نسخة من بطاقة التعريف.
3. تمشي لمركز الطب الجامعي التابع لجامعتك.
4. الدفتر يخولك تداوي بلاش في مراكز الصحة الجامعية وبسوم رمزي في السبيطارات.",original
task_oriented,نحب نريزرفي Bateau من تونس لـ Marseille؟,"عندك زوز شركات (CTN ولا Corsica Linea):
1. ادخل للسيت 'ctn.com.tn' واختار الرحلة.
2. اختار نوع 'الكابينة' ولا 'كرسي' (Fauteuil) ومعلومات الكرهبة (الماركة والماتريكول).
3. خلص بالبطاقة البنكية واطبع الـ 'Billet'.
4. لازم تجي للميناء (حلق الوادي) 4 سوايع قبل خروج البابور للإجراءات الديوانية.",original
task_oriented,الـ Mouse اللاسلكية (Wireless) تتقطع وتتلبز، شنوة السبب؟,"جرب الحاجات هذي:
1. بدل 'الحجرات' (Piles) حتى لو كان الامبوبة شاعلة.
2. نحي الـ 'USB Receiver' وركبو في بور آخر (يفضل يكون بعيد على فلاشات الويفي).
3. استعمل 'Tapis de souris' نظيفة وشايحة.
4. ثبت فماش تليفون ولا روتور ويفي قريب برشا للماوس يشوش عليها.",original
task_oriented,نحب نطلع بطاقة سحب (Carte Retrait) للصغار أقل من 18 سنة؟,"البوسطة توفر 'Carte 18/25' ولا 'Carte Jeune':
1. لازم الولي (البو ولا الأم) يحضر ويوقع على المطلب.
2. نسخة من بطاقة تعريف الولي ومضمون ولادة القاصر.
3. البطاقة هذي تمكن الشاب باش يجبد فلوس المنحة ولا المصروف من الـ DAB.
4. فيها سقف سحب يومي محدد باش الولي يراقب المصاريف.",original
task_oriented,نحب نطلع باتيندة Freelance لمصمم جرافيك، كيفاش؟,"تمشي لمكتب مراقبة الأداءات القريب ليك:
1. تجيب نسخة من بطاقة التعريف وشهادة علمية في الاختصاص.
2. عقد كراء مكتب ولا شهادة سكنى لو كان باش تخدم في دارك.
3. تعمر المطبوعة وتختار النشاط 'خدمات انفورماتيك' ولا 'تصميم'.
4. يعطيوك الباتيندة وتولي تنجم تخرج فواتير للشركات اللي تخدم معاهم.",original
task_oriented,البيسي يخرج في رسالة القرص الصلب سيفشل قريباً، شنوة نعمل؟,"هذا تحذير خطير جداً:
1. انقل كل ملفاتك المهمة وتصاورك لفلاش ديسك ولا هارد ديسك خارجي فوراً.
2. ما عادش تصب برامج جديدة ولا ملفات رزان.
3. هزو لفني يبدلك 'الديسك دور' قبل ما يسكّر جملة وتضيع معلوماتك.
4. أحسن حل تبدلو بـ 'اس اس دي' (SSD) باش يولي البيسي أسرع ببرشا.",original
task_oriented,نحب نطلع رخصة شاحنة نقل أموال، شنوة يلزمني؟,"هذي تطلع لشركات الحراسة المختصة:
1. الشاحنة لازم تكون مصفحة (Blindée) ومطابقة للمواصفات الدولية.
2. تجهيزها بنظام تتبع بالساتليت (GPS).
3. وجود طاقم أمني مسلح ومدرب.
4. موافقة من وزارة الداخلية بعد معاينة الشاحنة.",original
task_oriented,كيفاش نطلع شهادة الحياة (Certificat de vie)؟,"تطلع من البلدية:
1. حضور الشخص المعني بنفسو قدام عون الحالة المدنية.
2. الاستظهار ببطاقة التعريف الوطنية.
3. تخلص معلوم التنبر.
4. يطلبوها عادة صناديق التقاعد (CNRPS/CNSS) باش يثبتوا اللي صاحب الجراية مازال حي.",original
task_oriented,كيفاش نطلع شهادة ملكية براءة اختراع؟,"تطلع من المعهد الوطني للمواصفات والملكية الصناعية (INNORPI):
1. تقديم ملف فيه شرح مفصل للاختراع والرسوم الفنية.
2. بحث للتأكد اللي الاختراع جديد وما عملوش حد قبلك.
3. خلاص معاليم التسجيل والحماية.
4. بعد الموافقة، تاخذ شهادة تحميك من التقليد لمدة معينة (عادة 20 سنة).",original
task_oriented,نحب نطلع رخصة طائرة من غير طيار (Drone)؟,"في تونس، الرخص هذي صعبة جداً ومقننة:
1. المطلب يتقدم لوزارة النقل (ديوان الطيران المدني).
2. تحديد الغرض (تصوير سينمائي، فلاحي، ولا علمي).
3. بحث أمني من وزارة الداخلية والدفاع.
4. في حالة الموافقة، تاخذ ترخيص محدد في المكان والزمان ولازم يكون معاك مرافق أمني في بعض الحالات.",original
task_oriented,كيفاش نطلع شهادة إيداع علامة تجارية (Logo)؟,"تطلع من INNORPI:
1. تقديم مطلب فيه صورة للعلامة والألوان المستعملة.
2. تحديد قائمة المنتجات ولا الخدمات اللي باش تستعمل معاهم العلامة.
3. خلاص معلوم الحماية لمدة 10 سنين (قابلة للتجديد).
4. الشهادة هذي تمنع أي منافس من استعمال نفس اللوغو متاعك.",original
task_oriented,كيفاش نطلع شهادة أعداد (Relevé de notes) ضاعتلي؟,"تطلبها من إدارة المعهد ولا الكلية:
1. تقديم مطلب في استخراج نسخة ثانية (Duplicata).
2. ذكر السنة الدراسية والشعبة.
3. عون الأرشيف يثبت ويسلمك النسخة مطبوعة.
4. ساعات يطلبوك تخلص معلوم صغير ولا تجيب طابع جبائي.",original
task_oriented,كيفاش نطلع شهادة فحص فني (Visite Technique) للكرهبة؟,"تمشي لمركز الفحص الفني للكراهب:
1. تأخذ موعد أونلاين من موقع ATTT.
2. تخلص المعاليم وتمشي في الموعد.
3. العون يثبت في الفرامل، الأضواء، العجلات، والغازات.
4. لو كان كل شيء مريڨل، يعطيك شهادة الفحص اللي تلصقها في البلور.",original
task_oriented,كيفاش نطلع شهادة انخراط في مكتب التشغيل (ANETI)؟,"1. تمشي لأقرب مكتب تشغيل بعنوان سكنك.
2. تجيب نسخة من بطاقة التعريف والشهادة العلمية.
3. تعمر المطلب ويقيدوك في قاعدة البيانات.
4. يعطيوك بطاقة انخراط تخليك تتمتع بمنح (كيف منحة أمل) ولا تربصات (SIVP).",original
task_oriented,كيفاش نطلع شهادة الملكية الفكرية لكتاب؟,"تطلع من المؤسسة الوطنية لحقوق المؤلف والحقوق المجاورة (OTDAV):
1. إيداع نسخ من الكتاب (مخطوط ولا مطبوع).
2. تعمير مطبوعة التصريح بالعمل الأدبي.
3. خلاص معلوم الإيداع.
4. الشهادة هذي تضمن حقك في حالة الاقتباس ولا السرقة الأدبية.",original
task_oriented,كيفاش نطلع شهادة الصيانة لآلة طبية (Calibration)؟,"تطلع من مخابر معايرة معتمدة (كيف مخبر LCA):
1. الفني يقوم بقياسات دقيقة للتأكد اللي الآلة تعطي نتائج صحيحة (كيف ميزان ولا آلة ضغط).
2. مقارنة النتائج بالمعايير الدولية.
3. إلصاق علامة (Vignette) على الآلة فيها تاريخ المعايرة القادم.
4. الشهادة هذي يطلبوها في الاعتماد الصحي (Accréditation).",original
task_oriented,كيفاش نطلع شهادة الإعفاء من القيمة المضافة (TVA)؟,"تطلع من مكتب الأداءات (للمصدرين ولا المشاريع الكبرى):
1. تقديم مطلب يثبت اللي أنت تخدم في قطاع يتمتع بالإعفاء.
2. الشهادة هذي تخليك تشري السلع من غير ما تخلص TVA.
3. لازم تستعملها فقط في نطاق نشاطك المهني المذكور.
4. تجدد سنوياً بعد التثبت من فواتير الشراء والبيع.",original
task_oriented,كيفاش نطلع شهادة التقاعد (Brevet de pension)؟,"تطلع من صندوق التقاعد (CNRPS/CNSS) بعد نهاية الخدمة:
1. صب ملف التقاعد قبل 3 شهور من السن القانونية.
2. الصندوق يثبت في كل سنوات العمل والمساهمات.
3. يسلمك شهادة فيها مبلغ الجراية الشهرية وتاريخ البدء.
4. الشهادة هذي تخليك تتمتع بتخفيضات في النقل والعلاج.",original
task_oriented,كيفاش نطلع شهادة كفاءة لسائق تاكسي؟,"تطلع من الوكالة الفنية للنقل البري (ATTT):
1. النجاح في امتحان خاص (نظري وتطبيقي) لنقل الأشخاص.
2. شهادة طبية تثبت السلامة.
3. الحصول على 'البطاقة المهنية'.
4. الشهادة هذي هي اللي تخليه ينجم يخدم على تاكسي (سواء ملكو ولا ملاك آخر).",original
task_oriented,كيفاش نطلع شهادة الإعفاء من الأداء على القيمة المضافة لشراء كرهبة (للمعاقين)؟,"تطلع من وزارة الشؤون الاجتماعية ووزارة المالية:
1. ملف طبي يثبت نوع الإعاقة والحاجة لكرهبة مهيأة.
2. بعد موافقة اللجنة، تاخذ شهادة إعفاء من الأداءات الديوانية و TVA.
3. الكرهبة لازم تكون باسم الشخص المعاق وممنوع بيعها لمدة معينة (عادة 5 سنين).",original
task_oriented,كيفاش نطلع شهادة الضمان الاجتماعي (Historique)؟,"تطلع من CNSS ولا عن طريق موقعهم الرسمي:
1. التسجيل في بوابة 'الحريف' برقم الانخراط.
2. تحميل كشف المساهمات (Relevé de carrière).
3. الورقة هذي فيها كل الشركات اللي خدمت فيها والمدد اللي تصب عليك فيها.
4. ضرورية لملفات التقاعد ولا القروض البنكية.",original
task_oriented,كيفاش نطلع شهادة الملكية الفنية لبرنامج إعلامي (Logiciel)؟,"تطلع من OTDAV (حقوق المؤلف):
1. إيداع نسخة من 'الكود' (Source Code) وشرح للبرنامج.
2. تعمير مطبوعة التصريح بالعمل الرقمي.
3. خلاص المعاليم.
4. الشهادة هذي تحميك من القرصنة وتثبت ملكيتك للبرنامج في حالة النزاع.",original
task_oriented,كيفاش نطلع شهادة الإعفاء من الأداء على القيمة المضافة لمعدات فلاحية؟,"تطلع من المندوبية الجهوية للتنمية الفلاحية (CRDA):
1. تقديم فواتير تقديرية (Factures proforma) للمعدات المراد شراؤها.
2. إثبات صفتك كفلاح (شهادة فلاح).
3. المندوبية تعطيك شهادة إعفاء تقدمها للبائع باش ما تخلصش TVA.
4. تعاونك باش توفر برشا فلوس في شراء الجرارات والمحاريث.",original
task_oriented,كيفاش نطلع شهادة عدم انخراط في CNSS؟,"تطلع من أقرب مكتب للصندوق الوطني للضمان الاجتماعي:
1. نسخة من بطاقة التعريف الوطنية.
2. تقديم طلب في الغرض.
3. الصندوق يثبت في السيستيم ويعطيك شهادة اللي أنت ما عندكش رقم انخراط وماكش مسجل.
4. يطلبوها عادة في ملفات المنح ولا في بعض المناظرات.",original
task_oriented,كيفاش نطلع شهادة الإيداع لمطلب علامة تجارية دولية (WIPO)؟,"تطلع من INNORPI (كمكتب وسيط):
1. لازم تكون عندك علامة مسجلة في تونس أولاً.
2. تعمير مطلب التسجيل الدولي وتحديد البلدان المستهدفة.
3. خلاص المعاليم بالعملة الصعبة.
4. المنظمة العالمية للملكية الفكرية تبعثلك شهادة إيداع دولي تحميك في الخارج.",original
task_oriented,كيفاش نطلع شهادة عدم المديونية (Attestation de non-dette) للشركة؟,"تطلع من القباضة المالية و CNSS:
1. تثبت اللي الشركة مخلصة كل الأداءات والمساهمات الاجتماعية.
2. ضرورية للمشاركة في المناقصات العمومية (Appels d'offres).
3. تستخرج في وقت قصير لو كانت وضعية الشركة قانونية ومحينة.
4. تجدد عادة كل 3 ولا 6 شهور حسب الطلب.",original
task_oriented,نحب نطلع شهادة عدم شغل (Attestation de non-emploi)؟,"تطلع من مكتب التشغيل ولا البلدية (بتصريح على الشرف):
1. تقديم مطلب يؤكد اللي الشخص لا يمارس أي نشاط مهني قار.
2. يثبتوا في منظومة CNSS/CNRPS اللي ما فماش صبان.
3. يطلبوها عادة لملفات 'القروض الاجتماعية' ولا للحصول على دفتر علاج مجاني.
4. لازم تكون محينة وما يفوتش عمرها 3 شهور.",original
task_oriented,نحب نطلع شهادة عدم ملكية كرهبة، وين؟,"تطلع من الوكالة الفنية للنقل البري (ATTT):
1. تقديم مطلب بالهوية ورقم بطاقة التعريف.
2. الوكالة تلوج في السيستيم وتعطيك شهادة اللي ما عندك حتى عربة مسجلة باسمك.
3. يطلبوها عادة في ملفات السكن الاجتماعي ولا المنح.
4. تخلص معلوم صغير مقابل الخدمة.",original
task_oriented,نحب نطلع شهادة إيداع براءة (حقوق مؤلف) لصورة فوتوغرافية؟,"تطلع من OTDAV:
1. إيداع نسخة من الصورة (رقمية ولا مطبوعة عالية الجودة).
2. تعمير مطبوعة التصريح بالعمل الفني.
3. خلاص معاليم الإيداع القانوني.
4. الشهادة تثبت اللي أنت صاحب الصورة وتمنع أي جهة من استعمالها بلاش إذنك.",original
task_oriented,نحب نطلع شهادة الخبرة لمصمم غرافيك (Graphic Designer)؟,"تطلع من وكالة الاتصال ولا الشركة اللي خدمت فيها:
1. تذكر فيها البرامج اللي تتقنها (Photoshop, AI, etc).
2. ذكر المشاريع الكبيرة اللي ساهمت فيها.
3. تذكر مدة العمل والصفة المهنية.
4. الورقة هذي هي اللي تفتحلك بيبان الخدمة 'فريلانس' ولا في شركات كبرى.",original
task_oriented,نحب نطلع شهادة المطابقة لخوذة دراجة نارية (Casque)؟,"تطلع من مخابر المعهد الوطني للمواصفات (INNORPI):
1. المورد ولا المصنع يقدم عينات للاختبار (تحمل الصدمات).
2. لو كان تنجح، تاخذ شهادة مطابقة للمواصفة التونسية.
3. الشهادة هذي تخليك تنجم تبيع الخوذة في السوق قانونياً.
4. المواطن لازم يثبت في وجود ملصق المطابقة وقت الشراء.",original
task_oriented,نحب نطلع شهادة عدم استخلاص معلوم الجولان (للكراهب المعفاة)؟,"تطلع من القباضة المالية:
1. تخص الكراهب التابعة للدولة ولا البعثات الدبلوماسية ولا ذوي الاحتياجات الخاصة.
2. الاستظهار بالوثائق اللي تثبت الإعفاء.
3. القباضة تسلمك شهادة (Vignette مجانية) ولا ورقة تثبت الإعفاء.
4. لازم تكون موجودة ديما مع أوراق الكرهبة وقت الدوريات.",original
task_oriented,كيفاش نطلع رخصة محل بيع معدات الطاقة الشمسية؟,"1. باتيندة بنشاط 'تجارة معدات طاقة متجددة'.
2. الالتزام ببيع لاقطات وبطاريات مطابقة للمواصفات الدولية.
3. تقديم ضمان فني وشهادة منشأ.
4. معاينة من الوكالة الوطنية للتحكم في الطاقة (ANME) في بعض الحالات للمنح.",original
task_oriented,نحب نطلع شهادة الصلوحية لوسيلة نقل مواد غذائية سريعة التلف؟,"تطلع من المصالح البيطرية التابعة لوزارة الفلاحة:
1. معاينة الشاحنة (مبرد/Frigo).
2. التأكد من نظافة السطح الداخلي وعزله.
3. فحص آلة التبريد ومدى صلوحيتها.
4. الشهادة (Agrément) توضع عادة في البلور الأمامي للشاحنة.",original
task_oriented,نحب نطلع شهادة الخبرة لفني في تركيب أنظمة الطاقة الشمسية؟,"تطلع من الشركة المعتمدة من ANME:
1. تذكر فيها اتقان تركيب اللاقطات والمحولات (Onduleurs).
2. ذكر الالتزام بمعايير السلامة والربط بالشبكة.
3. تذكر مدة العمل وعدد المشاريع المنجزة.
4. الشهادة هذي ضرورية للحصول على اعتماد شخصي مستقبلاً.",original
task_oriented,نحب نطلع شهادة إيداع لمطلب تعويض من الكنام (CNAM)؟,"تاخذها من شباك الكنام ولا عن طريق الوصل المطبوع (أونلاين):
1. بعد ما تصب 'الورقة الصفراء' (Bulletin de soins).
2. العون يعطيك وصل إيداع فيه رقم التسجيل وقيمة المبلغ التقديرية.
3. الوصل هذا هو اللي تتبع بيه تاريخ صب الفلوس في حسابك.
4. لازم تثبت في تاريخ الإيداع باش ما يفوتكش الأجل القانوني.",original
task_oriented,نحب نطلع شهادة إيداع لمطلب قرض سكني من صندوق فوبرولوس (FOPROLOS)؟,"تاخذها من شباك البنك الذي يمول القرض (عادة بنك الإسكان BH):
1. بعد تقديم الملف كامل (شهادة أجر، وعد بالبيع، الخ).
2. العون يسلمك وصل إيداع ملف فيه رقم المطلب.
3. الوصل هذا يثبت اللي ملفك قيد الدرس حسب الشروط الاجتماعية.
4. لازم تتابع النتيجة مع إدارة الموارد البشرية في شركتك.",original
everyday_conversation,عندك فكرة على وقت الطيارة؟,توة نثبت لك في السيت متاع Tunisair.,original
everyday_conversation,عندك خريطة متاع تونس العاصمة؟,عندي وحدة قديمة، أما الـ GPS أسهل توة.,original
student_life,كيفاش نجم نربح وقت في الـ ريفيرونسيو ن متاع الميموار؟,استعمل لوجيسیيلات كيما زوتيرو (Zotero) ولا مينديلي (Mendeley). ينظمولك المراجع متاعك ويخرجولك الـ بيبليوغرافية بضغطة زر.,original
student_life,شنوة نعمل كي نلقى روحي في جروب ترافاي الكلهم فنيانين؟,حاول تقود الجروب (Leadership). حدد لـ ديلاينز لكل واحد. إذا ما فماش تجاوب، احكي مع الـ شارجي دو تي دي بوضوح.,original
student_life,كيفاش نجم ننظم الـ بيبليوغرافية متاع الـ ميموار من غير تضييع وقت؟,استعمل أوتيات كيما زوتيرو (Zotero). يسيفيلك لـ ليان ولـ تيكست بـ كليك واحدة وينظمهملك بـ ريفيرونس بروفيسيونال.,original
student_life,نحب ندبر بورس دو ميريت (Bourse de mérite)، شنوة لـ كريتير؟,لازمك تكون من الـ لوريا (Lauréats) متاع الـ بروموسيون متاعك. المعدل لازم يكون عالي برشة وما عندكش دي راتراباج.,original
student_life,نحب نولي فريلانس وأنا طالب، شنوة لـ بلاتفورمات الباهيين؟,جرب (Upwork) ولا (Fiverr) ولا (Mostaql) للـ مارشي عرب. ابدا بـ دي تاش صغار باش تبني الـ ريبيوتاسيون متاعك.,original
student_life,نحب نحضر الـ ماستار في الـ داتا ساينس، شنوة لـ بري-روكي؟,لازمك نيفو باهي في الـ مات (ستاتيسيك) والـ بروقراماسيون (Python). ابدا تعلمهم من توة باش تبدا حاضر.,original
student_life,نحب نحضر الـ تويك (TOEIC) ولا الـ توفل (TOEFL)، منين نبدا؟,ابدا بـ دي تيست دو نيفو اونلاين. ركز على الـ لويستنينق والـ ريدينق. فما دي بلاتفورم كيما (GlobalExam) يعاونوا برشة.,original
student_life,كيفاش نجم نكون اجيل (Agile) في الـ خدمة متاعي؟,تعلم الـ ميتودولوجي (Scrum) ولا (Kanban). قسم خدمتك لـ 'سبرينتات' (Sprints) قصيرة وقيم تقدمك كل جمعة.,original
student_life,الـ ستاج تيلي-ترافاي (Télétravail) باهي للطالب؟,باهي خاطر يوفر عليك الـ ترانسبور، أما لازمك ديسيبلين كبيرة. حاول تعمل 'ريونيون' كل نهار مع الـ أونكادران باش ما تحسش روحك معزول.,original
student_life,كيفاش نتعامل مع الـ بروف اللي يغيّب برشة وما يكملش الـ بروقرام؟,حاول تخدم وحدك بالـ مراجع اللي يعطيها. اطلب من الـ ديليغي يحكي مع الـ إدارة باش يلقاو حل ولا ساعات تعويضية (Rattrapage de cours).,original
student_life,نحب نخرج اراسموس (Erasmus)، هل المعدل هو الـ كريتير الوحيد؟,لا، المعدل مهم أما زادة الـ ليتر دو موتيفاسيون، الـ نيفو دو لانغ، والنشاط في الـ كلوبات عندهم وزن كبير في الـ دوسي.,original
student_life,كيفاش نجم نحسن الـ نيفو متاعي في الـ ايتيك (IT) بلاش ما نصرف فلوس؟,يوتيوب هو الـ جامعة الكبيرة. فما زادة (Coursera) و(edX) يعطيو دي كورس بلاش إذا تطلب 'فنانشيال ايد' (Financial Aid).,original
student_life,شنوة أهمية الـ نتووركينق (Networking) للطالب التونسي؟,في تونس الـ ريزو هو كل شيء. الـ معارف البروفيسيونال هوما اللي يفتحولك بيبان لـ ستاجات والـ خدم اللي ما تهبطش في الـ انونس.,original
student_life,الـ راتراباج (Rattrapage) عيب في الـ سي في؟,حتى حد ما يثبت في الـ رولفي دو نوط إذا كان الـ سي في متاعك معبي بـ لـ كومبيتانس والـ ستاجات. الـ مهم هو الـ ديبلوم في الأخر.,original
student_life,الـ كوفواتيراج (Covoiturage) آمن للطلبة في تونس؟,آمن بـ شرط تستعمل لـ ابليكاسيون المعروفة وتثبت في الـ بروفيل متاع الـ شوفور والـ ريفيوات. ديما علم عايلتك بـ مسارك.,original
student_life,كيفاش نجم نحضر للـ كونكور دي فرّو (Concours)؟,الـ كونكور يحب الـ سرعة والـ دقة. اخدم دي 'كيو سي ام' (QCM) قديمة برشة وتعود على الـ قرافات والـ لوجيك. الـ وقت هو الـ عدو الأول.,original
student_life,شنوة الفرق بين الـ بروجي دو فان ديتود (PFE) والـ ميموار (Mémoire)؟,الـ PFE عادة يكون تطبيقي في شركة (ستاج). الـ ميموار تكون بحث أكاديمي نظري ولا تحليلي أكثر، خاصة في الـ ماستار روشيرش.,original
student_life,نحب نولي داتا اناليست (Data Analyst)، شنوة لـ لوجيسیيلات اللازمة؟,لازمك تطير بالـ (Excel)، تعرف (SQL)، وتتعلم لغة برمجة كيما (Python) ولا (R). زادة أوتيات الـ 'فيزيوالايزيشن' كيما (Tableau) مهمة.,original
student_life,كيفاش نتعامل مع الـ بروقراستيناسيون (Procrastination)؟,طبق قاعدة الـ 5 دقايق: قول 'باش نخدم 5 دقايق وبرا'. عادة بعد ما تبدا، الـ 'اينيرسي' (Inertie) تتنحى وتكمل تخدم.,original
student_life,كيفاش نجم نراجع الـ كونتابيليتي (Comptabilité) من غير ما نغلط في الـ بيلان؟,الـ كونتا هي ممارسة. اخدم برشة دي 'كا' (Cas) وتعود على الـ 'بلان كونتابل'. الـ توازن في الـ بيلان يجي بـ فهم الـ 'فلو' (Flux) مش بالـ زهر.,original
student_life,كيفاش نجم نلقى دي بورس دو روشيرش للـ دكتوراه لبرا؟,ثبت في سيت (Campus France) ولا (DAAD) للـ ألمانيا. حضر بروجي روشيرش قوي ولوج على 'ديريكتور دو تيز' مهتم بـ موضوعك.,original
student_life,الـ سيمستر (Semestre) الأول ديما أصعب؟,أصعب خاطر فيه الـ 'ادابتاسيون'. بمجرد ما تفهم الـ 'ريتم' متاع الـ فاك، الـ سيمستر الثاني تو يولي أسهل في الـ تنظيم.,original
student_life,الـ باك+3 (Licence) تكفي باش ندبر خدمة باهية؟,تكفي في دومينات كيما الـ كوميرس والـ اعلامية. أما في اختصاصات أخرى، الـ ماستار هو اللي يعطيك الـ 'جراد' والـ صالير الـ باهي.,original
student_life,نحب نخدم في الـ كوميونيكاسيون، شنوة لـ سكيلز اللازمة؟,لازمك 'ريداکسيون' طيارة، تعرف تتعامل مع الـ ريزو سوسيو، وعندك حس ابداعي في الـ 'ستوريتيلينق' (Storytelling).,original
student_life,كيفاش نجم نحضر الـ تويفل (TOEFL) بلاش ما نمشي لـ سونتر؟,استعمل يوتيوب (TSL) وقروبات الـ فايسبوك. فما دي 'مووك' (MOOC) بلاش يعطيوك دي تيست 'سيمولاسيون' حقيقيين.,original
student_life,الـ سيمستر (Semestre) الـ أبيض (Blanc) وقتاش يصير؟,يصير كي تبدا فما اضرابات كبيرة ولا ظروف قاهرة تمنع الـ قراية. أما في العادة الجامعة تحاول ديما تلقى حلول باش ما يضيعش العام.,original
student_life,الـ سيرتيفيكاسيون (Certification) في الـ لغات مهمة لـ خدمة في تونس؟,مهمة برشة للـ شركات الأجنبية والـ 'اوف-شور'. الـ (DELF) والـ (TOEIC) هوما الـ معيار اللي يقيموا بيه مستواك الحقيقي.,original
student_life,شنوة أهمية الـ سوفت وير الـ حر (Open Source) للطلبة؟,يسمحلك تتعلم الـ 'انترن' متاع الـ برامج وتشارك في تطويرهم. الـ شركات تقدر برشة لـ كونتريبيوسيون في الـ (GitHub).,original
student_life,كيفاش نجم نلقى دي موديل متاع سي في (CV) بروفيسيونال؟,استعمل (Canva) ولا (Overleaf) للـ جماعة اللي يحبوا الـ (LaTeX). ابعد على لـ موديل الـ قدم متاع الـ 'وورد' اللي معبيين بالـ ألوان الزايدة.,original
student_life,كيفاش نجم نكون اجيل (Agile) في مراجعتي؟,قسم الـ مادة لـ 'سبرينتات'. كل يومين خلص شابتر واعمل 'ريفيو' سريع للي قريتو. الـ 'فيدباك' السريع يخليك تصلح أغلاطك في الـ فهم.,original
student_life,شنوة أهمية الـ تيز (Thèse) في الـ كاريار الـ مهني؟,في تونس الـ 'دكتور' عندو قيمة اعتبارية كبيرة. الـ تيز تخليك تولي خبير في سوجي معين وتفتحلك بيبان الـ استشارات والـ بحث التطويري.,original
student_life,الـ سيمستر (Semestre) الـ رابع في الـ ماستار هو الـ أهم؟,هو الـ أهم خاطر فيه الـ ستاج والـ ميموار. هو الـ 'بون' (Pont) اللي باش يخرجك للـ عالم الـ مهني.,original
student_life,شنوة أهمية الـ اتيك (Ethics) في الـ بحث الـ علمي؟,الـ امانة الـ علمية هي كل شيء. ابعد على الـ 'بلاجيا' (Plagiat). ديما اذكر لـ سورس متاعك بـ أمانة باش خدمتك يكون عندها قيمة.,original
student_life,كيفاش نتعامل مع الـ ديتّ (Dette) ولا الـ كريديه (Crédit) نهار الـ نجاح؟,حاول تخلصهم في الـ 'سيمستر' الجاي. ما تخليهمش يتكدسوا عليك للعام لخر خاطر الـ 'سترس' باش يولي 'دوبل'.,original
student_life,نحب نولي ديزاينر (Designer)، الـ تابليت قرافيك (Tablette graphique) لازمة؟,باهية للـ 'ديسان ديجيتال'، أما تنجم تبدا بالـ 'سوري' (Souris) والـ 'لوجيسیيلات' كيما (Illustrator) ولا (Photoshop) لين تتعلم لـ 'باز'.,original
student_life,شنوة نعمل لو كان نلقى الـ باك-اند (Back-end) أصعب من الـ فرونت-اند (Front-end)؟,عادي، كل واحد و الـ 'افينيتي' (Affinité) متاعو. الـ 'باك-اند' يحب برشة 'لوجيك' و 'داتا-بايس' (Database). كمل ركز فيه تو تفهم لـ 'ميكانيزم'.,original
student_life,شنوة الفرق بين الـ ماستار (Master) والـ ماستير (Mastère) في الـ بيزنس؟,الـ 'ماستار' هو شهادة وطنية. الـ 'ماستير' (Mastère Spécialisé) هو شهادة تمنحها مدرسة كبرى وفي العادة يكون موجه للـ 'بروفيسيونال' وأغلى.,original
student_life,نحب نخدم في الـ داتا (Data)، الـ ستاتيسيك (Statistique) مهمة؟,هي الـ 'باز' (Base) متاع كل شيء. من غير 'ستات' ما تنجمش تفهم الـ 'موديل' (Models) متاع الـ 'ماشين ليرنينق' (Machine Learning).,original
student_life,الـ راتراباج (Rattrapage) ينجم يخلي المويان تطلع برشة؟,ينجم، أما فيه 'ريسك' (Risque). لازمك تخدم دبل الـ 'ايفور' (Effort) باش تعوض لـ 'لاكون' (Lacunes) اللي كانوا عندك في الـ 'برانسيبال'.,original
student_life,شنوة الفرق بين الـ سوفت سكيلز (Soft skills) والـ هارد سكيلز (Hard skills)؟,"الـ 'هارد' هي الـ 'تكنيك' اللي قريتو (مثلا كودينق). الـ 'سوفت' هي الـ 'سوناليتيه' (Communication, Leadership). الزوز لازمين للـ 'ريوسيت'.",original
student_life,نحب نولي بروجكت ميناجر (Project Manager)، الـ سيرتيف (Certification) لازمة؟,الـ 'سيرتيف' كيما (PMP) ولا (PRINCE2) تعطيك 'كريديبيلتيه' (Crédibilité) كبيرة في الـ 'مارشيه'. ابدا بـ 'باز' صحيحة وتو تطلع بـ شوية.,original
student_life,كيفاش نجم نكون اورقانيزيه (Organisé) في الـ روشيرش بيبليوغرافيك؟,استعمل (Mendeley) ولا (Zotero). هاذم ينظمولك لـ 'بي-دي-اف' (PDF) ويخرجولك الـ 'بيبليوغرافيا' (Bibliographie) بـ 'فورما' (Format) عالمي.,original
student_life,الـ ماستار روشيرش (Master Recherche) يفتح بيبان الـ دكتوراه لبرا؟,أي، هو الـ 'باركور' الـ كلاسيك. لازم الـ 'تيز' (Thèse) متاعك تكون 'اوريجينال' (Originale) وعندك 'نوتات' باهيين باش تدبر 'سكولارشيب' (Scholarship).,original
student_life,الـ سميستر الـ لخر في الـ انجنيورا هو الـ أصعب؟,هو الـ أكثر 'سترس' (Stress) خاطر فيه الـ 'بي-اف-ولا' والـ 'روشيرش' دو ستاج. أما فيه الـ 'ادريلانين' (Adrénaline) متاع التخرج والـ 'في بروفيسيونال'.,original
student_life,نحب نولي سايبر-سيكوريتي اكسبر (Cyber-security Expert)، منين نبدا؟,ابدا بـ فهم الـ 'نتووركينق' (Networking) والـ 'لينوكس' (Linux). تعلم لـ 'باز' متاع الـ 'هاكينق' الاخلاقي وشارك في دي 'سي-تي-اف' (CTF) باش تطور لـ سكيلز.,original
student_life,الـ مات (Maths) لازمة للـ ماركتينق (Marketing)؟,لازمة للـ 'داتا ماركتينق' والـ 'اناليتيكس'. من غير 'مات' و 'ستات'، ما تنجمش تحسب الـ 'رو-اي' (ROI) ولا تفهم الـ 'توندانس' متاع لـ كليان.,original
student_life,كيفاش نجم نكون افيكاس في الـ قروب-وورك (Group work)؟,حدد الـ 'رول' (Roles) متاع كل واحد من الأول. استعمل دي 'تولز' كيما (Trello) ولا (Slack) باش الـ 'كوميونيكاسيون' تكون واضحة ومسجلة.,original
student_life,نحب نخدم في الـ يو-اكس ديزاين (UX Design)، شنوة لـ باز؟,الـ 'باز' هي الـ 'بسيكولوجي' متاع الـ 'يوزر' (User). تعلم كيفاش تعمل 'انترفيو'، 'بروتوتايبيينق' (Prototyping)، وتستعمل أوتيات كيما (Figma).,original
student_life,الـ ريفيزيون بالـ صوت (Audio) تنفع؟,تنفع للـ عباد اللي عندهم 'ميموار اوديتيف' (Mémoire auditive). سجل الـ 'كورس' بـ صوتك واسمعوا وأنت في الـ ترانسبور. الـ تكرار يثبت المعلومة.,original
student_life,الـ بلاجيا (Plagiat) ينجم يطيح المويان للـ زيرو؟,ينجم يوصل للـ 'طرد' (Exclusion). الـ 'جامعات' توا عندها دي 'لوجيسیيل' (Turnitin) يفيقوا بـ كل شيء. ديما اعمل 'سيتايسيون' (Citation) لـ 'سورس' متاعك.,original
student_life,كيفاش نجم نكون برودكتيف في الـ بيبليوتيك؟,استعمل ميتود 'بومودورو' (Pomodoro). 25 دقيقة خدمة و 5 دقايق بوز. الـ 'بوز' لازم تكون بعيدة على الـ 'اكرون' باش مخك 'يري-ستارتي' (Restart).,original
student_life,نحب نخدم في الـ ديفلوبمان موبيل، اندرويد ولا اي-ولا-اس؟,ابدا بالـ 'كروس-بلاتفورم' (Cross-platform) كيما (Flutter) ولا (React Native). هكا تنجم تخدم الـ زوز بـ 'كود' واحد وتدبر 'مارشيه' أكبر.,original
student_life,الـ بورس (Bourse) متاع تونس تكفي للـ مصروف؟,هي 'ايد' (Aide) بسيطة ما تكفيش للـ كل شيء. لازمك الـ 'جيستيون' (Gestion) والـ 'ايكونومي' في الـ مصروف، ولا تدبر 'بتي جوب' (Petit job).,original
student_life,كيفاش نتعامل مع الـ اناليز متاع الـ داتا الكبيرة في الـ ميموار؟,استعمل دي لوجيسیيل كيما (SPSS) ولا (Python/Pandas). الـ 'اتوماسيون' (Automation) تربحك برشة وقت وتخلي الـ 'ريزولتا' متاعك 'اكورات' (Accurate).,original
student_life,الـ سوتونانس (Soutenance) لازمة لكل ستاج؟,في الـ 'بي-اف-ولا' أكيد. في الـ ستاجات لخرين (انيتيايسيون، بيرفيكسيونمان) ساعات يكتفيوا بالـ 'رابور' ولا 'بريزونتاسيون' صغيرة قدام الـ بروف.,original
student_life,نحب نولي قرافيك ديزاينر (Graphic Designer)، الـ بورتفوليو (Portfolio) أهم من الـ شهادة؟,في الـ 'ديزاين'، الـ 'بورتفوليو' هو اللي يبيع خدمتك. الـ شهادة باهية، أما الـ 'روكرتور' يحب يشوف الـ 'كرياتيفيتي' والـ 'ستايل' متاعك.,original
opinions_recommendations,شنوة نختار باش نقرا، هندسة برمجيات ولا أمن سيبراني؟,الاختيار بين هندسة البرمجيات (Software Engineering) والأمن السيبراني (Cybersecurity) يعتمد بالأساس على ميولاتك الشخصية والأهداف المهنية متاعك. هندسة البرمجيات تركز أكثر على بناء وتطوير التطبيقات والأنظمة من الصفر، وهي مناسبة للي يحبوا الابتكار والبرمجة المستمرة. من ناحية أخرى، الأمن السيبراني يركز على حماية الأنظمة واكتشاف الثغرات، ويتطلب روح تحليلية عالية وقدرة على التعامل مع الأزمات. الزوز مجالات مطلوبين برشة في سوق الشغل في تونس وفي الخارج، أما هندسة البرمجيات توفر فرص عمل أكثر تنوعاً في بداياتك، بينما الأمن السيبراني يتطلب تخصص دقيق وشهادات مهنية معينة باش تتقدم فيه.,original
opinions_recommendations,شنوة أحسن لغة برمجة نبدا بيها، بايثون ولا جافا؟,بايثون (Python) تعتبر أحسن لغة للمبتدئين خاطر كتابتها ساهلة وقريبة للغة الإنجليزية، وتستعمل برشة في الذكاء الاصطناعي وتحليل البيانات. جافا (Java) أصعب شوية في التعلم وتتطلب فهم عميق للقواعد البرمجية، أما هي أساسية في بناء تطبيقات الأندرويد والأنظمة الكبيرة في البنوك والشركات الضخمة. إذا تحب نتيجة سريعة وتدخل لمجال البيانات، ابدا ببايثون. أما إذا تحب تبني قاعدة صحيحة في البرمجة وتفهم كيفاش السيستيم يخدم من داخل، جافا هي مدرسة ممتازة رغم صعوبتها في البداية.,original
opinions_recommendations,شنوة الفرق بين خدمة الفريلانس والخدمة القارة في شركة؟,خدمة 'الفريلانس' (Freelance) تعطيك حرية كاملة في تنظيم وقتك واختيار المشاريع اللي تحب تخدمها، ومدخولك ينجم يكون عالي برشة، أما فيها عدم استقرار مالي ولازمك تخلص تغطيتك الاجتماعية وحدك. الخدمة القارة توفرلك شهرية مضمونة كل شهر، تأمين صحي، ومنح، وتخليك تخدم وسط فريق وتتعلم منهم، أما فيها روتين والتزام بساعات عمل معينة. الاختيار يعتمد على شخصيتك؛ إذا كنت تحب المخاطرة والحرية، الفريلانس ليك. إذا كنت تلوج على الأمان المادي والاستقرار، الخدمة القارة خير.,original
opinions_recommendations,أما خير نمشي للجم (Gym) ولا نترينى في الدار؟,الترينينغ في 'الجم' يوفرلك ماكينات متنوعة، جو يشجع على الخدمة، وإمكانية إنك تترينى مع مدرب يصلحلك حركاتك، أما يتطلب وقت للتنقل ومعاليم اشتراك. الترينينغ في الدار يوفرلك الوقت والفلوس، وتنجم تترينى في أي وقت يساعدك، أما يلزمه انضباط حديدي ومساحة كافية ومعدات بسيطة على الأقل. إذا كنت من النوع اللي يتقلق من الحس والناس، الدار خيار باهي. أما إذا كنت تحب تشعل الحماس في روحك وتستعمل ماتريال برو، 'الجم' لا يعلى عليه.,original
opinions_recommendations,شنوة رايك في العمل عن بعد (Remote Work) في تونس؟,العمل عن بعد عنده برشة إيجابيات، أهمها ربح الوقت اللي كان يضيع في المواصلات، ونقص المصاريف اليومية، والقدرة على الخدمة مع شركات عالمية وأنت في دارك. لكن، من السلبيات نلقاو العزلة الاجتماعية، وصعوبة الفصل بين وقت الخدمة ووقت الراحة، ومشاكل تقنية كيف قصان الأنترنت. في تونس، التجربة تنجح برشة للناس اللي عندهم انضباط ذاتي وفضاء هادئ في الدار. هو مستقبل الخدمة في مجالات التكنولوجيا، أما يتطلب بنية تحتية رقمية مستقرة باش يكون فعال 100%.,original
opinions_recommendations,تنصحني نشري تلفزة سمارت ولا تلفزة عادية ونركبلها بوكس؟,التلفزة 'السمارت' (Smart TV) ساهلة في الاستعمال، كل شيء مدمج فيها وتتحكم بجهاز واحد، وشكلها يكون أنيق، أما مشكلتها إنو السيستيم متاعها ينجم يولي رزين بعد أعوام. التلفزة العادية مع 'بوكس أندرويد' (Android Box) تعطيك حرية أكبر، تنجم تبدل البوكس وقت ما تحب وتثبت أي تطبيق، وفي العادة يكون أداء البوكس أقوى من سيستيم التلفزة نفسه. إذا تلوج على البساطة، خوذ سمارت. إذا تحب أداء قوي وإمكانية تطوير في المستقبل بأقل تكاليف، التلفزة العادية مع بوكس هي الخيار الأذكى.,original
opinions_recommendations,تنصحني بـ كورس مدفوع ولا فيديوهات يوتيوب بلاش؟,الفيديوهات المجانية على يوتيوب كنز للمعلومات وتغطي تقريباً كل شيء، وهي ممتازة للاستكشاف والتعلم الأولي، أما تنجم تكون مشتتة وما تتبعش منهج واضح. الكورس المدفوع (على منصات كيف Udemy ولا Coursera) يوفرلك هيكلة تعليمية، تطبيق عملي، شهادة في اللخر، وغالباً يكون فما تواصل مع الأستاذ. إذا كانت ميزانيتك محدودة وتحب تجرب، اليوتيوب يكفي. أما إذا كنت جدي وتحب تتعلم مهارة مهنية بطريقة منظمة وبشهادة، الكورس المدفوع يستحق الاستثمار.,original
opinions_recommendations,تنصحني بـ العمل الحر ولا نحل مشروع خاص (Startup)؟,العمل الحر (Freelance) هو إنك تبيع مهاراتك ووقتك، مخاطرته أقل وما يستحقش راس مال كبير، والربح فيه مباشر ليك. فتح 'ستارتاب' يعني إنك تبني نظام ولا منتج ينجم يخدم ويجيب فلوس حتى وأنت راقد، طموحه أكبر وينجم يكبر برشة، أما المخاطرة عالية جداً وتتطلب تسيير فريق ومصاريف كبيرة. إذا تحب الاستقلال والخدمة بيدك، الفريلانس أحسن. إذا عندك فكرة ثورية وتحب تبني مؤسسة كبيرة وتغير السوق، الستارتاب هي الثنية، أما حضر روحك للتعب.,original
opinions_recommendations,تنصحني بـ مكيف (Climatiseur) ولا مروحة في الصيف؟,المكيف يوفر راحة حقيقية ويبرد البيت بصفة فعالة حتى في السخانة القوية، أما يستهلك برشة ضوء وينجم يمرض إذا خرجت من السخون للبارد فجأة. المروحة أرخص ببرشة، استهلاكها للضوء ضعيف، وأرفق بالصحة، أما كي تبدا السخانة فوق الـ 40 درجة تولي تدور في الهواء السخون وما تبردش. إذا ميزانيتك تسمح وتحب نومة مرتاحة، المكيف لازم، أما استعمله بعقلانية (24-25 درجة). المروحة تبقى حل باهي للأيام اللي فيها نسمة شوية ولا للميزانيات المحدودة.,original
opinions_recommendations,شنوة أحسن سبور تنصح بيها لحرق الدهون؟,أحسن سبور هي اللي تنجم تواصل فيها بانتظام. علمياً، الرياضات اللي تخدم القلب (Cardio) كيف الجري، البسكليت، والسباحة تحرق برشة سعرات حرارية في وقت قصير. أما 'المسكولاسيون' (تدريبات القوة) مهمة زادة خاطرها تزيد الكتلة العضلية اللي تخلي بدنك يحرق دهون حتى وأنت مرتاح. الحل الأفضل هو الجمع بين الكارديو (مرتين في الجمعة) وتمارين القوة (3 مرات). وما تنساش إنو الماكلة هي 70% من النتيجة؛ السبور وحدها بلا نظام غذائي متوازن ما تعطيش مفعول كبير.,original
opinions_recommendations,آما خير الدراسة في المعاهد التحضيرية (Prépa) ولا الإجازة (Licence)؟,المعاهد التحضيرية (Prépa) هي ثنية التعب والخدمة المحرثة، تحضرك لمناظرة وطنية صعيبة باش تولي مهندس، وهي أحسن مسار للي يحبوا التميز الأكاديمي والخدمة المضمونة. الإجازة (Licence) مسار أقصر وأقل ضغط، يعطيك شهادة في 3 سنين ويسمحلك تدخل لسوق الشغل بسرعة ولا تعمل ماجستير، أما الآفاق المهنية تنجم تكون أقل بريقاً من الهندسة في البداية. إذا عندك قدرة على الصبر والخدمة القوية، البريبا خير. إذا تحب تخصص مهني مباشر وتبني خبرتك أسرع، الإجازة هي الخيار.,original
opinions_recommendations,شنوة الفرق بين الماستير المهني والماستير البحثي؟,الماستير المهني (Mastère Professionnel) موجه مباشرة لسوق الشغل، يركز على التطبيق والتربصات في الشركات، وهدفه يخليك جاهز للخدمة بعد التخرج. الماستير البحثي (Mastère de Recherche) يركز على النظريات والبحث العلمي، وهو الثنية الوحيدة اللي تخليك تكمل 'دكتوراه' وتولي أستاذ جامعي ولا باحث. إذا تحب تدخل تخدم في أقرب وقت، خوذ مهني. إذا عندك غرام بالعلم والتعمق الأكاديمي وتحب تواصل لبعيد، البحثي هو الخيار الصحيح.,original
opinions_recommendations,تنصحني نقرا لغات ولا محاسبة (Comptabilité)؟,المحاسبة ميزتها إنها مطلوبة في كل الشركات، من الصغرى للكبرى، وتضمنلك استقرار مهني ومسار واضح. اللغات تفتحلك آفاق عالمية، تنجم تخدم في الترجمة، التعليم، ولا في مراكز النداء العالمية بأسعار باهية. إذا تحب الأرقام والتنظيم والخدمة المكتبية، المحاسبة خير. وإذا كنت تحب التواصل، السفر، والانفتاح على الثقافات، اللغات تعطيك آفاق أوسع خاصة الإنجليزية والألمانية.,original
opinions_recommendations,آما خير، الواحد يشري ساعة ذكية (Smartwatch) ولا ساعة كلاسيك؟,الساعة الذكية توفرلك متابعة للصحة، الإشعارات، والرياضة، وهي أداة عملية برشة للحياة اليومية السريعة، أما يزمك تشرجيها كل يوم وتتجاوزها التكنولوجيا بعد أعوام. الساعة الكلاسيك هي قطعة فنية، تعيش العمر، ما تطلبش شحن، وتعتي هيبة وجمالية للمظهر. إذا كنت رياضي وتحب التكنولوجيا، الـ Smartwatch ليك. وإذا كنت تحب الأناقة الدائمة وحاجة تورثها، الساعة الكلاسيك لا يعلى عليها.,original
opinions_recommendations,شنوة الفرق بين القرض السكني والإيجار المالي (Leasing)؟,القرض السكني من البنك يمكنك من شراء دار وتملكها من الأول مع خلاص أقساط على مدة طويلة (تصل لـ 25 سنة)، والفايدة تكون مرتبطة بالـ TMM. الليزينغ (Leasing) يستعمل أكثر للكراهب والمعدات المهنية، حيث تقعد الحاجة ملك الشركة حتى تخلص آخر قسط، ومدته أقصر وإجراءاته أسرع أما الفائدة فيه أعلى. للسكنى، القرض البنكي هو الحل التقليدي. وللمشاريع والكراهب، الليزينغ يوفر سرعة في التمويل.,original
opinions_recommendations,تنصحني بـ الاستثمار في الذهب ولا في العملات الرقمية؟,الذهب هو الملاذ الآمن التاريخي، قيمته ما تطيحش برشة وقت الأزمات وهو استثمار للمدى الطويل والادخار المضمون. العملات الرقمية (Crypto) فيها إمكانية ربح سريعة وخيالية، أما المخاطرة فيها عالية جداً وتنجم تخسر فلوسك الكل في نهار. الذهب للناس اللي تحب تخبي فلوسها وتضمن قيمتها للمستقبل. الكريبتو للناس اللي تحب المخاطرة وتفهم في التكنولوجيا والتحليل المالي اليومي. ديما ينصح بتنويع الاستثمار وما تحطش كل شيء في بلاصة وحدة.,original
opinions_recommendations,تنصحني بـ العمل الحر (Freelance) ولا وظيفة في شركة؟,الفريلانس يعتيك حرية كاملة في وقتك ونوعية المشاريع ومدخولك ينجم يكون عالي، أما فيه عدم استقرار مالي وما فما تأمين صحي مضمون. الوظيفة في شركة توفر استقرار، شهرية قارة، تأمين، وتعامل مع فريق، أما فيها روتين والتزام بساعات عمل معينة. إذا كنت تحب المغامرة وتعرف تجيب حرفاء، الفريلانس ممتاز. وإذا تلوج على الأمان المادي وبناء مسار مهني مستقر، الشركة هي الحل الأضمن.,original
opinions_recommendations,شنوة رايك في التبرع بالدم بصفة دورية؟,التبرع بالدم حركة إنسانية تنقذ أرواح ناس، ومن الناحية الصحية هو باهي للمتبرع خاطر ينشط نخاع العظام لإنتاج خلايا دم جديدة ويقلل نسبة الحديد الزايد. المهم ديما ثبت إنك في حالة صحية باهية وما عندكش فقر دم (Anémie). هو فعل نبيل يعود بالنفع على المجتمع وعليك، وينصح بيه مرتين في العام للرجال ومرة للنساء لو الظروف الصحية تسمح.,original
opinions_recommendations,تنصحني نشري كرهبة بالايجار المالي (Leasing)؟,الليزينغ (Leasing) ممتاز للشركات وأصحاب المهن الحرة (طبيب، مهندس، محامي) خاطر فيه امتيازات جبائية وإجراءاته أسرع من البنك. للأفراد، تنجم تكون الفائدة فيه طالعة شوية والكرهبة ما تولي ملكك كان في لخر. إذا كنت صاحب مشروع وتحب تنقص من الأداءات، الليزينغ أحسن حل. وإذا كنت موظف عادي، القرض البنكي التقليدي ينجم يكون أرخص في التكلفة الجملية.,original
opinions_recommendations,تنصحني بـ الأكل النباتي (Vegan)؟,الأكل النباتي عنده فوائد صحية كبيرة كيف نقص الكوليسترول وتحسين الهضم وصديق للبيئة، أما يتطلب ثقافة غذائية كبيرة باش ما يصيرلكش نقص في البروتين وفيتامين B12. في تونس، النظام الغذائي التقليدي (خضرة، بقول، زيت زيتونة) قريب شوية للنباتي. إذا تحب تجربه، ابدا بشوية (يوم في الجمعة مثلاً) وثبت في توازن أطباقك. هو خيار أخلاقي وصحي ممتاز لو كان مدروس وممنهج.,original
opinions_recommendations,شنوة رايك في الدراسة عبر الأنترنت (MOOCs)؟,الدراسة عبر الأنترنت (منصات كيف Coursera وUdemy) ثورة حقيقية؛ تعطيك الفرصة تتعلم من أحسن جامعات العالم وأنت في بيتك، وبأسعار معقولة. العيب هو إنها تتطلب انضباط ذاتي قوي برشة خاطر ما فما حد يتبع وراك. هي ممتازة لتطوير مهاراتك التقنية والمهنية (برمجة، لغات، ديزاين). النصيحة هي إنك تختار 'كورسات' بشهادات معترف بيها وتخصص وقت يومي قار باش تنجح.,original
opinions_recommendations,شنوة الفرق بين الماجستير والدكتوراه؟,الماجستير (Mastère) هو تخصص أعمق بعد الإجازة يدوم عامين ويحضرك يا للخدمة (مهني) يا للبحث (بحثي). الدكتوراه (Doctorat) هي أعلى درجة علمية تتطلب بحث أصيل يدوم 3 سنين ولا أكثر، وهدفها تخريج باحثين وأساتذة جامعيين. الماجستير للتمكن من المجال ودخول سوق الشغل بقوة. الدكتوراه للمساهمة في العلم والتدريس العالي. الاختيار يعتمد على مدى صبرك وغرامك بالبحث الأكاديمي.,original
opinions_recommendations,تنصحني بـ اليوجا (Yoga) للراحة النفسية؟,اليوجا ممارسة رائعة تلم بين حركة البدن والتحكم في النفس (Respiration) والتأمل. تعاون برشة في تنقيص الستريس، تحسين المرونة، وتقوية التركيز. مش لازم تكون 'مرن' باش تبدا، فما تمارين للمبتدئين. 20 دقيقة يوجا في النهار تنجم تغيرلك مزاجك للاحسن. هي مش سحر، أما هي أداة قوية للصحة العقلية والبدنية لو داومت عليها في مكان هادي.,original
opinions_recommendations,تنصحني بـ تعلم المونتاج (Video Editing)؟,"المونتاج مهارة مطلوبة برشة توه مع انتشار اليوتيوب والتيك توك وصناعة المحتوى. تنجم تخدم بيها فريلانس مع قنوات، شركات، ولا صانعي محتوى. تبدا ببرامج ساهلة (CapCut) وتتدرج لبرامج احترافية (Premiere, DaVinci). هي مهارة تلم بين التقنية والفن والقصص (Storytelling). إذا عندك وسع بال وتحب الإبداع البصري، المونتاج مهنة المستقبل اللي تنجم تخدمها من دارك.",original
opinions_recommendations,شنوة الفرق بين الفريلانسر وصاحب شركة ناشئة (Startup Founder)؟,الفريلانسر يبيع وقته ومهارته لشخص آخر، هدفه استقلال مادي وحرية وقت، والمشروع ينتهي بانتهاء الخدمة. صاحب الستارتاب يبني 'سيستيم' ولا منتج يقبل النمو (Scalability)، هدفه بناء مؤسسة كبيرة وحل مشكلة في السوق، والمخاطرة والمسؤولية عنده أكبر بياسر. الفريلانس أمان أكثر وربح سريع. الستارتاب تعب ومخاطرة، أما لو نجحت، التأثير والربح يكونوا خياليين.,original
opinions_recommendations,آما خير، الواحد يسكن في وتيل ولا يكري برطمان في السفر؟,النزل (Hôtel) يوفر راحة تامة، فطور حاضر، تنظيف يومي، وأمان عالي، وهو أحسن للرحلات القصيرة ولا لو كنت وحدك. كراء برطمان (Airbnb) يعتيك خصوصية، كوجينة طيب فيه وتوفر فلوس الماكلة، ومساحة أكبر للعائلة، ويخليك تعيش كيف 'ابن البلاد'. للعائلات الكبيرة والسفر الطويل، البرطمان أذكى. للرفاهية والراحة والخدمة السريعة، النزل لا يعلى عليه.,original
opinions_recommendations,تنصحني بـ الاشتراك في جم (Gym) غالي ولا متوسط؟,الجم الغالي يوفر تجهيزات أحدث، نظافة أحسن، خدمات (دوش، ساونا)، وجو يشجع أكثر، وممكن تأطير أفضل. الجم المتوسط (الشعبي) يوفر الأساسيات، يكون أقرب للدار، وأرخص بياسر. المهم مش في 'اللوكس' متاع القاعة، المهم في 'الانضباط' متاعك والماتريال اللي موجود يفي بالغرض ولا. إذا ميزانيتك تسمح والخدمات الزايدة تعاونك باش تمشي بانتظام، استثمر في الغالي. إذا تحب الحديد والفايدة بركة، المتوسط يقضي الحاجة.,original
opinions_recommendations,شنوة رايك في الأكل السريع (Fast Food)؟,الأكل السريع حل عملي كي تبدا مزروب ولا تحب تبدل الجو، بنين ويشبع بسرعة. أما من الناحية الصحية، هو غني بالدهون المتحولة، الملح، والسكر، وكثرته تسبب السمنة ومشاكل القلب. النصيحة هي إنك تخليه 'استثناء' مرة في الجمعة ولا في الفال، وحاول تختار خيارات صحية شوية (كيف المشوي ولا السلاطات). ماكلة الدار ديما أنظف، أصح، وأرخص.,original
opinions_recommendations,تنصحني بـ استعمال الملحوظات الورقية ولا التطبيقات (Notes)؟,الملحوظات الورقية تعاون على التذكر أحسن، فيها لمسة شخصية، وما تطلبش شحن ولا أنترنت. التطبيقات (كيف Notion ولا Google Keep) توفر تنظيم خيالي، بحث سريع، مزامنة بين التليفون واللابتوب، وتعيش للأبد. النصيحة: الورق للأفكار السريعة والتخطيط اليومي (To-do list). التطبيقات لتخزين المعلومات والمشاريع الطويلة. استعمل اللي يخليك أكثر إنتاجية.,original
opinions_recommendations,تنصحني بـ استعمال المايكرويف (Microwave) يومياً؟,المايكرويف أداة سحرية لربح الوقت في تسخين الماكلة وتذويب المجمد، وهو آمن لو استعملته بالقواعد الصحيحة: استعمل أواني بلور ولا سيراميك مخصصة له، وابعد كومبليتمون على البلاستيك والألمنيوم. من الناحية الغذائية، هو ما يغيرش في قيمة الماكلة أكثر من الطرق لخرى. هو حل ممتاز للموظفين والناس اللي وقتها ضيق، المهم النظافة واستعمال الأواني الصحيحة.,original
opinions_recommendations,تنصحني بـ العمل في ستارتاب (Startup) ولا في شركة كبيرة (Multinationale)؟,الستارتاب تعلمك كل شيء في وقت قصير، فيها مسؤولية كبيرة، وجو شبابي وحركي، أما فيها ضغط وعدم استقرار مالي ساعات. الشركة الكبيرة توفرلك نظام منظم، اسم قوي في السي في، استقرار مادي، وامتيازات (تذاكر أكل، تأمين)، أما الخدمة فيها تنجم تكون روتينية. إذا كنت في بداية مسارك وتحب تتعلم بسرعة وتجرب برشة حاجات، الستارتاب خير. وإذا تلوج على الأمان وبناء كاريير مستقر ومنظم، الشركة الكبيرة أفضل.,original
opinions_recommendations,تنصحني بـ تعلم لغة البرمجة بايثون (Python) كأول لغة؟,بايثون هي أحسن لغة تبدا بيها خاطر كتابتها (Syntax) قريبة للغة الإنجليزية وسهلة الفهم. تخليك تصنع حاجات بسرعة وتدخل لعالم الذكاء الاصطناعي وتحليل البيانات. هي لغة 'متعددة الاستعمالات' ومطلوبة برشة في سوق الشغل. تعلمها يعطيك ثقة في روحك ويخليك تتعلم لغات أخرى أصعب بعدين بسهولة. هي الخيار رقم 1 للمبتدئين في 2026.,original
opinions_recommendations,تنصحني بـ تعلم لغة Javascript ولا Java؟,جافا سكريبت (Javascript) هي لغة الويب، لو تحب تصنع مواقع وتطبيقات تفاعلية وتدخل لسوق الشغل بسرعة، هي الخيار الأول. جافا (Java) لغة قوية جداً تستعمل في أنظمة البنوك، تطبيقات الأندرويد الضخمة، والشركات الكبرى، وتتطلب انضباط برمجي عالي. ابدا بجافا سكريبت لو تحب تشوف نتائج فورية وتخدم فريلانس. واقرا جافا لو تحب تبني قواعد برمجية صلبة وتخدم في مؤسسات كبرى.,original
opinions_recommendations,تنصحني بـ الاستثمار في ستارت-أب (Startup) تونسية؟,الاستثمار في الستارتاب فيه مخاطرة عالية (High Risk) أما فيه إمكانية ربح خيالية لو المشروع نجح. تونس توه فيها قانون 'Startup Act' اللي يشجع برشة. لازمك تدرس 'الفريق' (The Team) قبل الفكرة، وتشوف هل المنتج يحل مشكلة حقيقية ولا. ما تحطش فلوسك الكل في مشروع واحد؛ نوع استثماراتك وادخل في مشاريع أنت تفهم في مجالها.,original
opinions_recommendations,تنصحني نشري طائرة درون (Drone) للتصوير؟,الدرون تعطيك زوايا تصوير خيالية ومحتوى احترافي يطير طيران، أما في تونس لازمك 'رخصة' رسمية ومعقدة شوية باش تستعملها قانونياً. إذا أنت مصور محترف ولا صانع محتوى وباش تخدم بيها، استثمر فيها وطلع أوراقك. إذا كان للهواية بركة، ثبت في القوانين باش ما ترصيليكش في مشاكل ومصادرة للدرون. هي أداة رائعة أما يلزمها مسؤولية.,original
opinions_recommendations,تنصحني بـ العمل الحر (Freelance) ولا وظيفة قارة في تونس؟,الفريلانس يعطيك حرية في الوقت، تخدم مع حرفاء من العالم الكل، وتخلص بالعملة الصعبة ساعات، أما فيه عدم استقرار ومرات تقعد شهر من غير خدمة. الوظيفة القارة تعطيك 'تغطية اجتماعية' (CNSS)، شهرية مضمونة كل شهر، وقرض من البنك لو احتجت، أما فيها روتين وتقيد بالوقت. إذا أنت مغامر ومتمكن من صنعتك، الفريلانس أحسن. وإذا تلوج على الأمان وراحة البال، الوظيفة أضمن.,original
opinions_recommendations,تنصحني بـ تعلم لغة البرمجة Go (Golang)؟,لغة Go اللي عملتها جوجل هي لغة 'نظيفة' وبسيطة وسريعة جداً، ومطلوبة برشة في بناء الـ (Backend) والـ (Cloud Computing). تعلمها يخليك متميز في سوق الشغل خاطر المبرمجين اللي يتقنوها مش برشة ومطلوبين في الشركات الكبيرة. هي لغة المستقبل للبنية التحتية للأنترنت. إذا تحب حاجة حديثة وقوية ومطلوبة لبرا، توكل على الله وتعلمها.,original
opinions_recommendations,آما خير، الواحد يشري آيفون (iPhone) ولا سامسونغ (Samsung)؟,الآيفون ملك 'السيستيم' (iOS)، ساهل، سريع، وقيمته تقعد فيه، والكاميرا متاعه هي المرجع في الفيديو. السامسونغ (خاصة فئة S) تعطيك أحسن شاشات في العالم، حرية كبيرة في النظام (Android)، وكاميرا 'زووم' خيالية. إذا تحب البساطة والبرستيج والآمان، خوذ آيفون. وإذا تحب التكنولوجيا القوية، الشاشات المزيانة والحرية، السامسونغ تتفوق.,original
opinions_recommendations,تنصحني بـ ممارسة سبور اليوغا (Yoga)؟,اليوغا مش مجرد حركات، هي دواء للستريس وبناء مرونة للجسم وصفاء للذهن. تعاونك برشة لو خدمتك فيها قلق ولا قعدة طويلة وراء المكتب. تحسن النفس وتخليك تتحكم في أعصابك. ابدا بحصص مبتدئين وشوف كيفاش بدنك وتفكيرك يتبدلو. هي استثمار في صحتك النفسية والجسدية اللي تظهر نتائجه بسرعة.,original
opinions_recommendations,تنصحني نشري دراقة الكتريك (Trottinette Électrique) للتنقل؟,في مدن كيف تونس الكبرى، هي حل عبقري للهروب من الزحمة ومشاكل الكيران والتاكسيات، واقتصادية ببرشة. أما مشكلتها هي 'حالة الكياسات' المحفرة اللي تنجم تكسرها وتعملك حوادث، ولازمك بلاصة آمنة تشرجيها فيها. إذا طريقك للخدمة سمح ومسافات قصيرة، هي أحسن استثمار للوقت. رد بالك بركة من الكراهب والبس خوذتك (Casque).,original
opinions_recommendations,شنوة رايك في نظام الكيتو (Keto Diet)؟,الكيتو فعال جداً لنقص الوزن بسرعة خاطر يخلي البدن يحرق الدهون كمصدر طاقة، وينحي الإحساس بالجوع. أما هو نظام 'قاسٍ' يتطلب انضباط كبير ويمنع السكريات والغلال بصفة شبه كاملة، وينجم يقلق الكلاوي ولا يعمل تعب في البداية. لازم تعمله تحت استشارة طبيب ولا خبير تغذية، وما ينصحش بيه كنمط حياة دايم، بل لفترة محددة باش 'تفرمت' بدنك.,original
opinions_recommendations,تنصحني بـ الاشتراك في قاعة سبور (Salle de sport) ولا نجري في الشارع؟,القاعة توفرلك ماكينات متنوعة، جو يشجع، ومدرب يوجهك، وهي أحسن لبناء العضلات والانتظام في الشتاء. الجري في الشارع (الباركور) بلاش فلوس، فيه هواء نظيف، وحرية مطلقة، وأحسن لحرق الدهون والراحة النفسية. إذا تلوج على 'الفورمة' والعضلات، الصالة خير. وإذا تحب تتخلص من الستريس وتتمتع بالطبيعة بأقل تكلفة، الكياس يستنى فيك.,original
opinions_recommendations,آما خير، الواحد يشري ساعة ذكية (Smartwatch) ولا ساعة كلاسيك؟,الساعة الذكية تعطيك خدمات كيف مراقبة الصحة، الإشعارات، والرياضة، وهي أداة تكنولوجية تعاونك في يومك، أما لازمها شحن يومي وتتسمى 'قطعة إلكترونية' تموت بعد سنوات. الساعة الكلاسيك هي 'أناقة' ما تموتش، تعيش معاك العمر كله، وتعتبر استثمار (خاصة الماركات المعروفة). إذا تلوج على الرفاهية والتكنولوجيا، الذكية خير. وإذا تلوج على البرستيج وحاجة تعيش، الكلاسيك لا يعلى عليها.,original
opinions_recommendations,شنوة رايك في نظام الصيام المتقطع (Intermittent Fasting)؟,هو من أحسن الطرق لتحسين الصحة وتنظيم الأكل مش بس لنقص الوزن. الصيام المتقطع (كيف نظام 16/8) يعطي راحة للجهاز الهضمي، يعدل السكر في الدم، ويزيد في التركيز. ساهل في التطبيق خاطر ما يحرمكش من أنواع الماكلة، فقط ينظم الوقت. المهم في وقت الفطر تاكل ماكلة صحية وتبعد على المقلي والحلويات باش تشوف نتائج بالرسمي.,original
opinions_recommendations,آما خير، الواحد يقرى الطب في تونس ولا في رومانيا؟,الطب في تونس مستواه عالمي، والتدريب الميداني في السبيطارات متاعنا يخرج 'صنايعية' بالحق، والشهادة مطلوبة برشة لبرا (خاصة ألمانيا وفرنسا)، أما المناظرة (Concours) صعبة برشة. رومانيا أسهل في الدخول وتوفرلك تعليم أوروبي، أما تتكلف برشة فلوس والتدريب المطبقي ساعات يكون أقل حدة من تونس. إذا كنت متفوق، اقرا في بلادك بلاش واضمن مستوى توب. وإذا ما خطفتش وميزانيتك تسمح، رومانيا حل بديل.,original
opinions_recommendations,تنصحني بـ تعلم المونتاج على التليفون (CapCut)؟,"CapCut توه ولى أداة جبارة لصناع المحتوى (TikTok, Reels). ساهل برشة، فيه تأثيرات جاهزة خرافية، وينجزلك فيديو احترافي في دقايق. إذا هدفك فيديوهات قصيرة وسريعة، كاب كات يكفي ويوفي. أما لو تحب تخدم أفلام ولا إشهارات مطولة، لازمك تتعلم برامج الكمبيوتر. للبداية وللسوشيال ميديا، هو أحسن برنامج موجود حالياً.",original
opinions_recommendations,شنوة الفرق بين التداول (Trading) والاستثمار طويل الأمد؟,التداول هو بيع وشراء في وقت قصير (ساعات ولا أيام) لربح فروقات الأسعار، ويتطلب تركيز عالي، أعصاب حديد، ومخاطرة كبيرة. الاستثمار هو تشري أسهم ولا عملات وتخليها لسنوات (Hold)، وهو أضمن وأقل ستريس ويعتمد على نمو السوق. التداول 'خدمة' يومية. الاستثمار 'تخبية' فلوس للمستقبل. للمبتدئين، الاستثمار ديما أضمن وأنجح.,original
opinions_recommendations,شنوة رايك في استعمال القلاية الهوائية (Air Fryer)؟,هي ثورة في الكوجينة! تخليك تاكل 'مقلي' بنسبة زيت أقل بـ 80%، يعني صحة أحسن ونقص في الكوليسترول. زادة تربحك الوقت وما تخليش ريحة القلي في الدار، وسهلة في التنظيف. رغم إن طعم البطاطا يفرق شوية على المقلي في الزيت الغارق، أما الفوائد الصحية والراحة تخليها قطعة أساسية في كل دار تونسية توه.,original
opinions_recommendations,تنصحني بـ الاستثمار في العملات الرقمية (Crypto)؟,"الكريبتو فيه إمكانية ربح سريعة وخيالية، أما هو أخطر أنواع الاستثمار خاطر الأسعار تطلع وتهبط في لحظة. النصيحة: ما تحط كان الفلوس اللي 'مستعد تخسرها' وما تستحقهاش في حياتك اليومية. ابدا بالعملات القوية (BTC, ETH) وابعد على العملات الوهمية. تعلم 'التحليل الفني' وما تتبعش كلام الناس في السوشيال ميديا من غير تثبت. هو سوق للمستقبل أما يحب ركازة.",original
opinions_recommendations,آما خير، الواحد يقرى هندسة إلكترونيك ولا ميكانيك؟,الإلكترونيك هي مخ التكنولوجيا الحديثة؛ من التليفونات للكراهب الذكية، وآفاقها واسعة في الأنظمة المدمجة (Embedded Systems). الميكانيك هي أساس الصناعة، المحركات، والمنشآت الكبرى، وهي مهنة 'صلبة' ومطلوبة في كل المعامل. إذا تحب 'النانو' تكنولوجي والذكاء الاصطناعي، الإلكترونيك ليك. وإذا تحب الماكينات الكبيرة، التصنيع، والقوة الميكانيكية، الميكانيك أضمن.,original
opinions_recommendations,آما خير، الواحد يقرى تمريض ولا تبنيج (Anesthésie)؟,التمريض فيه تواصل إنساني كبير، آفاق الشغل فيه 'لا تحصى' في تونس ولبرا (خاصة ألمانيا)، وتتعلم فيه كل شيء. التبنيج تخصص تقني أكثر، فيه مسؤولية كبيرة في بيت العمليات، وشهرية التقني في التبنيج عادة تكون أعلى، أما الضغط النفسي فيه قوي. إذا تحب التنوع والفرص الكثيرة، التمريض. وإذا تحب الدقة والعمل في قلب العمليات، التبنيج تخصص راقي.,original
opinions_recommendations,شنوة رايك في السفر وحدك (Solo Travel)؟,تجربة تبدلك حياتك! تخليك تكتشف روحك، تعتمد على نفسك، وتكون حر في قراراتك 100% (تاكل وين تحب وتخرج وقت تحب). صحيح فيها لحظات 'وحدة' ومسؤولية أكبر في التأمين، أما تخليك تقابل عباد جدد وتخرج من 'الكونفورت زون' متاعك. جربها ولو مرة في العمر، هي أحسن مدرسة لتقوية الشخصية.,original
opinions_recommendations,آما خير، الواحد يستثمر في بيتكوين (Bitcoin) ولا يشري نحل ويبدأ مشروع عسل؟,البيتكوين استثمار 'رقمي' عالي المخاطر، تنجم تربح برشة في ليلة ولا تخسر، وما يتطلبش منك مجهود بدني. النحل استثمار 'حي' وفيه بركة، يتطلب غرام وصبر ووقفة ميدانية، أما يعطيك منتوج ملموس (عسل، حبوب لقاح) وسوقه ديما ماشي في تونس. إذا تلوج على الربح السريع ومستعد للمخاطرة، الكريبتو ليك. وإذا تحب حاجة مستقرة، صحية، وصديقة للبيئة، النحل هو 'الذهب السائل'.,original
opinions_recommendations,تنصحني بـ تعلم صناعة الفخار كـ هواية علاجية (Therapy)؟,صناعة الفخار (Poterie) من أحسن الحاجات اللي تفرغ الستريس والطاقة السلبية. لمس الطين وتشكيله بيديك يخليك تنفصل على العالم الرقمي وترجع للطبيعة. هي هواية تعلمك الصبر والدقة، وفي لخر تخرج بحاجة مزيانة صنعتها بيديك لدارك. برشة عباد بدلوها من مجرد هواية لمشروع صغير ناجح. أنصحك بيها بقوة لو تحب 'تفرمت' مخك.,original
opinions_recommendations,تنصحني نشري لابتوب كروم بوك (Chromebook)؟,"الكروم بوك ممتاز لو كانت خدمتك 90% منها على الأنترنت (إيميلات، كتابة، تصفح، يوتيوب)، خاطر برتريته تشد برشة، خفيف، وسومه رخيص. أما لو حاجتك ببرامج ثقيلة (Photoshop, Premiere, Office كامل)، الكروم بوك مش ليك خاطر يخدم بـ ChromeOS. هو حل مثالي للطلبة في الثانوي ولا للناس اللي تحب جهاز بسيط وسريع للقراية والأنترنت.",original
opinions_recommendations,آما خير، الواحد يقرى الذكاء الاصطناعي (AI) ولا الأمن السيبراني (Cybersecurity)؟,الذكاء الاصطناعي هو 'مخ' المستقبل، يعلمك كيفاش تصنع برامج تفكر وتتوقع، وآفاقه خيالية في الابتكار. الأمن السيبراني هو 'درع' المستقبل، يحمي الشركات والدول من الاختراقات، وهو تخصص 'مقدس' ومطلوب برشة وخلاصه عالي جداً. إذا تحب الابتكار وصناعة الجديد، الـ AI ليك. وإذا تحب التحدي، الحماية، وحل الألغاز الأمنية، الـ Cybersecurity أضمن في الخدمة.,original
opinions_recommendations,شنوة الفرق بين التخييم (Camping) في الغابة ولا على البحر؟,التخييم في الغابة (كيف عين دراهم) فيه هدوء، ريحة الشجر، وجو 'المرمة' والحطب، وممتاز في الخريف والربيع. التخييم على البحر (كيف الهوارية ولا كاب نيقرو) فيه متعة العومان، منظر الغروب، والهواء المالح، وهو سيد الصيف. الغابة تطلب حذر من الحشرات والبرد. البحر يطلب حذر من السخانة والشمس. الزوز تجارب يفرغوا الستريس ويرجعوك للطبيعة.,original
opinions_recommendations,تنصحني بـ الاشتراك في تطبيقات الأغاني (Spotify/Anghami)؟,نعم، هي استثمار صغير يغيرلك تجربة السماع. تعطيك جودة صوت عالية (HD)، تنحي الإشهارات اللي تقلق، وتخليك تسمع أغانيك 'أوفلاين' من غير أنترنت. زادة تعاونك تكتشف فنانين جدد حسب ذوقك بذكاء. إذا كنت مغروم بالموسيقى وتسمع برشة في النهار، الاشتراك الـ Premium يربحك الوقت ويعطيك راحة وذوق رفيع.,original
opinions_recommendations,آما خير، الواحد يقرى إحصاء (Statistiques) ولا تسويق (Marketing)؟,الإحصاء هو لغة العصر (Data Science)، مطلوب في كل بلاصة من البنوك لمراكز البحث، وخلاصه عالمي لو دمجته مع البرمجة. التسويق فيه برشة إبداع، تواصل، وفهم لسلوك المستهلك، وآفاقه في الشركات الخاصة كبيرة. إذا كنت 'راجل أرقام' وتحب الدقة، الإحصاء يطير طيران. وإذا كنت تحب الإقناع، الأفكار الجديدة، والجو الحركي، التسويق يواتيك أكثر.,original
opinions_recommendations,تنصحني نشري ساعة ذكية (Smartwatch)؟,هي ممتازة لو كنت رياضي وتحب تتبع دقات قلبك وحرق السعرات، ولا لو كنت ديما في اجتماعات وما تحبش تجبد تليفونك كل دقيقة. تعاونك زادة تنظم نومك وتفكرك بشرب الماء. أما لو باش تستعملها كان للوقت، تولي 'خسارة فلوس' وتزيد تشتت انتباهك بالإشعارات. هي أداة مساعدة قوية للإنتاجية والصحة، مش مجرد اكسسوار.,original
opinions_recommendations,آما خير، الواحد يشري تلفزة (Smart TV) ولا فيديو بروجيكتور (Projector)؟,التلفزة تعطيك صورة واضحة، ألوان حية، وتخدم في الضوء عادي، وسهلة في الاستعمال اليومي للأخبار والمسلسلات. البروجيكتور يعطيك 'جو السينما' في الدار بمساحة توصل لـ 100 بوصة، أما يحب بيت مظلمة وصيانته (الامبوبة) تنجم تكون غالية. للفرجة اليومية، التلفزة خير. للسهريات الكبيرة والماتشوات مع الصحاب، البروجيكتور جوه عالمي.,original
opinions_recommendations,شنوة رايك في نظام الغذائي (Intermittent Fasting)؟,الصيام المتقطع هو أكثر نظام 'منطقي' وناجح. مش ريجيم حرمان، أما هو تنظيم للوقت (تاكل في 8 ساعات وتصوم 16). يعاون البدن باش يحرق الشحم المخزن، يريح الجهاز الهضمي، ويحسن التركيز. الساهل فيه إنك تنجم تاكل ماكلة الدار العادية بانتظام. أنصحك بيه كنمط حياة مش كان باش تضعف، أما باش بدنك 'يتنفس' ويرتاح.,original
opinions_recommendations,تنصحني بـ الاشتراك في قاعة سبور (Gym) ولا ترينينغ في الشارع؟,الـ Gym يعطيك 'انضباط' ومكينات متنوعة وجو يحمسك كي تشوف العباد تترينى، وزادة فما مدرب ينصحك. الترينينغ في الشارع (Street Workout) يعطيك حرية، هواء نظيف، وبلاش فلوس، ويقوي العضلات بوزن البدن. إذا تلوج على بناء عضلات ضخمة، الـ Gym أحسن. وإذا تلوج على الرشاقة، القوة الطبيعية، والحرية، الشارع والبارك أحسن.,original
opinions_recommendations,تنصحني بـ تعلم لغة البرمجة Go (Golang) في تونس؟,Go هي لغة Google، تمتاز بالبساطة والسرعة الخارقة في التعامل مع 'السيرفرات' والأنظمة الكبيرة. في تونس بدات الشركات الكبرى والـ Startups تطلبها برشة خاطرها 'نظيفة' وسهلة في الصيانة. تعلمها يخليك متميز على الجماعة اللي يعرفوا كان Java ولا PHP، ويعطيك فرصة تخدم في مشاريع Cloud عالمية بشهرية ممتازة. هي لغة 'المهندسين' اللي يلوجوا على الكفاءة.,original
opinions_recommendations,آما خير، الواحد يقرى تغذية (Nutrition) ولا تقني مخبر؟,التغذية تخصص 'مودرن' ومطلوب برشة مع وعي الناس بالصحة، تنجم تحل عيادة خاصة ولا تخدم في سبيطارات ونوادي رياضية. تقني المخبر خدمة 'مستقرة' ومعروفة، تخدم في مخابر التحاليل الطبية والبحث العلمي، وفيها جانب تقني وتطبيقي كبير. إذا تحب التواصل مع العباد وتنصحهم وتبدلهم حياتهم، التغذية أحسن. وإذا تحب جو المخابر، الدقة، والخدمة 'وراء الكواليس'، تقني مخبر أضمن.,original
opinions_recommendations,شنوة رايك في مشروع ريستورون أكل صحي (Healthy Food)؟,مشروع في وقته! برشة خدامة وطلبة فدوا من الملاوي والمقلي ولوجوا على حاجة نظيفة، صحية، ومحسوبة السعرات. النجاح يعتمد على 'البنة' (خاطر الصحي مش لازم يكون ماسط) وعلى التقديم المزيان والتوصيل السريع. إذا تخدم على 'المنيو' بذكاء وتوفر خيارات للـ Keto ولا النباتيين، باش تعمل كليونات أوفياء يمشولك كل نهار.,original
opinions_recommendations,آما خير، الواحد يقرى تصميم غرافيك (Graphic Design) ولا مونتاج فيديو؟,"الغرافيك هو أساس كل شيء (Logos, Branding, Social Media)، خدمته ديما موجودة وسهلة كفريلانس. المونتاج (Video Editing) مطلوب برشة توه مع عصر اليوتيوب والتيك توك والإشهارات، وخلاصه عادة يكون أغلى خاطر فيه تعب أكثر. إذا عينك 'فنية' وتحب الألوان والتنسيق، الغرافيك ليك. وإذا تحب تحكي قصص بالصوت والصورة وتحب 'التركيب'، المونتاج هو المستقبل.",original
opinions_recommendations,"تنصحني بـ الاشتراك في منصات التعليم (Coursera, Udemy)؟",أحسن استثمار تعملوا في روحك. بمبلغ صغير (ساعات ثمن قهوة) تاخذ دورة من عند خبراء عالميين ولا جامعات كبرى وتتحصل على شهادة تدعم بيها الـ CV متاعك. الميزة إنك تقرى على ذوقك وفي وقتك. إذا كنت 'عطشان' علم وتحب تطور مهاراتك من غير ما تخرج من دارك، المنصات هاذي هي 'الجامعة الجديدة' اللي لازمك تدخللها.,original
opinions_recommendations,تنصحني بـ تعلم لغة البرمجة Kotlin لتطبيقات الأندرويد؟,Kotlin هي اللغة الرسمية والمدعومة بقوة من Google لتطوير تطبيقات الأندرويد توه. هي أحسن ببرشة من Java؛ أسرع، آمنة، وتكتب بيها كود أقل. تعلمها يخليك مبرمج 'مطلوب' في الشركات التكنولوجية اللي تحب تعمل تطبيقات عصرية وسريعة. إذا هدفك تخدم في شركات كبرى ولا تعمل تطبيقك الخاص، Kotlin هي الخيار رقم واحد للأندرويد.,original
opinions_recommendations,تنصحني نشري درون (Drone) للتصوير؟,التصوير بالدرون يعطيك زوايا خيالية (Cinematic) ويبدل نظرتك لأي بلاصة، وهو 'ترند' مطلوب برشة في عراسات تونس وإشهارات السياحة. العيب الوحيد هو 'القوانين' الصعبة في تونس بخصوص التراخيص، لازمك تثبت مليح قبل ما تطير في أي بلاصة. إذا كنت محترف تصوير، هي إضافة قوية لخدمتك. وإذا للهواية، خوذ نوع صغير (Mini) باش ما تقلقش روحك برشة بالمشاكل الإدارية.,original
opinions_recommendations,آما خير، الواحد يقرى هندسة طبية (Génie Biomédical) ولا صيدلة؟,"الهندسة الطبية تلم بين الإلكترونيك والطب، تخدم على تصنيع وصيانة الماكينات (Scanner, IRM)، وآفاقها كبيرة في الشركات العالمية. الصيدلة تخصص طبي بامتياز، يركز على الأدوية، التحاليل، والتركيبات، وتنجم تحل حانوتك الخاص. إذا تحب التكنولوجيا والبرمجة والماكينات المعقدة، الهندسة الطبية ليك. وإذا تحب الكيمياء، الصحة العامة، وتلوج على مهنة مستقرة في القطاع الصحي، الصيدلة أضمن.",original
opinions_recommendations,تنصحني بـ العمل كـ اختصاصي بيانات (Data Analyst)؟,نعم وبشدة! البيانات هي 'نفط' القرن الواحد والعشرين. الشركات الكل توه تلوج على شكون يحلل لها الأرقام باش تاخذ قرارات صحيحة. الخدمة فيها برشة منطق، إحصاء، وشوية برمجة (Python/SQL)، وخلاصها من أعلى ما فما في السوق. هي مهنة المستقبل اللي تخليك تخدم في البنوك، شركات الاتصالات، ولا حتى فريلانس مع شركات برا.,original
opinions_recommendations,تنصحني بـ الاشتراك في قنوات تعليم اللغات المدفوعة؟,تستحق لو كنت تلوج على 'منهج' (Structure) ودروس مرتبة وتواصل مع أساتذة أصليين (Native Speakers). المنصات المدفوعة تخليك تلتزم أكثر خاطر دفع فلوسك. أما لو كنت منضبط، اليوتيوب والتطبيقات المجانية (كيف Duolingo) فيهم كل شيء. الاشتراك المدفوع هو 'دفعة' قوية للي يحب يتعلم لغة في وقت قياسي وبطريقة احترافية.,original
opinions_recommendations,تنصحني بـ تعلم لغة البرمجة Ruby on Rails في 2026؟,رغم اللي هي مش 'ترند' كيف قبل، أما Ruby on Rails مازالت من أسرع اللغات باش تخرج مشروع (MVP) للسوق. الشركات الناشئة (Startups) الكبرى مازالت تخدم بيها، وخلاص المبرمجين متاعها عالي خاطرهم 'نادرين'. إذا تحب لغة تخليك تبني تطبيقات ويب قوية ومنظمة بسرعة خيالية، هي خيار ممتاز، أما لو تلوج على أكثر لغة مطلوبة في تونس، الـ Javascript والـ Python يهربوا بيها.,original
opinions_recommendations,آما خير، الواحد يقرى تخدير وإنعاش ولا تصوير طبي (Radio)؟,"التخدير (Anesthésie) فيه مسؤولية كبيرة، تخدم في قلب بيت العمليات، وخلاصه ممتاز أما فيه ستريس قوي. التصوير الطبي (Radiologie) تخصص تقني، تخدم على ماكينات متطورة (IRM, Scanner)، وخدمته اهدا شوية ومطلوبة في كل المخابر. إذا تحب الأدرينالين والمسؤولية المباشرة على حياة المريض، التخدير. وإذا تلوج على الدقة التكنولوجية والجو التقني الهادي، الراديو أحسن.",original
opinions_recommendations,تنصحني بـ الاشتراك في تطبيقات تنظيم الوقت (Notion/Todoist)؟,لو كنت تخدم فريلانس ولا طالب ولا عندك برشة مشاريع، الـ Notion هو 'مخك الثاني'. يخليك تنظم حياتك، ملاحظاتك، ومشاريعك في بلاصة وحدة. تعلمه يطلب شوية وقت، أما كي تفهمه تولي إنتاجيتك مضاعفة. هو استثمار في 'عقلك' يخليك ما تنسى حتى تفصيل وتسيطر على نهارك بذكاء.,original
opinions_recommendations,تنصحني بـ تعلم لغة البرمجة Dart/Flutter؟,نعم! Flutter هي أحسن تكنولوجيا توه باش تعمل تطبيق يخدم على الأيفون والأندرويد بكود واحد. سريعة، التصميم فيها مهبول، ومطلوبة برشة في الشركات التونسية والعالمية. تعلمها يربحك الوقت ويخليك تخرج تطبيقات احترافية في وقت قياسي. هي 'الجوكر' متاع مبرمجي الموبايل توه.,original
opinions_recommendations,تنصحني نشري قلاية هوائية (Air Fryer) حجم كبير؟,نعم، ديما خوذ الحجم الكبير (Double Basket ولا 5L فما فوق) حتى لو كنت وحدك. الحجم الكبير يخلي الهواء يدور أحسن والماكلة تجي 'مقرمشة' أكثر، وتنجم تطيب فيها دجاجة كاملة ولا كمية بطاطا تكفي العايلة. هي استثمار في صحتك ووقتك، والصغيرة ديما ترصيلك تطيب على مرتين وتفد. الحجم الكبير هو السر في نجاح القلي بالهواء.,original
opinions_recommendations,تنصحني بـ العمل كـ اختصاصي تسويق عبر المؤثرين (Influencer Marketing)؟,مهنة جديدة وقاعدة تطير. الشركات ما عادش تصدق الإشهارات، ولات تصدق 'المؤثرين'. دورك هو تختار الشخص المناسب للبراند المناسبة وتتبع النتائج. تطلب علاقات اجتماعية، فهم للأرقام، ومتابعة للسوشيال ميديا 24/24. إذا كنت 'حركي' وتعرف شكون 'اللي يطلع' في الأنترنت، تنجم تعمل منها فلوس كبار وعلاقات قوية.,original
opinions_recommendations,تنصحني بـ دراسة تصميم الألعاب (Game Design) في تونس؟,تخصص ممتع وشبابي ببرشة. تونس بدات تظهر فيها استوديوهات ألعاب ناجحة، والخدمة 'فريلانس' مع شركات برا فيها آفاق كبيرة. تطلب إبداع في القصة، فهم للميكانيك، وشوية تقنية. إذا غرامك الألعاب وباش تبدع في عالم الخيال، هذا هو مجالك. النصيحة: طور بورتفوليو (Portfolio) قوي ومشاريع خاصة بك باش تفرض روحك في السوق العالمي.,original
opinions_recommendations,تنصحني بـ الاشتراك في قنوات تعليم السبور المدفوعة؟,تستحق لو كنت تلوج على برنامج 'شخصي' ومتابعة من مدرب محترف يصححلك حركاتك أونلاين. القنوات المجانية فيها كل شيء، أما 'المدفوعة' تعطيك انضباط (خاطر دفعت فلوسك) وبرنامج محسوب لجسمك وأهدافك. إذا عندك 'النية' باش تبدل بدنك بجدية وما عندكش وقت للـ Gym، هذا هو الحل العملي ليك.,original
opinions_recommendations,تنصحني بـ العمل كـ مدير مجتمعات (Community Manager)؟,مهنة تتطلب 'طول بال' وإبداع وحس فكاهة. أنت صوت البراند على السوشيال ميديا. لازمك تجاوب العباد، تعمل محتوى يشد العين، وتبع 'الترندات'. إذا كنت مغروم بالفيسبوك والتيك توك وتعرف كيفاش 'تخلي العباد تحكي'، تنجم تخدم مع برشة شركات وتخلص مبالغ محترمة. هي مهنة حركية وما فيهاش فدّان.,original
opinions_recommendations,تنصحني بـ تعلم لغة البرمجة C (سي)؟,هي 'اللغة الأم'. تعلمها يخليك تفهم كيفاش الميموري (Memory) تخدم وكيفاش الهاردوير يتواصل مع السوفتوير. صعبة، ناشفة، وما فيهاش دلال، أما اللي يتقنها يولي 'مهندس' بجد مش مجرد 'كاتب كود'. هي أساسية لو تحب تخدم في الأنظمة المدمجة (Embedded Systems) ولا محركات الألعاب. هي 'المدرسة القديمة' اللي تخرج الرجال.,original
opinions_recommendations,شنوة رايك في مشروع تصميم وصناعة الشموع المعطرة؟,مشروع 'شيك' ومطلوب برشة كأفراح وهدايا وديكور. مرابيحه باهية خاطر المادة الأولية (شمع الصويا، الزيوت) مش غالية برشة مقارنة بسوم البيع. النجاح يعتمد على 'الديزاين' والروائح الفريدة والـ Branding. إذا عندك لمسة فنية، تنجم تعمل براند 'لوكس' تتباع في أحسن المغازات وعبر الأنترنت. مشروع نظيف وفيه برشة إبداع.,original
opinions_recommendations,آما خير، الواحد يقرى هندسة طاقة متجددة ولا هندسة نفط؟,الطاقة المتجددة (Renewable Energy) هي المستقبل المحتوم، تونس فيها شمس وريح خياليين، والشركات الكل ولات تلوج على حلول خضراء. هندسة النفط (Petroleum) تخصص 'كلاسيكي' وفيه فلوس كبار، أما مستقبله قاعد يقل مع التوجه العالمي للبيئة. إذا تلوج على 'الأمان' طويل الأمد والخدمة النظيفة، المتجددة. وإذا تلوج على الربح السريع في شركات الطاقة الكبرى، النفط مازال يقضي.,original
opinions_recommendations,آما خير، الواحد يقرى علم البيانات (Data Science) ولا إحصاء؟,علم البيانات هو دمج بين الإحصاء والبرمجة والذكاء الاصطناعي، وهو المهنة الأكثر طلباً وتطوراً في العالم توه. الإحصاء هو 'الأساس' العلمي والرياضي. إذا تحب تخدم في شركات التكنولوجيا الكبرى وتصنع موديلات تتوقع المستقبل، علم البيانات هو الملك. وإذا غرامك الرياضيات البحتة والبحث الأكاديمي، الإحصاء هو الأصل.,original
opinions_recommendations,آما خير، الواحد يشري ميكرويف (Microwave) ولا فرن كهربائي (Mini Four)؟,الميكرويف للسرعة؛ تسخن ماكلة في دقيقة، تذوب زبدة، ولا تعمل 'بوشار'. الفرن الكهربائي للطياب الحقيقي؛ يحمر الدجاج، يطيب الكيك، ويخلي الماكلة 'مقرمشة'. للناس المزروبة و'التسخين' اليومي، الميكرويف منقذ. للي يحب يطيب ويحمر ويحب 'بنة' الفرن، الميني فور أصدق. الزوز يكملوا بعضهم، أما الفرن 'أشمل' في الكوجينة.,original
