category,instruction,response,augmentation_type
cultural_knowledge,علاش تونس باهية للاستثمار في التكنولوجيا وشنوة عملت الدولة؟,"تونس عندها برشة مزايا للشركات التكنولوجية:
• تونس قريبة لأوروبا وعندنا مهندسين وخدامة كفاءة.
• فمة قوانين جديدة كيف 'شركة ناشئة Act' اللي تسهل الخدمة للشركات الناشئة.
• الدولة عملت برامج كيف 'تونس الذكية' (Smart Tunisia) باش تجيب المستثمرين الأجانب وتوفرلهم بنية تحتية رقمية باهية.",native
storytelling,دراسة الماط في تونس، كيفاش تحل بيبان الخدمة للطلبة؟,"الماط مش كان حساب، هي تعلم الطالب كيفاش يحلل البيانات ويعمل نماذج رياضية. الخريجين ينجموا يخدموا في برشة مجالات كيف:
• تحليل البيانات (تحليل البيانات)
• الاستشارات المالية والرياضية
• البحث العلمي والتعليم
• حل المشاكل الهندسية المعقدة
المهارات هاذي تخلي الطالب مطلوب برشة في السوق خاطر يعرف يخمم بطريقة منطقية ومنظمة.",native
storytelling,شنوة المراحل باش تعمل مشروع تكنولوجي في تونس؟,"باش تعمل مشروع تكنولوجي (شركة ناشئة مثلاً) لازمك تتعدى بالخطوات هذي:
• دراسة الجدوى: تثبت اللي فكرتك مطلوبة في السوق وتعمل Plan واضحة.
• التراخيص: تاخذ الموافقات م الوزارات المعنية (كيف وزارة تكنولوجيات الاتصال).
• الحصول على علامة 'شركة ناشئة Act': باش تتمتع بالامتيازات الجبائية والقانونية.
• التمويل: تلوج على مستثمرين (Business Angels) ولاّ تمويل م البنوك.
• الربط مع الـ Ecosystem: تبني علاقات مع المحاضن (Incubators) وأقطاب التكنولوجيا كيف 'قطب الغزالة'.",native
storytelling,قراية المات (الرياضيات) شنوة تفتح آفاق شغل في تونس؟,"اللي يقرى مات في تونس عنده برشا فرص، ينجم يخدم في:
• تحليل البيانات (تحليل البيانات).
• الاستشارات والمالية.
• البحث العلمي والتعليم.
• حل المشاكل الهندسية المعقدة.
الرياضيات تعلمك كيفاش تحلل وتلقى حلول ذكية، وهذا مطلوب برشا في سوق الشغل توه.",native
storytelling,شنوة هو الـ شركة ناشئة Act وكيفاش عاون الشباب في تونس؟,الـ شركة ناشئة Act هو قانون ثوري خرج في تونس عام 2018، يسهل برشا إجراءات للشباب اللي يحبوا يحلوا شركات ناشئة. يعطيهم امتيازات ضريبية، يسهلهم التعامل بالعملة الصعبة، ويعطي 'منحة بعث مشروع' للمتخرجين. بفضله، تونس ولات من أحسن الوجهات في أفريقيا للابتكار التكنولوجي.,native
general_knowledge,شنوة قصة الميكرو-أوند (مايكرو ويف) وكيفاش تكتشف بالصدفة؟,تكتشف بالزهر في 1945 عن طريق مهندس اسمه 'بيرسي سبنسر' كان يخدم على 'رادارات' عسكرية. لاحظ اللي طرف 'شكلاطة' في جيبه ذاب وهو واقف قدام جهاز الرادار. فهم اللي الموجات هذيكة هي اللي سخنت الشكلاطة، ومن غاديكة جات الفكرة باش يصنعوا فور يطيب الماكلة باستعمال الموجات موش بالنار التقليدية.,native
general_knowledge,فين تمشي الطيور المهاجرة في الشتاء وكيفاش تعرف ثنيتها بلاش نظام الموقع؟,الطيور تهرب من برد الشمال وتمشي لبلايص أدفا (كيف أفريقيا) وين الماكلة متوفرة. المذهل اللي هما عندهم 'بوصلة داخلية' تحس بالمجال المغناطيسي متاع الأرض، وزادة يستعملوا النجوم والشمس ومعالم الأرض (كيف الجبال والبحار) باش يشدوا الثنية وما يضيعوش، ويرجعوا لنفس العش متاعهم كل عام.,native
general_knowledge,شنوة هو الـ سلسلة الكتل (بلوكشين) بكلمات بسيطة؟,تخيل 'كناش' متع حسابات موجود عند الناس الكل في نفس الوقت. أي عملية تتقيد فيه، تتسجل عند الجميع وما ينجم حد يفسخها ولا يغش فيها خاطر الكل يعسوا على الكل. هي تكنولوجيا تخلي المعاملات (كيف البيتكوين) تصير بلاش وسيط (كيف البانكة) وبأمان كبيير خاطرها موزعة ومستحيل تزويرها.,native
general_knowledge,علاش المضاد الحيوي (مضاد حيوي) ما نداويوش بيه الڨريب (الأنفلونزا)؟,هذي أكبر غلطة يقعوا فيها الناس. المضاد الحيوي يقتل 'البكتيريا' برك، أما الڨريب والزكام يتسببوا فيهم 'فيروسات'. الفيروس كائن مختلف تماماً والمضاد ما يعملوش حتى شيء. بالعكس، كي تاخذ مضاد وإنت عندك فيروس، قاعد تضعف في بدنك وتخلي البكتيريا تولي أقوى وتعمل 'مناعة' ضد الدواء.,native
general_knowledge,كيفاش يخدم الـ نظام الموقع وكيفاش يعرف بلاصتنا بالضبط؟,الـ نظام الموقع (نظام تحديد المواقع) يعتمد على شبكة متاع أقمار صناعية تدور بالأرض. تليفونك يستقبل إشارات من 4 أقمار ولا أكثر في نفس الوقت. القمر يبعث 'الوقت' اللي خرجت فيه الإشارة، وتليفونك يحسب قداش خذات وقت باش توصل. بعملية حسابية (تثليث)، تليفونك يعرف قداش بعيد على كل قمر ويحدد نقطة وجودك على الخريطة بالمليمتر.,native
general_knowledge,كيفاش تكتشف التخدير (تخدير) قبل ما يعملوا العمليات؟,قبل القرن 19، العمليات كانت 'عذاب' والمريض يحس بكل شيء. في 1846، طبيب أسنان اسمه 'ويليام مورتون' استعمل غاز 'الإيثر' ونجح باش يرقد مريض وما يحس بحتى وجيعة. الاكتشاف هذا كان أعظم رحمة للبشرية، خاطر سمح للأطباء باش يعملوا عمليات معقدة وطويلة في راحة تامة للمريض.,native
general_knowledge,علاش كي ناكلوا حاجة مثلجة برشا (كيف المثلجات) نحسوا بوجيعة راس قوية (تجمد الدماغ)؟,الحكاية هذي تسمى 'صدمة البرد'. كي تمس حاجة مثلجة سقف الحلق، العروق اللي غاديكة تتقلص فجأة ومن بعد تتحل بسرعة باش تدز الدم وتدفي البلاصة. الحركة السريعة هذي متاع العروق تفيق أعصاب الوجيعة اللي تبعث ميساج للمخ. المخ يتغدر ويحساب الوجيعة جاية من الجبهة، فتحس بهذيكة الـ 'سطرة' القوية اللي تقعد ثواني وتتعدى.,native
advice_guidance,شنوة هو فقر الدم (فقر الدم) وعلاش يخلي الواحد ديما فاشل ووجهه أصفر؟,الأنيميا هي نقص في 'الهيموغلوبين' اللي موجود في كريات الدم الحمراء. خدمة الهيموغلوبين هي هزّ 'الأوكسجين' من الرواري وتوزيعه على أعضاء البدن. كي ينقص، البدن يولي يخدم بـ 'الريزيرف' وما يوصلش أوكسجين كافي للمخ والعضلات، فتحس بالدوخة، الفشل، وقلبك يدق بسرعة باش يحاول يعوض النقص.,native
advice_guidance,كيفاش السوسة (تسوس السنين) تاكل السنّة وهي أقوى مادة في البدن؟,السوسة ما تاكلش السنّة مباشرة. الحكاية تبدأ بالبكتيريا اللي تعيش في الفم؛ كي تاكل السكر، البكتيريا هذي تتغدى عليه وتخرج 'حمض' (Acide). الأسيد هذا هو اللي يذوّب 'المينا' (الطبقة البرانية القاسحة) متاع السنّة بالشوية بالشوية لين يعمل حفرة. كي توصل الحفرة للعصب، وقتها تبدأ الوجيعة اللي ما ترقدش الليل.,native
advice_guidance,علاش كي نكونوا نجريو نحسوا بوجيعة في الجنب (وجيعة الجنب)؟,الوجيعة هذي غالباً تجي خاطر 'الحجاب الحاجز' (العضلة اللي تعاونا على التنفس) تتقلص وتتجبد بقوة مع حركة الجري والتنفس السريع. زادة تنجم تجي خاطر الدم يمشي أكثر للعضلات اللي تجري وينقص شوية على الكبدة والطحال، مما يعمل تشنج بسيط. أحسن حل هو إنك تنقص في السرعة، تضغط بيدك على البلاصة اللي توجع، وتأخذ نفس عميق ومنتظم.,native
general_knowledge,شنوة هي الحساسية (حساسية) وعلاش البدن يولي يحك؟,الحساسية هي 'غلطة' يعملها الجهاز المناعي. بدنك يشوف حاجة عادية (كيف غبرة، نوار، ولا نوع ماكلة) كأنها عدو خطير، فيهجم عليها بقوة ويفرز مادة اسمها 'هيستامين'. الهيستامين هذا هو اللي يعمل الحكة، الاحمرار، الدموع، والعطس. يعني الحساسية هي حماية زايدة عن اللزوم من بدنك لحاجة ما تستحقش.,native
general_knowledge,علاش الشخير (شخير) يصير كي نرقدوا؟ وشكون اللي يشخر أكثر؟,الشخير يصير كي الهواء يلقى صعوبة باش يتعدى في الحلق وهو داخل للرئتين. عضلات الحلق ترخى في النوم، والأنسجة (كيف اللهاة) تبدأ 'تترفرف' وتعمل هذاك الصوت. الرجال، الناس اللي عندهم وزن زايد، ولا اللي يرقدوا على ظهرهم يشخروا أكثر. ساعات يكون علامة اللي فما ضيق في التنفس ولازم استشارة طبيب.,native
general_knowledge,علاش المرارة (المرارة) ساعات تعمل حجر؟ وشنوة خدمتها أصلاً؟,المرارة هي كيس صغير تحت الكبدة، تخزن 'الصفراء' (Bile) اللي تصنعها الكبدة. كي تاكل حاجة فيها دهون، المرارة تعصر روحها وتصب الصفراء في المصران باش تعاون على الهضم. الحجر يتكون كي المواد اللي في الصفراء (كيف الكوليسترول) تولي مركزة برشا وتيبس. برشا ناس ينحيوها ويعيشوا عادي، خاطر الكبدة تولي تصب الصفراء مباشرة في المصران أما يولي لازمهم ينقصوا من المقالي والدهون.,native
advice_guidance,شنوة هي الغدة الدرقية (الغدة الدرقية) وعلاش هي تيرموستا البدن؟,الغدة الدرقية موجودة في الرقبة وتشبه للفراشة. تفرز هرمونات تتحكم في 'الميتابوليزم' (حرق الطاقة). كي تخدم برشا (فرط نشاط)، تولي تحرق برشا وتضعف وتولي عصبي. وكي تبخل (خمول)، يولي بدنك رزين، تسمن بسرعة، وتحس بالبرد ديما. هي اللي تعدل سرعة كل معامل البدن، من دقات القلب لدرجة الحرارة.,native
general_knowledge,علاش فما ناس ينقصوا نظر (قصر النظر) وما يراوش الحاجات البعيدة؟,في الحالة العادية، العين تركز الضوء بالضبط فوق 'الشبكية'. عند اللي عندهم نقص نظر، العين تكون 'طويلة' شوية ولا القرنية مقوسة برشا، فالصورة تتركز 'قدام' الشبكية موش فوقها. هذاك علاش يراو الحاجة القريبة واضحة والبعيدة مضببة. والمرايات (Lunettes) خدمتها هي ترجع الصورة لبلاصتها الصحيحة فوق الشبكية.,native
advice_guidance,نحس في قلبي ساعات يفزّ ويخبط بقوة (دقان قوي في القلب) كأنه باش يخرج من بلاصته، رغم اللي مانيش عامل مجهود، نخاف لا تكون جلطة؟,وسع بالك، هذي تسمى 'خفقان'. في أغلب الأحيان ما عندهاش علاقة بالجلطة، تنجم تكون من كثرة 'التاي والقهوة'، ولا الستريس والقلق. ساعات 'الغدة الدرقية' كي تبدأ تخدم برشا تعمل هكة. جرب نقص من المنبهات وارقد مليح، وإذا زاد معاها ضيق نفس ولا وجيعة في الصدر، وقتها لازم تخطيط على القلب (رسم القلب) باش تطمئن.,native
advice_guidance,كل ما ناكل حاجة، حتى لو كان خفيفة، كرشي تتنفخ وتولي معبية بالغازات وتوجعني، فديت من الماكلة، شنوة الحل؟,الظاهر اللي عندك 'المصران الغليظ' (القولون العصبي). هو مصران حساس يتقلق من أنواع معينة من الماكلة (كيف البقول، الحار، ولا الحليب) ومن القلق النفسي. جرب كل بالسياسة وامضغ مليح، وابعد على المشروبات الغازية. المصران هذا يحب النظام والراحة، وإذا الحكاية فيها نقص وزن ولا دم، لازم تشاور طبيب مختص.,native
advice_guidance,ساعات كي نغزر للسماء ولا لحيط أبيض، نرى في ذبان طائر ولا نقاط كحلة تتحرك قدام عيني، هل أنا قاعد نفقد في نظري؟,لا ما تخافش، هذي تتسمى 'الذبابة الطائرة' (ذبان العين). هي عبارة على شوية شوائب وسط السائل اللي في وسط العين. هي حاجة عادية وتكثر مع العمر ولا عند اللي عندهم نقص نظر (قصر النظر). أما إذا شفت 'فلاشات' ضوء قوية ولا كأنه ستارة غطات عينك، وقتها لازم تمشي تجري لطبيب العينين خاطر تنجم تكون فما مشكلة في الشبكية.,native
advice_guidance,عندي بقع بيضاء بدأت تظهر في جلدي وتكبر بالشوية، زعمة هذا برص؟ ولا جوست نقص فيتامينات؟,البقع البيضاء عندها برشا أسباب. تنجم تكون 'بهاق' (البهاق) وين البدن يهاجم الخلايا الملونة متاعه، ولا تنجم تكون جوست 'فطريات' (فطريات) من الشمس ولا العرق تبرى بشوية دوايات. لازم طبيب جلدة يشوفها بضوء خاص باش يفرق بيناتهم. المهم ابعد على الخلطات العشوائية وما تقلقش روحك، الحالة النفسية مهمة برشا للجلدة.,native
advice_guidance,عندي وشوشة (طنين) في وذني ما تحبش تسكت، كأنه حس صفارة ديما معايا، هبلتني، شنوة سببها؟,الطنين (طنين في الودن) عنده برشا أسباب: ساعات جوست 'بوشون' وسخ (صملاخ) يسكر الوذن، ولا تعرضت لحس قوي برشا جرح الأعصاب الصغيرة. تنجم تكون زادة من ضغط الدم ولا مشاكل في عروق الرقبة. أحسن حاجة تعمل تخطيط سمع عند طبيب (ORL)، وحاول ابعد على السكات التام في الليل (حط راديو بعيد شوية) باش مخك ينسى هذاك الحس.,native
advice_guidance,يا دكتور، ديما عطشان ونمشي لبيت الراحة (التواليت) برشا، ونحس في روحي فاشل، زعمة عندي السكر؟,الأعراض هذي (كثرة العطش والتبول) هي العلامات الكلاسيكية متاع مرض السكر. البدن كي يولي السكر عالي في الدم، يحاول يتخلص منه عن طريق البول، وهذا يخليك تعطش برشا وتفشل خاطر طاقتك قاعدة تضيع. ما تقعدش تخمن، أعمل تحليل سكر 'صايم' (سكر الدم صايم) غدوة صباحاً، وبإذن الله كان فما حاجة تداركها من الأول بالحمية والدواء.,native
advice_guidance,عندي وجيعة تقتل في جنبي وتهبط لأسفل البطن، ساعات تجيني نوبات قوية تخليني نتلوى، شنوة هذا؟,الوجيعة هذي تشبه برشا لـ 'قولنج كلوي' (مغص كلوي). غالباً فما 'حجرة' صغيرة خرجت من الكلية وحصلت في المجرى. الوجيعة هذي تتسمى من أقوى الأوجاع؛ لازمك تمشي للاستعجالي باش تأخذ مسكنات قوية وتعمل 'إيكو' باش نشوفوا حجم الحجرة وبلاصتها. اشرب الماء برشا (أما موش وقت اللي الوجيعة شادة فيك) باش تعاونها تطيح.,native
advice_guidance,يا دكتور، عندي مدة نقوم من النوم مفجوع ونحس في صدري مضغوط ونفسي مقطوع، زعمة قلبي فيه حاجة؟,هذي الحالة تنجم تكون 'انقطاع التنفس أثناء النوم' (انقطاع النفس أثناء النوم). اللي يصير هو أن المسالك الهوائية تتسكر شوية وإنت راقد، البدن يفيق بالموضوع ويعطيك دقة أدرينالين قوية باش تفيق وتتنفس، وهذا اللي يخليك تقوم مفجوع وقلبك يدق. الحكاية تكثر عند اللي يشخروا ولا اللي عندهم وزن زايد. لازم تثبت مع طبيب صدرية، خاطر قلة الأوكسجين في الليل تتعب القلب على المدى الطويل.,native
advice_guidance,ساعات تجيني حالة خوف قوية من غير سبب، قلبي يخبط، نعرق، ونحس روحي باش نموت ولا باش نهبل، شنوة هبولي هذا؟,اللي تحكي فيه هو 'نوبة هلع' (نوبة هلع). هي حالة نفسية بالأساس موش هبال. الجهاز العصبي متاعك يعطي إنذار كاذب بوجود خطر كبير، فيفرز أدرينالين بقوة. الحالة تفجع أما ما تقتلش وما تهبلش. التنفس العميق والهدوء يعاونوا، وإذا تكررت لازم تشوف طبيب نفسي باش يعاونك بالتحليل السلوكي ولا بشوية دواء يركح الأعصاب.,native
advice_guidance,شعري يطيح برشا، وضوافري ديما يتكسروا، وديما نحس بالبرد حتى كي تبدأ الدنيا دافية، شنوة ناقصني؟,الأعراض هذي تشككنا في 'خمول الغدة الدرقية' (قصور الغدة الدرقية). كي الغدة تبخل، الميتابوليزم يرزن، البدن ما عادش يصنع طاقة وحرارة كافية، والجلد والشعر يتأثروا الأولين. زادة ينجم يكون نقص حديد (فقر الدم) قوي. أحسن حاجة تعمل تحليل هرمون الغدة الدرقية وتحليل حديد (Ferritine) باش تعرف الساس وين وتصلحه بالدواء المناسب.,native
advice_guidance,عندي وجيعة راس (صداع) تشدني في شطر وجهي، ونولي ما نطيقش الضوء ولا الحس، وساعات نردّ (نقيّ)، فديت منها؟,هذي هي 'الشقيقة' (الشقيقة). هي وجيعة راس عصبية وعرقية، تمس شطر الراس وتجي في شكل نبضات (Dabb). الضوء والحس يزيدوا يجهلوها. الشقيقة عندها 'مفاتيح' تطلعها: كيف الجوع، قلة النوم، الستريس، ولا أنواع ماكلة معينة. لازمك دواء خاص بالشقيقة تاخذه من أول ما تبدأ الوجيعة، وتحاول تعرف شنوة الحاجات اللي تطلعها عندك باش تتجنبهم.,native
advice_guidance,ولدي ديما يمرض بالرشح والكحة، كل شهر وهو بالأنتبوتيك (مضاد حيوي)، زعمة مناعته طايحة؟,موظ لازم تكون مناعته طايحة، الصغار خاصة كي يدخلوا للروضة لازم يمرضوا برشا باش 'يدربوا' جهازهم المناعي. أما الغلطة الكبيرة هي كثرة 'الأنتبوتيك'؛ الرشح والكحة أغلبهم فيروسات والأنتبوتيك ما يعمللهم شيء، بالعكس يقتل البكتيريا الباهية ويضعف المناعة. ركز على الماكلة الصحية (الغلال، العسل) والراحة، وشاور الطبيب باش ما يعطيش مضاد حيوي كان كي تبدأ فما بكتيريا بالحق.,native
advice_guidance,ساقيا من لوطة ديما منفوخين ورزان، وظهروا فيهم عروق خضر وبنفسجيين (Dwarali)، شنوة الحل؟,هذوكم يتسماوا 'الدوالي' (دوالي). السبب هو أن العروق (الأوردة) ما عادش تنجم تطلع الدم للفوق للقلب بكفاءة، فالدم يركح لوطة ويضغط على العروق لين تتنفخ. القعدة برشا ولا الوقفة برشا تزيد فيهم. حاول ارفع ساقيك كي ترتاح، البس 'قلسات ضاغطة' (جوارب ضغط) إذا الطبيب نصحك بيهم، وامشي برشا باش تحرك مضخة العضلات في الساق.,native
advice_guidance,عندي وجيعة قوية في أسفل الظهر والبطن كل ما تقرب العادة الشهرية، ساعات تخليني ما نجمش نتحرك، هل هذا عادي؟,الوجيعة في العادة (Règles douloureuses) موجودة، أما إذا كانت قوية لدرجة تعطلك على حياتك، لازم نثبتوا. تنجم تكون جوست تشنجات عادية تبرى بمسكنات بسيطة، ولا تنجم تكون حالة تسمى 'بطانة الرحم المهاجرة' (انتباذ رحمي). لازم تعمل 'إيكو' عند طبيبة نساء باش تتطمن اللي كل شيء في بلاصته وما فماش كيس ولا التهاب زايد.,native
advice_guidance,خرجتلي حبة في طرف شفتي (Fever blister) تحرق وتوجع، ديما تطلعلي كي نمرض بالسخانة ولا كي نتفجع؟,هذا يتسمى 'هرقس' (قرح labial). هو فيروس يقعد راقد في الأعصاب ويتحرك كي 'تضعف' المناعة شوية (بسبب سخانة، ستريس، ولا فجعة). أحسن حل هو تدهن مرهم مضاد للفيروسات (Acyclovir) من أول ما تحس بـ 'تنميل' وقبل ما تخرج الحبة. زادة رد بالك تمسها ومن بعد تمس عينك خاطر الفيروس يتنقل بسرعة.,native
advice_guidance,عيني ترفّ (Tressaillement) عندها أيامات ما حبتش تسكت، فديت منها، هل هي جلطة في العين؟,وسع بالك، رفة العين ما عندها حتى علاقة بالجلطة. هي جوست تشنج بسيط في عضلة الجفن. الأسباب الشائعة هي التعب، قلة النوم، كثرة القهوة، ولا الستريس. مخك وجهازك العصبي قاعدين يقولولك 'ارتاح'. نقص من الشاشات وارقد مليح، وبإذن الله تو تروح وحدها. إذا قعدت أسابيع، وقتها نشوفوا نقص في المانيزيوم (مغنيزيوم).,native
advice_guidance,نحس في وجيعة حارقة في كعب سقي (Talon) خاصة أول ما نقوم من النوم ونحط سقي على القاعة، كأني واطئ على مسمار؟,هذي تسمى 'مسمار اللحم' ولا بالطب 'التهاب اللفافة الأخمصية' (التهاب اللفافة الأخمصية). هي التهاب في الأنسجة اللي تشد قاع الساق. الوجيعة قوية في الصباح خاطر الأنسجة تبرد وتكبس في الليل. جرب البس سبادري مريح، اعمل مساج بكرة صغيرة (ولا دبوزة ماء مثلجة) تحت ساقك، ونقص من الوقفة برشا على القاعة الرزينة.,native
advice_guidance,ديما نحس في روحي فاشل وما عادش عندي جو لشيء، حتى الحاجات اللي كانت تفرحني ولات ما عندهاش طعم، هل أنا مريض ولا بخل؟,اللي تحكي فيه هو علامات 'اكتئاب' (اكتئاب) موش بخل. الاكتئاب يغير كيمياء المخ ويخلي الواحد يفقد الرغبة في كل شيء. هو مرض كيف السكر والدم ويستحق علاج. ما تضغطش على روحك وما تسمعش اللي يقولك 'دلّال'؛ شوف طبيب نفسي يحكي معاك، ساعات جلسات كلام (Thérapie) ولا شوية دواء يرجعوا التوازن للمخ وتولي ترى الدنيا بألوانها العادية.,native
advice_guidance,ساعات نحس بـ حرقان كي نجي نتبول، ومعاها وجيعة لوطة في كرشي، هل هي مبرد (برد في الكلاوي)؟,الأغلب هو 'تعفن مسالك بولية' (عدوى بولية). البكتيريا دخلت للمثانة وعملت التهاب. الحكاية هذي تكثر عند النساء أكثر من الرجال. لازم تشرب برشا ماء باش 'تغسل' المثانة، وتعمل تحليل بول (تحليل البول) باش تعرف نوع البكتيريا وتأخذ لها الأنتبوتيك الصحيح. ما تبطاش عليها باش ما تطلعش الوجيعة للكلاوي وتولي بالحمى.,native
advice_guidance,بدني ما عادش يطيق الحليب ومشتقاته، كل ما نشرب كاس حليب كرشي تجري وتتنفخ بالغازات، شنوة صار لي؟,الظاهر عندك 'عدم تحمل اللاكتوز' (عدم تحمل اللاكتوز). بدنك نقص من إنتاج الأنزيم اللي يهضم سكر الحليب. هي حاجة تصير برشا كي نكبروا. جرب استبدل الحليب العادي بحليب 'بلاش لاكتوز' ولا ياغورت (الخمائر اللي فيه تعاون على الهضم)، ولا حليب نباتي (لوز ولا شوفان). المهم ثبت في الكالسيوم من مصادر أخرى.,native
advice_guidance,نلقى في زروقية (Bleus) في بدني ساعات تظهر وحدها من غير ما نضرب، هل دمي فيه مشكلة؟,الزروقية من غير ضربة تستحق تثبيت. تنجم تكون جوست هشاشة في العروق الصغيرة، ولا نقص في 'الصفائح الدموية' (صفائح دموية) اللي تخلي الدم يتخثر. زادة فما دوايات (كيف الأسبرين) تميع الدم وتعمل هكة. اعمل تحليل دم كامل (NFS) وثبت في وظائف الكبدة، وإذا معاها دم يخرج من اللثة، لازم تشوف طبيب دم فوراً.,native
advice_guidance,عندي كحة شايحة عندها أكثر من شهر ما حبتش تمشي، جربت السيرووات الكل وما نفعش، شنوة الحكاية؟,كحة فايتة شهر تتسمى كحة 'مزمنة'. تنجم تكون حساسية (Asthme خفيف)، ولا ناتجة على الارتجاع المريئي (الأسيد يحرق الحنجرة)، ولا حتى من دواء ضغط الدم (كيف دوايات الـ IEC). إذا كنت تتكيف، لازم تعمل راديو على الصدر (راديو الصدر) باش نتطمنوا على الرئتين. الكحة هي جوست 'المنبه' اللي يقول فما حاجة موش عادية.,native
advice_guidance,عندي وجيعة حادة في صبع ساقي الكبير، تنفخ وولى أحمر ويحرق، ما نجمش حتى نلبس سبادري، شنوة هذا؟,هذا يوحي بـ 'داء النقرس' (Goutte) ولا ما يسمى 'مرض الملوك'. سببه هو كثرة 'حمض اليوريك' (حمض البول) في الدم اللي يترسب في المفاصل في شكل كريستالات تجرح. جرب نقص من اللحوم الحمراء واللحوم الباردة (Charcuterie) ونقص من المشروبات الحلوة. لازمك دواء ينقص الالتهاب ودواء آخر ينظم نسبة الأسيد في دمك.,native
advice_guidance,يا دكتور، نحس في نهجة (ضيق نفس) كبيرة كي نطلع الدروج، ونحس صدري مكبوس، زعمة من الدخان ولا قلبي تعب؟,النهجة عندها برشا أسباب؛ تنجم تكون ضعف في عضلة القلب، ولا ضيق في الشرايين، وزادة الدخان يعمل 'انسداد رئوي' (BPCO) يخلي الأوكسجين ما يوصلش مليح. لازمك تعمل تخطيط قلب وإيكو (Écho-cœur) وتثبت في وظائف الرئة. إذا كانت النهجة تجيك وإنت مرتاح، وقتها الحكاية تولي استعجالية ولازم تثبت فوراً.,native
advice_guidance,طلع لي تولال (ثولال) في يدي وبدأ يتكاثر، نحيته بمقص وبرى رجع طلع أكثر، شنوة الحل؟,التولال هو فيروس (فيروس الورم الحليمي) يعيش في الجلدة، وكي تنحيه بالمقص إنت قاعد تزيد تنشر فيه لبلايص أخرى. أحسن حل هو تمشي لطبيب جلدة 'يحرقه' بالبرد (Azote liquide) ولا بالليزر باش يقتل الفيروس من العرق. زادة حاول ما تمسوش بيدك باش ما تنقلوش لوجهك ولا لعباد آخرين خاطر هو يعدي.,native
advice_guidance,عندي دوخة (Vertige) تجيني كي نتلفت فجأة في الفرش ولا كي نرفع راسي، الدنيا الكل تدور بيا وباش نردّ، شنوة هذا؟,هذي غالباً تسمى 'دوار الوضعية' (دوخة وضعية حميدة). السبب هو 'كريستالات' صغيرة وسط الوذن لداخل تحركت من بلاصتها وغلطت في ميساجات التوازن للمخ. الطبيب (ORL) ينجم يرجعهم لبلاصتهم بحركات معينة لراسك (Manœuvre) وتبرى في وقتها بلاش دواء. ما تخافش، هي حالة تفجع أما تبرى بسرعة.,native
advice_guidance,عندي وجيعة في ظهري تهبط لي على ساقي اليمين حتى لصوابعي، ونحس في تنميل وبرودة في الساق، شنوة هذا؟,هذا يتسمى 'عرق النسا' (عرق الاسى). السبب غالباً هو 'عظمة' ولا 'ديسك' (انزلاق غضروفي) ضاغط على العصب اللي خارج من أسفل الظهر وماشي للساق. لازمك راحة، دواء ضد الالتهاب، وإذا الوجيعة قوية برشا ولا ساقك ولات 'ترخي' وما تحملش وزنك، لازم تعمل سكانير (رنين مغناطيسي) باش نشوفوا العملية لازمة ولا يكفي العلاج الطبيعي.,native
advice_guidance,عندي إمساك (إمساك) مزمن، ساعات نقعد 4 أيام ما نمشيش للتواليت، وكرشي ديما كابسة، شنوة الحل؟,الإمساك يجي من قلة الألياف (خضرة وغلال) وقلة شرب الماء. المصران يولي رزين والفضلات تشيح. جرب كول 'النخالة'، الشريحة (كرموس شايح)، واشرب الماء برشا وأعمل رياضة. ابعد على استعمال 'المسهلات' (ملينات) القوية ديما، خاطر المصران يولي 'عاجز' وما عادش يخدم وحده. إذا فما دم ولا وجيعة كبيرة، لازم طبيب يثبت.,native
advice_guidance,عيني ديما حمرة وتحك فيا، ونحس كأنه فيها رمل، خاصة كي نقعد قدام التلفزة ولا التلفون، شنوة الدواء؟,هذا يسمى 'شياح العين' (جفاف العين). القعدة قدام الشاشات تخلينا ما نرمشوش بعينينا برشا، فالدموع تشيح. زادة الغبرة والحساسية يزيدوا فيها. جرب استعمل 'دموع اصطناعية' (قطرات ترطيب العين) بلاش مواد حافظة، وحاول طبق قاعدة 20-20-20: كل 20 دقيقة غزر لحاجة بعيدة 20 متر لمدة 20 ثانية باش تريح عينك.,native
advice_guidance,يا دكتور، ديما عندي خشمي مسكر (خشم مسدود) ونعطس برشا خاصة في الصباح، وعيني تدمع وتأكل فيا، زعمة هذي قريبت (برد) ما حبتش تمشي؟,هذي موش قريبت، هذي غالباً 'حساسية الأنف' (التهاب الأنف التحسسي). بدنك قاعد يعمل في ردة فعل قوية ضد الغبرة، نوار الملح، ولا حتى وبر الحيوانات. الفرق بينها وبين القريبت إنها ما تعملش سخانة وتدوم برشا وقت. جرب نظف خشمك بالماء المالح (Sérum physiologique) وابعد على الحاجات اللي تقلقك، وإذا لزم فما دواء 'أنتي هيستامين' يرتحك في وقتها.,native
advice_guidance,طلع لي حب شباب كبير ويوجع في وجهي وصدري رغم اللي فت سن المراهقة عندي مدة، علاش رجع لي توا؟,حب الشباب عند الكبار (حبوب الوجه adulte) عنده برشا أسباب؛ تنجم تكون حكاية 'هرمونات' (خاصة عند النساء)، ولا ستريس وقلق، ولا حتى نوع الماكلة اللي فيها برشا سكر. زادة فما أنواع 'ماكياج' تسكر المسام وتعمل حبوب. لازمك روتين تنظيف باهي وما تمسش الحبوب بيدك باش ما يخليوش 'ندبات' (ندبات) دائمة، وإذا كثر لازم طبيب يعطيك دواء أقوى.,native
advice_guidance,ساعات كي نقوم فجأة من الكرسي، الدنيا تظلم قدامي ونحس روحي باش نطيح، ونقعد ثواني لين نفيق، شنوة هذا؟,هذي تسمى 'هبوط ضغط الدم عند الوقوف' (انخفاض ضغط عند الوقوف). اللي يصير هو أن الدم يبطى شوية باش يوصل للمخ كي تقوم فجأة، فالضغط يطيح للحظات. الحكاية هذي تكثر كي تبدأ ناقص شرب ماء، ولا عندك فقر دم (فقر الدم)، ولا ساعات من دوايات معينة. جرب قوم بالسياسة، وإذا الحالة تتعاود برشا، ثبت في نسبة الحديد وضغط الدم متاعك.,native
advice_guidance,عندي وجيعة قوية في الجهة اليمين من كرشي من لوطة، ومعاها ردّ وشوية سخانة، خايف لا تكون المصران الزايد؟,الأعراض هذي (وجيعة في اليمين لوطة + ردّ + سخانة) تخلينا نشكوا أول حاجة في 'التهاب المصران الزايد' (التهاب الزائدة). لازمك تمشي للاستعجالي فوراً وتعمل تحليل دم وإيكو. ما تأكل شيء وما تشرب شيء لين يشوفك الطبيب، خاطر إذا طلعت هي، لازم عملية بسيطة باش ما تترشقش في وسط الكرش وتعمل مشاكل أكبر.,native
advice_guidance,رقبتي من القدام تنفخت شوية وصوتي تبدل ولى فيه بحة، وعندي غصة ديما في حلقي، شنوة هذا؟,التنفاخ في الرقبة ينجم يكون 'تضخم في الغدة الدرقية' (تضخم الغدة الدرقية). الغدة كي تعمل 'ولسيسات' (عقيدات) تنجم تضغط على الحنجرة وتبدل الصوت ولا تعمل غصة. لازم تعمل 'إيكو' على الرقبة وتحليل هرمون الغدة الدرقية باش نشوفوا الغدة تخدم مليح ولا لا. في أغلب الأحيان تكون حاجات حميدة، أما لازم التثبيت باش نتطمنوا.,native
advice_guidance,يا دكتور، التبول متاعي ولى فيه رغوة (Mousse) برشا عندها مدة، وعيني تقوم منفوخة في الصباح، شنوة السبب؟,الرغوة الكثيرة في البول تنجم تكون علامة اللي 'البروتين' قاعد يخرج مع البول (بروتين في البول). في العادة، الكلاوي ما تخليش البروتين يتعدى، أما كي تتعب شوية تولي تضيّع فيه. التنفاخ في العينين زادة علامة اللي الكلاوي موش قاعدة تصفي في الماء والملح مليح. لازم تعمل تحليل بول وصورة دم كاملة وتثبت في وظائف الكلى.,native
advice_guidance,ساقي اليسار تنفخت فجأة ووليت حمراء وتوجع برشا كي نمشي عليها، مانيش عارف شنوة اللي ضربني؟,رد بالك، إذا ساق واحدة تنفخت فجأة وبدأت تحمار وتوجع، تنجم تكون 'جلطة في عرق الساق' (التهاب الوريد). هذي حالة تستحق طبيب فوراً، خاطر الدم كي يحبس في الساق ينجم يطلع للرئة ويعمل خطر. ما تعملش مساج لساقك وما تحركهاش برشا، وامشي للاستعجالي باش يعملولك 'دوبلير' (Echo-doppler) ويثبتوا في الدورة الدموية.,native
advice_guidance,ولدي صغير طلعت له سخانة قوية وبدأ يتجبد وعينيه تقلبوا، تفجعت مشى في بالي باش يموت، شنوة صار له؟,هذي تسمى 'تشنجات حرارية' (تشنج حراري). تصير لبرشا صغار كي السخانة تطلع بسرعة والمخ مازال ما يتحملش. هي تفجع برشا أما في العادة ما تخليش أثار وما تقتلش. أول حاجة تعملها: حطه على جنبه، ابعد عليه الحاجات القوية، وما تحط له شيء في فمه. هبط له السخانة بالتحاميل (Suppositoire) وهزه للطبيب باش يثبت في سبب السخانة.,native
advice_guidance,ديما نحس في ضيق في صدري وكأنه فما حجرة رادمة عليا، وعندي أفكار سوداء ديما تخوف فيا، هل هذا سحر ولا مرض؟,هذا يتسمى 'قلق عام' (قلق عام). بدنك ديما في حالة استنفار وكأنك في خطر، وهذا اللي يعمل ضيق الصدر والأفكار السوداء. موش لازم يكون سحر، هو خلل في كيمياء المخ بسبب ضغوطات الحياة ولا الوراثة. الطبيب النفسي ينجم يعاونك برشا بجلسات الكلام ولا بدواء يعدل الأعصاب ويخليك ترجع تشوف الدنيا بطريقة واقعية وإيجابية.,native
advice_guidance,عملت مجهود قوي في القاعة (جيم)، واليوم بدني مسطر الكل وما نجمش حتى نحرك يدي، هل جرحت عضلاتي؟,هذا يتسمى 'تسطير العضلات' (وجع العضلات). اللي صار هو تقطعات مجهرية صغيرة في العضلات خاطر عملت مجهود ماكش مستانس بيه. هذي حاجة باهية خاطر العضلة كي تبرا تولي أقوى. أحسن حل هو الراحة، تشرب برشا ماء، وتعمل حمام دافئ. المرة الجاية ابدأ بالسياسة واعمل 'تسخين' (Échauffement) باهي قبل ما تبدأ.,native
advice_guidance,فمي تعوج فجأة لجهة واحدة وما عادش نجم نسكر عيني اليمين، والماء يخرج لي كي نجي نشرب، زعمة جلطة في المخ؟,إذا كان التعوج في الوجه فقط من غير ضعف في اليد ولا الساق، فالأرجح هو 'شلل الوجه النصفي' (Paralysie بيل). سببه التهاب في عصب الوجه، غالباً بسبب فيروس ولا 'ضربة هواء' بارد. تبرى بالباهي بالدواء (كورتيزون) وشوية علاج طبيعي. المهم تمشي للطبيب فوراً باش يتأكد اللي هي حالة عصبية بسيطة وموش جلطة دماغية.,native
advice_guidance,صوابع يديا يرعشوا (رعشة) برشا كي نجي نهز كاس ماء ولا نكتب، خفت لا يطلع لي مرض رعاش وأنا مازلت صغير؟,الرعشة عندها برشا أسباب غير 'الباركنسون'. تنجم تكون رعشة وراثية بسيطة، ولا من كثرة القهوة والدخان، ولا علامة على 'فرط نشاط الغدة الدرقية'. زادة نقص النوم والستريس يزيدوا فيها. لازم تثبت في دقات قلبك وفي وزنك، وتعمل تحليل غدة (هرمون الغدة الدرقية) باش نعرفوا المصدر ونعطيوك دواء يركح الرعشة.,native
advice_guidance,يا دكتور، التبول ولى يرزن عليا ولازم نستنى شوية لين يهبط، والماء ولى ضعيف ويتقص، فاش قام هكا؟,عند الرجال، هذي الأعراض تشير لـ 'تضخم البروستاتا' (Hypertrophie de la البروستاتة). البروستاتا كي تكبر تضغط على مجرى البول وتسكره. هذي حاجة تصير برشا مع العمر. لازم تعمل 'إيكو' وتحليل دم (PSA) وتشوف طبيب مجاري بولية. فما دوايات ترخي العضلات وتسهل خروج الماء، وساعات إذا سدت جملة نلتجؤوا لعملية بسيطة.,native
advice_guidance,يا دكتور، ديما نحس في تصفير (تزفير) في صدري كي نخرج النفس، خاصة في الليل ولا كي نعمل مجهود، زعمة فدة؟,التصفير في الصدر علامة واضحة اللي المسالك الهوائية ضياقت، وهذا اللي نسموه 'الضيق' ولا 'الفدة' (Asthme). اللي يصير هو أن الرواير تعمل ردة فعل قوية ضد الغبرة ولا الروائح ولا البرد. لازمك تعمل 'تست' متاع نفس (EFR) عند طبيب صدري باش يقيس قوة الهواء، وغالباً باش تمشي على 'باقة' (بخاخ) تعاونك باش تفتح العروق وتتنفس مرتاح.,native
advice_guidance,عندي ذبانة طائرة (ذبان العين) ديما نراها قدام عيني، خيوط سوداء تمشي وتجي معايا، هل عيني باش تعمى؟,لا ما تخافش، هذي الحالة تسمى 'الأجسام العائمة'. هي جوست شوائب صغيرة في السائل اللي وسط العين (Corps vitré). هي حاجة عادية مع العمر ولا عند اللي عندهم 'نقص نظر' (قصر النظر). أما إذا شفت 'فلاشات' ضوء قوية ولا كأن فما 'ستار' هبط على عينك، وقتها لازم تجري لطبيب العينين فوراً خاطر تنجم تكون علامة على مشكلة في الشبكية.,native
advice_guidance,لقيت بوسة خالة (Grain de beauté) في بدني تبدل شكلها، ولات أغمق والحرف متاعها موش مسوي، هل هي تخوف؟,بوسة الخالة كي يتبدل لونها، كبرها، ولا الحروف متاعها، لازم تتشاف عند طبيب جلدة. فما قاعدة نسموها (ABCDE) نثبتوا بيها في التغيرات. الطبيب باش يشوفها بالـ (منظار الجلد) باش يتأكد اللي هي شامة عادية وموش نوع من أنواع سرطان الجلد (سرطان الجلد). التشخيص المبكر يخلي العلاج يكون بسيط بمجرد تنحية الشامة.,native
advice_guidance,ركايبي ديما يطقطقوا وكي نجي نقوم نحسهم كاسحين (تصلب)، والوجيعة تزيد كي يبرد الطقس، شنوة الحل؟,هذي علامات 'الروماتيزم' ولا تآكل الغضروف (فصال عظمي / تآكل المفاصل). المفاصل تولي تحتك ببعضها خاطر 'الزيت' اللي بيناتهم نقص والغضروف رهف. الحركة الخفيفة والمشي يعاونوا باش المفصل ما يبسش، وابعد على زيادة الميزان خاطرها تضغط على الركايب. فما زادة دوايات وجلسات علاج طبيعي تنقص الوجيعة وتخليك تتحرك خير.,native
advice_guidance,عندي تنميل (Fourmillement) في صوابع يدي، خاصة في الليل، وساعات يدي ترخي ما عادش نجم نشد بيها القلم، شنوة هذا؟,هذا غالباً 'انضغاط عصب اليد' (متلازمة النفق الرسغي). العصب اللي يتعدى من المعصم يتسد عليه الطريق، وهذا اللي يعمل التنميل والفشل. تجي برشا للي يخدموا بيديهم برشا ولا يستعملوا الحاسوب. جرب البس 'باندة' كاسحة في الليل باش تخلي المعصم مسوي، وإذا الوجيعة قوية، لازم تعمل 'تخطيط أعصاب' (تخطيط العضل) باش نثبتوا في قوة العصب.,native
advice_guidance,كل شتاء تجيني قريبت (برد) قوية تهد لي بدني وتخليني في الفرش جمعة كاملة بسخانة وعرق، فماش حل؟,القريبت فيروس يتبدل كل عام، وأحسن وقاية هي 'تلقيح القريبت' اللي يتعمل كل بداية خريف. التلقيح يخلي بدنك يتعرف على الفيروس ويصنع مناعة، حتى كان مرضت تجيك خفيفة وموش قوية. زادة ركز على فيتامين (C) وغسل اليدين باستمرار باش تنقص من العدوى، وابعد على العباد اللي يكحوا ويعطسوا.,native
advice_guidance,ولدي صغير ديما يحك في وذنيه ويبكي برشا خاصة في الليل، ومعاها خشمي يجري، شنوة يكون عنده؟,هذي في الأغلب 'التهاب في الوذن' (التهاب الأذن). عند الصغار، المسالك بين الخشم والوذن قصيرة، فأي رشح ينجم يتعدى للوذن ويعمل تعفن. الوجيعة تزيد في الليل خاطر الضغط يكثر وهو راقد. لازم تهزه للطبيب يثبت بـ (Otoscope) باش يشوف الطبلة، وإذا حمراء ومعبية بالماء، لازم دواء وأحياناً مضاد حيوي.,native
advice_guidance,لثتي ديما تخرج في الدم كي نغسل سناني، وريحة فمي ولات تقلقني، هل هو نقص فيتامين؟,هذا 'التهاب لثة' (Gingivite). السبب موش نقص فيتامين، بل هو 'الكلكار' (Tartre) اللي ركح بين السن واللثة وعمل بكتيريا. الدم هو علامة اللي اللثة مريضة. لازمك تعمل 'نظافة' (تنظيف الأسنان) عند طبيب السنان وتستعمل خيط السنان كل يوم. إذا طفيت عليها الضوء، اللثة تولي تهرب والسن تولي تتهز وتطيح وحدها.,native
advice_guidance,يا دكتور، عندي نفخة (Ballonnement) في كرشي ديما، وساعات إسهال وساعات إمساك، وكرشي تمخض عليا كي نتغشش، شنوة الحل؟,اللي عندك يتسمى 'المصران الغليظ' ولا القولون العصبي (القولون العصبي). هو موش مرض خطير، أما المصران حساس برشا للستريس ولأنواع معينة من الماكلة. جرب نقص من البقول (حمص، لوبيا) ومن المشروبات الغازية، وحاول ارتاح نفسياً. فما دوايات ترخف تشنج المصران وتنقص الغازات، أما أهم دواء هو الماكلة المنظمة والراحة.,native
advice_guidance,يا دكتور، ديما جيعان ونحب ناكل الحلو بطريقة موش عادية، وساعات يدي ترعش ونحس بفشل لين ناكل حاجة حلوة باش نفيق؟,هذا ينجم يكون علامة على 'هبوط السكر' (انخفاض السكر) ولا بداية 'مقاومة الأنسولين'. بدنك قاعد يطلب في السكر بطريقة غالطة. جرب نقص من السكريات السريعة (حلويات، قوزوز) خاطرها تطلع السكر بسرعة ومن بعد تطيحه بقوة، وهذا اللي يخليك تفشل. كول ماكلة فيها ألياف وشوف طبيب يعمل لك تحليل سكر صايم وبعد الماكلة باش نتطمنوا.,native
advice_guidance,صبع يدي يحصل (Doigt à ressort) كي نجي نسكره، ولازم نحله بيدي الأخرى بالسيف، ويوجعني من لوطة، شنوة هذا؟,هذا يتسمى 'الصبع الزنادي'. السبب هو التهاب في الوتر اللي يحرك الصبع، يولي الوتر غليظ وما عادش يتعدى بسهولة وسط 'النفق' متاعه. الحل يبدأ براحة الصبع وساعات زريقة موضعية (حقنة كورتيزون) تنحي الالتهاب ويرجع يتحرك عادي. في الحالات اللي تحصل جملة، نلتجؤوا لعملية صغيرة باش نوسعوا في النفق.,native
advice_guidance,جتني وجيعة تقطع في جنبي اليمين هبطت لي حتى لوطة، وجيعة ما خلتنيش ناقف، ومعاها غثيان، شنوة هذا؟,الأعراض هذي تشككنا في 'حجرة في الكلاوي' (مغص كلوي). الحجرة كي تحب تهبط في المسالك تعمل وجيعة قوية برشا. لازمك تمشي للاستعجالي باش تأخذ دواء ينقص الوجيعة وتعمل 'إيكو' وراديو باش نثبتوا في كبر الحجرة وبلايصها. اشرب برشا ماء كان كي تسكن الوجيعة، موش وإنت تتوجع.,native
advice_guidance,عندي طنين (طنين في الودن) في وذني، حس زويز ما يحبش يسكت، هبلني خاصة في الليل كي تبدأ الدنيا ساكتة؟,طنين الوذن عنده برشا أسباب؛ ينجم يكون من كثرة 'الوسخ' (سدادة الشمع في الودن)، ولا من قلق في عصب السمع بسبب حس قوي، ولا حتى من ضغط الدم. لازم يشوفك طبيب (ORL) ينظف الوذن ويثبت في السمع. ساعات الصوت هذا ينقص كي تشغل 'ضوضاء بيضاء' خفيفة (كيف مروحة) في البيت باش مخك ما عادش يركز مع الطنين.,native
advice_guidance,يا دكتور، بابا يتكيف برشا وعنده مدة يخرج في دم (Crachat de sang) كي يكح، خفنا برشا، شنوة ينجم يكون؟,كحة فيها دم (بصق دم) عند مدخن تستوجب الفحص الفوري. تنجم تكون جوست جرح في الحنجرة من قوة الكحة، أما لازم نثبتوا لا يكون فما تعفن رئوي قوي (سل) ولا حتى ورم. لازم يعمل راديو على الصدر (Scanner thoracique) وتحليل للبلغم في أسرع وقت باش نعرفوا المصدر ونبدأوا العلاج.,native
advice_guidance,ظوافري ولات خشينة ولونها تبدل ومال للاصفرار، وبدأت تتفتفت، هل هو نقص كالسيوم؟,هذا موش نقص كالسيوم، هذي غالباً 'فطريات الظوافر' (فطريات الأظافر). الفطريات دخلت تحت الظفر وقاعدة تاكل فيه. هي حالة رزينة شوية وتستحق صبر. لازم طبيب جلدة يعطيك 'فرني' (Vernis) خاص ولا دواء يتشرب باش يقتل الفطريات من العرق، ولازم تعقم صباطك وتقاشرك باش ما ترجعلكش العدوى.,native
advice_guidance,نحس في ضربات قلبي (دقان قوي في القلب) تخطى، كأنه قلبي يسكت لحظة ومن بعد يضرب ضربة قوية تفجعني، هل قلبي باش ياقف؟,هذي تسمى 'خوارج الانقباض' (نبضات قلب زائدة). هي ضربات زايدة تجي قبل وقتها. في أغلب الأحيان تكون حميدة وسببها كثرة القهوة، الدخان، القلق، ولا نقص النوم. المهم تعمل تخطيط قلب (رسم القلب) باش نتأكدوا اللي القلب سليم وعضلة القلب تخدم مليح. نقص المنبهات والستريس وتو ترتاح.,native
advice_guidance,يدّي ولات توجعني برشا كي نفيق في الصباح، وصوابعي كاسحين ما نجمش نسكرهم لين نغطسهم في ماء دافئ، شنوة هذا؟,"هذي علامات التهاب المفاصل (Arthrite). الكبسة متاع الصباح (Dérouillage matinal) اللي تفوت نص ساعة تشككنا في 'الروماتيزم' (Polyarthrite). لازم تعمل تحاليل دم خاصة بالالتهاب (بروتين الالتهاب, Facteur rhumatoïde) وتشوف طبيب مفاصل. العلاج المبكر يمنع المفاصل باش ما تتشوهش ويخلي الوجيعة تنقص برشا.",native
advice_guidance,عندي بواسير (عذر) تقلق فيا برشا وساعات يخرج معاها دم، هل لازم عملية ولا فما دواء؟,البواسير تبدأ بالدواء قبل العملية. أول نصيحة هي 'حارب الإمساك' خاطر هو السبب الأول. كول الخضرة واشرب الماء. فما مراهم (مرهم) وحرابش تنقص الالتهاب وتبرد البلاصة. العملية نخليوها لآخر حل إذا كانت البواسير خارجة وما عادش ترجع ولا إذا سببت فقر دم من كثرة النزيف.,native
advice_guidance,طلع لي حزام نار (الحزام الناري) في جنبي، وجيعة قوية كأنه ضوء يضرب فيا ومعاها نفاخات صغار، شنوة نعمل؟,حزام النار هو فيروس 'بوصفير' القديم (جدري الماء) رجع تحرك كي المناعة طاحت شوية. الوجيعة قوية خاطر الفيروس يضرب العصب. لازم تأخذ دواء 'أنتي فيرال' (مضاد فيروسي) في الـ 72 ساعة الأولى باش تنقص الوجيعة وما يخليش أثار. استعمل مطهر للبلاصة وما تمسهاش بيدك باش ما تتعفنش.,native
advice_guidance,عندي شقيقة (الشقيقة) تجيني في شطر راسي، ومعاها غثيان وما نحملش الضوء والهرج، عييت من المسكنات؟,الشقيقة مرض مزمن يستحق 'علاج وقائي' موش كان دواء وقت الوجيعة. فما محفزات لازم تبعد عليها (كيف أنواع جبن، شوكولاتة، قلة النوم). فما دوايات خاصة بالشقيقة (Triptans) تتاخذ أول ما تبدأ الوجيعة باش تقص عليها. إذا تجيك برشا مرات في الشهر، الطبيب يعطيك دواء تداوم عليه باش تنقص القوة وعدد المرات.,native
advice_guidance,الدورة الشهرية (Règles) ولات تجيني بوجيعة لا تطاق تخليني نغيب على القراية ونقعد في الفرش، هل هذا عادي؟,الوجيعة اللي تعطل الحياة العادية موش 'عادية'. تنجم تكون علامة على 'بطانة الرحم المهاجرة' (انتباذ رحمي). لازم تعمل 'إيكو' عند طبيبة نساء باش تثبت في الرحم والمبيضات. فما حلول بالهرمونات ولا دوايات معينة تنقص الوجيعة وتخليك تعيش حياتك عادي من غير ما تتعذب كل شهر.,native
advice_guidance,ولدي عمره 4 سنين ومازال ما يتكلمش مليح، وما يثبتش في عيني كي نحكي معاه، هل هو بخل ولا توحد؟,في العمر هذا، لازم الطفل يكون يتواصل بالباهي. عدم التثبيت في العين وتأخر الكلام لازموتقييم عند طبيب أطفال ولا طبيب نفساني للأطفال. ينجم يكون جوست تأخر بسيط ولا نقص في السمع، وينجم يكون اضطراب طيف التوحد. التشخيص المبكر والحصص (علاج النطق) يعاونوا الطفل برشا باش يندمج ويتحسن تواصله.,native
advice_guidance,يا دكتور، ديما نحس في روحي مرخوف وفاشل، وشعري بدأ يطيح برشا وجلدي شاح، رغم اللي نأكل ونرقد مليح، فاش قام هكا؟,الأعراض هذي (فشل + سقوط شعر + شياح جلد) تمشي برشا مع 'خمول الغدة الدرقية' (قصور الغدة الدرقية). الغدة هي المحرك متاع البدن، كي تبطى، كل شيء في البدن يولي يمشي بالثقيل. لازم تعمل تحليل هرمون الغدة الدرقية. إذا طلعت ناقصة، فما حرابش تعوض الهرمون اللي ناقص وترجع لك الحيوية متاعك في ظرف أسابيع.,native
advice_guidance,نحس في حرقان (Brulure) قوي كي نجي نتبول، ومعاها وجيعة في أسفل الكرش، وساعات يخرج دم في لخر، شنوة هذا؟,هذا غالباً 'تعفن في المجاري البولية' (عدوى بولية). البكتيريا دخلت للمثانة وعملت التهاب. لازم تشرب برشا ماء وتعمل تحليل بول (تحليل البول) باش نعرفوا نوع الجرثومة ونعطيوك المضاد الحيوي الصحيح. ابعد على الماكلة الحارة والقهوة لين تبرى، وإذا عندك سخانة لازم تسرع في العلاج باش ما يوصلش التعفن للكلاوي.,native
advice_guidance,عيني ولات ضبابة (Vision floue) وما عادش نجم نغزر للضوء القوي، ونرا في الألوان باهتة كأنها فما قشرة قدامي؟,إذا كان عمرك فوق الـ 60، تنجم تكون هذي 'الجلالة' (ساد). هي عدسة العين تولي عاتمة وما عادش تعدي الضوء مليح. الحل متاعها توه ولى ساهل برشا وعملية بسيطة في ربع ساعة تنحي العدسة القديمة وتحط وحدة جديدة وترجع ترا خير من قبل. لازم طبيب العينين يثبت فيها باش يبرمج لك العملية.,native
advice_guidance,ديما يخرج لي أزرق (Bleus) في لحمي من غير ما نضرب، وساعات اللثة متاعي تسيل بالدم وحدها، شنوة السبب؟,ظهور بقع زرقاء من غير ضربة ينجم يكون علامة على نقص في 'الصفائح الدموية' (صفائح دموية) اللي هي مسؤولة على تخثر الدم. لازم تعمل تحليل دم كامل (NFS) ونثبتوا في سرعة التخثر. تنجم تكون حكاية بسيطة ولا نقص فيتامينات، أما لازم التثبيت باش نتجنبوا أي نزيف داخلي.,native
advice_guidance,يا دكتور، عندي مدة ما نركدش (أرق)، مخي ديما يخدم ونقوم فاشل، جربت كل شيء وما فادش؟,قلة النوم هي 'رسالة' من بدنك اللي فما حاجة مقلقتك، غالباً ستريس ولا اكتئاب مخفي. ابعد على الشاشات (تلفون، تلفزة) ساعة قبل النوم، وحاول ثبت وقت الرقاد والقومة. ابعد على الحرابش المنومة من غير استشارة طبيب خاطر بدنك يستانس بيها وما عادش تنجم ترقد بلا بيها. جلسة مع أخصائي تنجم تعاونك تفهم علاش مخك ما يحبش يسكت.,native
advice_guidance,عندي وجيعة في العرقوب (Talon) خاصة كي نفيق الصباح ونحط ساقي على القاعة، كأنه مسمار يضرب فيا، ومن بعد تخف؟,هذي تسمى 'مسمار اللحم' ولا التهاب اللفافة الأخمصية (التهاب اللفافة الأخمصية). السبب هو ضغط كبير على أسفل الساق ولا لبسان صباط كاسح ومسطح برشا. جرب استعمل 'فرش' (Semelle) طري في صباطك، واعمل تمارين تمدد (Etirement) لساقك قبل ما تقوم من الفرش. إذا طولت، طبيب العظام ينجم يعمل لك حصص 'صدمات هوائية' (Ondes de choc) تنحي الالتهاب.,native
advice_guidance,يا دكتور، طلع لي تولال (ثولال) في يدي وبدأ يتنشر، جربت الحرق بـ الخل وما نفعش، شنوة الحل؟,التولال هو فيروس (فيروس الورم الحليمي) يتنقل باللمس، والخل ينجم يحرق الجلدة وما يقتلش الفيروس من عروقه. أحسن حل هو تمشي لطبيب جلدة يعمل لك 'البرد' (علاج بالتبريد) بالأزوت السائل، ولا يحرقها بالليزر. المهم ما تمسهاش بظوافرك وما تحاولش تنحيها وحدك باش ما تعديش بلايص أخرى في بدنك.,native
advice_guidance,عندي دوخة (Vertige) قوية، الدنيا تدور بيا كي نلفت راسي ولا كي نجي نقوم من الفرش، ونحس في غثيان، شنوة هذا؟,هذي غالباً 'دوخة الأذن الداخلية' (دوخة وضعية حميدة). فما 'حجرات' صغار وسط الوذن تحركوا من بلاصتهم وغلطوا المخ في التوازن. هي تفجع أما موش خطيرة. الطبيب (ORL) يعمل لك 'حركات' معينة براسك يرجع بيهم الحجرات لبلاصتهم وترتاح في وقتها. ابعد على الحركات المفاجئة لين تبرى.,native
advice_guidance,ولدي صغير يشخر (شخير) برشا وهو راقد، وديما فمه محلول، وصوته مخنوق كأنه يتكلم من خشمه، شنوة السبب؟,هذي علامات 'اللحمات' (Végétations). اللحمات كي تتنفخ تسكر مجرى النفس من الخشم، وهذا اللي يخلي الصغير يشخر ويتنفس من فمه. إذا الحالة مأثرة على نومه ولا تعمل له في تعفن وذنين ديما، لازم يشوفه طبيب (ORL) باش يقرر هل ينحيهم بعملية بسيطة ولا يستنى شوية مع الدواء.,native
advice_guidance,يا دكتور، نحس في نهجة (ضيق نفس) قوية كي نطلع الدروج، وكأن صدري باش يترشق، رغم اللي مانيش مدخن؟,النهجة عند المجهود لازمها تثبيت. تنجم تكون نقص في 'اللياقة البدنية'، أما تنجم تكون علامة على تعب في القلب ولا فقر دم (فقر الدم). لازم تعمل تخطيط قلب وتحليل دم باش نشوفوا نسبة الهيموغلوبين. إذا كنت تنهج وأنت قاعد، وقتها الحالة تولي استعجالية ولازم فحص فوري.,native
advice_guidance,عندي وجيعة في فم المعدة وكأنها نار تلهب، وتزيد كثر كي نكون جيعان، وكي نأكل تسكت شوية، شنوة هذا؟,الوجيعة اللي تسكت بالماكلة تمشي برشا مع 'قرح المعدة' ولا الاثني عشر (Ulcère). تنجم تكون فما جرثومة اسمها (H. Pylori) هي اللي تآكل في جدار المعدة. لازم تعمل 'فيبروسكوبي' (منظار) باش الطبيب يشوف القرح ويأخذ عينة. العلاج بالـ 'أنتي بيوتيك' ودواء الحموضة ينحي المشكلة من عروقها.,native
advice_guidance,صوابع ساقي تعوجوا (إصبع القدم المنحرف) والعظم خرج لبرة، وليت ما عادش نجم نلبس حتى صباط من الوجيعة؟,هذا يتسمى 'عظم الساق' ولا (Oignon). يجي من الوراثة ولا من لبسان الصبابط الضيقة والعالية برشا. في اللول، فما 'باندات' خاصة تلبسها في الليل باش ترجع الصبع لبلاصته. أما إذا العظم كبر والوجيعة ولات قوية وما عادش ينفع معاها دواء، الحل يولي عملية جراحية باش نصلحوا العظم ونرجعوا الساق لشكلها العادي.,native
advice_guidance,كنت نلعب في الكورة، ركبتي تلوت وسمعت صوت طرقاعة ، وتنفخت في وقتها، شنوة نعمل؟,الصوت هذاك مع التنفاخ الفوري يشككنا في 'الأربطة المتقاطعة' (Ligaments Croisés). أول حاجة: حط الثلج، ما تمشيش عليها، وارفع ساقك للفوق. لازم تعمل 'إيكو' ولا (رنين مغناطيسي) باش نثبتوا هل الأربطة تقطعت ولا جوست 'تفسيخة' (لوية) بسيطة. الالتزام بالعلاج الطبيعي هو اللي يرجع الركبة كيم كانت.,native
advice_guidance,يا دكتور، ديما عطشان ولساني شايح، ونمشي لبيت الراحة برشا مرات في الليل، هل هذي علامات السكر؟,إي نعم، العطش الزايد وكثرة التبول (خاصة في الليل) هي من أهم علامات مرض السكري. بدنك يحاول يتخلص من السكر الزايد عن طريق البول، وهذا اللي يعمل لك شياح ريق. لازم تعمل تحليل سكر صايم (سكر الدم صايم) في أقرب وقت. التشخيص المبكر يخليك تتحكم في السكر بالماكلة والدواء قبل ما يعمل مضاعفات.,native
advice_guidance,ولدي الصغير (عامين) كرشه تجري (إسهال) وعنده ردان، خايفة لا يشيح من الماء، كيفاش نعرف؟,أهم حاجة هي 'الاجتفاف' . ثبت في عينيه لا يكونوا غارسين، ولسانه لا يكون شايح، وإذا 'النافوخ' متاعه (يافوخ الرأس) هابط لوطة. عطيه 'محلول الجفاف'  بالسياسة وبالمغرفة باش يعوض اللي ضيعه. إذا قعد يرد وما حبش يشد حتى شيء في كرشه، لازم تهزه للاستعجالي فوراً.,native
advice_guidance,عندي خسارة شم  مفاجئ، خشمي موش مسدود أما ما عاد نشم في حتى ريحة، هل هو كورونا ولا حاجة أخرى؟,خسارة الشم ينجم يجي من فيروس (كيف الكورونا ولا قريب قوية)، ولا من 'لحمات' في الخشم، ولا حتى التهاب جيوب أنفية (التهاب الجيوب الأنفية). لازم يشوفك طبيب (ORL) يثبت بالمنظار وسط الخشم. في الأغلب الشم يرجع بالتدريج مع دواء فيه 'كورتيكويد' وتمارين لتدريب حاسة الشم.,native
advice_guidance,عندي قلق ديما بعد الماكلة، نحس روحي رصنت وكرشي تتنفخ، ونقعد نترع برشا، شنوة الحل؟,هذا يتسمى 'عسر هضم' (عسر الهضم). ينجم يكون من قلة المضغ، ولا الماكلة بالزربة، ولا المرارة تعبة شوية. جرب كول بالسياسة، نقص من المقلي والزيوت، وامشي شوية بعد الماكلة. إذا القلق قعد ديما، الطبيب ينجم يعطيك أنزيمات تعاون على الهضم ويثبت لا تكون فما جرثومة في المعدة.,native
advice_guidance,قمت الصباح لقيت وجهي منفوخ وعينيا غارقة في النفاخ، وساقي زادة كي ننزلي عليها صبعي يخلي أثر، شنوة هذا؟,النفاخ (انتفاخ / احتباس الماء) في الوجه والساقين ينجم يكون علامة اللي 'الكلاوي' موش قاعدة تصفي في الماء والملح بالباهي، ولا مشكلة في القلب. لازم تعمل تحليل بول (للبروتين) وتحليل دم للكلاوي (Créatinine). نقص الملح في ماكلتك فوراً وشوف طبيب باش يعرف مصدر انحباس الماء في بدنك.,native
advice_guidance,وجهي ديما أصفر وشفايفي باهتة، وديما نحس في برودة في أطرافي ودوخة كي نقوم فجأة، فاش قام هكا؟,هذي علامات واضحة متاع 'فقر دم' (فقر الدم). الأوكسجين موش قاعد يوصل مليح للبدن خاطر 'الحديد' ولا الهيموغلوبين ناقص. لازم تعمل تحليل (NFS) وتثبت في مخزون الحديد (Ferritine). كول الماكلة اللي فيها الحديد (كيف الكبدة، العدس، السبانخ) والطبيب باش يعطيك دواء يعوض النقص.,native
advice_guidance,يا دكتور، طلعت لي بقعة بيضاء في جلدي وبدأت تكبر، خفت لا يكون برص (البهاق)، كيفاش نفرق بينه وبين البهق؟,البرص (البهاق) تكون فيه البقعة بيضاء كأنها لون الحليب وحروفها واضحة، وتجي غالباً في اليدين ولا حول العينين. أما 'البهق' فهو فطريات تجي من العرق وتكون بقعها موش بيضاء تماماً (تكون وردية ولا بنية فاتحة). لازم يشوفك طبيب جلدة بـ 'لامب دو وود' (Lampe de Wood) باش يفرق بيناتهم، وخاصة باش يبدأ لك العلاج المبكر إذا كان برص.,native
advice_guidance,قست السكر لقيته طايح (0.60) وأنا صايم، ونحس في قلبي يدق وقريب ندوخ، هل هذا يعني ما عنديش سكر؟,هبوط السكر (انخفاض السكر) ينجم يكون أخطر من طلوعه في لحظتها. إذا تكررت الحالة وأنت ما تأخذش في دواء سكر، لازم نثبتوا في نظامك الغذائي ولا في غدد أخرى في البدن. أول ما تحس بالدوخة، خوذ كعبة حلوى ولا كاس جو (Jus) باش تمنع روحك، ومن بعد لازمك تعمل تحاليل معمقة باش نعرفوا علاش بدنك ما يعرفش يعدل السكر وحده.,native
advice_guidance,يدي فشلت وما عادش نجم نهز بيها حتى كاس ماء، والوجيعة في كتفي تضرب لين لرقبتي، هل هو برد؟,الفشل في اليد مع وجيعة الكتف والرقبة ينجم يكون 'ديسك في الرقبة' (فتق cervicale) ضاغط على العصب اللي يهبط لليد. البرد يعمل وجيعة عضلات، أما 'الفشل' يعني العصب قاعد يتوجع. لازمك 'راديو' ولا (رنين مغناطيسي) على الرقبة، وابعد على هزان الحاجات الرزينة لين يشوفك الطبيب.,native
advice_guidance,عندي كحة شايحة ما حبتش تمشي عندها شهر، جربت السيرو الكل وما فادش، وما عنديش سخانة؟,الكحة اللي تفوت 3 أسابيع لازمها راديو على الصدر (راديو الصدر). تنجم تكون 'حساسية'، ولا 'جاير' (حموضة / ارتجاع) قاعد يحرق في الحنجرة، ولا حتى بسبب دواء متاع دم (كيف دوايات التنسيون). الطبيب لازم يسمع صدرك بالسماعة باش يفرق بيناتهم ويعطيك العلاج اللي يقص الكحة من المصدر.,native
advice_guidance,ساقي تنفخت فجأة ولات حمراء وتوجعني كي نمسها، وأنا مريض بالقلب، شنوة نعمل؟,إذا كانت ساق بركة منفوخة وحمراء وتوجع، خافوا لا تكون 'عصيدة' (التهاب الوريد) يعني عرق دم تسكر. هذي حالة استعجالية خاطر تنجم الدم الجلطة تمشي للرواير. لازم تمشي فوراً للمستشفى تعمل 'دوبلير' (Echo-doppler) على العروق. ما تمسدش ساقك وما تعملش مساج باش ما تحركش الجلطة.,native
advice_guidance,عندي قبض (إمساك) حاشاك مزمن، نقعد بالأربعة أيام ما نمشيش لبيت الراحة، وكرشي ديما كاسحة، شنوة الحل؟,القبض المزمن حله الأول هو 'نظام الماكلة'. لازمك تاكل الألياف (خضرة، غلال، خبز قمح) وتشرب زوز ليترات ماء في النهار. زادة الحركة والمشي يعاونوا المصران باش يتحرك. ابعد على استعمال 'الحرابش المسهلة' ديما خاطر المصران يستانس بيها ويولي يعجز. إذا قعد المشكل، لازم طبيب يثبت لا يكون فما كسل في المصران.,native
advice_guidance,يا دكتور، ساعات يدي تتنمّل (Fourmillement) عليا في الليل لين نفيق من النوم ونقعد نفض فيها باش تسرح، شنوة هذا؟,هذا يتسمى 'تنميل العصب المتوسط' ولا (متلازمة النفق الرسغي). العصب اللي يتعدى في وسط المعصم قاعد يتغصر، خاصة في الليل. جرب البس 'باندة' كاسحة (جبيرة) في الليل باش يدك ما تتعوجش وأنت راقد. إذا التنميل ولى يجيك حتى في النهار ويدك بدأت تفشل، لازم تعمل 'تخطيط عصب' (تخطيط العضل) باش نثبتوا هل يستحق عملية صغيرة ولا لا.,native
advice_guidance,نرا في ذبان طائر (ذبان العين) قدام عينيا، خيوط ونقط سوداء تتحرك معايا وين نلفت عيني، هل عيني مريضة؟,هذي تسمى 'الأجسام الطائرة' وهي عبارة على شوائب في السائل اللي وسط العين. في أغلب الأحيان هي حالة عادية مع الكبر ولا عند اللي عندهم 'نقص نظر'. أما إذا شفت 'فلاشات' ضوء قوية (كيف فلاش الكاميرا) ولا حسيت كأنه فما 'ستارة' سودة بدأت تغطي في عينك، وقتها لازم تمشي فوراً لطبيب العينين خاطر تنجم تكون علامة على 'انفصال الشبكية'.,native
advice_guidance,ركبتي تطرطق (Craquement) كي نطلع الدروج وتوجعني، وساعات نحسها تحرق فيا، هل هو نقص في الماء متاع الركبة؟,الطرطقة مع الوجيعة تنجم تكون علامة على 'بداية احتكاك' (فصال عظمي / تآكل المفاصل) ولا قلق في 'صابونة الركبة'. موش ديما يعني نقص ماء، ساعات يكون ضعف في عضلات الفخذ. حاول نقص في الميزان إذا كان زايد، واعمل تمارين تقوية للعضلات. ابعد على الثني برشا (كيف قعدة القرفصاء) واستعمل مراهم مسكنة عند الحاجة.,native
advice_guidance,يا دكتور، بابا عمره 70 سنة، ولى يمشي لبيت الراحة برشا مرات وما ينجمش يشد روحه، والبول يخرج ضعيف، شنوة السبب؟,عند الرجال في العمر هذا، أول حاجة نخممو فيها هي 'البروستاتا' (البروستاتة). كي تكبر، تولي تضغط على مجرى البول وتخليه يخرج بصعوبة وما يفرغش المثانة مليح. لازم يعمل فحص عند طبيب مجاري بولية وتحليل (PSA) مع 'إيكو' باش نثبتوا في حجمها. فما دوايات تنقص من النفخ وتسهل البول برشا.,native
advice_guidance,نحس في غصة في حلقي كأنه فما حاجة وحلة، وصوتي تبدل شوية، هل هي الغدة الدرقية منفوخة لداخل؟,الغصة في الحلق تنجم تكون من الغدة (تضخم الغدة الدرقية)، أما زادة تنجم تكون من 'الستريس' ولا من 'الجاير' (الارتجاع) اللي يحرق الحلق. لازم طبيب يمس رقبتك ويثبت هل فما 'ولسيس' ولا نفاخ في الغدة، وساعات يعمل لك 'إيكو' باش يطمنك. إذا كان معاها صعوبة في بلعان الماكلة، التثبيت يولي ضروري وأسرع.,native
advice_guidance,يا دكتور، شعري بدأ يطيح من القدام وبدأت تظهر فراغات (صلع)، هل فما زيت ولا دواء يرجعه؟,سقوط الشعر ينجم يكون وراثي ولا بسبب نقص فيتامينات ولا ستريس. الزيوت تنجم تعطي لمعة أما ما تطلعش الشعر من العرق. فما دوايات طبية معروفة (كيف المينوكسيديل) تزيد في دقة الدم في جلدة الراس وتعاون الشعر باش ينبت. لازم تثبت زادة في مخزون الحديد والغدة الدرقية قبل ما تبدأ أي علاج.,native
advice_guidance,بنتي عندها حكة قوية في الليل في المخرج (Anus)، وما تنجمش ترقد، هل هما دود؟,إي نعم، هذي علامات 'الدود الأبيض' (ديدان الأمعاء). الدود يخرج في الليل باش يبيض، وهذا اللي يعمل الحكة. لازمها دواء (شراب) يتشرب، ولازم 'العيلة الكل' تأخذ الدواء معاها باش ما ترجعش العدوى. زادة لازم تعقيم الأغطية، وقص الضوافر، وغسل اليدين مليح قبل الماكلة.,native
advice_guidance,عندي وشواشة (طنين في الوذن) في وذني، حس تزفيرة ما تحبش تسكت نهار كامل، خاصة كي يبدأ الهدوء، شنوة الحل؟,الوشواشة عندها برشا أسباب: تنجم تكون جوست 'بوشون' (سدادة الشمع في الودن)، ولا تعب في عصب السمع، ولا حتى طلوع في الدم (Tension). لازم يشوفك طبيب (ORL) ينظف الوذن ويعمل لك 'تيست' متاع سمع. ابعد على الهرج القوي، وحاول ما تركزش معاها برشا باش مخك يستانس بيها وما عادش تقلقك.,native
advice_guidance,ظهري يوجع فيا اللوطة (Bas du dos) كي ناقف برشا، والوجيعة تزيد كي نهز حاجة، هل هو ديسك؟,الوجيعة في أسفل الظهر (آلام أسفل الظهر) شائعة برشا وتجي غالباً من ضعف عضلات الظهر ولا وقفة غالطة. موش ديما يعني ديسك، ينجم يكون جوست تشنج عضلات. الحل هو الرياضة (المشي والسباحة)، ونقص الميزان، وتعلم كيفاش تهز الحاجات الرزينة بوضعية صحيحة (تثني ركبتك موش ظهرك).,native
advice_guidance,يا دكتور، نلقى ساعات رمل في البول، وعندي وجيعة في جنبي (Rein) تمشي وتجي، شنوة نعمل؟,هذي علامات 'حجر في الكلاوي' (حصى الكلى). الحجرة كي تتحرك تعمل وجيعة قوية تتسمى 'أزمة كلاوي' (مغص كلوي). لازم تشرب برشا ماء (أكثر من زوز ليترات) وتعمل 'إيكو' وراديو باش نعرفوا حجم الحجرة وبلاصتها. نقص من الملح واللحوم الحمراء، وإذا الوجيعة قوية برشا لازمك استعجالي.,native
advice_guidance,عندي سمنة (سمنة) في منطقة الكرش، وجربت برشا ريجيمات وما ضعفتش، هل هي غدة؟,السمنة في الكرش تنجم تكون علامة على 'مقاومة الأنسولين' (Insulino-résistance). البدن يولي يخزن السكر في شكل شحم في الكرش وصعيب يحرقها. لازم تنقص 'السكر السريع' (الحلو، الغازوز، الخبز الأبيض) وتعمل رياضة بانتظام. تحليل السكر التراكمي (HBA1C) والأنسولين يعاونونا نعرفوا هل فما مشكلة هرمونية ولا لا.,native
advice_guidance,طلعت لي سخانة (Bouton de fièvre) في شاربي عندها يومين، توجع وتحرق، هل هي عدوى؟,هذا يتسمى 'هيربس' (قرح labial). هو فيروس يقعد راقد في البدن ويخرج كي تطيح المناعة ولا مع الستريس ولا الفجعة. هو معدي برشا باللمس، هذاكا علاش ما تمسوش بيدك وما تبوس حد. فما مراهم (مضاد فيروسي) تتباع في الصيدلية تبرد الوجيعة وتخليها تشيح فيسع.,native
advice_guidance,يا دكتور، ظوافر ساقي ولات صفراء وكاسحة وبدأت تتفرت، هل هو سوس ولا فطر؟,هذي غالباً 'فطريات الأظافر' (فطريات الأظافر). الفطر يحب البلايص المغمومة والعرق. العلاج يشد وقت (ينجم يوصل لـ 6 شهور) ولازم تستعمل 'فرني' (Vernis) طبي ولا حرابش يكتبهم الطبيب. أهم حاجة شايح ما بين صوابعك مليح بعد كل وضوء ولا دوش، والبس تقاشر قطن وابعد على الصبابط اللي تغم الساق.,native
advice_guidance,عندي وجيعة في جانبي الأيمن من اللوطة، ومعاها غثيان، وخايفة لا تكون الزائدة (التهاب الزائدة)؟,وجيعة الزائدة تبدأ غالباً حول السرة ومن بعد تستقر في الجنب اليمين من اللوطة. إذا تحس بوجيعة قوية كي تنزل على البلاصة وتسيب فجأة، ولا إذا عندك سخانة خفيفة، لازم تمشي فوراً للاستعجالي. الطبيب يعمل لك تحليل دم وإيكو باش يثبت، خاطر إذا كانت زائدة لازمها عملية سريعة قبل ما تتفجر.,native
advice_guidance,رأسي يوجع فيا في شيرة بركة (الشقيقة)، ونولي ما نتحملش الضوء والهرج، وساعات نرد، شنوة الحل؟,هذي تسمى 'الشقيقة'. هي وجيعة راس مزمنة تجي في شكل نوبات. أحسن حل هو أول ما تبدأ الوجيعة، تدخل لبيت ظلام وهادية وتأخذ دواك. ابعد على 'المحفزات' كيف الشكلاطة، الأجبان القوية، وقلة النوم. فما دوايات وقائية يكتبها طبيب الأعصاب إذا كانت النوبات تجيك برشا مرات في الشهر.,native
advice_guidance,عندي بحة في صوتي (Enrouement) عندها أسبوعين وما مشاتش، مانيش مريض بالصدر أما صوتي تبدل، فاش قام؟,البحة اللي تطول أكثر من 15 يوم لازمها فحص للحنجرة عند طبيب (ORL). تنجم تكون جوست تعب في الأوتار الصوتية، ولا بسبب 'الجاير' اللي يطلع للحلق، أما لازم نثبتوا لا يكون فما 'لحمات' صغار (أورام حميدة). إذا كنت مدخن، التثبيت يولي ضروري وأكيد.,native
advice_guidance,صوابع يديا يبسوا عليا الصباح (تصلب)، نقعد نص ساعة باش نجم نحركهم ونسكر يدي، شنوة هذا؟,اليبوسة الصباحية في المفاصل هي علامة على 'التهاب' (Arthrite). إذا كانت الوجيعة في اليدين الزوز وتتحسن كي تبدأ تتحرك، تنجم تكون 'روماتيزم' (Polyarthrite). لازم تعمل تحاليل دم خاصة بالالتهاب (بروتين الالتهاب) وتشوف طبيب مفاصل باش يبدأ لك العلاج قبل ما المفاصل تتعب برشا.,native
advice_guidance,عروق ساقي بدأت تظهر زرقاء ومنفوخة (دوالي)، ونحس في رزانة كبيرة في ساقي في لخر متاع النهار؟,هذي تسمى 'الدوالي'. الدم يولي يلقى صعوبة باش يرجع للقلب ويتحصر في الساقين. حاول ما تقفش برشا في بلاصة وحدة، وارفع ساقيك للفوق كي ترتاح. لبسان 'السيقان الكابسة' (جوارب ضغط) يعاون برشا في تنقيص الرزانة ويحمي العروق لا تزيد تتنفخ.,native
advice_guidance,ساعات تجيني نملة في وجهي وشطري اليمين يفشل شوية لمدة دقايق ومن بعد يرجع عادي، هل هي فجعة؟,رد بالك، الفشل ولا التنميل اللي يجي في شطر البدن حتى لو مشى فيسع، ينجم يكون 'جلطة عابرة' (AIT). هذي علامة إنذار اللي فما عرق دم في المخ اتغصر شوية. لازم تمشي فوراً للطبيب تعمل 'رنين مغناطيسي' وتثبت في التنسيون والسكر والكوليسترول. ما تستناش لين تتعاود ولا تولي جلطة صحيحة.,native
advice_guidance,عندي وجيعة في عرقوب ساقي (Talon) أول ما نقوم الصباح، كأن فما مسمار يغرس في القاعة، ومن بعد كي نمشي تسكت؟,هذي علامة 'شوكة العظم' ولا التهاب اللفافة الأخمصية (التهاب اللفافة الأخمصية). الوجيعة تجي خاطر العضلات تكون كاسحة بعد النوم. استعمل صباط فيه 'طالون' طري، واعمل مساج لساقك بكورة صغيرة (مثل كورة التنس) تحت العرقوب. الطبيب ينجم يعطيك حصص تدليك طبي (علاج طبيعي) تعاون برشا.,native
advice_guidance,يا دكتور، البول متاعي ولى فيه كشكوشة برشا وريحته تبدلت، هل هذا عادي؟,الكشكوشة (Mousse) في البول تنجم تكون علامة اللي فما 'بروتين' قاعد يخرج في البول، وهذا يعني الكلاوي قاعدة تتعب شوية. لازم تعمل تحليل بول (بروتين في البول) وتثبت في ضغط الدم. زادة شرب الماء القليل يخلي البول مركز ويعمل كشكوشة، هذاكا علاش ابدأ بشرب زوز ليترات ماء وشوف النتيجة.,native
advice_guidance,نحس في خفقان (دقان قوي في القلب) في قلبي، ساعات يدق زوز دقات ويسكت دقة، وكأنه باش يوقف، شنوة السبب؟,هذي تسمى 'خوارج الانقباض' (نبضات قلب زائدة). هي دقات زايدة تجي غالباً من كثرة الستريس، المنبهات (قهوة، تاي)، ولا نقص في النوم. في الأغلب هي موش خطيرة إذا كان القلب سليم. الطبيب يعمل لك تخطيط (رسم القلب) وساعات 'هولتر' (هولتر القلب) يسجل دقات القلب لمدة 24 ساعة باش يطمنك على دقات قلبك.,native
advice_guidance,طلعت لي فطريات (فطريات) بين صوابع ساقي، الجلدة بدأت تتقشر وتخرج في ريحة خايبة وحكة، شنوة الحل؟,هذا يتسمى 'رجل الرياضي'. لازمك مرهم (مضاد الفطريات) تدهنه مرتين في النهار لمدة أسبوعين. أهم حاجة: شايح ما بين صوابعك 'بالباهي' بمنشفة خاصة بعد كل وضوء، والبس تقاشر قطن تتبدل كل يوم. إذا قعدت مبلولة، الفطريات ما تمشيش وتقعد ترجع لك ديما.,native
advice_guidance,ما عادش نجم نرقـد (أرق) بالباهي، نقعد نلوج في الفراش للساعتين متاع الصباح ومخي ما يحبش يسكت، شنوة نعمل؟,الأرق يجي غالباً من 'عادات نوم' غالطة. جرب ابعد على التلفون والشاشات ساعة قبل النوم، خاطر الضوء الأزرق يغلط المخ. ما تشربش قهوة بعد الظهر، وحاول ارقد في بيت ظلمة وباردة شوية. إذا قعدت الأفكار تدور في راسك، اكتبهم في ورقة باش تخرجهم من مخك، وإذا طوّلت الحكاية، استشير طبيب باش يعاونك تنظم نومك.,native
advice_guidance,يا دكتور، تجيني دوخة (Vertige) قوية كي نلفت راسي فجأة في الفراش، نحس الدنيا تدور بيا كأنها مرحيّة، وذنوبي تتسكر؟,هذي غالباً 'دوخة الأذن الداخلية' (دوخة وضعية حميدة). فما كريستالات صغار في وسط الوذن يتحركوا من بلاصتهم ويغلطوا توازن البدن. الطبيب (ORL) ينجم يرجعهم لبلاصتهم بحركة سريعة لراسك تسمى (Manœuvre de Libération). هي تفجع أما علاجها بسيط وما يستحقش برشا دوايات.,native
advice_guidance,ولدي خشمو ديما يسيل (Rhinorrhée) ويحك في عينيه، وكل صباح يعطس عشرة عطسات ورا بعضهم، هل هو قريب مزمن؟,هذا موش قريب، هذي علامات 'حساسية الأنف' (التهاب الأنف التحسسي). خشمو يتفاعل مع الغبرة، النوار، ولا وبر الحيوانات. نظف له خشمو ديما بـ 'السيروم' (الماء المالح)، وإذا القلق كبير، الطبيب يعطيه 'بخاخة' (Spray) تنقص الالتهاب وحرابش ضد الحساسية. المهم تبعدوه على الحاجات اللي تهيج عليه العطاس.,native
advice_guidance,لثتي ديما تسيل بالدم كي نغسل سنيا، ولونها ولى أحمر غامق ومنفوخة، هل سنيا باش يطيحوا؟,هذا التهاب لثة (Gingivite) سببه 'الكالكير' (Tartre) اللي تراكم بين السن واللحم. الدم هو إنذار اللي اللثة مريضة. لازم تمشي تعمل 'ديتارتراج' (تنظيف الأسنان) عند الدونتيست وتغسل سنيا بـ 'بروس' طرية. إذا سكتّ عليها، الالتهاب يوصل للعظم والسنان تولي تتحرك ومن بعد تطيح.,native
advice_guidance,عندي وجيعة في صبعي الكبير متاع ساقي، ولى أحمر ومنفخ ويحرق فيا، حتى الغطاء ما نتحملوش عليه؟,هذي نوبة 'قرص' (La Goutte). هي بسبب طلوع 'الأسيد أوريك' (حمض البول) في الدم اللي يترسب في شكل بلورات في المفاصل. ابعد فوراً على اللحوم الحمراء واللحوم الباردة (الشاركيتريه) والمشروبات الغازية. اشرب برشا ماء وفما دواء يكتبه الطبيب يطيح الأسيد ويبرد الوجيعة فيسع.,native
advice_guidance,يا دكتور، حشاك نلقى في صعوبة باش نبدا نبول، ولازم نكبس على روحي برشا، والبول يقطر في لخر؟,عند الرجال، هذي علامات 'البروستاتا' (البروستاتة) كي تبدأ تضغط على المجرى. لازم تعمل فحص وتثبت في حجمها. زادة تنجم تكون بسبب 'ضيق في مجرى البول' من التهابات قديمة. الطبيب يطلب منك 'إيكو' وتصويرة للبول (Débitmétrie) باش يعرف قوة الدفع ويحدد الدواء المناسب.,native
advice_guidance,ديما نحس في الفشل (تعب) ووجهي ديما مصفر، وما عنديش جهد حتى باش نطلع الدروج، هل هو سكر؟,الفشل والصفورية ينجموا يكونوا من 'فقر الدم' (فقر الدم) ولا من كسل في 'الغدة الدرقية' (قصور الغدة الدرقية). الغدة كي تبدأ بخلانة، البدن الكل يولي رزين. لازم تعمل تحليل دم للحديد وتحليل (هرمون الغدة الدرقية) للغدة. إذا طلعت الغدة بخلانة، دواء بسيط كل صباح يرجع لك حيويتك ونشاطك.,native
advice_guidance,ما عاد عيني في شيء، لا نحب نخرج لا نكلم حد، وديما مغوم (Triste) ونحب نقعد وحدي، هل هذا اكتئاب؟,خسارة الرغبة في الحياة والهروب من الناس هي علامات 'اكتئاب' (اكتئاب). هي حالة طبية كيفها كيف أي مرض آخر، وموش جوست 'ضعف إيمان' ولا 'دلال'. الحديث مع طبيب نفسي ولا أخصائي ينجم يحلك برشا بيبان، وساعات دواء بسيط يرجع التوازن للمواد الكيميائية في المخ ويخليك تشوف الدنيا بلون آخر.,native
advice_guidance,يا دكتور، صوابع يدي بدأت تتقشر (Desquamation) والجلدة ولات رقيقة وتوجعني كي نمس الجافيل ولا الصابون، شنوة هذا؟,هذي تسمى 'إكزيما التماس' (أكزيما التلامس). جلدتك عندها حساسية من المواد الكيميائية الموجودة في مواد التنظيف. لازمك تلبس 'ڨوانتوات' (Gants) ديما كي تغسل الماعون ولا تستعمل الجافيل، وتستعمل مراهم مرطبة (Cicatrisante) باش تبني جلدة جديدة. ابعد على الصابون اللي فيه برشا ريحة واستعمل صابون 'مارسيل' ولا صابون أخضر.,native
advice_guidance,ولدي الصغير (عامين) بدأت عينو تدمع وتخرج في العماص (إفرازات) وحمارّت برشا، هل هي رمد؟,إي نعم، هذا غالباً 'رمد' (التهاب الملتحمة). ينجم يكون من فيروس ولا بكتيريا، وهو 'معدي' برشا. لازم تغسل له عينو بـ 'سيروم فيزيولوجي' وقطنة نظيفة (من داخل لبرا)، وتستعمل قطرة (قطرات عين) يكتبها الطبيب. رد بالك يستعمل نفس المنشفة متاع العيلة باش ما يعديش البقية، واغسل يديك مليح بعد ما تمس له عينو.,native
advice_guidance,صدري يصَفّر (تزفير) كي نجي نرقـد، ونحس في نهجة وتزييرة كي نبذل مجهود، هل هي ضيق نفس؟,التصفير في الصدر والنهجة هما علامات 'الفدة' (Asthme) ولا حساسية الصدر. الشعب الهوائية تتسكر شوية وتخلي النفس يخرج بصعوبة. لازمك تعمل 'تيست' متاع نفس (EFR) باش نثبتوا في قوة الرواير. الطبيب يعطيك 'فوشاكة' (بخاخ) توسع الشعب الهوائية وتخليك تتنفس مرتاح. ابعد على الدخان والغبرة والروائح القوية.,native
advice_guidance,عندي وجيعة في معصم يدي (Poignet) خاصة كي نخدم بـ اللاقطوب (Laptop) ولا التلفون، ونحس في عقدة صغيرة طلعت لي؟,الوجيعة هذي تجي من التهاب الأوتار (التهاب الوتر) بسبب الحركة المتكررة. العقدة الصغيرة هي 'كيس زلالي' (كيس مفصلي) يخرج كي الوتر يتعب. الحل هو الراحة، وتستعمل 'باندة' خفيفة، وتنقص من استعمال التلفون. الكيس غالباً يرجع وحدو مع الراحة، وإذا قعد يوجع برشا، الطبيب ينجم ينحيه بعملية بسيطة.,native
advice_guidance,يا دكتور، نحس في حرقان (Brûlure) قوي كي نجي نبول، ولازم نمشي لبيت الراحة برشا مرات، شنوة السبب؟,هذي علامات 'تعفن بولي' (عدوى بولية). بكتيريا دخلت للمثانة وعملت التهاب. لازم تشرب برشا ماء (3 ليترات) باش تنظف المجرى، وتعمل تحليل بول (تحليل البول) باش نعرفوا نوع البكتيريا ونعطوك 'أنتي بيوتيك' المناسب. ما تسكتش عليها باش ما تطلعش الوجيعة للكلاوي وتولي سخانة.,native
advice_guidance,نحس في ثقل (Oppression) على صدري كي نمشي مسافة طويلة، والوجيعة تضرب لي في فكي (Mâchoire)، هل هو قلب؟,الوجيعة اللي تجي مع المجهود وتضرب في الفك ولا اليد اليسار لازم تتاخذ بجدية كبيرة. تنجم تكون علامة على 'ضيق في عروق القلب' (ذبحة صدرية). لازم تمشي فوراً لطبيب قلب تعمل تخطيط واختبار مجهود (Épreuve d'effort). ما تقولش 'هذا ريح' ولا 'برد'، التثبيت في القلب هو الأولوية القصوى هنا.,native
advice_guidance,يا دكتور، طلع لي تولال (ثولال) في يدي وبدأ يتكاثر ويمشي لصوابعي الأخرى، كيفاش نحيه؟,التولال هو فيروس (فيروس الورم الحليمي) ينتقل باللمس. لازمك ما تمسوش بيدك وما تحاولش تجرحه باش ما ينتشرش في بلايص أخرى. فما دواء 'كاوٍ' يتباع في الصيدلية يتحط جيست فوق التولالة، ولا تنجم تمشي لطبيب جلدية ينحيهولك بالبرد (Azote) ولا بالليزر. المهم ما تستعملش مقص الظوافر متاعك لغيرك باش ما تعديهمش.,native
advice_guidance,يا دكتور، ساعات عيني ترف (Tremblement de la paupière) وحدها عندها أيام، مانيش عارف علاش، هل هو عصب؟,رفة العين في الأغلب موش مرض عصب، بل هي علامة 'تعب' (تعب) ولا نقص في مادة 'المنغنزيوم' (مغنيزيوم) وزيادة في الستريس والكافيين. مخك يبعث في إشارات للعضلة باش تتشنج. ارقد مليح، نقص من القهوة، وخذ مكملات 'منغنزيوم' لمدة جمعة تو تلاحظ اللي الرفة مشت وحدها.,native
advice_guidance,خشمي ديما مسكر (خشم مسدود) ونشخر برشا في الليل، ونفيق الصباح فمي شايح وحلقي يوجع فيا؟,هذا ينجم يكون 'لحمات' (أورام حميدة) في الأنف ولا 'اعوجاج في الحاجز الأنفي'. الشخير يجي خاطر الهواء ما يتعداش مليح من الخشم ويولي يتعدى من الفم. لازم طبيب (ORL) يشوف خشمك بالمنظار. ساعات بخاخة فيها 'كورتيكويد' تسرح المسالك، وساعات تستحق عملية بسيطة باش ترجع تتنفس وترقد مرتاح.,native
advice_guidance,عندي وجيعة في كتفي (Épaule) ما نجمش نهز يدي للفوق، ونحسها واحلة وتوجعني برشا في الليل؟,هذي تسمى 'التهاب أوتار الكتف' (التهاب الوتر de la coiffe). الكتف مفصل حساس والأوتار اللي فيه تتعب بالخدمة ولا بحركة غالطة. لازمك راحة، ومراهم ضد الالتهاب، وأهم حاجة حصص 'تليك طبي' (علاج طبيعي) باش تسرح المفصل وما ييبسش (التهاب كبسولة المفصل). ابعد على هز الرزين بيدك هذيك مدة أسبوعين.,native
advice_guidance,يا دكتور، الخصية اليسار نحسها منفوخة شوية وفيها عروق كأنها عش دود، وتوجعني كي ناقف برشا؟,هذي علامات 'الدوالي' (دوالي الخصية) في الخصية. هي عروق دم تتنفخ وتعمل رزانة وساعات تقلق الخصوبة. لازم تعمل 'إيكو دوپلير' (Écho-Doppler) باش نثبتوا في درجة الدوالي. إذا كانت توجع برشا ولا مقلقة التحليل متاع الحيوانات المنوية، وقتها الطبيب ينجم يقترح عملية بسيطة باش يسكر العروق المنفوخة.,native
advice_guidance,نحس في نهجة (ضيق نفس) حتى كي نطلع درجة واحدة، وساقيا منفخين والصباط ولى ما يجيش قدي؟,النهجة مع نفاخ الساقين هي علامات 'تعب في القلب' (قصور القلب). القلب ما عادش يضخ الدم بقوة والماء يتحصر في الساقين والرواير. لازم تمشي فوراً لطبيب قلب تعمل 'إيكو' (Échographie cardiaque). نقص من الملح نهائياً، والطبيب يعطيك دوايات 'تخرج الماء' وتنشط عضلة القلب.,native
advice_guidance,كل شتاء تجيني عقدة (وجيعة القراجم) في حلقي، يسكر عليا الماكلة ونولي بالسخانة، هل لازم نحي اللحمات (Amygdales)؟,نحي اللحمات موش ديما هو الحل. إذا تجيك العقدة أكثر من 5 مرات في العام ورا بعضهم، ولا إذا بدأت تعمل لك قلق في المفاصل ولا القلب، وقتها الطبيب ينصح بالعملية. أما قبل هذا، لازم تعمل 'تحليل مسحة' (Trod) باش نعرفوا هل هي بكتيريا تستحق أنتي بيوتيك ولا فيروس يمشي بالراحة والباراسيتامول.,native
advice_guidance,وليت نوسوس (TOC) من الميكروبات، نغسل يدي 20 مرة ورا بعضهم وما نتهنى كان كي نحسهم طابوا بالصابون، شنوة نعمل؟,هذا يسمى 'الوسواس القهري'. مخك يعطيك فكرة غالطة (اللي يدك موش نظيفة) ويجبرك تعمل حركة متكررة باش تنقص الخوف. هذا مرض يتعالج بـ 'العلاج السلوكي' (العلاج المعرفي السلوكي) وساعات دوايات تنظم هرمون 'السيروتونين' في المخ. ما تخليش روحك تتعذب وحدك، الطبيب النفسي ينجم يعاونك تكسر الحلقة هذي وترجع تعيش عادي.,native
advice_guidance,يا دكتور، طلع لي حب شباب (حبوب الوجه) كبير في وجهي ويخلي في أثاري حفر وزراق، جربت كل شيء وما مشاش، فما حل جذري؟,الحب اللي يخلي أثار وحفر يتسمى 'حب شباب كيسي'. إذا المراهم العادية ما نفعتش، فما دواء قوي (علاج الحبوب القوي) يوقف إفراز الدهون نهائياً ويصفي الوجه. أما الدواء هذا لازم فحص دم كل شهر وممنوع على الحوامل تماماً. لازم تتبع مع طبيب جلدية باش يعطيك الجرعة المناسبة ويراقب لك الكبدة والكوليسترول.,native
advice_guidance,عندي قبض (إمساك) مزمن، ساعات نقعد 4 أيام ما نمشيش لبيت الراحة، وكرشي ديما كاسحة ومرزنة عليا، شنوة الحل؟,القبض يجي غالباً من نقص الألياف والماء. لازمك تاكل 'النخالة'، الخضر الورقية (سلق، سبانخ)، والغلال (كيف الكرموس والبرقوق). اشرب زوز ليترات ماء في النهار وتحرك برشا. ابعد على كثرة العجين والمقرونة. إذا بقى القلق، فما 'ملينات' (ملينات) خفيفة تنجم تستعملها، أما أحسن دواء هو تبديل الماكلة.,native
advice_guidance,يا دكتور، نحس في كهرباء تضرب في وجهي كي نجي نأكل ولا نغسل وجهي، وجيعة قوية تقص النفس وتعدي فيسع، شنوة هذي؟,هذي تسمى 'التهاب العصب الخامس' (Névralgie du trijumeau). هو عصب في الوجه يولي حساس برشا وأي لمسة تعمل وجيعة كأنها ضوء. فما دوايات خاصة بالأعصاب (مضادات التشنج) تبرد الوجيعة هذي بالباهي. لازم تعمل 'رنين مغناطيسي' باش نثبتوا لا يكون فما عرق دم ضاغط على العصب في أصل الدماغ.,native
advice_guidance,بنتي عمرها 3 سنين، بدأت تتهته (Bégaiement) في كلامها وساعات تحصل في الكلمة، هل هذا عادي ولا نهزها لطبيب؟,في عمر الـ 3 سنين، التأتأة تنجم تكون عادية خاطر المخ يسبق اللسان في تركيب الجمل. أهم حاجة ما تضغطوش عليها وما تصلحوش لها كلامها وما تبينوش اللي أنتم مقلقين. خليها تكمل كلامها بالسياسة. إذا طوّلت الحكاية بعد الـ 5 سنين ولا بدأت تعمل حركات بوجهها كي تتكلم، وقتها لازم حصص 'تقويم نطق' (علاج النطق).,native
advice_guidance,وليت نشوف في ذبان طائر (ذبان العين) ولا خيوط كحلة تدور قدام عينيا، خاصة كي نغزر لحاجة بيضاء، هل عيني مريضة؟,هذي تسمى 'الأجسام العائمة'. هي شوائب في السائل اللي داخل العين. غالباً هي حالة عادية مع الكبر ولا عند اللي عندهم 'نقص نظر' (قصر النظر). أما إذا شفت 'فلاشات' ضوء قوية ولا كأن فما 'ستار' كحل هبط على عينك، وقتها لازم تمشي فوراً لطبيب العيون خاطر تنجم تكون علامة 'انفصال شبكية'.,native
advice_guidance,عندي وجيعة في ركبتي (Genou) كي نطلع الدروج ولا كي نجي نصلي، ونسمع فيها تطرشيق، هل هو نقص زيت؟,التطرشيق والوجيعة هما علامات 'احتكاك الغضروف' (فصال عظمي / تآكل المفاصل). الغضروف اللي يحمي المفصل بدأ يتعب. الحل هو تنقيص الميزان (أهم حاجة)، وتقوية عضلات الفخذ باش تهز الحمل على الركبة. الطبيب ينجم يعطيك مكملات تعاون الغضروف، وإذا الوجيعة قوية، فما 'زريقة زيت' (Acide Hyaluronique) تتحقن في المفصل تبرد الوجيعة.,native
advice_guidance,يا دكتور، البول متاعي ريحته قوية برشا ولونه ولى غامق، وساعات نحس بوجيعة في كلاويّ، شنوة السبب؟,اللون الغامق والريحة القوية هما علامات 'نقص ماء' (Dehydration) ولا 'تعفن بولي'. البول يولي مركز برشا ويقلق المثانة. لازم تشرب على الأقل ليترتين ماء في النهار. إذا قعدت الوجيعة في الجنب ومعاها سخانة، لازم تعمل تحليل 'تحليل البول' وأشعة صبغة (Écho) باش تثبت لا يكون فما حجرة ولا التهاب في الكلية.,native
advice_guidance,ديما نحس في العطش (Soif) ونمشي لبيت الراحة برشا، ووزني نقص فجأة رغم اللي ناكل بالباهي، شنوة هذا؟,هذي هي العلامات الكلاسيكية متاع 'مرض السكر'. البدن ما عادش ينجم يحرق السكر، فـيخرجه في البول ويجبد معاه الماء، هذاكا علاش تعطش برشا. لازم تعمل تحليل 'سكر على الريق' (سكر الدم صايم) وتحليل 'خزان' (HBA1C). إذا طلع سكر، ما تخافش، بالدواء والريجيم تنجم تعيش حياة عادية تماماً.,native
advice_guidance,العادة الشهرية (Règles) ولات تجيني بوجيعة ما تتحملش ونبقى نهارين طايحة في الفراش، هل هذا عادي؟,الوجيعة القوية برشا اللي تعطل القراية ولا الخدمة موش عادية. تنجم تكون علامة 'بطانة الرحم المهاجرة' (انتباذ رحمي). لازم تعمل 'إيكو' عند طبيبة نساء. فما دوايات تنظم الهرمونات وتنقص الوجيعة، وما لازمش تسكت على روحك وتقول 'تو تمشي كي نعرس'، خاطر التشخيص البدري يمنع برشا مشاكل في المستقبل.,native
advice_guidance,نحس في غصة في حلقي وقلبي يدق فيسع ونحس روحي باش نموت ولا باش نهبل، فجأة ومن غير سبب، شنوة هذا؟,هذي تتسمى 'نوبة هلع' (نوبة هلع). هي ذروة الستريس والقلق يخرجوا في شكل أعراض بدنية تخوف. اطمن، عمرك ما باش تموت ولا تهبل منها، هي جيست 'إنذار غالط' من مخك. تعلم 'التنفس العميق' وكي تجيك النوبة قول لروحك 'هذي جيست حالة وباش تتعدى'. إذا تكررت برشا، طبيب نفسي ينجم يعاونك بحصص كلام ولا دواء بسيط.,native
advice_guidance,نحس بوجيعة في فم المعدة (Épigastralgie) كي نكون جيعان، وكي نأكل تسكت شوية ومن بعد ترجع، هل هي قرح؟,الوجيعة اللي تسكت بالماكلة هي علامة معروفة لـ 'قرح الاثني عشر' (Ulcère du duodénum). المعدة كي تبدأ فارغة، الأسيد يمس في القرح ويوجع. لازم تعمل 'فحص بالمنظار' (منظار) باش نثبتوا. في الأغلب السبب هو جرثومة المعدة، وعلاجها ساهل بالدواء. ابعد على الدخان والقلق والمصبرات لين تبرى.,native
advice_guidance,يا دكتور، ساعات يدي ترعش (Tremblement) كي نجي نهز كاس ماء ولا نكتب، أما كي تبدأ يدي مرتاحة ما ترعشش، شنوة السبب؟,الرعشة اللي تجي مع الحركة تسمى غالباً 'رعشة أساسية' (رعشة أساسية)، وهي تختلف على مرض 'باركنسون'. تنجم تكون وراثية ولا تزيد مع القهوة والستريس. إذا كانت مقلقة برشا في حياتك اليومية، فما دوايات (Bêta-bloquants) تنقص منها بالباهي. لازم طبيب أعصاب يثبت لا يكون فما غدة درقية هي السبب.,native
advice_guidance,وذني تصفر (طنين في الوذن) عندها مدة، صوت كيف الزفّار ما يسكتش، خاصة في الليل كي تبدأ الدنيا هادية، شنوة الحل؟,طنين الأذن عنده برشا أسباب: تنجم تكون 'بوشون' شحم، ولا تعب في عصب السمع، ولا حتى طلوع في 'التنسيون'. لازم طبيب (ORL) يعمل لك 'قيس سمع'. حاول ما تقعدش في بلاصة هادية برشا، حط شوية صوت خفيف (كيف صوت المروحة) باش يغطي على الصفارة. وابعد على السماعات (Écouteurs) وصوت الموسيقى العالي.,native
advice_guidance,عندي وجيعة في أسفل الظهر (وجيعة الظهر) تضرب لي في ساقي للي صوابع يدي نملوا، وما نجمش نلبس صباطي، هل هو عرق لساس؟,هذي علامة 'عرق النسا' (عرق الاسى) اللي سببه غالباً 'هرنية ديسك' (انزلاق غضروفي). فما ديسك ضاغط على العصب. لازمك راحة تامة على فريش كاسح، وأدوية تنقص الالتهاب والوجيعة. إذا حسيت بـ 'فشل' في ساقك ولا وليت ما تتحكمش في البول، وقتها لازم تمشي فوراً للاستعجالي خاطر تولي حالة مستعجلة.,native
advice_guidance,يا دكتور، عندي وجيعة قوية في جنبي (مغص كلوي) تقص النفس، وساعات تهبط للمثانة، والبول لونه تبدل، شنوة هذا؟,الوجيعة هذي معروفة متاع 'حجرة في الكلاوي' قاعدة تهبط. الوجيعة تجي في شكل نوبات قوية برشا. اشرب برشا ماء باش تعاون الحجرة تخرج، وخذ مسكنات (مضادات التشنج). لازم تعمل 'إيكو' باش نعرفوا كبر الحجرة وبلاصتها. إذا فما سخانة، لازم تمشي للطبيب فوراً خاطر ينجم يكون فما تعفن.,native
advice_guidance,نحس في دوخة ورزانة في راسي، وكي نقيس التنسيون نلقاها طايحة (9/5)، هل لازم نأكل المالح؟,التنسيون طايحة (Hypotension) تنجم تكون طبيعية عند برشا ناس، أما إذا معاها فشل ودوخة، لازم تثبت في مخزون الحديد (فقر الدم) وتشوف هل تشرب في الماء بالباهي ولا لا. المالح يعاون شوية أما موش حل جذري. جرب كول وجبات صغيرة ومنتظمة، وابعد على الوقفة الطويلة فجأة، وإذا استمرت الدوخة شوف طبيب قلب يثبت في دقات قلبك.,native
advice_guidance,يا دكتور، وجهي ولى منفوخ وشعري بدأ يطيح، وديما بردانة حتى في الصيف، وعندي قبض مزمن، شنوة هذا؟,هذي علامات واضحة لـ 'كسل الغدة الدرقية' (قصور الغدة الدرقية). البدن يولي يخدم بالثقيل. لازم تعمل تحليل (هرمون الغدة الدرقية). العلاج بسيط برشا وهو حرابش تعوض الهرمون اللي ناقص، وتو تلاحظ اللي وجهك فش وشعرك رجع يطوال وحيويتك رجعت. ما تستناش خاطر الغدة هي 'الموتور' متاع البدن.,native
advice_guidance,يا دكتور، صوابع يديا وركايبي فيهم قشور بيضاء (Plaques) كاسحة وتحك فيا، وكي نحكها تولي حمراء وتخرج في نقط دم، شنوة هذي؟,هذي تتسمى 'الصدفية' (صدفية). هي مرض جلدي مزمن يخلي الجلدة تتبدل فيسع وتعمل قشور. هي موش معدية وغالباً تزيد مع الستريس. استعمل مراهم فيها 'الكورتيكويد' وشيخ جلدتك بالمرطبات (Émollients). الشمس زادة تعاون برشا في علاجها، أما لازم ديما تبع مع طبيب جلدية.,native
advice_guidance,عندي وجيعة في الجنب لليسر بعد ما نأكل، ونحس روحي منفوخ وعندي برشا غازات، وساعات القبض يتبدل بـ إسهال؟,هذي علامات 'متلازمة القولون العصبي' (SCI). المصران يولي حساس ويتقلق من أنواع معينة من الماكلة ولا القلق. جرب ابعد على الحوايج اللي تعمل الغازات (كيف الكرنب واللوبيا) ونقص من 'اللاكتوز' (الحليب). الرياضة تعاون المصران باش يخدم بانتظام، وفما دوايات تنقص من التشنجات (مضادات التشنج) تو تريحك.,native
advice_guidance,نحس في تنميل (Fourmillement) في صوابع يدي الثلاثة الأولانين، خاصة في الليل، وساعات يدي تفشل وما نجمش نهز بيها كاس، شنوة هذا؟,هذا يتسمى 'انضغاط العصب الرسغي' (متلازمة النفق الرسغي). العصب اللي يتعدى من المعصم تضغط عليه الأوتار. جرب استعمل 'باندة' (جبيرة) تلبسها في الليل باش يدك تبقى مسرحة. إذا الوجيعة قوية، فما 'زريقة' موضعية، وفي حالات متقدمة عملية بسيطة تسرح العصب وتمنع 'الضمور' متاع عضلات اليد.,native
advice_guidance,يا دكتور، عيني تدمع ديما خاصة كي نخرج للريح ولا الشمس، ونحس كأن فما رمل داخل عيني يحرق فيا؟,هذا يتسمى 'شياح العين' (جفاف العين). كي العين تشيح، تولي تدمع برشا كـردة فعل. استعمل 'دموع اصطناعية' (قطرات ترطيب العين) من الصيدلية باش ترطبها. ابعد على القعدة الطويلة قدام 'البيسي' والتلفون، وحاول 'تغمض' عينيك برشا مرات باش يتوزع الدمع الطبيعي. البس نظارات شمسية كي تخرج للريح.,native
advice_guidance,عندي وجيعة في كوع يدي (Coude) خاصة كي نجي نهز حاجة ولا ندور المفتاح، ونحسها تضرب في ساعدي، شنوة السبب؟,هذي تسمى 'مرفق التنس' (Épicondylite)، وهي التهاب في الأوتار متاع المرفق. موش لازم تكون تلعب تنس باش تجيك، تنجم تكون من حركة متكررة في الخدمة. الحل هو الراحة، استعمال 'باندة' خاصة تحت الكوع، ومساج بالثلج. فما حصص 'كينيزي' (علاج فيزيائي) تعاون برشا باش الأوتار ترجع تبرى.,native
advice_guidance,يا دكتور، ساعات نلقى دم في البول (دم في البول)، أما ما عندي حتى وجيعة، هل هي فجعة ولا حاجة أخرى؟,الدم في البول 'من غير وجيعة' لازم يتاخذ بجدية كبيرة، خاصة عند الكبار ولا اللي يتكيفوا. ينجم يكون التهاب بسيط، أما لازم نثبتوا لا يكون فما 'ولسيسة' ولا ورم في المثانة ولا الكلاوي. لازم تعمل 'إيكو' وتحليل بول وتشوف طبيب مجاري بولية في أقرب وقت باش يثبت بالمنظار ويطمنك.,native
advice_guidance,صدري يوجع فيا كي نتغشش ولا كي نبرد، والوجيعة تحسها كأنها رخامة كبست على قلبي، شنوة نعمل؟,الوجيعة اللي تزيد مع الستريس ولا البرد تنجم تكون علامة 'ذبحة صدرية'. القلب يولي يطلب أوكسجين أكثر والعروق ما توصلش. لازم تعمل 'تخطيط' (رسم القلب) وتثبت في الكوليسترول والسكر. ابعد على الدخان وحاول تنقص من الانفعالات القوية، وإذا الوجيعة طولت أكثر من 15 دقيقة، لازم تمشي فوراً للاستعجالي.,native
advice_guidance,طلعت لي حبوبة صغيرة في شفتي (قرح)، تحرق فيا وعملت كيف الماء ومن بعد ولات قشرة، هل هي من السخانة؟,هذي تسمى 'سخانة الشفايف' (Bouton de fièvre) وسببها فيروس الهربس. الفيروس هذا يبقى راقد في البدن ويخرج كي المناعة تطيح ولا مع الستريس والشمس. استعمل مرهم 'مضاد للفيروسات' (أسيكلوفير) أول ما تحس بالتحريق. رد بالك تمسها ومن بعد تمس عينك، وما تبوسش الصغار خاطرها معدية برشا.,native
advice_guidance,يا دكتور، ظوافري (Ongles) ولاو غلاظ ولونهم تبدل للأصفر وبداو يتفتفتوا، هل هي سوسة ولا نقص فيتامينات؟,هذي تسمى 'فطريات الأظافر' (فطريات الأظافر). هي فطريات تعشش تحت الظفر وتخليه يخشان ويتبدل لونه. العلاج يتطلب شوية وقت (أشهر) ولازم تستعمل 'فرني' (Vernis) طبي خاص ولا حرابش يكتبهم الطبيب. حاول ديما تشيّح بين صوابعك مليح بعد الوضوء ولا الدوش وما تلبسش صباط غيرك.,native
advice_guidance,عندي وجيعة في المخرج (عذر) حاشاك، ونلقى دم أحمر كي نمشي لبيت الراحة، وساعات نحس بـ لحمة خارجة؟,هذا يتسمى 'العذر' (عذر). السبب الرئيسي هو 'القبض' والمكوث برشا في بيت الراحة. لازمك تاكل الخضرة والغلال وتشرب برشا ماء باش البراز يولي طري. استعمل مراهم مهدئة (مرهم) واعمل 'مغطس' ماء دافي. إذا الدم بقى يخرج برشا، لازم يشوفك طبيب جراح باش يثبت في الدرجة متاعهم.,native
advice_guidance,يا دكتور، تجيني شقيقة (الشقيقة) قوية في شطر راسي، نولي ما نحملش الضوء ولا الحس، وساعات نحس بـ ردّان؟,الشقيقة هي وجيعة راس مزمنة وتجي في شكل نوبات. أحسن حل هو أول ما تبدأ تحس بالوجيعة، تأخذ دواك (كيف الباراسيتامول ولا دوايات خاصة بالشقيقة) وتقعد في بلاصة مظلمة وهادية. ابعد على الحاجات اللي تهيجها عليك كيف 'الشكلاطة'، الأجبان القوية، نقص النوم، ولا القلق.,native
advice_guidance,عندي كحة شايحة (Toux sèche) عندها شهر ما حبتش تمشي، جربت سيرو وما نفعش، خاصة تزيد عليا في الليل؟,كحة تطول أكثر من 3 أسابيع لازمها تثبيت. تنجم تكون من 'حساسية'، ولا 'ردّان متاع معدة' (حموضة / ارتجاع) يطلع للحلق، ولا حتى من دوايات 'التنسيون'. لازم طبيب يسمع صدرك بالباهي وساعات يطلب تصويرة (Radio) باش يطمن على الرواير. ما تقعدش تشرب في 'السيروات' وحدك خاطرها تسكت الكحة وما تعالجش السبب.,native
advice_guidance,صوابع يديا ييبسوا عليا (تصلب) الصباح كي نفيق، لازم نقعد ساعة نحرك فيهم باش يتسرحوا، شنوة هذا؟,تيبس المفاصل في الصباح هو علامة 'التهاب مفاصل' (روماتيزم). إذا الوجيعة واليبوسية تفوت النص ساعة، تنجم تكون 'روماتيزم مزمن'. لازم تعمل تحاليل دم (عامل الروماتويد) وتثبت مع طبيب روماتيزم. الرياضة الخفيفة والمفاصل الدافية تعاونك برشا باش تتسرح فيسع.,native
advice_guidance,نحس في قلبي يخبط (دقان قوي في القلب) فيسع من غير مجهود، كأنه عصفور يرفرف في صدري، هل يخوف؟,خفقان القلب عنده برشا أسباب: تنجم تكون من 'الستريس'، كثرة القهوة والدخان، ولا نقص 'الحديد'. ساعات تكون من 'الغدة الدرقية' كي تبدأ تنقز. لازم تعمل 'تخطيط' (رسم القلب) باش نثبتوا في دقات القلب هل هي منتظمة ولا لا. نقص من المنبهات وحاول ترقد مليح تو تلاحظ اللي الخبطة نقصت.,native
advice_guidance,ما عادش نجم نرقد (أرق) بالباهي، نبقى نهار كامل نخمم وكي نتحط في الفراش عيني ما تغمضش؟,الأرق هو غالباً نتيجة 'القلق' ولا 'الضغط النفسي'. حاول تعمل 'طقوس' للنوم: ابعد على التلفون والتلفزة ساعة قبل ما ترقد، اشرب حاجة دافية (كيف البابونج)، وحاول ترقد في نفس الوقت كل ليلة. إذا الحكاية طوالت، الحديث مع أخصائي ينجم يوريك طرق باش تهدي مخك وترقد مرتاح من غير ما تلتجئ للحرابش.,native
advice_guidance,يا دكتور، شعري بدأ يخف برشا من القدام وفما بلايص بدأت تظهر فيها جلدة الراس، هل هو وراثي ولا تعب؟,تساقط الشعر عند الرجال غالباً يكون 'وراثي' (Androgénétique)، وعند النساء ينجم يكون من نقص 'الحديد' ولا قلق في 'الغدة الدرقية' ولا الستريس. لازم تعمل تحليل دم قبل كل شيء. فما بخاخات (مينوكسيديل) وحرابش مكملة تعاون باش تحافظ على اللي بقى وتنشط البصيلة، أما لازم الصبر خاطر النتائج تبان بعد 3 شهور.,native
advice_guidance,نحس في مرارة (Amertume) في فمي أول ما نفيق، وساعات وجيعة تحت ضلوعي على اليمين، هل هي المرارة؟,المرارة في الفم تنجم تكون من 'ردّان المعدة' (حموضة / ارتجاع) ولا قلق في 'المرارة' (المرارة). الوجيعة اللي تحت الضلوع اليمين تزيد بعد ما تأكل حاجة فيها 'دهون' ولا مقلي. لازم تعمل 'إيكو' (Échographie) باش نثبتوا لا يكون فما 'حجر' في المرارة. حاول نقص من الماكلة المزيّتة وشوف طبيب جهاز هضمي.,native
advice_guidance,يا دكتور، وليت ننسى الكلام في وسط الجملة، ونحس راسي ضبابي (ضباب الذهن) وما نركزش جملة، شنوة السبب؟,الضباب الذهني هذا يجي برشا بعد 'تعب مزمن' ولا نقص في 'فيتامين B12' ولا حتى بعد مرض فيروسي. تنجم تكون زادة من قلة النوم وكثرة التخمام. نظم وقتك، كول ماكلة صحية فيها 'الأوميغا 3' (كيف الحوت)، وحاول ترتاح. إذا قعدت الحكاية، طبيب أعصاب يعمل لك فحوصات باش يطمن على وظائف المخ.,native
advice_guidance,ولدي (4 سنين) ديما يحك في خشمو وعينيه ديما حمر ويغطس برشا ورا بعضهم، هل هي نزلّة؟,هذي غالباً 'حساسية أنف' (التهاب الأنف التحسسي) موش نزلة برد. تزيد خاصة في الربيع مع 'نوار الزيتون' ولا مع الغبرة والقطاطس. استعمل له بخاخة 'سيروم فيزيولوجي' باش تنظف المسالك، وفما حرابش ولا 'سيرو' مضاد للحساسية (مضاد الهيستامين) يريحه برشا. حاول ابعد على الحاجات اللي تهيج عليه العطس في الدار.,native
advice_guidance,عندي وجيعة في كعب ساقي (Talon) أول ما نفيق ونحط ساقي على القاعة، نحس كأنه مسمار غرس في لحمي؟,هذي تسمى 'مسمار العظم' ولا التهاب اللفافة الأخمصية (التهاب اللفافة الأخمصية). السبب هو لبسان صباط بلا (Plat) برشا ولا الوقفة الطويلة. لازمك تلبس صباط فيه 'طالون' صغير ومريح، وتعمل 'مساج' بكرة صغيرة تحت ساقك. فما حصص 'تليك' (علاج طبيعي) تعاون برشا باش تنحي الالتهاب والوجيعة.,native
advice_guidance,يا دكتور، البروستاتا (البروستاتة) مقلقتني، نفيق برشا مرات في الليل ونحس البول رزين وما يخرجش بقوة؟,عند الرجال فوق الـ 50، 'تضخم البروستاتا الحميد' حالة شائعة برشا. البروستاتا تكبر وتضغط على مجرى البول. لازم تعمل تحليل (PSA) و'إيكو' باش نثبتوا في حجمها. فما دوايات ترخي العضلات وتخلي البول يخرج أسهل. ابعد على شرب الماء برشا قبل النوم ونقص من القهوة في الليل.,native
advice_guidance,عندي نهجة قوية ووجيعة في ساقي المنفوخة، ونحس في ضيق نفس فجأة، هل يخوف؟,إذا عندك ساق منفوخة وتوجع وزاد عليها ضيق نفس، لازم تمشي فوراً للاستعجالي. تنجم تكون علامة 'جلطة في الساق' (التهاب الوريد) انتقلت للرواير (جلطة الرئة). هذي حالة مستعجلة تتطلب دوايات 'تجري الدم' (مضادات تخثر الدم). ما تمسجش ساقك المنفوخة جملة لين يشوفك الطبيب.,native
advice_guidance,نحس في كعبورة (عقدة) في صدري، ما توجعش أما كاسحة شوية، هل هي ولسيسة ولا حاجة تخوف؟,أي كعبورة في الصدر لازم يشوفها الطبيب في أقرب وقت. تنجم تكون 'كيس ماء' (Kyste) ولا 'غدة حميدة'، أما لازم التأكد بـ 'الراديو' (تصوير الثدي) و'الإيكو'. ما تستناش الوجيعة، خاطر أغلب الحاجات اللي تخوف ما توجعش في البداية. التشخيص البدري هو أهم خطوة للسلامة.,native
advice_guidance,وليت خايف من كل شيء، نخاف لا نمرض، نخاف على ولادي، وما نركدش من التخمام في المستقبل؟,هذا يتسمى 'القلق العام' (قلق عام). مخك ديما في حالة استنفار ويستنى في 'المصيبة'. هذا يتعب البدن والروح. جرب نقص من متابعة الأخبار السلبية، ومارس 'التأمل' ولا الرياضة. إذا القلق ولى يحكم في حياتك ويمنعك من الخدمة ولا النوم، طبيب نفساني ينجم يعاونك بحصص كلام (Thérapie) تو يرجع لك الثقة والراحة.,native
advice_guidance,عندي وجيعة قوية تحت ضلوعي من قدام تضرب حتى لظهري، ومعاها ردّان وحسيت بدني فشل جملة؟,الوجيعة اللي في شكل 'حزام' داير بالبدن تنجم تكون التهاب في 'البنكرياس' (التهاب البنكرياس). هذي حالة تستحق تمشي للاستعجالي فوراً باش تعمل فحص دم وتصويرة. ابعد على الماكلة الدسمة والمشروبات الغازية، ولازم تقعد صايم لين الطبيب يشوف التحاليل متاعك.,native
advice_guidance,يا دكتور، ساعات لساني يثقل وما نلقاش الكلمات، ونحس شطري اليمين نمل شوية ومن بعد رجع لاباس، شنوة هذا؟,هذي تنجم تكون 'جلطة عابرة' (AIT). هي إنذار من المخ اللي فما عرق تسكر شوية ومن بعد تسرح. ما لازمش تستهان بيها حتى لو كان رجعت لاباس. لازم تمشي لطبيب أعصاب تعمل 'رنين مغناطيسي' وتثبت في عروق الرقبة (Écho-doppler) باش تمنع جلطة كبيرة لا قدر الله.,native
advice_guidance,عيني حمرت فجأة ولات تخرج في عماص (إفرازات) برشا، ونحسها لازقة الصباح كي نفيق؟,هذي تسمى 'رمد' (التهاب الملتحمة). تنجم تكون 'فيروس' ولا 'بكتيريا'. هي معدية برشا، هذاكا علاش لازم ما تستعملش منشفة غيرك واغسل يديك ديما. استعمل 'سيروم فيزيولوجي' باش تنظفها، وفما قطرات (قطرات عين) يكتبهم الطبيب حسب نوع الرمد. ابعد على لبسان العدسات (Lentilles) لين تبرى تماماً.,native
advice_guidance,عندي وجيعة في ظهري من فوق بين كتافي، نحس عقدة كاسحة ما تحبش تتسرح، شنوة الحل؟,هذي تسمى 'تشنج عضلي' (تقلص عضلي)، وغالباً تجي من 'قعدة غالطة' قدام البيسي ولا 'ستريس' ملموم في العضلات. استعمل 'قربة ماء دافئ' ومراهم مرخية للعضلات. حاول تعمل تمارين 'تطويل' (Étirements) وبدل وضعية قعدتك كل ساعة باش ظهرك يرتاح.,native
advice_guidance,يا دكتور، لثتي (Gencives) ديما تسيل بالدم كي نغسل سنيا، ولونها ولى أحمر منفوخ، شنوة نعمل؟,سيلان الدم من اللثة علامة اللي فما 'كلكار' (Tartre) ملموم لازم يتنحى عند الدونتيست. الكلكار يربي بكتيريا تعمل التهاب. لازم تعمل 'تنظيف الأسنان' مرتين في العام، واستعمل بروس سنان 'طرية' (Souple) باش ما تجرحش اللثة، ومضمض بالماء والملح ولا دواء خاص.,native
advice_guidance,ديما نحس في البرد وعندي بخل وما نحب نعمل شيء، ووزني زاد رغم اللي شهيتي طايحة؟,هذي أعراض كلاسيكية متاع 'نقص في نشاط الغدة الدرقية'. بدنك قاعد يخدم 'بالموشم'. لازم تعمل تحليل (هرمون الغدة الدرقية). العلاج بسيط وهو تعويض الهرمون بحرابش تاخذهم كل صباح على الريق، وتو ترجع لك الحيوية ويتحرق الشحم الزايد.,native
advice_guidance,نحس في حكّة (حكة) وقلق في المناطق الحساسة، ومعاها إفرازات بيضاء كيف الرايب؟,هذي تسمى 'فطريات' (فطريات المهبل). تجي ساعات بعد استعمال 'أنتي بيوتيك' ولا من قلة التشييح بالباهي. استعمل صابون متعادل (pH neutre) وما تبالغش في التنظيف الداخلي. الطبيب يعطيك 'قوالب' (لبوس مهبلي) ومراهم مضادة للفطريات. حاول تلبس ملابس داخلية 'قطن' وابعد على الحاجات الضيقة.,native
advice_guidance,وليت نتفجع (Sursauts) من أي حس، وقلبي يدق فيسع، وديما نتخيل اللي فما مصيبة باش تصير؟,هذا يتسمى 'حالة تأهب' ناتجة عن 'قلق مزمن'. مخك ولى يخدم في 'الإنذار' حتى من غير خطر. جرب تمارين 'التنفس البطني' واكتب الحاجات اللي مخوفتك في ورقة باش تخرجها من راسك. إذا الحالة هذي منعتك من العيشة العادية، طبيب نفساني ينجم يعاونك بحصص 'العلاج المعرفي السلوكي' باش تسيطر على أفكارك.,native
advice_guidance,يا دكتور، طلعت لي ثلالة (Verrue) في صبعي وبدأت تكبر وتعدي في البلايص اللي بجنبها، كيفاش نحيها؟,الثلال هو فيروس (فيروس الورم الحليمي) معدي برشا. ابعد على 'تفريكها' بظوافرك خاطر هكاك تزيد تنشرها. فما دواء يتباع في الصيدلية يحرقها بالسياسة، أما أحسن حل هو تمشي لطبيب جلدية ينحيهالك بالبرد (Azote liquide) ولا بالليزر باش يقتلعها من عرقها وما ترجعش.,native
advice_guidance,يا دكتور، ساعات عيني ترف (Fasciculations) وحدها عندها أيام، نحسها ترعش وتتحرك فجأة، هل هو عرق باش يتقطع؟,لا ما تخافش، 'رفان العين' غالباً ما عنده حتى علاقة بمرض خطير. هو علامة اللي بدنك 'تعبان' ولا عندك نقص في 'المغنيزيوم' (مغنيزيوم). نقص من القهوة، ارقد مليح، وحاول ترتاح من الستريس. إذا طولت برشا ولا شملت عضلات أخرى في وجهك، وقتها شوف طبيب أعصاب.,native
advice_guidance,نحس في دوخة (دوخة) قوية، الدنيا تدور بيا كي نجي نتقلب في الفراش ولا نغزر لفوق، ونحس روحي باش نطيح؟,هذي غالباً 'دوخة الأذن الداخلية' (دوخة وضعية حميدة). فما 'كريستالات' صغار في الوذن تحركوا من بلاصتهم. الحل موش حرابش دوخة فقط، بل لازم طبيب (ORL) يعملك 'حركات' معينة براسك (Manœuvre) باش يرجعهم لبلاصتهم. تو ترجع لاباس في وقتها بإذن الله.,native
advice_guidance,عندي وجيعة في معصم يدي (Poignet) خاصة كي نستعمل الفارة (فأرة الحاسوب) متاع البيسي برشا، ونحسها منفوخة شوية؟,هذي تسمى التهاب أوتار (Ténosynovite). الحركة المتكررة تتعب الأوتار. لازمك 'تريح' يدك، استعمل 'باندة' خفيفة، وحاول تبدل وضعية يدك بالاستعانة بـ 'تيبة' (لوحة الفأرة) مريحة. إذا الوجيعة قوية، مراهم مضادة للالتهاب تعاونك برشا.,native
advice_guidance,يا دكتور، ضرسي سكنت فيها السطرة وما خلتنيش نرقد، وساعتها بدأت تتنفخ حنكي، شنوة نعمل؟,النفخ يعني فما 'تعفن' (خراج / دُمَّل) تحت الضرس. لازمك تمشي للدونتيست فوراً باش ينظف البؤرة. ما تأخذش 'أنتي بيوتيك' من راسك، خاطر لازم الطبيب يقرر النوع والجرعة. استعمل مسكنات للوجيعة ومضمض بالماء الدافئ والملح لين يجي موعدك.,native
advice_guidance,راجلي يشخر (شخير) برشا في الليل، وساعات نفسه يتقطع ويقوم مفجوع يلوج على الهواء، هل هذا عادي؟,لا، هذي تسمى 'انقطاع النفس أثناء النوم' (انقطاع النفس أثناء النوم). هي حالة تنجم تقلق القلب والتنسيون وتخلي الواحد ديما فاشل الصباح. لازم يعمل 'فحص نوم' (Polygraphie) عند طبيب صدري. تنقيص الميزان يعاون برشا، وساعات يستحق ماكينة صغيرة (PPC) تخليه يتنفس بالباهي في الليل.,native
advice_guidance,يا دكتور، السكر متاعي ديما طالع رغم اللي ناكل في الحرابش، ونحس في تنميل في صوابع ساقيا؟,التنميل في الساقين علامة اللي السكر بدأ يقلق 'الأعصاب' (اعتلال الأعصاب). لازم نثبتوا في 'الخزان' (HBA1C) ونشوفوا هل الحرابش مازالت تكفي ولا لازم نعدلو الجرعة. رد بالك على جروح الساقين، البس صباط مريح، وتفقد ساقيك كل يوم خاطر مريض السكر ساعات ما يحسش بالجرح.,native
advice_guidance,ما عادش عندي شغف لحتى شيء، ديما نحب نقعد وحدي في الظلمة، ونحس في ثقل كبير على صدري؟,هذي علامات 'اكتئاب' (اكتئاب). الاكتئاب موش جيست حزن، بل هو مرض يخلي الدنيا تولي 'كحلة'. ما لازمش تقعد وحدك، الحديث مع مختص ينجم يخرجك من القوقعة هذي. فما دوايات وحصص علاجية تعاونك ترجع تذوق طعم الحياة، المهم أطلب المساعدة وما تحشمش.,native
advice_guidance,يا دكتور، عندي بقع بيضاء (Taches blanches) ظهرت لي في رقبتي وظهري بعد ما مشيت للبحر، هل هو برص؟,لا ما تخافش، الأغلب أنها 'تنيّة' (Pityriasis versicolor) وهي فطريات تعيش على الجلدة وتظهر كي تعرق برشا ولا تمشي للبحر. هي موش برص وموش معدية. استعمل 'شامبو' مضاد للفطريات (كيتوكونازول) ادهن بيه البلايص وخليه 10 دقائق ومن بعد اشطف، وتو يرجع لون جلدتك يتوحد كي تمشي السخانة.,native
advice_guidance,ولدي ديما يحك في نيفو وفي دبره خاصة في الليل، وما عادش يحب يأكل مليح، هل عنده الديدان؟,إي نعم، هذي علامات 'السينات' ولا الديدان المعوية (ديدان الأمعاء). هي تعدي برشا بين الصغار. لازم يأخذ دواء (دواء الديدان) هو والعائلة الكل، وتعيد الجرعة بعد أسبوعين. أهم حاجة هي النظافة: قص له ظوافره، واغسل الأغطية والحوايج بالماء السخون باش تقضي على البيض متاعهم.,native
advice_guidance,عيني ترمش برشا وولت تسطر عليا كي نغزر للبيسي، ونحس في ضباب (Flou) ساعات يغطي على عيني؟,هذا يتسمى 'تعب العين الرقمي'. عينك تتعب من الضوء الأزرق وقلة الرمش قدام الشاشة. استعمل قاعدة '20-20-20': كل 20 دقيقة، اغزر لبلاصة بعيدة (6 أمتار) لمدة 20 ثانية. واستعمل قطرات مرطبة (قطرات ترطيب العين). إذا الضباب بقى، لازم تمشي تقيس النظر لا يكون عندك نقص (قصر النظر/اللابؤرية).,native
advice_guidance,ركبتي تطرطق (Craquement) كي نطلع في الدروج وتوجعني خاصة كي نجي نصلي ونثنيها، هل هي الروماتيزم؟,الطرطقة مع الوجيعة تنجم تكون بداية 'شياح في المفاصل' (فصال عظمي / تآكل المفاصل). الغضروف يبدأ يرهف. حاول نقص من الميزان إذا عندك زيادة، خاطر الركبة تهز البدن الكل. اعمل تمارين تقوية لعضلات الفخذ باش تنقص الضغط على الركبة، وابعد على الوقفة الطويلة.,native
advice_guidance,يا دكتور، البول متاعي ريحته قوية برشا ولونه غامق، ونحس بـ حرقان خفيف في الآخر، شنوة السبب؟,اللون الغامق والريحة القوية غالباً يعني 'نقص شرب الماء'. البدن ولى يخرج في بول مركز برشا. اشرب على الأقل لترتين ماء في النهار وتو تلاحظ اللي اللون رجع صافي. إذا الحرقان زاد ولا ولات عندك سخانة، وقتها لازم تعمل تحليل بول (تحليل البول) لا يكون عندك تعفن بولي.,native
advice_guidance,يا دكتور، ديما عندي عطش كبير وندخل لبيت الراحة برشا مرات، ونحس روحي جيعانة طول الوقت؟,هذي الأعراض الثلاثة (العطش، كثرة التبول، الجوع) هي علامات 'مرض السكر'. بدنك ما عادش ينجم يستعمل السكر اللي في الدم، فيولي يخرجه في البول ويطلب الماء. لازم تعمل تحليل سكر على الريق (سكر الدم صايم) في أقرب وقت. السكر إذا فقت بيه بكري تنجم تسيطر عليه بالحمية والرياضة.,native
advice_guidance,يا دكتور، ظهري وصدري تعبوا بـ الحبوب (حبوب الوجه) الكبيرة وتخلي في تراس (ندبات) كحل، رغم اللي عمري فات الثلاثين؟,حب الشباب عند الكبار ينجم يكون سببه 'قلق هرموني' ولا ستريس، ولا استعمال زيوت ثقيلة على الجلدة. ابعد على 'تعصير' الحبوب باش ما تعملش أثر دائم. استعمل غسول (Gel nettoyant) فيه حمض الساليسيليك، وإذا الحالة قوية، طبيب الجلدية يعطيك علاج بالـ 'علاج الحبوب القوي' اللي ينشف الحبوب من عرقها.,native
advice_guidance,يا دكتور، ساعات وجهي يتجبد (Paralysie faciale) شطر منه ما عادش يتحرك، وعيني ما تحبش تتسكر، هل هي جلطة؟,إذا كان الشلل في الوجه بركة من غير فشل في اليد ولا الساق، فالأغلب أنه 'برد في العصب' (Paralysie de Bell). العصب السابع يلتهب ويتحبس. لازم تبدأ علاج بـ 'الكورتيكويد' وفيتامينات في الـ 48 ساعة الأولى باش ترجع لاباس فيسع. المهم غطي عينك بـ 'باندة' في الليل باش ما تشيحش، واعمل حصص 'تليك' (علاج طبيعي) للوجه.,native
advice_guidance,ولدي الصغير (3 سنين) بدأت تطلع له حبوب صغيرة حمراء في يديه وساقيه وفي وسط فمه، وما عادش يحب يأكل؟,هذا يتسمى 'مرض اليد والقدم والفم' (Syndrome Pieds-Mains-Bouche). هو فيروس شائع عند الصغار ومعدي برشا. ما عندوش دواء يقتله، أما يبرى وحده في جمعة. اعطيه مسكن للوجيعة (دواء الحمى) وحاجات باردة وطرية (كيف الياغورت) باش ما يحسش بالسطرة في فمه، واغسل يديك مليح بعد ما تبدل له الكوش.,native
advice_guidance,عندي طنين (طنين في الوذن) في وذني، حس زفارة ما تسكتش جملة، خاصة كي يبدأ الهدوء في الليل؟,طنين الوذن عنده برشا أسباب: تنجم تكون 'سدادة كلكار' (سدادة الشمع في الودن)، ولا تعب في عصب السمع من الحس القوي. جرب نقص من الكافيين والملح خاطر يزيدوا في الضغط داخل الوذن. إذا معاها نقص في السمع، لازم تعمل 'تخطيط سمع' (مخطط السمع). فما تقنيات تخليك 'تتجاهل' الصوت هذا لين مخك ما عادش يركز معاه.,native
advice_guidance,عندي وجيعة في ظهري من لوطة (وجيعة الظهر) تضرب لي حتى لساقي، ونحس في تنميل في صوابع ساقي؟,الوجيعة اللي تهبط للساق تسمى 'عرق لسكا' (عرق الاسى)، وغالباً سببها 'عرق مقروص' في الظهر (انزلاق غضروفي). لازمك الراحة في السرير على بلاصة كاسحة شوية، واستعمل دوايات مضادة للالتهاب ومرخية للعضلات. ابعد على هزّان الرزين، وإذا حسيت بساقك 'فشلت' ولا ما عادش تتحكم في بيت الراحة، لازم جراح أعصاب فوراً.,native
advice_guidance,بدني ولى يزراق (Bleus) من أقل ضربة، وساعات نلقى نقط حمراء صغيرة تحت الجلدة، هل دمي خفيف؟,ظهور الزروقية من غير سبب واضح يتطلب تحليل دم (NFS) باش نثبتوا في 'الصفائح' (صفائح دموية). الصفائح هي المسؤول الأول على تخثر الدم. إذا كانت ناقصة، الدم يخرج تحت الجلدة. ابعد على أخذ 'الأسبرين' توة لين يشوفك الطبيب ويعرف السبب، سواء كان نقص فيتامينات ولا مشكل في النخاع.,native
advice_guidance,عندي فم معدتي ديما منفوخ، ونحس بـ غصّة (Dysphagie) كي نجي نبلع الماكلة الكاسحة، كأنها تحبس لي في الڨراجم؟,صعوبة البلع علامة لازمها 'منظار' (منظار) باش نثبتوا في المريء والمعدة. تنجم تكون ضيق بسيط ولا التهاب قوي من الجاير، أما لازم التأكد. حاول امضغ الماكلة مليح وكول بشوية، وإذا الحكاية تكررت، طبيب المعدة هو الوحيد اللي يعطيك الخبر اليقين.,native
advice_guidance,يا دكتور، وليت نحس بـ رعشة (رعشة) في يديا كي نبدأ شاد كاس قهوة ولا نكتب، أما كي نرخي يدي تمشي، شنوة هذا؟,هذي تسمى غالباً 'الرعشة الأساسية' (رعشة أساسية) وتظهر خاصة مع المجهود ولا الستريس. هي تختلف على 'باركنسون' اللي يجي واليد مرتاحة. نقص من القهوة والدخان، وإذا الرعشة ولات تقلقك في خدمتك، فما دوايات (Bêta-bloquants) تنقص منها برشا وتخليك تتحكم في يدك أسهل.,native
advice_guidance,بنتي بدأت تشول (حول العين) بعينها اليمين ساعات كي تتعب، هل تتصلح وحدها كي تكبر؟,لا، الحوَل عند الصغار ما يتصلحش وحده ولازم يشوفها طبيب عينين في أقرب وقت. إذا استنيت، العين اللي تميل تنجم تولي 'عاجزة' (Amblyopie) والمخ يولي ما عادش يستعملها. الطبيب ينجم يعطيها 'نظارات' ولا يعمل لها 'تغطية' للعين الصحيحة باش يقوي العين الأخرى، والنتائج تكون ممتازة كي تبدأ بكري.,native
advice_guidance,صوتي تبدل (Enrouement) وعندي بحة عندها أكثر من شهر ما حبتش تمشي، رغم اللي ما عنديش وجيعة؟,بحة الصوت اللي تفوت 3 أسابيع عند شخص كبير (خاصة إذا كان يتكيف) لازمها فحص للأوتار الصوتية عند طبيب (ORL). تنجم تكون 'ولسيسة' صغيرة (عقدة) ولا التهاب مزمن. لازم الطبيب يغزر لداخل بـ 'الكاميرا' باش يطمن اللي كل شيء لاباس. ريح صوتك وما تحاولش 'توشوش' خاطر الوشوشة تتعب الأوتار أكثر.,native
advice_guidance,يا دكتور، صبعي الكبير في ساقي ولى خارج لبرة (Oignon) وبدأ يركب على الصوابع الأخرى ويوجعني في الصباط؟,هذا يتسمى (إصبع القدم المنحرف). يجي برشا من لبسان الصباط 'الضيق' ولا اللي فيه 'طالون' عالي، وساعات يكون وراثي. البس صباط عريض ومريح، واستعمل 'فواصل' سيليكون (Écarteurs) تتباع في الصيدلية باش تنقص الوجيعة. إذا العظم ولى يسطر عليك وما عادش تنجم تمشي، وقتها الجراحة تولي هي الحل.,native
advice_guidance,عندي ريحة كريهة (مطعم الفم) في فمي رغم اللي نحك في سنيا 3 مرات في النهار، شنوة السبب؟,الريحة موش ديما من السنان. تنجم تكون من 'اللسان' (لازم يتحك بالبروس)، ولا من 'اللوزتين' (Amygdales) كي يبدأ فيهم كلكار أبيض، ولا حتى من المعدة. زادة 'شياح الفم' يعمل ريحة. اشرب برشا ماء، استعمل 'خيط السنان' باش تنحي الماكلة اللي بين الضروس، وإذا قعدت، شوف طبيب معدة ولا حنجرة.,native
advice_guidance,يا دكتور، التنسيون متاعي ديما 15/9، نحس راسي ثقيل وساعات نلقى دم في نيفي، هل لازم دواء؟,15/9 تتسمى 'تنسيون' طالعة (ارتفاع الضغط). لازم تقيسها مدة 3 أيام (الصباح والليل) وإنت مرتاح. إذا قعدت هكاكة، لازم تبدأ دواء وتلتزم بـ 'حمية' ناقصة ملح. التنسيون تتسمى 'القاتل الصامت' خاطر ما توجعش ديما، أما تتعب القلب والعروق على الطويل. ابعد على الستريس وكول الخضرة.,native
advice_guidance,وليت نخاف من الأماكن المسكرة (رهاب الأماكن المغلقة) ولا كي يبدأ فما غاشي برشا، نحس روحي باش نتخنق وقلبي يخرج من بلاصته؟,هذي تسمى 'نوبة هلع' (نوبة هلع). بدنك يخرج في 'أدرينالين' كأنك في خطر حقيقي. أحسن حاجة تعملها وقتها هي 'التنفس العميق' (شهيق طويل وزفير أطول). اعرف اللي هي حالة 'وهمية' وماكش باش تموت. حصص علاج نفسي تعاونك باش تواجه المخاوف هذي بالسياسة لين تتنحى جملة.,native
advice_guidance,يا دكتور، ظوافري (Ongles) ولات صفراء وكاسحة وتتفتفت، وساعات تطلع منها ريحة موش باهية، شنوة الحل؟,هذي غالباً 'فطريات الأظافر' (فطريات الأظافر). الفطريات تعشش لداخل والظفر يولي يحميها. لازم الصبر خاطر العلاج ياخذ وقت (بين 3 و6 شهور). فما 'فرني' (Vernis) طبي يتباع في الصيدلية، وإذا الحالة متقدمة، الطبيب يعطيك حرابش. حاول ديما شيّح ساقيك مليح بعد الوضوء ولا الدوش وما تلبسش صباط غيرك.,native
advice_guidance,عندي وجيعة في كرشي ديما تجي مع القلق (ضغط نفسي)، وساعات نلقى روحي مقبوض (إمساك) وأيام أخرى مجري (إسهال)؟,هذا يتسمى 'القولون العصبي' (القولون العصبي). المصران يتأثر برشا بالحالة النفسية. الحل موش دوايات بركة، بل لازم تنظم ماكلتك: ابعد على البقول والحاجات اللي تعمل الغازات، كول الألياف، ومارس الرياضة باش تنقص الستريس. فما دوايات ترخي المصران وتعدل الخروج توصفها الطبيب حسب حالتك.,native
advice_guidance,يا دكتور، تجيني شقيقة (الشقيقة) قوية في شطر راسي، نحس عيني باش تخرج ونولي ما نطيقش الضوء ولا الحس؟,الشقيقة مرض مزمن ولازم تعرف 'المحفزات' متاعها (سخانة، قلة نوم، شوكولاطة، ولا ريحة قوية). كي تبدأ النوبة، ارقد في بيت ظلمة وساكتة وخذ مسكن للوجيعة في أول الوجيعة. إذا النوبات تتكرر برشا مرات في الشهر، فما علاج 'وقائي' (Traitement de fond) يخلي الوجيعة تجيك أخف وأقل مرات.,native
advice_guidance,بنتي ديما تقرّص (Grincement des dents) بسنانها وهي راقدة، ونسمع في حس قوي، هل هو خوف ولا ديدان؟,تقريص السنان (صرير الأسنان) عند الصغار شائع. ينجم يكون سببه قلق ولا تعب، وساعات كي تبدأ تطلع في الضروس. الأسطورة اللي تقول 'لازمها دواء ديدان' موش ديما صحيحة، أما ما يمنعش نثبتوا. الأغلب أنها تتنحى وحدها كي تكبر، أما إذا قعدت، لازم يشوفها دونتيست باش سنانها ما يتمسحوش.,native
advice_guidance,خشمي ديما مسكر (خشم مسدود) خاصة في الليل، وما عادش نشم الريحة مليح، وديما نحس في ثقل فوق عينيا؟,هذي علامات 'التهاب الجيوب الأنفية المزمن' (التهاب الجيوب الأنفية chronique) ولا وجود 'لحمات' في الخشم (أورام حميدة). لازمك تعمل 'راديو' (Scanner) باش نثبتوا. استعمل بخاخة 'ماء البحر' ديما باش تنظف المسالك، وفما بخاخات فيها 'كورتيكويد' تسرح الخشم وتنقص الالتهاب، يكتبهم الطبيب بعد الفحص.,native
advice_guidance,يدي ترقد عليا (Paresthésie) في الليل، ونحس بـ تنميل في صوابعي الثلاثة الأولين، وساعات نفيق من الوجيعة؟,هذا يتسمى 'انحباس العصب في المعصم' (متلازمة النفق الرسغي). العصب يتخنق لداخل خاصة للي يخدموا بيديهم برشا. جرب استعمل 'باندة' كاسحة (جبيرة) في الليل باش تخلي يدك مستوية. إذا التنميل قعد نهار كامل، لازم تعمل 'تخطيط أعصاب' (تخطيط العضل) باش نعرفوا هل تستحق زريقة ولا عملية صغيرة تسرح العصب.,native
advice_guidance,نحس في قلبي يدق بقوة (دقان قوي في القلب) فجأة ومن بعد يرجع لاباس، كأنه فرخ ينقز في صدري؟,دقات القلب السريعة تنجم تكون من كثرة 'القهوة'، 'التدخين'، ولا الستريس. أما لازم نثبتوا لا يكون فما 'فقر دم' (فقر الدم) ولا قلق في 'الغدة'. أحسن حاجة تعملها هي 'تخطيط قلب' (رسم القلب) وقت اللي تجيك الدقة، ولا الطبيب يركب لك ماكينة صغيرة (هولتر القلب) تقيس الدقات 24 ساعة باش يعرف نوع 'الارتحاف'.,native
advice_guidance,يا دكتور، العادة الشهرية ولات تجيني بوجيعة كبيرة (Règles douloureuses) وما عادش نقدر حتى نتحرك؟,الوجيعة القوية برشا لازمها تثبيت بـ 'الإيكو' لا يكون فما 'كيس' (Kyste) ولا حالة تسمى (انتباذ رحمي). خذي مسكنات (مضادات التشنج) قبل ما تبدأ الوجيعة بقليل، واستعمل 'قربة ماء دافي' على كرشك. إذا الوجيعة تمنعك من القراية ولا الخدمة، لازم طبيب النساء يعطيك علاج يعدل الهرمونات.,native
advice_guidance,وليت نحبس (Blocage) كي نجي نحكي قدام الناس، وجهي يحمار، ونحس روحي باش ندوخ ونحب نهرب؟,هذا يتسمى 'الرهاب الاجتماعي' (رهاب اجتماعي). هو خوف مبالغ فيه من نظرة الناس والتقييم متاعهم. الحل هو 'المواجهة' بالسياسة (Exposition graduée). تمارين التنفس تعاونك باش تهدي بدنك قبل ما تتكلم. طبيب نفساني ينجم يعاونك بحصص كلام باش ترجع لك الثقة في روحك وتفهم اللي الناس موش مركزة معاك كيف ما تتخيل.,native
advice_guidance,يا دكتور، الشبّت (قشرة الرأس) هبلني في شعري، وديما نحك وراسي ديما يتزيّت، شنوة الحل؟,هذي تسمى 'التهاب الجلد الدهني' (التهاب جلدي دهني). هي فطرية تحب الزيت. استعمل شامبو مضاد للفطريات (فيه كيتوكونازول) مرتين في الجمعة، وخليه 5 دقائق قبل ما تغسل. نقص من الماكلة اللي فيها برشا سكر وشحوم خاطر تزيد تزيّت الجلدة، وحاول ما تغسلش شعرك بماء سخون برشا.,native
advice_guidance,ولدي عمره عامين، ديما نفسه يزيّفر (تزفير) خاصة كي يبرد الطقس، وساعات يولي ينهج وحده؟,هذا ينجم يكون 'ربو الصغار' (Asthme du nourrisson). الصدر يولي حساس للغبرة، الروائح القوية، والبرد. لازم تبعد عليه الدخان جملة (حتى في الشرفة)، وما تحطلوش دباديب (ألعاب صوف) في فرشه خاطر تلم الغبرة. الطبيب يعطيه بخاخة (Ventaline) تعاون العروق باش تتحل وقت الأزمة.,native
advice_guidance,نسمع في وشوشة (Bourdonnement) في وذني، ونحسها مسكرة كأني تحت الماء، هل هو كلكار؟,إي نعم، الأغلب أنها 'سدادة كلكار' (سدادة الشمع في الودن). ابعد على 'القطن' (Coton-tige) خاطر يدز الكلكار لداخل وما يخرجوش. استعمل قطرات من الصيدلية تذوب الكلكار، وإذا ما تحلتش، الطبيب ينحيهالك بالماء (Lavage) ولا بشفاط صغير. تو يرجع لك السمع صافي في لحظتها.,native
advice_guidance,عندي وجيعة في عرقوب ساقي (Talon) خاصة كي نفيق الصباح ونحط ساقي على القاعة، ومن بعد تمشي؟,هذي تسمى 'التهاب اللفافة الأخمصية' (التهاب اللفافة الأخمصية). العضلة اللي تحت الساق تتجبد. استعمل صباط فيه 'طالون' طري شوية، واعمل تمارين تمديد (Étirements) للساق قبل ما تقوم من الفرش. زادة تنقيص الميزان ينقص الضغط على العرقوب ويخفف الوجيعة.,native
advice_guidance,يا دكتور، وليت نقوم برشا مرات في الليل لبيت الراحة، ونحس البول ما يخرجش بقوة، شنوة السبب؟,عند الرجال، هذي علامات 'البروستاتا' (البروستاتة). مع العمر تكبر وتولي تضغط على عرق البول. لازم تعمل تحليل (PSA) وإيكو باش نثبتوا. فما دوايات ترخي العضلة وتسهل الخروج. ابعد على شرب الماء برشا قبل النوم بساعتين، وزور طبيب مجاري بولية للفحص.,native
advice_guidance,عندي أرق (أرق) كبير، نعدي الليل نغزر للسقف وما يجينيش النوم، وتعبت في خدمتي؟,النوم يبدأ بـ 'نظافة النوم'. سكر التلفزة والتلفون ساعة قبل ما ترقد، خاطر الضوء الأزرق يطرد النوم. خلي بيتك باردة وشوية ظلمة. ابعد على القهوة بعد الـ 4 متاع العشية. إذا مخك 'يشكشك' بالأفكار، اكتبهم في ورقة قبل ما ترقد باش تفرغ راسك. إذا طالت الحكاية، طبيب ينجم يعاونك بحلول طبيعية ولا دوايات خفيفة.,native
advice_guidance,يا دكتور، صوابع يديا يتقشروا برشا والجلدة ولات كاسحة وتوجعني كي نمس الماء، خاصة الصوابع اللي نخدم بيهم؟,هذي تسمى 'إكزيما التماس' (أكزيما التلامس). جلدتك تتحسس من مواد معينة كيف الصابون، 'الجافيل'، ولا حتى المواد اللي تستعملها في خدمتك. الحل الأول هو الوقاية: البس 'ڨوانتوات' (Gants) ديما كي تمس سوائل، واستعمل مراهم مرطبة قوية فيها 'الفيزلين' باش ترجع الطراوة للجلدة وتتسكر التشققات.,native
advice_guidance,عندي وجيعة قوية في جنبي اليمين من لوطة، وبدأت تطلع لي السخانة ونحس في روحي باش نرد، شنوة نعمل؟,الوجيعة في الجهة اليمين لوطة مع سخانة وردان تنجم تكون 'المصرانة الزايدة' (التهاب الزائدة). لازمك تمشي للاستعجالي فوراً باش تعمل تحليل دم وإيكو. ما تأخذ حتى مسكن للوجيعة توة وما تاكل شيء لين يشوفك الجراح، خاطر المصرانة الزايدة لازمها تدخل سريع قبل ما 'تطرشق'.,native
advice_guidance,يا دكتور، ساعات تجيني غمّة وتنميل في شطر بدني، ولساني يولي ثقيل ما نجمش نخرج الكلمة، ومن بعد ترجع لاباس؟,هذي علامة خطيرة تسمى 'جلطة عابرة' (AIT). هي إنذار اللي عروق المخ تنجم تتسكر في أي وقت. حتى لو كان الحالة مشات وحدها، لازم تمشي للطبيب فوراً تعمل راديو (Scanner/رنين مغناطيسي) وتثبت في التنسيون والسكر. هذي فرصة باش تمنع جلطة كبيرة لا قدر الله.,native
advice_guidance,ولدي عمره 4 سنين، عنده سخانة (Fièvre) قوية وصدره يخرخش، وما يحبش يهبطها حتى بالتحاميل، شنوة الحل؟,السخانة هي رد فعل من البدن ضد تعفن. إذا فاتت 38.5 وما هبطتش، استعمل 'كمادات' ماء دافئ (موش بارد برشا) ونقص له في الحوايج. إذا الصدر 'يخرخش'، لازم طبيب يسمعه بالسماعة لا تكون 'نزلة صدرية' (التهاب الشعب الهوائية) تستحق 'أنتي بيوتيك'. أهم حاجة شربه برشا ماء باش ما يشيحش.,native
advice_guidance,عيني ولات حمراء (Œil rouge) وتحرق فيا، ونلقى فيها عماص (إفرازات) أصفر كي نفيق الصباح، شنوة نعمل؟,هذا 'الرمد' ولا التهاب ملتحمة العين (التهاب الملتحمة). هو معدي برشا، ابعد على حك عينك بيدك وما تستعملش منشفة غيرك. اغسل عينك بالـ (Sérum physiologique) واستعمل قطرات معقمة (قطرات عين). إذا الرؤية ولات ضبابية ولا الوجيعة قوية لداخل، لازم يشوفك طبيب عينين فوراً.,native
advice_guidance,عملت التواء (لوية) في كاحل ساقي وأنا نلعب كورة، تنفخت برشا وما عادش نجم ناقف عليها، هل هي مكسورة؟,النفخ وعدم القدرة على الوقوف لازمو'راديو' (راديو) للتأكد اللي ما فماش كسر. حالياً، طبق قاعدة (RICE): راحة (Repos)، ثلج (Glace) فوق النفخ، 'باندة' خفيفة (Compression)، وارفع ساقك للفوق. ابعد على 'التدليك' الشعبي توة خاطر ينجم يزيد الالتهاب.,native
advice_guidance,يا دكتور، عندي وجيعة تقطع في ظهري من لوطة وتهبط حتى لـ النبّالة، ونحس روحي نحب نبول وما نجمش؟,هذي تسمى 'أزمة كليوة' (مغص كلوي)، والأغلب سببها 'حجرة' (Calcul) حصلت في مجرى البول. اشرب برشا ماء وحاول تتحرك. خوذ مسكنات قوية ومضادات للتشنج (مضادات التشنج). إذا الوجيعة معاها سخانة ولا البول فيه دم، لازم تمشي للاستعجالي باش الحجرة ما تحبسش عمل الكلاوي.,native
advice_guidance,يا دكتور، شعري يطيح برشا وظوافري ديما يتكسروا، وديما نحس في روحي فاشلة وتعبة؟,هذي علامات نقص 'الحديد' ولا 'فقر دم' (فقر الدم)، وساعات نقص في 'فيتامين D' ولا قلق في 'الغدة'. لازم تعمل تحليل دم (NFS et Ferritine) باش نشوفوا المخزون. كول الماكلة اللي فيها الحديد كيف العدس، السبانخ، واللحم الأحمر، وابعد على شرب 'التاي' مباشرة بعد الماكلة خاطر يمنع امتصاص الحديد.,native
advice_guidance,وليت نخاف برشا من الموت، وديما نتخيل اللي باش تصير لي كارثة، وما عادش نجم نركز في حتى شيء؟,هذا يسمى 'القلق العام' (قلق عام). مخك ديما في حالة استنفار لسبب ولا لغير سبب. هذا يتعب البدن والروح. تعلم تقنيات 'الاسترخاء' وابعد على الأخبار اللي تقلقك. الحديث مع طبيب نفساني يعاونك برشا باش تفهم اللي الأفكار هذي جوست 'أوهام' وماهيش حقيقة، وفما دوايات خفيفة تنجم تريحك وتخليك ترجع لنمط حياتك العادي.,native
advice_guidance,يا دكتور، عندي نقط حمراء (Pétéchies) ظهرت لي في ساقيا وصدري كأنها ضربات إبرة، وما تحكش وما تمشيش كي ننزل عليها؟,النقط هذي لازمها فحص سريع وتحليل دم (NFS) باش نثبتوا في 'الصفائح' (صفائح دموية). إذا كانت ناقصة، الدم يخرج تحت الجلدة. ابعد على أخذ 'الأسبرين' ولا 'مضادات الالتهاب' توة لين يشوفك الطبيب، خاطر ينجموا يزيدوا في سيلان الدم. السكوت عليها موش باهي لازم التأكد من سلامة الدورة الدموية.,native
advice_guidance,عندي مرارة في فمي كي نفيق الصباح، ونحس بوجيعة في جنبي اليمين الفوق تهبط لي حتى لكتفي، شنوة هذا؟,الوجيعة هذي مع المرارة في الفم غالباً ما تكون سببه 'المرارة' (المرارة)، تنجم تكون فيها 'حجر' ولا التهاب. الوجيعة تزيد خاصة بعد ما تأكل حاجة فيها برشا 'شحم' ولا مقلي. لازم تعمل 'إيكو' (Échographie) على الكرش باش نشوفوا وضعية المرارة وقنوات الكبد. حالياً ابعد على الماكلة الرزينة.,native
advice_guidance,يا دكتور، ساعات يدي تخضخض وحدهـا (Fasciculations) ونشوف في العضلة تتحرك تحت الجلدة كأنه فما فار يلعب، هل هو عرق مقروص؟,في أغلب الحالات، هذي جوست 'تعب عضلي' ولا نقص في 'المغنيزيوم' (مغنيزيوم) بسبب الستريس ولا قلة النوم. خوذ قسط من الراحة وجرب كُل الموز (البنان) ولا خوذ مكمل مغنيزيوم. إذا الحكاية ولات معاها 'فشل' في اليد ولا العضلة ولات 'تمصمص' (نقصت في الحجم)، وقتها لازم فحص أعصاب معمق.,native
advice_guidance,عندي دوار (Vertige) قوي، الدنيا تدور بيا كي نلفت راسي لليسار ولا كي نجي نتقلب في الفرش، شنوة السبب؟,هذا يسمى 'دوار الوضعية' (دوخة وضعية حميدة)، وسببه 'حجرات' صغيرة في الوذن الوسطى تحركت من بلاصتها. الطبيب (ORL) ينجم يصلحها في لحظتها بـ 'حركة' معينة بالرأس (Manœuvre de Libératoire). ابعد على الحركات الفجئية توة، وتجنب السياقة لين تركز، والعلاج الطبيعي للوذن فعال برشا في الحالة هذي.,native
advice_guidance,يا دكتور، البول متاعي فيه رغوة (Mousse) برشا ديما، هل هذا عادي؟,الرغوة الكثيرة في البول تنجم تكون علامة على وجود 'بروتين' (بروتين في البول)، وهذا يعني اللي 'الكلاوي' تنجم تكون قاعدة تسرب في حاجات لازم تبقى في البدن. لازم تعمل تحليل بول (Albuminurie) وتثبت في التنسيون. ساعات تكون جوست قوة دفع البول، أما التحليل هو اللي يقطع الشك باليقين.,native
advice_guidance,نحس في نهجة (ضيق نفس) كي نطلع الدروج، وساعات ساقيا يتنفخوا في الليل وكي ننزل عليهم بصباعي يخلي أثر؟,النهجة مع نفخ الساقين علامات تنجم تدل على 'تعب في القلب' (قصور القلب). القلب ما عادش يضخ الدم بقوة، فيتحصر الماء في الساقين والرئة. لازم تعمل 'إيكو قلب' وفحص عند طبيب قلب. نقص من الملح جملة في الماكلة توة، وارفع ساقيك كي تقعد باش تعاون الدورة الدموية.,native
advice_guidance,يا دكتور، عندي بقع بيضاء (Pityriasis versicolor) ظهرت لي في ظهري ورقبتي بعد ما عمت في البحر، هل هي برص؟,لا ما تخافش، هذا موش برص، هذي 'فطريات' (فطريات) تجي من السخانة والعرق والرطوبة. تتسمى 'تنيّة'. استعمل 'شامبو' طبي (كيتوكونازول) ادهن بيه البلايص وهوما شايحين وخليه 10 دقائق ومن بعد ادوش، وعاودها مدة جمعة. لازمك تشيح بدنك مليح بعد كل دوش وتبدل حوايجك ديما.,native
advice_guidance,يا دكتور، عندي دم أحمر يخرج كي نمشي لبيت الراحة، ومعاها وجيعة و سطرة تقعد حتى بعد ما نخرج، زعمة مواسير؟,الدم الأحمر مع الوجيعة ينجم يكون 'مواسير' (عذر) ولا 'جرح' (Fissure anale). لازمك تبعد على 'القبض' (إمساك) بأي طريقة: كُل الخضرة، الغلال، واشرب برشا ماء. استعمل مراهم مهدئة، وإذا الدم بقى يخرج برشا، لازم فحص عند طبيب مختص للتأكد اللي ما فماش سبب آخر لداخل.,native
advice_guidance,ولدي الصغير ديما يحك في خشمو وعينيه ديما يدمعوا ويحماروا كي يخرج للشارع ولا كي يمس قطوسة؟,هذي 'حساسية' (حساسية) واضحة، تنجم تكون من 'النوار' (Pollen) ولا من وبر الحيوانات. خشمو وعينيه هوما اللي يتأثروا الأولين. استعمل بخاخة ماء بحر لتنظيف الخشم وقطرات مهدئة للعين. حاول ابعده على مسببات الحساسية، وإذا قعد ينهج ولا يكح، لازم طبيب يشوفه لا تكون بداية 'ضيق' (Asthme).,native
advice_guidance,يا دكتور، وليت نشوف في ذبان طائر (ذبان العين) ولا خيوط كحلة تتحرك قدام عيني كي نغزر للسماء ولا لحيط أبيض؟,هذي تسمى 'الذبابة الطائرة'. هي جوست شوائب في السائل اللي داخل العين. الاكثرية ماهيش خطيرة ومخك تو يستانس بيها. أما، إذا شفت 'فلاشات' ضوء قوية ولا 'ستارة' كحلة غطت لك الشوف، وقتها لازم تمشي للاستعجالي فوراً خوفاً من 'انفصال الشبكية' (Décollement de rétine).,native
advice_guidance,ركبتي تطقطق كي نطلع الدروج ووجيعتها تزيد خاصة كي نجي نصلي ونثني ساقي، هل هو نقص زيت؟,هذا ما يسمى 'احتكاك الركبة' (فصال عظمي / تآكل المفاصل). الغضروف اللي بين العظم بدأ يرهف. لازمك تنقص في الميزان باش تخفف الضغط على الركبة، وتعمل تمارين تقوية لعضلات الفخذ باش هي تهز البدن في عوض العظم. ابعد على 'التربيع' وقعدان القرفصاء برشا، واستعمل مسكنات ومراهم كي تقوى عليك الوجيعة.,native
advice_guidance,البول متاعي ولى غامق برشا (كيف التاي) ومعاه وجيعة في كرشي وعيني ولات صفراء؟,البول الغامق مع اصفرار العين علامة على وجود مشكل في 'الكبدة' ولا 'المرارة' (يرقان/Boutarfa). المادة الصفراء قاعدة تخرج في البول. لازم تعمل تحاليل كبدة (Bilan hépatique) وإيكو فوراً. ابعد على الماكلة اللي فيها برشا شحم، وما تأخذ حتى دواء من راسك خاطر الكبدة توة تعبانة ولازمها راحة وفحص طبي.,native
advice_guidance,نحس بـ ثقل كبير على صدري (وجيعة القراجم) كأنه فما بلاطة محطوطة فوقي، والوجيعة تطلع لفكّي وكتفي اليسار؟,هذي علامة 'ذبحة صدرية' ولازم تتعامل معاها بجدية قصوى. إذا الوجيعة جاتك وإنت تعمل في مجهود ولا حتى وإنت مرتاح، لازم تمشي للاستعجالي فوراً تعمل 'تخطيط قلب' (رسم القلب) وتحليل أنزيمات. ما تعمل حتى مجهود، ارتاح واطلب الإسعاف، خاطر الدقائق الأولى هي اللي تمنع 'الجلطة' (نوبة قلبية).,native
advice_guidance,عندي الشحم في الدم (الكوليسترول) طالع برشا، والطبيب قالي لازمك ريجيم، شنوة ناكل وشنوة لا؟,الكلسترول العالي يحب 'الحركة' والماكلة الصحية. ابعد على 'المقلي'، 'الزبدة'، واللحوم الحمراء السمينة. كُل الحوت، وزيت الزيتونة (باعتدال)، وكثر من الخضرة والماكلة اللي فيها 'الألياف' كيف النخالة. 'المشي' السريع كل يوم يعاون بدنك باش يحرق الشحوم الخايبة ويطلع الشحوم الباهية (HDL).,native
advice_guidance,عندي وسواس (TOC) من النظافة، نغسل يديا 20 مرة في الساعة ونعاود نسكر الباب برشا مرات، تعبت؟,الوسواس القهري هو اضطراب يخلي المخ 'يتحصر' في فكرة وحدة وما يرتاح إلا كي يطبقها. هذا مرض كيميائي وموش قلة إيمان ولا ضعف شخصية. العلاج السلوكي (العلاج المعرفي السلوكي) مع دوايات تعدل السيروتونين في المخ يعطيو نتائج ممتازة. لازمك تشوف مختص باش يعاونك تكسر 'الحلقة' المفرغة هذي وترجع تعيش حياتك عادي.,native
advice_guidance,يا دكتور، طلعت لي حبة (Bouton) كبيرة تحت الإبط توجع برشا، ومنفوخة وراسها أحمر، هل نعصرها باش تخرج القلق؟,رد بالك 'تعصرها' بيديك! هذي تسمى 'دبيلة' (دُمَّل). العصر ينجم يدز الميكروب لداخل ويعملك تعفن في الدم. استعمل 'كمادات' ماء دافي باش تطيب وحدها وتتفتح، واستعمل مرهم (مرهم) فيه 'أنتي بيوتيك'. إذا تكررت برشا مرات في بلايص مختلفة، لازم تعمل تحليل سكر وتثبت في المناعة متاعك.,native
advice_guidance,ديما عندي غازات (نفخة) في كرشي، ونحس روحي منفوخ كأني بالـع كورة، وديما نترع برشا؟,كثرة الغازات تجي من 'ماكلة الزربة' (تبلع الهواء) ولا من أنواع معينة متاع ماكلة كيف الحمص، اللوبيا، والكرمب. جرب امضغ الماكلة مليح، وابعد على المشروبات الغازية و 'العلكة' (Chewing-gum). فما دواء فيه 'الفحم المنشط' (Charbon) يمتص الغازات ويريحك، وإذا القلق قعد، لازم تثبت لا يكون عندك 'جرثومة المعدة' (H. Pylori).,native
advice_guidance,يا دكتور، ساعات عيني ترف (Fasciculation de la paupière) وحدها، تقعد دقيقة وترجع، هل هي علامة فجع ولا عين؟,لا عين لا فجع، هذي تسمى 'رفة العين' وسببها علمياً هو 'التعب' (تعب) ولا كثرة المنبهات كيف القهوة والتاي، وساعات نقص في 'المغنيزيوم'. بدنك قاعد يقولك 'ارتاح'. ارقد مليح، نقص من الكافيين، وإذا طولت برشا، خوذ مكملات مغنيزيوم تو تمشي وحدها بالوقت.,native
advice_guidance,يا دكتور، وذني تصفر (طنين في الوذن) ديما، حس كأنه سافّارة ما تحبش تسكت، خاصة كي تبدأ الدنيا ساكتة؟,الصفير في الوذن عنده برشا أسباب: تنجم تكون وذنك مسكرة بالكلكار، ولا تعب في 'عصب السمع' بسبب الحس القوي (Les écouteurs). ابعد على الحس، ونقص من الملح والستريس. لازم تعمل 'تخطيط سمع' (مخطط السمع) عند الطبيب باش يثبت في قوة السمع ويشوف هل فما دواء يحسن الدورة الدموية في الوذن ويخفف الصفير.,native
advice_guidance,ظهري مقوس (انحناء العمود الفقري) ونحس بكتف طالع على كتف، هل الحزام الكاسح يصلح العظم؟,الحزام وحده ما يصلحش التقوس، وساعات يضعف عضلات الظهر أكثر. السكوليوز لازمها تشخيص بـ 'الراديو' باش نعرفوا درجة الميلان. الحل الأحسن هو 'العلاج الطبيعي' (علاج طبيعي) لتقوية العضلات اللي شادة العمود الفقري، والسباحة باهية برشا. إذا التقوس كبير، الطبيب المختص هو اللي يقرر نوع 'الكرسي' (Corset) ولا التدخل اللازم.,native
advice_guidance,عندي حرقان قوي كي نجي نبول، ونحس روحي ديما مزصور (Urgence) نخرج كان قطرات ويوجعوني؟,هذا 'تعفن في المسالك البولية' (عدوى بولية). لازمك تشرب برشا ماء (أكثر من 2 لتر) باش تنظف المثانة، وتعمل 'تحليل بول' (تحليل البول) باش نعرفوا نوع الجرثومة ونعطيوك 'الأنتي بيوتيك' المناسب. ما تسكتش عليها خاطر الميكروب ينجم يطلّع لـ 'الكلاوي' ويعمل مشاكل أكبر.,native
advice_guidance,يا دكتور، عندي الغدة الدرقية (الغدة الدرقية) منفوخة، ونحس في روحي نرجف وديما عرقان ونقصت في الميزان برشا؟,هذي علامات 'فرط نشاط الغدة' (فرط نشاط الغدة الدرقية). الغدة قاعدة تخدم أكثر من اللازم وتسرع في بدنك الكل. لازم تعمل تحليل (هرمون الغدة الدرقية) وإيكو فوراً. فما دوايات تعدل الخدمة متاعها وترجعلك بدنك لنسقه العادي. ابعد على الستريس والقهوة توة لين تتعدل الهرمونات، وتبع مع طبيب مختص.,native
advice_guidance,أول ما نأكل الحوت ولا الڨنارية، بدني الكل يتحبب (شرى) ويولي يحك فيا ويحمار، شنوة نعمل؟,هذي 'حساسية ماكلة'. بدنك يعتبر البروتين هذا عدو ويخرج 'الهيستامين'. في الحالات هذي، لازمك تبعد على الماكلة اللي تقلقك تماماً. إذا شفت شفايفك تنفخوا ولا بدأت تتخنق، لازم تمشي للاستعجالي فوراً. خوذ 'أنتي هيستامين' (مضاد الهيستامين) باش تهدي الحكاية، واستحفظ على روحك.,native
advice_guidance,يا دكتور، راسي يوجع فيا كأنه مربوط بمحرمة وكابس عليا من الجهتين (Tension headache)، خاصة كي نتعب؟,هذا 'صداع التوتر'. سببه موش مرض في الراس، بل عضلات الرقبة والراس اللي تتكبس بسبب 'الستريس' ولا قعدة غالطة قدام الكمبيوتر. خوذ مسكن بسيط (دواء الحمى)، واعمل مساج خفيف لرقبتك، وحاول ارقد في وقت منظم. إذا الوجيعة ولات معاها دوار ولا تقيؤ، وقتها لازم فحص أعمق.,native
advice_guidance,ولدي عمره 6 شهور، بدأت نأكل فيه، أما ديما عنده قبض (إمساك) ويقعد بالأيام ما يمشيش لبيت الراحة؟,هذا عادي كي يبدأ الصغير يكتشف الماكلة. كثر له من 'الماء' وعطيه 'عصير البرڨودو' (Pruneaux) ولا القرع الأحمر المطبوخ خاطر فيهم ألياف. اعمل له مساج خفيف لكرشه في اتجاه عقارب الساعة. ابعد على استعمال 'الشميعات' (لبوس) ديما باش المصران ما يعكزش ويستانس يخدم وحده.,native
advice_guidance,عيني ولات شايحة (جفاف العين) وتحرق فيا كأنه فيها رمل، خاصة كي نقعد برشا قدام التلفون؟,هذا بسبب نقص الدموع ولا 'التبخر' السريع متاعها خاطر ما نغمضوش عينينا برشا قدام الشاشات. استعمل 'دموع اصطناعية' (قطرات ترطيب العين) تتباع في الصيدلية باش ترطب العين. طبق قاعدة 20-20-20: كل 20 دقيقة، اغزر لبعيد (6 أمتار) لمدة 20 ثانية باش تريح عينك وتنقص من الجفاف.,native
advice_guidance,ظهري يوجع فيا الوجيعة الهابطة (عرق الاسى)، نحس بـ تريسيتي ماشية من فخذي حتى لصوابع ساقي؟,هذا عرق 'السكياتيك' مقروص، والأغلب سببه 'عرقوب' (انزلاق غضروفي) ضاغط على العصب. لازمك الراحة في الأول، وابعد على هزّان الرزين. خوذ دوايات مضادة للالتهاب ومرخيات عضلات. إذا حسيت بـ 'فشل' في ساقك ولا ما عادش تتحكم في البول، لازم تمشي للاستعجالي فوراً خاطر الحالة تولي استعجالية.,native
advice_guidance,يا دكتور، نلقى ساعات دم (دم في البول) في البول، أما ما عندي حتى وجيعة، هل هي حاجة تخوف؟,الدم في البول من غير وجيعة لازم يتم التحري فيه بجدية، خاصة عند الكبار ولا اللي يتكيفوا. لازم تعمل 'إيكو' وتحليل بول، وساعات الطبيب يطلب 'منظار' (Cystoscopie) للنبّالة (المثانة) للتأكد اللي ما فماش 'ولسيسة' ولا لحمة قاعدة تسيل بالدم. ما تستنىش لين ترجع لك، امشي ثبت من توة.,native
advice_guidance,ديما عندي الفشل وراسي يدور كي ناقف فجأة، ونحس تنسيوني طايحة، شنوة نعمل؟,هذا يتسمى 'هبوط ضغط وضعي' (انخفاض ضغط عند الوقوف). الدم ما يطلّعش للمخ بسرعة كي تتبدل وضعيتك. جرب 'اقف بالسياسة' (عقد مرحلتين)، اشرب الماء برشا، وزيد شوية ملح في ماكلتك إذا كانت تنسيونك ديما طايحة. إذا الدوخة تجيك معاها 'غيبة على الوعي'، لازم تخطيط قلب وفحص أعصاب.,native
advice_guidance,يا دكتور، نحب نسمن (زيادة الوزن) جربت كل شيء وما نفعش، وبدني ديما ضعيف، هل فما سيرو يحل الشهية؟,قبل السيرو، لازم نثبتوا لا يكون عندك 'فقر دم'، 'ديدان'، ولا 'غدة' تخدم برشا. الضعف الزايد ينجم يكون طبيعة بدن، أما إذا تحب تسمن بطريقة صحية، ركز على الماكلة اللي فيها سعرات حرارية عالية ومفيدة كيف المكسرات، زيت الزيتونة، والعسل. العب رياضة باش تبني 'عضلات' موش شحم، وابعد على الخلطات المجهولة.,native
advice_guidance,عندي فم معدة يوجع فيا برشا كي نأكل الحار ولا القارص، ونحس بـ ثقل كأني هاضم حجرة؟,الوجيعة هذي تسمى 'التهاب المعدة' (التهاب المعدة). المعدة بدأت تتحسس من الأسيد. لازم تبعد تماماً على الحار، القارص، المشروبات الغازية، و 'الأسبرين'. جرب كُل وجبات صغيرة ومنظمة. إذا الوجيعة معاها 'فشل' ولا الميزان قاعد يطيح، لازم تعمل 'تحليل الجرثومة' (H. Pylori) ومنظار باش ترتاح بصفة نهائية بدواء مناسب.,native
advice_guidance,يا دكتور، ساعات لساني يثقل (Dysarthrie) وما نجمش نخرج الكلمة صحيحة، وتحس وجهي تعوج شوية ومن بعد يرجع؟,هذي علامة 'إنذار' قوية برشا تسمى 'جلطة عابرة' (AIT). حتى لو كان الحالة مشات ورجعت لاباس، راهو فما عرق في المخ تسكر وتحل. لازم تمشي للاستعجالي فوراً تعمل 'سكانير' ولا رنين مغناطيسي. ما تستناش غدوة، خاطر الجلطة الكبيرة تنجم تجي في أي لحظة. السكوت في الحالة هذي يمثل خطر على حياتك.,native
advice_guidance,بنتي عمرها عامين، ديما تحك في مخرجها (Anus) خاصة في الليل، وترقد قلقة برشا، زعمة ديدان؟,إي نعم، هذي علامات 'الديدان' (ديدان الأمعاء). يخرجوا في الليل باش يبيضوا وهذاك علاش الحكة تزيد بالليل. لازم تعطيها دواء للديدان (مرتين، بيناتهم جمعتين)، ولازم 'العائلة الكل' تشرب الدواء معاها باش ما تعديوهاش مرة أخرى. اغسل الأغطية والحوايج بماء سخون وقص لها ضوافرها مليح باش ما تهزش البيض تحتهم.,native
advice_guidance,خشمي ديما مسكر (خشم مسدود) ونشخر في الليل، وديما عندي بلغم (Mucus) هابط في قراجمي، هل هي حساسية؟,تنجم تكون حساسية، أما زادة تنجم تكون 'اعوجاج في الحاجز الأنفي' (Déviation de la cloison) ولا 'لحمات' (أورام حميدة). البلغم اللي يهبط التالي يعمل لك كحة شايحة وقلق. استعمل 'ماء البحر' ديما باش تنظف، وإذا الحالة متواصلة، لازم طبيب (ORL) يثبت بالمنظار الصغير باش يعرف هل تستحق بخاخة فيها 'كورتيكويد' ولا تدخل آخر.,native
advice_guidance,يدي تتنمّل (Fourmillements) عليا في الليل، خاصة الثلاث صوابع الأولين، ونضطر باش نفضها باش ترتاح؟,هذا يسمى 'انحصار العصب في المعصم' (متلازمة النفق الرسغي). العصب مضغوط في الرسغ. ابعد على الحركات المتكررة باليد وقعدة الكمبيوتر الغالطة. جرب البس 'جبيرة' (جبيرة) في الليل باش تخلي المعصم شايح. إذا التنميل ولى معاه 'فشل' في اليد وما عادش تنجم تشد الحاجات، وقتها لازم عملية بسيطة تسرح العصب.,native
advice_guidance,قلبي يخبط برشا (دقان قوي في القلب) وساعات نحس بـ دقة زايدة تقلقني، هل هو مرض في القلب؟,خبطان القلب سببه في أغلب الأحيان 'الستريس'، كثرة القهوة، ولا نقص 'المغنيزيوم'. أما لازم نثبتوا لا يكون فما 'أنيميا' (فقر دم) ولا قلق في 'الغدة'. ابعد على المنبهات وارقد مليح. إذا الدقات الزايدة معاها 'دوخة' ولا 'فشل'، لازم تعمل تخطيط قلب (رسم القلب) وساعات 'هولتر' (هولتر القلب) باش نثبتوا في دقاتك لمدة 24 ساعة.,native
advice_guidance,يا دكتور، بدأت نعمل في الرياضة ونحب نعرف شنوة أحسن وقت للماكلة، قبل ولا بعد؟,إذا تحب 'تحرق الشحم'، الرياضة على الريق (بشرط ما عندكش سكر) باهية. أما الأهم هو 'بعد الرياضة': لازم تأكل بروتين (عظم، حوت، دجاج) باش تبني العضلات، وشوية سكريات معقدة (روز، مقرونة) باش ترجع الطاقة. اشرب الماء بالباهي قبل، خلال، وبعد الحصة باش ما يجيكش 'تشنج عضلي' (تقلصات).,native
advice_guidance,عندي فوبيا (Phobie) من الأماكن المغلقة، ما نجمش نركب في الأسنسور ولا الكار كي تبدأ معبية؟,هذا يسمى 'رهاب الأماكن المغلقة' (رهاب الأماكن المغلقة). هو نوع من اضطراب القلق. مخك يبعث إشارة خطر في بلاصة عادية. العلاج بالتعرض التدريجي (Thérapie d'exposition) مع مختص نفسي يعطي نتائج هايلة. تعلم كيفاش تتحكم في 'نفسك' كي تجيك الأزمة، وتفكر اللي هي جوست فكرة في مخك وماهيش خطر حقيقي.,native
advice_guidance,كيفاش نتعلم ناجعاً وما ننساش اللي تعلمته؟,تعلم ناجع يعتمد على ثلاث تقنيات علمياً مثبتة. الأولى: التعلم المتباعد (مراجعة متباعدة) — بدل ما تذاكر 5 ساعات في يوم واحد، ذاكر كل يوم 30 دقيقة. موخك يحفظ أحسن بهذه الطريقة. الثانية: استرجاع المعلومة (استرجاع نشط) — بدل ما تقرأ فقط، اغلق الكتاب وحاول تتذكر شنوة قريت. هذا يرسّخ المعلومة. الثالثة: تقنية فاينمان — اشرح اللي تعلمته بلغة بسيطة كيما تشرحو لطفل. إذا ما قدرتش تشرحو، يعني ما فهمتوش مزيان. كمان، النوم مهم جداً — موخك يرسّخ المعلومات وقت النوم، فما تسهرش على حساب النوم باش تذاكر أكثر.,native
advice_guidance,كيفاش نسافر في تونس بميزانية محدودة؟,السفر في تونس بميزانية محدودة ممكن جداً إذا خططت مزيان. على مستوى الإقامة، الـ auberges de jeunesse (بيوت الشباب) والـ إيربانبي خيارات رخيصة وباهية. على مستوى التنقل، اللواجات والكار أرخص بكثير من التاكسي ولا كراء سيارة. للأكل، المطاعم الشعبية وكفتيريات الأحياء تعطيك أكل بنين بثمن معقول. خطط رحلتك مسبقاً وحجز التذاكر بكري يوفر عليك. الجهات الداخلية كالقيروان ودوز وتوزر رائعة وأرخص بكثير من المناطق السياحية على الساحل.,native
advice_guidance,شنوّة أحسن تمارين للأرجل؟,يوم الأرجل من أهم الأيام وأكثرها إهمالاً! Squat هو الملك بلا منازع — يخدم على الفخذ والعجيزة والظهر السفلي. Leg Press بديل باهي للي عنده مشكل في الظهر. خطوات الانقضاض تمرين ممتاز يبني التوازن والقوة. Leg Curl للـ hamstrings (عضلات الفخذ الخلفية) اللي برشا ناس ينساوها. Calf Raises للساقين — خوذ وقتك فيها على خاطر عضلة الساق صعيبة في التطوير. الأرجل يستحقوا يومين في الأسبوع لأنهم الجزء الأكبر من الجسم، وتدريبهم يرفع مستوى التستوستيرون في الجسم كامل.,native
advice_guidance,كيفاش نبني عضل بسرعة؟,بناء العضل يحتاج ثلاثة عناصر: تدريب صح، تغذية مناسبة، ونوم كافي. على مستوى التدريب، اشتغل بمبدأ التحميل التدريجي (التحميل التدريجي) — زيد الوزن ولا عدد التكرارات كل جمعة. على مستوى التغذية، البروتين هو الأساس: 1.6 إلى 2.2 غرام لكل كيلو من وزنك يومياً. مصادر البروتين: دجاج، بيض، تن، لبن، سمك. الكاربوهيدرات ضرورية زادة — تعطيك الطاقة للتدريب. وعلى مستوى النوم، 7-9 ساعات لازمة على خاطر هرمون النمو يُفرز وقت النوم. والصبر مهم: بناء عضل حقيقي ياخذ وقت.,native
task_oriented,كيفاش نتعلم البرمجة من الصفر؟,تعلم البرمجة من الصفر رحلة ممتعة إذا بدأت بالطريقة الصحيحة. أول حاجة، اختار لغة برمجة مناسبة للمبتدئين — بايتون هي الأنسب على خاطر كودها بسيط وقريب للغة الإنجليزية. ثانياً، اتعلم الأساسيات: المتغيرات (Variables)، الشروط (Conditions)، الحلقات (Loops)، والدوال (Functions). ثالثاً، ما تتعلمش نظري فقط — طبّق كل ما تتعلمه ببناء مشاريع صغيرة. رابعاً، استخدم موارد مجانية ممتازة كـ freeCodeCamp، CS50 من هارفرد، ولا YouTube. خامساً، انضم لمجتمعات المبرمجين. التعلم المستمر كل يوم شوية أفضل من الدراسة المكثفة في وقت قصير.,native
task_oriented,شنوّة الفرق بين تعدد المسارات و معالجة متعددة في بايتون؟,الفرق بين تعدد المسارات و معالجة متعددة أساسي في بايتون. بسبب الـ GIL (Global Interpreter Lock)، الـ تعدد المسارات ما يعطيكش توازي (parallelism) حقيقي للكود — الثريدات تتشارك نفس الذاكرة لكن ما يخدموش مع بعضهم في نفس الوقت بالحق. تعدد المسارات باهي للمهام اللي تستنى برشا (I/O-bound) كيف التعامل مع الملفات ولا الشبكة. أما معالجة متعددة فيشغّل عمليات مستقلة، كل وحدة عندها ذاكرتها الخاصة، ويستغل كل قلوب المعالج (CPU cores) — مناسب للمهام اللي فيها حسابات ثقيلة (CPU-bound).,native
task_oriented,كيفاش نبني workflow في أتمتة غيتهاب للـ CI/CD؟,"أتمتة غيتهاب يسمح لك بأتمتة عمليات البناء والاختبار والنشر مباشرة من المستودع (Repo). الـ workflow يتعرّف بملف YAML في مجلد .github/workflows/. هيكله الأساسي: 'on' يحدد متى يشتغل (push, pull_request)، 'jobs' يحدد المهام، و'steps' خطوات كل مهمة. مثال بسيط لـ CI: عند كل push على main، يشغّل اختبارات بايتون تلقائياً. تنجم تزيد خطوات للنشر على AWS ولا غيرها. الـ secrets (كيف كلمة السر) تتخزن بأمان في إعدادات GitHub وما تتكتبش مباشرة في الكود.",native
task_oriented,كيفاش نحل مشكلة البرمجة الديناميكية؟,البرمجة الديناميكية (DP) يظهر صعيب لكن فيه منهج واضح. أول حاجة، تأكد هل المشكلة فيها overlapping subproblems (نفس المسائل الصغيرة تتكرر) وهل فيها optimal substructure؟ ثانياً، ابدأ بحل تكراري (recursive) بسيط وزيدو memoization (تخزين النتائج المحسوبة) — هذا يسمى Top-Down. ثالثاً، للحل الأكثر كفاءة، حوّلو لـ Bottom-Up باستخدام جدول (Table). الخطوات العملية: عرّف الحالة (State)، عرّف الانتقال (Transition) بين الحالات، حدد الحالة الأساسية (Base case)، واملأ الجدول.,native
student_life,كيفاش أتعلم لغة جديدة بسرعة؟,تعلم لغة جديدة بسرعة يعتمد على الانغماس والممارسة. أول حاجة، ذاكر 20-30 دقيقة كل يوم خير من 3 ساعات في الأسبوع. استخدم تطبيقات كيف دوولينغو وAnki لحفظ الكلمات. ثانياً، اسمع اللغة برشا — مسلسلات، بودكاست، ولا موسيقى. الأذن تتعلم قبل اللسان. ثالثاً، ابدأ تكلم من اليوم الأول حتى لو بكلمات قليلة — الغلط جزء من التعلم. رابعاً، تعلم جمل كاملة في سياقها مش كلمات منفردة. وخامساً، لو تنجم، لوّج على شكون لغته الأم هي اللي تتعلم فيها واحكي معاه.,native
student_life,كيفاش نستعد لامتحان INSAT وإيه أحسن نصيحة؟,الدخول لـ INSAT يتطلب استعداد جاد. المواد الأساسية هي الرياضيات والفيزياء. للرياضيات: ركّز على التحليل والجبر الخطي. للفيزياء: الميكانيك والكهرباء. الطريقة الأنجع هي حل أسئلة امتحانات سابقة (مناظرة) من سنوات مختلفة — هذا يعطيك فكرة على طريقة الأسئلة. حاول تراجع مع أصحابك — الشرح لبعضكم يثبّت المعلومة. ولا تنسى الراحة والنوم — البدن المتعب ما ينتجش في الامتحانات.,native
advice_guidance,شنوّة البيتكوين وكيفاش نشري منه في تونس؟,البيتكوين هو عملة رقمية لامركزية تخدم بتقنية البلوك تشين (سلسلة الكتل). في تونس، شراء البيتكوين رسمياً فيه تعقيدات بسبب قوانين الصرف. الطريقة المستعملة هي منصات عالمية كيف Binance، والدفع يكون ببطاقة دولية ولا عبر وسطاء (P2P). تذكر دائماً: البيتكوين سعره يتبدل برشا وبسرعة (Volatility). ما تستثمرش فلوس ما تنجمش تتحمل خسارتها، واقرأ مليح قبل ما تدخل في هذا المجال.,native
general_knowledge,شنوّة هو الذكاء الاصطناعي وكيفاش يخدم؟,الذكاء الاصطناعي (AI) هو قدرة الآلات والبرامج على محاكاة الذكاء البشري. يخدم عن طريق خوارزميات تتعلم من كميات هائلة من البيانات (Data). مثلاً، باش البرنامج يعرف التصويرة فيها قطوس، لازم يشوف ملايين التصاور لقطاطس قبل. فما أنواع كيف الـ تعلم آلي (التعلم الآلي) والـ تعلم عميق (التعلم العميق). تطبيقاته توة في كل بلاصة: من تيك توك لليوتيوب، وصولاً لبرامج كيف شات جيبيتي.,native
general_knowledge,كيفاش يخدم الـ شبكة افتراضية خاصة ولوعلاش يستعملوه؟,"الـ شبكة افتراضية خاصة (شبكة افتراضية خاصة) يعمل ""نفق"" مشفر بين جهازك والإنترنت. هو يخبي عنوان الـ IP متاعك الحقيقي ويخليك تبان كأنك متصل من بلاد أخرى. يستعملوه للخصوصية باش حتى حد ما يعرف شنوة قاعد تعمل، وللوصول لمواقع ولا خدمات محجوبة في بلاد معينة (كيف أفلام نيتفليكس اللي موجودة في أمريكا وميش في تونس)، ولحماية البيانات وقت تستعمل واي فاي عمومي (في قهوة مثلاً).",native
task_oriented,كيفاش نحل مشكلة في بايتون: هل العدد n قوة للعدد 3؟,"تنجم تحلها بطريقة بسيطة (Loop) ولا رياضية. بالـ Loop:
```بايتون
if n <= 0: return False
while n % 3 == 0:
    n //= 3
return n == 1
```
أو بطريقة أسرع باستخدام اللوغاريتم: إذا كان لوغاريتم n للأساس 3 هو عدد صحيح، إذن n هو قوة للـ 3. في بايتون تنجم تستعمل `log` من مكتبة `math`. رُد بالك من مشاكل الدقة في الأعداد العشرية (Floating point errors).",native
advice_guidance,كيفاش نلوّج على خدمة ونحسن ملفي المهني؟,لوّج في المواقع المعروفة في تونس كيف LinkedIn و Tanitjobs. باش تحسن ملفك، الـ CV لازم يكون واضح ومنظم، وركز فيه على الإنجازات مش فقط المهام. LinkedIn مهم برشا توة، كمل البروفايل متاعك بكلمات مفتاحية (Keywords) تخص اختصاصك باش يلقاوك الـ Recruiters. حاول تعمل شبكات، احكي مع ناس في نفس مجالك. وفي كل تقديم، عدل الـ CV متاعك باش يناسب الخدمة اللي مقدم عليها بالضبط.,native
advice_guidance,شنوّة أفضل مجالات العمل الحر (عمل حر) في تونس؟,الـ عمل حر في تونس ماشي ويكبر. أحسن المجالات المطلوبة هي البرمجة، التصميم الجرافيكي (Graphic Design)، التسويق الرقمي، والترجمة. فما زادة كتابة المحتوى وإدارة صفحات السوشيال ميديا. تنجم تبدأ في مواقع عالمية كيف أبوورك وFiverr. المهم هو يكون عندك Portfolio (معرض أعمال) باهي يوري شنوّة تنجم تعمل. الصعوبة الوحيدة هي خلاص العملات الأجنبية، لكن فما حلول كيف الكارط التكنولوجية ولا حسابات بنكية معينة.,native
advice_guidance,شنوّة هو الـ سلسلة الكتل وكيفاش يخدم؟,"البلوك تشين (سلسلة الكتل) هو قاعدة بيانات رقمية، لكنها مش موجودة في بلاصة واحدة، بل موزعة على آلاف الحواسيب. تخيلها ""كناش"" كبير كل الناس عندهم نسخة منه، وأي معلومة تتكتب فيه ما تنجمش تتمسح ولا تتبدل. المعلومات تتخزن في ""كتل"" (Blocks) مرتبطة ببعضها بسلسلة مشفرة. هذي التقنية هي اللي خلات العملات الرقمية كيف البيتكوين ممكنة لأنها تضمن الأمان من غير الحاجة لبنك ولا وسيط.",native
task_oriented,كيفاش أتعلم التصميم الجرافيكي؟,ابدأ بتعلم المبادئ الأساسية: الألوان، الخطوط، والتوازن في التصميم. بعد خوذ فكرة على البرامج الأساسية كيف فوتوشوب (للصور) وIllustrator (لللوغوات). توة فما زادة فيغما وهو ممتاز وساهل. تفرج في دروس على اليوتيوب وطبق مباشرة. حاول تقلد تصاميم تعجبك في الأول باش تتعلم التقنيات، وبعد ابدأ اصنع ستايلك الخاص. التغذية البصرية مهمة برشا، يعني تفرج برشا في أعمال مصممين عالميين في مواقع كيف Behance.,native
task_oriented,كيفاش نبدأ تعلم تعلم عميق؟,الـ تعلم عميق هو جزء متقدم من الذكاء الاصطناعي. قبل ما تبدأ، لازم يكون عندك أساس باهي في بايتون والرياضيات (خاصة المصفوفات والإحصاء). ابدأ بتعلم الـ Neural Networks (الشبكات العصبية) وكيفاش تخدم. استخدم مكتبات مشهورة كيف تينسورفلو ولا بايتورش. أحسن كورس للمبتدئين هو كورس Andrew Ng على كورسيرا. طبق اللي تعلمته على بيانات حقيقية موجودة في موقع كاغل.,native
task_oriented,شنوّة مفهوم الـ ترانسفورمر في الذكاء الاصطناعي؟,"الـ ترانسفورمر هو معمارية (Architecture) في الذكاء الاصطناعي هي اللي عملت ثورة في معالجة اللغات (معالجة اللغة الطبيعية). قبلها كانت البرامج تقرأ الجملة كلمة كلمة بالترتيب، لكن الـ ترانسفورمر يستعمل حاجة تسمى ""Attention Mechanism"" تخليه يشوف الجملة كاملة فرد وقت ويفهم العلاقة بين الكلمات مهما كانت بعيدة على بعضها. هذي المعمارية هي الأساس اللي تبنات عليه برامج كيف GPT وBERT.",native
student_life,شنوّة هو الـ Few-Shot Learning وكيفاش يفيد في الذكاء الاصطناعي؟,الـ Few-Shot Learning هو قدرة نموذج الذكاء الاصطناعي على تعلم مهمة جديدة من عدد قليل برشا من الأمثلة (مثال ولا زوز). في العادة، النماذج تستحق آلاف البيانات، لكن بفضل الـ Few-Shot، تنجم تعطي لـ شات جيبيتي مثلاً زوز أمثلة لكيفاش تحب يجاوب، وهو يفهم النمط طول ويطبقوا. هذا يوفر برشا وقت وجهد في تدريب النماذج على مهام خاصة ومحددة.,native
task_oriented,كيفاش نتعامل مع ضغط نفسي الـ علم البيانات بنجاعة؟,"الـ Data general_knowledge فيه برشا ضغط بسبب التوقعات العالية والبيانات اللي ساعات تكون مش واضحة. باش تنجح، لازمك تقسم المشروع لخطوات صغيرة (EDA, Cleaning, Modeling). ما تحاولش توصل لنموذج مثالي (Perfect Model) من الأول، ابدأ بـ Base model وحسنه بالتدريج. التواصل مع الـ Stakeholders مهم برشا باش تفهم الطلب وتوضح الإمكانيات. وأخيراً، تعلم تأخذ استراحات؛ ساعات كي تبعد على الكود، الحل يجيلك وحدك.",native
task_oriented,شنوّة هو الفرق بين لغة Go وPython وكيفاش تختار بينهم؟,بايتون هي ملكة السهولة، ممتازة للذكاء الاصطناعي، علم البيانات، والـ Scripting السريع. مكتباتها برشا ومجتمعها كبير. أما Go فهي مصممة للأداء العالي (Performance) والتعامل مع العمليات المتوازية (Concurrency). Go أسرع ببرشا من بايتون في التنفيذ وتستهلك موارد أقل. الاختيار ساهل: إذا تخدم AI ولا تحب تطور حاجة بسرعة، بايتون. إذا تبني خدمات مصغرة ولا أنظمة تستحق سرعة كبيرة وتحمل ضغط، Go هي الأنسب.,native
advice_guidance,كيفاش نحافظ على صحة أسناننا؟,صحة الأسنان تبدأ بـ 3 حاجات: غسلان السنين مرتين في النهار (خاصة قبل النوم)، استعمال خيط الأسنان مرة في النهار، وزيارة الطبيب كل 6 أشهر للتنظيف (تنظيف الأسنان). نقص من السكر والمشروبات الغازية اللي تأكل المينا. إذا تحس بوجع ولا دم وقت تغسل سنينك، ما تستناش، امشي للطبيب طول. تذكر اللي وجع السنين ينجم يأثر على صحة القلب والجسم كامل، هذاكا علاش ما تستهونش بيها.,native
student_life,شنوّة أفضل تطبيقات ومواقع للتعليم الذاتي؟,توة تنجم تتعلم أي حاجة وحدك. كورسيرا و edX يعطيوك دروس من أكبر جامعات العالم. يوديمي باهية لتعلم مهارات تطبيقية (برمجة، تصميم). Khan Academy ممتازة للرياضيات والعلوم للمستويات الكل. للغات، دوولينغو و Memrise. وما تنساش YouTube هو أكبر مكتبة تعليمية مجانية في العالم. السر في التعليم الذاتي هو الانضباط؛ خصص وقت ثابت كل يوم حتى لو نص ساعة، والتزم بيه.,native
advice_guidance,شنوة هي أعراض الإرهاق الكامل  وكيفاش نتجنبه؟,"الـ إرهاق وظيفي هو نتيجة ضغط الخدمة المستمر. أعراضه: تحس روحك ديما فاشل، ما عندكش رغبة تخدم، عصبي برشا، ومشاكل في النوم. باش تتجنبه، لازم تحط حدود واضحة: وقت الخدمة للخدمة، ووقت الدار للراحة. تعلم تقول ""لا"" للمهام اللي تفوق طاقتك. خوذ إجازات دورية حتى لو قصيرة. إذا تحس روحك دخلت في الـ إرهاق وظيفي، أحسن حاجة هي التوقف لفترة ومراجعة أولوياتك، وممكن تحكي مع مختص.",native
task_oriented,كيفاش نتعلم الأمن السيبراني (task_oriented) من الصفر؟,"الأمن السيبراني يبدأ بفهم كيفاش تخدم الحواسيب والشبكات. تعلم أساسيات الـ شبكات (TCP/IP, DNS) وأساسيات أنظمة التشغيل (خاصة لينوكس). بعد تعلم لغة برمجة كيف بايتون. تنجم تبدأ بـ منصات كيف TryHackMe ولا HackTheBox، هذي تعطيك بيئة تطبيقية ساهلة للمبتدئين. هذا الميدان يحب القراءة والتحيين المستمر على خاطر الثغرات تتبدل كل يوم. الأهم هو تعلم الجانب الأخلاقي والقانوني.",native
advice_guidance,كيفاش نتحضر لأول رحلة خارج تونس؟,أول سفرة خارج البلاد لازمها تنظيم. ثبت في صلاحية الباسبور (لازم أكثر من 6 أشهر). لوّج على الفيزا إذا البلاد تطلبها. احجز الطيارة والأوتيل بكري باش ترخص التكلفة. اعمل تأمين سفر (تأمين السفر) ضروري. خوذ فكرة على العملة وكيفاش تصرف (تخصيص العملة للسياحة). حمل تطبيقات تعاونك كيف Google Maps وTripadvisor. وأهم حاجة، اقرأ على ثقافة البلاد اللي ماشي ليها باش تعرف كيفاش تتصرف وتحترم قوانينهم.,native
general_knowledge,كيفاش يشتغل الـ الحوسبة الكمومية؟,"الحوسبة الكمومية (الحوسبة الكمومية) تختلف تماماً على الحواسيب العادية. الحاسوب العادي يخدم بـ Bits (0 ولا 1). الحاسوب الكمومي يخدم بـ Qubits، اللي تنجم تكون 0 و 1 في نفس الوقت بفضل خاصية تسمى ""Superposition"". هذا يخليه يقدر يعمل ملايين العمليات الحسابية المعقدة في وقت قصير برشا مقارنة بأقوى Supercomputer موجود توة. هذي التقنية باش تعمل ثورة في تشفير البيانات، صناعة الأدوية، والذكاء الاصطناعي في المستقبل القريب.",native
task_oriented,كيفاش نعمل واجهة برمجية بسيط؟,"بناء واجهة برمجية ساهل، تنجم تستعمل بايتون مع فلاسك ولا فاست أبي آي. الهيكل الأساسي هو إنك تعمل Endpoints (روابط) تتعامل مع طرق الـ HTTP: 
- GET: باش تجيب بيانات.
- POST: باش تبعث بيانات جديدة.
- PUT: باش تبدل بيانات موجودة.
- DELETE: باش تفسخ.
البيانات في العادة تتبادل بصيغة JSON. مثال بـ فلاسك:
```بايتون
@app.route('/api/data', methods=['GET'])
def get_data():
    return jsonify({""message"": ""Hello World""})
```
هذا الكود يرجع رسالة بسيطة وقت تطلب الرابط.",native
task_oriented,شنوّة هو نموذج لغوي كبير وكيفاش تختار المناسب لمشروعك؟,الـ LLM هو نموذج ذكاء اصطناعي مدرب على بلايين الكلمات باش يفهم ويولد نصوص كيف البشر (كيف GPT-4 ولا Claude). باش تختار لمشروعك، ثبت في 3 حاجات: 1. التكلفة (API Cost). 2. السرعة (Latency). 3. الأداء في المهمة متاعك (مثلاً كتابة كود ولا ترجمة). إذا عندك بيانات حساسة، ممكن تستعمل نماذج مفتوحة المصدر (مفتوح المصدر) كيف Llama وتخدمها عندك. المهم هو تجرب (Benchmark) النماذج على أمثلة من خدمتك قبل ما تقرر.,native
advice_guidance,كيفاش تأثير سوشيال ميديا على الشباب التونسي؟,"السوشيال ميديا سلاح ذو حدين. من ناحية، خلت الشباب يتواصل مع العالم، يتعلم مهارات جديدة، ويسوق لخدماته. لكن من ناحية أخرى، زادت من ظاهرة المقارنة الاجتماعية اللي تتعب النفسية، ونشرت برشا أخبار غالطة (أخبار زائفة). برشا شباب توانسة توة ولاو يلوجوا على ""الربح السريع"" والشهرة الفارغة. الحل هو الوعي الرقمي؛ لازم نعرفوا وقتاش نسكروا التليفون ونفرقوا بين الحقيقة وبين المظاهر اللي نشوفوها في الشاشة.",native
advice_guidance,كيفاش نطور مهاراتي في علم البيانات؟,"تطوير مهاراتك في علم البيانات يحتاج مثلث: برمجة، رياضيات، وفهم للمجال (Domain Knowledge). اتقن بايتون والمكتبات الأساسية (مكتبة باندا, Scikit-Learn). تعلم كيفاش تعمل تنظيف للبيانات (Data Cleaning) لأنها تاخذ 80% من الوقت. ادخل لموقع كاغل وشارك في مسابقات ولا تفرج في كود غيرك. تعلم زادة كيفاش تعرض نتائجك (Data Visualization) بطريقة مفهومة للناس اللي مش تقنيين. والأهم، ابني مشاريع خاصة بيك وحطها في GitHub باش توري شنوّة تنجم تعمل.",native
task_oriented,نحب نتعلم الـ أمن المعلومات، منين نبدأ؟,ابدأ بالـ شبكات (الشبكات) والـ لينوكس. لازم تفهم كيفاش الأنظمة تتواصل مع بعضها قبل ما تحاول تحميها.,native
task_oriented,شنية أحسن لغة برمجة للـ AI توة؟,بايتون هي الملكة في المجال هذا بفضل المكتبات كيف بايتورش و تينسورفلو، وسهولة التعامل مع البيانات.,native
task_oriented,الـ الحوسبة السحابية فيه مستقبل في تونس؟,مستقبل كبير برشة، أغلب الشركات قاعدة تحول في الـ Servers متاعها للـ AWS و Azure، والطلب على الـ Cloud Engineers ماشي ويزيد.,native
task_oriented,كيفاش نختار بين ريأكت و Angular؟,إذا تحب حاجة خفيفة وسهلة في التعلم، ريأكت خير. إذا تخدم في مشروع شركة كبير ومعقد، Angular توفرلك هيكلة أقوى.,native
task_oriented,الـ عمل حر في تونس صعيب؟,الصعوبة الوحيدة هي خلاص الـ Devise، أما كخدمة، المنصات كيف أبوورك و فيفر محلولين للناس الكل اللي عندهم صنعة في يديهم.,native
task_oriented,شنية الـ دوكر وفاش ينفعني؟,هو وسيلة باش تحط الـ App متاعك في Container يخدم في أي بلاصة بنفس الطريقة، باش ترتاح من مشكلة تخدم عندي وما تخدمش عندك.,native
task_oriented,كيفاش نحمي الـ Site متاعي من الـ حقن قواعد البيانات؟,استعمل ديما الـ Prepared Statements وابعد على حطان الـ Input متاع الـ User مباشرة في الـ Query.,native
task_oriented,الـ شات جيبيتي باش ينحي خدمة المبرمجين؟,لا، باش ينحي خدمة المبرمج اللي ما يعرفش يستعمل الـ AI. هو أداة تعاونك تخدم أسرع، موش بديل ليك.,native
everyday_conversation,نحب نسافر لتركيا، لازم فيزا؟,لا، التوانسة يدخلوا لتركيا بلاش فيزا، لازمك كان پاسپور وصرف و تأمين Voyage.,native
everyday_conversation,نحب نحل ترخيص تجاري صغيرة، شنية الخطوات؟,تمشي للقباضة المالية، تهز عقد كراء المحل ونسخة من بطاقة التعريف وتحدد النشاط متاعك، العملية تحضر في نهارها.,native
advice_guidance,الجيم (جيم) في تونس غالي؟,فمة كل الأنواع، من الصالات الشعبية بـ 30 دينار حتى للـ High-end بـ 200 دينار في الشهر، كل قدير وقدره.,native
advice_guidance,اليوغا تنحي الـ ضغط نفسي؟,اي، تعاون برشة على التنفس الصحيح وتخلي الـ Ménage في مخك يصفى من الأفكار السلبية.,native
advice_guidance,نحب ندخل لعالم الـ E-commerce، كيفاش؟,ابدأ بـ Page Facebook ولا إنستغرام، جرب سلعة مطلوبة (كيف الـ Accessoires) واخدم على الـ Delivery.,native
advice_guidance,شنية الـ عقد التشغيل الأول وفاش تنفع؟,هو عقد تربص تعاون الشركات باش تخلص أقل شارج، وتعطيك منحة من الدولة لمدة عام ولا عامين.,native
advice_guidance,كيفاش نتفاوض على الشهرية (تفاوض على الراتب)؟,لازم تعرف قيمة الـ Market وتتكلم بثقة على القيمة اللي باش تزيدها للشركة، موش على حاجتك للفلوس.,native
advice_guidance,شنية أحسن طريقة للـ شبكات في تونس؟,احضر الـ Events والـ Workshops في المجال متاعك، وتعرف على ناس جدد وتبادل معاهم الـ Contacts.,native
advice_guidance,العمل حر (عمل عن بعد) مع شركات البرة ممكن؟,اي، برشة توانسة يخدموا من ديارهم مع شركات في أوروبا وأمريكا، لازم لغة باهية وصنعة قوية.,native
advice_guidance,كيفاش نغلب الـ تأجيل (التأجيل)؟,استعمل قاعدة الـ 5 ثواني: أول ما تخمم في الخدمة، احسب 5-4-3-2-1 وقوم اخدمها من غير تخميم.,native
advice_guidance,شنوة نعمل كي نحس بـ إرهاق وظيفي (إرهاق مهني)؟,لازمك Break طويل، ابعد على الـ Screens، اخرج للطبيعة، وارقد مليح. صحتك أهم من الخدمة.,native
advice_guidance,شنية أهمية الـ مهارات شخصية؟,هي اللي تخليك تنجح في الحياة (التواصل، الذكاء العاطفي) وتكمل اللي نقص في الـ مهارات تقنية.,native
general_knowledge,أحسن بلاصة للتخييم (تخييم) في تونس؟,عين دراهم، كاب سيرات، ولا بني مطير.. بلايص ساحرة وسط الطبيعة.,native
task_oriented,الـ Windows متاعي رزين برشة، شنوة نعمل؟,زيد قرص صلب سريع للبيسي ونظف الـ شركة ناشئة Apps، توة يولي يطير طيران.,native
task_oriented,نحب نسجل بودكاست، شنوة لازمني؟,ميكروفون باهي (حتى بتاع الـ Kit يفي بالغرض) و Application كيف Audacity للتسجيل.,native
task_oriented,الـ شبكة افتراضية خاصة فاش ينفع؟,يحمي خصوصيتك، ويخليك تدخل لمواقع محجوبة في بلاد معينة، ويشفر معلوماتك.,native
task_oriented,أحسن مكافح الفيروسات مجاني؟,Windows Defender اللي يجي مع السيستم كافي جداً، المهم ما تهبطش برامج مشبوهة.,native
storytelling,شنوة الفرق الحقيقي بين الـ Web2 والـ Web3 وفاش يهمنا؟,الـ Web2 هو الأنترنت اللي نعيشو فيه توة، وين الشركات الكبيرة كيف Google وFacebook تملك بياناتنا وتتحكم في المحتوى. الـ Web3 يحب يغير اللعبة باستعمال الـ سلسلة الكتل، باش تولي الأنترنت 'لامركزية'. يعني أنت تملك بياناتك وتتحكم في هويتك الرقمية بلاش وسيط، والتعاملات المالية تصير مباشرة بين العباد (Peer-to-Peer) باستعمال العقود الذكية، وهذا باش يحل بيبان كبيرة للخصوصية والأمان في المستقبل.,native
general_knowledge,علاش التضخم (تضخم) يأثر علينا برشة وكيفاش نحمي فلوسي؟,التضخم يعني أن القدرة الشرائية متاع الفلوس تطيح، يعني الـ 100 دينار اللي كانت تشريلك قفة كاملة توة تشريلك شطرها. السبب ينجم يكون زيادة في تكاليف الإنتاج ولا نقص في السلع. باش تحمي فلوسك، ما لازمش تخليها 'راقدة' في الحساب الجاري. أحسن حل هو الاستثمار في حاجات قيمتها تزيد مع الوقت كيف العقارات، الذهب، ولا حتى الأسهم في شركات قوية. المهم أنك تنوع استثماراتك وما تحطش 'بيضك الكل في سلة واحدة' باش تقلل المخاطر.,native
everyday_conversation,كيفاش تنجم تعيش Minimalist في تونس وتتخلص من الكركبة؟,الـ التبسيط موش معناها تعيش في بيت فارغة، أما معناها تحيط روحك بالحاجات اللي تعني لك حاجة ولا تستحقها بالرسمي. ابدأ بفرز حوايجك، أي قطعة ما لبستهاش عام كامل تصدق بيها. في الكوجينة، تخلص من الماعون اللي مكدس وما تستعملوش. قبل ما تشري حاجة جديدة، اسأل روحك: 'هل تزيد قيمة لحياتي ولا هي جوست رغبة لحظية؟'. العيش بمتاع أقل يخليك تربح مساحة في دارك، وقت في التنظيف، وراحة بال كبيرة من التفكير في الماديات.,native
advice_guidance,علاش الـ خوارزميات متاع تيكتوك وInstagram تخلّينا ندمنوا؟,الخوارزميات هاذي مصممة بطريقة علمية باش تفرز 'الدوبامين' في مخك. هي تراقب كل ثانية تقضيها، شنوة الفيديو اللي وقفت عندو وشنوة اللي كملتو. هي تعطيك محتوى يوافق اهتماماتك بالضبط وفي وقت قصير (Short-form content)، وهذا يخلي مخك ديما يستنى في 'الجائزة' الجاية (الفيديو الجاي). الحل باش تخرج من الدوامة هاذي هو أنك تحدد وقت يومي للتطبيقات هاذي (مثلاً 30 دقيقة)، وتفسخ الـ Notifications اللي تخليك تحل التليفون كل دقيقة.,native
task_oriented,شنوة الـ دروبشيبينغ وهل مزال يخلص في 2026؟,الـ دروبشيبينغ هو أنك تبيع سلعة موش عندك. تعرضها في موقعك، وكي يشري الكليون، أنت تشريها من عند الفورنيسور وهو يبعثها له مباشرة. أنت تربح الفرق في السوم. في 2026، المنافسة ولات قوية برشة، والـ دروبشيبينغ العشوائي ما عادش يخلص. باش تنجح لازمك تختار 'Niche' متخصصة، تهتم بجودة السلعة، وتوفر خدمة كليونات سريعة. الأهم هو البراندينغ، لازم العميل يشعر اللي هو شاري من براند ثقة موش جوست وسيط.,native
emotional_support,كيفاش نطبق عيش اللحظة وسط زحمة المشاكل اليومية؟,عيش اللحظة (اليقظة الذهنية) موش معناها تنسى مشاكلك، أما معناها ما تخليش مخك 'يسافر' ديما للماضي (ندم) ولا للمستقبل (قلق). جرب 'تمرين الحواس الخمس': كي تحس روحك متوتر، سمي 5 حاجات تراهم توة، 4 حاجات تنجم تلمسهم، 3 حاجات تسمعهم، حاجتين تشمهم، وحاجة تذوقها. هذا التمرين يرجع مخك لـ 'هنا وتوة'. زادة، حاول تركز في الحاجات البسيطة اللي تعمل فيها (كيفاش تشرب في قهوتك، ريحة المطر)، اللحظات الصغيرة هاذي هي اللي تبني السعادة.,native
advice_guidance,كيفاش نولي Master في فن الإقناع (Persuasion)؟,الإقناع موش هو 'التلاعب'، بل هو كيفاش توري للطرف الآخر اللي فكرتك هي في مصلحته هو. أولاً، استعمل 'التعاطف' (تعاطف)، افهم احتياجات الشخص قدامك قبل ما تحكي. ثانياً، استعمل 'الأدلة الاجتماعية' (Social Proof)، الناس تميل لتصديق حاجة جربوها غيرهم ونجحت. ثالثاً، كن واثقاً في نبرة صوتك ولغة بدنك (Eye contact). رابعاً، بسط المعلومة، المخ يرفض الحاجات المعقدة. وأهم حاجة، خليك ديما صادق، خاطر الإقناع اللي مبني على كذب يتهد في أول فرصة.,native
task_oriented,نحب نسافر بـ ميزانية ضعيف، شنوة تنصحني؟,السفر بفلوس قليلة يتطلب 'ذكاء في التخطيط'. أولاً، احجز تذكرتك قبل بـ 3 ولا 4 شهور واستعمل مواقع مقارنة كيف سكاي سكانر. ثانياً، سافر في 'Off-season' (موش في الصيف ولا الأعياد) توة تلقى السوم يطيح للشطر. ثالثاً، ابعد على الأوتيلات الكبيرة، جرب الـ Hostels ولا إيربانبي، توفر فلوس وتطيب ماكلتك وحدك. رابعاً، استعمل النقل العمومي (مترو، كار) وابعد على التاكسيات. السفر هو 'تجربة' ومغامرة، موش لازم تصرف برشة باش تستمتع بجمال العالم.,native
everyday_conversation,علاش المعارف (شبكات) أهم من الشهادة في وقتنا؟,الشهادة توري اللي أنت عندك 'المعرفة'، أما الـ شبكات يوري اللي أنت عندك 'الثقة'. برشة فرص شغل ما تهبطش أصلاً في إعلانات، بل تتخطف عن طريق التوصيات (Referrals). كي تبني شبكة علاقات، أنت قاعد تفتح في بيبان لمعلومات، نصائح، وفرص استثمارية. المهم في الـ شبكات هو 'العطاء قبل الأخذ'، ما تكلمش الناس كان كي تستحق حاجة، بل كون فاعل، عاون غيرك، وقدم قيمة، وتلقائياً توة تولي الناس هي اللي تحب تعاونك.,native
general_knowledge,كيفاش الـ الحوسبة الكمومية باش يغير العالم في السنوات الجاية؟,الكمبيوترات العادية تخدم بالـ Bits (0 ولا 1)، أما الـ Quantum تخدم بالـ Qubits اللي تنجم تكون 0 و 1 في نفس الوقت (Superposition). هذا يخليها تعمل عمليات حسابية معقدة في ثواني، اللي أقوى كمبيوتر توة يستغرق فيها آلاف السنين. التأثير باش يكون في اكتشاف دوايات جديدة، كسر أنظمة التشفير الحالية (وهذا يخوف)، وتطوير ذكاء اصطناعي خارق. مزلنا في البدايات، أما الثورة هاذي باش تكون أقوى من ثورة الأنترنت بيدها.,native
advice_guidance,شنوة الـ عمل عميق وعلاش هو العملة النادرة توة؟,الـ عمل عميق (العمل العميق) هو القدرة على التركيز في مهمة معقدة من غير أي تشتت. في عالم الـ Notifications والـ Reels، قدرتنا على التركيز طاحت برشة. اللي ينجم يقعد 3 سوايع يخدم في حاجة 'صعيبة' (برمجة، كتابة، تخطيط) من غير ما يحل فيسبوك، هو اللي باش ينجح ويهرب على غيره. الـ عمل عميق هو اللي يخليك تنتج حاجات 'عالية الجودة' في وقت قياسي. باش تطبقه، لازمك تسكر تليفونك، تبعد على العباد، وتحدد هدف واضح قبل ما تبدأ.,native
general_knowledge,كيفاش الـ AI قاعد يغير في الفن والإبداع؟,الذكاء الاصطناعي (كيف ميدجورني و شات جيبيتي) ولى ينجم يصنع صور، موسيقى، ونصوص في ثواني. هذا خلق صدمة في عالم الفن. من جهة، هو أداة قوية تعاون الفنانين باش يطوروا أفكارهم أسرع. ومن جهة أخرى، فمة خوف على 'حقوق الملكية' وعلى قيمة 'الجهد البشري'. الإبداع في المستقبل موش باش يكون في 'تنفيذ' الفكرة (خاطر الـ AI ينفذ)، بل باش يكون في 'الرؤية' وفي 'الذوق' وفي 'المشاعر' اللي الـ AI مزال ما ينجمش يقلدها بصدق. الفنان اللي يدمج الـ AI في خدمته هو اللي باش يتميز.,native
advice_guidance,شنوة الـ صيام متقطع (الصيام المتقطع) وفوايده؟,هو نظام غذائي يعتمد على 'وقتاش تاكل' موش 'شنوة تاكل'. أشهر طريقة هي 16/8 (تصوم 16 ساعة وتاكل في 8 سوايع). الفوايد متاعه علمية: يطيح مستويات الأنسولين، يسرع حرق الدهون، ويحفز عملية الـ 'الالتهام الذاتي' (وين البدن يبدأ ينظف في الخلايا الميتة ويجدد روحه). زادة، هو يريح الجهاز الهضمي ويحسن التركيز. المهم في وقت الماكلة ما تاكلش حاجات مضرة، وفي وقت الصيام اشرب ماء، تاي ولا قهوة بلاش سكر. ابدأ بالسياسة وشوف كيفاش بدنك يتجاوب.,native
general_knowledge,شنوة الـ العالم الافتراضي وهل هو جوست لعبة فيديو كبيرة؟,الـ العالم الافتراضي هو تصور للمرحلة الجاية من الأنترنت، وين تولي الأنترنت 'ثلاثية الأبعاد' وتدخللها بـ VR (واقع افتراضي). موش كان لعب، بل تنجم تحضر فيه اجتماعات خدمة، تمشي لكونسير، ولا حتى تشري أراضي رقمية. الفكرة هي 'الحضور الرقمي' (Presence)، تحس روحك موجود بالرسمي مع العباد. مزال فمة تحديات تقنية كبيرة ومزال موش واضح هل الناس باش تتقبله ولا لا، أما شركات كيف Meta و Microsoft قاعدة تصرف في مليارات باش تردو حقيقة.,native
general_knowledge,شنوة هي الرواقية (الرواقية) وكيفاش تعاوننا في الأزمات؟,الرواقية هي فلسفة قديمة تعلمك تفرق بين 'الحاجات اللي تتحكم فيها' و'الحاجات اللي ما تتحكمش فيها'. أنت ما تتحكمش في الطقس، في كلام الناس، ولا في قرارات الدولة، أما تتحكم في 'ردة فعلك' وفي أفكارك. الرواقيين يقولوا اللي المشاكل في حد ذاتها ما تمرضناش، أما 'رأينا' في المشاكل هو اللي يمرضنا. كي تركز طاقتك كان على الحاجات اللي في يدك، تولي أكثر هدوء وصمود قدام أي عاصفة. هي 'درع نفسي' فعال جداً في وقتنا الصعيب هذا.,native
advice_guidance,علاش الجمعة 4 أيام خدمة (4-Day Work Week) بدأت تنجح؟,التجارب في دول كيف بريطانيا وأيسلندا ورات اللي كي تنقص نهار خدمة، الإنتاجية تزيد موش تنقص! العمال يوليوا أكثر تركيز باش يكملوا مهامهم، ويوليوا 'فرحانين' ومرتاحين أكثر، وهذا ينقص الـ إرهاق وظيفي والغيابات. نهار الراحة الزايد يعطي وقت للعائلة، للهوايات، وللراحة النفسية. الشركات زادة تربح في نقص مصاريف الضوء والمقر. العالم ماشي في الثورة هاذي خاطر توازن الحياة أهم من عدد ساعات الحضور في المكتب.,native
advice_guidance,كيفاش نعلم صغاري قيمة الفلوس من عمر صغير؟,ابدأ بـ 'المصروف' الأسبوعي، خليهم يتحملوا مسؤولية شراء حاجاتهم البسيطة. علمهم قاعدة الأجزاء الثلاثة: جزء للصرف (لعب، حلوى)، جزء للادخار (حاجة غالية يحبوها)، وجزء للعطاء (مساعدة حد). هكا يتعلموا 'تأجيل المتعة' (تأجيل المكافأة) ويعرفوا اللي الفلوس 'تتخدم' وما تجيش بالساهل. زادة خليهم يشاركوا في قرارات بسيطة في قضية الدار وشوف معاهم الأسعار والمقارنات. أحسن درس هو 'القدوة'، كي يراوك تصرف بوعي، توة يطلعوا كيفك.,native
advice_guidance,شنوة الـ اقتصاد العمل الحر وهل باش تولي هي القاعدة؟,"الـ اقتصاد العمل الحر هي اقتصاد المهام القصيرة ولا العمل الحر (عمل حر). عوض ما تخدم في شركة وحدة طول عمرك، تولي تخدم مشاريع قصيرة مع برشة شركات فرد وقت. هذا يعطي 'مرونة' كبيرة واختيار للوقت والبلاصة، أما فيه 'عدم استقرار' ونقص في التغطية الاجتماعية (تأمين, Retraite). مع تطور التكنولوجيا، برشة مهن ماشية في الثنية هاذي. المهم هو أنك تولي 'صنايعي' في مجالك وعندك مهارات ديما مطلوبة باش تضمن دخلك الدائم.",native
emotional_support,كيفاش نتعامل مع متلازمة المحتال (متلازمة المحتال)؟,هي أنك تحس روحك 'فاشل' ولا 'كذاب' رغم نجاحك، وتظن اللي العباد باش يفيقوا بيك في أي لحظة. هي تصيب خاصة الناس المبدعين والناجحين. باش تتجاوزها: أولاً، اعرف اللي الشعور هذا طبيعي وأغلب الناجحين يحسوا بيه. ثانياً، اكتب 'ليستة' بإنجازاتك الحقيقية والمهارات اللي تعبت باش تعلمتها. ثالثاً، ركز في 'التعلم' موش في 'المثالية'. رابعاً، أحكي مع حد ثقة على شعورك، توة تكتشف اللي أنت موش وحدك. أنت تستحق البلاصة اللي أنت فيها بتعبك ومجهودك.,native
advice_guidance,علاش لازم تولي T-Shaped Person في سوق الشغل؟,الشخص الـ T-Shaped هو اللي عنده 'عمق' كبير في مهارة وحدة (الخط العمودي للـ T)، وعنده 'معرفة عامة' ببرشة مجالات أخرى (الخط الأفقي). مثلاً: مبرمج شاطر (عمق)، أما يفهم شوية في الـ Design، الـ تسويق، والـ Business. هكا تولي تتواصل خير مع الفرق الأخرى، وتحل المشاكل بنظرة شاملة، وتتأقلم أسرع مع التغييرات. التخصص وحده باهي، أما التخصص مع ثقافة واسعة هو اللي يخليك 'لا تعوض' في أي شركة.,native
task_oriented,كيفاش تفيق بـ الأخبار الزائفة (أخبار زائفة) وما تبارطاجيهاش؟,الأخبار الزائفة تعتمد ديما على 'العاطفة' (خوف، غضب، صدمة) باش تخليك تبارطاجي من غير ما تخمم. أولاً، ثبت في 'المصدر': هل هو موقع رسمي معروف ولا صفحة Facebook مشبوهة؟ ثانياً، اقرا 'أكثر من العنوان': ساعات العنوان يكون صادم والمحتوى حاجة أخرى. ثالثاً، ابحث في Google على الخبر: إذا كان حقيقي، توة تلقاه في كذا مصدر موثوق. رابعاً، ثبت في 'التصاور': استعمل Google Reverse Image لتعرف هل التصويرة قديمة ولا مركبة. كن أنت 'الفلتر' وما توليش وسيلة لنشر الكذب.,native
general_knowledge,علاش النباتات جزء أساسي من ديكور الدار موش جوست زينة؟,النباتات عندها تأثير 'علاجي' و'وظيفي'. أولاً، هي تنقي الهواء من السموم وتفرز الأكسجين، وهذا يحسن جودة التنفس والنوم. ثانياً، اللون الأخضر علمياً يقلل من التوتر (ضغط نفسي) ويحسن المود والإنتاجية. ثالثاً، في الديكور، النباتات تكسر 'جمود' الأثاث وتعطي 'حياة' وحركية للمكان. هي تعبي الزوايا الفارغة وتخلق توازن بصري. الدار اللي فيها نباتات تحسها 'دافئة' وفيها روح، وهذا يأثر إيجابياً على كل شكون يسكن فيها.,native
storytelling,شنوة تأثير الثورة الصناعية الرابعة على حياتنا اليومية؟,الثورة الرابعة هي دمج التكنولوجيا في كل شيء: الذكاء الاصطناعي، الروبوتات، الـ إنترنت الأشياء (IoT)، والبيولوجيا الرقمية. تأثيرها هو أن 'الحدود' بين العالم الفيزيائي والرقمي بدأت تذوب. في حياتك، تليفونك ولى يعرف صحتك أكثر منك، دارك ولت 'ذكية'، والخدمات ولت شخصية (Personalized) بفضل البيانات. هي توفر راحة كبيرة، أما تطلب منا 'مرونة' كبيرة باش نتعلموا مهارات جديدة ونحميوا خصوصيتنا في عالم مراقب بامتياز.,native
general_knowledge,علاش قاعدين نصرفوا مليارات على المريخ وإحنا عندنا مشاكل في الأرض؟,الinstruction هذا يتسأل ديما، والresponse هو أن 'تكنولوجيا الفضاء' هي اللي حلت برشة مشاكل في الأرض. الأقمار الصناعية (نظام الموقع، اتصالات، مراقبة الطقس)، الفلترات متاع الماء، الأطراف الاصطناعية، وحتى بعض دوايات السرطان جات من أبحاث الفضاء. زادة، استكشاف الفضاء يخلينا نفهموا كوكبنا خير وكيفاش نحميوه من التغير المناخي. البحث العلمي هو استثمار في 'المستقبل' وفي 'بقاء البشرية'، والمليارات اللي تتصرف هوني هي جزء صغير برشة ملي يتصرف في الحروب مثلاً.,native
advice_guidance,كيفاش تطبق تقنية The 2-Minute Rule وتقضي على المهام الصغيرة؟,القاعدة ساهلة برشة: 'أي مهمة تطلب أقل من دقيقتين، اعملها توة'. مثلاً: غسلان كاس، رد على Email بسيط، تعليق حوايج، ولا تدوين ملاحظة. التفكير في المهمة هاذي ومحاولة تذكرها لاحقاً باش يستهلك طاقة أكثر من فعلها. كي تعملها في وقتها، أنت قاعد تنظف 'الضجيج الذهني' وقاعد تمنع تراكم المهام الصغيرة اللي في الأخير تولي جبل. القاعدة هاذي هي أحسن صديق للناس اللي يحبوا ينقصوا من الـ تأجيل.,native
advice_guidance,كيفاش الـ التفكير التصميمي يحل المشاكل المعقدة بذكاء؟,الـ التفكير التصميمي هو منهجية تركز على 'الإنسان' أولاً. المراحل هي: 1- التعاطف (Empathize): افهم مشكلة الكليون بالرسمي، 2- التعريف (Define): حدد المشكلة الحقيقية، 3- الأفكار (Ideate): طلع أكبر عدد من الحلول الممكنة من غير أحكام، 4- النموذج (Prototype): اصنع نسخة بسيطة من الحل، 5- الاختبار (Test): جرب وشوف النتيجة. هي عقلية تخليك 'تغلط فيسع وبأقل تكلفة' حتى توصل للحل اللي يحبوه الناس بالرسمي. هي موش كان للمصممين، بل لأي حد يحب يبتكر.,native
general_knowledge,شنوة الـ الفائدة المركبة (الفائدة المركبة) وعلاش تسمى الأعجوبة الثامنة؟,هي أنك تربح فائدة على فلوسك، ومن بعد تربح فائدة على 'الفلوس + الفائدة القديمة'. مع الوقت، الثروة تبدأ تكبر بشكل 'انفجاري'. السر هو 'الوقت'. إذا تبدأ تدخر مبلغ صغير وأنت في العشرينات، توة يولي مبلغ ضخم في الستين بفضل الفائدة المركبة، مقارنة بحد بدأ في الأربعينات حتى لو صب مبالغ أكبر. هي 'كرة الثلج' اللي تبدأ صغيرة وتكبر كل ما دارت. أحسن وقت للادخار كان البارح، وثاني أحسن وقت هو 'توة'.,native
advice_guidance,علاش لازم تستقيل كي تحس روحك ما عادش قاعد تتعلم؟,أكبر خطر في المسيرة المهنية هو الـ 'منطقة الراحة' (منطقة الراحة). كي تولي تخدم آلياً وما فمش تحديات جديدة، قيمتك في السوق تبدأ تطيح. الخدمة موش كان مقابل 'شهرية'، هي زادة مقابل 'خبرة' و'نمو'. إذا قعدت في بلاصة ما تزيدك شيء، أنت قاعد تضيع في وقتك وجهدك. الاستقالة (بعد ما تحضر بديل) هي قرار شجاع يخليك تكتشف قدراتك وتزيد في قيمتك المادية والمعنوية. ما تخليش 'الأمان الكاذب' يدفن طموحك.,native
advice_guidance,نحب نتعلم تحليل البيانات منين نبدأ وفاش تنفعني؟,تحليل البيانات هو مهارة المستقبل في كل المجالات. ابدأ بتعلم الـ Excel (المستوى المتقدم)، من بعد تعلم لغة SQL باش تجيب البيانات، ومن بعد بايتون ولا R للتحليل العميق. هي تنفعك خاطرها تخليك 'تاخذ قرارات بناءً على أرقام' موش على انطباعات. في الخدمة، الشخص اللي يعرف يحلل البيانات ويخرج منها 'نتائج مفيدة' (Insights) هو الشخص اللي الشركات تحب تخلصو برشة وتعتمد عليه. هي لغة العصر.,native
task_oriented,شنوة هو الـ دوكر وكيفاش يعاون في البرمجة؟,دوكر هو أداة قلبت الموازين في عالم البرمجة. الفكرة متاعه: عوض ما تقول 'البرنامج يخدم عندي وما يخدمش عند صاحبي'، دوكر يضمن اللي الكود يخدم في كل بلاصة بنفس الطريقة. كيفاش يخدم: يستعمل حاجة اسمها Container، وهي بيئة معزولة فيها كل ما يحتاجه البرنامج (كود، مكتبات، إلخ). الـ Image هي القالب اللي نصنعوا منه الـ Container. والـ Dockerfile هو الورقة اللي فيها التعليمات باش تبني الـ Image. الفايدة: سهولة في النشر، ما ثماش تعارض بين البرامج، وتقدر تكبّر المشروع (Scaling) بسهولة. تعلم دوكر توا من أهم الحاجات اللي يطلبوها في سوق الشغل.,native
advice_guidance,شنوة هو مفهوم الـ عقلية النمو وكيفاش نطبقه؟,الـ عقلية النمو ولا 'عقلية النمو' هي فكرة تقول اللي ذكاءك ومهاراتك موش ثابتين، وتقدر تطورهم بالخدمة والتعلم. عكس الـ Fixed Mindset اللي يخلي الشخص يظن اللي هو 'تولد هكا'. باش تطبقها: عوض ما تقول 'أنا فاشل في الماط'، قول 'أنا لتوة ما تعلمتش الماط باهي'. استقبل الفشل كأنه درس موش كأنه حكم عليك. التحديات هي فرص باش تكبر. العلم أثبت اللي المخ يتبدل ويتطور كيف تتعلم حاجات جديدة. المهم هو المحاولة والاستمرار.,native
task_oriented,كيفاش يخدم الـ تعلم آلي ببساطة؟,الـ تعلم آلي (تعلم الآلة) هو كيفاش نعلموا الكمبيوتر يفهم من غير ما نعطوه أوامر مباشرة. في البرمجة العادية، نعطوه قواعد (مثلاً: إذا ثمة وذنين وذيل يعني قطوس). في الـ ML، نعطوه آلاف التصاور متاع قطوسات وهو وحده وحده يطلع الأنماط. ثمة 'التعلم الموجه' (Supervised) وين تكون البيانات معروفة، و'التعلم غير الموجه' وين الكمبيوتر يكتشف المجموعات وحده. الكمبيوتر يبدأ يغلط ويصلح في روحه تدريجياً حتى تطلع النتيجة صحيحة بنسبة كبيرة. هذا هو السر وراء الـ توصيات في اليوتيوب ولا الفايسبوك.,native
advice_guidance,كيفاش نبني بدن رياضي في الدار من غير جيم؟,تقدر تعمل فورمة في الدار بوزن بدنك برك. للصدر واليدين: عليك بالـ Push-ups (بومبات). للظهر: الـ Inverted Rows باستعمال طاولة قوية. للساقين: الـ جلسات والـ خطوات الانقضاض. للكرش: الـ تمرين البلانك والـ Bicycle Crunches. وللقلب (تمارين القلب): الـ Jumping Jacks والـ Burpees. ابدأ بـ 3-4 مرات في الجمعة، كل حصة 30 دقيقة. السر الكل في الانضباط، وما تنساش اللي الماكلة تمثل 70% من النتيجة. كول البروتين (عظم، دجاج، حوت) وابعد على السكر، وتو تشوف الفرق.,native
general_knowledge,شنوة هو الـ طاقة متجددة وأهم مصادره؟,الطاقة المتجددة هي الطاقة اللي تجي من الطبيعة وما توفاش. أهمها: الطاقة الشمسية (تونس بلاد شمس وعندها مستقبل كبير فيها)، طاقة الرياح (باستعمال التوربينات)، والطاقة المائية (السدود). الميزة متاعها أنها نظيفة، ما تمسخش البيئة وتخرجنا من تبعية النفط والغاز. تونس حاطة هدف باش توصل لـ 35% طاقة متجددة في 2030. الاستثمار في الطاقة الشمسية في الدار توا ولا أسهل بفضل القروض والتشجيعات، وهو حل ممتاز باش تنقص في فاتورة الضوء.,native
general_knowledge,كيفاش يخدم الـ نظام الموقع وعلاش هو دقيق برشا؟,الـ نظام الموقع (نظام تحديد المواقع) يخدم بشبكة متاع أقمار صناعية تدور بالأرض. تليفونك يستقبل إشارات من 4 أقمار على الأقل في نفس الوقت. كل قمر يبعث مكانه والوقت اللي خرجت فيه الإشارة بدقة نانو-ثانية. تليفونك يحسب قداش خذات الإشارة وقت باش توصل، ومنها يعرف بعدك على كل قمر. بعملية حسابية (Triangulation)، يطلع موقعك وين بالضبط. الدقة هذي ممكنة خاطر الأقمار فيها ساعات ذرية متطورة برشا، وحتى نظريات أينشتاين (النسبية) يطبقوها في الحسابات باش ما يغلطش الموقع.,native
advice_guidance,كيفاش نعيش حياة أبسط وننقص من الاستهلاك؟,الحياة البسيطة (التبسيط) هي أنك تركز على الحاجات اللي تعطيك قيمة بالحق. ابدأ بفرز حوايجك: الحاجة اللي ما لبستهاش عام كامل، تصدق بيها. قبل ما تشري أي حاجة جديدة، اسأل روحك 'هل أنا محتاجها بالحق ولا باش نشريها خاطرها بروموسيون؟'. نقص من التبعية للتكنولوجيا والاشتراكات اللي ما تستعملهاش. استثمر فلوسك في تجارب (سفرة، خرجة، لمة) عوض ما تلم الماعون والأجهزة. البساطة تعطيك راحة بال، تنقص عليك التوتر وتوفرلك فلوسك.,native
task_oriented,كيفاش نتعلم الـ دفلبمون ويب من الصفر؟,تطوير الويب فيه طريق واضح. ابدأ بالـ Frontend: تعلم HTML (هيكل الموقع)، CSS (الزينة والتنسيق)، وJavaScript (اللي يخلي الموقع يتحرك). بعد ما تتمكن منهم، تعلم Framework كيما ريأكت ولا Vue.js. إذا تحب تكمل للـ Backend (الكواليس)، تعلم بايتون مع Django ولا Node.js. لازمك زادة تتعلم كيفاش تتعامل مع قواعد البيانات (SQL). أهم حاجة هي التطبيق: اصنع موقعك الشخصي، ولا حتى موقع صغير متاع قضية. ثمة مواقع كيما 'FreeCodeCamp' و'The Odin Project' يعاونوك برشا ومجانيين.,native
task_oriented,شنوة هو الـ الحوسبة السحابية وشني الفرق بين AWS وAzure وGoogle Cloud؟,الـ الحوسبة السحابية (الحوسبة السحابية) هي أنك تكري 'سيرفرات' وقوة معالجة عبر الإنترنت عوض ما تشري أجهزة غالية وتخليها عندك. AWS (أمازون) هي الأكبر وعندها أكثر خدمات، ويطلبوها برشا في سوق الشغل. Azure (مايكروسوفت) ممتازة للشركات اللي تستعمل في الويندوز والأوفيس. Google Cloud (GCP) قوية برشا في الذكاء الاصطناعي وتحليل البيانات الكبيرة. الاختيار بيناتهم يعتمد على مشروعك: إذا تحب حاجة منتشرة برشا عليك بـ AWS، وإذا تحب التكامل مع مايكروسوفت عليك بـ Azure.,native
advice_guidance,كيفاش نحسن التركيز والذاكرة متاعي؟,تحسين التركيز يجي بعادات يومية. أولاً: النوم الكافي (7-8 ساعات) هو وقت اللي المخ يرسخ فيه المعلومات. ثانياً: نقص من المشتتات — وقت الخدمة، ابعد التليفون وقص الإشعارات. ثالثاً: التغذية — كول الحوت (أوميغا 3)، المكسرات، والخضر الورقية. رابعاً: استعمل تقنية 'الـ تقنية بومودورو' — تخدم 25 دقيقة وترتاح 5 دقائق. خامساً: مرن مخك بالألعاب الذهنية ولا تعلم لغة جديدة. وأهم حاجة، نقص من الـ multitasking، خاطر المخ يضيع برشا جهد كيف يحاول يعمل برشا حاجات في وقت واحد.,native
general_knowledge,شنوة هي أحسن ألعاب الفيديو وكيفاش نلعب مع صحابي أونلاين؟,في تونس، الألعاب الأكثر شعبية هي 'فالورانت' و'League of Legends' و'CS2' — هاذم ألعاب تكتيكية وتطلب تنسيق كبير. ثمة زوز أساطير 'FIFA' (EA FC) و'GTA V'. باش تلعب مع صحابك، لازمك كونيكسيون باهية واستعمل برنامج 'ديسكورد' باش تحكي معاهم وقت اللعب. اختار ديما 'Server' قريب لتونس (غالباً في أوروبا كيما Frankfurt) باش يكون الـ Ping طايح واللعبة ما 'تلاغيش'. اللعب أونلاين هو أحسن وسيلة باش تقوي روح الفريق وتستمتع بوقتك.,native
student_life,شنوة هو الفرق بين الـ AI التوليدي والـ AI العادي؟,الفرق ساهل: الـ AI العادي (التقليدي) هو اللي يحلل ويصنف — كيما اللي يعرف وجهك في التليفون ولا اللي يكتشف الـ Spam في الإيميل. الـ AI التوليدي (Generative) هو اللي 'يصنع' حاجات جديدة — كيما شات جيبيتي اللي يكتب نصوص، ولا ميدجورني اللي يصنع تصاور من الخيال. العادي يطبق القواعد اللي تعلمها، والتوليدي يستعمل البيانات اللي عنده باش يبتكر حاجة ما كانتش موجودة. الزوز مهمين، أما التوليدي هو اللي عامل الثورة الكبيرة توا.,native
task_oriented,شنوة هو الـ مفتوح المصدر وكيفاش نجم نشارك فيه؟,الـ مفتوح المصدر (المصدر المفتوح) يعني برامج الكود متاعها متاح للناس الكل باش يقرأوه ويعدلوه — كيما لينوكس وAndroid. باش تشارك، ابدأ بمواقع كيما GitHub. ابحث على مشاريع فيها تاغ 'good first issue' — هاذم مشاكل ساهلة للمبتدئين. موش لازم تصلح كود معقد من الأول، تنجم تبدأ بتحسين الوثائق (Documentation) ولا ترجمة البرنامج للدارجة. المشاركة في الـ مفتوح المصدر تبنيلك CV قوي برشا وتخليك تتعلم من كبار المبرمجين في العالم.,native
advice_guidance,كيفاش نبدأ مشروعي الخاص في تونس؟,بداية مشروع في تونس تحب لها صبر وتخطيط. أولاً: ثبت في فكرتك — هل ثمة سوق حقيقي ليها؟ ثانياً: اعمل دراسة جدوى بسيطة. ثالثاً: المرحلة القانونية — تنجم تبدأ بـ 'ترخيص تجاري' ولا تحل شركة (شركة ذات مسؤولية محدودة / شركة شخص واحد). ارجع لـ API (وكالة النهوض بالصناعة) ولا مراكز الأعمال يدلوك. رابعاً: التمويل — ابحث عن قروض الـ BTS ولا الـ شركة ناشئة Act إذا كان مشروعك تكنولوجي. خامساً: ابدأ بـ منتج أدنى قابل للتشغيل (أول نسخة بسيطة من منتجك) وجربها مع الكليونات قبل ما تصرف برشا فلوس. العلاقات (شبكات) هي الكل.,native
task_oriented,كيفاش نصمم قاعدة بيانات (قاعدة بيانات) باهية من الأول؟,"تصميم قاعدة البيانات هو الساس متاع أي برنامج. أولاً: افهم البيانات متاعك مليح واعرف العلاقات بيناتهم (One-to-Many, Many-to-Many). ثانياً: طبق الـ Normalization باش ما تعاودش نفس المعلومات وتضيع البلاصة. ثالثاً: اختار أنواع البيانات الصحيحة (مثلاً ما تستعملش Text لحاجة فيها رقم). رابعاً: استعمل الـ Indexes في الحقول اللي باش تلوج فيها برشا باش تسرع الخدمة. خامساً: ما تنساش الـ Security والـ Backup. قاعدة بيانات منظمة توا توفر عليك برشا وجيعة راس وتعب في المستقبل كيف يكبر المشروع.",native
general_knowledge,قداش يتكلف تشكيل ستوديو منزلي (ستوديو منزلي) باهي في تونس؟,باش تعمل ستوديو يخرج جودة احترافية، لازمك ميزانية بين 4 ملاين و9 ملاين دينار تونسي. الحسبة تشمل: 'ارغ' باهت (حوالي 3 ملاين)، كارت صون (900 دينار)، ميكروفون كوندنسر (600 دينار)، سماعات ستوديو (750 دينار)، ومنيتورات (1500 دينار). هذا الماتريال يخليك تسجل كمنجة، دربوكة، ولا غناء بجودة قريبة برشة من الستوديوهات الكبيرة.,native
general_knowledge,كيفاش نختار سماعات (سماعة رأس) باهية لعزف الارغ في الليل؟,لازم تختار سماعات من نوع 'Closed Back' باش الصوت ما يخرجش لبره وما يقلقش اللي معاك في الدار. ماركات كيف Sennheiser ولا Audio-Technica أسوامهم تبدأ من 300 دينار وتوصل لـ 900 دينار. المهم تكون مريحة على الأذنين خاطر التمارين تنجم تاخذ برشة وقت.,native
advice_guidance,ساعات تجيني دقات قلب قوية ونحس روحي باش نموت ولا باش نهبل، ونولي ننهج وما عادش خالط على النفس. شنوة هذا؟,اللي تحكي فيه هو 'نوبة هلع' (نوبة هلع). البدن يتفاعل مع الخوف الداخلي كأنو فمة خطر حقيقي. أول حاجة لازمك تعرفها إنك مش باش تموت وماكش باش تهبل، هي جوست حالة عابرة. حاول تتعلم تمارين التنفس (تجبد الهواء ببطء وتخرجو ببطء) وتجنب المنبهات كيف القهوة والتاي. إذا تكررت برشا مرات، فمة دوايات تعاونك باش تنقص من حدة القلق هذا.,native
advice_guidance,نحشم برشا كي نجي نحكي مع العباد ولا كي ندخل لبلاصة فيها برشا ناس، وجهي يحمار ونولي نرعش ونحب نهرب. كيفاش نتجاوز الخوف هذا؟,هذا يتسمى 'رهاب اجتماعي' (رهاب اجتماعي). الحل مش في الهروب، خاطر الهروب يزيد يقوي الخوف. لازمك تبدأ تواجه بالتدريج (exposition graduelle). ابدأ بسلام بسيط، ومن بعد بكلمة، ومن بعد بحوار. تنجم تعمل حصص علاج سلوكي معرفي (العلاج المعرفي السلوكي) اللي تعاونك تبدل فكرتك على نظرة الناس ليك وتقوي ثقتك في روحك.,native
advice_guidance,عندي مشكلة في النوم، نقعد بالسوايع نتقلب في الفرش ومخي ما يسكتش، ونقوم الصباح مهدود وتعبان. فمة دواء ولا حل طبيعي؟,الأرق (أرق) ديما وراه حكاية، يا إما قلق ولا عادات نوم غالطة. حاول تنحي التليفون قبل بساعة من النوم، واعمل وقت قار ترقد فيه وتقوم فيه. تنجم تشرب 'تيزان' (تيزانة) ترخي الأعصاب. إذا المشكلة تواصلت، الطبيب ينجم يوصفلك منشطات للنوم لفترة قصيرة، أما الأهم هو إنك تفرغ مخك من المشاكل قبل ما تحط راسك على المخدة.,native
advice_guidance,أقل كلمة تشعلني، نولي نعيط ونكسر وما نتحكمش في أعصابي، ومن بعد نندم برشا. هل فمة دواء يهدي الأعصاب؟,سرعة الانفعال تنجم تكون ناتجة على ضغط كبير (ضغط نفسي) ولا تراكمات. فمة دوايات تسمى 'معدلات المزاج' (thymorégulateurs) تنجم تعاون، أما الأهم هو إنك تتعلم تقنيات 'التحكم في الغضب'. كي تحس روحك باش تتغشش، ابعد من البلاصة، اشرب ماء، وتفكر إنو ردة فعلك باش تخسرك برشا حاجات. الرياضة زادة تعاونك باش تخرج الطاقة الزايدة.,native
advice_guidance,نحس روحي ديما مهددة، كأنو فمة مصيبة باش تقع، وقلبي ديما مقبوض من غير سبب واضح. شنوة هذا؟,هذا يتسمى 'قلق عام' (قلق عام). مخك ديما في حالة استنفار (alerte). الحل يبدأ بتنظيم نمط الحياة: نقص كافيين، ارقد مليح، واعمل رياضة. فمة زادة تقنيات 'التأمل' (méditation) تعاون برشا. إذا القلق مأثر على حياتك اليومية، فمة دوايات مضادة للقلق (anxiolytiques) تعطى لفترة قصيرة تحت إشراف طبي.,native
advice_guidance,عندي خوف مرض من الأماكن المغلقة (الاسانسير، الطيارة)، نولي نتخنق وما نلقاش هواء. كيفاش نداويه؟,هذا 'رهاب الأماكن المغلقة' (رهاب الأماكن المغلقة). العلاج السلوكي هو الأنجع: الطبيب يبدأ يعرضك لمواقف تشبه للي تخاف منو بالتدريج (بالتخيل أولاً ومن بعد في الحقيقة) مع تعليمك كيفاش تتحكم في نفسك. فمة زادة دوايات تتاخذ 'عند الحاجة' (مثلاً قبل ركوب الطيارة) باش تهديك، أما المواجهة هي الحل الجذري.,native
advice_guidance,نخاف من المستقبل برشا، ديما نخمم بلاكش نمرض، بلاكش نفلس، بلاكش صغاري يجرالهم حاجة. كيفاش نعيش اللحظة؟,الخوف من المجهول يضيع عليك 'توا'. فكر إنو المستقبل مش بيديك، والسيناريوهات الخايبة اللي في راسك 99% منها مش باش تصير. تعلم تقنية الـ 'اليقظة الذهنية' (الوعي التام)، يعني تركز في الحاضر، في الحاجة اللي تعمل فيها توة. كل ما مخك يهرب للمستقبل، رجعو بلطف للي تعمل فيه (ماكلة، خدمة، مشي).,native
advice_guidance,نحس في روحي ديما تعبانة جسدياً، ظهري يوجع، راسي ديما يسطر، ومعدتي مقلوبة، والطبة يقولولي لاباس. شنوة السبب؟,هذا يتسمى 'تجسيد القلق' (تجسيد نفسي). الوجيعة النفسية كي ما تخرجش بالكلام، تخرج في البدن. بدنك قاعد يصرخ ويقولك 'أنا تعبان'. لازمك تعالج القلق الأساسي (ضغط نفسي) وتتعلم كيفاش ترخي أعصابك. حصص التدليك (massage) واليوغا يعاونوا، أما العلاج النفسي هو اللي يخلي الأوجاع هذي تختفي نهائياً.,native
advice_guidance,عندي مشكلة التسويف (تأجيل)، ديما نوخر في خدمتي لآخر لحظة ومن بعد نتفجع ونعملها بالغالط. كيفاش نبطل العادة هذي؟,التسويف مش كسل، هو 'خوف' من الفشل ولا من صعوبة المهمة. ابدأ بمهمة صغيرة برشا (قاعدة الـ 5 دقائق). كي تبدأ، الصعوبة توة تنقص. قسم الخدمة الكبيرة لأجزاء صغيرة. ابعد التليفون عليك وأنت تخدم. كافئ روحك كي تكمل حاجة. المهم هو 'البداية' مش النتيجة المثالية.,native
advice_guidance,عندي مشكلة نتف الشعر (trichotillomanie)، كل ما نتقلق نلقى روحي ننتف في شعري ولا حواجبي من غير ما نشعر. شنوة الحل؟,هذا اضطراب ناتج عن قلق وتوتر كبير. هو وسيلة لا شعورية لتفريغ الضغط. الحل يبدأ بالوعي: حط 'خاتم' ولا 'لاستيك' في يدك باش تفيق بروحك كي تجي باش تنتف. عوض الحركة هذي بـ 'كرة ضغط' (ضغط نفسي ball). فمة دوايات تعاون على تخفيف القلق هذا، والعلاج السلوكي فعال برشا في تبديل العادة هذي بعادة أخرى مش مضرة.,native
emotional_support,بنتي عمرها 8 سنين، لاحظت اللي هي ولات تغزر للتلفزة من قريب برشة، وفي المدرسة المعلمة قالتلي اللي هي ما تنقلش مليح من السبورة. زعمة نقص نظر؟,"بسم الله، أكيد هاذي علامات 'نقص نظر' (غالباً قصر النظر). 
- الصغير ساعات ما يفيقش بروحه اللي هو ما يشوفش مليح، يباله العباد الكل يشوفوا هكاك.
- لازم تمشي لطبيب عيون في أقرب وقت باش يعمللها قيس نظر.
- إذا خذات مرايات، شجعها تلبسهم واختارلها موديل مزيان تحبه هي، باش ما تحسش بالفرق مع أصحابها.
- نقصوا من استعمال التابلت والتلفون خاطرهم يزيدوا يتعبوا العين. ربي يحفظلها نظرها.",native
emotional_support,ولدي عنده السمنة، يحب ياكل كان الماكلة الشارعة (أكل سريع) والمقليات، وما يحبش يتحرك. خايفة عليه من السكر والضغط وهو مزال صغير.,"بسم الله، السمنة عند الصغار هي 'قنبلة موقوتة'. 
- الحل ما يجيش بحرمانه من الماكلة (الريجيم القاسي)، خاطر باش يولي ياكل في السر.
- لازم العيلة الكل تبدل نظامها الغذائي: نقصوا من القليان والمناقز (Soda) ودخلوا الخضرة والغلال.
- شجعه على السبور، قيدله في نادي يحبه هو (كورة، سباحة) باش يحرق الطاقة.
- ابعدوه على التلفون والتلفزة وقت الماكلة، خاطر الصغير ما يفيقش بروحه قداش كلى وهو يتفرج. الصحة تاج، ربي يحفظه.",native
emotional_support,ولدي ولى مدمن على ألعاب الفيديو (فري فاير / بابجي). يضل بالـ 10 سوايع يلعب، وكي نحي عليه التليفون يولي عنيف ويحب يكسر كل شي.,"بسم الله، هذا 'إدمان رقمي'. 
- السحب المفاجئ يعمل 'أعراض انسحاب' كيما الدخان.
- لازم النقص بالتدريج: من 10 سوايع لـ 8، لـ 5، لين نوصلوا لساعة في النهار.
- لازم البديل: سبور، خروج، لمة عائلية. 
- إذا لزم الأمر، استشارة مختص في الإدمان السلوكي ضرورية. ربي يعينكم.",native
emotional_support,بنتي في الروضة، المعلمة قالتلي اللي هي تتوجع ساعات في بلاصتها الخاصة وني لاحظت اللي هي تلمس في روحها برشة. زعمة شني الحكاية؟,"بسم الله، في العمر هذا فمة 'اكتشاف الذات' وفمة 'التهابات'. 
- أول حاجة: هزيها لطبيب أطفال، ينجم يكون عندها 'ديدان' (ديدان الأمعاء) هي اللي تسبب في الحكة والوجيعة.
- إذا الحكاية نفسية، طفي الضو وما تصيحش عليها، وشغليلها يديها بلعبة أخرى. 
- ثبت في الروضة لا يكون فمة حد ضايقها. ربي يلطف بيها.",native
general_knowledge,كيفاش المريض يواجه نوبة الهلع (نوبة هلع)؟,لازم يعرف اللي هي ما تقتلتش وهي جوست سحابة وتعدي. يركز على تنفسو ويحاول يهدّي بدنو بشوية بشوية.,native
general_knowledge,شنوة أهمية العلاج بالكلام (علاج نفسي) بجنب الدواء؟,الدواء يصلح كيمياء المخ، والكلام يصلح طريقة التفكير والتعامل مع المشاكل. الزوز مع بعضهم يعطيو أحسن نتيجة.,native
advice_guidance,علاش الطبيب يطلب فحص رسم قلب (رسم القلب) قبل بعض الأدوية؟,خاطر فما أنواع متاع دوايات نفسية تنجم تأثر على دقات القلب. الطبيب يحب يطمن اللي قلب المريض يتحمل الدواء من غير مشاكل.,native
general_knowledge,إذا كان واحد يخدم في شركة خاصة بكونترا (عقد دائم) وعملوا له طرد تعسفي (Licenciement abusif) من غير ما يكون عمل غلطة فادحة. شنوة هي المستحقات القانونية اللي يضمنها له قانون الشغل التونسي في الحالة هذه؟ وكيفاش يتحسب غرامة الطرد؟,العامل عنده الحق في: 1- أجرة أيام الخدمة اللي خدمها، 2- غرامة الإعلام بالمغادرة (إشعار مسبق)، 3- غرامة الطرد (التي تحسب بـأجرة شهر عن كل سنة أقدمية في حدود 3 أشهر)، 4- غرامة الضرر (Dommages et intérêts) اللي يحكم بيها القاضي وعادة ما تكون بين شهر وشهرين عن كل سنة أقدمية.,native
general_knowledge,واحد عمل حادث مرور (لا قدر الله) وكان هو الغالط، لكن التأمين متاعه (تأمين) وفى عنده نهارين وما فاقش به. شنوة هي التبعات القانونية اللي تنجم تصير له من ناحية التعويض للمتضرر ومن ناحية الخطايا المالية؟,يعتبر في حالة 'عدم تأمين'. قانوناً، صندوق ضمان ضحايا حوادث المرور يخلص المتضرر، وبعد يرجع على صاحب الكرهبة 'بالفلس' ويفتك له أملاكه باش يرجع الفلوس. زيادة على خطية مالية كبيرة توصل للسجن في حالات معينة ومصادرة الكرهبة.,native
general_knowledge,العرف متاعي ما يحبش يصب عليّ في الـ الصندوق الاجتماعي، شنوة نعمل؟,هذا حقك القانوني وماهوش مزية. تنجم تمشي تتصل بأقرب مكتب للصندوق الوطني للضمان الاجتماعي وتعمل مطلب 'تسوية وضعية'. ولا تنجم تشكي لتفقدية الشغل باش يثبتوا اللي أنت تخدم وغادي يولي العرف ملزم باش يصب عليك المفعول الرجعي متاعك الكل.,native
general_knowledge,طردوني من الخدمة تعسفياً، شنوة يلزمني ناخذ؟,إذا كان الطرد تعسفي (Licenciement abusif)، عندك الحق في غرامة الطرد، ومنحة الإعلام بترك العمل (إشعار مسبق)، وزيدهم تعويض على الضرر اللي صارلك. القاضي هو اللي يقدر التعويض هذا حسب قداش عندك خدمة وشنوة الضرر.,native
general_knowledge,شنوة الفرق بين عقد عقد التشغيل الأول وعقد عقد محدد المدة؟,الـ عقد التشغيل الأول هو عقد إعداد للحياة المهنية، يعني تربص موش عقد شغل حقيقي، والدولة تعاون في الخلاص. أما الـ عقد محدد المدة هو عقد شغل محدد المدة، تولي فيه خدام رسمي وتتمتع بحقوقك كاملة والـ الصندوق الاجتماعي واجبة فيه.,native
general_knowledge,ينجم العرف ينقصلي في شهريتي إذا الشركة باركة؟,لا، العرف ما عندوش الحق ينقص في الشهرية المتفاهمين عليها في العقد من راسو. إذا فمة صعوبات اقتصادية، لازم يتعدى عبر لجنة مراقبة الطرد ولا باتفاق كتابي موثق، وبشرط ما يطيحش تحت السميغ (الأجر الأدنى).,native
general_knowledge,شنوة هو السميغ (الأجر الأدنى) توا في تونس؟,السميغ هو الأجر الأدنى المضمون لمختلف المهن، ويتبدل بقرار من الحكومة. فمة سميغ متاع 48 ساعة وسميغ متاع 40 ساعة، وما يلزم حتى حد يخلص أقل منهم.,native
general_knowledge,إذا مرضت، شنوة نعمل باش ما يطردونيش؟,لازمك تبعث شهادة طبية (Certificat médical) للشركة في ظرف 48 ساعة. هكا تعلمهم بمرضك وتكون محمي قانونياً، والـ الصندوق الاجتماعي هي اللي تخلصك في أيامات المرض حسب القانون.,native
general_knowledge,نحب نستقيل، قداش لازم نعلم العرف قبل؟,لازمك تحترم مدة الإعلام (إشعار مسبق) المكتوبة في عقدك. إذا موش مكتوبة، نرجعوا للعرف السائد ولا الاتفاقية الإطارية، وعادة تكون شهر لغير الإطارات.,native
general_knowledge,عقد الـ عقد دائم يوفى وحدو؟,لا، عقد الـ عقد دائم هو عقد غير محدد المدة. ما يوفى كان بالاستقالة، ولا الطرد لسبب جدي، ولا بالصلح (Départ négocié)، ولا عند الوصول لسن التقاعد.,native
general_knowledge,قداش من مرة ينجم العرف يجددلي عقد الـ عقد محدد المدة؟,حسب القانون التونسي، العقد محدد المدة ينجم يوصل لأقصى حد 4 سنين (بالتجديد). بعد الـ 4 سنين، إذا كملت تخدم، تولي 'مرسم' (Titularisé) بصفة آلية.,native
general_knowledge,الاستقالة لازم تكون مكتوبة؟,إي، من المستحسن تكون مكتوبة ومصححة (رسالة موصى عليها) باش تحفظ حقك وتثبت التاريخ اللي خرجت فيه وتبدا تحسب مدة الإعلام.,native
general_knowledge,التربص (Stage) فيه خلاص؟,إذا كان تربص وجوبي متاع قراية، موش لازم الخلاص (أما فمة منح اختيارية). أما إذا كان عقد تربص كيما عقد التشغيل الأول ولا Karama، فمة منح معلومة يخلصها العرف وتكملها الدولة.,native
general_knowledge,شكون يخلص قصان الـ الصندوق الاجتماعي؟,القصان مقسوم: الخدام يخلص نسبة (9.18%) تتنحى من شهريته، والعرف يخلص النسبة الأكبر (أكثر من 16%) تتصب فوق الشهرية.,native
general_knowledge,شنوة شهادة الشغل (شهادة العمل)؟,هي ورقة يعطيهالك العرف كي تخرج من الخدمة، يكتب فيها وقتاش بدأت ووقتاش وفيت وشنوة كنت تخدم. واجبة بالقانون.,native
general_knowledge,كيفاش نلغي كونترا كراء قبل وقتو؟,لازم ترجع لشروط الكونترا. عادة فمة 'تنبيه' (إشعار مسبق) لازم تبعثه عدل منفذ قبل بشهر ولا ثلاث شهور. إذا ما فمش تفاهم، تنجم تخسر العربون ولا تخلص شهور الكراء الباقية.,native
general_knowledge,كيفاش نثبت اللي أنا خلصت دين لواحد؟,أحسن طريقة هي 'مخالصة' (وصل خلاص) مكتوبة ومصححة من عند الدائن، ولا وصل تحويل بنكي، ولا 'توصيل' بسيط فيه المبلغ والتاريخ.,native
task_oriented,شنوة هو الـ البرمجة الديناميكية وكيفاش نحل بيه مسألة Climbing Stairs؟,الـ البرمجة الديناميكية (DP) هو تكنيك يحل مشاكل كبيرة عن طريق تقسيمها لمشاكل صغيرة وتخزين النتائج (memoization). في مسألة الدروج (Climbing Stairs)، عدد طرق الوصول للدرجة n هو مجموع طرق الوصول لـ (n-1) و (n-2). هذي بالضبط متتالية فيبوناتشي! تحلها بـ array تخزن فيها النتائج باش ما تعاودش الحساب وتولي السرعة O(n).,native
task_oriented,شنوة أهم مهارات الـ Data general_knowledge اللي لازم نتعلمها؟,لازمك تبدا بـ بايتون ومكتبات كيف مكتبة باندا و numpy. من بعد تعلم SQL خاطر الداتا ديما في قواعد بيانات. لازمك زادة تفهم إحصاء واحتمالات. في مرحلة متقدمة، تعلم الـ تعلم آلي (كيفاش تعمل نماذج توقعات) والـ تعلم عميق بـ تينسورفلو ولا بايتورش. وأهم حاجة هي تطبيق اللي تعلمتو على مشاريع حقيقية من كاغل.,native
task_oriented,أيهما أحسن نتفليكس ولا سبوتيفاي؟,ما يتسماش واحد خير من لخر خاطر الخدمات مختلفة. نتفليكس للأفلام والمسلسلات، تخلص اشتراك شهري وتتفرج بجودة عالية. سبوتيفاي للموزيكا والبودكاست، فيه نسخة بلاش بالإشهارات ونسخة Premium تسمع فيها من غير إنترنت. إذا تحب السهر والفرجة عليك بـ نتفليكس، وإذا كنت مغروم بالموزيكا ديما في وذنيك، سبوتيفاي هو الحل.,native
task_oriented,كيفاش ننظم جيميل متاعي ونرتاح من كثرة الإيميلات؟,"استعمل الـ Labels (التصنيفات) عوض المجلدات، تنجم تعطي للإيميل أكثر من Label. زادة فمة الـ Filters اللي ينظمو الإيميلات وحدهم أول ما يوصلو. استعمل ميزة البحث المتقدم (from:, has:attachment) باش تلقى اللي حاجتك بيه بسرعة. وما تنساش تخدم الـ 2FA (تأمين الحساب بمرتين) باش تحمي خصوصيتك.",native
task_oriented,شنوة الفرق بين تعدد المسارات و معالجة متعددة في بايتون؟,الفرق راجع للـ GIL في بايثون. الـ تعدد المسارات باهي للمهمات اللي فيها انتظار (I/O bound) كيف تحميل ملفات من الإنترنت. الـ معالجة متعددة باهي للمهمات اللي تطلب قوة بروسيسور (CPU bound) خاطرها تخدم كل مهمة في بروسيسور مستقل وتتجاوز قيود الـ GIL.,native
task_oriented,كيفاش نعمل برنامج بايتون بسيط يرحب بالمستخدم؟,"ساهل برشة، استعمل الدالة input():

ism = input('أكتب اسمك: ')
print(f'عالسلامة يا {ism}!')

هذا البرنامج يخلي الكومبيوتر يستنى المستخدم يكتب اسمو، ومن بعد يطبعلو تحية.",native
task_oriented,كيفاش نعمل حلقة for في بايتون باش نطبع الأرقام؟,"تستعمل دالة range():

for i in range(1, 11):
    print(f'الرقم هو: {i}')

الكود هذا يطبع الأرقام من 1 لـ 10. الـ range ديما يوقف قبل الرقم الأخير بواحد.",native
task_oriented,شنوة الفرق في الخدمة بين Ruby و بايتون؟,الزوز لغات سهلين وقراب للغة البشر. بايثون (بايتون) مشهورة برشة في الـ Data general_knowledge والذكاء الاصطناعي. روبي (Ruby) مشهورة برشة في تطوير مواقع الويب بفضل إطار العمل Rails. روبي تعتمد برشة على فكرة 'كل شيء هو كائن' (Object-oriented)، أما بايثون فهي أكثر مرونة وتنوع في الاستعمالات.,native
task_oriented,شنوة حكاية لغة Go وفاش تستعمل في الـ ديفوبس؟,لغة Go صنعتها Google باش تكون سريعة وسهلة في التعامل مع الـ Concurrency (خدمة برشة حاجات في فرد وقت). في الـ ديفوبس، أغلب الأدوات القوية كيف دوكر و Kubernetes مكتوبين بـ Go خاطرها تطلع ملف تنفيذي (binary) واحد يخدم في أي بلاصة من غير مشاكل الـ dependencies.,native
advice_guidance,أعطيني برنامج تمرين ساهل في الدار لـ 30 يوم؟,ابدا بتمارين بوزن الجسم: Push-ups (بومب)، جلسات (سكوات)، تمرين البلانك (بلانك)، و خطوات الانقضاض. الأسبوع الأول اعمل 3 جولات من كل تمرين، وكل جمعة زيد في التكرار. المهم المواظبة وما تنساش تشرب الماء وترقد مليح.,native
advice_guidance,كيفاش نتعلم الألمانية من الصفر؟,"الألمانية لغة منظمة وقواعدها واضحة. ابدا بأساسيات النطق والـ Articles (der, die, das) اللي هوما أصعب حاجة. استعمل تطبيقات كيف دوولينغو ولا Babbel، وتفرج في فيديوهات 'Easy German' على اليوتيوب. السر هو الممارسة اليومية حتى لو 15 دقيقة.",native
general_knowledge,شنوة تأثير السوشيال ميديا على علاقاتنا؟,السوشيال ميديا قربت البعيد لكنها زادة بعدت القريب. ولينا نعيشو في مقارنات فارغة مع تصاور 'مثالية' موش حقيقية. الحل هو 'فطام رقمي' من وقت لوقت، ونعطيو قيمة للقعدات المباشرة وجه لوجه بعيد على التيليفونات.,native
general_knowledge,شنوة هي الـ CTI في تونس وكيفاش تخرجها؟,الـ Carte Technologique Internationale هي كارطة بنكية مسبقة الدفع تخليك تشري من الإنترنت (مواقع أجنبية) بليميت 1000 دينار في العام للأفراد. تمشي لأي بنك ولا لـ 'البوسطة' ببطاقة تعريفك وتطلبها. باهية برشة للناس اللي تحب تخلص اشتراكات كيف نتفليكس ولا تشري domain names.,native
general_knowledge,كيفاش يخدم الساتليت في الفضاء؟,الساتليت يدور حول الأرض بسرعة كبيرة تخليه ما يطيحش (توازن بين الجاذبية والسرعة المدارية). يستمد طاقتو من ألواح شمسية، ويبعث ويستقبل المعلومات عن طريق موجات الراديو مع محطات أرضية. فمة ساتليتات للاتصالات، للتصوير، وللـ نظام الموقع.,native
general_knowledge,أعطيني تطبيقات تنظم الوقت وتزيد الإنتاجية؟,تطبيق نوشن هو الأقوى خاطر يجمع كل شيء. عندك زادة Todoist للقوائم السهلة، و Forest اللي يعاونك تنقص من استعمال التيليفون عن طريق زراعة شجر افتراضي. المهم موش التطبيق، المهم الالتزام بالسيستيم اللي تحطو.,native
general_knowledge,كيفاش تخرج تقرا لبرا من تونس؟,أكثر وجهة هي فرنسا عن طريق كومبوس فرونس. لازمك تنجح في امتحان اللغة (TCF ولا DELF) وتحضر dossier قوي. فمة زادة ألمانيا (لازم لغة ألمانية) والمجر (منحة Stipendium) وكندا. ابدا حضر أوراقك قبل بعام كامل.,native
advice_guidance,شنوة هو الـ سلسلة الكتل وكيفاش نتعلم الـ العقود الذكية؟,البلوكشين هو سجل رقمي موزع ما ينجم حد يبدل فيه. باش تبرمج العقود الذكية، لازمك تتعلم لغة Solidity اللي هي اللغة الأم لشبكة Ethereum. ابدا بـ CryptoZombies، هو موقع يعلمك البرمجة باللعب، ومن بعد تعمق في الـ Security خاطر أي غلطة في الكود تنجم تضيع برشة فلوس.,native
advice_guidance,شنوة الفرق بين التضخم والركود الاقتصادي؟,التضخم (تضخم) هو كي تغلى الأسعار وتطيح قيمة الفلوس (مثلا الخبزة تولي بـ 500 فرنك عوض 250). الركود (Recession) هو كي الاقتصاد ياقف، الشركات ما عادش تبيع، والبطالة تزيد. تونس توة تعاني من 'Stagflation'، يعني غلاء أسعار مع نقص في النمو، وهذا وضع صعيب برشة يتطلب إصلاحات كبيرة.,native
advice_guidance,شنوة هو الصيام المتقطع وفاش يصلح؟,الصيام المتقطع (صيام متقطع) هو أنك تاكل في وقت معين وتصوم بقية الوقت، أشهرها 16/8 (تصوم 16 ساعة وتاكل في 8 سوايع). يعاون برشة في حرق الدهون، ينقص التهابات الجسم، ويحسن التركيز. في وقت الصيام تنجم تشرب كان الماء، قهوة كحلة، ولا تاي بلاش سكر.,native
student_life,شنوة هو الـ Constituency Parsing في معالجة اللغات؟,هو طريقة يحللو بيها بنية الجملة في الـ معالجة اللغة الطبيعية. يقسمو الجملة لـ 'مكونات' هرمية (مثلاً: جملة اسمية وجملة فعلية). هذي التقنية تعاون الكومبيوتر باش يفهم القواعد متاع اللغة وكيفاش الكلمات مربوطة ببعضها.,native
student_life,كيفاش يخدم الـ Few-Shot Learning في الـ AI؟,هو أنك تعطي للـ AI (كيف شات جيبيتي) شوية أمثلة (2 ولا 3) في الـ prompt باش يفهم المهمة اللي تطلبها منو. الـ AI توة ولا ذكي لدرجة انه يفهم النمط بسرعة من غير ما نحتاجو نبرمجوه من جديد (Fine-tuning).,native
everyday_conversation,احكيلي على القراية وستريس المناظرات (مناظرة).,وقت المناظرات في تونس، الديار تولي كيف الثكنة العسكرية. 'سكر التلفزة'، 'قوم اقرأ'، 'كول الزبيب باش تذكى'. التلميذ يولي وجهه اصفر من السهر والتمارين. نهار النتيجة، يبدأ الرعاش والانتظار قدام الكمبيوتر. وكي تطلع 'Admis'، الدار تشعل بالزغاريد والكسكسي يحضر للاحباب.,native
student_life,لقيت ستاج أما بعيد برشا على دارنا، فمة مساعدات للنقل للطلبة؟,تنجم تستعمل اشتراك النقل المدرسي والجامعي اللي يكون سومه رمزي. زادة، حاول تسأل الشركة إذا عندهم ترانسبور سبيسيال ولا إمكانية خدمة تلي-ترافايل (عمل عن بعد) بعض الأيام.,native
student_life,فمة دي لوجيسيال يعاونوا في تنظيم المراجع في الرابور؟,إي، تنجم تستعمل زوتيرو (زوتيرو) ولا مندلي (منديلي). هاذم ينظمولك لبيبليوغرافيا بصفة أوتوماتيكية ويربحوك برشا وقت في الميز اون فورم.,native
student_life,البي اف ولا متاعي فيه بارتي براتيك كبيرة، تنصحني نستعمل ليتيكس (لاتيكس) باش نكتب الرابور؟,ليتيكس هو أحسن شوا بالنسبة لليزيتوديونت اللي عندهم برشا فورمولات ماتيماتيك وشيماوات تقنية. يعطيك ميز اون باج بروفيسيونال برشا، أما لازمك تخصصله شوية وقت في اللول باش تتعلم السانتاكس متاعه.,native
student_life,لقيت ستاج بي اف ولا في ستارتاب (شركة ناشئة) صغيرة، هل هذا باهي للسيفي متاعي ولا نلوج على شركة كبيرة؟,الخدمة في ستارتاب تعطيك فرصة باش تتعلم برشا حاجات في وقت قصير وتتحمل مسؤوليات حقيقية. الشركات الكبار باهين للسمعة، أما الستارتاب تنجم تطورك تيكنيكمون بطريقة أسرع برشا.,native
student_life,وقتاش يبدا صبان الدوسيات متاع الماستير (ماجستير)؟,عادةً يبدا في شهر جوان وجويلية عبر لبلاتفورم متاع كل جامعة. لازمك تتبع السيتات الوفيسيال خاطر كل فاك عندها الديلي والسكور الخاص بيها.,native
student_life,أنا في سيمستر 2 ونحب نراشبي (دور ثاني) المويان متاع السيمستر 1، قداش لازم نجيب؟,لازمك تجيب نوت تخلي المويان جينيرال (Moyenne générale) متاع العام كامل يوصل لـ 10. الحساب يكون بجمع مويان السيمسترين وقسمتهم على ثنين.,native
student_life,نجم نعمل ستاج في الخارج؟ والفوايي يخلصوهولي؟,إي تنجم، أما لازمك تلقى الشركة وحدك وتوافق عليها الفاك. بخصوص المصاريف، فمة بروغرامات كيف (إيرازموس+) يعطيو منح، ولا الشركة هي اللي تتكفل بيك.,native
student_life,كيفاش ننظم وقتي بين الرويزيون والدار والسبور؟,استعمل ميثود (تقنية بومودورو) للخدمة، ونظم نهارك بليستة متاع (To-do list). خلي السبور في وقت ميت (مثلاً العشية) باش يجددلك طاقتك للقراية بالليل.,native
student_life,نحب نشري بي سي (PC) باهي للقراية، شنوة ليزيكسجونس تيكنيك؟,حسب الدومان، أما بصفة عامة لازم يكون فيه على الأقل 8 جيجا رام (RAM) وديكس ديور (قرص صلب سريع) باش يكون سريع. إذا تخدم قرافيك ولا مونتاج، لازم كارت قرافيك قوية.,native
student_life,نجم نستعمل الذكاء الاصطناعي (AI) باش نكتب بارتيات من الرابور؟,تنجم تستعمله باش يحسنلك اللغة ولا يعطيك أفكار، أما رد بالك من البلاجيا (سرقة علمية). ليزوتيل متاع التثبت يفيقوا بالكونتنو المخدوم بالذكاء الاصطناعي، وهذا ينجم يضرك.,native
advice_guidance,كيفاش نقسموا لفلوس متاع الماتيريال اللي شريناه للبروجي؟,من اللول لازم تعملوا ميزانية (ميزانية) واضحة وكل واحد يساهم بلقسط متاعه. احتفظوا بكل الفواتير (Factures) باش في اللخر تعرفوا قداش صرفتوا بالضبط.,native
student_life,نحب نخرج إيراسموس (إيرازموس)، شنوة السكور اللي لازم يكون عندي؟,لازم يكون عندك مويان قوي (عادةً فوق 12 ولا 13) وتكون متمكن من اللغة (فرنساوي ولا أنقليزي). السكور يتحسب زادة بناءً على ليزاكتيفيتي متاعك في الفاك.,native
student_life,كيفاش نجم ناخذ كارني دي سوين (كارنيه العلاج) للطلبة؟,تمشي لمركز الصحة الجامعية القريب منك ومعاك شهادة ترسيم وتصويرتين. الكارني هذا يخليك تعدي بلاش وتلقى دويات في 'انفيرمري' الفاك ولا في السبيطارات العمومية.,native
advice_guidance,أنا شيف دي جروب (Chef de groupe) وكيفاش نسير الريونيونات باش ما نضيعوش وقت؟,حضر 'أجندا' قبل كل اجتماع وحدد النقاط اللي لازم تتفض. استعمل أدوات كيف 'تريلو' (تريلو) باش تتبع 'الافانسمون' متاع كل حد وتعرف شكون واحل في 'تاش' معينة.,native
student_life,سمعت اللي فمة بورص ديتود (منحة détude) لفرنسا، شنوة الديلي متاعها؟,لازم تتبع موقع 'كامبيس فرانس' ومنح السفارة الفرنسية. عادةً التقديم يسكر في جانفي ولا فيفري للسنة الجامعية القادمة. 'الدوسي' لازم يكون فيه 'ليتر دي موتي فاسيوم' قوية.,native
student_life,هل البلاجيا (سرقة علمية) يتحاسبوا عليها برشا في السوتونونس؟,أكيد، الفاك تستعمل لوجيسيال 'أونتي بلاجيا'. إذا فاتت النسبة المسموح بيها (عادةً 15-20%)، البروجي ينجم يترفض وتتعرض لعقوبات تأديبية. ديما أعمل 'بارافراز' واذكر ليزورس.,native
student_life,نحب نطلع كارني دي شيك (دفتر الشيكات) وأنا طالب، ممكن؟,إي، برشا بنوك توفر 'باك توديونت' فيه كارت بلاش وحساب جاري. الشيكات تنجم تاخذهم إذا عندك دخل قار ولا ضامن (Parent)، ويفيدك برشا في خلاص الكراء والترسيم.,native
student_life,وقتاش الريدوبلمون (إعادة السنة) يولي يطرد من الفاك؟,في نظام 'الأمد' (LMD)، عندك الحق في عدد معين من السنين (مثلاً 5 سنين في الليسانس). إذا فتها، تولي 'نون أوتوريزي' ولازمك تعمل مطلب 'ديروغاسيون' باش يخليوك تزيد عام.,native
student_life,الشركة طلبت مني نخدم ستايج تيليترافاي (عمل عن بعد)، تنصحني بيه؟,باهي إذا كان السوجي تيكنيك واضح وعندك 'أنكادرمون' أونلاين باهي. أما الستاج 'بريزونسيال' يخليك تعيش 'الأمبيانس' متاع الخدمة وتعمل علاقات مهنية (شبكات) أحسن.,native
student_life,كيفاش نعمل الميز اون باج (Mise en page) متاع ليزيماج في الرابور باش ما يهربوش؟,إذا تخدم بالـ 'وورد' (Word)، استعمل الـ 'كابشن' (Caption) لكل تصويرة ونظمهم بـ 'الراب تكست'. أما أحسن حل هو 'اليتيكس' (لاتيكس) اللي ينظم ليزيماج بصفة آلية ويحافظ على 'الستريكتير' متاع الرابور.,native
student_life,أنا نقرا ليسانس ونحب نعمل باغكور (Parcours) تبادل مع جامعة كندا، ممكن؟,كندا عندها اتفاقيات خاصة مع تونس. لازم تثبت في 'لي كولابوراسيون' متاع جامعتك. غالباً يطلبوا 'توفل' (توفل) ولا 'آيلتس' (IELTS) ومويانات قوية في السنين اللي فاتوا.,native
student_life,نحب نطلع كارني دي شيك بالدولار خاطر نخدم فريلانس (عمل حر)، الفاك تعاونني؟,الفاك ما عندهاش دخل، أما تنجم تطلع 'كارت تكنولوجيك' من البنك بـ 'أتيستاسيون دو سكولاريتي'. بالنسبة للحساب بالدولار، لازمك 'باتيندة' ولا وضعية قانونية كـ 'فريلانسر' باش تفتح حساب 'سوفيز' (Devises).,native
student_life,شنوة الفرق بين الـ ديدلاين متاع الـ ديبو (Dépôt) والـ سوتونونس (مناقشة)؟,الـ 'ديبو' هو التاريخ الأخراني باش تصب الرابور فينال في الإدارة (نسخ ورقية وسيدي). الـ 'سوتونونس' هي التاريخ اللي باش تقابل فيه الجوري وتفسر خدمتك، وعادة تكون بعد 'الديبو' بجمعة ولا جمعتين.,native
student_life,ضاعتلي نسخة الباك الأصلية، كيفاش نطلع دوبليكاتا (نسخة ثانية)؟,لازمك تمشي للإدارة العامة للامتحانات في تونس (باب بنات). تعمر مطلب وتستنى مدة باش يخرجولك نسخة رسمية جديدة، ورد بالك تضيعها خاطرها تخرج مرة وحدة.,native
student_life,نحب نعرف فمة تأمين (تأمين) للطلبة في الفاك ضد الحوادث؟,إي، معلوم الترسيم اللي تخلصه كل عام فيه 'أسيرونس سيكولير'. إذا صارلك حادث (لا قدر الله) وسط الفاك ولا في الـ 'ترانسبور'، عندك الحق في تعويض، لازم تعلم الإدارة فوراً.,native
student_life,شنوة أحسن لوجيسيال لعمل الـ كوفيرتير (Couverture) متاع البي اف او؟,الفاك عادة توفر 'تمبليت' (Template) جاهزة وورد ولا ليتيكس لازم تلتزم بيها. إذا عندك حرية، استعمل 'كانفا' (كانفا) ولا 'أدوبي إن ديزاين' باش تطلع حاجة 'كلين' و 'برو'.,native
student_life,وقتاش تفتح الـ بورص (منحة) متاع الماستير وكيفاش تختلف على الليسانس؟,التقديم يكون في أول العام الجامعي. الفرق إنو الـ 'سكور' يولي يعتمد أكثر على نتايج الليسانس والـ 'كلاسمنت' بتاعك، بالإضافة للدخل المادي للدار.,native
student_life,كيفاش نعرف روحي ريدوبلون (Redoublant) ولا أدمي (Admis) بالـ ديت (دين)؟,إذا مويانك العام بين 9 و 10، وعندك ماتيارات ما نجحتش فيهم، تنجم تتعدى بالـ 'ديت' (تنجح وتعدي الماتيارات هذوكم العام الجاي). القرار يرجع للـ 'جوري' في المداولات.,native
student_life,نحب نعرف الـ كالاندريي متاع الـ راترايباج (دور ثاني) وقتاش يهبط؟,يهبط عادة جمعة بعد نتايج الـ 'برانسيبال'. الـ 'راترايباج' يكون في جوان ولا جويلية. ننصحك تبدا تراجع للماتيارات اللي شكيت فيهم من توا وما تستناش الـ 'أفيشاج' لخراني.,native
student_life,نجم نكتب البي اف ولا بـ شات جي بي تي (شات جيبيتي)؟,استعملو كـ 'أسيستون' باش ينظم أفكارك ولا يصححلك اللغة، أما إياك تعمل 'كوبي كولي'. الـ 'جوري' باش يفيق بيك في الأسئلة التقنية، وزادة ليزوتيل 'أونتي-اي اي' (Anti-AI) ولات موجودة في الفاك.,native
advice_guidance,عندي 3 شهور المعدة حارقة عليّ ديما ونحس بڨلبي معبي، ووزني قاعد يطيح، شنوة هذا؟,الحريقة الطويلة ونقص الوزن لازمهم تثبيت. لازمك تعمل 'منظار' (منظار) باش الطبيب يشوف المعدة من داخل ويقرر الدواء الصحيح.,native
advice_guidance,نحاو لي ورم من تحت الإبط أما خلو طرف بقايا خاطر قريبة للعروق، ياخي البقايا هذي خطر؟,في الحالات هذي، الطبيب يوازن بين خطر العملية وخطر البقايا. لازمك 'مراقبة' بالسكانير ولا السونار ديما، وساعات يكملوا 'الأشعة' (علاج إشعاعي) باش يقضوا على ما تبقى.,native
advice_guidance,حلقي شايح ديما ونشرب الماء برشة ونمشي لتوالات برشة، شنوة هذا؟,هذي علامات باينة متاع 'سكر'. برا أعمل تحليل سكر صايم (سكر الدم صايم) في أقرب وقت باش تقطع الشك.,native
advice_guidance,عندي التهابات قوية من لوطة وعذبتني، شنوة الحل؟,لازمك 'مزرعة' (مسحة / عينة) باش نعرفوا نوع الميكروب ولا الفطريات. أخطاك من خلطات العرعار وغيرها، الطبيب يعطيك التحاميل المناسبة.,native
advice_guidance,وجهي وصدري وضهري معبيين بحبوب حمراء فيها القِحة، والطبيب عطاني بومادة وما نفعتش، شنوة نعمل؟,هذا حب شباب (حبوب الوجه) قوي شوية. كان 'البومادة' ما قضت شي، لازمك دواء بالحق (كِيما الـ Curacné) أما لازم تحت مراقبة طبيب جلدة وتحاليل كبدة كل شهر.,native
advice_guidance,عندي دم يخرج بعد ما نكمل التبرز، الدم وحده مووش مخلط بالخروج، وعمري 35 سنة، شنوة هذا؟,أي دم يخرج من التالي لازم يثبت فيه الطبيب بـ 'المنظار' (منظار القولون) باش يتأكد اللي المصران نظيف، وبعدها يقرر كانها بواسير ولا حاجة أخرى.,native
advice_guidance,هبلتني البواسير، جربت برشة تحاميل (لبوس) وما نفعوش، الحكة نقصت أما الإمساك والبواسير باقين. نعمل عملية؟,كان الدواء ما عادش يقضي، تولي العملية هي الحل سواء بالاستئصال ولا فمة طرق أخرى كِيما ربط العروق اللي تغذي البواسير (THD) باش تذبل وتموت.,native
advice_guidance,ياخي المرمى (المساج) باهي للي عنده عرق النسا (عرق الاسى)؟,في وقت الوجيعة القوية (Crise)، المرمى تزيد تشعل الالتهاب. لازم دواء وراحة، وكِي تبرد الوجيعة، تنجم تعمل مساج طبي (علاج طبيعي) باش تسرح العضلة اللي ضاغطة على العصب.,native
advice_guidance,ياخي الحنة باهية للفطريات متاع الساقين (فطريات)؟,إي نعم، الحنة فيها مواد طبيعية تقتل البكتيريا والفطريات وتشيح البلاصة. هي باهية برشة للوقاية، أما كان الفطريات كلات الظفر، لازم دواء (Vernis) من الصيدلية.,native
advice_guidance,عندي فشلة ديما في ركايبي كِي نطلع الدروج، شنوة السبب؟,تنجم تكون نقص 'فيتامين D' ولا بداية تآكل في غضروف الركبة (فصال عظمي / تآكل المفاصل). ثبت بروحك كانك توزن برشة، خاطر الثقل هو العدو الأول للركايب.,native
advice_guidance,علاش كِي نقرص روحي في يدي الجلدة ما ترجعش ديريكت لبلاصتها؟,هذا اختبار 'الجفاف' (جفاف). كان الجلدة تبقى واقفة، يعني بدنك ناقص ماء برشة وفقد الليونة متاعه. اشرب الماء بانتظام تو ترجع الجلدة تتجبد كِيما الاستيك.,native
advice_guidance,علاش كِي نشم ريحة القلاية ولا حاجة مقلية قلبي يغم عليا؟,تنجم تكون علامة على مشكل في 'المرارة' (المرارة). المرارة هي اللي تهضم الدهون، وكِي تبدأ مريضة ولا فيها حجرة، تولي ترفض ريحة المقلي وتعملك رداد وغمة.,native
advice_guidance,ياخي القارص (الليمون) ينحي الجير من السنان؟,رد بالك! القارص فيه أسيد قوي يآكل طبقة 'المينا' (Émail) ويخلي السن تولي حساسة وتتسوس بسرعة. الجير ما يتنحى كان عند الدونتيست (تنظيف الأسنان).,native
advice_guidance,عندي التهاب في البروستات، شنوة الدواء؟,الدواء الأساسي هو مضاد حيوي (مضاد حيوي) يطول شوية (من 4 لـ 6 أسابيع) باش يقضي على الميكروب. ولازمك مسكنات وراحة وتبع مع طبيب مسالك بولية.,native
advice_guidance,عندي وجيعة في جنبي اليمين من لوطة وماشية لضهري، شنوة تنجم تكون؟,ينجم يكون التهاب في المرارة (بالحجر ولا بلاش)، ولا المصرانة الزايدة (Crise d'التهاب الزائدة)، ولا حتى وجيعة كولون. لازمك تعمل سونار (Échographie) عند طبيب معدة باش تثبت.,native
advice_guidance,خويا مريض بالانفصام (الفصام) وما يحبش يقتنع اللي هو مريض، كيفاش نداويه من غير حرابش؟,في حالة الانفصام، الدواء هو الأساس (الدرجة الأولى) باش الحالة تستقر. الدواء يعاون المخ يرجع يخدم مريغل، ومن بعد يجي الدور متاع العلاج النفسي والسلوكي. لازم تقنعوه يشوف طبيب أعصاب ونفسية.,native
advice_guidance,نتهته (التلعثم) في الكلام من صغري وتوا عمري 23 سنة ومازالت، ياخي المشكل عضوي ولا نفسي؟,الأغلب المشكل نفسي (خوف، ستريس، ولا صدمة قديمة). المستحسن تشوف طبيب نفسي وحصص تقويم نطق (علاج النطق)، تو بالتمارين تولي تسرح في الكلام.,native
advice_guidance,عملت تحليل (فيروس نقص المناعة) بعد 15 يوم وطلع سالب، يكفي؟,15 يوم مدة قصيرة. لازم تعاوده بعد 3 أسابيع ولا شهر باش النتيجة تكون مضمونة 100%.,native
advice_guidance,مريض سكر ونحس بـ تنميل في ساقيا، حتى الماء السخون ما نفيقش بيه، مناش؟,هذا تأثير السكر على الأعصاب (اعتلال الأعصاب). لازمك تعمل تخطيط أعصاب (تخطيط العضل) وتاخذ فيتامينات B ومقويات للأعصاب باش الحالة ما تزيدش.,native
advice_guidance,زوجتي حامل وعندها بوصفير B (التهاب الكبدة بي)، فمة خطر على الصغير؟,لازمها تاخذ التلقيح (المطعوم) ديريكت باش تحمي الجنين. وبإذن الله الصغير يتولد لاباس كان تبعتوا تعليمات الطبيب.,native
advice_guidance,ولدي عمره 4 سنين، تحليل (بروتين الالتهاب) طلع 25، شمعناها؟,يعني فمة 'انفلاماسيون' (التهاب) في بدنه. لازم الطبيب يثبت وين بالضبط، ينجم يكون في الحلق، في الصدر، ولا في البول. لازم دواء.,native
advice_guidance,ناخذ في دواء الغدة الدرقية والبريود غابت شهرين، وعملت تحليل حمل وطلع سلبي، الدواء يغيرها؟,الدواء بيدو لا، أما الغدة كِي تبدأ مووش مريڨلة (طالعة ولا هابطة) هي اللي تخربق البريود. أعمل تحليل (هرمون الغدة الدرقية) وثبت الجرعة مع طبيبك.,native
advice_guidance,عندي حكة في راس القضيب وعندي سيلان، شنوة نجم نستعمل؟,"السيلان لازمك تعمل عليه تحاليل أمراض منقولة جنسياً (الإيدز, Hépatite) باش تتطمن، واستعمل كريم 'جاراميسين' وما تسكتش على السيلان.",native
advice_guidance,ياخي فقر الدم (فقر الدم) مرض مزمن يقعد طول العمر؟,لا، فقر الدم عنده برشة أسباب (نقص حديد، نقص فيتامينات..). كِي تداوي السبب وتاكل بالباهي، يبرى البدن وترجع لاباس.,native
advice_guidance,عندي وجيعة في معدتي ودوخة وخوف من الموت وغازات، عندي 7 شهور هكا، شنوة هذا؟,الأغلب هذا 'تشنج كولون' (القولون العصبي) من الستريس والقلق. خوذ دواء للغازات وحاول ترتاح نفسياً، وكان لزم شوف طبيب هضمية.,native
advice_guidance,عندي ناصور (ناسور) ونحب كريم يحميني من الفطريات، شنوة تنصحني؟,الناصور ما يداواش بالكريمات. الكريمات تضيع في الوقت. لازم عملية جراحية باش تنظف البلاصة وترتاح من الوجيعة والوخز.,native
advice_guidance,عندي نقص فيتامين د وعظامي تسطر وشعري يطيح، شنوة الحل؟,لازمك جرعات فيتامين د (Ampoules) وتتعرض للشمس، واعمل تحليل غدة درقية (هرمون الغدة الدرقية) خاطر تنجم تكون هي سبب تساقط الشعر.,native
advice_guidance,عندي 21 سنة ودورتي ماهيش منتظمة عندها مدة طويلة، شنوة نعمل؟,"لازم تعمل تحليل هرمونات (هرمون FSH, LH) وتثبت في الغدة الدرقية، وتعمل سونار على المبايض باش تشوف لا فمة تكيس (PCO).",native
advice_guidance,ساقي اليمين ديما توجعني وباردة وتنمّل، شنوة السبب؟,الأسباب برشة: تنجم تكون من 'عرق النسا' (عرق الاسى)، ضغط على الأعصاب في الظهر، ولا مشكلة في الدورة الدموية. لازم فحص عند طبيب.,native
advice_guidance,بنيتي عمرها 5 شهور وجاها بوشوكة (جدري الماء)، لازم نلقحلها توة ولا لا؟,لا يا لالة، مادام جاها بوشوكة بدنها عمل مناعة طبيعية ودائمة. ما عادش تستحق التلقيح، أمورها هانية.,native
advice_guidance,صار جماع مع شخص سليم أما بلاش قذف لداخل، يتعدى السيدا (الإيدز)؟,كان الشخص سليم (وعامل تحاليل) ما فمة شي. أما بصفة عامة، السيدا تتعدى بمجرد الإيلاج حتى بلاش قذف. لازم الحذر ديما.,native
advice_guidance,في رمضان، أول ما ناكل كعبة تمر ونشرب حليب نرد اللي في جوفي الكل، شنوة الحل؟,هذا يتسمى 'فشل معدة' (Gastroparesis) ولا قرح مخفي. لازمك تعمل تحاليل و'منظار' (منظار) باش تثبت المعدة علاش ترفض في الماكلة أول ما يدخلها شي.,native
advice_guidance,هرمون الـ (هرمون FSH) عندي 40، يصير حمل؟,الرقم هذا عالي برشة ويعني اللي المبايض تعبت. فمة دوايات تعاون باش يطيح شوية، أما الحمل في الحالة هذي يحبله متابعة طبية دقيقة برشة.,native
advice_guidance,نحس في هزاز كِيما التليفون في قلبي، وعمري 50 سنة؟,هذي تتسمى 'رفرفة' (Palpitation). لازمك تعمل تخطيط قلب (رسم القلب) وتشوف 'إيكو' باش تتأكد اللي دقات القلب مريغلة وما ثماش تعب.,native
advice_guidance,وخرت عليّ الدورة 5 أيام وعمري ما صرتلي، عملت تست الدار وطلع سلبي. ياخي نجم نطلع حبلة رغم التحليل؟,إي نعم، ينجم يكون فمة حمل أما مازال ما بانش في البول خاطر الهرمون ضعيف. 'تست' الدار ساعات يغلط في البداية. أحسن حل وأضمن حاجة هي إنك تمشي تعمل 'تحليل دم رقمي' (تحليل الحمل). هذاك هو اللي يعطيك الصحيح ويقلك فمة حمل ولا جوست تأخير عادي.,native
advice_guidance,علاش كِي نشربوا حاجة مثلجة برشة يحس الواحد كأنه مخّه تجمد ووجيعة قوية في راسه لثواني؟,هذي تتسمى 'تجميد المخ' (تجمد الدماغ). كِي حاجة باردة برشة تمس سقف الفم، العروق اللي غادي تتكبز فيسع وبعد تتحل بقوة. هالتغيير السريع في حجم العروق يبعث إشارة وجع قوية للمخ يحسها الواحد في جبهته وفي عينه. الحل كِي تصيرلك، الصق لسانك في سقف فمك باش تسخنه فيسع، وتو تطير الوجيعة في لحظة.,native
advice_guidance,شنوة حكاية عروق ساقيك اللي تولي منفوخة وزرقاء (السيال)؟ ياخي من وقفة النهار الكل ولا فمة سبب آخر؟,هذيك تتسمى 'الدوالي' (Les دوالي). العروق في الساقين فيهم 'فالفات' (صمامات) تمنع الدم باش يرجع لوطا بفعل الجاذبية. كِي تاقف برشة ولا يكون فمة وزن زايد، هاك الصمامات يضعفوا والدم يبدأ يركد ويتجمع، وهذاك اللي يخلي العرق يتنفخ ويزرق. الحل موش كان في الحرابش؛ لازمك تلبس 'الشورات' (الجوارب الضاغطة)، تحاول ما تاقفش برشة فرد بلاصة، وكِي تروح للدار ارفع ساقيك للفوق فوق مخدة باش تعاون الدم يرجع للقلب بسلاسة.,native
advice_guidance,علاش كِي نجريو برشة ولا نعملوا مجهود فجئي، نحسوا بوجيعة قوية في جنبنا (وجيعة الجنب) تخلينا نقصوا الجري؟,الوجيعة هذيك غالباً تجي من 'الحجاب الحاجز' (المسكول اللي يعاونا على النفس). كِي تجري وتتنفس فيسع وقوة، ولا كِي تبدأ واكل قبل الجري، الدم يمشي للمسكولات القوية ويخلي الحجاب الحاجز يتشنج شوية خاطر نقص عليه الأكسجين ولا تضغط عليه المعدة. الحل كِي تشدك الوجيعة: نقص في السرعة، خوذ نفس عميق وخرج الهوا بالسياسة (Pursed lips breathing)، واضغط بيدك شوية على بلاصة الوجيعة تو تسيبك في دقيقة.,native
advice_guidance,ياخي فمة منها حكاية الزكام يخرج بالتعرق؟ يعني الواحد كِي يمرض لازم يلبس برشة ويتغطى بالباهي باش يعرق ويبرأ؟,هذي من العادات القديمة اللي فيها شوية غلط. العرق في حد ذاته ما يخرجش الفيروس، الفيروس يقتله الجهاز المناعي كِي تطلع السخانة. كِي تغطي روحك برشة وإنت عندك سخانة، تنجم تطلع درجة حرارة بدنك لمستوى خطر (جفاف). الباهي هو إنك تلبس حاجة مريحة، تشرب برشة سوائل، وتخلي بدنك يبرد روحه بالسياسة. التعرق هو علامة اللي السخانة بدأت تنزل، موش هو اللي يداوي المرض.,native
advice_guidance,علاش ساعات كِي نكونوا في بلاصة كالم، نسمعوا وشوشة ولا تصفير في وذننا (طنين في الوذن) من غير ما يكون فمة حس لبرة؟,التصفير هذا ينجم يكون لعدة أسباب: ساعات شوية وسخ (بوشون) في الوذن، ساعات من كثرة استعمال 'الكيت' والحس القوي اللي يتعب عصب السمع، وساعات حتى من 'الستريس' ولا ضغط الدم العالي. كِي تتكرر الحكاية برشة، لازم طبيب وذنين (ORL) يثبت، خاطر ساعات تكون جوست تشنج في عضلات الوذن الصغيرة، وساعات تكون تنبيه اللي السمع بدأ يضعف شوية ولازم نحميوا وذننا من الحس.,native
advice_guidance,ياخي بالرسمي المضاد الحيوي (مضاد حيوي) يضعف المناعة ويخلي الواحد يمرض فيسع من بعد؟,المضاد الحيوي يقتل البكتيريا الخايبة، أما المشكلة أنه يقتل معاها 'البكتيريا الباهية' اللي تعيش في مصراننا (البروبيوتيك) وهي جزء كبير من المناعة. هذاك علاش كِي تكمل الدواء تحس روحك فاشل ومعدتك تتقلب. هو ما يضعفش المناعة 'ديريكت'، أما يخل بـ 'التوازن' لداخل. نصيحة: كِي تاخذ أنتي بيوتيك، كول معاه 'الرايب' ولا 'الياغورت الطبيعي' باش ترجع البكتيريا الباهية لبدنك وتقوي مناعتك من جديد.,native
advice_guidance,عندي مدة يهبط عليّ دم بني وساعات ماء أحمر في غير وقت الدورة، شنوة السبب؟,الدم البني ولا 'الماء الأحمر' في نص الشهر ينجم يكون علامة بسيطة على 'وقت التبويض'، يعني المبيض قاعد يخدم. أما كان الحكاية تكررت برشة وبقوة، لازمك تعمل 'تلفزة' (سونار) باش نثبتوا في عنق الرحم لا تكون فمة جرح صغير ولا لحمية (ورم حميد) هي اللي تسيب في هاك السوائل.,native
advice_guidance,عندي حرقان بول قوي بعد الجماع، شنوة نعمل؟,الحالة هذي شائعة وتتسمى 'التهاب شهر العسل'. لازمك تعمل تحليل بول ومزرعة (تحليل البول) ديريكت، وتاخذ المضاد الحيوي اللي يكتبهولك الطبيب، واشرب برشة ماء.,native
advice_guidance,عندي فتق (فتق) عنده 5 شهور، والطبيب قالي لازم عملية وشبكة، نجم نصبر شهرين آخرين؟,الفتق كِي يبدأ موجود، أحسن حل هو العملية والشبكة باش ما يكبرش ولا 'يتخنق' (فتق étranglée) وتولي حالة استعجالية وصعيبة. المستحسن تعملها في أقرب وقت وما توخرش برشة.,native
advice_guidance,عندي ناسور (ناسور) عنده عام ونصف ويخرج في الدم، ونخاف من العمليات، شنوة الحل؟,الناسور ما يداوى كان بالجراحة. الصبر عليه وهو ينزف هكاك ينجم يعملك تعفن (خراج / دُمَّل) ومشاكل أكبر. ما تخافش، العمليات توا سهلت وتريحك من الوجيعة والدم نهائياً.,native
advice_guidance,دورتي منتظمة أما الدم هبط أسود، وأنا معرسة وجديدة؟,الدم الاكحل هو جوست دم 'قديم' تعطل باش هبط. أما مادام تحليل الهرمون (هرمون FSH) طلع طالع برشة (126)، لازمك متابعة دقيقة مع طبيب غدد خاطر النسبة هذي تخوف شوية على المباِيض.,native
advice_guidance,عندي تڨريعة (تجشؤ) حامضة وتطلع في صدري، شنوة السبب؟,هذا يتسمى 'حموضة / ارتجاع' (ارتجاع المريء). الحموضة متاع المعدة قاعدة تطلع للفوق. ابعد على الماكلة الحارة، المقلي، وما ترقدش ديريكت بعد العشاء.,native
advice_guidance,علاش كِي نتوتر فم معدتي يتكبز وما عدتش نجم ناكل؟,المعدة هي 'المخ الثاني' للإنسان. فيها برشة أعصاب تتأثر بالتوتر (ضغط نفسي). كِي تتفجع ولا تتوتر، المعدة تتشنج وتسكر الشهية. لازمك تركح أعصابك باش الماكينة ترجع تخدم.,native
advice_guidance,عندي نمنمة (تنميل) في صوابع يدي كِي نخدم بالبيسي؟,هذا ضغط على العصب في المعصم (Carpal Tunnel). لازمك ترتاح وتبدل وضعية يدك، ولا تستعمل 'فارة' (فأرة الحاسوب) طبية باش العصب ما يقعدش مخنوق.,native
advice_guidance,الدورة انقطعت شهرين ورجعت نهار واحد بريحة خايبة وحكة، شنوة هذا؟,الريحة والحكة علامة واضحة على وجود 'التهابات' ميكروبية ولا فطريات. لازمك تمشي لطبيبة نساء تعملك فحص ومسحة (مسحة / عينة) باش تعطيك التحاميل (لبوس مهبلي) المناسبة.,native
advice_guidance,شنوة أحسن نوع عدسة للعين بعد عملية الماء الأبيض (ساد)؟,العدسات الأمريكية 'أحادية البؤرة' (Monofocal) ممتازة للرؤية الليلية والسياقة. طبيبك هو اللي يختار الماركة اللي تمشي مع قياس عينك بالضبط.,native
advice_guidance,عندي دوالي (دوالي) في ساقيا عندها 15 سنة، ثمة دواء ينحيها؟,"الدوالي العميقة ما تتنحاش بالدواء. الحل الأول هو 'الشراب الطبي' (جوارب ضغط) باش يخفف الضغط، والحل النهائي هو 'الليزير' ولا الجراحة كِي تبدأ مقلقة برشة.
",native
advice_guidance,عندي حرقان في بدني الكل والأدوية النفسية ما نفعتش، شنوة الحل؟,ساعات الوجيعة الجسدية تكون 'تعبير' على قلق نفسي عميق (تجسيد نفسي). لازم تواصل العلاج النفسي 'بالكلام' (Thérapie) موش كان بالحرابش، باش تفهم السبب الدفين للحرقان هذا.,native
advice_guidance,عندي تكيس مبايض (تكيس المبايض) وهرمون الحليب طالع، نحمل؟,إي تحمل بإذن الله، أما لازمك تريغل هرمون الحليب بالدواء وتاخذ منشطات للمبايض تحت إشراف الطبيب. تعديل الوزن زادة يعاون برشة في حالات التكيس.,native
advice_guidance,بنتي ترجع في الحليب (قلس) رغم اللي بدلتلها أنواع الحليب AR، شنوة الحل؟,الترجيع (حموضة / ارتجاع) عند الرضع عادي مادام وزنها قاعد يزيد. جرب خليها في وضعية واقفة بعد الرضاعة بـ 20 دقيقة، وكان الحكاية قوية برشة، لازم طبيب أطفال يوصفلها دواء يعدل حموضة المعدة.,native
advice_guidance,وزني 68 وطولي 150 وعندي خمول في الغدة الدرقية، شنوة نعمل؟,خمول الغدة (قصور الغدة الدرقية) هو اللي يخليك تسمن وما تنجمش تضعف بسهولة. لازم تاخذ دواء 'الليفوثيروكس' باش تعدل الهرمونات، ومعاها ريجيم ونقص السكر وتو يبدأ وزنك يطيح.,native
advice_guidance,علاش كِي نلبس المنڨالة (الساعة) جلدتي تحتها تحمار؟,هذي حساسية تلامسية (حساسية de contact)، غالباً من مادة 'النيكل' الموجودة في الحديد متاع الساعة. جرب البس ساعة بجلد طبيعي ولا بلاستيك وتو الحمار يمشي.,native
advice_guidance,عندي عقدة في صبعي تطلع وتخفي (كيس مفصلي)، تخوف؟,في الأغلب هي كيس فيه سائل زلالي يخرج من المفصل. كان ما توجعش وما كبرتش برشة، سيبها تو تمشي وحدها. كان قلقيتك، الطبيب ينجم يفرغها بالبراة.,native
advice_guidance,ولدي ديما يحك في خشمه بقوة، ياخي عنده دود؟,حكة الخشم غالباً علامة على 'حساسية الأنف' (التهاب الأنف التحسسي) موش الدود. الدود يعمل حكة في 'المخرج' خاصة في الليل. ثبت مع طبيبه.,native
advice_guidance,عندي قشرة في حواجبي، شنوة السبب؟,هذي تتسمى 'إكزيما دهنية'. الجلدة في البلاصة هذيك تسيب زيت برشة وتعمل قشرة. استعمل شامبو طبي (كيتوكونازول) حتى على حواجبك وتو تمشي.,native
advice_guidance,عندي تكتكة في الفك كِي نجي نحل فمي بقوة، شنوة هذي؟,تتسمى 'مشكلة في مفصل الفك' (ATM). تنجم تكون من كثرة كبس السنين وقت النوم (ضغط نفسي) ولا من طريقة المضغ. كان معاها وجيعة، لازمك تشوف طبيب سنين يعملك 'Gouttière'.,native
advice_guidance,عندي صداع يجي ديمة وراء عيني، شنوة سببه؟,ينجم يكون 'شقيقة' (الشقيقة) وتكون مركزة في جهة واحدة، ولا يكون تعب في النظر. جرب ارتاح في بيت مظلمة، وكان تكرر برشة، لازم فحص نظر.,native
advice_guidance,عندي رعشة في يدي كِي نجي نكتب، شنوة السبب؟,تنجم تكون رعشة 'عصبية' من الستريس، وتنجم تكون 'رعشة أساسية' (رعشة أساسية) وهي وراثة وبسيطة. نقص القهوة وشوف طبيب أعصاب يطمنك.,native
advice_guidance,عندي دوخة كِي نغزر للسماء ولا نوطي راسي، شنوة هذي؟,تنجم تكون 'دوار وضعي' (دوخة وضعية حميدة) سببه بلورات صغيرة في الوذن الوسطى تحركت من بلاصتها. طبيب الأذنين يعملك حركات بسيطة (Manœuvres) يرجعهم وتتصلح الدوخة.,native
advice_guidance,عيني بدأت تخرج لبرة (جحوظ) مع حرقان، شنوة السبب؟,جحوظ العين غالباً عنده علاقة بـ 'الغدة الدرقية' (تضخم الغدة الدرقية). لازم تعمل تحليل هرمونات وتصوير (Scanner) للعين باش تعرف السبب وتعالجه فيسع قبل ما يأثر على الشوف.,native
advice_guidance,دوالي الساقين عندها دواء ينحيها جملة؟,الدوالي عروق توسعت، ما ثماش حرابش 'تنحيها'. الحل الأول هو 'الشراب الطبي' (جوارب ضغط) باش يخفف الوجيعة. والحل النهائي يكون بالليزر ولا الجراحة.,native
advice_guidance,ياخي القشرة تعدي من شخص لآخر؟,القشرة العادية ما تعديش، خاطرها جلدة ميتة. أما كان القشرة سببها 'فطريات' (فطريات)، وقتها تنجم تتعدى باستعمال نفس المشطة ولا المنشفة.,native
advice_guidance,عندي بقعة زرقاء في بدني طلعت وحدها، شنوة هذي؟,ساعات عروق صغيرة (Capillaires) تطرشق من غير ما تشعر. أما كان بدأت تظهر برشة وبلا سبب، لازم تحليل دم (NFS) نثبتوا في 'الصفائح' (صفائح دموية).,native
advice_guidance,شربت الحبة الطارئة (منع الحمل durgence) وهبط عليا دم وسخ، ياخي تمنع الحمل؟,إي نعم، الحبة الطارئة تقلق الهرمونات باش تمنع التبويض ولا تمنع البويضة باش تلصق. الدم اللي هبط (نزيف بسيط) هو علامة اللي الدواء خدم خدمته. مادام الدم هبط، اطمن الحمل مستبعد برشة.,native
advice_guidance,الطبيبة قالتلي لازمك سيزاريان (عملية قيصرية) في السونار، علاش؟,السيزاريان تتقرر لبرشة أسباب: ينجم يكون الصغير 'قاعد' (مووش براسه)، ولا المشيمة مغطية المخرج (Placenta praevia)، ولا الحوض ضيق. الطبيبة هي أدرى بمصلحتك ومصلحة الصغير.,native
advice_guidance,عملت تست حمل بعد 5 أيام تأخير وطلع سلبي، ياخي صحيح؟,ساعات التبويض يكون متأخر والـ (HCG) مازال ما بانش في البول. استنى تزيد 5 أيام أخرى وعاود التست، ولا أعمل تحليل دم (تحليل الحمل) هو اللي يعطيك الصحيح 100%.,native
advice_guidance,عندي سرعة قذف كبيرة، فمة تمارين تعاوني؟,إي، تمارين 'كيغل' (تمارين كيغل) ممتازة. هي أنك تكبس عضلات الحوض (كأنك تحصر في البول) وتشد 10 ثواني وترخي. داوم عليها 3 مرات في النهار وتو تلاحظ تحسن كبير في التحكم.,native
advice_guidance,علاش كِي نطلع الدروج قلبي يخبط وبدني يفشل؟,تنجم تكون 'فشلة' عادية من نقص الحديد (فقر الدم) ولا نقص في اللياقة. أما كان معاها ضيق نفس قوي، لازم طبيب قلب يثبت في الصمامات ولا دقات القلب.,native
advice_guidance,عندي وجيعة وفتحة بجنب المخرج، شنوة هذي؟,تنجم تكون 'ناصور' (ناسور) ولا خراج (خراج / دُمَّل). لازم جراح يشوفها فيسع خاطر كان تعفنت تعمل وجيعة كبيرة وحمى. ما تسكتش عليها.,native
advice_guidance,علاش كِي نكون جواعي نحس بـ دوخة وغيام في العين؟,هذا هبوط سكر (انخفاض السكر). المخ هو أول واحد يتقلق كِي ينقص السكر. كول حاجة حلوة وتو ترجعلك الرؤية واضحة.,native
advice_guidance,عندي تكريرة في ساقي (شد) كِي نركد، شنوة السبب؟,أكثر سبب هو نقص 'المغنيسيوم' ولا 'البوتاسيوم'، ولا الجفاف (نقص الماء). البدن كِي ينقصوا عليه الأملاح، العضلات تتشنج وحدها. اشرب الماء وكول كعبة بنان وتفكرني.,native
advice_guidance,عندي نقطة سوداء تتحرك قدام عيني كِي نغزر للحائط الأبيض؟,تتسمى 'الذبابة الطائرة' (ذبان العين). هي شوائب في السائل اللي داخل العين. مادامها نقطة ولا زوز وتتحرك، لاباس، أما كان كثرت فرد مرة ولاّ فمة 'فلاش ضو'، لازم طبيب عيون ديريكت.,native
advice_guidance,عندي تواليل (ثولال) في يدي، ياخي تعدي؟,إي نعم، التواليل سببها فيروس (فيروس الورم الحليمي) وهو معدي بالتلامس ولا باستعمال نفس المنشفة. لازم تداويها عند طبيب جلدة بالبرد (Azote) باش ما تنتشرش في بدنك.,native
advice_guidance,عندي فوار (هبّة سخونة) في وجهي وعمري 48 سنة؟,هذي علامات بداية 'سن اليأس' (سن اليأس). الهرمونات تتبدل وتأثر على مركز السخانة في المخ. كولي الصويا واشرب الماء البارد، واستشيري طبيبتك كان القلق زاد.,native
advice_guidance,ياخي المرمى (المساج) باهي لعرق النسا (عرق الاسى)؟,في الحالات القوية (الالتهاب) المرمى تزيد تشعل الوجيعة. لازم دواء 'مضاد للالتهاب' وراحة، وبعد ما تبرد الوجيعة، المساج الطبي (الترويض) يولي باهي.,native
advice_guidance,ياخي العلكة (المصيصة) باهية للمعدة؟,تمضيغ العلكة يخليك تبلع 'هواء' برشة، وهذا يعمل نفخ وغازات. أما هي باهية باش تنحي الحريقة (حموضة) بعد الماكلة خاطر تزيد اللعاب.,native
advice_guidance,ياخي التلفزة والتابليت تعمي الصغار؟,ما تعميش، أما 'تتعب' العين وتعمل نقص نظر (قصر النظر) مع الوقت خاطر الصغير يركز برشة في بلاصة قريبة. لازم قاعدة '20-20-20': كل 20 دقيقة يغزر لبعيد 20 متر لمدة 20 ثانية.,native
advice_guidance,علاش كِي نجوع معدتي تعمل زغاريت (صوت)؟,تتسمى 'حركات دودية' (قرقرة البطن). المعدة والمصران يتحركوا ديما، وكِي يبدأو فارغين، الصوت يولي يصدى لداخل ونسمعوه بوضوح.,native
advice_guidance,ياخي الضحك ينقص الوجيعة؟,إي نعم! الضحك يخلي المخ يسيب 'الإندورفين' (إندورفين)، وهي مادة تشبه للـ 'مورفين' تسكن الوجيعة طبيعي وتطلع المعنويات.,native
advice_guidance,علاش كِي نعرق ريحتي تتبدل كِي ناكل الحار؟,المواد اللي في الفلفل والبصل والثوم تخرج مع العرق (تعرق). كِي تتحلل بالبكتيريا اللي فوق الجلدة، تعطي ريحة قوية تشبه للماكلة اللي كليتها.,native
advice_guidance,علاش كِي نركد ونقوم فجأة الدنيا تظلام؟,يتسمى 'هبوط ضغط وضعي' (انخفاض ضغط عند الوقوف). الجاذبية تجبد الدم لساقيك، والقلب ما يلحقش يوصل الدم للمخ في ثانية. استنى لحظة وتو ترجع الأمور مريغلة.,native
advice_guidance,علاش كِي ناكل الثلج راسي يوجعني؟,تتسمى 'فجعة المخ' (تجمد الدماغ). البرد القوي يخلي العروق في سقف الفم تضياق فيسع وبعد تتحل، وهذا يبعث إشارة وجيعة قوية للمخ.,native
advice_guidance,وقت العلاقة فمة إفرازات برشة تخلي الزوج ما يستمتعش، شنية السبب؟,الإفرازات الزايدة تنجم تكون 'فطريات' ولا التهاب في المهبل، وساعات تكون حكاية هرمونات. لازم تمشي للطبيبة تاخذ 'مزرعة' (مسحة / عينة) باش تعرف نوع الجرثومة وتو تعطيك دواء ينشف ويصلح البلاصة.,native
advice_guidance,عملت عملية على يدي وركبت بلاكة ومسامير من شهر، أما يدي ما عادش تتحرك للآخر، عادي؟,عادي بعد الجبس العضلات والمفاصل ييبسوا (تصلب). لازمك تعمل حصص 'ترويض طبي' (علاج طبيعي) باش تسرح المفصل وترجع تخدم عضلاتك، وتو ترجع تتحرك مريڨلة.,native
advice_guidance,عملت عملية خراج (Dabbous) بجنب المخرج عندها شهرين، الجرح لتوة ما لمش وفمة ثقب صغير، شنوة الحل؟,رد بالك، الخراج في البلاصة هذيك كِي ما يلمش ينجم يولي 'ناصور' (ناسور). لازم ترجع للجراح يثبت لا يكون 'الناصور' قاعد يتكون لداخل، وقتها لازم تدخل آخر.,native
advice_guidance,عندي مرض غريفز (نشاط الغدة) والطبيب قالي بطل الدواء، وبعد شهر رجعتلي الفشلة، علاش؟,مرض 'غريفز' غدار. بطلان الدواء لازم يكون بالسياسة ومعاه تحاليل (هرمون الغدة الدرقية) كل شهر. لازمك ترجع للطبيب وتعاود التحليل، ينجم يكون النشاط رجع وكيما ينجم يكون نقصت برشة.,native
advice_guidance,عندي وجيعة في حلمة صدري كِي نمسها والبريود مازال عليها جمعة، تطلع حبالة؟,وجيعة الصدر تصير قبل البريود وتصير في الحبالة خاطر الهرمونات. ما نجموش نتأكدوا كان بتحليل دم (تحليل الحمل) كِي تتوخر البريود بنهار.,native
advice_guidance,عملت تحليل بروتين الالتهاب وطلعلي 170، ياخي يخوف؟ عندي سفرة وتاعبة برشة.,الـ بروتين الالتهاب يطلع كِي يبدأ فمة 'انتهاب' (Infection) ولا تعفّن جديد في البدن. 170 تتسمى طالعة شوية، أما مادام كريات الدم البيضاء (6000) لاباس، فما تخافش. لازم الطبيب يشوف منين جاي الالتهاب (ڨرجومة، وجيعة مفاصل..) ويعطيك الدواء المناسب.,native
advice_guidance,كل صباح كِي نتوضى ونمس الماء، نعطس 10 مرات ورا بعضهم، علاش؟,هذي 'حساسية' (حساسية) مالماء ولا مالتغير المفاجئ في السخانة. خوذ كعبة 'ضد حساسية' قبل ما ترقد، واستعمل قطرات خشم تو ترتاح من العطس والسيلان.,native
advice_guidance,عندي شقيقة (صداح نصفي) وعيني اليسار تنبض، تخوف؟,الشقيقة تعمل هكا وأكثر. أما مادامها وجيعة متكررة، قيس التنسيون (الدم) وإذا لزم أعمل 'رنين مغناطيسي' (رنين مغناطيسي) على الراس باش تنحي الشك وترتاح.,native
advice_guidance,عندي إفرازات برشة ولونها وردي (Rose)، شنوة هذا؟,اللون الوردي يعني فمة 'نكتة' دم تخلطت مع الإفرازات. لازم تحليل (مسحة / عينة) باش نثبتوا لا يكون فمة تعفن ولا جرح صغير في عنق الرحم.,native
advice_guidance,نرضع ونشرب في حرابش منع حمل (متاع الرضاعة) والدم هبط عليا، ياخي هذي بريود؟,حرابش الرضاعة ساعات يعملوا نزيف خفيف (نزيف بسيط) خاطر الهرمون اللي فيهم ضعيف. كمل اشرب حرابشك مريغل، الدم هذاك عادي مع الرضاعة.,native
advice_guidance,ضربني الضو (ماس كهربائي) ونحس في قلبي ينغز ويدي مخدرة، تخوف؟,ماس الكهرباء ينجم يأثر على دقات القلب وعلى الأعصاب. لازمك تعمل 'تخطيط قلب' (رسم القلب) ورسم عصب ديريكت باش تتأكد اللي الصدمة ما خلفتش آثار.,native
advice_guidance,البريود تأخرت 38 يوم وعندي إفرازات صفراء كِيما الجبن، شنوة هذا؟,تأخر البريود مع إفرازات كِيما الجبن يعني فمة 'فطريات' (فطريات). لازمك تحاميل (لبوس مهبلي) وتنظيف، وزيد أعمل تست حمل مادام تأخرت برشة.,native
advice_guidance,عملت تست حمل منزلي طلع خط خفيف والطبيبة لقات كيس في الرحم؟,الخط الخفيف يعني حمل في أوله. والـ 'كيس' ينجم يكون هو كيس الحمل. باش تقطع الشك، أعمل تحليل دم (تحليل الحمل) هو اللي يعطيك الصحيح.,native
advice_guidance,قبل ما نحبل قالولي عندك لحمية (ورم حميد) فيها دم لداخل، ياخي تقلقني توا وأنا في الشهر الثاني؟,من المستحسن اللحمية تتنحى قبل الحبل باش ما تعملش نزيف وقلق. توا مادامك حبلت، لازم مراقبة دقيقة مع الطبيبة باش تتفادى أي تعكرات.,native
advice_guidance,عندي فصام (الفصام) وساعات نتخيل روحي شخص آخر، ياخي هذا من المرض؟ وزيد وزني زاد شوية.,إي نعم، 'الأوهام' هذي من علامات المرض الأساسية. لازمك التزام بالدواء ومعاهم 'علاج نفسي' (Psychothérapie) باش تتعلم كيفاش تسيطر على الأفكار وتركز في الواقع. وبالنسبة للميزان، الرياضة هي الحل.,native
advice_guidance,حبلت وما كنتش نعرف، وشربت حرابش أنّي (التهاب) ورشح، ياخي الجنين يتشوه؟,ما تخافش، في الجمعات الأولى الجنين محمي. أما توا لازم تبدأ تاخذ 'حمض الفوليك' (Acide Folique) ديريكت باش تحميه من التشوهات، وكمل المراقبة عند الطبيب.,native
advice_guidance,أنا نرضع وناخذ في حرابش منع حمل، أما كل جمعتين يهبط عليا دم بني.. علاش البريود ما تنظمتش؟,حرابش الرضاعة ساعات يعملوا 'تخربيش' في الدم (نزيف بسيط). كانك تاخذ فيهم في وقتهم بالدقيقة، لاباس. كان القلق زاد، لازم الطبيبة تبتلك في نوع الحرابش.,native
advice_guidance,خويا عنده ولسيسة (ورم صغير) في جنبه عندها 3 سنين وما تبدلتش، كأنها عرق منفوخ.. تخوف؟,مادامها عندها 3 سنين وما كبرتش وما فيهاش 'نبض' (كأنها قلب يدق)، راهي ولسيسة عادية ولا شحمية (ورم شحمي). ما تقلقش أما ديما عينه عليها.,native
advice_guidance,يهبط عليا دم وسخ (بني) وقت التبويض وأنا ناخذ في حرابش مارفيلون، ياخي الحرابش ضعيفة؟,لا، 'مارفيلون' حرابش قوية ومريغلة. الدم هذاك (نزيف بسيط) يصير ساعات مع الهرمونات. المهم خوذهم في وقتهم، وكانك فوتت 6 شهور، خوذ شهر راحة (مع الاحتياط).,native
advice_guidance,أنا حامل في الجمعة الثامنة، والتحليل الرقمي طاح من 7900 لـ 5900، والدم مازال يهبط.. شنية هذا؟,كِي يطيح الرقم الهرموني، معناها الجنين ما عادش قاعد ينمو (إجهاض). لازم تمشي للطبيب ديريكت يعمل سونار ويقرر شنية يعمل.,native
advice_guidance,عمري 20 سنة والبريود تجيني كل 3 ولا 6 شهور، وشعري يطيح وعندي فقر دم.. شنوة السبب؟,أول حاجة داوي فقر الدم (فقر الدم) خاطر هو اللي يطيح الشعر ويخربق الهرمونات. وبعد أعمل تحاليل غدة ومبايض باش تعرف علاش الدورة موش منتظمة.,native
advice_guidance,أمي عندها السكر وضغطها طلع لـ 20 وتتنفض.. ياخي خطر؟,خطر كبير! الارتعاش والضغط العالي ينجم يعمل جلطة (جلطة دماغية) لا قدر الله. لازم تلتزم بدواء الضغط وما تقصهوش جملة وتراقب السكر ديما.,native
advice_guidance,ولدي عمره سنتين وعنده جمعة كرشه يابسة (إمساك) والبراز كِي الحجر، الزيت والتحاميل ما عملوا شي.. شنوة السبب؟,لازم تهزه لطبيب أطفال يثبت في 'المصران' بتاعه. ينجم يكون عنده حساسية من حاجة في الماكلة ولا مشكلة في الحركة متاع المصران.,native
advice_guidance,عندي لحمية (كيس) في غدة بارثولين توجع فيا، لازم الطبيبة تقلبني ولا نحكي لها بركة؟,لازم 'التقليب' (L'examen) ضروري! الطبيبة لازم تعرف الحجم ولا كان فمة تعفن (خراج / دُمَّل) باش تعطيك الدواء الصحيح ولا تفرغها.,native
advice_guidance,خذيت أسبيرين وهبط عليا دم بني وبعد حسيت بوجيعة في رحمي.. ياخي من الدواء؟,الأسبيرين يسيل الدم، أما الوجيعة تنجم تكون علامة 'إجهاض' (إجهاض). لازم ترتاح وتمشي تعمل سونار ديريكت تثبت في الجنين.,native
advice_guidance,كرشي ديما منفوخة ونتڨرع بصوت عالي، وشعري يطيح وعندي فشلة في بدني، وزيد الحليب يقلقني، شنوة هذا؟,الأعراض هذي تنجم تكون من المعدة ولا حساسية من حاجة تاكل فيها. لازمك تعمل منظار (منظار) على المعدة والاثني عشر باش الطبيب يشوف شنوة فمة لداخل بالضبط.,native
advice_guidance,عملت تحليل سيدا (فيروس نقص المناعة) بعد 33 يوم وطلع لاباس، ياخي كافي باش نطمن؟,التحليل باهي ويطمن، أما باش تقص الشك 100%، لازم تعاود التحليل بعد ما تعدي 3 شهور من العلاقة، وقتها تكون النتيجة نهائية.,native
advice_guidance,عندي عرق ينبض بقوة في رقبتي من لوطة ونشوف فيه بعيني ويخنق فيا، وين نمشي؟,برا ديريكت لجراح عام يثبتلك في 'الغدة الدرقية' (تضخم الغدة الدرقية) ولا في الشرايين متاع الرقبة، هو اللي يوجهك للطريق الصحيح.,native
advice_guidance,راسي يسطر عليا من جيهة اليسار ووجيعة واصلة لرقبتي وكتفي، وعندي ڨريب (زكام)، شنوة هذا؟,هذا باين فيه التهاب في 'الجيوب الأنفية' (التهاب الجيوب الأنفية) بسبب الڨريب. خوذ مسكن للوجيعة وبخاخة للخشم، وكان لزم مضاد حيوي.,native
advice_guidance,بنتي عمرها شهرين كِي تضحك ولا تبكي تسكر عينها اليسار وفمها يتعوج، عادي؟,هذي علامة متاع ضعف في 'العصب السابع'. لازم تهزها لطبيب أطفال ديريكت، ينجم يطلب تصوير 'رنين' (رنين مغناطيسي) على الراس باش يتأكد اللي كل شي مريغل.,native
advice_guidance,البريود تأخرت 12 يوم، عملت تست في الأول طلع سلبي وبعد نص ساعة بان خط خفيف باهت، شنوة معناها؟,التست كِي يقعد برشة ينجم يعطي خط غالط. باش تقطع الشك، أعمل تحليل دم (تحليل الحمل) هو اللي يعطيك الصحيح 100%.,native
advice_guidance,عندي نفخ وشد مابين الخصيتين والمخرج، وطلعتلي حبة صغيرة غاديك، تخوف؟,من المستحسن تمشي لطبيب مسالك بولية يثبت فيها، لا تطلع 'خراج' (خراج / دُمَّل) ولا التهاب لازم يتداوى ديريكت.,native
advice_guidance,عندي تكيس مبايض ووجيعة قوية قبل البريود بـ 5 أيام، وإفرازات صفراء ديما، شنوة السبب؟,الوجيعة والإفرازات غالباً تكون من 'لحمة زايدة' (ورم حميد) في الرحم ولا التهاب. لازمك تعمل سونار باش الطبيب يعرف شنوة فمة بالضبط.,native
advice_guidance,عملت رنين (رنين مغناطيسي) ولقيت عندي شد عضلي وانزلاق غضروفي في الرقبة، شنوة معناها؟,معناها فمة 'دِيسك' (Disc) مابين الفقرة 5 و6 تحرك من بلاصته وضغط على العصب. لازمك دواء وراحة وترويض طبي (علاج طبيعي).,native
advice_guidance,يدي وساقي وراسي ينملوا عليا، وكِي نمس حاجة توجعني، شنوة نعمل؟,لازمك تعمل 'تخطيط أعصاب' (تخطيط العضل) وتصوير 'رنين' على المخ باش الطبيب يفهم علاش الأعصاب قاعدة تعطي في إشارات وجيعة غلط.,native
advice_guidance,نشرب في دواء جرثومة المعدة وعملي غازات ونفخ كبير، نوقف الدواء؟,لا، ما توقفش الدواء. الغازات هذيك من مفعول 'الأنتيبيوتيك' (مضاد حيوي)، وتو تنحى وحدها كِي تكمل الجرعة وتبرى الجرثومة.,native
advice_guidance,عندي شهر ملي وليت نركب البسكلات (دراجة) وجاني ارتخاء وصعوبة في الانتصاب، ياخي منها هي؟,إي، القعدة الطويلة والقوية على 'الكرسي متاع البسكلات' تضغط على الأعصاب والعروق غاديك. أرتاح مدة وتو يرجع كل شي لاباس وحده.,native
advice_guidance,عندي فوار وسخانة في وجهي ومازلت صغيرة، شنوة هذا؟,تنجم تكون مشكلة في 'الهرمونات' ولا 'الغدة الدرقية'. أعمل تحاليل هرمون الغدة الدرقية و هرمون FSH باش الطبيب يعرف الميزان متاع بدنك مريغل ولا لا.,native
advice_guidance,علاش كِي نجوع نولي نرجف ويدي ترعش؟,هذا هبوط سكر (انخفاض السكر). بدنك ما عادش فيه طاقة، فيبعث إشارات استغاثة في شكل رعشة. كول حاجة ديريكت وتو تتصلح.,native
advice_guidance,أنا مركبة لولب (لولب) وساعات كِي نتنظف نحس بـ السلك متاعه بصباعي، عادي؟,السلك لازم يكون موجود أما مووش خارج برشة. كان حسيت اللي السلك طوال ولا 'الحديدة' متاع اللولب بانت، راهو تحرك من بلاصته وما عادش يحمي من الحمل. لازمك 'إيكو' (Écho) للتثبيت.,native
advice_guidance,عملت علاقة بلاش واقي وبعد جمعتين جاتني فشلة وسخانة، تطلعش سيدا (فيروس نقص المناعة)؟,الأعراض هذي تنجم تكون أي 'ڨريب' عادية. تحليل السيدا ما يعطيش نتيجة صحيحة كان بعد 6 أسابيع على الأقل. عاود التحليل بعد شهر ونصف وبعد 3 شهور باش تقطع الشك باليقين.,native
advice_guidance,أنا عزباء وعندي وجيعة كبيرة في البريود ويهبطوا طوابع (كتل دم)، وعملت سونار قالولي لحمية؟,اللحمية في الرحم (ورم حميد) هي اللي تعمل النزيف القوي والوجيعة وتهبط طوابع الدم. هي حاجة حميدة أما لازمها تتنحى ولا تداوى باش ترجع البريود عادية وما تعملكش فقر دم.,native
advice_guidance,شخص جاته جلطة في المخ وتشل في جنبه اليسار، ينجم يرجع يمشي؟,الأمل موجود برشة! لازم يبدأ 'الترويض الطبي' (علاج طبيعي) من توا. المخ ينجم يتعلم يحرك البدن من جديد بالخدمة والصبر. لازم زادة يريغل السكر والتنسيون باش ما تتعاودش.,native
advice_guidance,أنا في الشهر السابع وعندي حريقة (حرقان) تقطع في قلبي، شنوة ناخذ؟,الحريقة في السابع عادية خاطر الصغير يضغط على المعدة. اشرب كاس حليب بارد، وابعد على المقلي والحار، ونومك يكون وراسك عالي شوية. فمة 'سيرو' (شراب) باهي للحوامل توصفولك الطبيبة.,native
advice_guidance,عندي وجيعة في قلبي كِي نحزن ولا نفرح، وعمري صغير، تطلعش جلطة؟,في عمرك إنت جلطة صعيبة. الأغلب هو 'ستريس' ولا 'قلق' (قلق شديد) يعمل ضغط على الصدر. أما كان الوجيعة تمشي للكتف والفك، لازم تعمل تخطيط قلب (رسم القلب) باش تطمن.,native
advice_guidance,عندي دِيسك (Disc Protrusion) في ظهري، باهي نمشي لواحد يطرطقلي عظامي؟,رد بالك! في حالات الديسك 'الطرطقة' العشوائية تنجم تزيد تخرج الغضروف وتضغط على العصب. الترويض الطبي العلمي (علاج طبيعي) أضمن وأخف ليك.,native
advice_guidance,عملت سكانير على راسي ولقاو جلطة قديمة، وهي تعملي في صفير في وذني؟,الجلطة القديمة تنجم تخلي آثار، أما الصفير (طنين في الودن) ينجم يكون من عروق الوذن ولا الضغط. لازم تعمل 'مقياس سمع' وتثبت مع طبيب أعصاب.,native
advice_guidance,الـ هرمون الغدة الدرقية متاعي طالعة برشة، ياخي هي اللي خلت السكر التراكمي يطلع؟,لا، الغدة الدرقية والسكر زوز مشاكل منفصلة. الـ هرمون الغدة الدرقية كِي تطلع معناها عندك 'خمول غدة'. لازم تحلل T3 و T4 باش تبدأ الدواء وتتعدل أمورك.,native
advice_guidance,عندي كحة (سعال) كِي نركد على ظهري عندها شهرين، شنوة تطلع؟,الكحة وقت الرقاد ديريكت تمشي لـ 'ارتجاع المعدة' (حموضة / ارتجاع). الأسيد يطلع للحلق ويهيج الكحة. جرب ارقد على مخدة عالية ونقص مالعشاء الثقيل.,native
advice_guidance,تحليل الحمل المنزلي خطي خطي (خفيف) والطبيبة قالت كيس 2 سم، حمل هذا؟,الخط الخفيف يعني بداية حمل. الكيس الـ 2 سم ينجم يكون كيس حمل مازال ما بانش فيه الجنين، ولا كيس على المبيض. لازم تحليل دم (تحليل الحمل) باش تقطع الشك.,native
advice_guidance,أمي عندها ضيق في الصدر وتحليل (بروتين الالتهاب) طلع عالي، شنوة معناها؟,الـ بروتين الالتهاب العالي يعني فمة 'انفلاماسيون' (التهاب) في البدن. ينجم يكون من الصدر (نزلة شعبية) ولا ميكروب في البول. لازم طبيب يسمع صدرها ويعطيها الدواء المناسب.,native
advice_guidance,عندي خفقان في قلبي (Palpitation) وعندي مشكلة في الصمام، شنوة نعمل؟,لازمك تمشي لطبيب قلب يعملك 'رسم قلب' (رسم القلب) ولا يركبلك 'هولتر' (هولتر القلب) يقيس دقات القلب 48 ساعة. تو يعرف نوع الخفقان ويعطيك الدواء اللي يركح الدقة.,native
advice_guidance,أنا حامل في الشهر الثاني وتحليل الغدة (هرمون الغدة الدرقية) طلع 4.58، عادي؟,هذا يتسمى 'خمول خفيف' في الغدة. في الحمل، لازم الغدة تكون ناشطة أكثر. لازمك تبدأ تشرب 'تيروكسين' بجرعة خفيفة باش الصغير ينمو لاباس.,native
advice_guidance,الخروج (البراز) لونه أسود وعندي وجيعة في معدتي، شنوة هذا؟,اللون الاكحل في الخروج يعني فمة دم 'مهضوم' جاي من المعدة (قرحة). هذي حالة لازمها 'منظار معدة' (منظار) ديريكت باش نوقفوا النزيف.,native
advice_guidance,عندي شحمة (كورة صغيرة) في ظهري طلعتلي بعد التمارين، شنوة هذي؟,تنجم تكون 'كيس دهني' (ورم شحمي) ولا تشنج عضلي كبّر العضلة في بلاصة معينة. لازم طبيب يمسها بيده (جس) باش يعرف نوعها.,native
advice_guidance,عملت تست حمل منزلي طلع خط خفيف، والطبيبة قالتلي فمة كيس في الرحم؟,الخط الخفيف يعني بداية حمل. الكيس اللي شافته الطبيبة ينجم يكون 'كيس الحمل' مازال صغير (2 سم). أعمل 'تحليل دم رقمي' (تحليل الحمل) باش تقطع الشك.,native
advice_guidance,عندي حرق قوي (Metabolisme) وديما السكر طايح ونفشل من أقل مجهود، شنوة الحل؟,لازمك 'بيلان' كامل عند طبيب غدد. هبوط السكر المستمر (انخفاض السكر) مووش باهي، ينجم يكون من نقص في هرمونات معينة ولا مشكلة في البنكرياس.,native
advice_guidance,عندي فشلة، طفح جلدي، ولساني أبيض وصعوبة في رؤية الألوان، عملت 10 تحاليل سيدا (فيروس نقص المناعة) وطلعوا سلبيين، شنوة هذا؟,مادام 10 تحاليل سلبيين، انسى موضوع السيدا. الأعراض هذي تنجم تكون أمراض جنسية أخرى (Syphilis مثلاً) ولا نقص فيتامينات حاد. برا لطبيب جلدة توا يشخصك مريغل.,native
advice_guidance,الدورة مقطوعة عندها 4 سنين (سن اليأس) واليوم نزل عليّ دم، علاش؟,هذي حالة لازمها فحص ديريكت عند طبيبة نساء. أي دم يهبط بعد انقطاع الطمث لازم نثبتوا في 'بطانة الرحم' بالسونار باش نتأكدوا اللي ما ثماش حاجة تخوف.,native
advice_guidance,عندي وجيعة في رقبتي تمشي لراسي وليدي اليسار، وساعات يديا ورجليا يفشلوا، شنوة هذا؟,هذي تنجم تكون 'ديسك' في الرقبة (فتق cervicale) قاعد يضغط على الأعصاب. لازمك تمشي لطبيب عظام وتعمل 'راديو' ولا رنين مغناطيسي باش يثبت في الفقرات.,native
advice_guidance,بعد نهار تعب وسهر، نمت وفقت مفزوع بوجيعة في صدري وركبتي تكبست، تخوف؟,هذا اجهاد وتعب 'عصبي' (ضغط نفسي). كِي تبدأ تعبان برشة وموش راقد، البدن يعمل ردات فعل تشنجية وقت النوم. ارتاح وارقد مليح وتو ما عادش يرجعلك.,native
advice_guidance,عمري 38 والدورة كانت 28 يوم ولات 25، وتوا عندها 5 أيام تأخير، شنوة نعمل؟,أول حاجة تعملها هي 'تحليل حمل' (اختبار الحمل). التغيرات في العمر هذا عادية، أما التأخير مع إفرازات بيضاء يخلينا نشكوا في حمل أول حاجة.,native
advice_guidance,عندي حكة وحمورية وتنفخي (تورم) في المهبل، شنوة الدواء؟,ينجم يكون فطريات ولا حساسية من الصابون. المستحسن تغسل بماء دافئ فقط وتلبس قطن 'عريض'. لازم طبيبة تعطيك مرهم ولا تحاميل (لبوس مهبلي) حسب نوع الالتهاب.,native
advice_guidance,شنوة هو الباكمايكر (منظم ضربات القلب) وكيفاش يخدم؟,هو 'ماكينة' صغيرة تزرع تحت الجلد، فيها خيوط تمشي للقلب. كِي تحس دقات القلب بطات برشة، تبعث 'تكة' كهربائية باش تعدل الريتم. يتسمى 'المنظم'.,native
advice_guidance,نجم نحي المرارة وعندي مشكلة في الغدة الدرقية (هرمون الغدة الدرقية طالع)؟,لازم 'تعدل' الغدة قبل العملية، خاطر هرمونات الغدة تأثر على 'البنج' (التخدير) ودقات القلب وسط العملية. ريڨل الغدة وبعد توكل على ربي.,native
advice_guidance,عندي نهجة ووجيعة في صدري نغزات، ونقصت في الميزان، شنوة هذا؟,النقص في الميزان مع النهجة ينجم يكون 'فقر دم' (فقر الدم) حاد. البدن ما عندوش دم باش يهز الأكسجين، فتولي تنهج. لازم تحليل 'FNS' وحديد.,native
advice_guidance,عندي دوخة ووجيعة راس وإسهال وردان، ياخي تسمم ولا كورونا؟,الأعراض هذي تمشي مع 'تسمم غذائي' ولا فيروس (Gastro). لازم تحليل براز و'بروتين الالتهاب' باش نشوفوا الالتهاب فين، واشرب الماء باش ما تشيحش.,native
advice_guidance,يدي ترعش ديما وخايف لا يكون مرض باركنسون (داء باركينسون) وأنا مازلت صغير؟,الرعشة في عمرك (17 سنة) غالباً تكون من الستريس ولا القلق ولا نقص فيتامينات. 'باركنسون' يجي للكبار في السن. برّ ا عدي 'رنين مغناطيسي' (رنين مغناطيسي) باش ترتاح وتعرف السبب الحقيقي.,native
advice_guidance,ظهري يسطر عليا والوجيعة هابطة لفخذي وركبتي، والطبيب قالي عرق النسا، شنوة نعمل؟,التصويرة العادية ما توريش كل شيء. لازمك تعمل 'رنين مغناطيسي' على الفقرات القطنية باش تعرف الـ 'فتق' فين بالضبط، وزيد ثبت في هشاشة العظام.,native
advice_guidance,تصويرة الصبغة (Hystéro) تنقص مخزون البويضات؟ ولازم ناخذ أنتيبيوتيك قبلها؟,لا، تصويرة الصبغة ما عندها حتى دخل بالمخزون. وما تستحقش تاخذ مضاد حيوي (مضاد حيوي) إلا إذا الطبيب شاف فمة التهاب.,native
advice_guidance,عملت عملية على الدوالي (دوالي الخصية) عندي شهرين، ومازلت نحس عروق منفوخة، فشلت العملية؟,وسّع بالك، التحسن بعد عملية الدوالي ياخذ من 3 لـ 6 شهور. البدن لازمه وقت باش يمتص العروق القديمة وترجع الأمور مريغلة.,native
advice_guidance,عملت علاقة موش محمية وحللت على السيدا (الإيدز) بعد 52 يوم وطلع سلبي، ياخي يكفي؟,التحليل اللي عملته (جيل رابع) قوي ودقيق. مادام طلع سلبي بعد 50 يوم، اطمن. كان تحب تقلع الشك من جدرته، عاوده بعد 3 شهور.,native
advice_guidance,كِي نركد على ظهري نولي ننهج وما نجمش نتنفس من خشمي، شنوة هذا؟,ينجم يكون عندك 'لحمات' في خشمك ولا جيوب أنفية (التهاب الجيوب الأنفية) تخلي الوسخ يرجع لتالي كِي تترقد. برّ ا عدي عند طبيب (ORL).,native
advice_guidance,عملت لازير لعيني (Correction) وعندي ضبابة كأني كيما خرجت من العملية، عادي؟,لازمك تستعمل 'القطرة' (قطرات ترطيب العين) بانتظام وتكلم طبيبك ديريكت يثبت في العملية، ما تسكتش عليها.,native
advice_guidance,عندي كحة قوية كل ما ناخذ نفس عميق، الطبيب قالي صدرك لاباس، شنوة تطلع؟,ساعات الكحة تجي من 'المعدة' (حموضة / ارتجاع). الـ 'أسيد' يرجع للحلق ويعمل كحة تشبه لمرض الصدر. جرب دواء المعدة وتو تشوف الفرق.,native
advice_guidance,كرشي توجعني من الوسط وعندي غازات ونهجة، شنوة هذي؟,هذيك علامات 'القولون العصبي' (القولون العصبي). ابعد على الحار والبقوليات والتوابل وتو كرشك تريض وترتاح.,native
advice_guidance,أنا لاعب كورة وعندي وجيعة في أسفل ظهري، قالولي تشنج عضلي، شنوة تنصحني؟,عدي عند طبيب 'روماتيزم' واعمل 'رنين مغناطيسي' باش تتأكد اللي ما فمش 'دِيسك'. وابعد على الحركات الفجئية وما تهزش الرزين.,native
advice_guidance,كليت وجبة رزيانة وحسيت حاجة واحلة في حلقي، شنوة نعمل؟,لازمك تعمل 'منظار' (منظار) للمعدة والمريء باش يشوف الطبيب لا فمة انسداد ولا مشكلة في الهضم.,native
advice_guidance,ولدي رضيع عمره شهر، عنده إسهال لونه أخضر ومنفوخ، شنوة نعمله؟,الإسهال عند الرضع يفرغهم من الماء ديريكت. هزه ديريكت للسبيطار باش ما يشيحش بدنه (جفاف).,native
advice_guidance,مريض سرطان الدم (ابيضاض الدم) بعد ما يبرى، ينجم يرجعله المرض ولا ما يجيبش صغار؟,إي للأسف، فمة إمكانية يرجع (Récidive) في حالات معينة. وبالنسبة للصغار، العلاج الكيمياوي ينجم يأثر على الخصوبة، أما العلم تقدم وتو فمة طرق باش نحافظوا على الإمكانية هذي قبل العلاج.,native
advice_guidance,ياخي القبض (إمساك) القوي وقت البريود يعمل رزانة ولوية في الحوض؟,إي نعم، المصران كِي يتعبى يضغط على الرحم والمبايض، وزيد هرمونات البريود ديجا تعمل انتفاخ، فتحس الحوض رزين ويوجع برشة.,native
advice_guidance,طلعتلي بقعة بيضاء في يدي، الطبيب قالي مووش بهاق (البهاق) أما نا خايف؟,كان الطبيب شافها بـ 'ضوء وود' (Wood's lamp) وقالك مووش بهاق، معناها تنجم تكون جوست 'نخالية' من الشمس ولا فطريات. استعمل البومادة اللي عطاهالك وتو ترجع الجلدة للونها.,native
advice_guidance,عندي نغزات قوية في صدري لدرجة نفيق من النوم، ياخي قلبي تعب؟,النغزات اللي تفيق من النوم لازمها 'تخطيط قلب' (رسم القلب) عند اختصاصي. تنجم تكون جوست غازات ولا ستريس، أما مع القلب لازم ديما نثبتوا باش نرتاحوا.,native
advice_guidance,عندي سطر في بدني، خشمي يجري، وحلقي محروق.. شنوة ناخذ؟,هذا 'ڨريب' (برد). خوذ مسكنات كِيما الباراسيتامول، اشرب برشة سوائل دافية (ڨارص وعسل)، وكان فمة بلغم خوذ 'مذيب بلغم' (Mucolytique). وكان السخانة فاتت 3 أيام، لازمك طبيب.,native
advice_guidance,ريحتي ديما خايبة من صغري رغم اللي نحك في سنيا كل يوم؟,الحك بالشيتا ما يكفيش كِي يبدأ فمة 'كلكار' (Tartre) مخفي تحت اللثة. لازم تعمل 'تطريف سنين' (تنظيف الأسنان) عند الدونتيست كل 6 شهور باش تنحي البكتيريا اللي تسيب الريحة.,native
advice_guidance,هزيت حاجة رزيانة جاني سطر من السرة لجنبي اليمين وخرجتلي نفخة صغيرة؟,هذا باين 'فتق' (فتق). كِي هزيت الرزين، جدار البطن ضعف وخرجت 'العجينة' متاع المصران شوية. لازمك طبيب جراحة يثبت، الفتق ما يداويوش الدواء، لازم 'تلقيطة' جراحية.,native
advice_guidance,عندي سكر وتهبط عليا إفرازات بيضاء ريحتها خايبة، شنوة السبب؟,السكر كِي يبدأ طالع، يخلي 'الفطريات' (فطريات) تعشش في المناطق الحساسة. لازم تريغل سكرك وتاخذ تحاميل ضد الفطريات، ولا تو تقعد ديما ترجعلك.,native
advice_guidance,الطبيب قالي لازمك زريقة كورتيزون في ساقي، ياخي عندها أضرار؟,زريقة واحدة في المفصل (حقنة كورتيزون) تعاون برشة في تنحية الالتهاب وما عندهاش أضرار كِيما الحرابش اللي تتشرب. المهم التشخيص يكون صحيح وتتزرق في بلاصتها.,native
advice_guidance,والدي عنده فشل في القلب وفتق كبير، الطبيب خايف من العملية، شنوة الحل؟,فشل القلب يخلي التخدير (تخدير) خطر. كان الفتق مووش 'مخنق' (يتوجع برشة ومحبوس)، المستحسن يبعد على العملية. كانه استعجالي، وقتها الجراح يقرر أخف الأضرار.,native
advice_guidance,عندي صداع ينبض في راسي (كِي المطرقة)، شنوة نعمل؟,هذا يشبه لـ 'الشقيقة' (الشقيقة). ثبت في التنسيون، ابعد على الضوء القوي والهرج، وخذ مسكن. كان قعد ديما يرجع، لازم طبيب أعصاب يشوفلك دواء 'وقائي'.,native
advice_guidance,أمي عندها موعد تلقيح كورونا (فايزر) وعندها دوالي (دوالي) في ساقيها، يجرى لها حاجة؟,لا، ما فمة حتى قلق. الدوالي مرض في العروق السطحية وما عنده حتى علاقة بموانع التلقيح. تنجم تلقح وهي مرتاحة.,native
advice_guidance,الدورة كانت تجيني يومين، وبعد ولات نزيف سنين، وتوا رجعت 5 أيام، ياخي عادي؟,النزيف اللي قعد سنين مووش عادي، ينجم يعملك فقر دم (فقر الدم). توا 5 أيام تتسمى مدة طبيعية، أما لازمك تعملي تحاليل دم وتثبتي في مخزون الحديد.,native
advice_guidance,ظفري ولا خشين برشة وأصفر وبعد تكسر وحده، علاش هكا؟,هذي أغلب الظن 'فطريات الأظافر' (فطريات الأظافر). الفطريات تاكل الظفر وتخليه يتفتفت. لازمك 'بومادة' ولا طلاء أظافر طبي ضد الفطريات مدة طويلة لين يطلع ظفر جديد.,native
advice_guidance,مريضة سكر تحس في بدنها يشعل وتنميل في لحمها الكل، والحديد طايح (10)، شنوة السبب؟,السكر كِي يبدأ موش مريغل يحسس البدن بالسخانة. وزيد نقص الحديد (فقر الدم) يعمل الفشلة والتنميل. لازم تعدل السكر وتاخذ دواء الحديد وتو يرجع البدن يبرد.,native
advice_guidance,ياخي تلقيح كورونا يخلي تحليل السيدا (فيروس نقص المناعة) يطلع غلط؟,لا، جملة وتفصيلاً! هذا يفركس على فيروس وهذا يفركس على فيروس آخر. التلقيح ما يدخلش في نتيجة تحليل السيدا.,native
advice_guidance,شنوة الفرق بين دمّالة بجنب المخرج، والتهاب جلدة عادي؟,الدمّالة (خراج / دُمَّل) تكون وجيعتها 'تنبض' ومحجرة ومعبية بالقِحة، وتستحق حلان. أما الالتهاب يكون جوست حمورية وحكة وتبرى بالمضاد والتعقيم.,native
advice_guidance,نقوم الصباح ركايبي محجرين وما نجمش نفرد ساقيا، وبعد كِي نمشي يسرحوا، شنوة هذا؟,هذي علامة 'روماتيزم' (فصال عظمي / تآكل المفاصل ولا التهاب مفاصل). لازمك تشوف طبيب مفاصل يعملك تحاليل (العامل الروماتويدي) وتصويرة على الركايب.,native
advice_guidance,عندي كتمة في صدري والهواء محبوس بعد ما بكيت يومين، تخوف؟,هذا 'ضيق نفس' من الستريس والحزن (Crise d'قلق شديد). البدن يتشنج ويحسسك اللي النفس مقطوع. تنفس في ساشي ولا اعمل استرخاء وتو تسرح.,native
advice_guidance,عندي فشلة في يدي وساقي وصعوبة في صعود الدروج من 4 سنين، شنوة هذا؟,هذي فشلة عضلات مزمنة. تنجم تكون مشكلة 'أعصاب' ولا 'روماتيزم'. لازمك فحص عند طبيب أعصاب يعملك (تخطيط العضل) باش يشوف قوة العضلات.,native
advice_guidance,علاش كِي نجوع نحس قلبي يخبط بقوة (تسارع ضربات القلب)؟,هذا هبوط سكر خفيف. البدن يسيب 'الأدرينالين' باش يطلب الماكلة، والأدرينالين يجري دقات القلب. كول حاجة خفيفة وتو يركح قلبك.,native
advice_guidance,عندي فوارة وسخانة تطلع لراسي وعمري 45 سنة، شنوة هذا؟,هذي بداية 'تغيرات هرمونية' (Pré-سن اليأس). البدن يبدأ يوجّه في إشارات اللي الهرمونات قاعدة تنقص. استشيري طبيبة نساء تو تعطيك حاجات تعدل المزاج والسخانة.,native
advice_guidance,عملت تحليل هرمون FSH و LH وطلعوا قراب لبعضهم، ياخي عندي تكيس مبايض؟,لا، مووش بالضرورة. التحليل اللي يثبت التكيس بالرسمي هو هرمون الـ DHEAS. هذوكا ينجموا يكونوا عاديين، ثبت في الهرمون الآخر ووزيدك السونار.,native
advice_guidance,يا دكتور راني طفل في العشرين وعندي وجيعة في ظهري وساقي اليمين، وكِي ندخل للتواليت نحس القلقل (الخصية) تتنفخ، شنوة هذا؟,لازمك تمشي تعدي ديريكت، ينجم يكون 'فتق' (فتق) ولا حاجة أخرى. أعمل 'إيكو' على الكرش والحوض وتحليل بول باش ترتاح.,native
advice_guidance,عملت تحليل NAT على السيدا (الإيدز) بعد 9 أيام من الشك، يكفي ولا لا؟,التحليل هذا قوي برشة ويبان مفعوله حتى بعد ساعات. مادام ما عندك حتى أعراض تقلق، ما فمة حتى داعي للوسواس والخوف.,native
advice_guidance,عامل عملية على الرباط الصليبي والغضروف، لعبت ماتش كورة العشية وماتش في الليل، وليت نحس بوجيعة، شنوة نعمل؟,لازمك تعمل 'رنين مغناطيسي' (رنين مغناطيسي) على الركبة. زوز ماتشوات في نهار واحد برشة جهد على عملية قديمة، لازم تثبت في وضعية الأربطة توا.,native
advice_guidance,عندي كعبورة وراء المخرج طرية وما توجعش، أما كِي نصب عليها الماء بقوة تسطرني، بواسير هذي؟,تنجم تكون بواسير خارجية ولا 'لحمية' (ورم حميد). الطبيب هو الوحيد اللي يفرق بيناتهم كِي يمسها ويثبت فيها بالباهي.,native
advice_guidance,البريود متاعي ما تجيش كل 28 يوم، كيفاش نحسب أيام التبويض (إباضة)؟,كِي تبدأ البريود مووش منظمة، صعيب برشة تعرف نهار التبويض بالضبط. لازمك تبع مع طبيبة ولا تستعمل 'تست التبويض' اللي يتباع في الصيدلية.,native
advice_guidance,كل ما ناكل حاجة كرشي توجعني ونردها، حتى الماء الصباح نرده ونكح بقوة، شنوة هذا؟,ياخي تحس بحريقة في صدرك بعد الماكلة؟ ينجم يكون عندك 'رفلو' (حموضة / ارتجاع) ولا التهاب في المعدة. لازم طبيب جهاز هضمي يثبت فيك.,native
advice_guidance,طبيب العيون قالي عندك انحراف (اللابؤرية) بنسبة سالب نص، لازم نلبس مرايات؟,كان عينك تتعب ولا راسك يوجعك كِي تسوق، البسهم خير. أما كان تشوف مريغل وما يقلقك شيء، ما فمة حتى داعي للمرايات.,native
advice_guidance,علاش تطلعلي ولسيسة (دمامل) ولا خراج بجنب فتحة الشرج؟,تنجم تكون من قلة النظافة وتراكم العرق والبكتيريا، وساعات تكون مخبية وراها مشكلة في الهضم. لازم تداويها بسرعة باش ما توليش 'ناصور' (ناسور) وتقعد تعاني فيها.,native
advice_guidance,أنا حبلى وعندي بهاق (البهاق)، نجم نكمل نستعمل بومادة فيوتوبك (Viatopic)؟,إي، استعملها وما تخافش، ما عندها حتى تأثير على الجنين. واصلي علاجك عادي.,native
advice_guidance,عندي خراج بجنب المخرج، ياخي لازم يتحل بالمشرط ولا الحِرابش (مضاد حيوي) تكفي؟,كان الخراج كبير، الحرابش وحدها ما تنحيشي. لازم الطبيب يحله وينظفه (Drainage) باش يخرج الميكروب الكل، ولا ينجم يرجع ويولي ناصور يصعب علاجه.,native
advice_guidance,قلبي يدق 68 في الدقيقة وعندي وجيعة في صدري ودوخة، خايف لا تكون جلطة؟,الدقات (68) ممتازة وطبيعية، أما الوجيعة والدوخة تنجم تكون من 'فقر الدم' ولا الستريس. أعمل تخطيط قلب (رسم القلب) باش ترتاح، أما غالباً أمورك هانية.,native
advice_guidance,نحس بـ حريقة كِي نجي نتبول وساعات يهبط دم خفيف، شنوة هذا؟,هذي 'مبولة' (عدوى بولية) واضحة. لازم تعمل تحليل بول (تحليل البول) باش تعرف نوع الميكروب وتاخذ المضاد الحيوي المناسب قبل ما الوجيعة تطلع للكلاوي.,native
advice_guidance,عملت تست حمل في الدار وطلع خط خفيف برشة، معناه فمة حمل؟,الخط الخفيف يعني غالباً 'فمة حمل' أما مازال في أوله. باش تقطع الشك، أعمل 'تحليل دم رقمي' (تحليل الحمل)، هو اللي يعطيك الصحيح وقداش عندك من جمعة بالضبط.,native
advice_guidance,عندي عامين نعاني من حكة قوية بين فخادي، داويت برشة وما نحاتش، شنوة الحل؟,تنجم تكون 'فطريات' (فطريات) ولات مقاومة للدواء ولا عدوى بكتيرية. لازم تمشي لطبيب جلدة 'صحيح' ياخذلك عينة (مسحة / عينة) باش يعرف الدواء اللي يقتلها ديريكت.,native
advice_guidance,هبط عليا دم أحمر فاتح بعد العلاقة رغم اللي ما صارش إيلاج كامل، علاش؟,تنجم تكون من 'الشد' (Contraction) ولا جرح خفيف في المهبل من برا. كان تكررت، لازم طبيبة نساء تثبت لا يكون فمة 'لحمية' (ورم حميد) صغيرة في عنق الرحم.,native
advice_guidance,ياخي الضحك ينحي السطر (الوجيعة) بالرسمي؟,إي نعم! الضحك يخلي المخ يسيب 'الإندورفين' (إندورفين)، وهي مادة طبيعية في البدن تسكن الوجيعة وتبدل المورال. اضحك الدنيا تضحكلك!,native
advice_guidance,عندي 4 شهور معرسة، بعد البريود بـ 14 يوم هبط دم بني وخيوط مع وجيعة ظهر، عادي؟,هذا يتسمى 'دم التبويض' (إباضة). يصير في نص الشهر كِي تخرج البويضة، والوجيعة الخفيفة في الظهر ولا الصدر علامة اللي بدنك يخدم مريغل. ما تقلقش.,native
advice_guidance,ساعات تجيني نغزة في صدري عاليسار تقعد ثواني وتمشي، ياخي قلبي؟,النغزات اللي تقعد ثواني في العادة ما تجيش من القلب، تطلع تشنج عضلات (ضغط نفسي) ولا غازات في المصران (القولون) ضاغطة لفوق. كان الوجيعة ما تطولش وما تمشيش لليد، لاباس.,native
advice_guidance,التهاب الأعصاب الطرفية داواه كان الفيتامينات والراحة؟,مووش ديما. الأسباب برشة، لازم طبيب أعصاب يعملك 'تخطيط أعصاب' (تخطيط العضل) وتحليل دم شامل. ساعات الفيتامينات تعاون، أما لازم نعرفوا علاش الالتهاب صار من أصله.,native
advice_guidance,عملت حادث عندي 3 سنين وكسرت ساقي، وتوا فخذي وفشلة الساق ميتين، شنوة نعمل؟,قبل ما ترجع تعمل السبور وحدك، لازمك 'ترويض طبي' (علاج طبيعي) عند مختص. لازم تقوي العضلات بشوية بشوية وبطريقة علمية باش ما تضرش المفصل.,native
advice_guidance,عندي وجيعة في ضلوعي وشيرة قلبي كأنها حريقة وساعات دقات قلبي تهرب، علاش؟,الأغلب تطلع 'حريقة' من المعدة ولا المريء (حموضة / ارتجاع). المعدة كِي تطلع الأسيد، تحس الوجيعة في صدرك. لازم فحص باش نستبعدوا القلب ونثبتوا في الهضم.,native
advice_guidance,والدي كبير في السن، يده ساعات تتشل (تتوقف) وما عادش يحركها 5 دقائق، شنوة هذا؟,هذي علامة 'تحذيرية' لمشكلة في عروق المخ (جلطة دماغية خفيف). لازم يمشي لطبيب أعصاب ديريكت يعمل 'سكرينينغ' وعلاجات قبل ما تتطور الحالة. في العمر هذا، كل دقيقة بحسابها.,native
advice_guidance,تحليل الغدة الدرقية طلع طايح برشة (0.08)، شنوة الحل؟,"الرقم هذا يعني عندك 'فرط نشاط' (فرط نشاط الغدة الدرقية). لازمك فحص عند طبيب غدد وتعمل 'راديو' (Thyroid scan) وتحاليل أخرى (T3, T4) باش تعرف السبب وتاخذ الدواء المريغل.",native
advice_guidance,عندي كعبورة كِي الحمص في ذراعي عندها 10 سنين، وتوا كبرت شوية وتوجع، تخوف؟,الأغلب تطلع 'شحمة' (ورم شحمي) ولا كتلة ليفية. مادام كبرت وبدات توجع، لازمك تمشي لجراح يثبت فيها، وساعات نحيوها ونحللوها باش نرتاحوا من الشك.,native
advice_guidance,عندي ولسيسة دهنية في رقبتي من التالي، يقولولها سنام الجمل، شنوة حلها؟,كانها جوست شحم (ورم شحمي)، جراح ينحيها في درج من زمان. أما كان تحس رقبتك مقوسة، لازم تشوف جراح عظام ولا تعمل ترويض طبي (علاج فيزيائي) باش تصلح وقفتك.,native
advice_guidance,مرتي كِي نقربلها تتفجع، دقات قلبها تقوى ويشدها صداع، ياخي مرض؟,هذا ستريس وقلق نفسي (تشنج المهبل ولا رهاب). لازمك توسع بالك معاها، طول في 'المداعبة' وما تضغطش عليها لين ترتاح نفسانياً. الحكاية تحب الوقت والصبر.,native
advice_guidance,عين راجلي توجع وتدمع ديما ويحك فيها بقوة، شنوة نعطيه؟,خله ينقص من الموبايل والسهر، واستعملوا قطرة مرطبة (قطرات ترطيب العين) كِيما 'Systane' 4 مرات في النهار. وكان بقات حمراء، لازم طبيب عيون يثبت لا تكون 'حساسية' ولا 'ظفر'.,native
advice_guidance,عندي نغزات في المبايض ووجيعة في ظهري ونحب نرد، شنوة هذا؟,تنجم تكون علامات 'تبويض قوي' ولا 'برد في المصران'. أعمل تحليل بول (تحليل البول) باش تتأكد اللي ما عندكش 'ميكروب' في المسالك البولية.,native
advice_guidance,ياخي اصفرار السنين يجي كان من قلة الحكان؟,لا، الدخان والقهوة والتاي هوما اللي يصبغوا السنين. وزيد فمة ناس طبيعة 'المينا' (Email) متاعهم تميل للاصفرار. التنظيف عند الدونتيست (تنظيف الأسنان) هو الحل.,native
advice_guidance,نحس في حاجة كابسة على راسي من داخل وعيني تغلّش، شنوة هذا؟,ينجم يكون 'شقيقة' (الشقيقة) ولا 'ضغط دم'. لازم تقيس التنسيون وتثبت في نظرك. كان الوجيعة معاها ردان، لازمك طبيب أعصاب (Neurologue) في أقرب وقت.,native
advice_guidance,دورتي مهبلتني، تجي مرتين في الشهر وغزيرة برشة، شنوة السبب؟,ثبت في 'الغدة الدرقية' خاطر كسلها يعمل هكا. ولا ينجم يكون فمة 'لحمة زايدة' (ورم حميد) ولا ألياف في الرحم. لازم 'إيكو' (Échographie) عند طبيبة النساء.,native
advice_guidance,عندي لولب (لولب) وهبطت عليا إفرازات بيضاء ثقيلة وريحتها خايبة؟,اللولب ساعات يعمل 'فطريات'. الإفرازات هذي لازمها تحاميل مهبلية (لبوس مهبلي). وبالمناسبة، ثبت في اللولب عند الطبيبة لا يكون تحرك من بلاصته.,native
advice_guidance,عندي شق في المخرج (Fissure) ويهبط دم خيط مع الخروج، نولي أنيميك؟,إي نعم، النزيف الدائم حتى لو كان خفيف يعمل فقر دم (فقر الدم). لازمك تاكل 'الألياف' باش ما يجيلكش قبض، واستعمل مراهم خاصة، وكان ما براتش، الجراحة هي الحل.,native
advice_guidance,راسي يوجع فيا من قدام وعيني نحسها باش تخرج، وعندي ڨريب؟,هذي باينة 'التهاب جيوب أنفية' (التهاب الجيوب الأنفية). المخاط يحبس في الجيوب ويضغط على العينين والراس. لازمك دواء يسرح الخشم ومضاد للالتهاب.,native
advice_guidance,عندي وجيعة في ظهري وصلت لخصيتي وما عادش نجم نمشي، تخوف؟,هذي علامات 'عرق نسا' (عرق الاسى) ولا 'فتق' (انزلاق غضروفي) ضاغط على الأعصاب. لازم تمشي للسبيطار ديريكت لا قدر الله تضيع التحكم في ساقك.,native
advice_guidance,ياخي التهاب الكلاوي يعمل مرض نقص المناعة (الإيدز)؟,خرافة! السيدا فيروس (فيروس نقص المناعة) يتعدى بالدم ولا العلاقات المشبوهة. الكلاوي مرض داخلي ما عنده حتى علاقة بالفيروسات الخارجية هذي.,native
advice_guidance,مفاصل يديا يوجعوني كِي نعمل سبور ولا بومب، شنوة السبب؟,ينجم يكون التهاب في 'الأوتار' (التهاب الوتر) من كثرة الضغط. ارتاح مدة واستعمل مرهم مسكن، وكان بقات الوجيعة، لازم طبيب روماتيزم يثبت في المفاصل.,native
advice_guidance,بولي ريحته خايبة ولونه متبدل، ياخي بروستات؟,الريحة واللون يعني 'ميكروب' (عدوى بولية). كانك كبير في العمر، تنجم تكون البروستات هي اللي مخلية البول يحبس ويخمج. أعمل تحليل بول.,native
advice_guidance,أمي لسانها ثڨيل وما عادش تنطق الكلمات مريغل، شنوة نعمل؟,هذي علامة 'جلطة' (جلطة دماغية) لا قدر الله! اجري بيها للطوارئ ديريكت. الوقت في الحالات هذي من ذهب باش تنقذ خلايا المخ.,native
advice_guidance,ياخي الضحك يخرج الإندورفين بالرسمي؟,إي نعم! الضحك يخلي المخ يسيب مسكنات طبيعية (إندورفين) تخليك تنسى الوجيعة وتعدل المزاج. اضحك الدنيا تضحكلك!,native
advice_guidance,علاش كِي نكون جواعي نحس بـ عصبية ومعدتي تغلي؟,هبوط السكر يخلي المخ يسيب هرمونات 'النرفزة'. والمعدة كِي تبدأ فارغة، الحركات متاعها (قرقرة البطن) تعمل صوت 'زغاريت' خاطر الهواء يصدى لداخل.,native
advice_guidance,ياخي الجنس الشرجي فيه مضاعفات ولا عادي كان النظافة موجودة؟,فيه برشة مخاطر حتى بالنظافة: ينجم يعمل التهابات في المسالك البولية، توسع في عضلة المخرج، بواسير، ويزيد من خطر انتقال الأمراض الجنسية كِيما الـ (Hepatitis C) والـ (فيروس الورم الحليمي). المستحسن تجنبه.,native
advice_guidance,كنت حامل في الشهر الأول، جاني إسهال قوي وبعدها هبطت قطعة بنية ودم 3 أيام. سقطت؟,القطعة والنزيف يخليونا نشكوا في 'إجهاض'. لازم تعمل تحليل دم (تحليل الحمل) وسونار ديريكت باش تشوف الرحم فرغ ولا مازال الجنين موجود.,native
advice_guidance,عندي برشة تأخير في البريود (الدورة) وما نجمتش نحبل، شنوة يلزمني نعمل؟,تأخير البريود يعني فمة خلل في الهرمونات ولا 'تكيس مبايض' (تكيس المبايض). لازمك طبيب اختصاصي يعملك إيكو وتحاليل هرمونات باش يعطيك دواء ينظم الدورة ويسهل الحبالة.,native
advice_guidance,نحس بوجيعة وحرقة في وسط صدري مع كتمة وضيق نفس، تخوف الحكاية؟,وجيعة الصدر فيها برشة أسباب، من 'المعدة' للـ 'القلب' للـ 'الستريس'. لازمك تعدي ديريكت وتعمل تخطيط قلب (رسم القلب) باش تنحي الشك وترتاح.,native
advice_guidance,دقات قلبي تولي سريعة برشة فجأة لين ندوخ، شنوة نعمل؟,تسارع دقات القلب (تسارع ضربات القلب) لازم يثبت فيه طبيب قلب. ينجم يكون ستريس، فقر دم، ولا مشكلة في كهرباء القلب. لازم 'تخطيط' وقت الوجيعة.,native
advice_guidance,صار جماع قبل البريود بيومين، ومن وقتها ما مسنيش راجلي شهر كامل، والبريود جات خفيفة برشة، نحبل؟,البريود كِي تجي ناقصة وساعات 'وهمية' تنجم تخبي وراها حمل. المستحسن تعملي 'تست حمل' (اختبار الحمل) باش تقطعي الشك باليقين.,native
advice_guidance,عندي ضيق نفس وما نجمش نجبد هواء طويل، وكِي نتمدد نرتاح، ووذني تصفر، شنوة هذا؟,تنجم تكون فدة ولا تشنج في عضلات الصدر، وساعات حتى السمنة تعمل هكا. لازمك تعمل تصويرة على الصدر (راديو الصدر) وتعدي عند طبيب باش يثبت في النفس والقلب.,native
advice_guidance,خرج دم من فمي مرة وخذيت زريقة تجلط، وتوا ديما نحس بالردان، شنوة لازمني؟,الحكاية فيها 'منظار معدة' (منظار) وسونار على الكبدة. خروج الدم من الفم مووش لعبة، لازم فحص كامل للبدن باش نعرفوا المصدر.,native
advice_guidance,"تحاليل الهرمونات (هرمون الغدة الدرقية, هرمون FSH, LH) متاعي هكا.. (أرقام)، ياخي باهية؟",حسب الأرقام هذي، هرموناتك 'مريغلة' وطبيعية. كان البريود منظمة، فما عندك حتى قلق من ناحية الغدة ولا المبايض.,native
advice_guidance,يهبط عليا دم من نهار 14 في الدورة لين تجي الدورة الجاية، وجنبي اليسار يوجع، علاش؟,لازمك تطيحي في الميزان وتعملي سونار تقيسي 'سمك بطانة الرحم'. ساعات تستحقي 'خزعة' (مسحة / عينة) باش نتأكدوا اللي ما فماش لحمية زايدة.,native
advice_guidance,عندي حكة قوية لداخل في المهبل، غسلت بماء دافئ وما تنحتش، شنوة الحل؟,هذي التهابات مهبلية، الماء الدافئ وحده ما يعمل شي. لازمك 'تحاميل' (لبوس مهبلي) ولا بومادة خاصة يوصفها الطبيب، وممكن تكون عدوى في البول زادة.,native
advice_guidance,راسي يوجعني الكل مع دوخة وردان، شنوة يطلع؟,تنجم تكون 'شقيقة' (الشقيقة) من الستريس ولا التعب. أما لازم زادة تثبت في 'التنسيون' (الضغط) والعيون والأذن لداخل، خاطر الدوخة تجي منهم.,native
advice_guidance,وجع في أسفل الظهر وساقيا يحرقوا بالضو كِي نقوم الصباح، علاش؟,أكثر سبب هو تشنج عضلات الظهر ولا ضغط على 'العرق' (انزلاق غضروفي). جرب تمشي كل يوم نص ساعة ونقص في الميزان، تو الوجيعة تخف.,native
advice_guidance,عندي نفخة في كف يدي اليسار وتوجعني كِي نشد التلفون برشة، شنوة هذي؟,ينجم يكون التهاب في الأوتار ولا ضغط على عصب اليد (متلازمة النفق الرسغي). لازم طبيب يمسها ويشوف كان فمة 'كيس' ولا نفخة تستحق دواء.,native
advice_guidance,لساني أبيض من تالي وريحتي خايبة، رغم اللي نحك في سنيا، وعلاش يخرج دم؟,البياض هذيك فطريات ولا بكتيريا. والدم يعني اللثة مريضة (Gingivite). لازمك طبيب سنين يعملك تنظيف (تنظيف الأسنان) ويعطيك 'بحريرة' تعقم.,native
advice_guidance,عندي نفخة صغيرة في الغدة الدرقية من الشيرتين، والطبيب قالي ما تخافش، ياخي بلاش دواء؟,مادام التحاليل سليمة وما ثماش 'عقد' (عقيدات) كبيرة، الطبيب يفضل يراقبها بلاش دواء. الدواء ناخذه كان كِي تبدأ الغدة خادمة برشة ولا حابسة.,native
advice_guidance,بدني يخرج في سخانة وعرق كبير حتى كِي نتعب شوية، والتحاليل سليمة؟,ثبت في 'فيتامين D' وفي فقر الدم (فقر الدم). نقص الفيتامينات يخلي البدن 'يرخي' وما عادش يحمل الجهد، ويخرج السخانة هذيك.,native
advice_guidance,عندي عقدة منفوخة أعلى الفخذ عندها 6 شهور، الطبيب قالي فتق، نعدي جراحة؟,إي، لازمك 'جراح عام' يشوفها. الفتق (فتق) ما يتداواش بالدواء، لازم عملية بسيطة باش ما يتخنقش ويعملك مشاكل أكبر.,native
advice_guidance,عندي مغص وحكة في المخرج وساعات نشوف دود صغير أبيض، شنوة هذا؟,هذا 'دود الخيط' (ديدان الأمعاء). لازمك دواء (كِيما Mebendazole) ليك وللعائلة الكل، وتغلي القش والملابس الداخلية باش ما يرجعش.,native
advice_guidance,البريود داخلة بعضها وراسي يوجع، والتحاليل طلعت هرمون التستوستيرون والحليب طالعين. هذا تكيس؟,إي نعم، هذي علامات 'تكيس المبايض' (تكيس المبايض). لازمك تبع علاج مع طبيبة نساء باش تنظم الهرمونات والبريود ترجع لمجاريها.,native
advice_guidance,عندي مشكلة سرعة قذف من أول نهار عرست فيه وعندي توا 15 سنة زواج وما تحسنتش. فمة حل؟,الحل موجود! لازمك تداوم على تمارين 'كيغل' (تمارين كيغل) باش تقوي عضلات الحوض. أعملهم 4 مرات في النهار لمدة 6 شهور، وتو تلاحظ فرق كبير. وزيد طول في المداعبة مع مرتك.,native
advice_guidance,ساقي تشنجت عليا فرد مرة (شد) ووجيعة قوية. مناش؟,تنجم تكون من التعب، نقص ماء، ولا حتى نقص في المغنيسيوم. كانك مدخن ولا عندك السكر والوجيعة تتعاود، لازم طبيب يثبت في العروق وفي ظهرك.,native
advice_guidance,نلعب كورة وعندي الصدفية (صدفية) في جلدي. ياخي تأثر على كارييري ومستقبلي في الكرة؟,الصدفية مرض جلدي ما يعديش وما يأثرش على لياقتك. كان تتبع دواك وتسيطر عليها، تنجم تواصل تلعب وتولي محترف وما يفيق بيك حد.,native
advice_guidance,بابا جاووه حزام ناري (الحزام الناري)، برا منه أما بقاو عروقه يوجعوا فيه. خذى دواء تيغريتول وما نفعش. شنوة يعمل؟,وجيعة العروق بعد الزونا (Post-herpetic neuralgia) صعيبة شوية وتطول. لازم الطبيب يعدله الجرعة ولا يبدله لنوع آخر متاع مسكنات خاصة بالأعصاب.,native
advice_guidance,عندي 8 أيام ملي زرقلي الطبيب زريقة التفجير وما نحس في حتى وجيعة. معناها ما ثماش حمل؟,مووش بالضرورة تحس بوجيعة باش يكون فمة حمل. استنى كمل الـ 14 يوم وأعمل تحليل دم (تحليل الحمل) هو الوحيد اللي يعطيك الصحيح.,native
advice_guidance,عملت تحاليل السيدا (فيروس نقص المناعة) بعد 4 شهور من علاقة مشبوهة وطلعت سلبية. نزيد نعاودها؟,مادام التحليل بعد 90 يوم طلع سلبي، معناها تهنى، ما عندك شيء والتحليل كافي ووافي. ارتاح ونحي الوسواس.,native
advice_guidance,عملت تحاليل الغدة وطلعوا مريڨلين، أما راني دبّة وما نجمتش نضعف وعندي تكيس، شنوة الحكاية؟,مادام تحاليل الغدة (هرمون الغدة الدرقية) مريڨلة، المشكلة تنجم تكون من 'التكيس' بيدو خاطر يعمل 'مقاومة أنسولين'. التكيس يخلي البدن يكدس الشحم ويصعّب التخسيس. لازمك ريجيم ناقص سكر ورياضة تو تتحسن الأمور.,native
advice_guidance,بدلت وقت حرابش المنع وبعد نهارين هبط عليا دم خفيف وكرشي وجعتني، فمة خطر؟,عادي وما تخافش. الهرمونات تتقلق كِي تبدل الوقت وينجم يهبط شوية دم (نزيف بسيط). واصل في وقتك الجديد وتو يرجع البدن يستانس والدم يقص وحده.,native
advice_guidance,نجم نشرب القسط الهندي على خفقان القلب وأنا حامل؟,لا! في الحمل أخطاك من الأعشاب القوية كِيما القسط الهندي، ما نعرفوش مفعولها على الصغير. خفقان القلب لازم يشوفه طبيب، ينجم يكون نقص حديد (فقر الدم) وهو اللي يعمل النهجة.,native
advice_guidance,عملت جبيرة (Plâtre) لساقي 3 أسابيع ونحيتها، نجم نسجد ونسوق الكرهبة؟,ما تتسرعش! الساق بعد الجبيرة تكون 'راقدة'. لازمك حصص ترويض طبي (علاج طبيعي) باش العضلات ترجع تقوى والمفصل يسرح. ارجع لطبيبك تو يڨلك وقتاش تسوق.,native
advice_guidance,راجلي يوجع فيّ كِي يدخل القضيب، ياخي ينجم يغلط ويدخل في مجرى البول؟,لا مستحيل. جوست البول (L'urètre) صغير برشة وضيق ما يتعدى منه شي. الوجيعة تنجم تكون من 'نقص ترطيب' ولا تشنج (تشنج المهبل). استعملوا 'مرطب' (Lubrifiant) وتو تنقص الوجيعة.,native
advice_guidance,ساقي اليسار توجع من الجنب ومن تالي، كأنها مجبودة ما نجمش نركد، شنوة الحل؟,هذا يشبه لـ 'عرق النسا' (عرق الاسى). عصب في الظهر مضغوط وسارح على الساق. لازمك فحص عند طبيب روماتيزم يعملك 'إيرام' (رنين مغناطيسي) ولا راديو يثبت في الـ 'دِيسك'.,native
advice_guidance,عندي غازات برشة ومغص وكرشي تجري (براز طري)، شنوة السبب؟,تنجم تكون 'مصران غليظ' (القولون العصبي) يتأثر بالماكلة والستريس. لازمك طبيب جهاز هضمي يشوف لا عندك حساسية من 'الڨلوتين' ولا 'اللاكتوز'.,native
advice_guidance,تحليل السيدا (فيروس نقص المناعة) من الجيل الثالث ولا الرابع، شنوة الفرق بيناتهم؟,الجيل الثالث يلوج كان على 'الأجسام المضادة'، أما الرابع (Combo) يلوج على الأجسام المضادة وعلى 'الفيروس' بيدو (P24). الجيل الرابع هو الأسرع والأصح في وقت قصير.,native
advice_guidance,ياخي المرا اللي عندها بطانة رحم مهاجرة (انتباذ رحمي) تنجم تحبل طبيعي؟,إي نعم، تنجم تحبل. صحيح 'البطانة المهاجرة' تنجم تصعب الحكاية شوية، أما برشة نساء حبلوا وجابوا صغار لاباس. المهم المتابعة مع طبيب مختص.,native
advice_guidance,بدني يقرص فيّ (لسع) في رقبتي وصدري كِي نخرج للشمس ولا ناكل الحار، بلا احمرار؟,هذي نوع من الحساسية تتسمى 'الشرى' (شرى). خوذ حرابش 'مضاد هيستامين' وابعد على الماكلة اللي تشعل البدن (الفلفل والبهارات) واشرب الماء برشة.,native
advice_guidance,فمة دواء يكبّر القضيب ولا يداوي سرعة القذف بالرسمي؟,تكبير القضيب 'خرافة' وما ثمة حتى دواء يعمل هكا. أما سرعة القذف، دواها تمارين 'كيغل' (تمارين كيغل) والممارسة بانتظام والستريس لا.,native
advice_guidance,البريود تأخرت عليا بـ 3 أيام، ياخي نحبل؟ وكيفاش نطيّحه كان طلعت حامل؟,أول حاجة تعملها هي 'تست حمل' (اختبار الحمل). قبل ما تخمم في تطييح الصغير، لازم تتأكد اللي فمة حمل أصلاً. والبريود تنجم تتأخر من الستريس ولا التعب.,native
advice_guidance,عمري 17 سنة والبريود موش مريغلة (تغيب شهرين) وصدرنا ما كبرش، شنوة نعمل؟,"لازمك تعمل تحاليل هرمونات (هرمون FSH, LH, Estrogène). تنجم تكون 'فشلة' في الهرمونات ولا تكيس مبايض، ولازم طبيبة نساء تتبع حالتك من توا.",native
advice_guidance,ديما جيعان وفاشل ومعدتي تحسها فارغة حتى كِي ناكل، ياخي عندي الدود؟,تنجم تكون 'فقر دم' (فقر الدم) ولا الدود بالرسمي. أعمل تحليل دم (NFS) وتحليل 'خروج' (Analyse des selles) باش تعرف رأسك من ساقيك.,native
advice_guidance,كِي نقوم الصباح نحس بـ حريقة قوية في الڨرجومة ولا في البول، شنوة السبب؟,كان الحريقة في البول، لازم تحليل بول (تحليل البول) خاطر تنجم تكون 'ميكروب'. وكان في الصدر، راهو 'ردان معدة' (حموضة / ارتجاع) يطلعلك بالليل.,native
advice_guidance,عندي زغطة (زغطة) ما حبتش تقص عندي أيام، وعندي جلطة قديمة، تخوف؟,لازم تثبت مع طبيب أعصاب ديريكت. الزغطة اللي تطول برشة تنجم تكون من تأثير الجلطة على مركز الأعصاب. ما تسكتش عليها.,native
advice_guidance,عندي وجيعة وتنفخ في كعب ساقي، عملت راديو وطلع العظم لاباس. مالا شنوة؟,مادام العظم لاباس، تنجم تكون التهاب في 'الأوتار' ولا 'روماتيزم'. شوف طبيب روماتيزم يعملك تحاليل دم يثبت في 'الأملاح' (حمض البول).,native
advice_guidance,عندي وجيعة في كرشي عندها ساعات وما حبتش تبرد، شنوة ناكل؟,الوجيعة اللي تطول ما تداواش بالماكلة. لازم تعرف الوجيعة وين بالضبط؟ معاها ردان؟ حمى؟ لازم تشخيص باش ما تطلعش 'الزائدة' (التهاب الزائدة).,native
advice_guidance,نحس في رعشة وتنميل في الڨرجومة تحت تفاحة آدم، ومعاها دوخة، شنوة هذا؟,ثبت في 'الغدة الدرقية' (الغدة الدرقية) ولا 'الفقرات' متاع الرقبة. ساعات التعب والوقفة الخايبة تضغط على العروق وتعمل الدوخة هذي.,native
advice_guidance,أنا نمارس في العادة من عمري 6 سنين، وتوا وليت نقذف في فيسع (أقل من دقيقة)، فمة حل؟,سرعة القذف عندها علاقة بالعادة. الحل هو تمارين 'كيغل' (تمارين كيغل) باش تقوي عضلات الحوض، وتوقف على العادة وتعمل الرياضة.,native
advice_guidance,نحس في وجيعة في قلبي وأعصابي داخلة بعضها ونحس في روحي باش نموت، شنوة نعمل؟,هذي علامات 'قلق حاد' (Crise d'قلق شديد). لازمك تتعلم تمارين التنفس والاسترخاء، وتحكي مع طبيب نفساني يفرغلك قلبك.,native
advice_guidance,عندي إفرازات صفراء تخرج من صدري وريحتها خايبة، ياخي سرطان؟,مووش شرط سرطان، تنجم تكون التهاب قوي في القنوات. أما لازم تمشي لجراح يثبت في الصدر ويعملك 'ماموغراف' (تصوير الثدي) للحيطة.,native
advice_guidance,واحد رشني بالماء وهو خارج من تواليت عمومية، وجاء الماء في فمي، نمرض بالـ سيدا (الإيدز)؟,مستحيل! السيدا ما تتنقلش هكاك. لازم دم ولا علاقة جنسية. وسوسة زايدة ما عندها حتى أساس علمي، اطمن.,native
advice_guidance,علاش راجلي وجهه يصفار برشة وقت الجماع؟ ياخي تخوف؟,الاصفرار الفجئي ينجم يكون من فقر دم (فقر الدم) ولا تعب كبير وسوء تغذية. البدن وقت المجهود يبعث الدم للأعضاء المهمة، فيبان الوجه شاحب. خليه يعمل تحليل دم كامل (NFS) باش تتطمنوا.,native
advice_guidance,عملت تحليل السيدا (فيروس نقص المناعة) بعد 70 يوم وطلع سلبي، ياخي كافي ولا نعاود؟,بعد 70 يوم (يعني أكثر من شهرين) النتيجة تتسمى قطعية بنسبة كبيرة برشة، خاصة كان التحليل من الجيل الرابع (Combo). اطمن وانسى الموضوع، النتيجة صحيحة.,native
advice_guidance,نقوم من النوم نلقى يدي وساقي منفوخين وصوابعي ما يتحركوش، علاش؟,النفخ هذا (انتفاخ / احتباس الماء) ينجم يكون من نقص حركة، ولا مشكلة في الكلاوي، ولا روماتيزم يخلي السوائل تتجمع في المفاصل بالليل. لازم طبيب روماتيزم يشوفك.,native
advice_guidance,ديما نحس بحاجة واحلة في حلقي (Gag reflex) ونحب نرد، شنوة الحل؟,هذا غالباً 'رد فعل بلعومي' بسبب 'الجاير' (حموضة / ارتجاع) ولا حموضة المعدة اللي تطلع للحلق. نقص من المقلي والحار وكول وجبات صغيرة وتو يبرد الحلق.,native
advice_guidance,عندي وجيعة في صدري ويدي اليسار وتنميل، خايف تطلع القلب؟,الوجيعة اللي تتنقل تنجم تكون من المعدة (الجرثومة الحلزونية) ولا من الستريس والڨلق. أما كان الوجيعة كبسة قوية في الصدر، لازم تخطيط قلب (رسم القلب) ديريكت للضمان.,native
advice_guidance,شنوة اللي يخلي الرحم حامض ويمنع الحمل؟,الحموضة الزايدة (حموضة) غالباً تجي من الالتهابات المهبلية ولا الفطريات. هذيك تقتل المني قبل ما يوصل للبويضة. لازم 'تحميلة' ودواء وتنظيف.,native
general_knowledge,شنوّة معناها زمرة الدم (فصيلة الدم) وعلاش فمّا شكون يعطي للناس الكل؟,زمرة الدم تتحدد بنوع البروتينات (Antigènes) اللي فوق كريات الدم الحمراء. فمّا $A$ و $B$ و $AB$ و $O$. اللي عندو زمرة **O سلبـي ($O^-$)** يتسمى 'المعطي العالمي' خاطر دمو ما فيهش بروتينات تخلّي بدن الشخص الآخر يرفضو، فينجم يسلك أي حد في حالة استعجالية. أما $AB^+$ يتسمى 'البخيل' خاطر ياخذ من عند الناس الكل وما يعطي لحد كان اللي كيفو.,native
general_knowledge,شنوّة الفرق بين الـ RAM والـ قرص صلب في البيسي؟,الـ **RAM** هي 'الذاكرة القصيرة'، فيها الحاجات اللي قاعد تخدم بيهم توا (كيما مخك كِي يبدأ يخمم)، هي سريعة برشة أما كِي تقص الضوء يطير كل شيء. أما **الديسك دير** هو 'الخزانة' (الذاكرة الطويلة)، فيه التصاور والأفلام والسيستيم، يبقى حافظهم حتى والبيسي طافي، أما الخدمة معاه أبطأ من الـ RAM.,native
general_knowledge,كيفاش اللقاح (لقاح) يحمينا من الأمراض؟,اللقاح هو كيف **'تمرين' لجهاز المناعة**. يعطيوه فيروس ميت ولا ضعيف (إلا شقف منو)، البدن يتعرف عليه ويصنع 'أجسام مضادة' وجيش متاع خلايا ذاكرة. نهار اللي يجي الفيروس الحقيقي، المناعة تلقى روحها حاضرة وتقتلو قبل ما يمرضك. اللقاح يعلم البدن كيفاش يحارب من غير مخاطرة.,native
general_knowledge,شنوّة معناها سيروم (Sérum) وعلاش يعطيوه للمريض في السبيطار؟,السيروم هو سائل ملحي (Serum Physiologique) ولا سكري، التركيبة متاعو تشبه لتركيبة 'البلازما' في الدم. يعطيوه للمريض ديريكت في العرق باش **يعوض السوائل** اللي ضاعت (جفاف)، ولا باش يوصل الدواء للبدن فيسع خيالية من غير ما يتعدى بالمعدة. هو أسرع طريقة باش ترجع 'الإيكيليبر' للبدن.,native
general_knowledge,كيفاش النمل يعرف الثنية متاع الماكلة؟ ياخي عندهم نظام الموقع؟,النمل يستعمل في 'ريحة كيميائية' تتسمى **'فيرومونات' (Phéromones)**. كِي نملة تلقى ماكلة، وهي راجعة للغار تخلي وراها خيط متاع ريحة في القاعة. النمل الآخر يشم الريحة بهاك 'القرون' (Antennes) متاعو ويتبع الثنية. كل ما يمشيو نملات أكثر، كل ما الريحة تقوى وتولي الثنية واضحة للجيش الكل.,native
general_knowledge,كيفاش الاشاعة (راديو) تصور العظام وما تصورش اللحم؟,أشعة إكس (X-rays) هي أشعة قوية تنجم تتعدى من خلال الحاجات الطرية كيما اللحم والجلد. أما **العظام رزيونة ومعبية بالكالسيوم**، فتمتص الأشعة وما تخليهاش تتعدى. في التصويرة، البلاصة اللي تعدت منها الأشعة تظهر كحلة، والبلاصة اللي حبست فيها (العظم) تظهر بيضاء.,native
general_knowledge,كيفاش الخفاش (Chauve-فأرة الحاسوب) يطير ويصطاد بالليل وهو ما يراش؟,الخفاش يستعمل في تكنولوجيا تسمى **'السونار' (Écholocation)**. هو يخرج أصوات حادة برشة (أشعة فوق صوتية) إحنا ما نسمعوهاش. الصوت هذاك يضرب في الحيط ولا في الفريسة ويرجعلو. وذنيه الحساسة تحلل قداش وقت خذا الصوت باش رجع، هكا يبني 'تصويرة' في مخو على البلاصة ويعرف وين الذبانة بالضبط من غير ما يستحق لعينيه.,native
general_knowledge,علاش كِي نشربوا الماء البارد برشة نحسوا بوجيعة في راسنا (تجمد الدماغ)؟,هذا رد فعل سريع من العروق اللي في سقف الفم. كِي يمسها الثلج، تتسكر فيسع باش تحمي السخانة، ومن بعد تتحل فيسع. الحركة الفجئية هذي تهيج الأعصاب اللي دايرة بيها، والأعصاب هذيك تبعث إشارة وجيعة للمخ. وبما إنو الأعصاب هذي مرتبطة بالوجه، المخ 'يغلط' ويحس بالوجيعة في جبهتك موش في فمك.,native
general_knowledge,شنوّة الفرق بين النباتات والفطريات (فطريات)؟ ياخي موش كيف كيف؟,فرق كبير! النبات يصنع ماكلتو وحدو من الشمس (التركيب الضوئي). أما الفطر **ما يصنعش ماكلتو**، هو يعيش على 'تحليل' المواد العضوية (أوراق ميتة، جيف، خشب...). الفطريات أقرب للحيوانات منها للنباتات في طريقة عيشها، خاطرها 'تستهلك' المادة وما تصنعهاش.,native
general_knowledge,كيفاش المكيف (كليمة) ينحي الرطوبة من البيت؟,المكيف فيه 'رادياتور' بارد برشة. كِي الهواء السخون والمنّدي متاع البيت يتعدى عليه، بخار الماء اللي فيه يبرد ويتحول لقطرات ماء (تكثف) فوق النحاس البارد. الماء هذاك يتلم ويمشي في 'تيو' (Tuyau) لبرة. هذاك علاش المكيف يقطّر الماء، وهكا البيت تولي باردة وشايحة (نقصت الرطوبة).,native
general_knowledge,كيفاش النحل يعرف وين النوار بالضبط ويعاود يرجع للجبح بلاش ما يتوه؟,النحل يستعمل **'رقصة'** خاصة يوري بيها لصحابه الطريق. وزيد يستعمل مكان الشمس كبوصلة، وعنده قدرة يحس بالحقل المغناطيسي للأرض. حتى كِي تكون الشمس وراء السحاب، النحل ينجم يشوف 'الضوء المستقطب' ويعرف مكانها. النحل عندو نظام الموقع داخلي معقد برشة!,native
general_knowledge,شنوّة الفرق العلمي بين البرد (الڨرّة) و الأنفلونزا؟,الزوز فيروسات، أما **البرد (Rhume)** تعملو فيروسات خفيفة (Rhinovirus) تضرب الخشم والحلق وما تعملش سخونة قوية. أما **الأنفلونزا (برد)** يعملها فيروس أقوى برشة، يضرب البدن الكل، يعمل سخونة طالعة، وجيعة عضلات، وفشل. الزوز ما يتداواوش بالأنتي بيوتيك، الراحة والماء هما الحل.,native
general_knowledge,علاش كِي نكونوا في البيت والضوء طافي، نراو ذبان ولا خيوط بيضاء صغيرة تعوم قدام عينينا؟,هذيك تتسمى **'الأجسام الطائرة' (ذبان العين)**. هي موش ذبان بالحق، أما هي جزيئات صغيرة متاع بروتين ولا دم محصورة في السائل الهلامي (Vitré) اللي في وسط عينك. كِي يضرب فيها الضوء، تعمل ظل على 'الشبكية' (Rétine)، فإنت تراهم كأنهم خيوط ولا نقاط يتحركوا كل ما تحرك عينك. حاجة عادية وتصير للناس الكل مع العمر.,native
general_knowledge,كيفاش النباتات تطلع الماء من الجذور للفوق للسماء (ساعات 100 متر)؟,تستعمل في تكنولوجيا تسمى **'النتح' (تعرق)**. الماء يتبخر من الأوراق، والتبخر هذا يعمل 'قوة شفط' (كيف المصّاصة/Paille) تجبد الماء من لوطة. وزيد جزيئات الماء تحب بعضها وتلصق في بعضها (Tension superficielle)، فتعمل خيط طويل ومسترسل يطلع من العروق لين يوصل لأعلى ورقة.,native
general_knowledge,علاش التثاؤب (Le bâillement) يعدي؟ كِي نرى واحد يتثاوب، نتثاوب كيفو؟,العلم مازال موش متأكد 100%، أما النظرية الأقوى تقول إنها **'محاكاة عاطفية' (تعاطف)**. مخنا فيه 'خلايا مرآتية' تخلينا نحسوا باللي يحس بيه اللي قدامنا. كِي نراو حد يتثاوب، مخنا يبرمجنا باش نعملوا كيفو كنوع من 'التضامن' الاجتماعي اللاواعي.,native
advice_guidance,شنوة الفرق بين الورم الشحمي (ورم شحمي) والتجمع الدهني (Amas graisseux)؟,الزوز حكايات فارغة في العادة. الـ ورم شحمي هي كعبورة شحمية تحت الجلد، والـ Amas هو جوست تجمع دهني متليف. كِي تكون الكعابر صغيرة وتتحرك، الطبيبة تقولك ما تخافش، والمتابعة كل عام بالتصوير (Échographie) تكفي باش نتطمنوا اللي حجمها ما تبدلش.,native
general_knowledge,شنوة الفرق بين فيروس و بكتيريا؟ ياخي الزوز يتداواو بالـ أنتي بيوتيك؟,رد بالك! الـ **أنتي بيوتيك يقتل البكتيريا بركة**. البكتيريا كائن حي مستقل ينجم يعيش وحدو. أما الفيروس هو 'كود' جيني لازمو يدخل لوسط خلية باش يتكاثر. الفيروسات نداويوهم بالـ 'أنتي فيرال' ولا بالـ 'تلقيح' (لقاح) باش البدن يتعرف عليهم ويحاربهم.,native
emotional_support,الخدمة ولات عذاب، كل يوم نمشي بالسيف.,الـ إرهاق وظيفي حاجة حقيقية وتوجع. جرب اليوم بعد الخدمة اعمل حاجة تحبها، حتى كان قهوة وحدك، باش تفصل شوية بين ضغط الخدمة وحياتك الخاصة.,native
emotional_support,نحس روحي مانيش كفء في خدمتي الجديدة، خايف يطردوني.,هذا يتسمى 'متلازمة المحتال'. عادي تحس روحك ضايع في الأول، الكلنا مرينا بيها. بالشوي تعلم واسأل، وتو تولي متمكن.,native
emotional_support,نحس روحي مانيش Promotion في خدمتي، ديما يتعداو عليا.,ساعات الخدمة محتاجة 'تسويق' لروحك موش كان خدمة برك. حاول تظهر مجهودك أكثر وتكلم بوضوح على طموحاتك مع مديرك. حقك تطلب اللي تستحقه.,native
emotional_support,نحس روحي مخنوقة من كثرة الجروبوات في الفايسبوك.,كثرة المعلومات والتدخلات تتعب المخ. أعمل 'فطام رقمي'، اخرج من المجموعات اللي تسببلك ستريس وخلي كان اللي ينفعك.,native
emotional_support,نحس روحي وليت ثقيلة في مخي، ما عادش نستوعب بالباهي.,هذا تعب ذهني (ضباب الذهن). مخك محتاج راحة، نوم باهي، وماكلة صحية. جرب نقص مالتفكير الزايد وتو ترجعلك قدرتك ع التركيز.,native
emotional_support,وليت نخاف من السفر وحدي، نحس روحي باش نضيع.,السفر وحدك تجربة تقوي الشخصية. ابدا بسفرات قصيرة في تونس، واستعمل الـ نظام الموقع، وتو تكتشف اللي إنت قادرة تعتمد على روحك.,native
emotional_support,وليت نخاف من الكياسات الجديدة اللي ما نعرفهاش.,استعمل الـ نظام الموقع وتوكل على ربي. الكياسات الكل توصل، المهم تمشي بتركيز وبالشوي. كل ثنية جديدة هي خبرة جديدة تزيدك ثقة.,native
emotional_support,وليت نكره الوقوف في الطوابير الطويلة، نحس روحي نضيع في عمري.,الوقت غالي. جرب استغل الوقوف هذا في سماع بودكاست ولا قراية مقال مفيد على التليفون. هكا تولي ربحت وقتك وما عادش تتوتر.,native
emotional_support,وليت نخاف من الركوب في الـ تقاسم السيارة مع عباد ما نعرفهمش.,الحذر واجب. جرب سافر مع عباد عندهم تقييمات باهية، ولا امشي في وسائل النقل الرسمية كانك موش مرتاحة. سلامتك النفسية قبل كل شي.,native
emotional_support,وليت نكره الريحة متاع القليان في الدار، تلصق في كل بلاصة.,القليان يتعب في التنظيف وفي الريحة. جرب استعمل الـ قلاية هوائية ولا طيب في الفور، هكا دارك تقعد ريحتها فواحة وصحتك تكون أحسن.,native
task_oriented,نحب نطلع بطاقة تعريف وطنية لأول مرة، شنوة الأوراق اللازمة؟,"لازمك تمشي لمركز الشرطة ولا الحرس الوطني القريب لسكناك وتحضر الأوراق هاذي:
1. شهادة ميلاد أصلية (شهادة الميلاد).
2. 4 تصاور شمسية خلفيتهم بيضاء.
3. شهادة حضور مدرسية ولا شهادة عمل.
4. وصل خلاص (Timbre fiscal) تشريه من القباضة (بـ 3 دينارات عادة).
5. نسخة من بطاقة تعريف الولي.",native
task_oriented,تلفوني طاح في الماء وما حبش يتحل، شنوة نعمل؟,"لازمك تتصرف بسرعة باش ما يتحرقش الكارط مير (اللوحة الأم):
1. نحيه من الشارج فوراً وطفيه إذا مازال يخدم.
2. امسحو بشيحة (serviette) وحاول تنحي 'البيس' والكارط ميموار.
3. ما تستعملش السيشوار (Sèche-cheveux) خاطر السخانة تهلك البياسات.
4. حطو في حكة فيها روز نيّ ليلة كاملة باش يمتص الندوة.
5. إذا ما تحلش الصباح، هزو لـ 'réparateur' مختص في أقرب وقت.",native
task_oriented,البيسي متاعي ولا رزين برشا ويتبلوكا، فماشي حل سريع؟,"تنجم تحسن المردود متاع البيسي متاعك هكا:
1. فرغ 'السينية' (Corbeille) ونحي اللوجيسيلات اللي ما تستعملهمش.
2. ثبت في 'Gestionnaire des tâches' (Task Manager) شنوة الحاجات اللي تاكل في 'الرام'.
3. اعمل سيكيريتي سكان (Scan) بالـ 'مكافح الفيروسات' بالكشي عندك فيروس.
4. إذا قعد رزين، ننصحك تزيد 'Barrette مذكرة تخرج' ولا تبدل الديسك ديـر لـ 'قرص صلب سريع'.",native
task_oriented,نحب نحجز ليلة في وتيل في طبرقة، شنوة أحسن طريقة؟,"باش تلقى سوم باهي، اتبع الخطوات هاذي:
1. قارن الأسعار بين مواقع 'حجز.com' ووكالات الأسفار التونسية (Traveltodo, Teskerti).
2. ثبت في 'الريفيو' (Avis) متاع العباد اللي مشاو قبلك.
3. كلم الوتيل مباشرة واسألهم على 'Promo' للعائلات ولا التوانسة.
4. أكد الحجز بالـ 'بطاقة بنكية' ولا امشي خلص في وكالة قريبة ليك.",native
task_oriented,كيفاش نطلع مضموم ولادة (شهادة الميلاد) بالأنترنات؟,"تنجم تطلعو من غير ما تمشي للبلدية عبر بوابة 'Etat Civil':
1. ادخل لموقع 'etatcivil.gov.tn'.
2. دخل معطياتك الشخصية (الاسم، اللقب، تاريخ الولادة، والبلدية).
3. خلص المعلوم باستعمال بطاقة بنكية ولا بطاقة 'e-Dinar'.
4. المضموم يوصلك بالبريد المسجل للدار في ظرف أيام.",native
task_oriented,تلفزتي تلفزيون ذكي ما حبتش تكنكتي عالويفي، شنوة نعمل؟,"جرب الحلول هاذي بالترتيب:
1. ادخل للـ 'Settings' متاع التلفزة واعمل 'Forget Network' وعاود كونكتي.
2. ثبت اللي المودام قريب للتلفزة وما ثماش عوائق كبيرة.
3. اعمل ريستارت (Restart) للتلفزة وللمودام في نفس الوقت.
4. إذا ما مشاتش، جرب كونكتيها بكابل 'Ethernet' مباشرة.",native
task_oriented,نحب ننظم رحلة تخييم (تخييم) في عين دراهم، شنوة النصائح؟,"عين دراهم بلاصة مزيانة لكن لازمها تحضير:
1. اختار بلاصة معروفة وآمنة، ومن المستحسن تعلم 'Garde forestier' ولا المركز القريب.
2. هز معاك خيمة صحيحة وكيس نوم (Sac de couchage) خاطر الدنيا تبرد برشا في الليل.
3. حضر ماكلتك وماء كافي، وما تنساش 'Lampe torche' و 'Powerbank'.
4. حافظ على نظافة البلاصة وهز معاك ساشيات للزبلة.",native
task_oriented,نحب نبعث قضية (Colis) لفرنسا، شنوة أحسن طريقة؟,"عندك زوز حلول حسب الميزانية والوقت:
1. **البوست رابيد (Rapide Poste):** مضمون، يوصل في 3-5 أيام، وأرخص من الشركات الخاصة.
2. **شركات الشحن (دي إيش إل, فيديكس):** أسرع ببرشا (يومين) لكن أغلى في السوم.
3. لازمك تصرح بمحتوى القضية وتعمر ورقة الديوانة (Douane) في البوسطة.",native
task_oriented,كيفاش نعرف كرهبة ن ت (N.T) تنجم تتباع ولا لا؟,"السيارات ن ت (Nouveau Régime) عندها قوانين خاصة:
1. ثبت في البطاقة الرمادية (بطاقة ترقيم السيارة) كان مكتوب عليها 'سلسلة نظام توقيتي'.
2. لازم صاحب الكرهبة يخلص الديوانة (Régularisation douanière) باش تولي 'تونسية' (Série normale).
3. امشي للديوانة واسأل على 'état de véhicule' باش تعرف قداش لازم دفع باش تتباع.",native
task_oriented,نحب نطلع دفتر الشيكات من البنك، شنوة نعمل؟,"لازمك تعمل مطلب للبنك متاعك:
1. امشي للفرانس (Agence) اللي حليت فيها الكونت.
2. صحح في مطبوعة 'Demande de chéquier'.
3. استنى من جمعة لـ 10 أيام باش يحضر.
4. كيف يكلموك، امشي هز الشيكات متاعك واستظهر ببطاقة تعريفك.",native
task_oriented,كيفاش نجم نحجز Taxi Touristique لمشوار طويل؟,"للمشاوير الطويلة (سفرات بين المدن)، عندك الطرق هاذي:
1. لوج في تطبيقات كيما 'بولت' ولا 'إندرايفر' (بعضهم يقبل مشاوير طويلة).
2. امشي لمحطة التاكسيات الكبيرة واسأل الشوافرية اللي يخدموا 'Course longue distance'.
3. اتفق على السوم بالمسبق (Forfait) مش بالكونتور، خاطر الكونتور يغلى برشا لبرا مالبلاصة.",native
task_oriented,كيفاش نجم نحجز تاكسي توريستيك لمشوار طويل؟,"للمشاوير الطويلة (سفرات بين المدن)، عندك الطرق هاذي:
1. لوج في تطبيقات كيما 'بولت' ولا 'إندرايفر' (بعضهم يقبل مشاوير طويلة).
2. امشي لمحطة التاكسيات الكبيرة واسأل الشوافرية اللي يخدموا 'Course longue distance'.
3. اتفق على السوم بالمسبق (Forfait) مش بالكونتور، خاطر الكونتور يغلى برشا لبرا مالبلاصة.",native
task_oriented,شنوة الأوراق اللازمة باش نطلع بطاقة تعريف وطنية لأول مرة؟,"الوثائق المطلوبة هي:
1. مطلب الحصول على بطاقة تعريف (تاخدو من المركز).
2. مضمون ولادة أصلي (شهادة الميلاد).
3. 3 تصاور شمسية خلفيتهم بيضاء.
4. شهادة حضور مدرسية ولا شهادة عمل.
5. وصل خلاص 'تنبـر' (Timbre) من القباضة (2500 مليم).
6. ترخيص أبوي للي عمرهم أقل من 18 سنة.",native
task_oriented,البيسي متاعي ولا رزين برشا وما يحبش يتحل فيسع. شنوة تنصحني؟,"باش تسرع البيسي، جرب الحاجات هاذم:
1. فسخ البرامج اللي ما تستعملهمش (Désinstaller).
2. نحي البرامج اللي تتحل وحدها مع 'Démarrage'.
3. أعمل 'Nettoyage de disque' باش تفسخ الفيشيات الزايدة.
4. كان قعد رزين، أحسن حل تزيد 'قرص صلب سريع' ولا تهزو لـ 'Réparateur' ينظفو من الغبرة ويصبلوا 'Formatage' جديد.",native
task_oriented,كيفاش نخلص فاتورة الضو (STEG) من غير ما نمشي للبريد؟,"تنجم تخلص فاتورتك أونلاين وبكل سهولة:
1. ادخل للسيت متاع 'STEG' ولا استعمل تطبيق 'D17' متاع البوسطة.
2. حط رقم الفاتورة (رقم الحريف ورقم الفاتورة).
3. استعمل كارت بنكير (بطاقة بنكية) ولا كارت 'e-Dinar'.
4. سجل 'Reçu' عندك باش تثبت الخلاص.",native
task_oriented,تلفوني طاح في الماء وما حبش يشعل، شنوة نعمل توا؟,"رد بالك تشعلو! اتبع الخطوات هاذم فيسع:
1. خرج التيليفون من الماء ونشفو بقطعة قماش شايحة.
2. نحي الـ 'SIM' والـ 'Carte مذكرة تخرج' وكان البطارية تتنحى نحيها.
3. حط التيليفون في وسط حكّة فيها 'روز' (Riz) وسكر عليها نهار كامل (الروز يمتص الندوة).
4. غدوة جرب شعلو، وكان ما خدمش هزّو للـ 'Technicien' في أقرب وقت.",native
task_oriented,كيفاش نصب Application متاع بنكة (UIB/BH/BIAT) في تليفوني؟,"باش تبع كونتك من التليفون:
1. ادخل لـ 'Play Store' (Android) ولا 'App Store' (آيفون).
2. اكتب اسم البنكة متاعك في الـ 'Recherche'.
3. انزل على 'Installer'.
4. بعد ما تتحل، لازم تمشي للبنكة تاخد 'Login' و 'Mot de passe' باش تنجم تدخل للكونت لأول مرة.",native
task_oriented,نحب نحجز بيت في وتيل في الحمامات في الصيف، شنوة تنصحني؟,"باش تحجز وتيل بأحسن سوم:
1. استعمل مواقع كيف 'حجز.com' ولا مواقع تونسية كيف 'Traveltodo'.
2. قارن الأسعار بين 'All Inclusive' و 'Demi-pension'.
3. ثبت في تصاور الوتيل والـ 'Avis' متاع العباد في 'تريبأدفيزور'.
4. كلم الوتيل مباشرة ساعات تلقى عندهم 'Promo' موش موجودة أونلاين.",native
task_oriented,الـ كليمة يخرج في هواء سخون، شنوة الحل؟,"ثبت في النقاط هاذم:
1. شوف الـ 'Mode' محطوط على 'Cool' (علامة الثلج) موش 'Heat'.
2. نظف الـ 'Filtres' متاع الوحدة الداخلية بالماء.
3. ثبت في الوحدة الخارجية (Moteur) فماش حاجة مغطيتها.
4. كان قعد نفس المشكل، جيب تقني يثبت في الـ 'Gaz' فماش 'Fuite'.",native
task_oriented,كيفاش نجم نحجز تاكسي توريستيك لثنية طويلة؟,"للمشاوير الطويلة (سفرات بين المدن)، عندك الطرق هاذي:
1. لوج في تطبيقات كيما 'بولت' ولا 'إندرايفر' (بعضهم يقبل مشاوير طويلة).
2. امشي لمحطة التاكسيات الكبيرة واسأل الشوافرية اللي يخدموا 'Course longue distance'.
3. اتفق على السوم بالمسبق (Forfait) مش بالكونتور، خاطر الكونتور يغلى برشا لبرا مالبلاصة.",native
task_oriented,الماوس (فأرة الحاسوب) متاع البيسي ما حبتش تخدم، شنوة الحل؟,"جرب الحاجات هاذم بالترتيب:
1. كان الماوس بالخيط، بدلها البلاصة (Port USB) في البيسي.
2. كان 'Sans fil'، ثبت في الحجرات (Piles) يمكن وفاو.
3. ثبت في 'Capteur' من لوطة فماش شعرة ولا غبرة مغطيتو.
4. جرب الماوس على بيسي آخر باش تتأكد اللي هي تمشي ولا لا.",native
task_oriented,كيفاش نطلع مضمون ولادة (شهادة الميلاد) من غير ما نمشي للبلدية؟,"تنجم تطلبو عبر الأنترنات ويوصلك للبوسطة:
1. ادخل لموقع 'etatcivil.gov.tn'.
2. عمر المعلومات الخاصة بيك (الولاية، المعتمدية، البلدية، ورقم الرسم).
3. خلص المعاليم والبريد باستعمال كارت بنكير.
4. المضمون يوصلك لعنوانك المسجل في ظرف أيام قليلة.",native
task_oriented,الـ طابعة ما تحبش تخرج الورق، والضو يرفرف. شنوة الحل؟,"جرب المراحل هذي:
1. ثبت فماش 'Bourrage papier' (ورقة وحلت لداخل).
2. حل الباب متاع الـ 'Cartouches' وثبتهم في بلاصتهم مليح.
3. شوف مستوى الحبر (Encre)، ساعات الضو يرفرف كي يبدا الحبر قريب يوفى.
4. أعمل 'Annuler' لكل الأوامر اللي بعثتهم من البيسي وعاود ابعث ورقة واحدة برك.",native
task_oriented,نحب نطلع Carnet de Soin (الدفتر الأبيض) متاع الكنام (صندوق التأمين على المرض)؟,"لازمك تحضر الدوسي هذا وتهزو لأقرب مركز كنام:
1. نسخة من بطاقة التعريف.
2. نسخة من عقد الشغل ولا شهادة في الأجر.
3. مضمون ولادة للأبناء والزوج(ة).
4. تعمير مطبوعة 'اختيار المنظومة العلاجية' (طبيب عائلة، منظومة عمومية، ولا استرجاع مصاريف).",native
task_oriented,تلفوني يتشرجى رزين برشا، شنوة السبب؟,"المشكلة تنجم تكون من:
1. الكابل (Câble): كانو مقطع ولا قديم يولي يشرجي رزين، جرب كابل 'Original'.
2. 'Bloc Chargeur': ثبت قداش يخرج 'Ampérage'، لازم يكون متوافق مع تلفونك.
3. تطبيقات في الخلفية: ساعات الـ 'نظام الموقع' والـ 'بلوتوث' كي يقعدوا يخدموا يستهلكوا الشحن.
4. جرب شرجي التليفون وهو 'Mode Avion' وشوف الفرق.",native
task_oriented,نحب نحجز بلاصة في تخييم في تمغزة، شنوة نعمل؟,"التخييم في الجنوب لازمه تنظيم:
1. اتصل بـ 'Centre de تخييم' ولا دور ضيافة في توزر/تمغزة.
2. اسأل على حالة الطقس (في الليل تبرد برشا في الشتاء).
3. ثبت في التجهيزات: فما ماء وضو ولا لازمك تهز كل شي معاك؟
4. خوذ 'Autorisation' من الحرس الوطني كان باش تخيم في بلاصة معزولة.",native
task_oriented,كيفاش نصب كود Freefire ولا نتفليكس في تونس؟,"بما أنو ما عندناش 'PayPal' عالمي، تنجم تستعمل:
1. المواقع التونسية الوسيطة (كيف Sobflous ولا Codashop).
2. تخلص بالـ 'Solde' متاع تليفونك (Ooredoo/Orange) عبر 'Direct Carrier Billing'.
3. اشري 'Ticket' من محلات الألعاب (Gamer shops) اللي يبيعوا الكودات حاضرين.
4. استعمل 'Carte Technologique' كان عندك وحدة.",native
task_oriented,نحب نبعث جواب Recommandé بالبوسطة، كيفاش؟,"الجواب المضمون الوصول (رسالة موصى عليها):
1. اكتب العنوان بوضوح على الجواب (المرسل والمرسل إليه).
2. قل لعون البوسطة نحب نبعث 'Recommandé avec accusé de réception' (AR).
3. تعمر ورقة صغيرة تتبدل بالجواب.
4. خوذ 'Décharge' فيها الكود باش تتبع الجواب أونلاين.",native
task_oriented,الـ لوحة المفاتيح متاع البيسي يكتب في حروف غالطة، شنوة الحل؟,"المشكلة غالبا في لغة الكلافية (Language):
1. نزل على 'Alt + Shift' باش تبدل بين العربية، الفرنسية، والإنجليزية.
2. ثبت فماش لغة 'AZERTY' ولا 'QWERTY' محطوطة بالغالط في الـ 'Barre de langue'.
3. ثبت فماش قفلة 'وحلت' (بسبب وسخ ولا سكر صابب عليها).
4. جرب 'لوحة المفاتيح Visuel' (On-screen keyboard) باش تعرف المشكلة سوفت ولا هارد.",native
task_oriented,نحب نطلع ترخيص تجاري (باتيندة) لمحل تجاري صغير، شنوة نعمل؟,"لازم تمشي لـ 'مكتب مراقبة الأداءات' مرجع النظر:
1. نسخة من عقد كراء المحل (مسجل في القباضة).
2. نسخة من بطاقة التعريف.
3. تعمير مطبوعة التصريح بالوجود.
4. يحددولك النظام الجبائي (تقديري ولا حقيقي) ويعطيوك الرقم الجبائي في وقت قصير.",native
task_oriented,تلفوني يسخن برشا كي نلعب بابجي، ثمة خطر؟,"السخانة برشا تقصر في عمر البطارية. جرب:
1. نقص في الـ 'Luminosité' (سطوع الشاشة).
2. نحي الـ 'Etui' (الكاكوية) متاع التليفون باش يبرد فيسع.
3. ما تلعبش وأنت تشرجي في التليفون (أخطر حاجة).
4. نقص في الـ 'Graphismes' وسط اللعبة باش الموتور ما يتعبش.",native
task_oriented,كيفاش نقيد في مكتب التشغيل (وكالة التشغيل)؟,"باش تتمتع ببرامج التشغيل كيف 'CIVP':
1. ادخل لموقع 'emploi.nat.tn' واعمل كونت.
2. عمر الـ 'CV' متاعك وحط الشهادات التربصات.
3. تمشي لأقرب مكتب تشغيل ليك بالوثائق (نسخة مالشهادة وبطاقة التعريف) باش يفعلولك الكونت.
4. تنجم وقتها تلوج على عروض شغل وتقدم فيهم أونلاين.",native
task_oriented,نحب نمشي بالتريفاج (تقاسم السيارة) لسوسة، وين نلقى عباد؟,"ثمة مجموعات كبار في تونس لهذا الغرض:
1. ادخل لفيسبوك ولوج على 'تقاسم السيارة Tunisie' ولا 'تقاسم السيارة Sousse-Tunis'.
2. العباد يحطوا الوقت والبلاصة وقداش من كرسي فارغ.
3. تتفاهم مع الشوفير في الميسنجر ولا بالتلفون.
4. السوم يكون عادة مقارب لسوم اللواج، أما الكرهبة تكون أرتاح.",native
task_oriented,كيفاش نبدل العملة (Devise) في البنك؟,"في تونس الصرف مقنن، لازمك:
1. تمشي لأي بنكة ولا 'Bureau de change' مرخص له.
2. لازم تهز معاك باسبورك (Passport).
3. عندك الحق في 'تخصيص العملة للسياحة' سنوية (حوالي 6 آلاف دينار).
4. البنكة تطبعلك في الباسبور قداش صرفت وتعطيك 'Bordereau'.",native
task_oriented,كيفاش نريزرفي تذكرة تونسار (تونيزير) أونلاين؟,"العملية سهلة من موقعهم الرسمي:
1. ادخل لـ 'تونيزير.com' واختار مدينة الذهاب والوصول.
2. حدد التاريخ وعدد المسافرين وانزل على 'Rechercher'.
3. اختار الرحلة اللي تساعدك (سواء 'Espace' ولا 'Economique').
4. عمر معلوماتك الشخصية بدقة كيف ما موجودة في الباسبور.
5. خلص باستعمال كارت بنكير دولية ولا كارت تكنولوجية، توة يوصلك الـ 'Billet' على الإيميل.",native
task_oriented,التلفون ما عادش يحب يتصل بالـ بلوتوث في الكرهبة، شنوة الحل؟,"جرب الخطوات هاذي:
1. فسخ (Supprimer) اسم التلفون من لستة الكرهبة واسم الكرهبة من التلفون.
2. أعمل 'Redémarrage' للتلفون وطفي موتور الكرهبة وعاود شعلو.
3. عاود أعمل 'Appairage' من جديد وتأكد اللي التلفون 'Visible'.
4. ثبت فماش تحديث جديد للـ 'Système' متاع الكرهبة.",native
task_oriented,الماشينة نتاع الغسيل (غسالة) ما عادش تحب تخرج الماء، شنوة الحل؟,"غالبا فما حاجة سادة المخرج:
1. حل الفلتر (Filtre) الموجود من لوطة تالي ولا قدام، ونظفه من الخيوط ولا العملات المعدنية.
2. ثبت في الخيط اللي يخرج الماء (Tuyau d'évacuation) فماشي حاجة واهلة فيه ولا معوج.
3. تأكد اللي 'الطرمبة' (Pompe de vidange) تخدم وتخرج في صوت.
4. كان المشكل قعد، لازم 'Réparateur' يبدل الطرمبة.",native
task_oriented,نحب نعدي Visite Technique للكرهبة، شنوة نعمل؟,"لازمك تحجز موعد مسبقاً:
1. ادخل لموقع 'وكالة النقل البري.com.tn' (الوكالة الفنية للنقل البري).
2. اختار 'Prise de rendez-vous' وحط رقم الكرهبة ومعلوماتك.
3. خلص معلوم الفحص الفني أونلاين بالكارت بنكير.
4. اطبع الوصل وامشي في الموعد بالضبط لمركز الفحص اللي اخترته.
5. تأكد اللي كرهبتك نظيفة والأضواء والفران يخدموا مليح قبل ما تمشي.",native
task_oriented,كيفاش نسجل في منحة العائلات المعوزة؟,"لازمك تتصل بالوحدة المحلية للشؤون الاجتماعية:
1. تحضر ملف فيه مضمون ولادة لكل فرد من العائلة.
2. نسخة من بطاقة التعريف للأب والأم.
3. شهائد حضور للأبناء اللي يقراو.
4. شهادة في عدم الانخراط في الصناديق الاجتماعية (الصندوق الاجتماعي/صندوق معاشات الوظيفة العمومية).
5. البحث الاجتماعي هو اللي يقرر قبول المطلب حسب الحالة المادية.",native
task_oriented,نحب نشري اشتراك مترو وتران للخدمة، شنوة الأوراق؟,"الاشتراكات تطلع من شبابيك 'نقل تونس' ولا المحطات الكبرى:
1. نسخة من بطاقة التعريف.
2. تصويرة شمسية.
3. شهادة عمل ولا بطاقة طالب/تلميذ.
4. تعمير المطبوعة وتحديد الخطوط اللي تستعملها.
5. الاشتراك الشهري أرخص برشا من قصان التذاكر كل يوم.",native
task_oriented,نحب نبعث قضية Express لفرنسا، شكون أرخص؟,"عندك زوز خيارات أساسية:
1. 'Rapid-Poste' (البريد التونسي): أحسن سوم بالنسبة للوزن الخفيف ومضمون.
2. 'دي إيش إل' ولا 'فيديكس': أسرع برشا (يوصلوا في يومين) أما السوم غالي.
3. لازمك تعمر ورقة 'Douane' (الديوانة) وتكتب محتويات القضية بالضبط وقيمتها.
4. ثبت في الممنوعات (سوائل، مواد قابلة للاشتعال) باش ما تتعطلش في المطار.",native
task_oriented,كيفاش نبدل الـ Mot de passe متاع الجيمايل (جيميل)؟,"لحماية كونتك، اتبع هاذم:
1. ادخل للـ 'Paramètres' في تلفونك واختار 'Google'.
2. انزل على 'Gérer votre compte Google'.
3. ادخل لخانة 'Sécurité'.
4. لوج على 'Mot de passe' واضغط عليها.
5. يطلب منك المود باس القديم، وبعد دخل الجديد مرتين واعمل 'Enregistrer'.",native
task_oriented,نحب نطلع ترخيص تجاري متاع عمل حر (مطور برمجيات)، شنوة لازمني؟,"الأمر بسيط في تونس حالياً:
1. نسخة من بطاقة التعريف ونسخة من الشهادة العلمية.
2. عقد كراء للمحل ولا 'Attestation de domiciliation' (تنجم حتى في داركم).
3. تمشي لمكتب الأداءات وتعمر المطلب.
4. اختار نظام 'Auto-entrepreneur' كان مبيعاتك أقل من سقف معين، خاطر الأداءات فيه مخفضة وسهلة.",native
task_oriented,كيفاش نخلص ڤينييت (معلوم الجولان) للكرهبة؟,"الخلاص يكون في القباضة المالية (Recette des Finances):
1. لازم تهز معاك 'الـبطاقة الرمادية' (بطاقة ترقيم السيارة).
2. الخلاص يكون حسب 'الخيول' (Puissance fiscale) ونوع الوقود.
3. لازم تخلص قبل الآجال (للكراريه الخاصة عادة في شهر مارس) باش ما تخلصش خطية تأخير.
4. تأكد اللي ما عندكش خطايا رادار موش خالصة، خاطر ساعات يعطلوك.",native
task_oriented,كيفاش نطلع شهادة أصل تجاري (سجل تجاري)؟,"تطلع من 'السجل الوطني للمؤسسات' (RNE):
1. ادخل لموقع 'rne.tn' واعمل طلب أونلاين.
2. حط معرف الجبائي (Matricule Fiscale) متاع الشركة.
3. خلص المعلوم بالكارت بنكير (حوالي 10 لـ 20 دينار).
4. تنجم تحمل النسخة الرقمية (PDF) وتطبعها وتكون معترف بيها رسمياً.",native
task_oriented,كيفاش نسجل في منصة تيسير (تيسير) للقروض الصغيرة؟,"للحصول على تمويل لمشروع صغير:
1. ادخل لموقع 'taysirmicrofinance.tn' وعمر المطلب الأولي.
2. لازم يكون عندك فكرة مشروع واضحة ولا مشروع قائم.
3. يحضرو معاك ملف مالي ودراسة جدوى.
4. الميزة اللي هما يتابعوك (Accompagnement) موش فقط يعطيوك الفلوس.",native
task_oriented,نحب نعمل تأمين كرهبة، شنوة نختار؟,"في تونس عندك 3 أنواع عقود:
1. 'Responsabilité Civile' (Tiers): هو اللي يفرضه القانون، يخلص غيرك كي تعمل حادث (أرخص واحد).
2. 'Défense et Recours': يزيدك حماية قانونية وساعات 'Bris de glace' (بلور).
3. 'Tous Risques': يخلصك في كل شي حتى كي تغلط أنت (أغلى واحد).
4. ننصحك قارن بين 3 شركات (Star, GAT, Comar) واختار اللي قريبة ليك.",native
task_oriented,الـ Soundbar ما عادش تخرج في صوت مع التلفزة، شنوة المشكلة؟,"ثبت في الإعدادات هاذم:
1. شوف خيط الـ 'HDMI ARC' ولا الـ 'Optical' راكب مليح في زوز شيرات.
2. ادخل للـ 'Settings' متاع التلفزة واختار 'Audio Output' واختار 'External Speaker'.
3. ثبت اللي الصوت موش 'Mute' في الـ 'Soundbar' نفسها.
4. جرب كونكتي عليها بالتلفون عبر 'بلوتوث' باش تعرفها تخدم ولا لا.",native
task_oriented,نحب نطلع صك بريدي (دفتر الشيكات) من البوسطة، شنوة نعمل؟,"لازم يكون عندك حساب بريدي (CCP) جاري:
1. تمشي لأي مكتب بريد وتعمر مطبوعة طلب دفتر صكوك.
2. يثبتوا اللي عندك 'Mouvements' في حسابك.
3. الدفتر يحضر بعد أسبوعين ولا 3، ويوصلك جواب للدار يعلمك اللي هو حضر.
4. تمشي تهزه من المكتب اللي فتحت فيه الحساب ببطاقة التعريف.",native
task_oriented,الـ فأرة الحاسوب متاع الـ Laptop (Touchpad) ما عادش تحرك، كيفاش نرجعها؟,"ساعات تتسكر بالغالط:
1. ثبت في الكيبورد فماش قفلة فيها رسمة 'Touchpad' (غالباً تكون F5 ولا F9)، انزل عليها مع زر 'Fn'.
2. ادخل للـ 'Settings' > 'Devices' > 'Touchpad' وثبت اللي هي 'On'.
3. ساعات فما نقطة صغيرة في زاوية الـ Touchpad، انزل عليها مرتين ورا بعضهم توة تتحل.
4. جرب ركب 'فأرة الحاسوب USB' خارجية وشوفها تمشي ولا لا.",native
task_oriented,الـ راوتر يخرج في ريحة شياط (Brûlé)، شنوة نعمل؟,"خطر كبير، اتبع هاذم فوراً:
1. انزع الشارجور من 'Prise' الضوء فوراً.
2. نحي خيوط الأنترنات من الروتور.
3. ما عادش تعاود تشعلو جملة، خاطر ينجم يعمل حريق ولا يضرب خيوط التليفون.
4. هزه للمزود (Topnet, Orange, etc) توة يبدلوهولك كانه تحت الـ 'Garantie'، ولا اشري واحد جديد.",native
task_oriented,البيسي متاعي HP يخرج في صوت 3 دقات (Beeps) وما يحبش يتحل، شنوة معناها؟,"الأصوات هذي تسمى 'Beep Codes' وهي تشخيص للمشكل:
1. 3 دقات قصيرة غالباً تعني مشكلة في الذاكرة (RAM).
2. حل البيسي (كانك تعرف) ونحي باريت الـ RAM ونظف الأسنان الذهبية بـ 'Gomme' شايحة.
3. عاود ركبها مليح وجرب شعل.
4. كان قعد نفس الصوت، لازم تبدل الـ RAM ولا تهزو لتقني يثبت في 'اللوحة الأم'.",native
task_oriented,المكيف (كليمة) يقطر في الماء لداخل البيت، شنوة نعمل؟,"المشكلة في تصريف الماء (Évacuation):
1. جرب انفخ في الخيط اللي يخرج لبرا (Tuyau)، ساعات تبدا فما حشرة ولا غبرة سداتو.
2. ثبت اللي الخيط هابط لوطة موش معوج للفوق، خاطر الماء يرجع بالتوالي.
3. نحي الفلترات ونظفهم، ساعات الثلج يتكون ويذوب لداخل.
4. كان قعد يقطر، جيب تقني يثبت في 'Bac à condensats' فماشي فيه شق.",native
task_oriented,نحب نشري PS5 مستعملة، شنوة نثبت فيها قبل ما نخلص؟,"ثبت في الحاجات هذي باش ما يتغشش:
1. جرب حل لعبة 'Heavy' وشوف المروحة تخرجش صوت قوي (صوت طيارة).
2. ثبت في الـ 'Ports' (HDMI و USB) يخدموا ولا لا.
3. أهم حاجة: جرب تكنكتي بالـ 'PSN' باش تتأكد اللي الماكينة موش 'Banned'.
4. ثبت في الـ 'ذراع التحكم' (Joystick) فماش 'Drift' (تحرك وحدها).",native
task_oriented,كيفاش نحل باتيندة (ترخيص تجاري) لمحل حلاقة؟,"الوثائق المطلوبة لمحل مهني:
1. عقد كراء مسجل في القباضة.
2. نسخة من بطاقة التعريف.
3. شهادة كفاءة مهنية في الحلاقة (ساعات يطلبوها).
4. تمشي لمكتب مراقبة الأداءات وتعمر 'التصريح بالوجود' وتاخذ المعرف الجبائي متاعك.",native
task_oriented,الـ Machine à café (Capsule) تخرج في ماء بارد، شنوة نعمل؟,"المشكلة من الـ 'Résistance' ولا الكلكار:
1. أعمل عملية 'تنظيف الأسنان' باستعمال محلول خاص ولا شوية خل مع الماء.
2. ثبت في الإعدادات، ساعات تكون محطوطة على 'Mode froid' بالغالط.
3. كان قعدت باردة، معناها المقاومة (Résistance) تحرقت ولازم تتبدل عند 'Réparateur'.",native
task_oriented,نحب نطلع دفتر علاج (كارنيه العلاج) مجاني (الدفتر الأصفر)؟,"هذا مخصص للعائلات محدودة الدخل:
1. التوجه لمركز الشؤون الاجتماعية في معتمديتك.
2. تقديم نسخة من بطاقة التعريف وبحث اجتماعي يثبت الحالة المادية.
3. مضمون ولادة للأطفال.
4. بعد الموافقة، يعطيوك الدفتر باش تداوي بلاش في السبيطارات العمومية.",native
task_oriented,التلفون ما عادش يقرأ الشارجور إلا ما ندور الخيط، شنوة المشكلة؟,"المشكلة في الـ 'Connecteur de charge':
1. فما غبرة ولا وسخ داخل الثقبة، جرب نظفها بـ 'Cure-dent' لوج لوج بشوية.
2. الخيط متاعك مقطع من داخل (Faux contact)، جرب خيط آخر.
3. كان جربت خيط جديد وقعد نفس المشكل، لازم 'Technicien' يبدل قطعة الـ Connecteur.
4. رد بالك تزيد تنزل عليه بقوة خاطر تنجم تكسر 'اللوحة الأم'.",native
task_oriented,كيفاش نطلع رخصة نقل سياحي (Lagence de voyage)؟,"لازم تتعدى بوزارة السياحة:
1. تكوين شركة (شركة ذات مسؤولية محدودة ولا شركة شخص واحد).
2. تقديم مطلب للديوان الوطني للسياحة.
3. توفير مقر مطابق للمواصفات وكفالة بنكية (Caution).
4. لازم يكون عندك مدير فني عندو خبرة في الميدان السياحي.",native
task_oriented,الـ لوحة المفاتيح متاع الـ Laptop تصب عليه الماء، شنوة نعمل؟,"تحرك فيسع باش تنقذ البيسي:
1. قص الضو فوراً ونحي الشارجور والبطارية (كان تتنحى).
2. اقلب البيسي على شكل 'V' مقلوبة فوق منشفة باش الماء يخرج لبرا وما يوصلش للـ اللوحة الأم.
3. استعمل 'Sèche-cheveux' بهواء بارد (أبداً موش سخون).
4. خليه يشيح 24 ساعة على الأقل قبل ما تحاول تشعلو.",native
task_oriented,كيفاش نطلع وصل خلاص (وصل خلاص) فاتورة STEG قديمة؟,"تنجم تطلعها من الأجانس:
1. تمشي لأقرب فرع للشركة التونسية للكهرباء والغاز.
2. تعطيهم رقم الحريف (Référence) الموجود في أي فاتورة.
3. تطلب منهم 'نسخة ثانية' ولا كشف خلاص لآخر عام.
4. تنجم زادة تشوفهم من السيت متاعهم كانك مسجل في فضاء الحريف.",native
task_oriented,نحب نطلع بطاقة تاجر (Carte de commerçant)؟,"تطلع من 'غرفة التجارة والصناعة':
1. نسخة من الباتيندة (ترخيص تجاري).
2. نسخة من السجل التجاري (RNE).
3. مضمون من السجل الوطني للمؤسسات.
4. البطاقة هذي تعاونك برشا في التصدير والاستيراد والمشاركة في المعارض الدولية.",native
task_oriented,كيفاش نسجل في منحة الأبناء (Allocations Familiales)؟,"هذي تتبع الصناديق الاجتماعية (الصندوق الاجتماعي/صندوق معاشات الوظيفة العمومية):
1. تجيب مضمون ولادة لكل طفل.
2. تعمر مطبوعة في صندوق الضمان الاجتماعي اللي أنت منخرط فيه.
3. المنحة تتصبلك مع الشهرية ولا مباشرة في كونتك.
4. لازم كل عام تجيب 'شهادة حضور' مدرسية باش تقعد المنحة تمشي.",native
task_oriented,نحب نطلع تذكرة اشتراك (اشتراك) للملعب التونسي، منين؟,"الاشتراكات يتباعوا عادة في مقر النادي:
1. تمشي لبارك 'المركب الرياضي للهادي النيفر' بباردو.
2. تجيب نسخة من بطاقة التعريف وتصويرة.
3. تختار نوع الاشتراك (Gradins, Enceinte, Tribune).
4. الاشتراك يخليك تدخل للماتشوات اللي يتلعبوا في بلادك بلاش ما تقص تذكرة كل مرة.",native
task_oriented,الـ ثلاجة يدير في الثلج برشا (Givre)، عادي؟,"لو كان موش 'No Frost' عادي، أما لو كان 'No Frost' ثمة مشكلة:
1. ثبت في الجلدة (Joint) متاع الباب، كانها مقطوعة يدخل الهواء السخون ويعمل ثلج.
2. ما تحطش ماكلة سخونة برشا داخل الفريجيدار.
3. ثبت في 'Thermostat'، يمكن محطوط على درجة قوية برشا.
4. ذوب الثلج ونظف الفريجيدار وعاود شعلها وثبت في النتيجة.",native
task_oriented,نحب نمشي لـ مطماطة ونسكن في حوش لوطا (Troglodyte)، كيفاش نلقى؟,"مطماطة مشهورة بالديار المحفورة في الأرض:
1. لوج على 'Hôtel Sidi Driss' (وين صوروا Star Wars) ولا دور ضيافة (Maison d'hôte).
2. تنجم تلقى عايلات يكروا بيوت في ديارهم التقليدية في 'إيربانبي'.
3. اسأل في وسط البلاد، توة يدلوك على 'الديار اللوطانية' اللي مجهزة للسياح.
4. الجو غادي عالمي، سخونة في الشتاء وباردة في الصيف.",native
task_oriented,الـ بطارية خارجية ما حبتش تشرجي، شنوة نثبت؟,"جرب المراحل هذي:
1. بدل الكابل اللي تشرجي بيه الباور بانك (جرب كابل قصير وأصلي).
2. ثبت في الـ 'Prise' اللي داخلة فيها، جرب شارجور تليفون قوي (2A).
3. انزل على القفلة 'Reset' (كان موجودة) لمدة 10 ثواني.
4. كان اللمبات ما يشعلوش جملة، راهي البطاريات لداخل وفات مدة صلاحيتهم.",native
task_oriented,البيسي يخرج في Screen Tear (خطوط في الشاشة) كي نلعب، شنوة الحل؟,"هذي مشكلة تنسيق بين الكارت غرافيك والشاشة:
1. فعل خاصية 'V-Sync' في إعدادات اللعبة.
2. ثبت اللي 'معدل التحديث' متاع الشاشة (مثلاً 60Hz) هو بيدو في إعدادات الويندوز.
3. أعمل تحديث لـ 'Graphic Driver' (إنفيديا ولا AMD).
4. كان الخطوط تظهر حتى في المكتب، راهي الـ 'بطاقة الشاشة' بدات تتحرق.",native
task_oriented,كيفاش نطلع دفتر علاج (كارنيه العلاج) للطلبة؟,"الطلبة عندهم نظام خاص (المركز الجامعي للصحة):
1. نسخة من بطاقة التعيين ولا الترسيم الجامعي.
2. نسخة من بطاقة التعريف.
3. تمشي لمركز الطب الجامعي التابع لجامعتك.
4. الدفتر يخولك تداوي بلاش في مراكز الصحة الجامعية وبسوم رمزي في السبيطارات.",native
task_oriented,نحب نريزرفي Bateau من تونس لـ Marseille؟,"عندك زوز شركات (الشركة التونسية للملاحة ولا Corsica Linea):
1. ادخل للسيت 'الشركة التونسية للملاحة.com.tn' واختار الرحلة.
2. اختار نوع 'الكابينة' ولا 'كرسي' (Fauteuil) ومعلومات الكرهبة (الماركة والماتريكول).
3. خلص بالبطاقة البنكية واطبع الـ 'Billet'.
4. لازم تجي للميناء (حلق الوادي) 4 سوايع قبل خروج البابور للإجراءات الديوانية.",native
task_oriented,الـ Mouse اللاسلكية (Wireless) تتقطع وتتلبز، شنوة السبب؟,"جرب الحاجات هذي:
1. بدل 'الحجرات' (Piles) حتى لو كان الامبوبة شاعلة.
2. نحي الـ 'USB Receiver' وركبو في بور آخر (يفضل يكون بعيد على فلاشات الويفي).
3. استعمل 'لوحة الفأرة' نظيفة وشايحة.
4. ثبت فماش تليفون ولا روتور ويفي قريب برشا للماوس يشوش عليها.",native
task_oriented,نحب نطلع بطاقة سحب (بطاقة السحب) للصغار أقل من 18 سنة؟,"البوسطة توفر 'Carte 18/25' ولا 'Carte Jeune':
1. لازم الولي (الأب ولا الأم) يحضر ويوقع على المطلب.
2. نسخة من بطاقة تعريف الولي ومضمون ولادة القاصر.
3. البطاقة هذي تمكن الشاب باش يجبد فلوس المنحة ولا المصروف من الـ DAB.
4. فيها سقف سحب يومي محدد باش الولي يراقب المصاريف.",native
task_oriented,نحب نطلع باتيندة عمل حر لمصمم جرافيك، كيفاش؟,"تمشي لمكتب مراقبة الأداءات القريب ليك:
1. تجيب نسخة من بطاقة التعريف وشهادة علمية في الاختصاص.
2. عقد كراء مكتب ولا شهادة سكنى لو كان باش تخدم في دارك.
3. تعمر المطبوعة وتختار النشاط 'خدمات إعلامية' ولا 'تصميم'.
4. يعطيوك الباتيندة وتولي تنجم تخرج فواتير للشركات اللي تخدم معاهم.",native
task_oriented,البيسي يخرج في رسالة القرص الصلب سيفشل قريباً، شنوة نعمل؟,"هذا تحذير خطير جداً:
1. انقل كل ملفاتك المهمة وتصاورك لفلاش ديسك ولا هارد ديسك خارجي فوراً.
2. ما عادش تصب برامج جديدة ولا ملفات رزان.
3. هزو لفني يبدلك 'الديسك دور' قبل ما يسكّر جملة وتضيع معلوماتك.
4. أحسن حل تبدلو بـ 'اس اس دي' (قرص صلب سريع) باش يولي البيسي أسرع ببرشا.",native
task_oriented,نحب نطلع رخصة شاحنة نقل أموال، شنوة يلزمني؟,"هذي تطلع لشركات الحراسة المختصة:
1. الشاحنة لازم تكون مصفحة (Blindée) ومطابقة للمواصفات الدولية.
2. تجهيزها بنظام تتبع بالساتليت (نظام الموقع).
3. وجود طاقم أمني مسلح ومدرب.
4. موافقة من وزارة الداخلية بعد معاينة الشاحنة.",native
task_oriented,كيفاش نطلع شهادة الحياة (Certificat de vie)؟,"تطلع من البلدية:
1. حضور الشخص المعني بنفسو قدام عون الحالة المدنية.
2. الاستظهار ببطاقة التعريف الوطنية.
3. تخلص معلوم التنبر.
4. يطلبوها عادة صناديق التقاعد (صندوق معاشات الوظيفة العمومية/الصندوق الاجتماعي) باش يثبتوا اللي صاحب الجراية مازال حي.",native
task_oriented,كيفاش نطلع شهادة ملكية براءة اختراع؟,"تطلع من المعهد الوطني للمواصفات والملكية الصناعية (المعهد الوطني للملكية الصناعية):
1. تقديم ملف فيه شرح مفصل للاختراع والرسوم الفنية.
2. بحث للتأكد اللي الاختراع جديد وما عملوش حد قبلك.
3. خلاص معاليم التسجيل والحماية.
4. بعد الموافقة، تاخذ شهادة تحميك من التقليد لمدة معينة (عادة 20 سنة).",native
task_oriented,نحب نطلع رخصة طائرة بدون طيار (طائرة بدون طيار)؟,"في تونس، الرخص هذي صعيبة جداً ومقننة:
1. المطلب يتقدم لوزارة النقل (ديوان الطيران المدني).
2. تحديد الغرض (تصوير سينمائي، فلاحي، ولا علمي).
3. بحث أمني من وزارة الداخلية والدفاع.
4. في حالة الموافقة، تاخذ ترخيص محدد في المكان والزمان ولازم يكون معاك مرافق أمني في بعض الحالات.",native
task_oriented,كيفاش نطلع شهادة إيداع علامة تجارية (Logo)؟,"تطلع من المعهد الوطني للملكية الصناعية:
1. تقديم مطلب فيه صورة للعلامة والألوان المستعملة.
2. تحديد قائمة المنتجات ولا الخدمات اللي باش تستعمل معاهم العلامة.
3. خلاص معلوم الحماية لمدة 10 سنين (قابلة للتجديد).
4. الشهادة هذي تمنع أي منافس من استعمال نفس اللوغو متاعك.",native
task_oriented,كيفاش نطلع شهادة أعداد (Relevé de notes) ضاعتلي؟,"تطلبها من إدارة المعهد ولا الكلية:
1. تقديم مطلب في استخراج نسخة ثانية (نسخة ثانية).
2. ذكر السنة الدراسية والشعبة.
3. عون الأرشيف يثبت ويسلمك النسخة مطبوعة.
4. ساعات يطلبوك تخلص معلوم صغير ولا تجيب طابع جبائي.",native
task_oriented,كيفاش نطلع شهادة فحص فني (Visite Technique) للكرهبة؟,"تمشي لمركز الفحص الفني للسيارات:
1. تأخذ موعد أونلاين من موقع وكالة النقل البري.
2. تخلص المعاليم وتمشي في الموعد.
3. العون يثبت في الفرامل، الأضواء، العجلات، والغازات.
4. لو كان كل شيء مريڨل، يعطيك شهادة الفحص اللي تلصقها في البلور.",native
task_oriented,كيفاش نطلع شهادة انخراط في مكتب التشغيل (وكالة التشغيل)؟,"1. تمشي لأقرب مكتب تشغيل بعنوان سكنك.
2. تجيب نسخة من بطاقة التعريف والشهادة العلمية.
3. تعمر المطلب ويقيدوك في قاعدة البيانات.
4. يعطيوك بطاقة انخراط تخليك تتمتع بمنح (كيف منحة أمل) ولا تربصات (عقد التشغيل الأول).",native
task_oriented,كيفاش نطلع شهادة الملكية الفكرية لكتاب؟,"تطلع من المؤسسة الوطنية لحقوق المؤلف والحقوق المجاورة (ديوان الترويج السياحي):
1. إيداع نسخ من الكتاب (مخطوط ولا مطبوع).
2. تعمير مطبوعة التصريح بالعمل الأدبي.
3. خلاص معلوم الإيداع.
4. الشهادة هذي تضمن حقك في حالة الاقتباس ولا السرقة الأدبية.",native
task_oriented,كيفاش نطلع شهادة الصيانة لآلة طبية (Calibration)؟,"تطلع من مخابر معايرة معتمدة (كيف مخبر LCA):
1. الفني يقوم بقياسات دقيقة للتأكد اللي الآلة تعطي نتائج صحيحة (كيف ميزان ولا آلة ضغط).
2. مقارنة النتائج بالمعايير الدولية.
3. إلصاق علامة (ڤينييت) على الآلة فيها تاريخ المعايرة القادم.
4. الشهادة هذي يطلبوها في الاعتماد الصحي (Accréditation).",native
task_oriented,كيفاش نطلع شهادة الإعفاء من القيمة المضافة (الأداء على القيمة المضافة)؟,"تطلع من مكتب الأداءات (للمصدرين ولا المشاريع الكبرى):
1. تقديم مطلب يثبت اللي أنت تخدم في قطاع يتمتع بالإعفاء.
2. الشهادة هذي تخليك تشري السلع من غير ما تخلص الأداء على القيمة المضافة.
3. لازم تستعملها فقط في نطاق نشاطك المهني المذكور.
4. تجدد سنوياً بعد التثبت من فواتير الشراء والبيع.",native
task_oriented,كيفاش نطلع شهادة التقاعد (Brevet de pension)؟,"تطلع من صندوق التقاعد (صندوق معاشات الوظيفة العمومية/الصندوق الاجتماعي) بعد نهاية الخدمة:
1. صب ملف التقاعد قبل 3 شهور من السن القانونية.
2. الصندوق يثبت في كل سنوات العمل والمساهمات.
3. يسلمك شهادة فيها مبلغ الجراية الشهرية وتاريخ البدء.
4. الشهادة هذي تخليك تتمتع بتخفيضات في النقل والعلاج.",native
task_oriented,كيفاش نطلع شهادة كفاءة لسائق تاكسي؟,"تطلع من الوكالة الفنية للنقل البري (وكالة النقل البري):
1. النجاح في امتحان خاص (نظري وتطبيقي) لنقل الأشخاص.
2. شهادة طبية تثبت السلامة.
3. الحصول على 'البطاقة المهنية'.
4. الشهادة هذي هي اللي تخليه ينجم يخدم على تاكسي (سواء ملكو ولا ملاك آخر).",native
task_oriented,كيفاش نطلع شهادة الإعفاء من الأداء على القيمة المضافة لشراء كرهبة (للمعاقين)؟,"تطلع من وزارة الشؤون الاجتماعية ووزارة المالية:
1. ملف طبي يثبت نوع الإعاقة والحاجة لسيارة مهيأة.
2. بعد موافقة اللجنة، تاخذ شهادة إعفاء من الأداءات الديوانية و الأداء على القيمة المضافة.
3. الكرهبة لازم تكون باسم الشخص المعاق وممنوع بيعها لمدة معينة (عادة 5 سنين).",native
task_oriented,كيفاش نطلع شهادة الضمان الاجتماعي (Historique)؟,"تطلع من الصندوق الاجتماعي ولا عن طريق موقعهم الرسمي:
1. التسجيل في بوابة 'الحريف' برقم الانخراط.
2. تحميل كشف المساهمات (Relevé de carrière).
3. الورقة هذي فيها كل الشركات اللي خدمت فيها والمدد اللي تصب عليك فيها.
4. ضرورية لملفات التقاعد ولا القروض البنكية.",native
task_oriented,كيفاش نطلع شهادة الملكية الفنية لبرنامج إعلامي (Logiciel)؟,"تطلع من ديوان الترويج السياحي (حقوق المؤلف):
1. إيداع نسخة من 'الكود' (Source Code) وشرح للبرنامج.
2. تعمير مطبوعة التصريح بالعمل الرقمي.
3. خلاص المعاليم.
4. الشهادة هذي تحميك من القرصنة وتثبت ملكيتك للبرنامج في حالة النزاع.",native
task_oriented,كيفاش نطلع شهادة الإعفاء من الأداء على القيمة المضافة لمعدات فلاحية؟,"تطلع من المندوبية الجهوية للتنمية الفلاحية (CRDA):
1. تقديم فواتير تقديرية (Factures proforma) للمعدات المراد شراؤها.
2. إثبات صفتك كفلاح (شهادة فلاح).
3. المندوبية تعطيك شهادة إعفاء تقدمها للبائع باش ما تخلصش الأداء على القيمة المضافة.
4. تعاونك باش توفر برشا فلوس في شراء الجرارات والمحاريث.",native
task_oriented,كيفاش نطلع شهادة عدم انخراط في الصندوق الاجتماعي؟,"تطلع من أقرب مكتب للصندوق الوطني للضمان الاجتماعي:
1. نسخة من بطاقة التعريف الوطنية.
2. تقديم طلب في الغرض.
3. الصندوق يثبت في السيستيم ويعطيك شهادة اللي أنت ما عندكش رقم انخراط وماكش مسجل.
4. يطلبوها عادة في ملفات المنح ولا في بعض المناظرات.",native
task_oriented,كيفاش نطلع شهادة الإيداع لمطلب علامة تجارية دولية (WIPO)؟,"تطلع من المعهد الوطني للملكية الصناعية (كمكتب وسيط):
1. لازم تكون عندك علامة مسجلة في تونس أولاً.
2. تعمير مطلب التسجيل الدولي وتحديد البلدان المستهدفة.
3. خلاص المعاليم بالعملة الصعبة.
4. المنظمة العالمية للملكية الفكرية تبعثلك شهادة إيداع دولي تحميك في الخارج.",native
task_oriented,كيفاش نطلع شهادة عدم المديونية (Attestation de non-دين) للشركة؟,"تطلع من القباضة المالية و الصندوق الاجتماعي:
1. تثبت اللي الشركة مخلصة كل الأداءات والمساهمات الاجتماعية.
2. ضرورية للمشاركة في المناقصات العمومية (Appels d'offres).
3. تستخرج في وقت قصير لو كانت وضعية الشركة قانونية ومحينة.
4. تجدد عادة كل 3 ولا 6 شهور حسب الطلب.",native
task_oriented,نحب نطلع شهادة عدم شغل (Attestation de non-emploi)؟,"تطلع من مكتب التشغيل ولا البلدية (بتصريح على الشرف):
1. تقديم مطلب يؤكد اللي الشخص لا يمارس أي نشاط مهني قار.
2. يثبتوا في منظومة الصندوق الاجتماعي/صندوق معاشات الوظيفة العمومية اللي ما فماش صبان.
3. يطلبوها عادة لملفات 'القروض الاجتماعية' ولا للحصول على دفتر علاج مجاني.
4. لازم تكون محينة وما يفوتش عمرها 3 شهور.",native
task_oriented,نحب نطلع شهادة عدم ملكية سيارة، وين؟,"تطلع من الوكالة الفنية للنقل البري (وكالة النقل البري):
1. تقديم مطلب بالهوية ورقم بطاقة التعريف.
2. الوكالة تلوج في السيستيم وتعطيك شهادة اللي ما عندك حتى عربة مسجلة باسمك.
3. يطلبوها عادة في ملفات السكن الاجتماعي ولا المنح.
4. تخلص معلوم صغير مقابل الخدمة.",native
task_oriented,نحب نطلع شهادة إيداع براءة (حقوق مؤلف) لصورة فوتوغرافية؟,"تطلع من ديوان الترويج السياحي:
1. إيداع نسخة من الصورة (رقمية ولا مطبوعة عالية الجودة).
2. تعمير مطبوعة التصريح بالعمل الفني.
3. خلاص معاليم الإيداع القانوني.
4. الشهادة تثبت اللي أنت صاحب الصورة وتمنع أي جهة من استعمالها بلاش إذنك.",native
task_oriented,نحب نطلع شهادة الخبرة لمصمم غرافيك (مصمم جرافيك)؟,"تطلع من وكالة الاتصال ولا الشركة اللي خدمت فيها:
1. تذكر فيها البرامج اللي تتقنها (فوتوشوب, AI, etc).
2. ذكر المشاريع الكبيرة اللي ساهمت فيها.
3. تذكر مدة العمل والصفة المهنية.
4. الورقة هذي هي اللي تفتحلك بيبان الخدمة 'فريلانس' ولا في شركات كبرى.",native
task_oriented,نحب نطلع شهادة المطابقة لخوذة دراجة نارية (سماعة رأس)؟,"تطلع من مخابر المعهد الوطني للمواصفات (المعهد الوطني للملكية الصناعية):
1. المورد ولا المصنع يقدم عينات للاختبار (تحمل الصدمات).
2. لو كان تنجح، تاخذ شهادة مطابقة للمواصفة التونسية.
3. الشهادة هذي تخليك تنجم تبيع الخوذة في السوق قانونياً.
4. المواطن لازم يثبت في وجود ملصق المطابقة وقت الشراء.",native
task_oriented,نحب نطلع شهادة عدم استخلاص معلوم الجولان (للسيارات المعفاة)؟,"تطلع من القباضة المالية:
1. تخص السيارات التابعة للدولة ولا البعثات الدبلوماسية ولا ذوي الاحتياجات الخاصة.
2. الاستظهار بالوثائق اللي تثبت الإعفاء.
3. القباضة تسلمك شهادة (ڤينييت مجانية) ولا ورقة تثبت الإعفاء.
4. لازم تكون موجودة ديما مع أوراق الكرهبة وقت الدوريات.",native
task_oriented,كيفاش نطلع رخصة محل بيع معدات الطاقة الشمسية؟,"1. باتيندة بنشاط 'تجارة معدات طاقة متجددة'.
2. الالتزام ببيع لاقطات وبطاريات مطابقة للمواصفات الدولية.
3. تقديم ضمان فني وشهادة منشأ.
4. معاينة من الوكالة الوطنية للتحكم في الطاقة (وكالة التحكم في الطاقة) في بعض الحالات للمنح.",native
task_oriented,نحب نطلع شهادة الصلوحية لوسيلة نقل مواد غذائية سريعة التلف؟,"تطلع من المصالح البيطرية التابعة لوزارة الفلاحة:
1. معاينة الشاحنة (مبرد/ثلاجة).
2. التأكد من نظافة السطح الداخلي وعزله.
3. فحص آلة التبريد ومدى صلوحيتها.
4. الشهادة (Agrément) توضع عادة في البلور الأمامي للشاحنة.",native
task_oriented,نحب نطلع شهادة الخبرة لفني في تركيب أنظمة الطاقة الشمسية؟,"تطلع من الشركة المعتمدة من وكالة التحكم في الطاقة:
1. تذكر فيها اتقان تركيب اللاقطات والمحولات (Onduleurs).
2. ذكر الالتزام بمعايير السلامة والربط بالشبكة.
3. تذكر مدة العمل وعدد المشاريع المنجزة.
4. الشهادة هذي ضرورية للحصول على اعتماد شخصي مستقبلاً.",native
task_oriented,نحب نطلع شهادة إيداع لمطلب تعويض من الكنام (صندوق التأمين على المرض)؟,"تاخذها من شباك الكنام ولا عن طريق الوصل المطبوع (أونلاين):
1. بعد ما تصب 'الورقة الصفراء' (Bulletin de soins).
2. العون يعطيك وصل إيداع فيه رقم التسجيل وقيمة المبلغ التقديرية.
3. الوصل هذا هو اللي تتبع بيه تاريخ صب الفلوس في حسابك.
4. لازم تثبت في تاريخ الإيداع باش ما يفوتكش الأجل القانوني.",native
task_oriented,نحب نطلع شهادة إيداع لمطلب قرض سكني من صندوق فوبرولوس (صندوق الإسكان)؟,"تاخذها من شباك البنك الذي يمول القرض (عادة بنك الإسكان BH):
1. بعد تقديم الملف كامل (شهادة أجر، وعد بالبيع، الخ).
2. العون يسلمك وصل إيداع ملف فيه رقم المطلب.
3. الوصل هذا يثبت اللي ملفك قيد الدرس حسب الشروط الاجتماعية.
4. لازم تتابع النتيجة مع إدارة الموارد البشرية في شركتك.",native
everyday_conversation,عندك فكرة على وقت الطيارة؟,توة نثبت لك في السيت متاع تونيزير.,native
everyday_conversation,عندك خريطة متاع تونس العاصمة؟,عندي وحدة قديمة، أما الـ نظام الموقع أسهل توة.,native
student_life,كيفاش نجم نربح وقت في الـ ريفيرونسيو ن متاع الميموار؟,استعمل لوجيسیيلات كيما زوتيرو (زوتيرو) ولا مينديلي (منديلي). ينظمولك المراجع متاعك ويخرجولك الـ بيبليوغرافية بضغطة زر.,native
student_life,شنوة نعمل كي نلقى روحي في جروب ترافاي الكلهم فنيانين؟,حاول تقود الجروب (قيادة). حدد لـ ديلاينز لكل واحد. إذا ما فماش تجاوب، احكي مع الـ شارجي دو تي دي بوضوح.,native
student_life,كيفاش نجم ننظم الـ بيبليوغرافية متاع الـ ميموار من غير تضييع وقت؟,استعمل أوتيات كيما زوتيرو (زوتيرو). يسيفيلك لـ ليان ولـ تيكست بـ كليك واحدة وينظمهملك بـ ريفيرونس بروفيسيونال.,native
student_life,نحب ندبر بورس دو ميريت (منحة de mérite)، شنوة لـ كريتير؟,لازمك تكون من الـ لوريا (Lauréats) متاع الـ بروموسيون متاعك. المعدل لازم يكون عالي برشة وما عندكش دي راتراباج.,native
student_life,نحب نولي فريلانس وأنا طالب، شنوة لـ بلاتفورمات الباهيين؟,جرب (أبوورك) ولا (فيفر) ولا (Mostaql) للـ مارشي عرب. ابدا بـ دي تاش صغار باش تبني الـ ريبيوتاسيون متاعك.,native
student_life,نحب نحضر الـ ماستار في الـ داتا ساينس، شنوة لـ بري-روكي؟,لازمك نيفو باهي في الـ مات (ستاتيسيك) والـ بروقراماسيون (بايتون). ابدا تعلمهم من توة باش تبدا حاضر.,native
student_life,نحب نحضر الـ تويك (TOEIC) ولا الـ توفل (توفل)، منين نبدا؟,ابدا بـ دي تيست دو نيفو اونلاين. ركز على الـ لويستنينق والـ ريدينق. فما دي بلاتفورم كيما (GlobalExam) يعاونوا برشة.,native
student_life,كيفاش نجم نكون اجيل (المنهجية الرشيقة) في الـ خدمة متاعي؟,تعلم الـ ميتودولوجي (Scrum) ولا (Kanban). قسم خدمتك لـ 'سبرينتات' (Sprints) قصيرة وقيم تقدمك كل جمعة.,native
student_life,الـ ستاج تيلي-ترافاي (عمل عن بعد) باهي للطالب؟,باهي خاطر يوفر عليك الـ ترانسبور، أما لازمك ديسيبلين كبيرة. حاول تعمل 'ريونيون' كل نهار مع الـ أونكادران باش ما تحسش روحك معزول.,native
student_life,كيفاش نتعامل مع الـ بروف اللي يغيّب برشة وما يكملش الـ بروقرام؟,حاول تخدم وحدك بالـ مراجع اللي يعطيها. اطلب من الـ ديليغي يحكي مع الـ إدارة باش يلقاو حل ولا ساعات تعويضية (دور ثاني de cours).,native
student_life,نحب نخرج اراسموس (إيرازموس)، هل المعدل هو الـ كريتير الوحيد؟,لا، المعدل مهم أما زادة الـ ليتر دو موتيفاسيون، الـ نيفو دو لانغ، والنشاط في الـ كلوبات عندهم وزن كبير في الـ دوسي.,native
student_life,كيفاش نجم نحسن الـ نيفو متاعي في الـ ايتيك (IT) بلاش ما نصرف فلوس؟,يوتيوب هو الـ جامعة الكبيرة. فما زادة (كورسيرا) و(edX) يعطيو دي كورس بلاش إذا تطلب 'فنانشيال ايد' (Financial Aid).,native
student_life,شنوة أهمية الـ نتووركينق (شبكات) للطالب التونسي؟,في تونس الـ ريزو هو كل شيء. الـ معارف البروفيسيونال هوما اللي يفتحولك بيبان لـ ستاجات والـ خدم اللي ما تهبطش في الـ انونس.,native
student_life,الـ راتراباج (دور ثاني) عيب في الـ سي في؟,حتى حد ما يثبت في الـ رولفي دو نوط إذا كان الـ سي في متاعك معبي بـ لـ كومبيتانس والـ ستاجات. الـ مهم هو الـ ديبلوم في الأخر.,native
student_life,الـ كوفواتيراج (تقاسم السيارة) آمن للطلبة في تونس؟,آمن بـ شرط تستعمل لـ ابليكاسيون المعروفة وتثبت في الـ بروفيل متاع الـ شوفور والـ ريفيوات. ديما علم عايلتك بـ مسارك.,native
student_life,كيفاش نجم نحضر للـ كونكور دي فرّو (مناظرة)؟,الـ كونكور يحب الـ سرعة والـ دقة. اخدم دي 'كيو سي ام' (QCM) قديمة برشة وتعود على الـ قرافات والـ لوجيك. الـ وقت هو الـ عدو الأول.,native
student_life,شنوة الفرق بين الـ بروجي دو فان ديتود (PFE) والـ ميموار (مذكرة تخرج)؟,الـ PFE عادة يكون تطبيقي في شركة (ستاج). الـ ميموار تكون بحث أكاديمي نظري ولا تحليلي أكثر، خاصة في الـ ماستار روشيرش.,native
student_life,نحب نولي داتا اناليست (محلل بيانات)، شنوة لـ لوجيسیيلات اللازمة؟,لازمك تطير بالـ (Excel)، تعرف (SQL)، وتتعلم لغة برمجة كيما (بايتون) ولا (R). زادة أوتيات الـ 'فيزيوالايزيشن' كيما (Tableau) مهمة.,native
student_life,كيفاش نتعامل مع الـ بروقراستيناسيون (تأجيل)؟,طبق قاعدة الـ 5 دقائق: قول 'باش نخدم 5 دقائق وبرا'. عادة بعد ما تبدا، الـ 'اينيرسي' (Inertie) تتنحى وتكمل تخدم.,native
student_life,كيفاش نجم نراجع الـ كونتابيليتي (محاسبة) من غير ما نغلط في الـ بيلان؟,الـ كونتا هي ممارسة. اخدم برشة دي 'كا' (Cas) وتعود على الـ 'بلان كونتابل'. الـ توازن في الـ بيلان يجي بـ فهم الـ 'فلو' (Flux) مش بالـ زهر.,native
student_life,كيفاش نجم نلقى دي بورس دو روشيرش للـ دكتوراه لبرا؟,ثبت في سيت (كومبوس فرونس) ولا (DAAD) للـ ألمانيا. حضر بروجي روشيرش قوي ولوج على 'ديريكتور دو تيز' مهتم بـ موضوعك.,native
student_life,الـ سيمستر (فصل دراسي) الأول ديما أصعب؟,أصعب خاطر فيه الـ 'ادابتاسيون'. بمجرد ما تفهم الـ 'ريتم' متاع الـ فاك، الـ سيمستر الثاني تو يولي أسهل في الـ تنظيم.,native
student_life,الـ باك+3 (إجازة) تكفي باش ندبر خدمة باهية؟,تكفي في دومينات كيما الـ كوميرس والـ اعلامية. أما في اختصاصات أخرى، الـ ماستار هو اللي يعطيك الـ 'جراد' والـ صالير الـ باهي.,native
student_life,نحب نخدم في الـ كوميونيكاسيون، شنوة لـ سكيلز اللازمة؟,لازمك 'ريداکسيون' طيارة، تعرف تتعامل مع الـ ريزو سوسيو، وعندك حس ابداعي في الـ 'ستوريتيلينق' (فن الحكي).,native
student_life,كيفاش نجم نحضر الـ تويفل (توفل) بلاش ما نمشي لـ سونتر؟,استعمل يوتيوب (TSL) وقروبات الـ فايسبوك. فما دي 'مووك' (MOOC) بلاش يعطيوك دي تيست 'سيمولاسيون' حقيقيين.,native
student_life,الـ سيمستر (فصل دراسي) الـ أبيض (Blanc) وقتاش يصير؟,يصير كي تبدا فما اضرابات كبيرة ولا ظروف قاهرة تمنع الـ قراية. أما في العادة الجامعة تحاول ديما تلقى حلول باش ما يضيعش العام.,native
student_life,الـ سيرتيفيكاسيون (شهادة) في الـ لغات مهمة لـ خدمة في تونس؟,مهمة برشة للـ شركات الأجنبية والـ 'اوف-شور'. الـ (DELF) والـ (TOEIC) هوما الـ معيار اللي يقيموا بيه مستواك الحقيقي.,native
student_life,شنوة أهمية الـ سوفت وير الـ حر (مفتوح المصدر) للطلبة؟,يسمحلك تتعلم الـ 'انترن' متاع الـ برامج وتشارك في تطويرهم. الـ شركات تقدر برشة لـ كونتريبيوسيون في الـ (GitHub).,native
student_life,كيفاش نجم نلقى دي موديل متاع سي في (CV) بروفيسيونال؟,استعمل (كانفا) ولا (Overleaf) للـ جماعة اللي يحبوا الـ (لاتيكس). ابعد على لـ موديل الـ قدم متاع الـ 'وورد' اللي معبيين بالـ ألوان الزايدة.,native
student_life,كيفاش نجم نكون اجيل (المنهجية الرشيقة) في مراجعتي؟,قسم الـ مادة لـ 'سبرينتات'. كل يومين خلص شابتر واعمل 'ريفيو' سريع للي قريتو. الـ 'فيدباك'[ يخليك تصلح أغلاطك في الـ فهم.,native
student_life,شنوة أهمية الـ تيز (أطروحة دكتوراه) في الـ كاريار الـ مهني؟,في تونس الـ 'دكتور' عندو قيمة اعتبارية كبيرة. الـ تيز تخليك تولي خبير في سوجي معين وتفتحلك بيبان الـ استشارات والـ بحث التطويري.,native
student_life,الـ سيمستر (فصل دراسي) الـ رابع في الـ ماستار هو الـ أهم؟,هو الـ أهم خاطر فيه الـ ستاج والـ ميموار. هو الـ 'بون' (Pont) اللي باش يخرجك للـ عالم الـ مهني.,native
student_life,شنوة أهمية الـ اتيك (Ethics) في الـ بحث الـ علمي؟,الـ امانة الـ علمية هي كل شيء. ابعد على الـ 'بلاجيا' (سرقة علمية). ديما اذكر لـ سورس متاعك بـ أمانة باش خدمتك يكون عندها قيمة.,native
student_life,كيفاش نتعامل مع الـ ديتّ (دين) ولا الـ كريديه (Crédit) نهار الـ نجاح؟,حاول تخلصهم في الـ 'سيمستر' الجاي. ما تخليهمش يتكدسوا عليك للعام لخر خاطر الـ 'سترس' باش يولي 'دوبل'.,native
student_life,نحب نولي ديزاينر (Designer)، الـ تابليت قرافيك (Tablette graphique) لازمة؟,باهية للـ 'ديسان ديجيتال'، أما تنجم تبدا بالـ 'سوري' (فأرة الحاسوب) والـ 'لوجيسیيلات' كيما (إيلوستراتور) ولا (فوتوشوب) لين تتعلم لـ 'باز'.,native
student_life,شنوة نعمل لو كان نلقى الـ باك-اند (Back-end) أصعب من الـ فرونت-اند (Front-end)؟,عادي، كل واحد و الـ 'افينيتي' (Affinité) متاعو. الـ 'باك-اند' يحب برشة 'لوجيك' و 'داتا-بايس' (قاعدة بيانات). كمل ركز فيه تو تفهم لـ 'ميكانيزم'.,native
student_life,شنوة الفرق بين الـ ماستار (Master) والـ ماستير (ماجستير) في الـ بيزنس؟,الـ 'ماستار' هو شهادة وطنية. الـ 'ماستير' (ماجستير Spécialisé) هو شهادة تمنحها مدرسة كبرى وعادة يكون موجه للـ 'بروفيسيونال' وأغلى.,native
student_life,نحب نخدم في الـ داتا (Data)، الـ ستاتيسيك (Statistique) مهمة؟,هي الـ 'باز' (Base) متاع كل شيء. من غير 'ستات' ما تنجمش تفهم الـ 'موديل' (Models) متاع الـ 'ماشين ليرنينق' (تعلم آلي).,native
student_life,الـ راتراباج (دور ثاني) ينجم يخلي المويان تطلع برشة؟,ينجم، أما فيه 'ريسك' (Risque). لازمك تخدم دبل الـ 'ايفور' (Effort) باش تعوض لـ 'لاكون' (Lacunes) اللي كانوا عندك في الـ 'برانسيبال'.,native
student_life,شنوة الفرق بين الـ سوفت سكيلز (مهارات شخصية) والـ هارد سكيلز (مهارات تقنية)؟,"الـ 'هارد' هي الـ 'تكنيك' اللي قريتو (مثلا كودينق). الـ 'سوفت' هي الـ 'سوناليتيه' (Communication, قيادة). الزوز لازمين للـ 'ريوسيت'.",native
student_life,نحب نولي بروجكت ميناجر (Project Manager)، الـ سيرتيف (شهادة) لازمة؟,الـ 'سيرتيف' كيما (PMP) ولا (PRINCE2) تعطيك 'كريديبيلتيه' (Crédibilité) كبيرة في الـ 'مارشيه'. ابدا بـ 'باز' صحيحة وتو تطلع بـ شوية.,native
student_life,كيفاش نجم نكون اورقانيزيه (Organisé) في الـ روشيرش بيبليوغرافيك؟,استعمل (منديلي) ولا (زوتيرو). هاذم ينظمولك لـ 'بي-دي-اف' (PDF) ويخرجولك الـ 'بيبليوغرافيا' (Bibliographie) بـ 'فورما' (Format) عالمي.,native
student_life,الـ ماستار روشيرش (Master Recherche) يفتح بيبان الـ دكتوراه لبرا؟,أي، هو الـ 'باركور' الـ كلاسيك. لازم الـ 'تيز' (أطروحة دكتوراه) متاعك تكون 'اوريجينال' (Originale) وعندك 'نوتات' باهيين باش تدبر 'سكولارشيب' (Scholarship).,native
student_life,الـ سميستر الـ لخر في الـ انجنيورا هو الـ أصعب؟,هو الـ أكثر 'سترس' (ضغط نفسي) خاطر فيه الـ 'بي-اف-ولا' والـ 'روشيرش' دو ستاج. أما فيه الـ 'ادريلانين' (Adrénaline) متاع التخرج والـ 'في بروفيسيونال'.,native
student_life,نحب نولي سايبر-سيكوريتي اكسبر (Cyber-security Expert)، منين نبدا؟,ابدا بـ فهم الـ 'نتووركينق' (شبكات) والـ 'لينوكس' (لينوكس). تعلم لـ 'باز' متاع الـ 'هاكينق' الاخلاقي وشارك في دي 'سي-تي-اف' (CTF) باش تطور لـ سكيلز.,native
student_life,الـ مات (Maths) لازمة للـ ماركتينق (تسويق)؟,لازمة للـ 'داتا ماركتينق' والـ 'اناليتيكس'. من غير 'مات' و 'ستات'، ما تنجمش تحسب الـ 'رو-اي' (ROI) ولا تفهم الـ 'توندانس' متاع لـ كليان.,native
student_life,كيفاش نجم نكون افيكاس في الـ قروب-وورك (Group work)؟,حدد الـ 'رول' (Roles) متاع كل واحد من الأول. استعمل دي 'تولز' كيما (تريلو) ولا (Slack) باش الـ 'كوميونيكاسيون' تكون واضحة ومسجلة.,native
student_life,نحب نخدم في الـ يو-اكس ديزاين (UX Design)، شنوة لـ باز؟,الـ 'باز' هي الـ 'بسيكولوجي' متاع الـ 'يوزر' (User). تعلم كيفاش تعمل 'انترفيو'، 'بروتوتايبيينق' (Prototyping)، وتستعمل أوتيات كيما (فيغما).,native
student_life,الـ ريفيزيون بالـ صوت (Audio) تنفع؟,تنفع للـ عباد اللي عندهم 'ميموار اوديتيف' (مذكرة تخرج auditive). سجل الـ 'كورس' بـ صوتك واسمعوا وأنت في الـ ترانسبور. الـ تكرار يثبت المعلومة.,native
student_life,الـ بلاجيا (سرقة علمية) ينجم يطيح المويان للـ زيرو؟,ينجم يوصل للـ 'طرد' (Exclusion). الـ 'جامعات' توا عندها دي 'لوجيسیيل' (Turnitin) يفيقوا بـ كل شيء. ديما اعمل 'سيتايسيون' (Citation) لـ 'سورس' متاعك.,native
student_life,كيفاش نجم نكون برودكتيف في الـ بيبليوتيك؟,استعمل ميتود 'بومودورو' (تقنية بومودورو). 25 دقيقة خدمة و 5 دقائق بوز. الـ 'بوز' لازم تكون بعيدة على الـ 'اكرون' باش مخك 'يري-ستارتي' (Restart).,native
student_life,نحب نخدم في الـ ديفلوبمان موبيل، اندرويد ولا اي-ولا-اس؟,ابدا بالـ 'كروس-بلاتفورم' (Cross-platform) كيما (فلاتر) ولا (ريأكت Native). هكا تنجم تخدم الـ زوز بـ 'كود' واحد وتدبر 'مارشيه' أكبر.,native
student_life,الـ بورس (منحة) متاع تونس تكفي للـ مصروف؟,هي 'ايد' (Aide) بسيطة ما تكفيش للـ كل شيء. لازمك الـ 'جيستيون' (Gestion) والـ 'ايكونومي' في الـ مصروف، ولا تدبر 'بتي جوب' (Petit job).,native
student_life,كيفاش نتعامل مع الـ اناليز متاع الـ داتا الكبيرة في الـ ميموار؟,استعمل دي لوجيسیيل كيما (SPSS) ولا (بايتون/مكتبة باندا). الـ 'اتوماسيون' (Automation) تربحك برشة وقت وتخلي الـ 'ريزولتا' متاعك 'اكورات' (Accurate).,native
student_life,الـ سوتونانس (مناقشة) لازمة لكل ستاج؟,في الـ 'بي-اف-ولا' أكيد. في الـ ستاجات لخرين (انيتيايسيون، بيرفيكسيونمان) ساعات يكتفيوا بالـ 'رابور' ولا 'بريزونتاسيون' صغيرة قدام الـ بروف.,native
student_life,نحب نولي قرافيك ديزاينر (مصمم جرافيك)، الـ بورتفوليو (Portfolio) أهم من الـ شهادة؟,في الـ 'ديزاين'، الـ 'بورتفوليو' هو اللي يبيع خدمتك. الـ شهادة باهية، أما الـ 'روكرتور' يحب يشوف الـ 'كرياتيفيتي' والـ 'ستايل' متاعك.,native
opinions_recommendations,شنوة نختار باش نقرا، هندسة برمجيات ولا أمن سيبراني؟,الاختيار بين هندسة البرمجيات (Software Engineering) والأمن السيبراني (أمن المعلومات) يعتمد بالأساس على ميولاتك الشخصية والأهداف المهنية متاعك. هندسة البرمجيات تركز أكثر على بناء وتطوير التطبيقات والأنظمة من الصفر، وهي مناسبة للي يحبوا الابتكار والبرمجة المستمرة. من ناحية أخرى، الأمن السيبراني يركز على حماية الأنظمة واكتشاف الثغرات، ويتطلب روح تحليلية عالية وقدرة على التعامل مع الأزمات. الزوز مجالات مطلوبين برشة في سوق الشغل في تونس وفي الخارج، أما هندسة البرمجيات توفر فرص عمل أكثر تنوعاً في بداياتك، بينما الأمن السيبراني يتطلب تخصص دقيق وشهادات مهنية معينة باش تتقدم فيه.,native
opinions_recommendations,شنوة أحسن لغة برمجة نبدا بيها، بايثون ولا جافا؟,بايثون (بايتون) تتسمى أحسن لغة للمبتدئين خاطر كتابتها سهلة وقريبة للغة الإنجليزية، وتستعمل برشة في الذكاء الاصطناعي وتحليل البيانات. جافا (Java) أصعب شوية في التعلم وتتطلب فهم عميق للقواعد البرمجية، أما هي أساسية في بناء تطبيقات الأندرويد والأنظمة الكبيرة في البنوك والشركات الضخمة. إذا تحب نتيجة سريعة وتدخل لمجال البيانات، ابدا ببايثون. أما إذا تحب تبني قاعدة صحيحة في البرمجة وتفهم كيفاش السيستيم يخدم من داخل، جافا هي مدرسة ممتازة رغم صعوبتها في البداية.,native
opinions_recommendations,شنوة الفرق بين خدمة الفريلانس والخدمة القارة في شركة؟,خدمة 'الفريلانس' (عمل حر) تعطيك حرية كاملة في تنظيم وقتك واختيار المشاريع اللي تحب تخدمها، ومدخولك ينجم يكون عالي برشة، أما فيها عدم استقرار مالي ولازمك تخلص تغطيتك الاجتماعية وحدك. الخدمة القارة توفرلك شهرية مضمونة كل شهر، تأمين صحي، ومنح، وتخليك تخدم وسط فريق وتتعلم منهم، أما فيها روتين والتزام بساعات عمل معينة. الاختيار يعتمد على شخصيتك؛ إذا كنت تحب المخاطرة والحرية، الفريلانس ليك. إذا كنت تلوج على الأمان المادي والاستقرار، الخدمة القارة خير.,native
opinions_recommendations,أما خير نمشي للجم (جيم) ولا نترينى في الدار؟,الترينينغ في 'الجم' يوفرلك ماكينات متنوعة، جو يشجع على الخدمة، وإمكانية إنك تترينى مع مدرب يصلحلك حركاتك، أما يتطلب وقت للتنقل ومعاليم اشتراك. الترينينغ في الدار يوفرلك الوقت والفلوس، وتنجم تترينى في أي وقت يساعدك، أما يلزمه انضباط حديدي ومساحة كافية ومعدات بسيطة على الأقل. إذا كنت من النوع اللي يتقلق من الحس والناس، الدار خيار باهي. أما إذا كنت تحب تشعل الحماس في روحك وتستعمل ماتريال برو، 'الجم' لا يعلى عليه.,native
opinions_recommendations,شنوة رايك في العمل عن بعد (عمل عن بعد) في تونس؟,العمل عن بعد عنده برشة إيجابيات، أهمها ربح الوقت اللي كان يضيع في المواصلات، ونقص المصاريف اليومية، والقدرة على الخدمة مع شركات عالمية وأنت في دارك. لكن، من السلبيات نلقاو العزلة الاجتماعية، وصعوبة الفصل بين وقت الخدمة ووقت الراحة، ومشاكل تقنية كيف قصان الأنترنت. في تونس، التجربة تنجح برشة للناس اللي عندهم انضباط ذاتي وفضاء هادئ في الدار. هو مستقبل الخدمة في مجالات التكنولوجيا، أما يتطلب بنية تحتية رقمية مستقرة باش يكون فعال 100%.,native
opinions_recommendations,تنصحني نشري تلفزة سمارت ولا تلفزة عادية ونركبلها بوكس؟,التلفزة 'السمارت' (تلفزيون ذكي) سهلة في الاستعمال، كل شيء مدمج فيها وتتحكم بجهاز واحد، وشكلها يكون أنيق، أما مشكلتها إنو السيستيم متاعها ينجم يولي رزين بعد أعوام. التلفزة العادية مع 'بوكس أندرويد' (Android Box) تعطيك حرية أكبر، تنجم تبدل البوكس وقت ما تحب وتثبت أي تطبيق، وعادة يكون أداء البوكس أقوى من سيستيم التلفزة نفسه. إذا تلوج على البساطة، خوذ سمارت. إذا تحب أداء قوي وإمكانية تطوير في المستقبل بأقل تكاليف، التلفزة العادية مع بوكس هي الخيار الأذكى.,native
opinions_recommendations,تنصحني بـ كورس مدفوع ولا فيديوهات يوتيوب بلاش؟,الفيديوهات المجانية على يوتيوب كنز للمعلومات وتغطي تقريباً كل شيء، وهي ممتازة للاستكشاف والتعلم الأولي، أما تنجم تكون مشتتة وما تتبعش منهج واضح. الكورس المدفوع (على منصات كيف يوديمي ولا كورسيرا) يوفرلك هيكلة تعليمية، تطبيق عملي، شهادة في اللخر، وغالباً يكون فما تواصل مع الأستاذ. إذا كانت ميزانيتك محدودة وتحب تجرب، اليوتيوب يكفي. أما إذا كنت جدي وتحب تتعلم مهارة مهنية بطريقة منظمة وبشهادة، الكورس المدفوع يستحق الاستثمار.,native
opinions_recommendations,تنصحني بـ العمل الحر ولا نفتح مشروع خاص (شركة ناشئة)؟,العمل الحر (عمل حر) هو إنك تبيع مهاراتك ووقتك، مخاطرته أقل وما يستحقش راس مال كبير، والربح فيه مباشر ليك. حلان 'ستارتاب' يعني إنك تبني نظام ولا منتج ينجم يخدم ويجيب فلوس حتى وأنت راقد، طموحه أكبر وينجم يكبر برشة، أما المخاطرة عالية جداً وتتطلب تسيير فريق ومصاريف كبيرة. إذا تحب الاستقلال والخدمة بيدك، الفريلانس أحسن. إذا عندك فكرة ثورية وتحب تبني مؤسسة كبيرة وتغير السوق، الستارتاب هي الثنية، أما حضر روحك للتعب.,native
opinions_recommendations,تنصحني بـ مكيف (كليمة) ولا مروحة في الصيف؟,المكيف يوفر راحة حقيقية ويبرد البيت بصفة فعالة حتى في السخانة القوية، أما يستهلك برشة ضوء وينجم يمرض إذا خرجت من السخون للبارد فجأة. المروحة أرخص ببرشة، استهلاكها للضوء ضعيف، وأرفق بالصحة، أما كي تبدا السخانة فوق الـ 40 درجة تولي تدور في الهواء السخون وما تبردش. إذا ميزانيتك تسمح وتحب نومة مرتاحة، المكيف لازم، أما استعمله بعقلانية (24-25 درجة). المروحة تبقى حل باهي للأيام اللي فيها نسمة شوية ولا للميزانيات المحدودة.,native
opinions_recommendations,شنوة أحسن رياضة تنصح بيها لحرق الدهون؟,أحسن رياضة هي اللي تنجم تواصل فيها بانتظام. علمياً، الرياضات اللي تخدم القلب (تمارين القلب) كيف الجري، البسكليت، والسباحة تحرق برشة سعرات حرارية في وقت قصير. أما 'المسكولاسيون' (تدريبات القوة) مهمة زادة خاطرها تزيد الكتلة العضلية اللي تخلي بدنك يحرق دهون حتى وأنت مرتاح. الحل الأفضل هو الجمع بين الكارديو (مرتين في الجمعة) وتمارين القوة (3 مرات). وما تنساش إنو الماكلة هي 70% من النتيجة؛ الرياضة وحدها بلا نظام غذائي متوازن ما تعطيش مفعول كبير.,native
opinions_recommendations,آما خير الدراسة في المعاهد التحضيرية (Prépa) ولا الإجازة (إجازة)؟,المعاهد التحضيرية (Prépa) هي ثنية التعب والخدمة المحرثة، تحضرك لمناظرة وطنية صعيبة باش تولي مهندس، وهي أحسن مسار للي يحبوا التميز الأكاديمي والخدمة المضمونة. الإجازة (إجازة) مسار أقصر وأقل ضغط، يعطيك شهادة في 3 سنين ويسمحلك تدخل لسوق الشغل بسرعة ولا تعمل ماجستير، أما الآفاق المهنية تنجم تكون أقل بريقاً من الهندسة في البداية. إذا عندك قدرة على الصبر والخدمة القوية، البريبا خير. إذا تحب تخصص مهني مباشر وتبني خبرتك أسرع، الإجازة هي الخيار.,native
opinions_recommendations,شنوة الفرق بين الماستير المهني والماستير البحثي؟,الماستير المهني (ماجستير Professionnel) موجه مباشرة لسوق الشغل، يركز على التطبيق والتربصات في الشركات، وهدفه يخليك جاهز للخدمة بعد التخرج. الماستير البحثي (ماجستير de Recherche) يركز على النظريات والبحث العلمي، وهو الثنية الوحيدة اللي تخليك تكمل 'دكتوراه' وتولي أستاذ جامعي ولا باحث. إذا تحب تدخل تخدم في أقرب وقت، خوذ مهني. إذا عندك غرام بالعلم والتعمق الأكاديمي وتحب تواصل لبعيد، البحثي هو الخيار الصحيح.,native
opinions_recommendations,تنصحني نقرا لغات ولا محاسبة (محاسبة)؟,المحاسبة ميزتها إنها مطلوبة في كل الشركات، من الصغرى للكبرى، وتضمنلك استقرار مهني ومسار واضح. اللغات تفتحلك آفاق عالمية، تنجم تخدم في الترجمة، التعليم، ولا في مراكز النداء العالمية بأسعار باهية. إذا تحب الأرقام والتنظيم والخدمة المكتبية، المحاسبة خير. وإذا كنت تحب التواصل، السفر، والانفتاح على الثقافات، اللغات تعطيك آفاق أوسع خاصة الإنجليزية والألمانية.,native
opinions_recommendations,آما خير، الواحد يشري ساعة ذكية (ساعة ذكية) ولا ساعة كلاسيك؟,الساعة الذكية توفرلك متابعة للصحة، الإشعارات، والرياضة، وهي أداة عملية برشة للحياة اليومية السريعة، أما يزمك تشحنها كل يوم وتتجاوزها التكنولوجيا بعد أعوام. الساعة الكلاسيك هي قطعة فنية، تعيش العمر، ما تطلبش شحن، وتعتي هيبة وجمالية للمظهر. إذا كنت رياضي وتحب التكنولوجيا، الـ ساعة ذكية ليك. وإذا كنت تحب الأناقة الدائمة وحاجة تورثها، الساعة الكلاسيك لا يعلى عليها.,native
opinions_recommendations,شنوة الفرق بين القرض السكني والإيجار المالي (تمويل بالكراء)؟,القرض السكني من البنك يمكنك من شراء دار وتملكها من الأول مع خلاص أقساط على مدة طويلة (تصل لـ 25 سنة)، والفائدة تكون مرتبطة بالـ TMM. الليزينغ (تمويل بالكراء) يستعمل أكثر للسيارات والمعدات المهنية، حيث تقعد الحاجة ملك الشركة حتى تخلص آخر قسط، ومدته أقصر وإجراءاته أسرع أما الفائدة فيه أعلى. للسكنى، القرض البنكي هو الحل التقليدي. وللمشاريع والسيارات، الليزينغ يوفر سرعة في التمويل.,native
opinions_recommendations,تنصحني بـ الاستثمار في الذهب ولا في العملات الرقمية؟,الذهب هو الملاذ الآمن التاريخي، قيمته ما تطيحش برشة وقت الأزمات وهو استثمار للمدى الطويل والادخار المضمون. العملات الرقمية (عملة رقمية) فيها إمكانية ربح سريعة وخيالية، أما المخاطرة فيها عالية جداً وتنجم تخسر فلوسك الكل في نهار. الذهب للناس اللي تحب تخبي فلوسها وتضمن قيمتها للمستقبل. الكريبتو للناس اللي تحب المخاطرة وتفهم في التكنولوجيا والتحليل المالي اليومي. ديما ينصح بتنويع الاستثمار وما تحطش كل شيء في بلاصة وحدة.,native
opinions_recommendations,تنصحني بـ العمل الحر (عمل حر) ولا وظيفة في شركة؟,الفريلانس يعتيك حرية كاملة في وقتك ونوعية المشاريع ومدخولك ينجم يكون عالي، أما فيه عدم استقرار مالي وما فما تأمين صحي مضمون. الوظيفة في شركة توفر استقرار، شهرية قارة، تأمين، وتعامل مع فريق، أما فيها روتين والتزام بساعات عمل معينة. إذا كنت تحب المغامرة وتعرف تجيب حرفاء، الفريلانس ممتاز. وإذا تلوج على الأمان المادي وبناء مسار مهني مستقر، الشركة هي الحل الأضمن.,native
opinions_recommendations,شنوة رايك في التبرع بالدم بصفة دورية؟,التبرع بالدم حركة إنسانية تنقذ أرواح ناس، ومن الناحية الصحية هو باهي للمتبرع خاطر ينشط نخاع العظام لإنتاج خلايا دم جديدة ويقلل نسبة الحديد الزايد. المهم ديما ثبت إنك في حالة صحية باهية وما عندكش فقر دم (فقر الدم). هو فعل نبيل يعود بالنفع على المجتمع وعليك، وينصح بيه مرتين في العام للرجال ومرة للنساء لو الظروف الصحية تسمح.,native
opinions_recommendations,تنصحني بـ شراء كرهبة بالايجار المالي (تمويل بالكراء)؟,الليزينغ (تمويل بالكراء) ممتاز للشركات وأصحاب المهن الحرة (طبيب، مهندس، محامي) خاطر فيه امتيازات جبائية وإجراءاته أسرع من البنك. للأفراد، تنجم تكون الفائدة فيه طالعة شوية والكرهبة ما تولي ملكك كان في لخر. إذا كنت صاحب مشروع وتحب تنقص من الأداءات، الليزينغ أحسن حل. وإذا كنت موظف عادي، القرض البنكي التقليدي ينجم يكون أرخص في التكلفة الجملية.,native
opinions_recommendations,تنصحني بـ الماكلة النباتي (نباتي)؟,الماكلة النباتي عنده فوائد صحية كبيرة كيف نقص الكوليسترول وتحسين الهضم وصديق للبيئة، أما يتطلب ثقافة غذائية كبيرة باش ما يصيرلكش نقص في البروتين وفيتامين B12. في تونس، النظام الغذائي التقليدي (خضرة، بقول، زيت زيتونة) قريب شوية للنباتي. إذا تحب تجربه، ابدا بشوية (يوم في الجمعة مثلاً) وثبت في توازن أطباقك. هو خيار أخلاقي وصحي ممتاز لو كان مدروس وممنهج.,native
opinions_recommendations,شنوة رايك في الدراسة عبر الأنترنت (دورات إلكترونية)؟,الدراسة عبر الأنترنت (منصات كيف كورسيرا وUdemy) ثورة حقيقية؛ تعطيك الفرصة تتعلم من أحسن جامعات العالم وأنت في بيتك، وبأسعار معقولة. العيب هو إنها تتطلب انضباط ذاتي قوي برشة خاطر ما فما حد يتبع وراك. هي ممتازة لتطوير مهاراتك التقنية والمهنية (برمجة، لغات، ديزاين). النصيحة هي إنك تختار 'كورسات' بشهادات معترف بيها وتخصص وقت يومي قار باش تنجح.,native
opinions_recommendations,شنوة الفرق بين الماجستير والدكتوراه؟,الماجستير (ماجستير) هو تخصص أعمق بعد الإجازة يدوم عامين ويحضرك يا للخدمة (مهني) يا للبحث (بحثي). الدكتوراه (Doctorat) هي أعلى درجة علمية تتطلب بحث أصيل يدوم 3 سنين ولا أكثر، وهدفها تخريج باحثين وأساتذة جامعيين. الماجستير للتمكن من المجال ودخول سوق الشغل بقوة. الدكتوراه للمساهمة في العلم والتدريس العالي. الاختيار يعتمد على مدى صبرك وغرامك بالبحث الأكاديمي.,native
opinions_recommendations,تنصحني بـ اليوجا (يوغا) للراحة النفسية؟,اليوجا ممارسة رائعة تجمع بين حركة البدن والتحكم في النفس (Respiration) والتأمل. تعاون برشة في تنقيص الستريس، تحسين المرونة، وتقوية التركيز. مش لازم تكون 'مرن' باش تبدا، فما تمارين للمبتدئين. 20 دقيقة يوجا في النهار تنجم تغيرلك مزاجك للاحسن. هي مش سحر، أما هي أداة قوية للصحة العقلية والبدنية لو داومت عليها في مكان هادي.,native
opinions_recommendations,تنصحني بـ تعلم المونتاج (مونتاج)؟,"المونتاج مهارة مطلوبة برشة توه مع انتشار اليوتيوب والتيك توك وصناعة المحتوى. تنجم تخدم بيها فريلانس مع قنوات، شركات، ولا صانعي محتوى. تبدا ببرامج سهلة (كابكات) وتتدرج لبرامج احترافية (Premiere, DaVinci). هي مهارة تجمع بين التقنية والفن والقصص (فن الحكي). إذا عندك وسع بال وتحب الإبداع البصري، المونتاج مهنة المستقبل اللي تنجم تخدمها من دارك.",native
opinions_recommendations,شنوة الفرق بين الفريلانسر وصاحب شركة ناشئة (شركة ناشئة Founder)؟,الفريلانسر يبيع وقته ومهارته لشخص آخر، هدفه استقلال مادي وحرية وقت، والمشروع ينتهي بانتهاء الخدمة. صاحب الستارتاب يبني 'سيستيم' ولا منتج يقبل النمو (Scalability)، هدفه بناء مؤسسة كبيرة وحل مشكلة في السوق، والمخاطرة والمسؤولية عنده أكبر بياسر. الفريلانس أمان أكثر وربح سريع. الستارتاب تعب ومخاطرة، أما لو نجحت، التأثير والربح يكونوا خياليين.,native
opinions_recommendations,آما خير، الواحد يسكن في نُزل ولا يكري برطمان في السفر؟,النزل (Hôtel) يوفر راحة تامة، فطور حاضر، تنظيف يومي، وأمان عالي، وهو أحسن للرحلات القصيرة ولا لو كنت وحدك. كراء برطمان (إيربانبي) يعتيك خصوصية، مطبخ طيب فيه وتوفر فلوس الماكلة، ومساحة أكبر للعائلة، ويخليك تعيش كيف 'ابن البلاد'. للعائلات الكبيرة والسفر الطويل، البرطمان أذكى. للرفاهية والراحة والخدمة السريعة، النزل لا يعلى عليه.,native
opinions_recommendations,تنصحني بـ الاشتراك في جم (جيم) غالي ولا متوسط؟,الجم الغالي يوفر تجهيزات أحدث، نظافة أحسن، خدمات (دوش، ساونا)، وجو يشجع أكثر، وممكن تأطير أفضل. الجم المتوسط (الشعبي) يوفر الأساسيات، يكون أقرب للدار، وأرخص بياسر. المهم مش في 'اللوكس' متاع القاعة، المهم في 'الانضباط' متاعك والماتريال اللي موجود يفي بالغرض ولا. إذا ميزانيتك تسمح والخدمات الزايدة تعاونك باش تمشي بانتظام، استثمر في الغالي. إذا تحب الحديد والفائدة بركة، المتوسط يقضي الحاجة.,native
opinions_recommendations,شنوة رايك في الماكلة بزربة (أكل سريع)؟,الماكلة بزربة حل عملي كي تبدا مزروب ولا تحب تبدل الجو، بنين ويشبع بسرعة. أما من الناحية الصحية، هو غني بالدهون المتحولة، الملح، والسكر، وكثرته تسبب السمنة ومشاكل القلب. النصيحة هي إنك تخليه 'استثناء' مرة في الجمعة ولا في الفال، وحاول تختار خيارات صحية شوية (كيف المشوي ولا السلاطات). ماكلة الدار ديما أنظف، أصح، وأرخص.,native
opinions_recommendations,تنصحني بـ استخدام الملحوظات الورقية ولا التطبيقات (Notes)؟,الملحوظات الورقية تعاون على التذكر أحسن، فيها لمسة شخصية، وما تطلبش شحن ولا أنترنت. التطبيقات (كيف نوشن ولا Google Keep) توفر تنظيم خيالي، بحث سريع، مزامنة بين التليفون واللابتوب، وتعيش للأبد. النصيحة: الورق للأفكار السريعة والتخطيط اليومي (To-do list). التطبيقات لتخزين المعلومات والمشاريع الطويلة. استعمل اللي يخليك أكثر إنتاجية.,native
opinions_recommendations,تنصحني بـ استخدام المايكرويف (مايكرو ويف) يومياً؟,المايكرويف أداة سحرية لربح الوقت في تسخين الماكلة وتذويب المجمد، وهو آمن لو استعملته بالقواعد الصحيحة: استعمل أواني بلور ولا سيراميك مخصصة له، وابعد تماماً على البلاستيك والألمنيوم. من الناحية الغذائية، هو ما يغيرش في قيمة الماكلة أكثر من الطرق الأخرى. هو حل ممتاز للموظفين والناس اللي وقتها ضيق، المهم النظافة واستعمال الأواني الصحيحة.,native
opinions_recommendations,تنصحني بـ العمل في ستارتاب (شركة ناشئة) ولا في شركة كبيرة (Multinationale)؟,الستارتاب تعلمك كل شيء في وقت قصير، فيها مسؤولية كبيرة، وجو شبابي وحركي، أما فيها ضغط وعدم استقرار مالي ساعات. الشركة الكبيرة توفرلك نظام منظم، اسم قوي في السي في، استقرار مادي، وامتيازات (تذاكر أكل، تأمين)، أما الخدمة فيها تنجم تكون روتينية. إذا كنت في بداية مسارك وتحب تتعلم بسرعة وتجرب برشة حاجات، الستارتاب خير. وإذا تلوج على الأمان وبناء كاريير مستقر ومنظم، الشركة الكبيرة أفضل.,native
opinions_recommendations,تنصحني بـ تعلم لغة البرمجة بايثون (بايتون) كأول لغة؟,بايثون هي أحسن لغة تبدا بيها خاطر كتابتها (Syntax) قريبة للغة الإنجليزية وسهلة الفهم. تخليك تصنع حاجات بسرعة وتدخل لعالم الذكاء الاصطناعي وتحليل البيانات. هي لغة 'متعددة الاستعمالات' ومطلوبة برشة في سوق الشغل. تعلمها يعطيك ثقة في روحك ويخليك تتعلم لغات أخرى أصعب بعدين بسهولة. هي الخيار رقم 1 للمبتدئين في 2026.,native
opinions_recommendations,تنصحني بـ تعلم لغة جافاسكريبت ولا Java؟,جافا سكريبت (جافاسكريبت) هي لغة الويب، لو تحب تصنع مواقع وتطبيقات تفاعلية وتدخل لسوق الشغل بسرعة، هي الخيار الأول. جافا (Java) لغة قوية جداً تستعمل في أنظمة البنوك، تطبيقات الأندرويد الضخمة، والشركات الكبرى، وتتطلب انضباط برمجي عالي. ابدا بجافا سكريبت لو تحب تشوف نتائج فورية وتخدم فريلانس. واقرا جافا لو تحب تبني قواعد برمجية صلبة وتخدم في مؤسسات كبرى.,native
opinions_recommendations,تنصحني بـ الاستثمار في ستارت-أب (شركة ناشئة) تونسية؟,الاستثمار في الستارتاب فيه مخاطرة عالية (High Risk) أما فيه إمكانية ربح خيالية لو المشروع نجح. تونس توه فيها قانون 'شركة ناشئة Act' اللي يشجع برشة. لازمك تدرس 'الفريق' (The Team) قبل الفكرة، وتشوف هل المنتج يحل مشكلة حقيقية ولا. ما تحطش فلوسك الكل في مشروع واحد؛ نوع استثماراتك وادخل في مشاريع أنت تفهم في مجالها.,native
opinions_recommendations,تنصحني بـ شراء طائرة درون (طائرة بدون طيار) للتصوير؟,الدرون تعتيك زوايا تصوير خيالية ومحتوى احترافي يطير طيران، أما في تونس لازمك 'رخصة' رسمية ومعقدة شوية باش تستعملها قانونياً. إذا أنت مصور محترف ولا صانع محتوى وباش تخدم بيها، استثمر فيها وطلع أوراقك. إذا كان للهواية بركة، ثبت في القوانين باش ما ترصيليكش في مشاكل ومصادرة للدرون. هي أداة رائعة أما يلزمها مسؤولية.,native
opinions_recommendations,تنصحني بـ العمل الحر (عمل حر) ولا وظيفة قارة في تونس؟,الفريلانس يعطيك حرية في الوقت، تخدم مع حرفاء من العالم الكل، وتخلص بالعملة الصعبة ساعات، أما فيه عدم استقرار ومرات تقعد شهر من غير خدمة. الوظيفة القارة تعطيك 'تغطية اجتماعية' (الصندوق الاجتماعي)، شهرية مضمونة كل شهر، وقرض من البنك لو احتجت، أما فيها روتين وتقيد بالوقت. إذا أنت مغامر ومتمكن من صنعتك، الفريلانس أحسن. وإذا تلوج على الأمان وراحة البال، الوظيفة أضمن.,native
opinions_recommendations,تنصحني بـ تعلم لغة البرمجة Go (غولانغ)؟,لغة Go اللي عملتها جوجل هي لغة 'نظيفة' وبسيطة وسريعة جداً، ومطلوبة برشة في بناء الـ (Backend) والـ (الحوسبة السحابية). تعلمها يخليك متميز في سوق الشغل خاطر المبرمجين اللي يتقنوها مش برشة ومطلوبين في الشركات الكبيرة. هي لغة المستقبل للبنية التحتية للأنترنت. إذا تحب حاجة حديثة وقوية ومطلوبة لبرا، توكل على الله وتعلمها.,native
opinions_recommendations,آما خير، الواحد يشري آيفون (آيفون) ولا سامسونغ (Samsung)؟,الآيفون ملك 'السيستيم' (iOS)، ساهل، سريع، وقيمته تقعد فيه، والكاميرا متاعه هي المرجع في الفيديو. السامسونغ (خاصة فئة S) تعطيك أحسن شاشات في العالم، حرية كبيرة في النظام (Android)، وكاميرا 'زووم' خيالية. إذا تحب البساطة والبرستيج والآمان، خوذ آيفون. وإذا تحب التكنولوجيا القوية، الشاشات المزيانة والحرية، السامسونغ تتفوق.,native
opinions_recommendations,تنصحني بـ ممارسة رياضة اليوغا (يوغا)؟,اليوغا مش جوست حركات، هي دواء للستريس وبناء مرونة للجسم وصفاء للذهن. تعاونك برشة لو خدمتك فيها قلق ولا قعدة طويلة وراء المكتب. تحسن النفس وتخليك تتحكم في أعصابك. ابدا بحصص مبتدئين وشوف كيفاش بدنك وتفكيرك يتبدلو. هي استثمار في صحتك النفسية والجسدية اللي تظهر نتائجه بسرعة.,native
opinions_recommendations,تنصحني بـ شراء دراقة كهربائية (Trottinette Électrique) للتنقل؟,في مدن كيف تونس الكبرى، هي حل عبقري للهروب من الزحمة ومشاكل الكيران والتاكسيات، واقتصادية ببرشة. أما مشكلتها هي 'حالة الكياسات' المحفرة اللي تنجم تكسرها وتعملك حوادث، ولازمك بلاصة آمنة تشحنها فيها. إذا طريقك للخدمة سمح ومسافات قصيرة، هي أحسن استثمار للوقت. رد بالك بركة من الكراهب والبس خوذتك (سماعة رأس).,native
opinions_recommendations,شنوة رايك في نظام الكيتو (حمية الكيتو)؟,الكيتو فعال جداً لنقص الوزن بسرعة خاطر يخلي البدن يحرق الدهون كمصدر طاقة، وينحي الإحساس بالجوع. أما هو نظام 'قاسٍ' يتطلب انضباط كبير ويمنع السكريات والغلال بصفة شبه كاملة، وينجم يقلق الكلاوي ولا يعمل تعب في البداية. لازم تعمله تحت استشارة طبيب ولا خبير تغذية، وما ينصحش بيه كنمط حياة دايم، بل لفترة محددة باش 'تفرمت' بدنك.,native
opinions_recommendations,تنصحني بـ الاشتراك في قاعة رياضة (جيم) ولا نجري في الشارع؟,القاعة توفرلك ماكينات متنوعة، جو يشجع، ومدرب يوجهك، وهي أحسن لبناء العضلات والانتظام في الشتاء. الجري في الشارع (الباركور) بلاش فلوس، فيه هواء نظيف، وحرية مطلقة، وأحسن لحرق الدهون والراحة النفسية. إذا تلوج على 'الفورمة' والعضلات، الصالة خير. وإذا تحب تتخلص من الستريس وتتمتع بالطبيعة بأقل تكلفة، الكياس يستنى فيك.,native
opinions_recommendations,آما خير، الواحد يشري ساعة ذكية (ساعة ذكية) ولا ساعة كلاسيك؟,الساعة الذكية تعطيك خدمات كيف مراقبة الصحة، الإشعارات، والرياضة، وهي أداة تكنولوجية تعاونك في يومك، أما لازمها شحن يومي وتتسمى 'قطعة إلكترونية' تموت بعد سنوات. الساعة الكلاسيك هي 'أناقة' ما تموتش، تعيش معاك العمر كله، وتتسمى استثمار (خاصة الماركات المعروفة). إذا تلوج على الرفاهية والتكنولوجيا، الذكية خير. وإذا تلوج على البرستيج وحاجة تعيش، الكلاسيك لا يعلى عليها.,native
opinions_recommendations,شنوة رايك في نظام الصيام المتقطع (صيام متقطع)؟,هو من أحسن الطرق لتحسين الصحة وتنظيم الماكلة مش بس لنقص الوزن. الصيام المتقطع (كيف نظام 16/8) يعطي راحة للجهاز الهضمي، يعدل السكر في الدم، ويزيد في التركيز. ساهل في التطبيق خاطر ما يحرمكش من أنواع الماكلة، فقط ينظم الوقت. المهم في وقت الفطر تاكل ماكلة صحية وتبعد على المقلي والحلويات باش تشوف نتائج بالرسمي.,native
opinions_recommendations,آما خير، الواحد يقرى الطب في تونس ولا في رومانيا؟,الطب في تونس مستواه عالمي، والتدريب الميداني في السبيطارات متاعنا يخرج 'صنايعية' بالحق، والشهادة مطلوبة برشة لبرا (خاصة ألمانيا وفرنسا)، أما المناظرة (مناظرة) صعيبة برشة. رومانيا أسهل في الدخول وتوفرلك تعليم أوروبي، أما تتكلف برشة فلوس والتدريب المطبقي ساعات يكون أقل حدة من تونس. إذا كنت متفوق، اقرا في بلادك بلاش واضمن مستوى توب. وإذا ما خطفتش وميزانيتك تسمح، رومانيا حل بديل.,native
opinions_recommendations,تنصحني بـ تعلم المونتاج على التليفون (كابكات)؟,"كابكات توه ولى أداة جبارة لصناع المحتوى (تيكتوك, Reels). ساهل برشة، فيه تأثيرات جاهزة خرافية، وينجزلك فيديو احترافي في دقائق. إذا هدفك فيديوهات قصيرة وسريعة، كاب كات يكفي ويوفي. أما لو تحب تخدم أفلام ولا إشهارات مطولة، لازمك تتعلم برامج الكمبيوتر. للبداية وللسوشيال ميديا، هو أحسن برنامج موجود حالياً.",native
opinions_recommendations,شنوة الفرق بين التداول (تداول) والاستثمار طويل الأمد؟,التداول هو بيع وشراء في وقت قصير (ساعات ولا أيام) لربح فروقات الأسعار، ويتطلب تركيز عالي، أعصاب حديد، ومخاطرة كبيرة. الاستثمار هو تشري أسهم ولا عملات وتخليها لسنوات (Hold)، وهو أضمن وأقل ستريس ويعتمد على نمو السوق. التداول 'خدمة' يومية. الاستثمار 'تخبية' فلوس للمستقبل. للمبتدئين، الاستثمار ديما أضمن وأنجح.,native
opinions_recommendations,شنوة رايك في استخدام القلاية الهوائية (قلاية هوائية)؟,هي ثورة في الكوجينة! تخليك تاكل 'مقلي' بنسبة زيت أقل بـ 80%، يعني صحة أحسن ونقص في الكوليسترول. زادة تربحك الوقت وما تخليش ريحة القلي في الدار، وسهلة في التنظيف. رغم إن طعم البطاطا يفرق شوية على المقلي في الزيت الغارق، أما الفوائد الصحية والراحة تخليها قطعة أساسية في كل دار تونسية توه.,native
opinions_recommendations,تنصحني بـ الاستثمار في العملات الرقمية (عملة رقمية)؟,"الكريبتو فيه إمكانية ربح سريعة وخيالية، أما هو أخطر أنواع الاستثمار خاطر الأسعار تطلع وتهبط في لحظة. النصيحة: ما تحط كان الفلوس اللي 'مستعد تخسرها' وما تستحقهاش في حياتك اليومية. ابدا بالعملات القوية (BTC, ETH) وابعد على العملات الوهمية. تعلم 'التحليل الفني' وما تتبعش كلام الناس في السوشيال ميديا من غير تثبت. هو سوق للمستقبل أما يحب ركازة.",native
opinions_recommendations,آما خير، الواحد يقرى هندسة إلكترونيك ولا ميكانيك؟,الإلكترونيك هي مخ التكنولوجيا الحديثة؛ من التليفونات للسيارات الذكية، وآفاقها واسعة في الأنظمة المدمجة (أنظمة مدمجة). الميكانيك هي أساس الصناعة، المحركات، والمنشآت الكبرى، وهي مهنة 'صلبة' ومطلوبة في كل المعامل. إذا تحب 'النانو' تكنولوجي والذكاء الاصطناعي، الإلكترونيك ليك. وإذا تحب الماكينات الكبيرة، التصنيع، والقوة الميكانيكية، الميكانيك أضمن.,native
opinions_recommendations,آما خير، الواحد يقرى تمريض ولا تبنيج (تخدير)؟,التمريض فيه تواصل إنساني كبير، آفاق الشغل فيه 'لا تحصى' في تونس ولبرا (خاصة ألمانيا)، وتتعلم فيه كل شيء. التبنيج تخصص تقني أكثر، فيه مسؤولية كبيرة في بيت العمليات، وشهرية التقني في التبنيج عادة تكون أعلى، أما الضغط النفسي فيه قوي. إذا تحب التنوع والفرص الكثيرة، التمريض. وإذا تحب الدقة والعمل في قلب العمليات، التبنيج تخصص راقي.,native
opinions_recommendations,شنوة رايك في السفر وحدك (سفر منفرد)؟,تجربة تبدلك حياتك! تخليك تكتشف روحك، تعتمد على نفسك، وتكون حر في قراراتك 100% (تاكل وين تحب وتخرج وقت تحب). صحيح فيها لحظات 'وحدة' ومسؤولية أكبر في التأمين، أما تخليك تقابل عباد جدد وتخرج من 'الكونفورت زون' متاعك. جربها ولو مرة في العمر، هي أحسن مدرسة لتقوية الشخصية.,native
opinions_recommendations,آما خير، الواحد يستثمر في بيتكوين (بيتكوين) ولا يشري نحل ويبدأ مشروع عسل؟,البيتكوين استثمار 'رقمي' عالي المخاطر، تنجم تربح برشة في ليلة ولا تخسر، وما يتطلبش منك مجهود بدني. النحل استثمار 'حي' وفيه بركة، يتطلب غرام وصبر ووقفة ميدانية، أما يعطيك منتوج ملموس (عسل، حبوب لقاح) وسوقه ديما ماشي في تونس. إذا تلوج على الربح السريع ومستعد للمخاطرة، الكريبتو ليك. وإذا تحب حاجة مستقرة، صحية، وصديقة للبيئة، النحل هو 'الذهب السائل'.,native
opinions_recommendations,تنصحني بـ تعلم صناعة الفخار كـ هواية علاجية (علاج نفسي)؟,صناعة الفخار (Poterie) من أحسن الحاجات اللي تفرغ الستريس والطاقة السلبية. لمس الطين وتشكيله بيديك يخليك تنفصل على العالم الرقمي وترجع للطبيعة. هي هواية تعلمك الصبر والدقة، وفي لخر تخرج بحاجة مزيانة صنعتها بيديك لدارك. برشة عباد بدلوها من جوست هواية لمشروع صغير ناجح. أنصحك بيها بقوة لو تحب 'تفرمت' مخك.,native
opinions_recommendations,تنصحني بـ شراء لابتوب كروم بوك (Chromebook)؟,"الكروم بوك ممتاز لو كانت خدمتك 90% منها على الأنترنت (إيميلات، كتابة، تصفح، يوتيوب)، خاطر برتريته تشد برشة، خفيف، وسومه رخيص. أما لو حاجتك ببرامج ثقيلة (فوتوشوب, Premiere, Office كامل)، الكروم بوك مش ليك خاطر يخدم بـ ChromeOS. هو حل مثالي للطلبة في الثانوي ولا للناس اللي تحب جهاز بسيط وسريع للقراية والأنترنت.",native
opinions_recommendations,آما خير، الواحد يقرى الذكاء الاصطناعي (AI) ولا الأمن السيبراني (أمن المعلومات)؟,الذكاء الاصطناعي هو 'مخ' المستقبل، يعلمك كيفاش تصنع برامج تفكر وتتوقع، وآفاقه خيالية في الابتكار. الأمن السيبراني هو 'درع' المستقبل، يحمي الشركات والدول من الاختراقات، وهو تخصص 'مقدس' ومطلوب برشة وخلاصه عالي جداً. إذا تحب الابتكار وصناعة الجديد، الـ AI ليك. وإذا تحب التحدي، الحماية، وحل الألغاز الأمنية، الـ أمن المعلومات أضمن في الخدمة.,native
opinions_recommendations,شنوة الفرق بين التخييم (تخييم) في الغابة ولا على البحر؟,التخييم في الغابة (كيف عين دراهم) فيه هدوء، ريحة الشجر، وجو 'المرمة' والحطب، وممتاز في الخريف والربيع. التخييم على البحر (كيف الهوارية ولا كاب نيقرو) فيه متعة العومان، منظر الغروب، والهواء المالح، وهو سيد الصيف. الغابة تطلب حذر من الحشرات والبرد. البحر يطلب حذر من السخانة والشمس. الزوز تجارب يفرغوا الستريس ويرجعوك للطبيعة.,native
opinions_recommendations,تنصحني بـ الاشتراك في تطبيقات الأغاني (سبوتيفاي/Anghami)؟,نعم، هي استثمار صغير يغيرلك تجربة السماع. تعطيك جودة صوت عالية (HD)، تنحي الإشهارات اللي تقلق، وتخليك تسمع أغانيك 'أوفلاين' من غير أنترنت. زادة تعاونك تكتشف فنانين جدد حسب ذوقك بذكاء. إذا كنت مغروم بالموسيقى وتسمع برشة في النهار، الاشتراك الـ Premium يربحك الوقت ويعطيك راحة وذوق رفيع.,native
opinions_recommendations,آما خير، الواحد يقرى إحصاء (Statistiques) ولا تسويق (تسويق)؟,الإحصاء هو لغة العصر (علم البيانات)، مطلوب في كل بلاصة من البنوك لمراكز البحث، وخلاصه عالمي لو دمجته مع البرمجة. التسويق فيه برشة إبداع، تواصل، وفهم لسلوك المستهلك، وآفاقه في الشركات الخاصة كبيرة. إذا كنت 'راجل أرقام' وتحب الدقة، الإحصاء يطير طيران. وإذا كنت تحب الإقناع، الأفكار الجديدة، والجو الحركي، التسويق يواتيك أكثر.,native
opinions_recommendations,تنصحني بـ شراء ساعة ذكية (ساعة ذكية)؟,هي ممتازة لو كنت رياضي وتحب تتبع دقات قلبك وحرق السعرات، ولا لو كنت ديما في اجتماعات وما تحبش تجبد تليفونك كل دقيقة. تعاونك زادة تنظم نومك وتفكرك بشرب الماء. أما لو باش تستعملها كان للوقت، تولي 'خسارة فلوس' وتزيد تشتت انتباهك بالإشعارات. هي أداة مساعدة قوية للإنتاجية والصحة، مش جوست اكسسوار.,native
opinions_recommendations,آما خير، الواحد يشري تلفزة (تلفزيون ذكي) ولا فيديو بروجيكتور (Projector)؟,التلفزة تعطيك صورة واضحة، ألوان حية، وتخدم في الضوء عادي، وسهلة في الاستعمال اليومي للأخبار والمسلسلات. البروجيكتور يعطيك 'جو السينما' في الدار بمساحة توصل لـ 100 بوصة، أما يحب بيت مظلمة وصيانته (الامبوبة) تنجم تكون غالية. للفرجة اليومية، التلفزة خير. للسهريات الكبيرة والماتشوات مع الصحاب، البروجيكتور جوه عالمي.,native
opinions_recommendations,شنوة رايك في نظام الغذائي (صيام متقطع)؟,الصيام المتقطع هو أكثر نظام 'منطقي' وناجح. مش ريجيم حرمان، أما هو تنظيم للوقت (تاكل في 8 ساعات وتصوم 16). يعاون البدن باش يحرق الشحم المخزن، يريح الجهاز الهضمي، ويحسن التركيز. الساهل فيه إنك تنجم تاكل ماكلة الدار العادية بانتظام. أنصحك بيه كنمط حياة مش كان باش تضعف، أما باش بدنك 'يتنفس' ويرتاح.,native
opinions_recommendations,تنصحني بـ الاشتراك في قاعة رياضة (جيم) ولا ترينينغ في الشارع؟,الـ جيم يعطيك 'انضباط' ومكينات متنوعة وجو يحمسك كي تشوف العباد تترينى، وزادة فما مدرب ينصحك. الترينينغ في الشارع (Street Workout) يعطيك حرية، هواء نظيف، وبلاش فلوس، ويقوي العضلات بوزن البدن. إذا تلوج على بناء عضلات ضخمة، الـ جيم أحسن. وإذا تلوج على الرشاقة، القوة الطبيعية، والحرية، الشارع والبارك أحسن.,native
opinions_recommendations,تنصحني بـ تعلم لغة البرمجة Go (غولانغ) في تونس؟,Go هي لغة Google، تمتاز بالبساطة والسرعة الخارقة في التعامل مع 'السيرفرات' والأنظمة الكبيرة. في تونس بدات الشركات الكبرى والـ Startups تطلبها برشة خاطرها 'نظيفة' وسهلة في الصيانة. تعلمها يخليك متميز على الجماعة اللي يعرفوا كان Java ولا PHP، ويعطيك فرصة تخدم في مشاريع Cloud عالمية بشهرية ممتازة. هي لغة 'المهندسين' اللي يلوجوا على الكفاءة.,native
opinions_recommendations,آما خير، الواحد يقرى تغذية (تغذية) ولا تقني مخبر؟,التغذية تخصص 'مودرن' ومطلوب برشة مع وعي الناس بالصحة، تنجم تحل عيادة خاصة ولا تخدم في سبيطارات ونوادي رياضية. تقني المخبر خدمة 'مستقرة' ومعروفة، تخدم في مخابر التحاليل الطبية والبحث العلمي، وفيها جانب تقني وتطبيقي كبير. إذا تحب التواصل مع العباد وتنصحهم وتبدلهم حياتهم، التغذية أحسن. وإذا تحب جو المخابر، الدقة، والخدمة 'وراء الكواليس'، تقني مخبر أضمن.,native
opinions_recommendations,شنوة رايك في مشروع مطعم أكل صحي (أكل صحي)؟,مشروع في وقته! برشة خدامة وطلبة فدوا من الملاوي والمقلي ولوجوا على حاجة نظيفة، صحية، ومحسوبة السعرات. النجاح يعتمد على 'البنة' (خاطر الصحي مش لازم يكون ماسط) وعلى التقديم المزيان والتوصيل السريع. إذا تخدم على 'المنيو' بذكاء وتوفر خيارات للـ Keto ولا النباتيين، باش تعمل كليونات أوفياء يمشولك كل نهار.,native
opinions_recommendations,آما خير، الواحد يقرى تصميم غرافيك (Graphic Design) ولا مونتاج فيديو؟,"الغرافيك هو أساس كل شيء (Logos, بناء العلامة التجارية, Social Media)، خدمته ديما موجودة وسهلة كفريلانس. المونتاج (مونتاج) مطلوب برشة توه مع عصر اليوتيوب والتيك توك والإشهارات، وخلاصه عادة يكون أغلى خاطر فيه تعب أكثر. إذا عينك 'فنية' وتحب الألوان والتنسيق، الغرافيك ليك. وإذا تحب تحكي قصص بالصوت والصورة وتحب 'التركيب'، المونتاج هو المستقبل.",native
opinions_recommendations,"تنصحني بـ الاشتراك في منصات التعليم (كورسيرا, يوديمي)؟",أحسن استثمار تعملوا في روحك. بمبلغ صغير (ساعات ثمن قهوة) تاخذ دورة من عند خبراء عالميين ولا جامعات كبرى وتتحصل على شهادة تدعم بيها الـ CV متاعك. الميزة إنك تقرى على ذوقك وفي وقتك. إذا كنت 'عطشان' علم وتحب تطور مهاراتك من غير ما تخرج من دارك، المنصات هاذي هي 'الجامعة الجديدة' اللي لازمك تدخللها.,native
opinions_recommendations,تنصحني بـ تعلم لغة البرمجة كوتلن لتطبيقات الأندرويد؟,كوتلن هي اللغة الرسمية والمدعومة بقوة من Google لتطوير تطبيقات الأندرويد توه. هي أحسن ببرشة من Java؛ أسرع، آمنة، وتكتب بيها كود أقل. تعلمها يخليك مبرمج 'مطلوب' في الشركات التكنولوجية اللي تحب تعمل تطبيقات عصرية وسريعة. إذا هدفك تخدم في شركات كبرى ولا تعمل تطبيقك الخاص، كوتلن هي الخيار رقم واحد للأندرويد.,native
opinions_recommendations,تنصحني بـ شراء درون (طائرة بدون طيار) للتصوير؟,التصوير بالدرون يعطيك زوايا خيالية (Cinematic) ويبدل نظرتك لأي بلاصة، وهو 'ترند' مطلوب برشة في عراسات تونس وإشهارات السياحة. العيب الوحيد هو 'القوانين' الصعبة في تونس بخصوص التراخيص، لازمك تثبت مليح قبل ما تطير في أي بلاصة. إذا كنت محترف تصوير، هي إضافة قوية لخدمتك. وإذا للهواية، خوذ نوع صغير (Mini) باش ما تقلقش روحك برشة بالمشاكل الإدارية.,native
opinions_recommendations,آما خير، الواحد يقرى هندسة طبية (Génie Biomédical) ولا صيدلة؟,"الهندسة الطبية تجمع بين الإلكترونيك والطب، تخدم على تصنيع وصيانة الماكينات (Scanner, رنين مغناطيسي)، وآفاقها كبيرة في الشركات العالمية. الصيدلة تخصص طبي بامتياز، يركز على الأدوية، التحاليل، والتركيبات، وتنجم تحل حانوتك الخاص. إذا تحب التكنولوجيا والبرمجة والماكينات المعقدة، الهندسة الطبية ليك. وإذا تحب الكيمياء، الصحة العامة، وتلوج على مهنة مستقرة في القطاع الصحي، الصيدلة أضمن.",native
opinions_recommendations,تنصحني بـ العمل كـ اختصاصي بيانات (محلل بيانات)؟,نعم وبشدة! البيانات هي 'نفط' القرن الواحد والعشرين. الشركات الكل توه تلوج على شكون يحلل لها الأرقام باش تاخذ قرارات صحيحة. الخدمة فيها برشة منطق، إحصاء، وشوية برمجة (بايتون/SQL)، وخلاصها من أعلى ما فما في السوق. هي مهنة المستقبل اللي تخليك تخدم في البنوك، شركات الاتصالات، ولا حتى فريلانس مع شركات برا.,native
opinions_recommendations,تنصحني بـ الاشتراك في قنوات تعليم اللغات المدفوعة؟,تستحق لو كنت تلوج على 'منهج' (Structure) ودروس مرتبة وتواصل مع أساتذة أصليين (Native Speakers). المنصات المدفوعة تخليك تلتزم أكثر خاطر دفع فلوسك. أما لو كنت منضبط، اليوتيوب والتطبيقات المجانية (كيف دوولينغو) فيهم كل شيء. الاشتراك المدفوع هو 'دفعة' قوية للي يحب يتعلم لغة في وقت قياسي وبطريقة احترافية.,native
opinions_recommendations,تنصحني بـ تعلم لغة البرمجة Ruby on Rails في 2026؟,رغم اللي هي مش 'ترند' كيف قبل، أما Ruby on Rails مازالت من أسرع اللغات باش تخرج مشروع (منتج أدنى قابل للتشغيل) للسوق. الشركات الناشئة (Startups) الكبرى مازالت تخدم بيها، وخلاص المبرمجين متاعها عالي خاطرهم 'نادرين'. إذا تحب لغة تخليك تبني تطبيقات ويب قوية ومنظمة بسرعة خيالية، هي خيار ممتاز، أما لو تلوج على أكثر لغة مطلوبة في تونس، الـ جافاسكريبت والـ بايتون يهربوا بيها.,native
opinions_recommendations,آما خير، الواحد يقرى تخدير وإنعاش ولا تصوير طبي (Radio)؟,"التخدير (تخدير) فيه مسؤولية كبيرة، تخدم في قلب بيت العمليات، وخلاصه ممتاز أما فيه ستريس قوي. التصوير الطبي (Radiologie) تخصص تقني، تخدم على ماكينات متطورة (رنين مغناطيسي, Scanner)، وخدمته أهدأ شوية ومطلوبة في كل المخابر. إذا تحب الأدرينالين والمسؤولية المباشرة على حياة المريض، التخدير. وإذا تلوج على الدقة التكنولوجية والجو التقني الهادي، الراديو أحسن.",native
opinions_recommendations,تنصحني بـ الاشتراك في تطبيقات تنظيم الوقت (نوشن/Todoist)؟,لو كنت تخدم فريلانس ولا طالب ولا عندك برشة مشاريع، الـ نوشن هو 'مخك الثاني'. يخليك تنظم حياتك، ملاحظاتك، ومشاريعك في بلاصة وحدة. تعلمه يطلب شوية وقت، أما كي تفهمه تولي إنتاجيتك مضاعفة. هو استثمار في 'عقلك' يخليك ما تنسى حتى تفصيل وتسيطر على نهارك بذكاء.,native
opinions_recommendations,تنصحني بـ تعلم لغة البرمجة Dart/فلاتر؟,نعم! فلاتر هي أحسن تكنولوجيا توه باش تعمل تطبيق يخدم على الأيفون والأندرويد بكود واحد. سريعة، التصميم فيها مهبول، ومطلوبة برشة في الشركات التونسية والعالمية. تعلمها يربحك الوقت ويخليك تخرج تطبيقات احترافية في وقت قياسي. هي 'الجوكر' متاع مبرمجي الموبايل توه.,native
opinions_recommendations,تنصحني بـ شراء قلاية هوائية (قلاية هوائية) حجم كبير؟,نعم، ديما خوذ الحجم الكبير (Double Basket ولا 5L فما فوق) حتى لو كنت وحدك. الحجم الكبير يخلي الهواء يدور أحسن والماكلة تجي 'مقرمشة' أكثر، وتنجم تطيب فيها دجاجة كاملة ولا كمية بطاطا تكفي العائلة. هي استثمار في صحتك ووقتك، والصغيرة ديما ترصيلك تطيب على مرتين وتفد. الحجم الكبير هو السر في نجاح القلي بالهواء.,native
opinions_recommendations,تنصحني بـ العمل كـ اختصاصي تسويق عبر المؤثرين (Influencer تسويق)؟,مهنة جديدة وقاعدة تطير. الشركات ما عادش تصدق الإشهارات، ولات تصدق 'المؤثرين'. دورك هو تختار الشخص المناسب للبراند المناسبة وتتبع النتائج. تطلب علاقات اجتماعية، فهم للأرقام، ومتابعة للسوشيال ميديا 24/24. إذا كنت 'حركي' وتعرف شكون 'اللي يطلع' في الأنترنت، تنجم تعمل منها فلوس كبار وعلاقات قوية.,native
opinions_recommendations,تنصحني بـ دراسة تصميم الألعاب (تصميم ألعاب) في تونس؟,تخصص ممتع وشبابي ببرشة. تونس بدات تظهر فيها استوديوهات ألعاب ناجحة، والخدمة 'فريلانس' مع شركات برا فيها آفاق كبيرة. تطلب إبداع في القصة، فهم للميكانيك، وشوية تقنية. إذا غرامك الألعاب وباش تبدع في عالم الخيال، هذا هو مجالك. النصيحة: طور بورتفوليو (Portfolio) قوي ومشاريع خاصة بك باش تفرض روحك في السوق العالمي.,native
opinions_recommendations,تنصحني بـ الاشتراك في قنوات تعليم الرياضة المدفوعة؟,تستحق لو كنت تلوج على برنامج 'شخصي' ومتابعة من مدرب محترف يصححلك حركاتك أونلاين. القنوات المجانية فيها كل شيء، أما 'المدفوعة' تعطيك انضباط (خاطر دفعت فلوسك) وبرنامج محسوب لجسمك وأهدافك. إذا عندك 'النية' باش تبدل بدنك بجدية وما عندكش وقت للـ جيم، هذا هو الحل العملي ليك.,native
opinions_recommendations,تنصحني بـ العمل كـ مدير مجتمعات (مسؤول صفحات)؟,مهنة تتطلب 'طول بال' وإبداع وحس فكاهة. أنت صوت البراند على السوشيال ميديا. لازمك تجاوب العباد، تعمل محتوى يشد العين، وتبع 'الترندات'. إذا كنت مغروم بالفيسبوك والتيك توك وتعرف كيفاش 'تخلي العباد تحكي'، تنجم تخدم مع برشة شركات وتخلص مبالغ محترمة. هي مهنة حركية وما فيهاش فدّان.,native
opinions_recommendations,تنصحني بـ تعلم لغة البرمجة C (سي)؟,هي 'اللغة الأم'. تعلمها يخليك تفهم كيفاش الميموري (Memory) تخدم وكيفاش الهاردوير يتواصل مع السوفتوير. صعبة، ناشفة، وما فيهاش دلال، أما اللي يتقنها يولي 'مهندس' بجد مش جوست 'كاتب كود'. هي أساسية لو تحب تخدم في الأنظمة المدمجة (أنظمة مدمجة) ولا محركات الألعاب. هي 'المدرسة القديمة' اللي تخرج الرجال.,native
opinions_recommendations,شنوة رايك في مشروع تصميم وصناعة الشموع المعطرة؟,مشروع 'شيك' ومطلوب برشة كأفراح وهدايا وديكور. مرابيحه باهية خاطر المادة الأولية (شمع الصويا، الزيوت) مش غالية برشة مقارنة بسوم البيع. النجاح يعتمد على 'الديزاين' والروائح الفريدة والـ بناء العلامة التجارية. إذا عندك لمسة فنية، تنجم تعمل براند 'لوكس' تتباع في أحسن المغازات وعبر الأنترنت. مشروع نظيف وفيه برشة إبداع.,native
opinions_recommendations,آما خير، الواحد يقرى هندسة طاقة متجددة ولا هندسة نفط؟,الطاقة المتجددة (طاقة متجددة) هي المستقبل المحتوم، تونس فيها شمس وريح خياليين، والشركات الكل ولات تلوج على حلول خضراء. هندسة النفط (Petroleum) تخصص 'كلاسيكي' وفيه فلوس كبار، أما مستقبله قاعد يقل مع التوجه العالمي للبيئة. إذا تلوج على 'الأمان' طويل الأمد والخدمة النظيفة، المتجددة. وإذا تلوج على الربح السريع في شركات الطاقة الكبرى، النفط مازال يقضي.,native
opinions_recommendations,آما خير، الواحد يقرى علم البيانات (علم البيانات) ولا إحصاء؟,علم البيانات هو دمج بين الإحصاء والبرمجة والذكاء الاصطناعي، وهو المهنة الأكثر طلباً وتطوراً في العالم توه. الإحصاء هو 'الأساس' العلمي والرياضي. إذا تحب تخدم في شركات التكنولوجيا الكبرى وتصنع موديلات تتوقع المستقبل، علم البيانات هو الملك. وإذا غرامك الرياضيات البحتة والبحث الأكاديمي، الإحصاء هو الأصل.,native
opinions_recommendations,آما خير، الواحد يشري ميكرويف (مايكرو ويف) ولا فرن كهربائي (Mini Four)؟,الميكرويف للسرعة؛ تسخن ماكلة في دقيقة، تذوب زبدة، ولا تعمل 'بوشار'. الفرن الكهربائي للطياب الحقيقي؛ يحمر الدجاج، يطيب الكيك، ويخلي الماكلة 'مقرمشة'. للناس المزروبة و'التسخين' اليومي، الميكرويف منقذ. للي يحب يطيب ويحمر ويحب 'بنة' الفرن، الميني فور أصدق. الزوز يكملوا بعضهم، أما الفرن 'أشمل' في الكوجينة.,native
